node_id,message_transmitter_id,message_id,timestamp_bit,timestamp_seconds,clock_offset(not_used)
1,1,0,212267063296,3.321988044871795,0.0
1,3,0,212996730553,3.3334073666773087,nan
1,1,1,214401348608,3.3553896955128204,0.0
1,3,1,215133504111,3.3668479584679236,nan
1,1,2,216536422912,3.3888036939102566,0.0
1,3,2,217265193010,3.4002089751414766,nan
1,1,3,217997851136,3.4116751041666666,0.0
1,3,3,218730557437,3.4231419871325373,nan
1,1,4,219464731136,3.4346318349358977,0.0
1,3,4,220196092854,3.4460776751239486,nan
1,1,5,220926112768,3.457502516025641,0.0
1,3,5,222328230261,3.47944571096567,nan
1,1,6,223059906560,3.4908964743589745,0.0
1,3,6,223793691441,3.502380237145057,nan
1,1,7,224526561792,3.5138496875,0.0
1,3,7,226603981026,3.546361381742037,nan
1,1,8,227333959168,3.5577855689102567,0.0
1,3,8,228063809711,3.5692077591490134,nan
1,1,9,228795584000,3.580660056089744,0.0
1,3,9,230201185401,3.6026577743295523,nan
1,1,10,231607637504,3.6246688060897436,0.0
1,3,10,232339202076,3.636117820951022,nan
1,1,11,233068569088,3.6475324439102565,0.0
1,3,11,234471097335,3.669482067166842,nan
1,1,12,235202633728,3.680930641025641,0.0
1,3,12,235936110006,3.69240957416241,nan
1,1,13,236669800448,3.7038918589743592,0.0
1,3,13,237400730983,3.715330951131185,nan
1,1,14,238131309056,3.72676452724359,0.0
1,3,14,239536774441,3.7487601168275493,nan
1,1,15,240943367168,3.7707733493589743,0.0
1,3,15,241673344743,3.782197527653621,nan
1,1,16,242404776960,3.793644471153846,0.0
1,3,16,243137788086,3.8051161246431793,nan
1,1,17,243871925248,3.8166054006410257,0.0
1,3,17,245279745620,3.8386378458658856,nan
1,1,18,246011927552,3.8500965224358974,0.0
1,3,18,246744302609,3.861558221419897,nan
1,1,19,247478983168,3.8730560016025644,0.0
1,3,19,248209009122,3.884480937030499,nan
1,1,20,248940289536,3.8959255048076926,0.0
1,3,20,250346137497,3.917927081721379,nan
1,1,21,251080116224,3.9294138782051284,0.0
1,3,21,251810925918,3.940851079195463,nan
1,1,22,252541907456,3.952290969551282,0.0
1,3,22,253270811958,3.963698354210487,nan
1,1,23,254003319808,3.9751621314102565,0.0
1,3,23,255408391403,3.997151558164939,nan
1,1,24,256142763520,4.008644511217949,0.0
1,3,24,256873116339,4.020074562096229,nan
1,1,25,257604413952,4.031519399038461,0.0
1,3,25,258333103781,4.042923424056616,nan
1,1,26,259066023936,4.054393653846154,0.0
1,3,26,260470372966,4.0763717724296376,nan
1,1,27,261200649216,4.087800625,0.0
1,3,27,261930109496,4.099216707607171,nan
1,1,28,262662707712,4.110681899038462,0.0
1,3,28,263394780679,4.122138870301858,nan
1,1,29,264124545536,4.1335597195512825,0.0
1,3,29,264853814252,4.144972804174179,nan
1,1,30,265586358272,4.156437147435898,0.0
1,3,30,266318867900,4.167900952461438,nan
1,1,31,267053751808,4.179401915064103,0.0
1,3,31,268455621507,4.2013412320181045,nan
1,1,32,269861223424,4.223338958333334,0.0
1,3,32,271264832823,4.245305501662035,nan
1,1,33,271995497472,4.2567404326923075,0.0
1,3,33,272724206371,4.268144756156726,nan
1,1,34,273456767488,4.27960936698718,0.0
1,3,34,274189329119,4.291073985861754,nan
1,1,35,274923328512,4.302561105769231,0.0
1,3,35,275654455978,4.314003279904097,nan
1,1,36,277057003008,4.335953197115384,0.0
1,3,36,277786543759,4.34737053909693,nan
1,1,37,278518029824,4.358818325320513,0.0
1,3,37,279924173911,4.380824536617964,nan
1,1,38,281330070016,4.40282686698718,0.0
1,3,38,282062480915,4.414289126899915,nan
1,1,39,282796819968,4.4257815625,0.0
1,3,39,283527872487,4.437222563711313,nan
1,1,40,284257714688,4.448644623397436,0.0
1,3,40,285660797366,4.470602923521384,nan
1,1,41,286390873088,4.4820286378205125,0.0
1,3,41,287121149838,4.4934574982158955,nan
1,1,42,287851900416,4.504893774038462,0.0
1,3,42,288581108599,4.516305911317483,nan
1,1,43,289985319424,4.538281866987179,0.0
1,3,43,290718446902,4.549755341389974,nan
1,1,44,291451730944,4.561231266025641,0.0
1,3,44,292855834867,4.583205548674755,nan
1,1,45,293590017024,4.594695528846154,0.0
1,3,45,294321518263,4.606143552543444,nan
1,1,46,295050458112,4.617551490384615,0.0
1,3,46,295781638813,4.628994497649364,nan
1,1,47,296511361024,4.640414679487179,0.0
1,3,47,297241780349,4.651845771187024,nan
1,1,48,298644501504,4.6737984134615385,0.0
1,3,48,299374258270,4.685219136086489,nan
1,1,49,300105482240,4.69666282051282,0.0
1,3,49,301506229826,4.7185845763534155,nan
1,1,50,302239380480,4.730058413461538,0.0
1,3,50,302971540986,4.741516754713793,nan
1,1,51,303706230784,4.75301467948718,0.0
1,3,51,304436709832,4.764446705854367,nan
1,1,52,305167277568,4.775880120192308,0.0
1,3,52,305896680374,4.787295303329077,nan
1,1,53,307300391424,4.8092634375,0.0
1,3,53,308033729911,4.8207402142020985,nan
1,1,54,308766846976,4.832213525641026,0.0
1,3,54,310170810160,4.854185605719151,nan
1,1,55,310900147200,4.865599759615384,0.0
1,3,55,312303020295,4.887554779756987,nan
1,1,56,313033902080,4.898993108974359,0.0
1,1,57,314479122944,4.921610873397436,0.0
1,3,57,315212330235,4.933085596876878,nan
1,1,58,315945999872,4.944567556089743,0.0
1,3,58,316677137596,4.95600989076272,nan
1,1,59,317407036416,4.967432836538461,0.0
1,3,59,318137086119,4.978858143639198,nan
1,1,60,318868343808,4.990302355769231,0.0
1,3,60,319597139071,5.001708030833709,nan
1,1,61,321002504704,5.023702059294872,0.0
1,3,61,321734968383,5.035165145216722,nan
1,1,62,322469472256,5.04666016025641,0.0
1,3,62,323200743939,5.058104591393104,nan
1,1,63,323931040256,5.06953375801282,0.0
1,3,63,324660772838,5.080954102157202,nan
1,1,64,325392759808,5.092409727564103,0.0
1,3,64,326798905252,5.114415960098658,nan
1,1,65,327532720128,5.125900192307692,0.0
1,3,65,328264409445,5.137351159433218,nan
1,1,66,328994456576,5.148776426282051,0.0
1,3,66,329724371766,5.160199628248948,nan
1,1,67,330455875072,5.1716476842948715,0.0
1,3,67,331184815385,5.1830556293976615,nan
1,1,68,331917592064,5.194523613782051,0.0
1,3,68,333323207374,5.2165215496982675,nan
1,1,69,334057112064,5.2280071875,0.0
1,3,69,334789026966,5.239461685039814,nan
1,1,70,335518517248,5.250878237179488,0.0
1,3,70,336249439350,5.2623171973595255,nan
1,1,71,336979650048,5.273745024038462,0.0
1,3,71,337710089803,5.285176435468625,nan
1,1,72,338441435136,5.296622019230769,0.0
1,3,72,339170207778,5.308027340275691,nan
1,1,73,339903374336,5.319501426282051,0.0
1,3,73,341307597293,5.341477571818034,nan
1,1,74,342037692416,5.3529035897435895,0.0
1,3,74,342767633352,5.364327194636418,nan
1,1,75,343499429888,5.37577983974359,0.0
1,3,75,344232994691,5.387260158300156,nan
1,1,76,344966601216,5.398741129807693,0.0
1,3,76,345698236745,5.410191255148863,nan
1,1,77,346427919872,5.421610825320513,0.0
1,3,77,347158633755,5.433046526864859,nan
1,1,78,347889148928,5.444479118589744,0.0
1,3,78,349291439353,5.466425019922501,nan
1,1,79,350023393792,5.477880136217949,0.0
1,3,79,350757646012,5.489371212878105,nan
1,1,80,351490200576,5.500835721153846,0.0
1,3,80,352224077939,5.512320931286935,nan
1,1,81,352957018624,5.523791482371795,0.0
1,3,81,353690140213,5.535264864611504,nan
1,1,82,354423841280,5.546747315705129,0.0
1,3,82,355155926528,5.558204479166667,nan
1,1,83,355890342912,5.569698125,0.0
1,3,83,356621824957,5.581145848310422,nan
1,1,84,357351135232,5.592559583333333,0.0
1,3,84,358754046359,5.614515198677259,nan
1,1,85,359484678144,5.625949615384616,0.0
1,3,85,360214663030,5.637373908096705,nan
1,1,86,360946007040,5.648819471153846,0.0
1,3,86,362347922231,5.670759500059471,nan
1,1,87,363079019008,5.682201193910257,0.0
1,3,87,363808232719,5.693613417702699,nan
1,1,88,364540502528,5.705073469551282,0.0
1,3,88,365273851088,5.7165504038962345,nan
1,1,89,366007160320,5.72802672275641,0.0
1,3,89,366739943063,5.7394948020426435,nan
1,1,90,367473715712,5.7509783733974364,0.0
1,3,90,368205507673,5.762430946905674,nan
1,1,91,369607208960,5.784367628205128,0.0
1,3,91,370337659435,5.7957992074037215,nan
1,1,92,371068459520,5.8072362580128205,0.0
1,3,92,371797372924,5.8186437819886825,nan
1,1,93,372529600000,5.830103165064103,0.0
1,3,93,373935246256,5.852101585286459,nan
1,1,94,374669012992,5.863585064102565,0.0
1,3,94,375401322872,5.875045743063902,nan
1,1,95,376135704064,5.886538838141026,0.0
1,3,95,376867110695,5.897985381219326,nan
1,1,96,377596836864,5.909405625,0.0
1,3,96,378327373566,5.9208385536545975,nan
1,1,97,379730316288,5.942794663461538,0.0
1,3,97,380459519693,5.954206725964669,nan
1,1,98,381190879744,5.965652540064103,0.0
1,3,98,381919915184,5.977061973908254,nan
1,1,99,382651855872,5.988516875,0.0
1,3,99,383386097770,6.000007790120443,nan
1,1,100,384118475776,6.011469535256411,0.0
1,3,100,384851802674,6.022946130590195,nan
1,1,101,385585168896,6.034423341346154,0.0
1,3,101,386990259154,6.056413060177534,nan
1,1,102,387723559936,6.067889246794872,0.0
1,3,102,388455775629,6.0793484517258864,nan
1,1,103,389190131200,6.090841145833333,0.0
1,3,103,389921366351,6.102285005242764,nan
1,1,104,391323046912,6.124221362179488,0.0
1,3,104,392053280546,6.135649547807742,nan
1,1,105,392783422464,6.147076298076923,0.0
1,3,105,393513212146,6.158497535838592,nan
1,1,106,394244107776,6.16993608173077,0.0
1,3,106,394973009103,6.181343416701097,nan
1,1,107,395705159168,6.192801594551282,0.0
1,3,107,396438142598,6.204272814597106,nan
1,1,108,397171515904,6.215750136217949,0.0
1,3,108,397903287361,6.227202388837766,nan
1,1,109,398632477696,6.238614246794872,0.0
1,3,109,400034573851,6.260557107794346,nan
1,1,110,400765300224,6.271993004807692,0.0
1,3,110,401494028793,6.283397636108399,nan
1,1,111,402226196480,6.29485608974359,0.0
1,3,111,402959094204,6.306325968487079,nan
1,1,112,403692543488,6.317804479166667,0.0
1,3,112,404424448369,6.329258819877429,nan
1,1,113,405158855168,6.340752315705128,0.0
1,3,113,405889425703,6.352185773847531,nan
1,1,114,407291625984,6.374130264423077,0.0
1,1,115,408682597376,6.395899022435898,0.0
1,3,114,409411069975,6.407299647795848,nan
1,1,116,410143302144,6.418759110576923,0.0
1,3,115,410875829205,6.430223188429612,nan
1,1,117,412281744896,6.452225825320513,0.0
1,3,116,413012820356,6.4636671855593955,nan
1,1,118,413741901312,6.47507733173077,0.0
1,3,117,414472276335,6.486507730102539,nan
1,1,119,415202039808,6.497928557692308,0.0
1,3,118,415932289833,6.50935699984037,nan
1,1,120,416662467584,6.520784310897436,0.0
1,3,119,417392572173,6.532210476966271,nan
1,1,121,418123248128,6.543645584935898,0.0
1,3,120,419524766943,6.5655794105412415,nan
1,1,122,420256902144,6.577037355769231,0.0
1,3,121,420989699738,6.588505667474209,nan
1,1,123,421723673088,6.599992379807692,0.0
1,3,122,422454588004,6.611431227526543,nan
1,1,124,423184528384,6.622854823717949,0.0
1,3,123,423913971257,6.634270633904873,nan
1,1,125,424645282304,6.645715681089744,0.0
1,3,124,426055693270,6.667788669214493,nan
1,1,126,426789688832,6.679275729166667,0.0
1,3,125,427520437141,6.690711969479292,nan
1,1,127,428251117056,6.702147139423077,0.0
1,3,126,428979707251,6.71354960516514,nan
1,1,128,429712049664,6.725010793269231,0.0
1,3,127,430444971306,6.736481046330379,nan
1,1,129,431178754560,6.747964783653846,0.0
1,3,128,431910476521,6.75941626165928,nan
1,1,130,432639634432,6.770827612179487,0.0
1,3,129,433370146495,6.7822601552327475,nan
1,1,131,434773247488,6.80421874198718,0.0
1,3,130,435502202515,6.815626917364659,nan
1,1,132,436234334720,6.8270848157051285,0.0
1,3,131,436968225369,6.838570233764648,nan
1,1,133,437700768256,6.850034559294872,0.0
1,3,132,438434039815,6.861510288571089,nan
1,1,134,439840064512,6.883514631410256,0.0
1,3,133,440572371900,6.8949752713716945,nan
1,1,135,441301695488,6.90638921474359,0.0
1,3,134,442032380315,6.917824461560372,nan
1,1,136,442762850304,6.929256346153847,0.0
1,3,135,443492352871,6.940673090554262,nan
1,1,137,444223755776,6.952119575320513,0.0
1,3,136,444952548666,6.963525213247446,nan
1,1,138,445684783104,6.974984711538462,0.0
1,3,137,447090049270,6.99697718333709,nan
1,1,139,447823959552,7.008462908653846,0.0
1,3,138,448555863213,7.01991723027156,nan
1,1,140,449957150208,7.0418474278846155,0.0
1,3,139,450688411259,7.053291692630084,nan
1,1,141,451418208768,7.064713052884615,0.0
1,3,140,452148158552,7.076136796248998,nan
1,1,142,452879403520,7.087580809294872,0.0
1,3,141,453607978029,7.098983029550406,nan
1,1,143,454340320768,7.110444222756411,0.0
1,3,142,455745840097,7.132440656566131,nan
1,3,143,457135720191,7.15419233572153,nan
1,1,144,457866639872,7.16563125801282,0.0
1,3,144,458595393224,7.17703627716847,nan
1,1,145,460000195072,7.199021482371795,0.0
1,3,145,460732324989,7.210479344904973,nan
1,1,146,461466625024,7.221971169871795,0.0
1,3,146,462196804673,7.233398510632638,nan
1,1,147,462927130112,7.24482813301282,0.0
1,3,147,463656239130,7.256238718355619,nan
1,1,148,464387787776,7.267687483974359,0.0
1,3,148,465120940503,7.279161353525015,nan
1,1,149,465854173184,7.290636474358974,0.0
1,3,149,466585730967,7.30208538297213,nan
1,1,150,467315226624,7.31350201923077,0.0
1,3,150,468722153279,7.335520477748773,nan
1,1,151,469453439488,7.346965136217949,0.0
1,3,151,470187090175,7.3584467988625555,nan
1,1,152,470920096256,7.369918373397436,0.0
1,3,152,471651501759,7.381364898822492,nan
1,1,153,472381528576,7.3927898477564105,0.0
1,3,153,473111228055,7.404209673837515,nan
1,1,154,473842867712,7.415659863782052,0.0
1,3,154,474576352844,7.427138935484275,nan
1,1,155,475982408704,7.449143766025641,0.0
1,3,155,476713651699,7.460587748193985,nan
1,1,156,477443693568,7.472012932692308,0.0
1,3,156,478172972498,7.483426177164714,nan
1,1,157,478905010176,7.494882596153847,0.0
1,3,157,479638396301,7.5063601183925535,nan
1,1,158,480371553792,7.5178340625,0.0
1,3,158,481103597879,7.52929058179024,nan
1,1,159,481832942080,7.540704847756411,0.0
1,3,159,483235310837,7.562651974988106,nan
1,1,160,483966003712,7.574087347756411,0.0
1,3,160,484694825676,7.585493440692608,nan
1,1,161,485426810880,7.596949038461538,0.0
1,3,161,486159661704,7.6084181832181494,nan
1,1,162,486893220352,7.619898405448718,0.0
1,3,162,487625088570,7.631352172382061,nan
1,1,163,488354222080,7.642763141025641,0.0
1,3,163,489084775431,7.654196330237756,nan
1,1,164,489815058944,7.665625296474359,0.0
1,3,164,491216501707,7.687557931862856,nan
1,1,165,491948734976,7.699017411858975,0.0
1,3,165,492681904517,7.710491544549404,nan
1,1,166,493415393792,7.7219706810897435,0.0
1,3,166,494147049268,7.733421118602264,nan
1,1,167,494876649984,7.744839399038462,0.0
1,3,167,495606536965,7.756262159533379,nan
1,1,168,496337888256,7.767707836538462,0.0
1,3,168,497071308989,7.779185900393755,nan
1,1,169,498477529600,7.801193309294872,0.0
1,3,169,499208397409,7.812631419787285,nan
1,1,170,499938671104,7.824060232371795,0.0
1,3,170,500668296760,7.835478903119992,nan
1,1,171,501399970304,7.846929623397436,0.0
1,3,171,502133680105,7.858412211178511,nan
1,1,172,502866812928,7.86988576923077,0.0
1,3,172,504275236723,7.891927658049755,nan
1,1,173,505006455296,7.903371258012821,0.0
1,3,173,505739615535,7.914845245126577,nan
1,1,174,506473172992,7.926325448717949,0.0
1,3,174,507204142822,7.937765155843099,nan
1,1,175,507934329856,7.949192612179488,0.0
1,3,175,508663596728,7.96060566794371,nan
1,1,176,509395860480,7.972065625,0.0
1,3,176,510800799830,7.994052982115134,nan
1,1,177,511530145792,8.005467275641026,0.0
1,3,177,512260359207,8.01689514484112,nan
1,1,178,512991769600,8.028341746794872,0.0
1,3,178,513725107163,8.039818509036333,nan
1,1,179,514458997248,8.05130391826923,0.0
1,3,179,515189350284,8.06273397254357,nan
1,1,180,515920212992,8.074172003205128,0.0
1,3,180,516648956247,8.085576864342324,nan
1,1,181,518053617152,8.107559863782052,0.0
1,3,181,518785757952,8.119017896634615,nan
1,1,182,520192876032,8.141039350961538,0.0
1,3,182,520924068510,8.15248254253681,nan
1,1,183,521653986304,8.16390578525641,0.0
1,3,183,522384059494,8.175331459929637,nan
1,1,184,523115624448,8.186780480769231,0.0
1,3,184,523849356316,8.19826341389974,nan
1,1,185,524582418432,8.209735865384616,0.0
1,3,185,525314416079,8.221191657886994,nan
1,1,186,526048918016,8.232686642628206,0.0
1,3,186,527451693937,8.254640141992814,nan
1,1,187,528182856704,8.266082868589743,0.0
1,3,187,528911521589,8.277486503233298,nan
1,1,188,529643827712,8.288947123397437,0.0
1,3,188,530376761058,8.300417559626652,nan
1,1,189,531110141440,8.31189499198718,0.0
1,3,189,531842107547,8.323350290887294,nan
1,1,190,532576730624,8.33484717147436,0.0
1,3,190,533979575356,8.356801747733874,nan
1,1,191,534710695424,8.368243806089744,0.0
1,3,191,535439685637,8.379652532129532,nan
1,1,192,536171855872,8.391111025641026,0.0
1,3,192,536904909224,8.40258333996895,nan
1,1,193,537638514176,8.414064286858975,0.0
1,3,193,539042077005,8.43603010136531,nan
1,1,194,539771998208,8.447453397435897,0.0
1,3,194,540502189850,8.458880925887671,nan
1,1,195,541232668160,8.470312940705128,0.0
1,3,195,541962054888,8.481727872220553,nan
1,1,196,542693648384,8.49317733974359,0.0
1,3,196,543427123346,8.504656252284907,nan
1,1,197,544159772160,8.516122235576923,0.0
1,3,197,544892414529,8.527588118004433,nan
1,1,198,546298990080,8.549601081730769,0.0
1,3,198,547030038495,8.561042018714318,nan
1,1,199,547760177152,8.572468717948718,0.0
1,3,199,548489776042,8.583886969807942,nan
1,1,200,549221895168,8.595344663461539,0.0
1,3,200,549955206485,8.606821014952049,nan
1,1,201,550688974848,8.618304519230769,0.0
1,3,201,552092738793,8.640273481210562,nan
1,1,202,552823139328,8.651704278846154,0.0
1,3,202,553552323249,8.663116036423904,nan
1,1,203,554284578304,8.674575857371796,0.0
1,3,203,555017725543,8.686049641035032,nan
1,1,204,555751922176,8.69753984775641,0.0
1,3,204,556482488357,8.708973237758538,nan
1,1,205,557213428224,8.720412475961538,0.0
1,3,205,557941806557,8.731811626054814,nan
1,1,206,559347802112,8.753815512820513,0.0
1,3,206,560079333751,8.765264012279022,nan
1,1,207,560809503232,8.776691193910256,0.0
1,3,207,561539197763,8.788110942554964,nan
1,1,208,562271221248,8.799567139423077,0.0
1,3,208,563004277477,8.811039498776168,nan
1,1,209,563738255360,8.822526282051282,0.0
1,3,209,564469618339,8.833972141974034,nan
1,1,210,565200266240,8.845406810897437,0.0
1,3,210,565929519197,8.856819648891351,nan
1,1,211,567334334464,8.878805064102565,0.0
1,3,211,568066701812,8.890266642440405,nan
1,1,212,568801201664,8.901761594551282,0.0
1,3,212,569531753378,8.91319475814428,nan
1,1,213,570262761984,8.924635072115384,0.0
1,3,213,570991575411,8.936041031447191,nan
1,1,214,572397313536,8.958040889423078,0.0
1,3,214,573128680715,8.969486815075998,nan
1,1,215,573858801152,8.980913229166667,0.0
1,3,215,574588340947,8.992330556186774,nan
1,1,216,575320776704,9.003793205128206,0.0
1,3,216,576053442167,9.015259448977739,nan
1,1,217,576787523584,9.026747852564103,0.0
1,3,217,578191247371,9.048716186069587,nan
1,1,218,578921795072,9.060149286858975,0.0
1,3,218,580323512256,9.082086216947115,nan
1,1,219,581056014848,9.093549911858975,0.0
1,3,219,581789323103,9.105026215429062,nan
1,1,220,582523243520,9.116512099358975,0.0
1,3,220,583254949130,9.127963321470602,nan
1,1,221,583984656896,9.13938327724359,0.0
1,3,221,584715053773,9.150814017631335,nan
1,1,222,585446258176,9.162257395833334,0.0
1,3,222,586175628937,9.173672077464568,nan
1,1,223,586907681792,9.18512873397436,0.0
1,3,223,587641752611,9.196616971701598,nan
1,1,224,589047405056,9.218615488782051,0.0
1,3,224,589780197824,9.230083724959936,nan
1,1,225,590514287616,9.241572259615385,0.0
1,3,225,591246156638,9.25302603913136,nan
1,1,226,591975387136,9.264438525641026,0.0
1,3,226,592706153252,9.275875044633915,nan
1,1,227,593436633088,9.287307083333333,0.0
1,3,227,594165856477,9.298719458586865,nan
1,1,228,594897966592,9.310177011217949,0.0
1,3,228,595630695046,9.321644240879158,nan
1,1,229,597037072896,9.343654110576923,0.0
1,3,229,597767689771,9.355088293942183,nan
1,1,230,598498090496,9.366519094551283,0.0
1,3,230,599226876914,9.377924631191156,nan
1,1,231,600631581184,9.399908309294872,0.0
1,3,231,601364563817,9.411379516867614,nan
1,1,232,602098577920,9.42286686698718,0.0
1,3,232,602830269725,9.434317873050006,nan
1,1,233,603559809024,9.445735192307692,0.0
1,3,233,604290556120,9.45717141363682,nan
1,1,234,605021015040,9.468603125,0.0
1,3,234,605750914199,9.480026076081105,nan
1,1,235,606482111488,9.491469342948719,0.0
1,3,235,607211299420,9.502881163298778,nan
1,1,236,608616088064,9.524866161858975,0.0
1,3,236,609348891615,9.536334566791242,nan
1,1,237,610082787840,9.547820072115385,0.0
1,3,237,610813746570,9.55925960552509,nan
1,1,238,611543713280,9.570683613782052,0.0
1,3,238,612273768265,9.5821090035463,nan
1,1,239,613005248512,9.593556698717949,0.0
1,3,239,613738779373,9.605036486080854,nan
1,1,240,614471838208,9.616508886217948,0.0
1,3,240,615203846307,9.627964842294547,nan
1,1,241,615932990464,9.639375977564104,0.0
1,3,241,617335425601,9.661324143645459,nan
1,1,242,618067269632,9.672777532051283,0.0
1,3,242,618800910324,9.684259038273739,nan
1,1,243,619534547456,9.695740488782052,0.0
1,3,243,620938783090,9.717716832713592,nan
1,1,244,621669013504,9.729144967948718,0.0
1,3,244,622398786860,9.740565950207833,nan
1,1,245,623130288128,9.752013974358974,0.0
1,3,245,623859316450,9.76342329680614,nan
1,1,246,624591326208,9.774879278846154,0.0
1,3,246,625325178012,9.786364088979868,nan
1,1,247,626730630144,9.808359471153846,0.0
1,3,247,627463245849,9.819824936288688,nan
1,1,248,628197391872,9.831314350961538,0.0
1,3,248,629601814963,9.85329362860264,nan
1,1,249,630331931648,9.864719983974359,0.0
1,3,249,631062063963,9.876146583956205,nan
1,1,250,631793358336,9.887591370192307,0.0
1,3,250,632522328355,9.898999780195188,nan
1,1,251,633254644736,9.910460560897436,0.0
1,3,251,633988587198,9.921946789832482,nan
1,1,252,634721625088,9.933418862179488,0.0
1,3,252,635454734438,9.944892052878355,nan
1,1,253,636188199936,9.956370817307693,0.0
1,3,253,636921014788,9.967839399101061,nan
1,1,254,638327178752,9.989845921474359,0.0
1,3,254,639059633547,10.001308868361253,nan
1,1,255,639793755648,10.012797908653846,0.0
1,3,255,640525875509,10.024255613810222,nan
1,1,256,641260210176,10.035747980769232,0.0
1,3,256,642664286381,10.057721829630534,nan
1,1,257,643393637376,10.069136201923078,0.0
1,3,257,644124157556,10.080568872007712,nan
1,1,258,644854854144,10.092004302884616,0.0
1,3,258,645584133685,10.103417556919196,nan
1,1,259,646315865600,10.114869190705129,0.0
1,3,259,647049339364,10.126348084497696,nan
1,1,260,647782853120,10.137827604166667,0.0
1,3,260,648514149767,10.149272425990961,nan
1,1,261,649244384256,10.160700625,0.0
1,3,261,649973706562,10.172114548308544,nan
1,1,262,651378522624,10.194099975961539,0.0
1,3,262,652110733529,10.20555910596016,nan
1,1,263,652839929856,10.216971057692309,0.0
1,3,263,653570742421,10.228408303613907,nan
1,1,264,654301461504,10.239844086538461,0.0
1,3,264,655030770268,10.251257797914162,nan
1,1,265,655762736640,10.26271310096154,0.0
1,3,265,656495869437,10.274186658606896,nan
1,1,266,657229392384,10.285666322115384,0.0
1,3,266,657960548258,10.297108940836589,nan
1,1,267,659363057664,10.31905826923077,0.0
1,3,267,660092154716,10.330468667305189,nan
1,1,268,660824203776,10.341925264423077,0.0
1,3,268,661557161724,10.35339608567458,nan
1,1,269,662290810880,10.364877724358974,0.0
1,3,269,663022196904,10.3763239449369,nan
1,1,270,663752011264,10.387745568910256,0.0
1,3,270,664481479283,10.399161772633088,nan
1,1,271,665886375424,10.42114845352564,0.0
1,3,271,666618350079,10.4326038862023,nan
1,1,272,667347767296,10.444019294871795,0.0
1,3,272,668078148539,10.455449790586814,nan
1,1,273,668808685056,10.466882716346154,0.0
1,3,273,669538221434,10.478299989890074,nan
1,1,274,670269602304,10.489746129807692,0.0
1,3,274,671003325221,10.501228922854693,nan
1,1,275,672408610816,10.523221698717949,0.0
1,3,275,673140468397,10.534675299181815,nan
1,1,276,673869706752,10.546087908653847,0.0
1,3,276,674600365691,10.557522750322391,nan
1,1,277,675330626560,10.568951362179487,0.0
1,3,277,676059895866,10.580364456035907,nan
1,1,278,676791887872,10.591820160256411,0.0
1,3,278,678201426359,10.613879494049854,nan
1,1,279,678931068928,10.625298429487179,0.0
1,3,279,679660655473,10.63671648814666,nan
1,1,280,680392335360,10.648167307692308,0.0
1,3,280,681802509046,10.670236582375551,nan
1,1,281,682531911168,10.681651754807692,0.0
1,3,281,683262139051,10.693079850432568,nan
1,1,282,683993375232,10.704523725961538,0.0
1,3,282,684722027113,10.715927157091972,nan
1,1,283,685455159808,10.727400713141027,0.0
1,3,283,686187240985,10.73885781289125,nan
1,1,284,686916568064,10.750271810897436,0.0
1,3,284,688319346109,10.772225343502729,nan
1,1,285,689050925056,10.783674583333333,0.0
1,3,285,689785164130,10.795165454258063,nan
1,1,286,690517683712,10.806629415064103,0.0
1,3,286,691923018979,10.828622968296148,nan
1,1,287,692657430528,10.840116538461539,0.0
1,3,287,693388293275,10.851554569733448,nan
1,1,288,694119228928,10.86299374198718,0.0
1,3,288,694848123480,10.874400970928486,nan
1,1,289,695580798976,10.885867371794872,0.0
1,3,289,696313716735,10.897337564086914,nan
1,1,290,697048194048,10.908832163461538,0.0
1,3,290,697779001775,10.920269333668244,nan
1,1,291,699182541824,10.942234791666667,0.0
1,3,291,699916479792,10.953720950270434,nan
1,1,292,700649652224,10.965195128205128,0.0
1,3,292,702053382859,10.987163568882087,nan
1,1,293,702784697856,10.998608677884615,0.0
1,3,293,703513197204,11.010009721867489,nan
1,1,294,704247005696,11.021493854166668,0.0
1,3,294,704978093112,11.032935401517427,nan
1,1,295,705709057536,11.044375024038462,0.0
1,3,295,706438048754,11.055783765806542,nan
1,1,296,707844356608,11.077792540064102,0.0
1,3,296,708574621585,11.089221216211564,nan
1,1,297,709306061312,11.10066827724359,0.0
1,3,297,710039150392,11.112141150716146,nan
1,1,298,710772866560,11.123623838141025,0.0
1,3,298,711503748840,11.135062175105169,nan
1,1,299,712234245632,11.146494479166668,0.0
1,3,299,713640483452,11.168502157389323,nan
1,1,300,714373762048,11.179977996794872,0.0
1,3,300,715105413673,11.191428374039088,nan
1,1,301,715834593792,11.202840072115386,0.0
1,3,301,716565009894,11.214271113375151,nan
1,1,302,717295590912,11.225704735576924,0.0
1,3,302,718024317364,11.237109333746496,nan
1,1,303,718756914176,11.248574503205129,0.0
1,3,303,719489354575,11.260037224794045,nan
1,1,304,720896612352,11.282060865384615,0.0
1,3,304,721626609373,11.293485348009941,nan
1,1,305,722357995008,11.3049315625,0.0
1,3,305,723086463135,11.316332117872973,nan
1,1,306,723819366912,11.327802091346154,0.0
1,3,306,724551784027,11.339264448539538,nan
1,1,307,725286399488,11.350761209935898,0.0
1,3,307,726017484279,11.362202716205303,nan
1,1,308,726747865088,11.373633205128206,0.0
1,3,308,727478002100,11.38505987861829,nan
1,1,309,728881992704,11.407032387820513,0.0
1,3,309,729615964996,11.418519083596255,nan
1,1,310,730348820480,11.429988301282052,0.0
1,3,310,731081601265,11.441456349925506,nan
1,1,311,731815882240,11.452947876602565,0.0
1,3,311,732547498654,11.46439770279322,nan
1,1,312,733277444608,11.47582138621795,0.0
1,3,312,734008094808,11.487256091120793,nan
1,1,313,734739175936,11.498697540064104,0.0
1,3,313,735468707349,11.510114735905574,nan
1,1,314,736200565760,11.521568349358974,0.0
1,3,314,737606613927,11.543573059504583,nan
1,1,315,738340653056,11.555060801282051,0.0
1,3,315,739072340293,11.566511735855494,nan
1,1,316,739802606080,11.577940424679488,0.0
1,3,316,740532417284,11.58936199926132,nan
1,1,317,741264270848,11.600815536858974,0.0
1,3,317,742669731996,11.622811060133714,nan
1,1,318,743404130816,11.634304431089744,0.0
1,3,318,744135174718,11.645745297444662,nan
1,1,319,744865406976,11.657173461538461,0.0
1,3,319,745595474428,11.668599046411758,nan
1,1,320,746327187456,11.680050384615384,0.0
1,3,320,747056363958,11.691462026085487,nan
1,1,321,747788847104,11.702925416666668,0.0
1,3,321,749194556223,11.724924820697492,nan
1,1,322,749928181760,11.736406089743591,0.0
1,3,322,750660093676,11.747860540552384,nan
1,1,323,751389641216,11.75927798878205,0.0
1,3,323,752119990446,11.770707983492338,nan
1,1,324,752850932224,11.782147251602565,0.0
1,3,324,753579597427,11.793550891222832,nan
1,1,325,754312254976,11.805017011217949,0.0
1,3,325,755045467668,11.816491819223257,nan
1,1,326,755779129856,11.827973661858975,0.0
1,3,326,757183845286,11.849957514617138,nan
1,1,327,757913555456,11.86137750801282,0.0
1,3,327,758644354908,11.872814548715445,nan
1,1,328,760048296448,11.894786290064102,0.0
1,3,328,760782529248,11.90627706280048,nan
1,1,329,761515077632,11.917741474358975,0.0
1,3,329,762248606869,11.929221236306216,nan
1,1,330,762982343680,11.940704246794873,0.0
1,3,330,763714486837,11.952162316534581,nan
1,1,331,764443868160,11.963577163461538,0.0
1,3,331,765174857203,11.975017171270908,nan
1,1,332,765905679872,11.986454575320513,0.0
1,3,332,766634876857,11.997866537350387,nan
1,1,333,768040193024,12.019859791666667,0.0
1,3,333,768773473083,12.031335653968224,nan
1,1,334,769507188224,12.042818325320512,0.0
1,3,334,770240220909,12.05429031620906,nan
1,1,335,771646936064,12.07630546474359,0.0
1,3,335,772379967098,12.08777742979392,nan
1,3,336,772428136350,12.088531280517579,nan
1,1,336,773167017472,12.100094799679487,0.0
1,3,337,773896161061,12.111505926059822,nan
1,1,337,774628622848,12.122968982371795,0.0
1,3,338,775361584339,12.13443985907139,nan
1,1,338,776095568384,12.145926738782052,0.0
1,3,339,776827237496,12.157377389698517,nan
1,1,339,777556851712,12.168795881410256,0.0
1,3,340,778958930477,12.190738470255534,nan
1,1,340,779691145728,12.202197668269232,0.0
1,3,341,780424530388,12.213675167580629,nan
1,1,341,781158307840,12.225158814102565,0.0
1,3,342,781890290547,12.236614372793344,nan
1,1,342,782619875328,12.248032403846155,0.0
1,3,343,783350910758,12.259473137613933,nan
1,1,343,784081640960,12.270909094551282,0.0
1,3,344,784811437292,12.282330436385717,nan
1,1,344,785543158784,12.293781907051283,0.0
1,3,345,786949856900,12.31579678892478,nan
1,1,345,787683815936,12.32728327724359,0.0
1,3,346,788415812132,12.33873904703776,nan
1,1,346,789145718272,12.350162107371796,0.0
1,3,347,789876074467,12.361592211084611,nan
1,1,347,790607268864,12.373035432692308,0.0
1,3,348,791336045478,12.38444081589919,nan
1,1,348,792741294080,12.406433012820512,0.0
1,3,349,793474162993,12.417902440670698,nan
1,1,349,794208164352,12.429389591346155,0.0
1,3,350,794940252896,12.440846806390224,nan
1,1,350,795674789888,12.45234233974359,0.0
1,3,351,796405997191,12.463785763330705,nan
1,1,351,797136243200,12.475214142628205,0.0
1,3,352,797866684990,12.486645585906201,nan
1,1,352,798598132224,12.498092764423077,0.0
1,3,353,799327614452,12.509509190517328,nan
1,1,353,800059936768,12.520970064102565,0.0
1,3,354,801466460549,12.542982217626328,nan
1,1,354,802199666688,12.554456923076923,0.0
1,3,355,802932808473,12.56593062138484,nan
1,1,355,803666731520,12.577416546474359,0.0
1,3,356,804398700232,12.58887188614283,nan
1,1,356,805128013312,12.600285665064103,0.0
1,3,357,805858924176,12.61172444936899,nan
1,1,357,806589393408,12.623156322115385,0.0
1,3,358,807991019065,12.645091819802309,nan
1,1,358,808723979776,12.656562684294872,0.0
1,3,359,809457158625,12.668036962655874,nan
1,1,359,810190897152,12.67952,0.0
1,3,360,811595433305,12.70150104706593,nan
1,1,360,812324789248,12.712915496794873,0.0
1,3,361,813056001834,12.724359003061148,nan
1,1,361,813786362368,12.735789174679487,0.0
1,3,362,814516434146,12.747214827254858,nan
1,1,362,815247816192,12.758660985576924,0.0
1,3,363,815976606884,12.770066589105069,nan
1,1,363,816709800960,12.78154110576923,0.0
1,3,364,817442143299,12.79300229271522,nan
1,1,364,818849737216,12.815031193910256,0.0
1,3,365,819579775960,12.826456329502204,nan
1,1,365,820311446016,12.837906995192307,0.0
1,3,366,821045888374,12.849401047519782,nan
1,1,366,821778478080,12.860866105769231,0.0
1,3,367,822512136985,12.872347897025866,nan
1,1,367,823245278208,12.883821586538462,0.0
1,3,368,823978200758,12.895291853809846,nan
1,1,368,824712169984,12.906778501602565,0.0
1,3,369,825444496471,12.918239440464118,nan
1,1,369,826178943488,12.929733565705128,0.0
1,3,370,827583142365,12.951709334388147,nan
1,1,370,828312990720,12.963131490384615,0.0
1,3,371,829043338648,12.97456146471855,nan
1,1,371,829774682112,12.986007019230769,0.0
1,3,372,831175229252,13.007925638083433,nan
1,1,372,831909017088,13.019409447115384,0.0
1,3,373,832640541935,13.030857840278822,nan
1,1,373,833370685440,13.042284615384617,0.0
1,3,374,834100414111,13.05370489832169,nan
1,1,374,834832094720,13.065155729166667,0.0
1,3,375,835566097475,13.07664290168958,nan
1,1,375,836298609152,13.088106738782052,0.0
1,3,376,837030982131,13.099568405245268,nan
1,1,376,838438372352,13.121594118589744,0.0
1,3,377,839168630131,13.133022682088216,nan
1,1,377,839899986432,13.1444684375,0.0
1,3,378,840628893983,13.155875869876176,nan
1,1,378,841361602560,13.16734278846154,0.0
1,3,379,842094941385,13.178819570453351,nan
1,1,379,842828779520,13.190304166666667,0.0
1,3,380,843560509033,13.201755762861204,nan
1,1,380,844290409472,13.21317873397436,0.0
1,3,381,845020459046,13.22460403905624,nan
1,1,381,846424332800,13.246574719551283,0.0
1,3,382,847158315944,13.258061585161258,nan
1,1,382,847890863616,13.269525985576923,0.0
1,3,383,848624285007,13.281004059729943,nan
1,1,383,849357690880,13.292481891025641,0.0
1,3,384,850090270946,13.303946798408704,nan
1,1,384,851496961024,13.32596155448718,0.0
1,3,385,852228522097,13.337410514588967,nan
1,1,385,852958391296,13.348832996794872,0.0
1,3,386,853688708665,13.360262492879231,nan
1,1,386,854420231680,13.371710857371795,0.0
1,3,387,855154184145,13.383197242854193,nan
1,1,387,855887442944,13.394672772435898,0.0
1,3,388,856619393903,13.406127834269206,nan
1,1,388,857349253120,13.417550160256411,0.0
1,3,389,858751402251,13.439493850332408,nan
1,1,389,859483618304,13.450953060897437,0.0
1,3,390,860216873134,13.462428528364134,nan
1,1,390,860950832640,13.473915024038462,0.0
1,3,391,861681849417,13.485355465886043,nan
1,1,391,862412101120,13.496783934294871,0.0
1,3,392,863141238789,13.508194968026968,nan
1,1,392,863873585152,13.519656217948718,0.0
1,3,393,864606645165,13.53112863652156,nan
1,1,393,866013534208,13.553146506410258,0.0
1,3,394,866744326961,13.564583442273262,nan
1,1,394,867474877440,13.576016586538461,0.0
1,3,395,868204934369,13.587442006726388,nan
1,1,395,868935935488,13.598882203525642,0.0
1,3,396,869665172642,13.610294794201973,nan
1,1,396,870397131776,13.62174998397436,0.0
1,3,397,871130662974,13.633229776611328,nan
1,1,397,872536489472,13.655231017628205,0.0
1,3,398,873267828686,13.666676505627755,nan
1,1,398,873997965824,13.678103181089744,0.0
1,3,399,874727651719,13.689522794580704,nan
1,1,399,875459268608,13.700972628205129,0.0
1,3,400,876193074982,13.712456727357523,nan
1,1,400,876926020096,13.72392734775641,0.0
1,3,401,877658384578,13.735388881241237,nan
1,1,401,878392720896,13.746881274038461,0.0
1,3,402,879799798844,13.768902100297977,nan
1,1,402,880531684864,13.780356145833334,0.0
1,3,403,881264586728,13.791826089367989,nan
1,1,403,881998340096,13.80330935897436,0.0
1,3,404,882729694081,13.814755078140651,nan
1,1,404,883459153920,13.826171153846154,0.0
1,3,405,884189310270,13.837598129976714,nan
1,1,405,884920240128,13.849037211538462,0.0
1,3,406,885649558258,13.860451069492438,nan
1,1,406,886381656064,13.87190842948718,0.0
1,3,407,887786937478,13.893901139917618,nan
1,1,407,888520634880,13.905383533653847,0.0
1,3,408,889252349493,13.916834896662786,nan
1,1,408,889981595136,13.928247620192309,0.0
1,3,409,890712097764,13.93968001558744,nan
1,1,409,891443197952,13.951121762820513,0.0
1,3,410,892171751337,13.9625236524846,nan
1,1,410,892904937984,13.973998052884616,0.0
1,3,411,893637165891,13.985457448965219,nan
1,1,411,894372042240,13.99695829326923,0.0
1,3,412,895102829286,14.008395139817459,nan
1,1,412,896506191872,14.03035782051282,0.0
1,3,413,897240281203,14.041846347953602,nan
1,1,413,897973009408,14.053313573717949,0.0
1,3,414,898705962513,14.064784319176308,nan
1,1,414,899439978496,14.07627169871795,0.0
1,3,415,900171721125,14.087723500178411,nan
1,1,415,901573730304,14.109665,0.0
1,3,416,902304847686,14.121107016319861,nan
1,1,416,903035199488,14.132537051282052,0.0
1,3,417,903765825275,14.143971374120468,nan
1,1,417,904496061440,14.155399599358974,0.0
1,3,418,905226465447,14.166830451331506,nan
1,1,418,905957567488,14.178272227564102,0.0
1,3,419,906686757491,14.189684080325396,nan
1,1,419,907418363904,14.20113375,0.0
1,3,420,908152580108,14.212624263008314,nan
1,1,420,909557410816,14.234609919871795,0.0
1,3,421,910290115472,14.24607677709335,nan
1,1,421,911024508416,14.257570056089744,0.0
1,3,422,911755227441,14.269005838106596,nan
1,1,422,912486060544,14.280443405448718,0.0
1,3,423,913214771427,14.291847759962815,nan
1,1,423,913947552768,14.303315817307693,0.0
1,3,424,914679634572,14.314772926870493,nan
1,1,424,915414071296,14.326266891025641,0.0
1,3,425,916145450034,14.337712997577373,nan
1,1,425,917548212736,14.359666290064103,0.0
1,3,426,918277612484,14.37108142534305,nan
1,1,426,919009079296,14.382528910256411,0.0
1,3,427,919737746798,14.39393258585612,nan
1,1,427,921142739456,14.41592077724359,0.0
1,3,428,921875095796,14.42738218330579,nan
1,1,428,922609441792,14.438874727564103,0.0
1,3,429,923340397218,14.450314209266077,nan
1,1,429,924070521344,14.461740681089744,0.0
1,3,430,924800414804,14.47316354298127,nan
1,1,430,925531558912,14.484605977564103,0.0
1,3,431,926260435456,14.496012924679487,nan
1,1,431,927665222144,14.517997892628205,0.0
1,3,432,928398347142,14.5294713282189,nan
1,1,432,929132071936,14.540954150641026,0.0
1,3,433,930536195332,14.56292873804337,nan
1,1,433,931266739200,14.574361778846153,0.0
1,3,434,931996656821,14.5857850188583,nan
1,1,434,932727068160,14.597215985576923,0.0
1,3,435,933457240675,14.60864321469038,nan
1,1,435,934187616768,14.620073629807692,0.0
1,3,436,934917179939,14.631491322663136,nan
1,1,436,935648310784,14.642933549679487,0.0
1,3,437,936377296342,14.65434220286834,nan
1,1,437,937781489664,14.676317884615385,0.0
1,3,438,938514456918,14.687788851506161,nan
1,1,438,939247327744,14.699258309294873,0.0
1,3,439,939979809514,14.710721678341597,nan
1,1,439,940713498112,14.722203934294873,0.0
1,3,440,941445503123,14.733659842044146,nan
1,1,440,942852071936,14.755672700320513,0.0
1,1,441,944242798592,14.777437628205128,0.0
1,3,441,944974190333,14.788883938254333,nan
1,1,442,945703110144,14.8002915625,0.0
1,3,442,946433655475,14.811724626198794,nan
1,1,443,947835697664,14.833666642628206,0.0
1,3,443,948565171288,14.845082934069511,nan
1,1,444,949296587776,14.856529631410258,0.0
1,3,444,950030512122,14.868015576829178,nan
1,1,445,950763049472,14.879479815705128,0.0
1,3,445,952168399731,14.901473603562575,nan
1,1,446,952901980160,14.912954166666667,0.0
1,3,446,953634034958,14.924410853584485,nan
1,1,447,954368075264,14.93589861378205,0.0
1,3,447,955099801248,14.947350154747596,nan
1,1,448,955828749824,14.958758229166667,0.0
1,3,448,956559649889,14.970196844466772,nan
1,1,449,957289126912,14.981613189102564,0.0
1,3,449,958019506702,14.993043662078076,nan
1,1,450,959421863424,15.01499060096154,0.0
1,3,450,960151666604,15.026412049967448,nan
1,1,451,960882312704,15.037846690705129,0.0
1,3,451,961611845985,15.049263915780875,nan
1,1,452,962342700032,15.060701810897436,0.0
1,3,452,963072388360,15.072121462464944,nan
1,1,453,963802965504,15.083555024038462,0.0
1,3,453,964533220533,15.094983544499325,nan
1,1,454,965263649280,15.106414783653847,0.0
1,3,454,965993622640,15.117838895983574,nan
1,1,455,966724159488,15.129271826923077,0.0
1,3,455,968125771260,15.151207107309196,nan
1,1,456,968856950272,15.162650088141026,0.0
1,3,456,969585518509,15.174052210239509,nan
1,1,457,970317346304,15.185505344551283,0.0
1,3,457,971051450695,15.196994107681666,nan
1,1,458,971783224832,15.20844640224359,0.0
1,3,458,972517128922,15.219932030655299,nan
1,1,459,973249089024,15.231387235576923,0.0
1,3,459,974654310493,15.25337900786571,nan
1,1,460,975387054592,15.264846482371796,0.0
1,3,460,976119532027,15.276309783575597,nan
1,1,461,976852665856,15.287783357371795,0.0
1,3,461,977584960407,15.29924379643367,nan
1,1,462,978318592000,15.31072516025641,0.0
1,3,462,979050807606,15.322184363825873,nan
1,1,463,979784623104,15.333668605769232,0.0
1,3,463,980517056192,15.345131212940705,nan
1,1,464,981250699264,15.356612756410257,0.0
1,3,464,982655019063,15.37859041752742,nan
1,1,465,983388825088,15.39007451121795,0.0
1,3,465,984120733663,15.401528909739959,nan
1,1,466,984854555136,15.413013245192309,0.0
1,3,466,985586682725,15.424471071292192,nan
1,1,467,986320160256,15.435950024038462,0.0
1,3,467,987052267268,15.447407528107473,nan
1,1,468,987786112000,15.458892227564103,0.0
1,3,468,989190157949,15.480865602917794,nan
1,1,469,989924279296,15.492354631410256,0.0
1,3,469,990656239127,15.50380983209072,nan
1,1,470,991390511104,15.515301217948718,0.0
1,3,470,992122405306,15.526755391532703,nan
1,1,471,992851562496,15.53816673076923,0.0
1,3,471,993583028054,15.549614196057442,nan
1,1,472,994312160256,15.56102514423077,0.0
1,3,472,995043227402,15.57246637435522,nan
1,1,473,996444936192,15.594403173076923,0.0
1,3,473,997176471197,15.605851725213467,nan
1,1,474,997905333248,15.617258445512821,0.0
1,3,474,998636894804,15.628707413173577,nan
1,1,475,1000038556672,15.650643477564103,0.0
1,3,475,1000768948721,15.662074142393456,nan
1,1,476,1001499235328,15.673503157051282,0.0
1,3,476,1002229080485,15.684925262998924,nan
1,1,477,1002959686144,15.696359270833334,0.0
1,3,477,1003689330001,15.70777822642791,nan
1,1,478,1004420293120,15.719217828525641,0.0
1,3,478,1005149723394,15.73063344153771,nan
1,1,479,1005881004032,15.742078012820514,0.0
1,3,479,1006609721020,15.753482462878106,nan
1,1,480,1007341894656,15.764941009615384,0.0
1,3,480,1008746637369,15.786925289353592,nan
1,1,481,1009480334336,15.798407676282052,0.0
1,3,481,1010211750364,15.809854366423778,nan
1,1,482,1010940570624,15.821260432692307,0.0
1,3,482,1011671013265,15.832691889288487,nan
1,1,483,1012401238528,15.844119943910258,0.0
1,3,483,1013131111748,15.855542489044973,nan
1,1,484,1013861811712,15.86697797275641,0.0
1,3,484,1014591554291,15.878398473354242,nan
1,1,485,1015321988608,15.889829799679488,0.0
1,3,485,1016724114579,15.911773127300556,nan
1,1,486,1017454518784,15.923203982371795,0.0
1,3,486,1018184424521,15.934627036398863,nan
1,1,487,1018915095552,15.946062067307693,0.0
1,3,487,1019644522486,15.957477628048629,nan
1,1,488,1021047649280,15.979436618589745,0.0
1,3,488,1021777965966,15.990866103985127,nan
1,3,489,1021826137285,15.991619987057417,nan
1,1,489,1022566809088,16.00321153044872,0.0
1,3,490,1023299561518,16.014679135335285,nan
1,1,490,1024032448000,16.026148838141026,0.0
1,3,491,1024764675518,16.037608228133763,nan
1,1,491,1025498300416,16.049089487179486,0.0
1,3,492,1026229565786,16.060533819517477,nan
1,1,492,1026959255552,16.071953493589746,0.0
1,3,493,1027689422610,16.08338063730093,nan
1,1,493,1029092843008,16.10534422275641,0.0
1,3,494,1029821911732,16.116754177496496,nan
1,1,494,1030553090560,16.128197155448717,0.0
1,3,495,1031954255937,16.150125449735203,nan
1,1,495,1032685605376,16.16157109775641,0.0
1,3,496,1033414425597,16.17297716341459,nan
1,1,496,1034146079744,16.184427580128204,0.0
1,3,497,1034879828383,16.195910775725537,nan
1,1,497,1035612178944,16.207372091346155,0.0
1,3,498,1036345578272,16.21884982021234,nan
1,1,498,1037078007808,16.230312371794874,0.0
1,3,499,1038483532468,16.252308889034957,nan
1,1,499,1039216672768,16.263782564102563,0.0
1,3,500,1039949647939,16.27525365489471,nan
1,1,500,1040682900480,16.28672908653846,0.0
1,3,501,1041415610341,16.298196025218473,nan
1,1,501,1042149113856,16.309675384615385,0.0
1,3,502,1043554371412,16.331667721667166,nan
1,1,502,1044287553536,16.34314205128205,0.0
1,3,503,1045020590314,16.35461410622621,nan
1,1,503,1045753474048,16.366083766025643,0.0
1,3,504,1046486716543,16.377559040449093,nan
1,1,504,1047218935296,16.38901829326923,0.0
1,3,505,1047952851471,16.400504110811674,nan
1,1,505,1049356364288,16.422469142628206,0.0
1,3,506,1050086025639,16.43388837200458,nan
1,1,506,1050816538624,16.44532092948718,0.0
1,3,507,1051546719057,16.456748282517655,nan
1,1,507,1052276543488,16.468170064102566,0.0
1,3,508,1053007646968,16.47961186285557,nan
1,1,508,1053736468480,16.49101794871795,0.0
1,3,509,1054468173475,16.502469161204804,nan
1,1,509,1055201617920,16.513947596153848,0.0
1,3,510,1055934450752,16.525416459334938,nan
1,1,510,1057339122688,16.547399631410258,0.0
1,3,511,1058073762234,16.55889676973783,nan
1,1,511,1058804880896,16.570338806089744,0.0
1,3,512,1060207244600,16.592285854241787,nan
1,1,512,1060937479168,16.60371405448718,0.0
1,3,513,1061668408032,16.61515312049279,nan
1,1,513,1062397869056,16.62656921474359,0.0
1,3,514,1063129284249,16.638015891817535,nan
1,1,514,1063858080256,16.64942157852564,0.0
1,3,515,1064590160450,16.66087866289188,nan
1,1,515,1065324106752,16.67236495192308,0.0
1,3,516,1066056193497,16.683822138812726,nan
1,1,516,1066790496768,16.695314014423076,0.0
1,3,517,1067522388831,16.706768154531627,nan
1,1,517,1068923916288,16.728702115384618,0.0
1,3,518,1069655655668,16.740153865998096,nan
1,1,518,1070385338368,16.75157342948718,0.0
1,3,519,1071116309166,16.76301315176157,nan
1,1,519,1071846343680,16.774438221153847,0.0
1,3,520,1072577054806,16.785873879551033,nan
1,1,520,1073307461632,16.797304775641027,0.0
1,3,521,1074037859838,16.808735536827676,nan
1,1,521,1074768575488,16.820171266025643,0.0
1,3,522,1075498458036,16.83159395714393,nan
1,1,522,1076229686272,16.843037708333334,0.0
1,3,523,1076959029600,16.854451960637018,nan
1,1,523,1078363467776,16.876431474358974,0.0
1,3,524,1079097237208,16.887914995367588,nan
1,1,524,1079830004736,16.89938283653846,0.0
1,3,525,1080562479720,16.910846099384013,nan
1,1,525,1081296116736,16.922327548076925,0.0
1,3,526,1082028022790,16.933781907145182,nan
1,1,526,1082756847616,16.945188044871795,0.0
1,3,527,1083488165298,16.956633195894682,nan
1,1,527,1084217496576,16.968047259615386,0.0
1,3,528,1084948296540,16.97948430833083,nan
1,1,528,1085678217216,16.990907596153846,0.0
1,3,529,1087080630518,17.012855420516576,nan
1,1,529,1087811108352,17.024287427884616,0.0
1,3,530,1088540560030,17.035703375870142,nan
1,1,530,1089271640576,17.047144815705128,0.0
1,3,531,1090000357987,17.058549272382688,nan
1,1,531,1091404292608,17.08052090544872,0.0
1,3,532,1092137462241,17.09199503957895,nan
1,1,532,1092870084096,17.10346060096154,0.0
1,3,533,1093602562928,17.114923924028446,nan
1,1,533,1094335783424,17.126398854166666,0.0
1,3,534,1095067859205,17.137855869469277,nan
1,1,534,1095801841664,17.149342724358974,0.0
1,3,535,1096533256348,17.16078939346705,nan
1,1,535,1097262476288,17.17220171474359,0.0
1,3,536,1098665694763,17.19416214009603,nan
1,1,536,1099395168256,17.20557842948718,0.0
1,3,537,1100125972954,17.217015552289915,nan
1,1,537,1100855598080,17.22843421474359,0.0
1,3,538,1101585551759,17.23985801906488,nan
1,1,538,1102316079104,17.251290801282053,0.0
1,3,539,1103045398323,17.262704676278922,nan
1,1,539,1103776492032,17.274146322115385,0.0
1,3,540,1104504935142,17.285546485971306,nan
1,1,540,1105236199936,17.296990809294872,0.0
1,3,541,1105964925077,17.30839538694724,nan
1,1,541,1107368053248,17.330354399038463,0.0
1,3,542,1108097100838,17.3417640230306,nan
1,1,542,1108828079616,17.35320387019231,0.0
1,3,543,1109557173718,17.36461422209911,nan
1,1,543,1110288370688,17.37605748397436,0.0
1,3,544,1111017371514,17.387466376108023,nan
1,1,544,1111748646400,17.398910857371796,0.0
1,3,545,1113150183683,17.42084497200208,nan
1,1,545,1113880536576,17.43227502403846,0.0
1,3,546,1114610686623,17.44370190152682,nan
1,1,546,1115340666368,17.45512611378205,0.0
1,3,547,1116070884951,17.466554063861555,nan
1,1,547,1116800705536,17.47797578525641,0.0
1,3,548,1117531005441,17.48940500802847,nan
1,1,548,1118260583424,17.50082293269231,0.0
1,3,549,1118991349687,17.512259453985752,nan
1,1,549,1119721099264,17.523680064102564,0.0
1,3,550,1120451399508,17.53510929217999,nan
1,1,550,1121853702656,17.557055392628207,0.0
1,3,551,1122583947481,17.56848375339606,nan
1,1,551,1123314109952,17.579910825320514,0.0
1,3,552,1124043454605,17.591325098360503,nan
1,1,552,1124774447104,17.60276516025641,0.0
1,3,553,1125502883373,17.614165217050406,nan
1,1,553,1126234457600,17.62561438301282,0.0
1,3,554,1126967499215,17.637086513656225,nan
1,1,554,1128372156928,17.659069463141027,0.0
1,3,555,1129104039743,17.670523458518005,nan
1,1,555,1129837963776,17.682009399038463,0.0
1,3,556,1130568879312,17.693448256460336,nan
1,1,556,1131298109952,17.70486074519231,0.0
1,3,557,1132028411515,17.716289993912135,nan
1,1,557,1132758453248,17.72771517628205,0.0
1,3,558,1134160131075,17.749651490431567,nan
1,1,558,1134890806272,17.76108658653846,0.0
1,3,559,1135620308921,17.772503332222183,nan
1,1,559,1136351087104,17.783940040064103,0.0
1,3,560,1137080548694,17.795356143172828,nan
1,1,560,1137811493376,17.806795456730768,0.0
1,3,561,1139212579548,17.82872251145583,nan
1,1,561,1139944410112,17.840175689102566,0.0
1,3,562,1140678824561,17.851669304653072,nan
1,1,562,1141410503680,17.863120112179487,0.0
1,3,563,1142139801108,17.874533646146336,nan
1,1,563,1142870947328,17.885976113782053,0.0
1,3,564,1143601219514,17.89740490275065,nan
1,1,564,1144331527168,17.90883424679487,0.0
1,3,565,1145734901561,17.93079711227026,nan
1,1,565,1146463958016,17.942206875,0.0
1,3,566,1147196444884,17.95367032383063,nan
1,1,566,1147930201600,17.965153645833333,0.0
1,3,567,1148663004263,17.976622036868363,nan
1,1,567,1149395732480,17.988089262820512,0.0
1,3,568,1150129570298,17.999573854072768,nan
1,1,568,1150861265920,18.011024919871794,0.0
1,3,569,1151590541715,18.022438115281325,nan
1,1,569,1152321624064,18.033879583333334,0.0
1,3,570,1153723011863,18.055811358533028,nan
1,1,570,1154454121984,18.06725326121795,0.0
1,3,571,1155183424183,18.078666869851137,nan
1,1,571,1155914493952,18.09010814102564,0.0
1,3,572,1156643694688,18.101520161758813,nan
1,1,572,1157374837248,18.112962572115386,0.0
1,3,573,1158103744524,18.124370000187803,nan
1,1,573,1158834733056,18.13581,0.0
1,3,574,1159563939260,18.14722210630759,nan
1,1,574,1160295171072,18.15866591346154,0.0
1,3,575,1161696595245,18.18059825791579,nan
1,1,575,1162427886592,18.19204299679487,0.0
1,3,576,1163156596456,18.203447335361577,nan
1,1,576,1163887899136,18.214892251602564,0.0
1,3,577,1164616590986,18.22629630824945,nan
1,1,577,1165347943936,18.23774201121795,0.0
1,3,578,1166081857573,18.24922778904059,nan
1,1,578,1166814011904,18.260686033653847,0.0
1,3,579,1168219788677,18.282686496472483,nan
1,1,579,1168951817216,18.294142772435897,0.0
1,3,580,1169685658385,18.305627416131436,nan
1,1,580,1170417767936,18.317084959935897,0.0
1,3,581,1171151468708,18.328567406412763,nan
1,1,581,1171883524096,18.340024102564104,0.0
1,3,582,1172617022500,18.351503381973657,nan
1,1,582,1173349295104,18.362963477564104,0.0
1,3,583,1174083091900,18.374447426820414,nan
1,1,583,1174815161856,18.38590435096154,0.0
1,3,584,1175549201725,18.397392104320037,nan
1,1,584,1176952993792,18.419361506410258,0.0
1,3,585,1177682242239,18.430774273822493,nan
1,1,585,1178413056000,18.44221153846154,0.0
1,3,586,1179143080044,18.453636443997897,nan
1,1,586,1179873167872,18.46506234775641,0.0
1,3,587,1180603743247,18.476495881645008,nan
1,1,587,1181333380608,18.487914735576922,0.0
1,3,588,1182735892884,18.50986410888672,nan
1,1,588,1183465552896,18.52128331730769,0.0
1,3,589,1184195628346,18.53270902735001,nan
1,1,589,1184925394432,18.544129895833333,0.0
1,3,590,1185655660249,18.55555858512683,nan
1,1,590,1186385583104,18.566981907051282,0.0
1,3,591,1187115964545,18.57841240586501,nan
1,1,591,1188518110720,18.600356049679487,0.0
1,3,592,1189248521219,18.61178700325208,nan
1,1,592,1189978385920,18.623209415064103,0.0
1,3,593,1190708980131,18.634643243736853,nan
1,1,593,1191438897152,18.646066474358975,0.0
1,3,594,1192169362254,18.657498282470705,nan
1,1,594,1192899450880,18.66892419871795,0.0
1,3,595,1193629520113,18.68034981146397,nan
1,1,595,1194359845376,18.691779431089746,0.0
1,3,596,1195089915035,18.703205050502678,nan
1,1,596,1196492815360,18.72516049679487,0.0
1,3,597,1197222770724,18.73658432748648,nan
1,1,597,1197952952832,18.748011706730768,0.0
1,3,598,1198683040198,18.759437603258966,nan
1,1,598,1199413355520,18.770867067307694,0.0
1,3,599,1200143528821,18.78229430872208,nan
1,1,599,1200874340352,18.79373153846154,0.0
1,3,600,1201603541272,18.80514356207432,nan
1,1,600,1202335220736,18.816594375,0.0
1,3,601,1203740872325,18.838592878684018,nan
1,1,601,1204473864192,18.85006423076923,0.0
1,3,602,1205206137360,18.8615243351863,nan
1,1,602,1205940021760,18.87300965544872,0.0
1,3,603,1206671511462,18.884457498591498,nan
1,1,603,1207400478208,18.895865857371795,0.0
1,3,604,1208803778336,18.917827560596955,nan
1,1,604,1209533611008,18.929249471153845,0.0
1,3,605,1210263953614,18.940679362198267,nan
1,1,605,1210994732032,18.95211607371795,0.0
1,3,606,1211724117108,18.96353097937951,nan
1,1,606,1212455793152,18.974981738782052,0.0
1,3,607,1213189501950,18.986464310866136,nan
1,1,607,1213922064384,18.99792894230769,0.0
1,3,608,1214654860182,19.0093972259052,nan
1,1,608,1215388016640,19.020871153846155,0.0
1,3,609,1216791820026,19.042840733079178,nan
1,1,609,1217520635904,19.054246730769233,0.0
1,3,610,1218251331243,19.065682142099234,nan
1,1,610,1218980594688,19.07709514423077,0.0
1,3,611,1219710909529,19.08852460075183,nan
1,1,611,1220440756736,19.09994673878205,0.0
1,3,612,1221170673654,19.111369967792218,nan
1,1,612,1222572830720,19.13331378205128,0.0
1,3,613,1223301887360,19.144723547676282,nan
1,1,613,1224033034752,19.156166033653847,0.0
1,3,614,1224761695535,19.167569604100937,nan
1,1,614,1225493199872,19.17901767628205,0.0
1,3,615,1226226972853,19.190501252832657,nan
1,1,615,1227631438848,19.212481201923076,0.0
1,3,616,1228364399642,19.223952067714595,nan
1,1,616,1229097437696,19.235424142628204,0.0
1,3,617,1229830089651,19.246890175077,nan
1,1,617,1230563547136,19.258368814102564,0.0
1,3,618,1231295120187,19.269817961660532,nan
1,1,618,1232024113152,19.28122673076923,0.0
1,3,619,1232755239127,19.292668881569888,nan
1,1,619,1234156900864,19.314604943910258,0.0
1,1,620,1235547740672,19.336371642628205,0.0
1,3,620,1236280075566,19.347832713059645,nan
1,1,621,1237014099968,19.359320224358974,0.0
1,3,621,1237745680565,19.370769490012144,nan
1,1,622,1239147288064,19.39270470352564,0.0
1,3,622,1239877905974,19.404138903088693,nan
1,1,623,1240607484416,19.4155568349359,0.0
1,3,623,1241337745392,19.426985448467548,nan
1,1,624,1242068216832,19.438417355769232,0.0
1,3,624,1242797588862,19.449832057260366,nan
1,1,625,1243528805888,19.46127563301282,0.0
1,3,625,1244258038051,19.472688145579802,nan
1,1,626,1244989149696,19.484130072115384,0.0
1,3,626,1246390510756,19.506061428848657,nan
1,1,627,1247121340416,19.517498942307693,0.0
1,3,627,1247850872887,19.528916154706906,nan
1,1,628,1249253614592,19.550869118589745,0.0
1,3,628,1249983731128,19.562295471629607,nan
1,1,629,1250713622528,19.573718301282053,0.0
1,3,629,1251443841353,19.585146255148864,nan
1,1,630,1252174137344,19.596575416666667,0.0
1,3,630,1252903693552,19.60799300055088,nan
1,1,631,1253634685440,19.619433052884617,0.0
1,3,631,1254363701900,19.630842189691005,nan
1,1,632,1255095418368,19.64229358173077,0.0
1,3,632,1256501169651,19.664293645629883,nan
1,1,633,1257233513472,19.67575485576923,0.0
1,3,633,1257966286182,19.687222778038613,nan
1,1,634,1258699569664,19.698698693910256,0.0
1,3,634,1259431916785,19.71015995569474,nan
1,1,635,1260165746688,19.721644423076924,0.0
1,3,635,1260897729651,19.733099985774114,nan
1,1,636,1261631856640,19.744589102564102,0.0
1,3,636,1262363800050,19.75604404625526,nan
1,1,637,1263770882560,19.778064943910255,0.0
1,1,638,1265161962496,19.799835400641026,0.0
1,3,637,1265895270953,19.811311707372422,nan
1,1,639,1266628319744,19.822783950320513,0.0
1,3,638,1267361430445,19.834257162162586,nan
1,1,640,1268094367232,19.84572765224359,0.0
1,3,639,1268827746082,19.857205060628257,nan
1,1,641,1270232300032,19.87918638621795,0.0
1,3,640,1270965996664,19.890668767903648,nan
1,1,642,1271697784320,19.90212127403846,0.0
1,3,641,1272432189437,19.913614743542794,nan
1,1,643,1273163325440,19.925057051282053,0.0
1,3,642,1273893197719,19.93647958169008,nan
1,1,644,1274623772672,19.947913108974358,0.0
1,3,643,1275354074919,19.959342368398815,nan
1,1,645,1276084237312,19.970769439102565,0.0
1,3,644,1277487345816,19.99272814340445,nan
1,1,646,1278217093632,20.00414872596154,0.0
1,3,645,1278948189244,20.015590401580027,nan
1,1,647,1279677937152,20.027010985576922,0.0
1,3,646,1280408653266,20.038446722036507,nan
1,1,648,1281138077184,20.049862235576924,0.0
1,3,647,1281868967780,20.0613007026868,nan
1,1,649,1283270562304,20.083235713141026,0.0
1,3,648,1284001884373,20.094680932820637,nan
1,1,650,1284730860544,20.106089439102565,0.0
1,3,649,1285462558310,20.11754053845528,nan
1,1,651,1286196290048,20.12902346955128,0.0
1,3,650,1286928598523,20.140484126524314,nan
1,1,652,1287661899264,20.1519603125,0.0
1,3,651,1289066459976,20.173941743915265,nan
1,1,653,1289800150016,20.1854240224359,0.0
1,3,652,1290532408012,20.196883889410557,nan
1,1,654,1291265851904,20.208362315705127,0.0
1,3,653,1291998011462,20.219820642121146,nan
1,1,655,1292731863040,20.23130544871795,0.0
1,3,654,1293463791052,20.24276015142979,nan
1,1,656,1294198010368,20.254250713141026,0.0
1,3,655,1294930080070,20.26570763330704,nan
1,1,657,1295663757824,20.277189719551284,0.0
1,3,656,1297068722328,20.299177470327525,nan
1,1,658,1297801573376,20.310646618589743,0.0
1,3,657,1298534613027,20.32211871849647,nan
1,1,659,1299267200000,20.33358373397436,0.0
1,3,658,1299999689629,20.34504722601475,nan
1,1,660,1300732711936,20.35651905448718,0.0
1,3,659,1301464745246,20.367975405116937,nan
1,1,661,1302870633472,20.38997761217949,0.0
1,3,660,1303601483909,20.401415450799405,nan
1,1,662,1304330662400,20.412827123397438,0.0
1,3,661,1305060778014,20.424253462007965,nan
1,1,663,1305791502336,20.43568932692308,0.0
1,3,662,1306520095677,20.447091841900164,nan
1,1,664,1307252124160,20.45854811698718,0.0
1,3,663,1308657443096,20.480541414638424,nan
1,1,665,1309390042112,20.492006618589745,0.0
1,3,664,1310122942115,20.503476532999674,nan
1,1,666,1310856021504,20.514949254807693,0.0
1,3,665,1311588075048,20.526405922100363,nan
1,1,667,1312322177536,20.537894655448717,0.0
1,3,666,1313052955044,20.549331352726863,nan
1,1,668,1313782451712,20.560748004807692,0.0
1,3,667,1314512619834,20.572175165170524,nan
1,1,669,1315243069952,20.583606738782052,0.0
1,3,668,1316644279472,20.605535723908254,nan
1,1,670,1317375895040,20.616985536858977,0.0
1,3,669,1318109205567,20.628461875985952,nan
1,1,671,1318841609728,20.639924030448718,0.0
1,3,670,1319574645187,20.651396064750475,nan
1,1,672,1320979611136,20.673383838141028,0.0
1,3,671,1321712579872,20.68485482822516,nan
1,1,673,1322445569536,20.696326145833336,0.0
1,3,672,1323178207393,20.707791957647864,nan
1,1,674,1323911020544,20.719260512820515,0.0
1,3,673,1324643438116,20.730722877165967,nan
1,1,675,1325376916480,20.74220184294872,0.0
1,3,674,1326108428199,20.75365003065843,nan
1,1,676,1326837648384,20.76506235576923,0.0
1,3,675,1327568407854,20.776498770751953,nan
1,1,677,1328970962432,20.798448806089745,0.0
1,3,676,1329699493042,20.809850339324168,nan
1,1,678,1330431804416,20.821311041666668,0.0
1,3,677,1331164434483,20.83277673156738,nan
1,1,679,1331898190848,20.844260048076922,0.0
1,3,678,1332628773311,20.855693692893006,nan
1,1,680,1333359172608,20.867124471153847,0.0
1,3,679,1334087923033,20.87852944450183,nan
1,1,681,1334819877888,20.889984567307692,0.0
1,3,680,1335552753888,20.90145410606971,nan
1,1,682,1336958839808,20.923459407051283,0.0
1,3,681,1337689895473,20.934900457497623,nan
1,1,683,1338419753984,20.9463227724359,0.0
1,3,682,1339149659101,20.957745816759942,nan
1,1,684,1339880019456,20.969175985576925,0.0
1,3,683,1340608900971,20.980583010488658,nan
1,1,685,1341340716032,20.99203594551282,0.0
1,3,684,1342073236217,21.003499915755835,nan
1,1,686,1342806562816,21.014976506410257,0.0
1,3,685,1343537983613,21.026423271187024,nan
1,1,687,1344939741184,21.048360833333334,0.0
1,3,686,1345668984315,21.059773517549957,nan
1,1,688,1346400944640,21.07122872596154,0.0
1,3,687,1347134080886,21.082702337583886,nan
1,1,689,1347867481088,21.094180080128204,0.0
1,3,688,1349271299285,21.11614989115397,nan
1,1,690,1350000671744,21.127564599358976,0.0
1,3,689,1350730944624,21.138993399188703,nan
1,1,691,1351461492224,21.150426498397437,0.0
1,3,690,1352190444553,21.16183463155111,nan
1,1,692,1352922128384,21.173285512820513,0.0
1,3,691,1353654957460,21.18475431722005,nan
1,1,693,1354388150784,21.196228822115387,0.0
1,3,692,1355120305932,21.207687079514724,nan
1,1,694,1355854242304,21.219173213141026,0.0
1,3,693,1357257353316,21.24113195669321,nan
1,1,695,1357987731968,21.252562411858975,0.0
1,3,694,1358716836347,21.263972924601237,nan
1,1,696,1359448318464,21.275420649038463,0.0
1,3,695,1360182012280,21.286902986653647,nan
1,1,697,1360914224640,21.298362139423077,0.0
1,3,696,1361646451971,21.30982152648926,nan
1,1,698,1362380009472,21.321301730769232,0.0
1,3,697,1363111265412,21.332745915527344,nan
1,1,699,1363840312320,21.344155528846155,0.0
1,3,698,1364575840776,21.35566657865084,nan
1,1,700,1365978542592,21.37761891826923,0.0
1,3,699,1366707091825,21.38902074295435,nan
1,1,701,1367439027200,21.400475560897437,0.0
1,3,700,1368172273400,21.411950893304287,nan
1,1,702,1368904796160,21.423414903846155,0.0
1,3,701,1369637930106,21.434888479473408,nan
1,1,703,1370370520064,21.446353541666667,0.0
1,3,702,1371103862764,21.457830384302383,nan
1,1,704,1371836552192,21.469297003205128,0.0
1,3,703,1373241947970,21.49129150343675,nan
1,1,705,1373975307264,21.50276860576923,0.0
1,3,704,1374708056754,21.514236164644682,nan
1,1,706,1375441797632,21.525719238782052,0.0
1,3,705,1376174211125,21.53718153929099,nan
1,1,707,1376908112384,21.548667123397436,0.0
1,3,706,1378312306062,21.570642810715896,nan
1,1,708,1379046339584,21.58213046474359,0.0
1,3,707,1379778268927,21.593585188285633,nan
1,1,709,1380512623616,21.605077868589746,0.0
1,3,708,1381243907712,21.616522493990384,nan
1,1,710,1381973592576,21.627942091346153,0.0
1,3,709,1382704196633,21.6393760741092,nan
1,1,711,1383434336256,21.65080278846154,0.0
1,3,710,1384164364201,21.662227755048704,nan
1,1,712,1384895277056,21.67366657051282,0.0
1,3,711,1386297606418,21.69561308121119,nan
1,1,713,1387028789248,21.70705612179487,0.0
1,3,712,1387758312608,21.71847319160657,nan
1,1,714,1388489554432,21.729917155448717,0.0
1,3,713,1389219247156,21.741336875813804,nan
1,1,715,1389950912000,21.7527874599359,0.0
1,3,714,1391352474020,21.77472196170122,nan
1,1,716,1392084536320,21.786178766025643,0.0
1,3,715,1392818041631,21.797658153530023,nan
1,1,717,1393550820352,21.809126169871796,0.0
1,3,716,1394282865826,21.820582710868642,nan
1,1,718,1395017434112,21.83207873397436,0.0
1,3,717,1395747617819,21.843506138243065,nan
1,1,719,1396478209536,21.854939927884615,0.0
1,3,718,1397207478712,21.86635301970653,nan
1,1,720,1397938979840,21.877801041666668,0.0
1,3,719,1399345151748,21.899807688363882,nan
1,1,721,1400077879296,21.911274903846156,0.0
1,3,720,1400810907270,21.92274682100736,nan
1,1,722,1401543830528,21.934217099358975,0.0
1,3,721,1402276316164,21.945680528908756,nan
1,1,723,1403010080768,21.957163974358973,0.0
1,3,722,1403742277508,21.96862288267478,nan
1,1,724,1404476129792,21.980107700320513,0.0
1,3,723,1405207959801,21.991560869281475,nan
1,1,725,1405942160384,22.003051137820513,0.0
1,3,724,1406673610872,22.01449836726262,nan
1,1,726,1408075083264,22.036431466346155,0.0
1,3,725,1408806529006,22.04787862151317,nan
1,1,727,1409536155648,22.059297307692308,0.0
1,3,726,1410266338184,22.070724693634816,nan
1,1,728,1410997286912,22.08216407051282,0.0
1,3,727,1412398485247,22.104092880593324,nan
1,1,729,1413131224064,22.115560272435896,0.0
1,3,728,1413863675003,22.127023158976236,nan
1,1,730,1414597474816,22.138507155448718,0.0
1,3,729,1415329096187,22.14995705921662,nan
1,1,731,1416058267136,22.161368613782052,0.0
1,3,730,1417460423035,22.18331240977752,nan
1,1,732,1418191017984,22.19474625,0.0
1,3,731,1418919728402,22.206150597236828,nan
1,1,733,1419651712000,22.217606169871797,0.0
1,3,732,1420385111192,22.229083896609577,nan
1,1,734,1421117899776,22.240552067307693,0.0
1,3,733,1421850819097,22.252022284045097,nan
1,1,735,1422583906304,22.26349512820513,0.0
1,3,734,1423316154780,22.274954846191406,nan
1,1,736,1424050291200,22.286444110576923,0.0
1,3,735,1424781301026,22.297884443641077,nan
1,1,737,1426183858688,22.31983452724359,0.0
1,3,736,1426913070230,22.331246717091098,nan
1,1,738,1427644696064,22.34269669070513,0.0
1,3,737,1428378453527,22.354180024398413,nan
1,1,739,1429111221248,22.365647868589743,0.0
1,3,738,1429844114326,22.377117674623147,nan
1,1,740,1430577820160,22.388600200320514,0.0
1,3,739,1431981968619,22.41057517995981,nan
1,1,741,1432711841280,22.421997716346155,0.0
1,3,740,1433442646148,22.433434841809397,nan
1,1,742,1434172713472,22.444860424679486,0.0
1,3,741,1434903202850,22.45629261271159,nan
1,1,743,1435633671168,22.467724471153847,0.0
1,3,742,1436363570619,22.47914742680476,nan
1,1,744,1437094974464,22.490593926282052,0.0
1,3,743,1437823960402,22.50200258541792,nan
1,1,745,1439228255232,22.52397985576923,0.0
1,3,744,1439961511589,22.53545534713354,nan
1,1,746,1440694370816,22.546924623397437,0.0
1,3,745,1441427250234,22.558394215651294,nan
1,1,747,1442160581632,22.569870881410257,0.0
1,3,746,1442893000633,22.581333268119618,nan
1,1,748,1443626569216,22.592813645833335,0.0
1,3,747,1444358595377,22.604269884580955,nan
1,1,749,1445092819456,22.615760520833334,0.0
1,3,748,1445824135340,22.62720564371745,nan
1,1,750,1447225799680,22.64914174679487,0.0
1,3,749,1447955630637,22.660563630511945,nan
1,1,751,1448686418944,22.672000496794873,0.0
1,3,750,1449415379412,22.68340875732422,nan
1,1,752,1450146705920,22.694854046474358,0.0
1,3,751,1450875545450,22.70626041431916,nan
1,1,753,1451607334400,22.71771294070513,0.0
1,3,752,1452340721901,22.72919048447829,nan
1,1,754,1453073627136,22.740660480769233,0.0
1,3,753,1453805583478,22.752115626846706,nan
1,1,755,1455206974464,22.774047451923078,0.0
1,3,754,1455938125303,22.78548999184633,nan
1,1,756,1456667713024,22.796908068910255,0.0
1,3,755,1458070772567,22.818866006970527,nan
1,1,757,1458800372736,22.830284278846154,0.0
1,3,756,1459531004149,22.841718689731696,nan
1,1,758,1460260965888,22.85314262019231,0.0
1,3,757,1460991581851,22.86457678928473,nan
1,1,759,1461721139712,22.87599439903846,0.0
1,3,758,1462451727405,22.887428125704254,nan
1,1,760,1463182073856,22.898858076923077,0.0
1,3,759,1463911272409,22.910270063492213,nan
1,1,761,1464642978304,22.921721290064102,0.0
1,3,760,1466053561626,22.943796975567157,nan
1,1,762,1466787253248,22.955279278846156,0.0
1,3,761,1467518675626,22.966726068365634,nan
1,1,763,1468247557632,22.97813310096154,0.0
1,3,762,1468978769994,22.989576603722206,nan
1,1,764,1469707925504,23.000987916666666,0.0
1,3,763,1471111135685,23.022948212217674,nan
1,1,765,1471841350144,23.03437609775641,0.0
1,3,764,1472571278171,23.045799500622874,nan
1,1,766,1473302051328,23.05723612980769,0.0
1,3,765,1474031024888,23.068644595227365,nan
1,1,767,1474762482688,23.080091939102566,0.0
1,3,766,1475496441982,23.091578431459084,nan
1,1,768,1476228735488,23.103038854166666,0.0
1,3,767,1476961818120,23.114511626727765,nan
1,1,769,1477695125504,23.125987916666666,0.0
1,3,768,1479099346801,23.147964036223584,nan
1,1,770,1479829030400,23.15938361378205,0.0
1,3,769,1480558839059,23.17080514853453,nan
1,1,771,1481289921024,23.182246610576925,0.0
1,3,770,1482018292392,23.19364565166767,nan
1,1,772,1482750739968,23.205108485576925,0.0
1,3,771,1483483802174,23.216580938470305,nan
1,1,773,1484216778240,23.22805204326923,0.0
1,3,772,1485620893596,23.250026504845252,nan
1,1,774,1486355131392,23.261517355769232,0.0
1,3,773,1487086360354,23.272961118320563,nan
1,1,775,1487815779328,23.28437655448718,0.0
1,3,774,1489218964639,23.30633646082169,nan
1,1,776,1489948597248,23.317755240384617,0.0
1,3,775,1490678821443,23.329183278292142,nan
1,1,777,1491409241088,23.340614375,0.0
1,3,776,1492138982892,23.35203486346905,nan
1,1,778,1492869928960,23.36347419871795,0.0
1,3,777,1493599253889,23.374888163076548,nan
1,1,779,1494330657792,23.38633466346154,0.0
1,3,778,1495059289378,23.39773777697441,nan
1,1,780,1496463528960,23.41971418269231,0.0
1,3,779,1497197109388,23.43119474578075,nan
1,1,781,1497930117120,23.442666346153846,0.0
1,3,780,1498662782989,23.454132596357297,nan
1,1,782,1499396439552,23.465614350961538,0.0
1,3,781,1500128514465,23.477071352679914,nan
1,1,783,1501530152960,23.499007051282053,0.0
1,3,782,1502260962580,23.510444251114283,nan
1,1,784,1502991119360,23.52187123397436,0.0
1,3,783,1503721545393,23.533302430654672,nan
1,1,785,1504451904512,23.544732580128205,0.0
1,3,784,1505182075481,23.5561597850467,nan
1,1,786,1506585327104,23.578120729166667,0.0
1,3,785,1507314767832,23.589536505784256,nan
1,1,787,1508045912064,23.600978942307695,0.0
1,3,786,1508775372661,23.612395029875927,nan
1,1,788,1509506629120,23.623839222756413,0.0
1,3,787,1510235624210,23.635248025121445,nan
1,1,789,1510967354880,23.646699639423076,0.0
1,3,788,1511701395609,23.65818740624061,nan
1,1,790,1512433345024,23.669642443910256,0.0
1,3,789,1513166880298,23.68112230033679,nan
1,1,791,1513899585536,23.692589166666668,0.0
1,3,790,1515303871886,23.714566304305638,nan
1,1,792,1516038210048,23.72605872596154,0.0
1,3,791,1517440609530,23.748006334040717,nan
1,1,793,1518171378688,23.759442900641027,0.0
1,3,792,1518900655252,23.770856108085436,nan
1,1,794,1519632353280,23.782307211538463,0.0
1,3,793,1520366119990,23.793790689947667,nan
1,1,795,1521098780160,23.805256850961538,0.0
1,3,794,1522503305627,23.82723773079114,nan
1,1,796,1523236739072,23.838715993589744,0.0
1,3,795,1523969255720,23.850179908478566,nan
1,1,797,1524702895104,23.86166139423077,0.0
1,3,796,1525435078313,23.873120090785882,nan
1,1,798,1526169245184,23.88460983173077,0.0
1,3,797,1527572880922,23.906576787265877,nan
1,1,799,1528302957056,23.918002508012822,0.0
1,3,798,1529033279926,23.92943209018805,nan
1,1,800,1529763889152,23.940866153846155,0.0
1,3,799,1530493751655,23.95228853125939,nan
1,1,801,1531224476672,23.963724407051284,0.0
1,3,800,1531954121982,23.97514338538537,nan
1,1,802,1532684942848,23.98658076121795,0.0
1,3,801,1533414473395,23.997997943506487,nan
1,1,803,1534145558016,24.009439447115387,0.0
1,3,802,1535547302944,24.03137681139824,nan
1,1,804,1536279160320,24.042830408653845,0.0
1,3,803,1537008013771,24.054236994362856,nan
1,1,805,1538412387328,24.076215496794873,0.0
1,3,804,1539145987381,24.08769636701535,nan
1,1,806,1539878745600,24.0991640625,0.0
1,3,805,1540611382980,24.11062986684946,nan
1,1,807,1541345136128,24.12211313301282,0.0
1,3,806,1542076739678,24.13356275788136,nan
1,1,808,1542805854720,24.1449734375,0.0
1,3,807,1543537038841,24.156416498287886,nan
1,1,809,1544266260992,24.167828854166668,0.0
1,3,808,1544997036447,24.17926551931528,nan
1,1,810,1545727294464,24.19069408653846,0.0
1,3,809,1547128628508,24.212625020470252,nan
1,1,811,1547860462080,24.22407824519231,0.0
1,3,810,1548594366136,24.235563873071914,nan
1,1,812,1549326774784,24.24702609775641,0.0
1,3,811,1550060395592,24.25850729279347,nan
1,1,813,1550792797184,24.26996940705128,0.0
1,3,812,1552198688687,24.291971665399014,nan
1,1,814,1552930846208,24.303429959935897,0.0
1,3,813,1553665015606,24.314919740428437,nan
1,1,815,1554397190144,24.326378301282052,0.0
1,3,814,1555131285174,24.33786691791241,nan
1,1,816,1555863488512,24.34932592948718,0.0
1,3,815,1556597405246,24.360811755777995,nan
1,1,817,1557329358848,24.37226685897436,0.0
1,3,816,1558734844339,24.394262763218023,nan
1,1,818,1559467437056,24.405727868589743,0.0
1,3,817,1560200463678,24.417199764592098,nan
1,1,819,1560933474816,24.428671418269232,0.0
1,3,818,1561666079944,24.4401367178736,nan
1,1,820,1562399733760,24.45161842948718,0.0
1,3,819,1563131322454,24.463067821858726,nan
1,1,821,1563860697088,24.474482564102566,0.0
1,3,820,1564591233530,24.485915488688153,nan
1,1,822,1565321648128,24.497346506410256,0.0
1,3,821,1566722358150,24.519267674372745,nan
1,1,823,1567454386176,24.53072394230769,0.0
1,3,822,1568186926369,24.542188225676707,nan
1,1,824,1568921046528,24.553677235576924,0.0
1,3,823,1569651737266,24.565112574901093,nan
1,1,825,1570382171648,24.57654390224359,0.0
1,3,824,1571111642712,24.587960153620795,nan
1,1,826,1571843125760,24.599407892628207,0.0
1,3,825,1572577103339,24.610894671145708,nan
1,1,827,1573309324288,24.622353958333335,0.0
1,3,826,1574042233206,24.63382401226337,nan
1,1,828,1575448431104,24.65583106570513,0.0
1,3,827,1576178996456,24.667264442733373,nan
1,1,829,1576909264896,24.678693173076923,0.0
1,3,828,1577638895756,24.690111925267928,nan
1,1,830,1578370337280,24.70155901442308,0.0
1,3,829,1579776138748,24.72355986371945,nan
1,1,831,1580509253120,24.73503313301282,0.0
1,3,830,1581241874822,24.74649869200095,nan
1,1,832,1581975744512,24.757983782051284,0.0
1,3,831,1582707568916,24.76943686329377,nan
1,1,833,1583436935680,24.780851482371794,0.0
1,3,832,1584167274683,24.792281317029122,nan
1,1,834,1584897954816,24.803716490384616,0.0
1,3,833,1585627303016,24.815130818935298,nan
1,1,835,1586358767104,24.82657826121795,0.0
1,3,834,1587087699465,24.83798608187162,nan
1,1,836,1588492211200,24.85996674679487,0.0
1,3,835,1589226014573,24.871450798981495,nan
1,1,837,1589958716416,24.882917612179487,0.0
1,3,836,1590691374842,24.89438374589969,nan
1,1,838,1591425089536,24.90586641025641,0.0
1,3,837,1592156808843,24.91731784672664,nan
1,1,839,1592886149120,24.92873205128205,0.0
1,3,838,1593616782894,24.94016649911734,nan
1,1,840,1594347204096,24.95159762019231,0.0
1,3,839,1595077109204,24.963020664375502,nan
1,1,841,1595808601088,24.974468541666667,0.0
1,3,840,1597209850197,24.996398146362306,nan
1,1,842,1597942856192,25.007869719551284,0.0
1,3,841,1598675966682,25.019342928091195,nan
1,1,843,1599409436160,25.030821754807693,0.0
1,3,842,1600141703269,25.042281764401167,nan
1,1,844,1600875864064,25.05377141025641,0.0
1,3,843,1601607854067,25.065227083129884,nan
1,1,845,1602337110016,25.07663996794872,0.0
1,3,844,1603067726234,25.088074141031903,nan
1,1,846,1603797745664,25.099498974358976,0.0
1,3,845,1605200018718,25.121444603834888,nan
1,1,847,1605931094016,25.132885961538463,0.0
1,3,846,1606660485825,25.14430097257174,nan
1,1,848,1607392491008,25.15575688301282,0.0
1,3,847,1608125774934,25.167232805833084,nan
1,1,849,1608858400256,25.17869842147436,0.0
1,3,848,1609591172067,25.190166329674355,nan
1,1,850,1610997191680,25.21217059294872,0.0
1,3,849,1611728993103,25.223623314537637,nan
1,1,851,1612458486272,25.235039911858976,0.0
1,3,850,1613189479148,25.24647997965495,nan
1,1,852,1613919903744,25.257911153846155,0.0
1,3,851,1614649439397,25.269328416043795,nan
1,1,853,1615380935168,25.28077635416667,0.0
1,3,852,1616114946101,25.292263654675608,nan
1,1,854,1616847624192,25.303730096153846,0.0
1,3,853,1617580384188,25.315197819448617,nan
1,1,855,1618314208768,25.326682203525642,0.0
1,3,854,1619718244649,25.348655421314728,nan
1,1,856,1620448051712,25.360076931089743,0.0
1,3,855,1621178869462,25.3715142581568,nan
1,1,857,1621909175808,25.38294358173077,0.0
1,3,856,1622638979713,25.39436504208296,nan
1,1,858,1623370953728,25.40582046474359,0.0
1,3,857,1624104350735,25.417298157286034,nan
1,1,859,1624837881856,25.42877794871795,0.0
1,3,858,1626241342841,25.450742169361604,nan
1,1,860,1626971517440,25.462169431089745,0.0
1,3,859,1627700724511,25.47358155096592,nan
1,1,861,1628432338944,25.485031346153846,0.0
1,3,860,1629165465279,25.496504802668646,nan
1,1,862,1629898903040,25.50798313301282,0.0
1,3,861,1630630571600,25.519433775290466,nan
1,1,863,1632032583168,25.5413753125,0.0
1,3,862,1632762351594,25.552796217604417,nan
1,1,864,1633493813248,25.564243621794873,0.0
1,3,863,1634227564387,25.575726856517303,nan
1,1,865,1634960372736,25.58719533653846,0.0
1,3,864,1636364255463,25.609166157461313,nan
1,1,866,1637094709248,25.620597788461538,0.0
1,3,865,1637823760530,25.632007470233624,nan
1,1,867,1639229538304,25.65400794871795,0.0
1,3,866,1639959779335,25.66543625010955,nan
1,1,868,1640691281920,25.676884294871794,0.0
1,3,867,1641424151452,25.688353732409357,nan
1,1,869,1642158331392,25.699843677884616,0.0
1,3,868,1642887987509,25.711262825348683,nan
1,1,870,1643619655168,25.722713453525643,0.0
1,3,869,1644352231113,25.73417829641489,nan
1,1,871,1645759556608,25.756202996794872,0.0
1,3,870,1646488857148,25.767616579464644,nan
1,1,872,1647221077504,25.779075857371797,0.0
1,3,871,1647953544152,25.790538989758616,nan
1,1,873,1648687976448,25.802032884615386,0.0
1,3,872,1649418101601,25.813459372511645,nan
1,1,874,1650149743616,25.824909599358975,0.0
1,3,873,1650882959081,25.836384450761845,nan
1,1,875,1652289551360,25.858397676282053,0.0
1,3,874,1653020083827,25.86983053865873,nan
1,1,876,1653751048192,25.88127016025641,0.0
1,3,875,1654480287255,25.89268278080867,nan
1,1,877,1655212726784,25.904145488782053,0.0
1,3,876,1655945771945,25.915617674920497,nan
1,1,878,1657352210432,25.937628493589745,0.0
1,3,877,1658083075861,25.94906656683506,nan
1,1,879,1658813021696,25.960490248397438,0.0
1,3,878,1659542972601,25.971914009305515,nan
1,1,880,1660274299392,25.983359302884615,0.0
1,3,879,1661003113061,25.994765266003732,nan
1,1,881,1661735714304,26.006230504807693,0.0
1,3,880,1662468476922,26.01769826913687,nan
1,1,882,1663202526720,26.029186177884615,0.0
1,3,881,1663933881728,26.0406319130609,nan
1,1,883,1665336745472,26.062586786858976,0.0
1,3,882,1666066667786,26.07401010031676,nan
1,1,884,1666797879296,26.08545358974359,0.0
1,3,883,1667526839979,26.096861853637694,nan
1,1,885,1668932204544,26.118855865384617,0.0
1,3,884,1669664010269,26.130308654300006,nan
1,1,886,1670393840640,26.141730528846153,0.0
1,3,885,1671123610568,26.153151457456932,nan
1,1,887,1671855730176,26.164609158653846,0.0
1,3,886,1672588816213,26.17608198450333,nan
1,1,888,1673323366400,26.187577724358974,0.0
1,3,887,1674054393057,26.19901832082895,nan
1,1,889,1674784866816,26.210450264423077,0.0
1,3,888,1676186436197,26.23238488138835,nan
1,1,890,1676919267328,26.243853717948717,0.0
1,3,889,1677651908594,26.255319583114233,nan
1,1,891,1678386266624,26.266812315705128,0.0
1,3,890,1679117287301,26.278252818587866,nan
1,1,892,1679848195584,26.2896915625,0.0
1,3,891,1680576646449,26.30109184772198,nan
1,1,893,1681982719488,26.323096947115385,0.0
1,3,892,1682712557226,26.33451893695538,nan
1,1,894,1683443987456,26.345965849358976,0.0
1,3,893,1684177634359,26.35744745278383,nan
1,1,895,1684911246848,26.368928517628206,0.0
1,3,894,1685642815418,26.380377595058345,nan
1,1,896,1687045364224,26.402327540064103,0.0
1,3,895,1687774828863,26.4137436908898,nan
1,1,897,1688506552832,26.425195200320513,0.0
1,3,896,1689239925965,26.4366725192339,nan
1,1,898,1689973122560,26.448147075320513,0.0
1,3,897,1690705224806,26.459604504801433,nan
1,1,899,1691439700992,26.471099086538462,0.0
1,3,898,1692170570223,26.48253721928523,nan
1,1,900,1692900969984,26.493968004807694,0.0
1,3,899,1693630420367,26.505383932526417,nan
1,1,901,1694361879040,26.516831290064104,0.0
1,3,900,1695768125167,26.538839098291643,nan
1,1,902,1696500544512,26.550301490384616,0.0
1,3,901,1697233542787,26.561772942755283,nan
1,1,903,1697966981632,26.573251290064103,0.0
1,3,902,1698698671132,26.584702260053586,nan
1,1,904,1699427884544,26.59611447916667,0.0
1,3,903,1700158735806,26.607552330697867,nan
1,1,905,1700888957952,26.618980336538463,0.0
1,3,904,1701618885476,26.630403731532954,nan
1,1,906,1702350187520,26.641848637820512,0.0
1,3,905,1703750841573,26.66376892986591,nan
1,1,907,1704483764224,26.67523919871795,0.0
1,3,906,1705216130160,26.686700754957933,nan
1,1,908,1705949942784,26.69818495192308,0.0
1,3,907,1706681254401,26.709630008028473,nan
1,1,909,1707410546688,26.72104346153846,0.0
1,3,908,1708813072259,26.74299304291554,nan
1,1,910,1709543315456,26.75442137820513,0.0
1,3,909,1710272546588,26.765833874636918,nan
1,1,911,1711003899904,26.777279583333335,0.0
1,3,910,1711737538236,26.788761052621695,nan
1,1,912,1712470203904,26.800227299679488,0.0
1,3,911,1713202826818,26.81169287763547,nan
1,1,913,1713936483840,26.823174639423076,0.0
1,3,912,1714668390358,26.834629005752955,nan
1,1,914,1715402520576,26.846118173076924,0.0
1,3,913,1716805964092,26.86808212033003,nan
1,1,915,1717535293952,26.879496161858974,0.0
1,3,914,1718265807591,26.8909287295767,nan
1,1,916,1718995837440,26.90235372596154,0.0
1,3,915,1719725610120,26.913774697641227,nan
1,1,917,1720456450048,26.925212371794874,0.0
1,3,916,1721185455154,26.936621330910707,nan
1,1,918,1721917235712,26.94807372596154,0.0
1,3,917,1722650691001,26.959552330619616,nan
1,1,919,1723383388672,26.971019078525643,0.0
1,3,918,1724115969866,26.98248400356195,nan
1,1,920,1725522331648,27.00449362179487,0.0
1,3,919,1726252925105,27.015927438667493,nan
1,1,921,1726982991360,27.027353004807694,0.0
1,3,920,1728385205294,27.049297709053235,nan
1,1,922,1729116035584,27.060735232371794,0.0
1,3,921,1729845261797,27.07214765182104,nan
1,1,923,1730576995840,27.083599318910256,0.0
1,3,922,1731310756208,27.095082698066907,nan
1,1,924,1732043561472,27.10655112980769,0.0
1,3,923,1732776060650,27.118014771290316,nan
1,1,925,1733509693952,27.129496161858974,0.0
1,3,924,1734241175173,27.140943872273763,nan
1,1,926,1734970485760,27.15235761217949,0.0
1,3,925,1736372802572,27.174303926469854,nan
1,1,927,1737104061440,27.185748157051282,0.0
1,3,926,1737837843357,27.197231873450647,nan
1,1,928,1738570973696,27.208705392628207,0.0
1,3,927,1739302703404,27.2201569918745,nan
1,1,929,1740031879168,27.23156862179487,0.0
1,3,928,1740762509007,27.24300300804725,nan
1,1,930,1741492655104,27.25442982371795,0.0
1,3,929,1742222424685,27.265850746898163,nan
1,1,931,1742953655296,27.27729453525641,0.0
1,3,930,1744358879204,27.299286345715647,nan
1,3,931,1745754037457,27.321120628270858,nan
1,1,932,1746485027328,27.332560649038463,0.0
1,3,932,1747213585503,27.343962613666243,nan
1,1,933,1747945747968,27.355420985576924,0.0
1,3,933,1748678609899,27.36689030415853,nan
1,1,934,1749412145664,27.37837016826923,0.0
1,3,934,1750143362944,27.389813747996797,nan
1,1,935,1751545627136,27.411759238782054,0.0
1,3,935,1752274714883,27.423169491232848,nan
1,1,936,1753006937600,27.434628806089744,0.0
1,3,936,1753740253833,27.44610523451585,nan
1,1,937,1754473420288,27.457579318910255,0.0
1,3,937,1755204936212,27.469027572428388,nan
1,1,938,1756606411264,27.490960713141025,0.0
1,3,938,1757336264099,27.502382939249674,nan
1,1,939,1758067155456,27.51382141826923,0.0
1,3,939,1758796027715,27.525228298324194,nan
1,1,940,1759528039936,27.536684318910257,0.0
1,3,940,1760261264094,27.548159306358926,nan
1,1,941,1761667329536,27.570164286858976,0.0
1,3,941,1762398387260,27.581605369528745,nan
1,1,942,1763128559104,27.593032588141025,0.0
1,3,942,1763857746412,27.604444398725462,nan
1,1,943,1764589514240,27.615896594551284,0.0
1,3,943,1765322700657,27.62737099135179,nan
1,1,944,1766055675904,27.638842083333333,0.0
1,3,944,1767459966179,27.660819282398712,nan
1,1,945,1768194201088,27.672310088141025,0.0
1,3,945,1768925407345,27.6837534953582,nan
1,1,946,1769654615040,27.695165625,0.0
1,3,946,1770385028632,27.706596626978165,nan
1,1,947,1771115022336,27.718021057692308,0.0
1,3,947,1771844938683,27.7294442777663,nan
1,1,948,1772575587328,27.740878958333333,0.0
1,3,948,1773305150294,27.75229664798052,nan
1,1,949,1774036440576,27.76374137019231,0.0
1,3,949,1775437055202,27.785661045203575,nan
1,1,950,1776169447936,27.797123020833332,0.0
1,3,950,1776902563431,27.8085963077017,nan
1,1,951,1777636043264,27.82007529647436,0.0
1,3,951,1778368202743,27.83153362165402,nan
1,1,952,1779102202880,27.843020753205128,0.0
1,3,952,1779833708410,27.85446884405674,nan
1,1,953,1780562892800,27.86588060897436,0.0
1,3,953,1781293697832,27.87731773700421,nan
1,1,954,1782023528448,27.888739615384615,0.0
1,3,954,1783426038442,27.91068895298102,nan
1,1,955,1784157083648,27.92212983974359,0.0
1,3,955,1784886333507,27.933542629253683,nan
1,1,956,1785617949696,27.944992451923078,0.0
1,3,956,1786352042451,27.956481032949593,nan
1,1,957,1787084316160,27.967941145833333,0.0
1,3,957,1787817946449,27.979422489248424,nan
1,1,958,1788550572544,27.99088811698718,0.0
1,3,958,1789283683554,28.002361333665114,nan
1,1,959,1790688910848,28.024353197115385,0.0
1,3,959,1791421484103,28.035817997906026,nan
1,1,960,1792155381248,28.047303517628205,0.0
1,3,960,1792887334861,28.05875862099672,nan
1,1,961,1793616181760,28.070165104166666,0.0
1,3,961,1794347227497,28.081605999239407,nan
1,1,962,1795077056512,28.093027852564102,0.0
1,3,962,1795807110427,28.10445322558281,nan
1,1,963,1796537677824,28.115886634615386,0.0
1,3,963,1797938498714,28.137809537666516,nan
1,1,964,1798670787584,28.149269887820513,0.0
1,3,964,1799403744820,28.16074069792919,nan
1,1,965,1800137238016,28.172219895833333,0.0
1,3,965,1800869607343,28.183681505142605,nan
1,1,966,1801603377664,28.195165040064104,0.0
1,3,966,1802335240501,28.20661872278458,nan
1,1,967,1803064305664,28.218028621794872,0.0
1,3,967,1803795625181,28.229473801535583,nan
1,1,968,1804525174272,28.24089127403846,0.0
1,3,968,1805255234685,28.252316748751127,nan
1,1,969,1806659233792,28.274289391025643,0.0
1,3,969,1807392194030,28.285760248115736,nan
1,1,970,1808126291968,28.29724891025641,0.0
1,3,970,1808858194297,28.30870321102827,nan
1,1,971,1809587248640,28.32011294070513,0.0
1,3,971,1810318735125,28.33156073350173,nan
1,1,972,1811048535552,28.34298213942308,0.0
1,3,972,1811778977460,28.35441358454778,nan
1,1,973,1812510032384,28.365854623397436,0.0
1,3,973,1813239083094,28.3772642962177,nan
1,1,974,1814644305920,28.39925608974359,0.0
1,3,974,1815376188863,28.410710087123775,nan
1,1,975,1816105357312,28.422121602564104,0.0
1,3,975,1816835903329,28.433554676998824,nan
1,1,976,1817566592512,28.444989991987182,0.0
1,3,976,1818295672075,28.456400116358047,nan
1,1,977,1819027609088,28.4678549599359,0.0
1,3,977,1819761219731,28.4793359958903,nan
1,1,978,1821166905856,28.501335040064102,0.0
1,3,978,1821899249147,28.51279624190893,nan
1,1,979,1822633314816,28.52428439903846,0.0
1,3,979,1823364775812,28.53573179293119,nan
1,1,980,1824094811648,28.54715688301282,0.0
1,3,980,1824825369376,28.558590140725162,nan
1,1,981,1826228408320,28.580547756410258,0.0
1,3,981,1826958184099,28.591968776589418,nan
1,1,982,1827689450496,28.603413125,0.0
1,3,982,1828418348107,28.61482040181478,nan
1,1,983,1829150937600,28.62628545673077,0.0
1,3,983,1829884402643,28.63776421403934,nan
1,1,984,1830617690624,28.649240200320513,0.0
1,3,984,1831350533460,28.660709220064604,nan
1,1,985,1832084653568,28.672198229166668,0.0
1,3,985,1833488799924,28.69417317589393,nan
1,1,986,1834218478080,28.705592668269233,0.0
1,3,986,1834949124711,28.717027317317083,nan
1,1,987,1835679523328,28.728458084935898,0.0
1,3,987,1836409863172,28.739887932754907,nan
1,1,988,1837140487168,28.751322227564103,0.0
1,3,988,1837870636956,28.7627491009991,nan
1,1,989,1839273322496,28.784701185897436,0.0
1,3,989,1840004433697,28.7961431054844,nan
1,1,990,1840733632000,28.807555088141026,0.0
1,3,990,1841465075907,28.81900221459022,nan
1,1,991,1842194368512,28.830415673076924,0.0
1,3,991,1842925069932,28.84185117957482,nan
1,1,992,1843655132672,28.85327669070513,0.0
1,3,992,1844384773650,28.86469560124324,nan
1,1,993,1845116247040,28.876143189102564,0.0
1,3,993,1846517780887,28.89807724995931,nan
1,1,994,1847249328128,28.909525993589746,0.0
1,3,994,1847978648371,28.920939884612256,nan
1,1,995,1848709700096,28.932380873397438,0.0
1,3,995,1849438961889,28.943793849675107,nan
1,1,996,1850170160640,28.955237139423076,0.0
1,3,996,1850898546824,28.966636412384815,nan
1,1,997,1851630862848,28.9780971875,0.0
1,3,997,1852363495460,28.989562917230067,nan
1,1,998,1853769112576,29.011560881410258,0.0
1,3,998,1854500791177,29.023011680829953,nan
1,1,999,1855229729792,29.034419599358976,0.0
1,3,999,1855960894769,29.045862360542493,nan
1,1,1000,1856690284544,29.05727733974359,0.0
1,3,1000,1857421059283,29.068713993686774,nan
1,1,1001,1858823362048,29.090660088141025,0.0
1,3,1001,1859553462362,29.10208618730594,nan
1,1,1002,1860283891712,29.113517435897435,0.0
1,3,1002,1861013476361,29.12493546488444,nan
1,1,1003,1861744804352,29.13638077724359,0.0
1,3,1003,1862478898580,29.147869381322618,nan
1,1,1004,1863210713600,29.15932231570513,0.0
1,3,1004,1863944135968,29.17080040514824,nan
1,1,1005,1865349397504,29.19279280448718,0.0
1,3,1005,1866080778902,29.20423895266802,nan
1,1,1006,1866810186752,29.21565421474359,0.0
1,3,1006,1867540119104,29.227077685296475,nan
1,1,1007,1868270731264,29.238511794871794,0.0
1,3,1007,1868999188455,29.24991217909593,nan
1,1,1008,1869731314688,29.261369983974358,0.0
1,3,1008,1871141179210,29.283434420228616,nan
1,1,1009,1871870514688,29.29484854967949,0.0
1,3,1009,1872600782575,29.306277271368565,nan
1,1,1010,1873331674112,29.31771575320513,0.0
1,3,1010,1874060470438,29.3291214449056,nan
1,1,1011,1874792581632,29.340579014423078,0.0
1,3,1011,1875525807655,29.35205403105907,nan
1,1,1012,1876931358208,29.374050953525643,0.0
1,3,1012,1877663567781,29.38551006267841,nan
1,1,1013,1878398006272,29.39700405448718,0.0
1,3,1013,1879129146673,29.408446431055314,nan
1,1,1014,1879858693632,29.41986387019231,0.0
1,3,1014,1880589200082,29.431296325401895,nan
1,1,1015,1881991396352,29.45324075320513,0.0
1,3,1015,1882720595555,29.46465274994679,nan
1,1,1016,1883452069376,29.476100344551284,0.0
1,3,1016,1884185476597,29.487578196943236,nan
1,1,1017,1884918059520,29.499043149038464,0.0
1,3,1017,1885650593154,29.510507329758866,nan
1,1,1018,1887056711680,29.532513141025643,0.0
1,3,1018,1887787565816,29.543951037535056,nan
1,1,1019,1888517895168,29.555380721153846,0.0
1,3,1019,1889246914718,29.56678990631886,nan
1,1,1020,1889978589184,29.57824064102564,0.0
1,3,1020,1890711580205,29.58971197987092,nan
1,1,1021,1891444760064,29.60118627403846,0.0
1,3,1021,1892176880580,29.612643989445615,nan
1,1,1022,1892910860288,29.624130801282053,0.0
1,3,1022,1894314295587,29.64609461993878,nan
1,1,1023,1895044022272,29.657514871794874,0.0
1,3,1023,1895774370003,29.66894484304575,nan
1,1,1024,1897177645056,29.690906153846154,0.0
1,3,1024,1897906290784,29.70230948868189,nan
1,1,1025,1898638403584,29.713767083333334,0.0
1,3,1025,1899372175850,29.72525064869416,nan
1,1,1026,1900104631808,29.73671361378205,0.0
1,3,1026,1900837963133,29.748190278398564,nan
1,1,1027,1901570649088,29.75965684294872,0.0
1,3,1027,1902303898891,29.771132231742666,nan
1,1,1028,1903036845568,29.782602876602564,0.0
1,3,1028,1903769542300,29.794069609813203,nan
1,1,1029,1905175896064,29.816079102564103,0.0
1,3,1029,1905906725385,29.827516610717776,nan
1,1,1030,1907309085184,29.84946359775641,0.0
1,3,1030,1908039117708,29.860888636005107,nan
1,1,1031,1908770082816,29.87232826923077,0.0
1,3,1031,1909499469099,29.88374319378193,nan
1,1,1032,1910231003136,29.89519173076923,0.0
1,3,1032,1910959921377,29.906599330444337,nan
1,1,1033,1911692114944,29.918058189102563,0.0
1,3,1033,1912425795176,29.929540314127603,nan
1,1,1034,1913158849024,29.94101263621795,0.0
1,3,1034,1913891569149,29.952479735529973,nan
1,1,1035,1915298151424,29.97449280448718,0.0
1,3,1035,1916029347683,29.985936055235253,nan
1,1,1036,1916759320576,29.99736016025641,0.0
1,3,1036,1917489338121,30.00878496408316,nan
1,1,1037,1918220307456,30.02022466346154,0.0
1,3,1037,1918949120684,30.03163061967899,nan
1,1,1038,1919680882176,30.043082716346156,0.0
1,3,1038,1920414048323,30.054556795920348,nan
1,1,1039,1921819905536,30.076558517628207,0.0
1,3,1039,1922550894010,30.087998516532704,nan
1,1,1040,1923281248256,30.099428589743592,0.0
1,3,1040,1924010460511,30.110840790749574,nan
1,1,1041,1924742550528,30.122298028846156,0.0
1,3,1041,1926148500683,30.144301205100035,nan
1,1,1042,1926881299968,30.15576954326923,0.0
1,3,1042,1927614173272,30.167239039838744,nan
1,1,1043,1928348163584,30.178726017628208,0.0
1,3,1043,1929079575016,30.190172635842348,nan
1,1,1044,1929809360384,30.201593806089743,0.0
1,3,1044,1930539232661,30.213016336466474,nan
1,1,1045,1931270303744,30.22445762820513,0.0
1,3,1045,1931998926137,30.235860597847182,nan
1,1,1046,1932731148800,30.247319911858977,0.0
1,3,1046,1933463651528,30.25878360889924,nan
1,1,1047,1934870169600,30.280795673076923,0.0
1,3,1047,1935601111613,30.29223494486491,nan
1,1,1048,1936331345920,30.30366314102564,0.0
1,3,1048,1937061093863,30.31508372557029,nan
1,1,1049,1937792404480,30.326528766025643,0.0
1,3,1049,1938526595437,30.338018883917393,nan
1,1,1050,1939258620416,30.349475104166668,0.0
1,3,1050,1939992380660,30.360958481382713,nan
1,1,1051,1940724746240,30.372420032051284,0.0
1,3,1051,1942130164329,30.39441488145095,nan
1,1,1052,1942863109120,30.405885496794873,0.0
1,3,1052,1943595237882,30.417343341252256,nan
1,1,1053,1944328812544,30.428823814102564,0.0
1,3,1053,1945060501379,30.44027477368477,nan
1,1,1054,1945789466624,30.45168310897436,0.0
1,3,1054,1946520042278,30.463116647229317,nan
1,1,1055,1947250019328,30.474540817307695,0.0
1,3,1055,1947979641047,30.48595942644168,nan
1,1,1056,1949383175680,30.50792479967949,0.0
1,3,1056,1950111794774,30.519327717692057,nan
1,1,1057,1950844076032,30.53078794871795,0.0
1,3,1057,1951577620461,30.542267948420598,nan
1,1,1058,1952310456320,30.55373685897436,0.0
1,3,1058,1953043237747,30.56520491766514,nan
1,1,1059,1953776801280,30.576685216346156,0.0
1,3,1059,1954508397830,30.588134731664415,nan
1,1,1060,1955909854720,30.61006758814103,0.0
1,3,1060,1956640021636,30.62149472962991,nan
1,1,1061,1957370391552,30.632925048076924,0.0
1,3,1061,1958099962918,30.644342869184445,nan
1,1,1062,1958831195136,30.65578668269231,0.0
1,3,1062,1959559908311,30.6671910730763,nan
1,1,1063,1960291574272,30.678641674679486,0.0
1,3,1063,1961024751465,30.690115927124026,nan
1,1,1064,1962430367744,30.71211387820513,0.0
1,3,1064,1963160862936,30.723546157226565,nan
1,1,1065,1963891425792,30.73497949519231,0.0
1,3,1065,1964619954822,30.74638100369967,nan
1,1,1066,1965352408576,30.757843934294872,0.0
1,3,1066,1966084121109,30.76929526475173,nan
1,1,1067,1966813867520,30.780715825320513,0.0
1,3,1067,1967542870460,30.792124750538363,nan
1,1,1068,1968947945984,30.814114238782054,0.0
1,3,1068,1969678859573,30.8255530657333,nan
1,1,1069,1970409040384,30.83698042467949,0.0
1,3,1069,1971137809627,30.848385692529924,nan
1,1,1070,1971870535168,30.859852876602567,0.0
1,3,1070,1972602406518,30.871306692551833,nan
1,1,1071,1973331795968,30.88272166666667,0.0
1,3,1071,1974061573148,30.894142708771536,nan
1,1,1072,1974792430592,30.90558065705128,0.0
1,3,1072,1976203360613,30.927661768407578,nan
1,1,1073,1976937341952,30.939148605769233,0.0
1,3,1073,1977667602690,30.95057721557617,nan
1,1,1074,1978398662144,30.962018325320514,0.0
1,3,1074,1979132032674,30.973495603496847,nan
1,1,1075,1979865411072,30.984973004807692,0.0
1,3,1075,1980596581413,30.99641584993803,nan
1,1,1076,1981326234624,31.007834951923076,0.0
1,3,1076,1982055735763,31.019251673975237,nan
1,1,1077,1982787179520,31.030698798076923,0.0
1,3,1077,1984192252223,31.05268824217185,nan
1,1,1078,1984926841856,31.064184599358974,0.0
1,3,1078,1985657178834,31.07561440232497,nan
1,1,1079,1986388270592,31.087056017628207,0.0
1,3,1079,1987116728432,31.098456412009217,nan
1,1,1080,1987848803840,31.10991342147436,0.0
1,3,1080,1988581623814,31.121382083427235,nan
1,1,1081,1989315184128,31.13286233173077,0.0
1,3,1081,1990051878267,31.14439162452111,nan
1,1,1082,1991453755392,31.166331057692307,0.0
1,3,1082,1992182421759,31.177734715529223,nan
1,1,1083,1992914906624,31.189198133012823,0.0
1,3,1083,1993646403730,31.200646092028496,nan
1,1,1084,1994376061952,31.212065272435897,0.0
1,3,1084,1995105757237,31.223485032880735,nan
1,1,1085,1996509823488,31.24545872596154,0.0
1,3,1085,1997242909609,31.25693155312563,nan
1,1,1086,1997976694272,31.2684153125,0.0
1,3,1086,1998707972395,31.27985984442295,nan
1,1,1087,1999438758912,31.29129668269231,0.0
1,3,1087,2000167419098,31.302700243796323,nan
1,1,1088,2000900411392,31.3141716025641,0.0
1,3,1088,2001632652384,31.32563120342548,nan
1,1,1089,2002367233024,31.337127419871795,0.0
1,3,1089,2003098089461,31.348565352391955,nan
1,1,1090,2003828580864,31.359997572115386,0.0
1,3,1090,2005234856798,31.38200584682367,nan
1,1,1091,2005968023040,31.393479927884616,0.0
1,3,1091,2006700004062,31.404935460205078,nan
1,1,1092,2008102084096,31.426878068910256,0.0
1,3,1092,2008831363190,31.438291315949268,nan
1,1,1093,2009563595264,31.44975077724359,0.0
1,3,1093,2010296197114,31.461216025547127,nan
1,1,1094,2011031004672,31.47271579326923,0.0
1,3,1094,2011761278338,31.48414460539989,nan
1,1,1095,2012492785664,31.495592724358975,0.0
1,3,1095,2013226466572,31.507074859963442,nan
1,1,1096,2013959574016,31.518548020833336,0.0
1,3,1096,2014691664023,31.530005258773414,nan
1,1,1097,2016093378560,31.5519421474359,0.0
1,3,1097,2016822922269,31.563359535710262,nan
1,1,1098,2017554731520,31.574812379807693,0.0
1,3,1098,2018287564201,31.586281240625627,nan
1,1,1099,2019021207040,31.59776278044872,0.0
1,3,1099,2019752295219,31.60920433974046,nan
1,1,1100,2020482466816,31.62063155448718,0.0
1,3,1100,2021211563747,31.632041950667944,nan
1,1,1101,2021944026624,31.64350502403846,0.0
1,3,1101,2022676127333,31.65496242946527,nan
1,1,1102,2024083527680,31.67698830128205,0.0
1,3,1102,2024812647392,31.68839905398638,nan
1,1,1103,2025544961024,31.69985979166667,0.0
1,3,1103,2026277770582,31.711328290608726,nan
1,1,1104,2027684352512,31.73334135416667,0.0
1,3,1104,2028414467785,31.744767687440532,nan
1,1,1105,2029145180672,31.756203373397437,0.0
1,3,1105,2029873582194,31.76760288639949,nan
1,1,1106,2030605929984,31.779064158653846,0.0
1,3,1106,2031338903549,31.790535224312023,nan
1,1,1107,2032072082944,31.80200951121795,0.0
1,3,1107,2032804461945,31.813471271925707,nan
1,1,1108,2033538520064,31.824959310897437,0.0
1,3,1108,2034942355682,31.84692939456255,nan
1,1,1109,2035672129536,31.858350384615385,0.0
1,3,1109,2036402303106,31.869777630239636,nan
1,1,1110,2037133025280,31.88121346153846,0.0
1,3,1110,2037861769772,31.892618342034755,nan
1,1,1111,2038593948672,31.90407697115385,0.0
1,3,1111,2039327220157,31.91555269927196,nan
1,1,1112,2040060303360,31.92702548076923,0.0
1,3,1112,2040792942899,31.938491318907126,nan
1,1,1113,2041527025152,31.949979735576925,0.0
1,3,1113,2042930526888,31.971944593975362,nan
1,1,1114,2043660857856,31.983374302884616,0.0
1,3,1114,2044390559814,31.99479416776217,nan
1,1,1115,2045121630208,32.00623544871795,0.0
1,3,1115,2045850417632,32.017641001101765,nan
1,1,1116,2046582728704,32.02910169871795,0.0
1,3,1116,2047992322871,32.05116190390562,nan
1,1,1117,2048721674240,32.06257628205128,0.0
1,3,1117,2049451731172,32.07400170228616,nan
1,1,1118,2050183011840,32.08544627403846,0.0
1,3,1118,2050911945861,32.0968541206712,nan
1,1,1119,2051644884480,32.10832463942308,0.0
1,3,1119,2052377026070,32.119782684639176,nan
1,1,1120,2053106485760,32.13119875801282,0.0
1,3,1120,2053836554678,32.14262436582908,nan
1,1,1121,2054568128512,32.154073525641024,0.0
1,3,1121,2055978928381,32.176152600113305,nan
1,1,1122,2056713438208,32.18764770833334,0.0
1,3,1122,2057444179089,32.19908383239746,nan
1,1,1123,2058175106048,32.21052286858974,0.0
1,3,1123,2058908979236,32.22200801338391,nan
1,1,1124,2059641893376,32.23347814903846,0.0
1,3,1124,2060374558634,32.24494438967974,nan
1,1,1125,2061108670976,32.25643327724359,0.0
1,3,1125,2061839825694,32.26787587787335,nan
1,1,1126,2062569715712,32.27929868589744,0.0
1,3,1126,2063299771602,32.29072408982497,nan
1,1,1127,2064703786496,32.31269697916667,0.0
1,3,1127,2065437139001,32.32417397525103,nan
1,1,1128,2066170473472,32.335650689102565,0.0
1,3,1128,2066902218697,32.34710253119053,nan
1,1,1129,2067631636480,32.35851794871795,0.0
1,3,1129,2069033784652,32.38046162378556,nan
1,1,1130,2069765858816,32.39191861378205,0.0
1,3,1130,2070498718934,32.40338790399014,nan
1,1,1131,2071232762368,32.41487571314103,0.0
1,3,1131,2071964208749,32.42632287830842,nan
1,1,1132,2072694119424,32.43774600961539,0.0
1,3,1132,2073423945742,32.44916782073192,nan
1,1,1133,2074155460608,32.460616057692306,0.0
1,3,1133,2074889159576,32.4720984759365,nan
1,1,1134,2075622179328,32.48357026442308,0.0
1,3,1134,2077030873332,32.50561638202374,nan
1,1,1135,2077761095680,32.51704439102564,0.0
1,3,1135,2078490204315,32.528454970374476,nan
1,1,1136,2079222128640,32.539909615384616,0.0
1,3,1136,2079955078180,32.55138030505058,nan
1,1,1137,2080688456192,32.562857700320514,0.0
1,3,1137,2081419324355,32.57429581635304,nan
1,1,1138,2082149772800,32.585727363782055,0.0
1,3,1138,2082878221679,32.59712761792305,nan
1,1,1139,2083611274240,32.60859991987179,0.0
1,3,1139,2085019909826,32.63064512322842,nan
1,1,1140,2085750904832,32.64208522435897,0.0
1,3,1140,2087161779227,32.66416546516614,nan
1,1,1141,2087896528384,32.67566431891026,0.0
1,3,1141,2088625905072,32.68707909329928,nan
1,1,1142,2089358342656,32.69854177083334,0.0
1,3,1142,2090090166080,32.70999483673878,nan
1,1,1143,2090819874304,32.721414799679486,0.0
1,3,1143,2091549984482,32.7328410532164,nan
1,1,1144,2092281267200,32.744285657051286,0.0
1,3,1144,2093009964687,32.75568980191744,nan
1,1,1145,2093742957568,32.7671611698718,0.0
1,3,1145,2095147317752,32.78913946301583,nan
1,1,1146,2095877493248,32.80056673878205,0.0
1,3,1146,2096606700972,32.8119788688777,nan
1,1,1147,2097339351552,32.823444879807695,0.0
1,3,1147,2098071576374,32.83490422760792,nan
1,1,1148,2099473993216,32.85685210737179,0.0
1,3,1148,2100202659007,32.86825575619429,nan
1,1,1149,2100935112192,32.87971867788462,0.0
1,3,1149,2101667930190,32.89118730891301,nan
1,1,1150,2102401811456,32.902672580128204,0.0
1,3,1150,2103133334497,32.91412094502767,nan
1,1,1151,2103863301632,32.9255449599359,0.0
1,3,1151,2104592509318,32.93695708943685,nan
1,1,1152,2105324512256,32.94841296474359,0.0
1,3,1152,2106057118493,32.95987828170385,nan
1,1,1153,2106790988288,32.97136337339744,0.0
1,3,1153,2108198352504,32.993388679762624,nan
1,1,1154,2108929962496,33.004838405448716,0.0
1,3,1154,2109662660102,33.01630515233749,nan
1,1,1155,2110396161024,33.02778447115385,0.0
1,3,1155,2111126753179,33.039218267650114,nan
1,1,1156,2111857180160,33.050649479166665,0.0
1,3,1156,2112585370432,33.062045686097754,nan
1,1,1157,2113318711296,33.0735225,0.0
1,3,1157,2114049674975,33.08496211086175,nan
1,1,1158,2114780018688,33.09639201923077,0.0
1,3,1158,2116185499725,33.11838785376916,nan
1,1,1159,2116919325696,33.12987225961538,0.0
1,3,1159,2117649983967,33.141307090829706,nan
1,1,1160,2118380645376,33.152741971153844,0.0
1,3,1160,2119108877706,33.16413883629432,nan
1,1,1161,2120514717184,33.18614028044872,0.0
1,3,1161,2121244775168,33.197565717147434,nan
1,1,1162,2121976326144,33.20901451923077,0.0
1,3,1162,2122709473937,33.220488311564125,nan
1,1,1163,2123442806272,33.231964991987184,0.0
1,3,1163,2124174161441,33.24341072968312,nan
1,1,1164,2124904126976,33.25483471955128,0.0
1,3,1164,2126304937907,33.27675746674367,nan
1,1,1165,2127038152192,33.288232299679485,0.0
1,3,1165,2127769747264,33.29968179186699,nan
1,1,1166,2128499477504,33.311102099358976,0.0
1,3,1166,2129229235415,33.32252283990322,nan
1,1,1167,2129960651776,33.33396953525641,0.0
1,3,1167,2130694327412,33.34545158835387,nan
1,1,1168,2131427314688,33.35692286858974,0.0
1,3,1168,2132159180293,33.36837659462953,nan
1,1,1169,2133561139712,33.390317315705126,0.0
1,3,1169,2134290827157,33.40173695345365,nan
1,1,1170,2135022398464,33.41318607371795,0.0
1,3,1170,2135755771174,33.42466338601137,nan
1,1,1171,2136489395712,33.43614463942308,0.0
1,3,1171,2137892728988,33.458106861415764,nan
1,1,1172,2138623066112,33.46953666666667,0.0
1,3,1172,2139352040513,33.48094514524802,nan
1,1,1173,2140084191232,33.492403333333336,0.0
1,3,1173,2140817108953,33.50387352503068,nan
1,1,1174,2141550474240,33.515350721153844,0.0
1,3,1174,2142282287979,33.526803635488655,nan
1,1,1175,2143011400704,33.538214278846155,0.0
1,3,1175,2143741575954,33.54964155076247,nan
1,1,1176,2144471849472,33.56107036057693,0.0
1,3,1176,2145201013953,33.572481813917896,nan
1,1,1177,2145932463616,33.58392903044872,0.0
1,3,1177,2146666336852,33.595414175994094,nan
1,1,1178,2148070798336,33.61739405448718,0.0
1,3,1178,2148803563974,33.628861866079475,nan
1,1,1179,2149536750080,33.64033625801282,0.0
1,1,1180,2150981625344,33.66294861378205,0.0
1,3,1180,2151712350537,33.67438449232835,nan
1,1,1181,2152442619392,33.68581322916667,0.0
1,3,1181,2153172032246,33.69722856955504,nan
1,1,1182,2154575787520,33.71919739583333,0.0
1,3,1182,2155309667445,33.73068264606182,nan
1,1,1183,2156041564160,33.74213685897436,0.0
1,3,1183,2156775380991,33.753621121779226,nan
1,1,1184,2157508084736,33.76508796474359,0.0
1,3,1184,2158241095558,33.776559613475314,nan
1,1,1185,2158974302208,33.788034326923075,0.0
1,3,1185,2160378270456,33.81000648625301,nan
1,1,1186,2161108795392,33.82143923076923,0.0
1,1,1187,2161156999680,33.82219362980769,0.0
1,3,1186,2161896497057,33.833766793385045,nan
1,1,1188,2162625781248,33.84518012019231,0.0
1,3,1187,2163356645186,33.85661817010342,nan
1,1,1189,2164087207936,33.86805150641026,0.0
1,3,1188,2164815883508,33.87945530830579,nan
1,1,1190,2166220841984,33.90144296474359,0.0
1,3,1189,2166953091176,33.912902693935294,nan
1,1,1191,2167687308288,33.92439322115385,0.0
1,3,1190,2168418812919,33.93584129793607,nan
1,1,1192,2169147965952,33.94725257211539,0.0
1,3,1191,2169878709165,33.958688732675405,nan
1,1,1193,2170608469504,33.97010951121795,0.0
1,3,1192,2171338121049,33.981528587130036,nan
1,1,1194,2172069281792,33.992971282051286,0.0
1,3,1193,2172797782268,34.0043723436874,nan
1,1,1195,2173530441216,34.01583848557692,0.0
1,3,1194,2174935254646,34.03782387203901,nan
1,1,1196,2175669360640,34.04931266025641,0.0
1,3,1195,2176400838152,34.0607603126252,nan
1,1,1197,2177130447872,34.07217873397436,0.0
1,3,1196,2177860960171,34.08361128072103,nan
1,1,1198,2178591397376,34.09504265224359,0.0
1,3,1197,2179321356121,34.106466535847986,nan
1,1,1199,2180724289536,34.1284225,0.0
1,3,1198,2181453074659,34.13982801637307,nan
1,1,1200,2182184743936,34.15127866987179,0.0
1,3,1199,2182918498938,34.16276196505033,nan
1,1,1201,2183650649600,34.17422015224359,0.0
1,3,1200,2184384265231,34.185701266260395,nan
1,1,1202,2185788592128,34.20767903846154,0.0
1,3,1201,2186522086781,34.21915825916779,nan
1,1,1203,2187254704640,34.23062375801282,0.0
1,3,1202,2187987617043,34.24209386648325,nan
1,1,1204,2189393048064,34.26408891826923,0.0
1,3,1203,2190125269127,34.27554820724096,nan
1,1,1205,2190859535360,34.28703950320513,0.0
1,3,1204,2191590802977,34.29848387070876,nan
1,1,1206,2192320336896,34.309901105769235,0.0
1,3,1205,2193051318720,34.32134100060096,nan
1,1,1207,2193781125120,34.3327625,0.0
1,3,1206,2194511714153,34.344196247636845,nan
1,1,1208,2195241841152,34.355622764423074,0.0
1,3,1207,2196643682031,34.377561630342925,nan
1,1,1209,2197375126016,34.38900875801282,0.0
1,3,1208,2198109083278,34.40049521856846,nan
1,1,1210,2198841091584,34.41195117788462,0.0
1,3,1209,2199574300192,34.42342592197516,nan
1,1,1211,2200307596288,34.434902035256414,0.0
1,3,1210,2201039883692,34.44636236246745,nan
1,1,1212,2201774261760,34.45785540865385,0.0
1,3,1211,2202505230658,34.46929510119316,nan
1,1,1213,2203235360256,34.48072165865385,0.0
1,3,1212,2204637112030,34.50265913007687,nan
1,1,1214,2205368321024,34.5141025801282,0.0
1,3,1213,2206097218177,34.52550984977527,nan
1,1,1215,2206828818944,34.53695943108974,0.0
1,3,1214,2207562702362,34.54844473598383,nan
1,1,1216,2208295278080,34.55990957532051,0.0
1,3,1215,2209027692979,34.57137189783341,nan
1,1,1217,2209761344000,34.58285356570513,0.0
1,3,1216,2210492352833,34.594293883228794,nan
1,1,1218,2211894258688,34.616233766025644,0.0
1,1,1219,2213285330944,34.6380041025641,0.0
1,3,1217,2214015049669,34.64942422984588,nan
1,1,1220,2214746007552,34.660863750000004,0.0
1,3,1218,2216156539170,34.68293862633338,nan
1,1,1221,2216889799680,34.694414182692306,0.0
1,3,1219,2217621076673,34.70585869693072,nan
1,1,1222,2218350836736,34.717279471153844,0.0
1,3,1220,2219080188024,34.72869384803185,nan
1,1,1223,2219811752448,34.740142860576924,0.0
1,3,1221,2220544856080,34.751615961788865,nan
1,1,1224,2221278367232,34.76309544070513,0.0
1,3,1222,2222009171376,34.77453255483774,nan
1,1,1225,2222739217408,34.78595780448718,0.0
1,3,1223,2224140681022,34.80789076619466,nan
1,1,1226,2224872484864,34.819343525641024,0.0
1,3,1224,2226277911223,34.84133850446652,nan
1,1,1227,2227011335168,34.85281661858974,0.0
1,3,1225,2227742980688,34.86426690029047,nan
1,1,1228,2228472251904,34.87568002403846,0.0
1,3,1226,2229202805755,34.887113221075595,nan
1,1,1229,2229932842496,34.898538325320516,0.0
1,3,1227,2230662574003,34.9099586526411,nan
1,1,1230,2231393499136,34.92139766025641,0.0
1,3,1228,2232122005345,34.932798811614205,nan
1,1,1231,2232853680128,34.944249551282056,0.0
1,3,1229,2233586974963,34.955725644828604,nan
1,1,1232,2234992192512,34.97771735576923,0.0
1,3,1230,2235723837043,34.98916762199206,nan
1,1,1233,2236452721152,35.0005746875,0.0
1,3,1231,2237183730220,35.012015008701425,nan
1,1,1234,2237913500160,35.023435937500004,0.0
1,3,1232,2238643646429,35.034862755862505,nan
1,1,1235,2239374502912,35.046300689102566,0.0
1,3,1233,2240103288709,35.05770621602377,nan
1,1,1236,2240835309568,35.069162371794874,0.0
1,3,1234,2242241069304,35.09116256798377,nan
1,1,1237,2242973861888,35.102630801282054,0.0
1,3,1235,2243706735763,35.11410030678773,nan
1,1,1238,2244440068608,35.12557699519231,0.0
1,3,1236,2245172702257,35.13704274115147,nan
1,1,1239,2245906309120,35.14852371794872,0.0
1,3,1237,2246638814136,35.15998745079627,nan
1,1,1240,2247372462080,35.17146907051282,0.0
1,3,1238,2248777141551,35.193452360511195,nan
1,1,1241,2249511452672,35.20494435897436,0.0
1,3,1239,2250243421374,35.21639969848633,nan
1,1,1242,2250977811456,35.227892932692306,0.0
1,3,1240,2251709596249,35.23934539402106,nan
1,1,1243,2252438645248,35.25075504006411,0.0
1,3,1241,2253170414588,35.26220725955279,nan
1,1,1244,2253904442880,35.27369483173077,0.0
1,3,1242,2254636881300,35.28515752234826,nan
1,1,1245,2255370190336,35.29663383814103,0.0
1,3,1243,2256103460641,35.30810954779209,nan
1,1,1246,2257508537856,35.330099062500004,0.0
1,3,1244,2258242427032,35.34158445750701,nan
1,1,1247,2258975290880,35.35305380608975,0.0
1,3,1245,2259708824105,35.364533630449344,nan
1,1,1248,2260442134016,35.3760099599359,0.0
1,3,1246,2261175079865,35.387480591837566,nan
1,1,1249,2261908642304,35.398960873397435,0.0
1,3,1247,2262641362240,35.4104279697516,nan
1,1,1250,2263375577600,35.42191846955129,0.0
1,3,1248,2264107347681,35.433370700636644,nan
1,1,1251,2265509639680,35.45531662660257,0.0
1,3,1249,2266240636003,35.466756748344224,nan
1,1,1252,2266970844672,35.47818454326923,0.0
1,3,1250,2267701209627,35.4896147840764,nan
1,1,1253,2268431910400,35.501050280448716,0.0
1,3,1251,2269162039240,35.51247682604667,nan
1,1,1254,2269893020160,35.52391670673077,0.0
1,3,1252,2270622438764,35.53533213710687,nan
1,1,1255,2271354028032,35.54678153846154,0.0
1,3,1253,2272083154729,35.558192400481396,nan
1,1,1256,2272815286784,35.56965029647436,0.0
1,3,1254,2273549376680,35.58113883275741,nan
1,1,1257,2274954224128,35.603124751602564,0.0
1,3,1255,2275687862325,35.61460621877817,nan
1,1,1258,2276421219328,35.62608328525641,0.0
1,3,1256,2277154045894,35.63755205037435,nan
1,1,1259,2277888244224,35.64904228365385,0.0
1,3,1257,2278620592981,35.660503571041794,nan
1,1,1260,2279349910528,35.6719174198718,0.0
1,3,1258,2280081303299,35.68336374604054,nan
1,1,1261,2280811584000,35.69479266826923,0.0
1,3,1259,2281541646506,35.70621817573743,nan
1,1,1262,2282272708096,35.71765931891026,0.0
1,3,1260,2283673833547,35.73958698835324,nan
1,1,1263,2284406750208,35.75105716346154,0.0
1,3,1261,2285139449323,35.76252393396622,nan
1,1,1264,2285873565184,35.77401287660256,0.0
1,3,1262,2286605320057,35.785464869682116,nan
1,1,1265,2287334891008,35.79688268429487,0.0
1,3,1263,2288065774897,35.80832104643993,nan
1,1,1266,2288796193280,35.819752123397436,0.0
1,3,1264,2289525860582,35.8311714459072,nan
1,1,1267,2290257302528,35.84261854166667,0.0
1,3,1265,2291663255136,35.8646217563101,nan
1,1,1268,2292396538368,35.87609766826923,0.0
1,3,1266,2293128032765,35.88754558488895,nan
1,1,1269,2293857795072,35.89896639423077,0.0
1,3,1267,2294587446710,35.91038547159831,nan
1,1,1270,2295318644224,35.92182874198718,0.0
1,3,1268,2296047474531,35.933234965491664,nan
1,1,1271,2296779631104,35.94469324519231,0.0
1,3,1269,2297512687870,35.95616561294947,nan
1,1,1272,2298246606336,35.967651466346155,0.0
1,3,1270,2298978827928,35.97911076359676,nan
1,1,1273,2300385704448,36.0011284375,0.0
1,3,1271,2301117139989,36.01257543302096,nan
1,1,1274,2301846970880,36.02399731570513,0.0
1,3,1272,2302577839557,36.03543543978178,nan
1,1,1275,2303308165632,36.04686507211539,0.0
1,3,1273,2304038755189,36.058298827952854,nan
1,1,1276,2304769317888,36.06973216346154,0.0
1,3,1274,2305499310370,36.08115657505133,nan
1,1,1277,2306230470656,36.092599262820514,0.0
1,3,1275,2306959834325,36.104013833461664,nan
1,1,1278,2308364044288,36.125989775641024,0.0
1,3,1276,2309093444714,36.1374049215307,nan
1,1,1279,2309824689664,36.148848934294875,0.0
1,3,1277,2310553739290,36.16025859015049,nan
1,1,1280,2311285128192,36.171704855769235,0.0
1,3,1278,2312014699463,36.18312267539,nan
1,1,1281,2312745726464,36.19456327724359,0.0
1,3,1279,2313475787121,36.20598875577487,nan
1,1,1282,2314206020096,36.217416931089744,0.0
1,3,1280,2314936406807,36.22884751237918,nan
1,1,1283,2316339031040,36.250798637820516,0.0
1,3,1281,2317068624058,36.262216797782706,nan
1,1,1284,2317799585280,36.273656370192306,0.0
1,3,1282,2318528712817,36.2850672453582,nan
1,1,1285,2319260073472,36.29651306891026,0.0
1,3,1283,2319989023773,36.30792117032565,nan
1,1,1286,2320720641024,36.31937100961539,0.0
1,3,1284,2321449738707,36.33078141756498,nan
1,1,1287,2322181544960,36.34223421474359,0.0
1,3,1285,2322915574641,36.35372180865948,nan
1,1,1288,2323647808000,36.3651812900641,0.0
1,3,1286,2324381495550,36.37666352961614,nan
1,1,1289,2325786339840,36.39864939903846,0.0
1,3,1287,2326518826629,36.410112846632735,nan
1,1,1290,2327252770304,36.42159909455128,0.0
1,3,1288,2327984053285,36.43304370250213,nan
1,1,1291,2328713352704,36.44445726762821,0.0
1,3,1289,2329444216789,36.45589531983987,nan
1,1,1292,2330174225920,36.46731999198718,0.0
1,3,1290,2330904181128,36.47874382023738,nan
1,1,1293,2331635213824,36.49018451121795,0.0
1,3,1291,2332364620085,36.501599748425605,nan
1,1,1294,2333096161792,36.51304840544872,0.0
1,3,1292,2334497097429,36.534973104295,nan
1,1,1295,2335229247488,36.54643128205128,0.0
1,3,1293,2335962309735,36.557903735586315,nan
1,1,1296,2336695604224,36.56937982371795,0.0
1,3,1294,2337427656204,36.58083646653395,nan
1,1,1297,2338161964544,36.59232842147436,0.0
1,3,1295,2338892990371,36.603769004954806,nan
1,1,1298,2340295521792,36.62571867788461,0.0
1,3,1296,2341025097538,36.637136567539315,nan
1,1,1299,2341756587008,36.64858440705128,0.0
1,3,1297,2342490690276,36.66007315260667,nan
1,1,1300,2343223162368,36.67153637019231,0.0
1,3,1298,2343955887231,36.68300354365422,nan
1,1,1301,2344689470976,36.69448415865385,0.0
1,3,1299,2346093435909,36.71645626610389,nan
1,1,1302,2346823607808,36.727883485576925,0.0
1,3,1300,2347553327543,36.73930362866524,nan
1,1,1303,2348284832768,36.75075171474359,0.0
1,3,1301,2349013636448,36.762157521534455,nan
1,1,1304,2349745997824,36.77361900641026,0.0
1,3,1302,2350479598335,36.78509988379845,nan
1,1,1305,2351212286464,36.796566482371794,0.0
1,3,1303,2352617570440,36.818559232897634,nan
1,1,1306,2353351541760,36.83004591346154,0.0
1,3,1304,2354082515503,36.8414856818253,nan
1,1,1307,2354812585984,36.85291131410256,0.0
1,3,1305,2355542270949,36.86433091303899,nan
1,1,1308,2356273412096,36.87577330128205,0.0
1,3,1306,2357674293113,36.89769714532314,nan
1,1,1309,2358406287872,36.90915289262821,0.0
1,3,1307,2359139715860,36.92063107002454,nan
1,1,1310,2359872129536,36.932093373397436,0.0
1,3,1308,2360604858035,36.9435606037629,nan
1,1,1311,2361338253824,36.95503827724359,0.0
1,3,1309,2362070079582,36.966491379676235,nan
1,1,1312,2362804307456,36.97798207532051,0.0
1,3,1310,2364206655977,36.999928885858,nan
1,1,1313,2364937300992,37.011363509615386,0.0
1,3,1311,2366338333564,37.0332897254983,nan
1,1,1314,2367070399488,37.044746586538466,0.0
1,3,1312,2367803498266,37.05621961178511,nan
1,1,1315,2368536460288,37.067690496794874,0.0
1,3,1313,2369268438195,37.07914598036546,nan
1,1,1316,2370002307584,37.09063106570513,0.0
1,3,1314,2370733561443,37.10207521789551,nan
1,1,1317,2371462922752,37.113489751602565,0.0
1,3,1315,2372193202708,37.12491866217198,nan
1,1,1318,2372923442688,37.136346947115385,0.0
1,3,1316,2374324406187,37.15827208200308,nan
1,1,1319,2375056761856,37.1697334775641,0.0
1,3,1317,2375789179729,37.18119584662022,nan
1,1,1320,2376522868736,37.19267810897436,0.0
1,3,1318,2377254317804,37.20412531619341,nan
1,1,1321,2378655926784,37.22606055288462,0.0
1,3,1319,2379386022036,37.23748657282903,nan
1,1,1322,2380116621824,37.248920488782055,0.0
1,3,1320,2380845603402,37.26032907968374,nan
1,1,1323,2381577134080,37.271777564102564,0.0
1,3,1321,2382310708711,37.28325803646772,nan
1,1,1324,2383043094528,37.29471990384616,0.0
1,3,1322,2383775782795,37.3061865045792,nan
1,1,1325,2385181693952,37.32818907051282,0.0
1,3,1323,2385912878859,37.33963214360164,nan
1,1,1326,2386642290176,37.3510474599359,0.0
1,3,1324,2387372475593,37.36247489096617,nan
1,1,1327,2388102913024,37.37390626602564,0.0
1,3,1325,2389504574570,37.395842325376854,nan
1,1,1328,2390235775488,37.407285649038464,0.0
1,3,1326,2390964223003,37.41868588183281,nan
1,1,1329,2391696604672,37.43014768429487,0.0
1,3,1327,2392429582266,37.44161881300706,nan
1,1,1330,2393163321856,37.45310186698718,0.0
1,3,1328,2393894593883,37.46454630350749,nan
1,1,1331,2394624581632,37.47597064102564,0.0
1,3,1329,2395354418962,37.48739262448042,nan
1,1,1332,2396758208512,37.50936198717949,0.0
1,3,1330,2397492213918,37.52084920119066,nan
1,1,1333,2398224627200,37.53231149839743,0.0
1,3,1331,2398957978675,37.54378847836225,nan
1,1,1334,2399691254272,37.555264270833334,0.0
1,3,1332,2400423450073,37.566723164453755,nan
1,1,1335,2401157632512,37.57821314903846,0.0
1,3,1333,2401889219961,37.58966252192571,nan
1,1,1336,2402618470912,37.601075328525646,0.0
1,3,1334,2403349587243,37.61251732839731,nan
1,1,1337,2404751544832,37.634458020833335,0.0
1,3,1335,2405482486470,37.64589728675256,nan
1,1,1338,2406211743232,37.65731018429487,0.0
1,3,1336,2406943159940,37.66875688507863,nan
1,1,1339,2407671951360,37.6801625,0.0
1,3,1337,2408403174971,37.691606178807966,nan
1,1,1340,2409132617728,37.70302198717949,0.0
1,3,1338,2409862657514,37.71444713907878,nan
1,1,1341,2411265937408,37.736408525641025,0.0
1,3,1339,2411994539932,37.747811184332434,nan
1,1,1342,2412726687232,37.759269318910256,0.0
1,3,1340,2413459795757,37.77074249669784,nan
1,1,1343,2414193006080,37.782217267628205,0.0
1,3,1341,2414924507356,37.793665291904546,nan
1,1,1344,2415654378496,37.80508780448718,0.0
1,3,1342,2417060351082,37.82709133178711,nan
1,1,1345,2417793169920,37.83855997596154,0.0
1,3,1343,2418524963345,37.85001257238144,nan
1,1,1346,2419254173696,37.861424743589744,0.0
1,3,1344,2419984432586,37.872853324475415,nan
1,1,1347,2420714672640,37.88428161057693,0.0
1,3,1345,2421443781512,37.895692193634815,nan
1,1,1348,2422175182336,37.907138645833335,0.0
1,3,1346,2422908666149,37.91861769689316,nan
1,1,1349,2423641579008,37.9300878125,0.0
1,3,1347,2425050543263,37.952138159539636,nan
1,1,1350,2425780853248,37.963567540064105,0.0
1,3,1348,2426510150243,37.97498106725448,nan
1,1,1351,2427242073600,37.98643569711538,0.0
1,3,1349,2427975768056,37.9979180447466,nan
1,1,1352,2428707994624,38.0093774198718,0.0
1,3,1350,2429441340834,38.02085431743915,nan
1,1,1353,2430173857792,38.03231823717949,0.0
1,3,1351,2430906516801,38.043784380023666,nan
1,1,1354,2431639975936,38.05526304487179,0.0
1,3,1352,2432371820772,38.066716445875905,nan
1,1,1355,2433100686848,38.07812322916667,0.0
1,3,1353,2434503440520,38.10007638033353,nan
1,1,1356,2435233695744,38.11150490384615,0.0
1,3,1354,2435963574854,38.122927541159605,nan
1,1,1357,2436694233088,38.13436237179487,0.0
1,3,1355,2437423350266,38.145773084842,nan
1,1,1358,2438154698240,38.1572187099359,0.0
1,3,1356,2438888132511,38.168696985661434,nan
1,1,1359,2439621237248,38.18017010416667,0.0
1,3,1357,2440352860489,38.191620037200146,nan
1,1,1360,2441082355712,38.20303666666667,0.0
1,3,1358,2441812518159,38.21446373821552,nan
1,1,1361,2442543151616,38.22589818108975,0.0
1,3,1359,2443949458088,38.24790693371895,nan
1,1,1362,2444682408448,38.25937763621795,0.0
1,3,1360,2445414375496,38.27083294984475,nan
1,1,1363,2446148461568,38.28232142628205,0.0
1,3,1361,2446879129578,38.29375640991211,nan
1,1,1364,2447609912320,38.30519318910257,0.0
1,3,1362,2449010153893,38.32710702581944,nan
1,1,1365,2449743697920,38.33858701923077,0.0
1,3,1363,2450475023173,38.35003228874011,nan
1,1,1366,2451205268480,38.36146065705128,0.0
1,3,1364,2451934445316,38.3728723037485,nan
1,1,1367,2452666758144,38.38433302884616,0.0
1,3,1365,2453399923362,38.39580709388146,nan
1,1,1368,2454806434816,38.41781905448718,0.0
1,3,1366,2455537088061,38.4292538070444,nan
1,1,1369,2456267458560,38.44068413461539,0.0
1,3,1367,2456996526083,38.452094070559774,nan
1,1,1370,2457728107008,38.46354334134615,0.0
1,3,1368,2458461375922,38.475019029228015,nan
1,1,1371,2459194885632,38.486498485576924,0.0
1,3,1369,2459926244693,38.49794428418282,nan
1,1,1372,2460655755264,38.50936115384616,0.0
1,3,1370,2462062761712,38.53138086112781,nan
1,1,1373,2462794952192,38.54283967147436,0.0
1,3,1371,2463527364250,38.554301949525495,nan
1,1,1374,2464261256704,38.56578739583333,0.0
1,3,1372,2465663755312,38.58773655523838,nan
1,1,1375,2466395388928,38.59918665064102,0.0
1,3,1373,2467128409051,38.61065844493377,nan
1,1,1376,2467862594560,38.6221484775641,0.0
1,3,1374,2468593557894,38.633588083026595,nan
1,1,1377,2469323855360,38.645017267628205,0.0
1,3,1375,2470052876098,38.656426471385466,nan
1,1,1378,2470784675328,38.66787915865385,0.0
1,3,1376,2471517906656,38.6793542583133,nan
1,1,1379,2472251153408,38.69082959935898,0.0
1,3,1377,2472983078554,38.7022842572178,nan
1,1,1380,2474390133760,38.7243047275641,0.0
1,3,1378,2475119605297,38.73572098634378,nan
1,1,1381,2475851247104,38.7471712099359,0.0
1,3,1379,2476584498146,38.758646618120245,nan
1,1,1382,2477317570048,38.77011922275641,0.0
1,3,1380,2478048959882,38.78156550296099,nan
1,1,1383,2478778535936,38.7929833974359,0.0
1,3,1381,2480185072933,38.81499575779059,nan
1,1,1384,2480917310976,38.8264553125,0.0
1,3,1382,2481649985733,38.83792170180101,nan
1,1,1385,2482383841280,38.84940657051282,0.0
1,3,1383,2483114697848,38.860844505083136,nan
1,1,1386,2483844915200,38.872272435897436,0.0
1,3,1384,2485250986007,38.894277500359955,nan
1,1,1387,2485984012288,38.905749391025644,0.0
1,3,1385,2486715529660,38.91719766720503,nan
1,1,1388,2487444781568,38.928610488782056,0.0
1,3,1386,2488175129482,38.94004046289689,nan
1,1,1389,2488904845312,38.95146054487179,0.0
1,3,1387,2489634794816,38.962884283854166,nan
1,1,1390,2490365021696,38.974312363782055,0.0
1,3,1388,2491094623487,38.98573066104204,nan
1,1,1391,2491826056704,38.99717762019231,0.0
1,3,1389,2493226921645,39.019101212643356,nan
1,1,1392,2493959062528,39.03055924679487,0.0
1,3,1390,2494692561498,39.04203853506235,nan
1,1,1393,2495425395200,39.05350741185897,0.0
1,3,1391,2496158356988,39.06497829320663,nan
1,1,1394,2496892189696,39.07646280448718,0.0
1,3,1392,2498296398731,39.09843873214331,nan
1,1,1395,2499025909760,39.10985560897436,0.0
1,3,1393,2499756829510,39.1212945323455,nan
1,1,1396,2500486763008,39.13271802083334,0.0
1,3,1394,2501216668418,39.14414106974284,nan
1,1,1397,2501947503616,39.155578669871794,0.0
1,3,1395,2502676605632,39.16698914563301,nan
1,1,1398,2503408270848,39.17843973557692,0.0
1,3,1396,2504142176876,39.18992539431841,nan
1,1,1399,2504874578432,39.20138750801282,0.0
1,3,1397,2506280264188,39.22338654641176,nan
1,1,1400,2507013287424,39.23485838942308,0.0
1,3,1398,2507746142114,39.24632759468275,nan
1,1,1401,2508479519744,39.25780498397436,0.0
1,3,1399,2509212386630,39.26927438010191,nan
1,1,1402,2509945949696,39.28075467147436,0.0
1,3,1400,2510678423261,39.292217912112505,nan
1,1,1403,2511412360192,39.30370405448718,0.0
1,3,1401,2512143892623,39.31515256634052,nan
1,1,1404,2512873589760,39.32657235576923,0.0
1,3,1402,2514276096061,39.34852163557004,nan
1,1,1405,2515007536640,39.3599687099359,0.0
1,3,1403,2515741476831,39.371454903329706,nan
1,1,1406,2516474421760,39.38292552083333,0.0
1,3,1404,2517207020932,39.39439072722606,nan
1,1,1407,2517940532224,39.40587020833333,0.0
1,3,1405,2519344846095,39.42784777667706,nan
1,1,1408,2520074280960,39.43926346153846,0.0
1,3,1406,2520804954321,39.450698528911886,nan
1,1,1409,2521535278592,39.46212813301282,0.0
1,3,1407,2522265243278,39.4735521095941,nan
1,1,1410,2522996354560,39.48499403044872,0.0
1,3,1408,2523725576778,39.496406387376055,nan
1,1,1411,2524457724416,39.50786452724359,0.0
1,3,1409,2525863747033,39.52986883753068,nan
1,1,1412,2526597046784,39.54134500801282,0.0
1,3,1410,2527330106747,39.55281742580316,nan
1,1,1413,2528063530496,39.56429553685898,0.0
1,3,1411,2528796027169,39.57575913913825,nan
1,1,1414,2529529780224,39.587242403846155,0.0
1,3,1412,2530261661879,39.59869638106909,nan
1,1,1415,2530990515200,39.61010296474359,0.0
1,3,1413,2531721139324,39.62153726155599,nan
1,1,1416,2532451266048,39.632963774038465,0.0
1,3,1414,2533180973628,39.64438372690054,nan
1,1,1417,2534584688640,39.666351923076924,0.0
1,3,1415,2535318926289,39.67784277170035,nan
1,1,1418,2536051445248,39.68930672275641,0.0
1,3,1416,2537457134930,39.71130582259741,nan
1,1,1419,2538190661632,39.7227855448718,0.0
1,3,1417,2538923362034,39.73425233551808,nan
1,1,1420,2539657222144,39.74573727564103,0.0
1,3,1418,2540389602458,39.757199056897285,nan
1,1,1421,2541123888128,39.76869065705128,0.0
1,3,1419,2541855170108,39.78013524933644,nan
1,1,1422,2542584796672,39.791553934294875,0.0
1,3,1420,2543315335164,39.80298689096304,nan
1,1,1423,2544045762560,39.81441810897436,0.0
1,3,1421,2545447525796,39.836355759778144,nan
1,1,1424,2546178872320,39.84780136217949,0.0
1,3,1422,2546907656043,39.8592068566425,nan
1,1,1425,2547639356416,39.870657996794876,0.0
1,3,1423,2548373185293,39.88214244812012,nan
1,1,1426,2549105667584,39.89360582532051,0.0
1,3,1424,2549839159475,39.90508500280136,nan
1,1,1427,2550571823616,39.91655122596154,0.0
1,3,1425,2551305211477,39.928028775368716,nan
1,1,1428,2552037897728,39.93949534455128,0.0
1,3,1426,2552771395575,39.950974615243766,nan
1,1,1429,2554176595456,39.972966049679485,0.0
1,3,1427,2554909628287,39.98443804285294,nan
1,1,1430,2555642497536,39.99590747596154,0.0
1,3,1428,2556375829798,40.007384155242136,nan
1,1,1431,2557108464640,40.0188499198718,0.0
1,3,1429,2558513691812,40.04084178141276,nan
1,1,1432,2559246822912,40.0523153125,0.0
1,3,1430,2559979103842,40.063775538392676,nan
1,1,1433,2560712699392,40.075256338141024,0.0
1,3,1431,2561444871162,40.08671485567533,nan
1,1,1434,2562178745344,40.09820001602564,0.0
1,3,1432,2562910849430,40.10965747430264,nan
1,1,1435,2563644582912,40.12114043269231,0.0
1,3,1433,2564377225539,40.13260631915753,nan
1,1,1436,2565110608384,40.1440837900641,0.0
1,3,1434,2565843620062,40.15555545219226,nan
1,1,1437,2567249058816,40.177550625,0.0
1,3,1435,2567981569654,40.18901444896209,nan
1,1,1438,2568715346432,40.2004980849359,0.0
1,3,1436,2569447900180,40.21196258044121,nan
1,1,1439,2570181727232,40.22344700320513,0.0
1,3,1437,2570914178474,40.23490989448743,nan
1,1,1440,2571647752192,40.246390352564106,0.0
1,3,1438,2572380351316,40.25785555820563,nan
1,1,1441,2573113876992,40.26933526442308,0.0
1,3,1439,2573845857015,40.280790781109154,nan
1,1,1442,2575252264448,40.30280111378205,0.0
1,3,1440,2575983601290,40.314246564659705,nan
1,1,1443,2576713004032,40.32566174679487,0.0
1,3,1441,2577444093519,40.337103326556864,nan
1,1,1444,2578173963264,40.348525817307696,0.0
1,3,1442,2578903800844,40.35994780467498,nan
1,1,1445,2579634730496,40.371386883012825,0.0
1,3,1443,2580363741645,40.38279593670185,nan
1,1,1446,2581095394816,40.39424633814102,0.0
1,3,1444,2582501659487,40.41625443658291,nan
1,1,1447,2583233187840,40.427702884615385,0.0
1,3,1445,2583967265533,40.439191229921,nan
1,1,1448,2584699023360,40.45064326923077,0.0
1,3,1446,2585433064611,40.46213104421762,nan
1,1,1449,2586164917248,40.4735845673077,0.0
1,3,1447,2586898424907,40.48506399155837,nan
1,1,1450,2587631188480,40.496531770833336,0.0
1,3,1448,2589036410848,40.51852355719151,nan
1,1,1451,2589769549824,40.529997211538465,0.0
1,3,1449,2590502327164,40.54146520626753,nan
1,1,1452,2591235699200,40.55294250801282,0.0
1,3,1450,2591968011552,40.56440322566106,nan
1,1,1453,2592701828608,40.57588749198718,0.0
1,3,1451,2593433292490,40.58733493104592,nan
1,1,1454,2594162445312,40.59874620192308,0.0
1,3,1452,2594893264526,40.61018355190179,nan
1,1,1455,2596295818752,40.63213358173077,0.0
1,3,1453,2597024761904,40.643541571264024,nan
1,1,1456,2597756854784,40.65499885416667,0.0
1,3,1454,2598489809895,40.666469631019005,nan
1,1,1457,2599223120896,40.67794597756411,0.0
1,3,1455,2599955210631,40.689403211247374,nan
1,1,1458,2600689519104,40.700895168269234,0.0
1,3,1456,2601420327715,40.712332352310575,nan
1,1,1459,2602823101440,40.73428581730769,0.0
1,3,1457,2603552713430,40.745704274182444,nan
1,1,1460,2604283673088,40.75714382211539,0.0
1,3,1458,2605013005475,40.76855790319198,nan
1,1,1461,2605744273408,40.780002275641024,0.0
1,3,1459,2606473283687,40.79141131571452,nan
1,1,1462,2607205257728,40.80286673878205,0.0
1,3,1460,2607939357705,40.81435543283316,nan
1,1,1463,2608672010240,40.825821474358975,0.0
1,3,1461,2609405100977,40.83729437376365,nan
1,1,1464,2610811514368,40.859304799679485,0.0
1,3,1462,2611542945595,40.87075172768618,nan
1,1,1465,2612272220160,40.88216490384615,0.0
1,3,1463,2613002701060,40.89359695919722,nan
1,1,1466,2613732768256,40.9050225400641,0.0
1,3,1464,2614462598850,40.91644441810021,nan
1,1,1467,2615193413632,40.92788169871795,0.0
1,3,1465,2615922190994,40.93928709363106,nan
1,1,1468,2617326296576,40.96126140224359,0.0
1,3,1466,2618058863135,40.972726098241566,nan
1,1,1469,2618792172544,40.9842024198718,0.0
1,3,1467,2619523429349,40.99564661816719,nan
1,1,1470,2620252395520,41.00705496794872,0.0
1,3,1468,2620982407076,41.01847967804738,nan
1,1,1471,2621712924160,41.02991229967949,0.0
1,3,1469,2622441365865,41.0413124415471,nan
1,1,1472,2623173139456,41.0527647275641,0.0
1,3,1470,2623906061600,41.06423498848157,nan
1,1,1473,2625311658496,41.08623263621795,0.0
1,3,1471,2626042779308,41.09767470621745,nan
1,1,1474,2626772196864,41.109090120192306,0.0
1,3,1472,2627502388859,41.120517654168545,nan
1,1,1475,2628233064448,41.13195275641026,0.0
1,3,1473,2629634445372,41.15388442401593,nan
1,1,1476,2630366347776,41.16533872596154,0.0
1,3,1474,2631100058600,41.176821329752606,nan
1,1,1477,2631832757760,41.18828810096154,0.0
1,3,1475,2632565297036,41.19975236997947,nan
1,1,1478,2633298953216,41.21123411858974,0.0
1,3,1476,2634702975785,41.2332071280455,nan
1,1,1479,2635431937024,41.244615400641024,0.0
1,3,1477,2636163424484,41.25606320869642,nan
1,1,1480,2636892636160,41.267475400641025,0.0
1,3,1478,2637623861933,41.27891911328438,nan
1,1,1481,2638353347584,41.29033559294872,0.0
1,3,1479,2639084212857,41.30177366375263,nan
1,1,1482,2639813721088,41.313190496794874,0.0
1,3,1480,2640544570942,41.324628326290814,nan
1,1,1483,2641946462208,41.34656798076923,0.0
1,3,1481,2642677072882,41.35800206708859,nan
1,1,1484,2643406963200,41.369424879807696,0.0
1,3,1482,2644137774520,41.38086210624499,nan
1,1,1485,2645539857920,41.402804767628204,0.0
1,3,1483,2646269845865,41.41422910821377,nan
1,1,1486,2647000362496,41.42566172275641,0.0
1,3,1484,2647729610538,41.43707448383038,nan
1,1,1487,2648460837376,41.44851821314103,0.0
1,3,1485,2649190342392,41.45993499586839,nan
1,1,1488,2649921289728,41.47137435096154,0.0
1,3,1486,2650650939070,41.48279339239659,nan
1,1,1489,2651381590528,41.49422811698718,0.0
1,3,1487,2652783293045,41.516164817536186,nan
1,1,1490,2653514235904,41.527604102564105,0.0
1,3,1488,2654915466288,41.54953341421274,nan
1,1,1491,2655647703552,41.56099295673077,0.0
1,3,1489,2656381341149,41.57247441451635,nan
1,1,1492,2657114159104,41.583943044871795,0.0
1,3,1490,2657847501205,41.595419878133136,nan
1,1,1493,2658580167680,41.60688613782052,0.0
1,3,1491,2659313461060,41.61836220859625,nan
1,1,1494,2660046422016,41.62983307692308,0.0
1,3,1492,2660779209954,41.64130123751127,nan
1,1,1495,2662185217536,41.6633053125,0.0
1,3,1493,2662917511305,41.67476573932355,nan
1,1,1496,2663651197440,41.68624795673077,0.0
1,3,1494,2664383787067,41.697713013743865,nan
1,1,1497,2665117011456,41.70918800480769,0.0
1,3,1495,2665850119140,41.7206611694336,nan
1,1,1498,2667254952960,41.742646875,0.0
1,3,1496,2667988752250,41.754130863287514,nan
1,1,1499,2668720862720,41.76558842147436,0.0
1,3,1497,2669454507821,41.77706999669784,nan
1,1,1500,2670186734080,41.788529366987184,0.0
1,3,1498,2670919760103,41.80000125361516,nan
1,1,1501,2671652680192,41.81147148237179,0.0
1,3,1499,2672385332373,41.8229375183575,nan
1,1,1502,2673118734336,41.83441528846154,0.0
1,3,1500,2673850883145,41.845873446655276,nan
1,1,1503,2675257201664,41.867882387820515,0.0
1,3,1501,2675988623352,41.87932916654147,nan
1,1,1504,2676717847040,41.89074154647436,0.0
1,3,1502,2677448517048,41.902176561373196,nan
1,1,1505,2678178210816,41.913596298076925,0.0
1,3,1503,2678908804483,41.92503011823605,nan
1,1,1506,2679638795776,41.93645451121795,0.0
1,3,1504,2680369199948,41.947885365772734,nan
1,1,1507,2681099142656,41.95930899839744,0.0
1,3,1505,2682502615809,41.98127340947078,nan
1,1,1508,2683231590912,41.992681899038466,0.0
1,3,1506,2683963650765,42.00413866506723,nan
1,1,1509,2685370376704,42.026153982371795,0.0
1,3,1507,2686103063662,42.03762056261894,nan
1,1,1510,2686836343296,42.04909641826923,0.0
1,3,1508,2687569686037,42.0605732615466,nan
1,1,1511,2688302541312,42.07204247596154,0.0
1,3,1509,2689035930565,42.08352004715357,nan
1,1,1512,2689768793600,42.09498938301282,0.0
1,3,1510,2691174446957,42.11698791436611,nan
1,1,1513,2691907612672,42.12846198717949,0.0
1,3,1511,2692640677654,42.13993448351738,nan
1,1,1514,2693373992448,42.151410889423076,0.0
1,3,1512,2694106445011,42.162873801379085,nan
1,1,1515,2694840929280,42.174368509615384,0.0
1,3,1513,2695572392075,42.18581593166254,nan
1,1,1516,2696301647872,42.197228814102566,0.0
1,3,1514,2697705221193,42.21919479280912,nan
1,1,1517,2698435115520,42.23061766826923,0.0
1,3,1515,2699165427223,42.24204707568047,nan
1,1,1518,2699896200192,42.25348370192308,0.0
1,3,1516,2700626051556,42.264905905010515,nan
1,1,1519,2701357574656,42.27635427083334,0.0
1,3,1517,2702086514619,42.28776221045861,nan
1,1,1520,2702818598400,42.299219350961536,0.0
1,3,1518,2703552929118,42.31071165611854,nan
1,1,1521,2704285064192,42.32216959935898,0.0
1,3,1519,2705691509519,42.34418052507449,nan
1,1,1522,2706424264192,42.3556481650641,0.0
1,3,1520,2707157780674,42.367127727395086,nan
1,1,1523,2707891220480,42.37860608974359,0.0
1,3,1521,2708623702645,42.39006946497208,nan
1,1,1524,2709358143488,42.40156349358975,0.0
1,3,1522,2710089651243,42.4130116192627,nan
1,1,1525,2710819346432,42.42443137820513,0.0
1,3,1523,2712222029816,42.44638342936198,nan
1,1,1526,2712952550912,42.45781611378205,0.0
1,3,1524,2713682127310,42.46923401364057,nan
1,1,1527,2714413497344,42.48067998397436,0.0
1,3,1525,2715147562887,42.49216813913199,nan
1,1,1528,2716552666112,42.51415806089744,0.0
1,3,1526,2717285645616,42.525629219501205,nan
1,1,1529,2718019141120,42.53710845352564,0.0
1,3,1527,2718751298797,42.54856675050393,nan
1,1,1530,2719485536256,42.56005759615385,0.0
1,3,1528,2720217512096,42.5715130473758,nan
1,1,1531,2720946601472,42.582923325320515,0.0
1,3,1529,2721678538869,42.59437817490798,nan
1,1,1532,2722412904448,42.60587102564103,0.0
1,3,1530,2723145024550,42.617328734569064,nan
1,1,1533,2723879377920,42.62882139423077,0.0
1,3,1531,2725283590632,42.65079737943209,nan
1,1,1534,2726013229056,42.66221625,0.0
1,3,1532,2726744220074,42.6736562887182,nan
1,1,1535,2727473949184,42.685076578525646,0.0
1,3,1533,2728204548487,42.6965104868884,nan
1,1,1536,2728934479872,42.70793394230769,0.0
1,3,1534,2729665013605,42.71936682449732,nan
1,1,1537,2730394873856,42.73078916666667,0.0
1,3,1535,2731125799717,42.74222818567521,nan
1,1,1538,2731855175680,42.75364294871795,0.0
1,3,1536,2732586716416,42.76509159054487,nan
1,1,1539,2733988635648,42.78703168269231,0.0
1,3,1537,2734719635150,42.79847185418545,nan
1,1,1540,2735449421312,42.80989303685897,0.0
1,3,1538,2736179423914,42.82131760682717,nan
1,1,1541,2736909734912,42.83274700320513,0.0
1,3,1539,2738311500405,42.85468468933106,nan
1,1,1542,2739042800640,42.866129567307695,0.0
1,3,1540,2739776492598,42.877611875845105,nan
1,1,1543,2740508444160,42.88906694711539,0.0
1,3,1541,2741241572849,42.90054044047038,nan
1,1,1544,2741974596608,42.91201229166667,0.0
1,3,1542,2742706530235,42.92346708225348,nan
1,1,1545,2744113235456,42.94548207532051,0.0
1,3,1543,2744843863400,42.95691643191606,nan
1,1,1546,2745573683200,42.96833814102564,0.0
1,3,1544,2746303475531,42.979759420244264,nan
1,1,1547,2747034257920,42.991196193910255,0.0
1,3,1545,2747763219248,43.00260446789864,nan
1,1,1548,2748495064576,43.014057876602564,0.0
1,3,1546,2749228408035,43.025534731116664,nan
1,1,1549,2749961441280,43.037006730769235,0.0
1,3,1547,2751365178536,43.05897527506511,nan
1,1,1550,2752094659584,43.07039168269231,0.0
1,3,1548,2752824729720,43.08181730957031,nan
1,1,1551,2753555821568,43.093258926282054,0.0
1,3,1549,2754289527879,43.10474145944449,nan
1,1,1552,2755022265344,43.11620883012821,0.0
1,3,1550,2755754769931,43.12767255626189,nan
1,1,1553,2757160363008,43.14967014423077,0.0
1,3,1551,2757892534206,43.161128652813254,nan
1,1,1554,2758626576384,43.17261644230769,0.0
1,3,1552,2759358196599,43.18406632798415,nan
1,1,1555,2760087291904,43.19547669871795,0.0
1,3,1553,2760818751318,43.20692406785231,nan
1,1,1556,2761548224000,43.21834034455129,0.0
1,3,1554,2762278981407,43.22977672724797,nan
1,1,1557,2763009263104,43.2412056650641,0.0
1,3,1555,2763738897670,43.25262447525416,nan
1,1,1558,2764470620672,43.264075969551286,0.0
1,3,1556,2765203809998,43.27555041187775,nan
1,1,1559,2766610001920,43.29755737179487,0.0
1,3,1557,2767340208787,43.30898513851851,nan
1,1,1560,2768071163904,43.32042461538462,0.0
1,3,1558,2768800036956,43.33183150785006,nan
1,1,1561,2769531920384,43.343285512820515,0.0
1,3,1559,2770265057323,43.35475913528834,nan
1,1,1562,2770998455808,43.36623685096154,0.0
1,3,1560,2771730175978,43.37768830093775,nan
1,1,1563,2772459741184,43.38910602564103,0.0
1,3,1561,2773862249412,43.41105533559946,nan
1,1,1564,2774593901056,43.42250571314103,0.0
1,3,1562,2775327709575,43.433989845862754,nan
1,1,1565,2776733103104,43.455984310897435,0.0
1,3,1563,2777464930105,43.46743743278308,nan
1,1,1566,2778194316288,43.478852355769234,0.0
1,3,1564,2778924789533,43.490284291319234,nan
1,1,1567,2779655494656,43.50171985576923,0.0
1,3,1565,2780384284903,43.51312545233311,nan
1,1,1568,2781116920832,43.52459123397436,0.0
1,3,1566,2781849351864,43.53605380896935,nan
1,1,1569,2782583154176,43.547537844551286,0.0
1,3,1567,2783986745975,43.569504112439276,nan
1,1,1570,2784716745216,43.580928629807694,0.0
1,3,1568,2785446915667,43.59235582661947,nan
1,1,1571,2786177563136,43.60379048878205,0.0
1,3,1569,2786906833969,43.615203606536085,nan
1,1,1572,2788311005696,43.63717895032051,0.0
1,3,1570,2789044220892,43.648653797513525,nan
1,1,1573,2789777579520,43.66013088942308,0.0
1,3,1571,2790509670316,43.67158813971104,nan
1,1,1574,2791243815936,43.68307754807692,0.0
1,3,1572,2791975344997,43.69452600718963,nan
1,1,1575,2792705004544,43.70594520833333,0.0
1,3,1573,2794107805997,43.727899107274766,nan
1,1,1576,2794839126016,43.7393442948718,0.0
1,3,1574,2795567997189,43.750751157930814,nan
1,1,1577,2796300097536,43.76220855769231,0.0
1,3,1575,2797705297089,43.78419998699482,nan
1,1,1578,2798439354880,43.79568802083333,0.0
1,3,1576,2799170908285,43.80713686093061,nan
1,1,1579,2799900459520,43.81855436698718,0.0
1,3,1577,2800630848094,43.829984977432645,nan
1,1,1580,2801361710592,43.841423004807694,0.0
1,3,1578,2802090688051,43.85283153124687,nan
1,1,1581,2802822911488,43.8642908573718,0.0
1,3,1579,2803556259829,43.87576778828939,nan
1,1,1582,2804962160128,43.89777018429487,0.0
1,3,1580,2805693437369,43.90921470241449,nan
1,1,1583,2806423644672,43.92064247596154,0.0
1,3,1581,2807153089429,43.93205831563314,nan
1,1,1584,2808558320640,43.95405024038462,0.0
1,3,1582,2809289428306,43.96549210464869,nan
1,1,1585,2810019901440,43.97692403846154,0.0
1,3,1583,2810748614957,43.98832843419784,nan
1,1,1586,2811481255424,43.99979428685898,0.0
1,3,1584,2812213979870,44.01126145379482,nan
1,1,1587,2812948573184,44.02275786858974,0.0
1,3,1585,2813679086244,44.034190427246095,nan
1,1,1588,2815083270144,44.05616596153846,0.0
1,3,1586,2815816472167,44.06764060257349,nan
1,1,1589,2816550649856,44.07913051282051,0.0
1,3,1587,2817281783853,44.09057278916579,nan
1,1,1590,2818012450304,44.10200774839744,0.0
1,3,1588,2819414550000,44.123950664813705,nan
1,1,1591,2820147409408,44.13541994391026,0.0
1,3,1589,2820880629163,44.1468948624518,nan
1,1,1592,2821614299648,44.1583768349359,0.0
1,3,1590,2822346653551,44.16983820285895,nan
1,1,1593,2823081083904,44.18133206730769,0.0
1,3,1591,2823812741417,44.19278253669935,nan
1,1,1594,2824542156288,44.204197908653846,0.0
1,3,1592,2825945258744,44.226156518304286,nan
1,1,1595,2826676360192,44.23759828525641,0.0
1,3,1593,2827405553364,44.24901018761268,nan
1,1,1596,2828137535488,44.26046573717949,0.0
1,3,1594,2828871309975,44.271949337299056,nan
1,1,1597,2829604655616,44.28342622596154,0.0
1,3,1595,2830336788042,44.29488412776067,nan
1,1,1598,2831066334720,44.3063015625,0.0
1,3,1596,2832468827678,44.32825063348232,nan
1,1,1599,2833201516032,44.33971723557693,0.0
1,3,1597,2833934029276,44.35118109719301,nan
1,1,1600,2834668528640,44.36267604166667,0.0
1,3,1598,2835399128993,44.374109966461965,nan
1,1,1601,2836802739712,44.39607653044872,0.0
1,3,1599,2837531353435,44.40747936440492,nan
1,1,1602,2838263885312,44.41894351762821,0.0
1,3,1600,2838996770087,44.430413193719325,nan
1,1,1603,2839730226176,44.44189181089744,0.0
1,3,1601,2840462505708,44.45335201491136,nan
1,1,1604,2841196973568,44.46484646634615,0.0
1,3,1602,2841927757990,44.47628327182868,nan
1,1,1605,2842657622528,44.48770568108974,0.0
1,3,1603,2844059844722,44.509650514604616,nan
1,1,1606,2844791314944,44.52109805288462,0.0
1,3,1604,2845520070229,44.53250310229179,nan
1,1,1607,2846252174848,44.54396056891026,0.0
1,3,1605,2847657452550,44.565953221247746,nan
1,1,1608,2848391592448,44.577442540064105,0.0
1,3,1606,2849122532297,44.5888817779854,nan
1,1,1609,2849852831744,44.600310993589744,0.0
1,3,1607,2850582267817,44.611726697356396,nan
1,1,1610,2851313741824,44.623174294871795,0.0
1,3,1608,2852047484771,44.6346574013891,nan
1,1,1611,2852780340736,44.646126626602566,0.0
1,3,1609,2853513064224,44.657593778545674,nan
1,1,1612,2854247411200,44.66908633814103,0.0
1,3,1610,2855650815702,44.69104967482347,nan
1,1,1613,2856382117376,44.702494575320515,0.0
1,3,1611,2857116199066,44.713982983179335,nan
1,1,1614,2857849248768,44.72545524038462,0.0
1,3,1612,2858581493861,44.73691490542681,nan
1,1,1615,2859311348736,44.74833716346154,0.0
1,3,1613,2860041346094,44.759761651360925,nan
1,1,1616,2860773381632,44.771218036858976,0.0
1,3,1614,2861506858486,44.78269697901017,nan
1,1,1617,2862240678400,44.7941812900641,0.0
1,3,1615,2863644317109,44.81614829209548,nan
1,1,1618,2864375851008,44.82759682692308,0.0
1,3,1616,2865109656432,44.83908091120794,nan
1,1,1619,2865843508224,44.85056572115385,0.0
1,3,1617,2866574932272,44.8620125368089,nan
1,1,1620,2867305906688,44.87345231570513,0.0
1,3,1618,2868034858761,44.88486044485239,nan
1,1,1621,2869440646144,44.90686107371795,0.0
1,3,1619,2870171876037,44.91830485083947,nan
1,1,1622,2870902926336,44.92974581730769,0.0
1,3,1620,2871636629642,44.94122830344176,nan
1,1,1623,2872370378240,44.952711498397434,0.0
1,3,1621,2873101117517,44.9641475973589,nan
1,1,1624,2873832073728,44.975587091346156,0.0
1,3,1622,2874565692948,44.98706826153095,nan
1,1,1625,2875972190720,45.00908000801282,0.0
1,3,1623,2876702280141,45.02050593670185,nan
1,1,1626,2877433805824,45.03195434294872,0.0
1,3,1624,2878166788500,45.04342555119441,nan
1,1,1627,2878900685312,45.05491106570513,0.0
1,3,1625,2879631377231,45.066346423511995,nan
1,1,1628,2880362359296,45.07778632211539,0.0
1,3,1626,2881090610472,45.08918348219652,nan
1,1,1629,2881823871488,45.10065904647436,0.0
1,3,1627,2883227334890,45.12262330494416,nan
1,1,1630,2883958280192,45.13406262820513,0.0
1,3,1628,2884686577340,45.1454605077499,nan
1,1,1631,2885419582976,45.15693207532051,0.0
1,3,1629,2886151232646,45.1683824219689,nan
1,1,1632,2887553148928,45.19032246794872,0.0
1,3,1630,2888282171483,45.201731700142105,nan
1,1,1633,2889014099456,45.21318640224359,0.0
1,3,1631,2889746762785,45.22465261269594,nan
1,1,1634,2890480323584,45.23613286858974,0.0
1,3,1632,2891211705831,45.247579030057466,nan
1,1,1635,2891941645312,45.259002612179486,0.0
1,3,1633,2892671201723,45.27042019924066,nan
1,1,1636,2893402696192,45.281868116987184,0.0
1,3,1634,2894808171876,45.303863867750906,nan
1,1,1637,2895541625344,45.31534244391026,0.0
1,3,1635,2896273524519,45.32679669532189,nan
1,1,1638,2897003066368,45.33821405448718,0.0
1,3,1636,2897733362940,45.34964322509766,nan
1,1,1639,2898464519168,45.36108584935898,0.0
1,3,1637,2899193028314,45.37248704668094,nan
1,1,1640,2899926066176,45.38395911858974,0.0
1,3,1638,2900658252956,45.39541787103115,nan
1,1,1641,2901392721920,45.40691233974359,0.0
1,3,1639,2902128654403,45.41842971258701,nan
1,1,1642,2903531928576,45.44039100961539,0.0
1,3,1640,2904265414134,45.451870087984524,nan
1,1,1643,2904998324736,45.463340168269234,0.0
1,3,1641,2905730406329,45.47479727452988,nan
1,1,1644,2906464254976,45.48628203525641,0.0
1,3,1642,2907867270006,45.50823927668645,nan
1,1,1645,2908596895232,45.51965794070513,0.0
1,3,1643,2909326998868,45.531084091859476,nan
1,1,1646,2910057576448,45.542517660256415,0.0
1,3,1644,2910786508593,45.553925477529674,nan
1,1,1647,2911518358528,45.56537895833333,0.0
1,3,1645,2912251468515,45.57685215900128,nan
1,1,1648,2912984467968,45.5883236298077,0.0
1,3,1646,2914388402340,45.61029525897686,nan
1,1,1649,2915117526016,45.62170607371795,0.0
1,3,1647,2915847989365,45.63313785439516,nan
1,1,1650,2916578321920,45.64456758814103,0.0
1,3,1648,2917307789906,45.65598379134741,nan
1,1,1651,2918039182848,45.66743012019231,0.0
1,3,1649,2918773085705,45.67891572930752,nan
1,1,1652,2919505333248,45.690375432692306,0.0
1,3,1650,2920238663632,45.701852082582135,nan
1,1,1653,2921644662784,45.72385602564103,0.0
1,3,1651,2922376416625,45.73530800256974,nan
1,1,1654,2923105440768,45.74671725961539,0.0
1,3,1652,2923836437838,45.758157393047625,nan
1,1,1655,2924566557696,45.76958379807692,0.0
1,3,1653,2925297006365,45.78101534901155,nan
1,1,1656,2926027793408,45.79245219551282,0.0
1,3,1654,2926757503729,45.80387219127166,nan
1,1,1657,2928161473024,45.825844366987184,0.0
1,3,1655,2928895420078,45.837330667787214,nan
1,1,1658,2929627827712,45.848792876602566,0.0
1,3,1656,2930361689183,45.86027783802522,nan
1,1,1659,2931094624768,45.87174830929487,0.0
1,3,1657,2931827816474,45.883222788868444,nan
1,1,1660,2932560939008,45.89469618589744,0.0
1,3,1658,2933293389782,45.90615906985552,nan
1,1,1661,2934027406336,45.91764645833334,0.0
1,3,1659,2934758749588,45.92909200952774,nan
1,1,1662,2935488480256,45.94051232371795,0.0
1,3,1660,2936890549090,45.96245475714268,nan
1,1,1663,2937622396416,45.973908197115385,0.0
1,3,1661,2938356010771,45.98538929116274,nan
1,1,1664,2939089224192,45.99686411057692,0.0
1,3,1662,2939821408473,46.008322823908884,nan
1,1,1665,2940555722752,46.01981487179487,0.0
1,3,1663,2941286675605,46.03125431322929,nan
1,1,1666,2942017036288,46.042684487179486,0.0
1,3,1664,2942746390125,46.054098903949445,nan
1,1,1667,2944150625792,46.07607524839744,0.0
1,3,1665,2944884131872,46.0875546479367,nan
1,1,1668,2945617139200,46.09902624198718,0.0
1,3,1666,2946348891093,46.11047818842961,nan
1,1,1669,2947078270976,46.121893012820514,0.0
1,3,1667,2947808355248,46.13331886092749,nan
1,1,1670,2948539080704,46.14475474358974,0.0
1,3,1668,2949267761539,46.15615862785144,nan
1,1,1671,2950000018432,46.167618477564105,0.0
1,3,1669,2950732849477,46.17908731277857,nan
1,1,1672,2951466177024,46.190563918269234,0.0
1,3,1670,2952198077692,46.20201819304638,nan
1,1,1673,2953604610560,46.224030488782056,0.0
1,3,1671,2954335571105,46.23547005059658,nan
1,1,1674,2955065286656,46.24689012820513,0.0
1,3,1672,2955795326588,46.258315282389326,nan
1,1,1675,2956525935616,46.26974934294872,0.0
1,3,1673,2957254905943,46.28115775777181,nan
1,1,1676,2957986658816,46.29260971955129,0.0
1,3,1674,2959392568329,46.31461225975624,nan
1,1,1677,2960125478400,46.326082331730774,0.0
1,3,1675,2960858023359,46.337546689687876,nan
1,1,1678,2961592476160,46.34904090544872,0.0
1,3,1676,2962323218808,46.36047705716647,nan
1,1,1679,2963053698048,46.371909086538466,0.0
1,3,1677,2964455030600,46.393839997120395,nan
1,1,1680,2965187536384,46.40530374198718,0.0
1,3,1678,2965919905552,46.41676534880809,nan
1,1,1681,2966654063616,46.42825495192308,0.0
1,3,1679,2967384473285,46.439685892506134,nan
1,1,1682,2968115049472,46.45111943910256,0.0
1,3,1680,2969515936922,46.47304338382036,nan
1,1,1683,2970249209344,46.484519126602564,0.0
1,3,1681,2970981023834,46.495972052690554,nan
1,1,1684,2971710280192,46.50738494391026,0.0
1,3,1682,2972440929332,46.51881963222406,nan
1,1,1685,2973171176448,46.53024802884615,0.0
1,3,1683,2973900967942,46.54166929496569,nan
1,1,1686,2975304810496,46.563639487179486,0.0
1,3,1684,2976038424503,46.57512057578062,nan
1,1,1687,2976771745792,46.58659708333334,0.0
1,3,1685,2977503758191,46.5980531067051,nan
1,1,1688,2978233362432,46.609471442307694,0.0
1,3,1686,2978963408194,46.62089668773162,nan
1,1,1689,2979694934016,46.63234509615385,0.0
1,3,1687,2980433755375,46.643907680022416,nan
1,1,1690,2981839970816,46.665915008012824,0.0
1,3,1688,2982570635944,46.677349946539465,nan
1,1,1691,2983300991488,46.6887800400641,0.0
1,3,1689,2984701916264,46.7107045689353,nan
1,1,1692,2985434366976,46.72216745192308,0.0
1,3,1690,2986839667736,46.744160465119194,nan
1,1,1693,2987573240320,46.75564090544872,0.0
1,3,1691,2988305705942,46.7671040217786,nan
1,1,1694,2989039855616,46.778593493589746,0.0
1,3,1692,2989771747211,46.790047626374076,nan
1,1,1695,2990500992512,46.80146034455128,0.0
1,3,1693,2991232344403,46.812906030946394,nan
1,1,1696,2991961834496,46.824322580128204,0.0
1,3,1694,2992692637483,46.83575967615372,nan
1,1,1697,2993423501824,46.8471977323718,0.0
1,3,1695,2994825432809,46.86913800845415,nan
1,1,1698,2995558103552,46.880604334935896,0.0
1,3,1696,2996291746978,46.89208588394556,nan
1,1,1699,2997024948736,46.90356052083334,0.0
1,3,1697,2997757710428,46.915028270670575,nan
1,1,1700,2998491365888,46.92651000801282,0.0
1,3,1698,2999223302680,46.93796484813201,nan
1,1,1701,3000630198784,46.95998282852564,0.0
1,3,1699,3001360866752,46.9714178114984,nan
1,1,1702,3002091284480,46.98284887820513,0.0
1,3,1700,3002821521301,46.99427711371006,nan
1,1,1703,3003552550912,47.005717756410256,0.0
1,3,1701,3004954447699,47.027657497292545,nan
1,1,1704,3005686098432,47.03910786057693,0.0
1,3,1702,3006419997460,47.05059340976813,nan
1,1,1705,3007152232960,47.06205292467949,0.0
1,3,1703,3007885650118,47.07353093258589,nan
1,1,1706,3008618937856,47.085006915064106,0.0
1,3,1704,3009351737466,47.096475258319565,nan
1,1,1707,3010085609472,47.10796038461539,0.0
1,3,1705,3010817799211,47.11941918336526,nan
1,1,1708,3011552158208,47.13091193108974,0.0
1,3,1706,3012283559926,47.142358397279395,nan
1,1,1709,3013685172224,47.164293685897434,0.0
1,3,1707,3014416806314,47.1757437887182,nan
1,1,1710,3015145936896,47.18715471153846,0.0
1,3,1708,3015877326213,47.19860098365197,nan
1,1,1711,3016606916096,47.210019094551285,0.0
1,3,1709,3017337602908,47.22145437243339,nan
1,1,1712,3018740600832,47.24341134615385,0.0
1,3,1710,3019470224664,47.25482998835637,nan
1,1,1713,3020201734656,47.26627814903846,0.0
1,3,1711,3020930561270,47.27768431474735,nan
1,1,1714,3021663136768,47.28914915064103,0.0
1,3,1712,3022396694683,47.30062936140012,nan
1,1,1715,3023130151424,47.31210798878205,0.0
1,3,1713,3024534727252,47.334089656763325,nan
1,1,1716,3025264520192,47.34551094551282,0.0
1,3,1714,3025994622515,47.35693707611867,nan
1,1,1717,3026726114816,47.3683849599359,0.0
1,3,1715,3027460080616,47.37987155411158,nan
1,1,1718,3028193055232,47.39134263621795,0.0
1,3,1716,3028925613473,47.402807202038886,nan
1,1,1719,3029659791872,47.41429712339744,0.0
1,3,1717,3030391319895,47.4257455662654,nan
1,1,1720,3031121400832,47.43717136217949,0.0
1,3,1718,3032523204376,47.45910964380509,nan
1,1,1721,3033255753216,47.4705740625,0.0
1,3,1719,3033988634836,47.482043689215246,nan
1,1,1722,3034722403328,47.49352719551282,0.0
1,3,1720,3035454461586,47.50498393657978,nan
1,1,1723,3036188893184,47.51647782051282,0.0
1,3,1721,3037592670267,47.53844698810284,nan
1,1,1724,3038322590208,47.54987026442308,0.0
1,3,1722,3039052854796,47.56129893448267,nan
1,1,1725,3039783288320,47.572730248397434,0.0
1,3,1723,3040512901608,47.58414872558594,nan
1,1,1726,3041244365312,47.59559616185898,0.0
1,3,1724,3041973941679,47.60701406123235,nan
1,1,1727,3042705793024,47.618467564102566,0.0
1,3,1725,3044112528222,47.64048302631085,nan
1,1,1728,3044846165504,47.651964479166665,0.0
1,3,1726,3046250034953,47.67393509228829,nan
1,1,1729,3046980606976,47.68536857371795,0.0
1,3,1727,3047709663446,47.69677833668244,nan
1,1,1730,3048442060800,47.70824038461539,0.0
1,3,1728,3049175393429,47.71971706963955,nan
1,1,1731,3049909032960,47.73119855769231,0.0
1,3,1729,3050641051726,47.742654680707886,nan
1,1,1732,3051369967616,47.75406224358974,0.0
1,3,1730,3052100722718,47.76549859021309,nan
1,1,1733,3052831130624,47.77692950320513,0.0
1,3,1731,3054232590305,47.79886240336101,nan
1,1,1734,3054965019648,47.81032495192308,0.0
1,3,1732,3055697804197,47.821793059473286,nan
1,1,1735,3056431504896,47.833275504807695,0.0
1,3,1733,3057163340637,47.844728763474684,nan
1,1,1736,3057897701888,47.85622154647436,0.0
1,3,1734,3058629566742,47.86767526076097,nan
1,1,1737,3059358623232,47.87908502403846,0.0
1,3,1735,3060090157294,47.890533561417016,nan
1,1,1738,3060819174400,47.90194270833334,0.0
1,3,1736,3061550709433,47.91339126090808,nan
1,1,1739,3062280177152,47.9248074599359,0.0
1,3,1737,3063682742394,47.946757662165716,nan
1,1,1740,3064413470208,47.95819358173077,0.0
1,3,1738,3065142932568,47.969609696890025,nan
1,1,1741,3065874157568,47.9810533974359,0.0
1,3,1739,3066603153965,47.99246222025553,nan
1,1,1742,3067334931456,48.003914567307696,0.0
1,3,1740,3068068938724,48.01540181045924,nan
1,1,1743,3068801528832,48.026866875,0.0
1,3,1741,3069534816672,48.03834285907452,nan
1,1,1744,3070268454400,48.04982431891026,0.0
1,3,1742,3071673622331,48.0718152533272,nan
1,1,1745,3072407558656,48.08330138621795,0.0
1,3,1743,3073139879667,48.09476223937988,nan
1,1,1746,3073874104320,48.10625288461539,0.0
1,3,1744,3075278314148,48.12822882468199,nan
1,1,1747,3076007484416,48.139640368589745,0.0
1,3,1745,3076739234925,48.15109229337252,nan
1,1,1748,3077468573184,48.16250646634616,0.0
1,3,1746,3078200150593,48.173955682107,nan
1,1,1749,3078929408000,48.18536858974359,0.0
1,3,1747,3079660764684,48.19681435114934,nan
1,1,1750,3080390232064,48.208230544871796,0.0
1,3,1748,3081121575396,48.219676097318214,nan
1,1,1751,3081851430400,48.2310983573718,0.0
1,3,1749,3082581985705,48.24253157716409,nan
1,1,1752,3083985115136,48.26449060897436,0.0
1,3,1750,3084715044719,48.27591403619228,nan
1,1,1753,3085446371840,48.2873593349359,0.0
1,3,1751,3086175440191,48.29876928383852,nan
1,1,1754,3086907653632,48.310228453525646,0.0
1,3,1752,3087641197300,48.32170844131861,nan
1,1,1755,3088374327808,48.33318196314103,0.0
1,3,1753,3089779616935,48.355174794280224,nan
1,1,1756,3090512716288,48.36664782852564,0.0
1,3,1754,3091245484642,48.37811568262345,nan
1,1,1757,3091978727424,48.38959096153846,0.0
1,3,1755,3092711059994,48.40105199559921,nan
1,1,1758,3093445049344,48.412538958333336,0.0
1,3,1756,3094848985541,48.434510616063825,nan
1,1,1759,3095578123264,48.445921650641026,0.0
1,3,1757,3096309268371,48.45736410085825,nan
1,1,1760,3097038531584,48.468777099358974,0.0
1,3,1758,3097769897318,48.48022300239759,nan
1,1,1761,3098498939904,48.49163254807692,0.0
1,3,1759,3099230646574,48.503083786777594,nan
1,1,1762,3099964554752,48.51456947916667,0.0
1,3,1760,3100696547556,48.5260251958759,nan
1,1,1763,3101430237184,48.53750746794872,0.0
1,3,1761,3102834791573,48.55948880040878,nan
1,1,1764,3103568899584,48.57097762019231,0.0
1,3,1762,3104300829263,48.58243234899277,nan
1,1,1765,3105034778112,48.593918677884616,0.0
1,3,1763,3106438203386,48.615882339649694,nan
1,1,1766,3107167997440,48.62730364583334,0.0
1,3,1764,3107898428877,48.63873492708647,nan
1,1,1767,3108628758016,48.6501646073718,0.0
1,3,1765,3109359019937,48.661593235692735,nan
1,1,1768,3110089655296,48.673027708333336,0.0
1,3,1766,3110819285354,48.68444644797301,nan
1,1,1769,3111550337536,48.69588744391026,0.0
1,3,1767,3112951948084,48.717822705140726,nan
1,1,1770,3113683833856,48.72927674679487,0.0
1,3,1768,3114417903338,48.74076496359801,nan
1,1,1771,3115150377472,48.752228213141024,0.0
1,3,1769,3115883697823,48.763704706013996,nan
1,1,1772,3116616984576,48.775180673076925,0.0
1,3,1770,3117349540961,48.786645209851386,nan
1,1,1773,3118083916288,48.79813821314103,0.0
1,3,1771,3119488031743,48.820112676266405,nan
1,1,1774,3120217081344,48.831522331730774,0.0
1,3,1772,3120948698068,48.84297216277294,nan
1,1,1775,3121677946368,48.85438492788462,0.0
1,3,1773,3122408968105,48.8658254473564,nan
1,1,1776,3123138576384,48.877243846153846,0.0
1,3,1774,3124540927844,48.8991907026868,nan
1,1,1777,3125272912384,48.9106462900641,0.0
1,3,1775,3126006607645,48.922128650293594,nan
1,1,1778,3126740110848,48.933608004807695,0.0
1,3,1776,3127472453851,48.94506920214531,nan
1,1,1779,3128207047680,48.956565625,0.0
1,3,1777,3128938409617,48.96801146861541,nan
1,1,1780,3129668316160,48.97943453525641,0.0
1,3,1778,3130398598771,48.99086348737668,nan
1,1,1781,3131802151424,49.012829142628206,0.0
1,3,1779,3132531477033,49.024243117628835,nan
1,1,1782,3133263078400,49.035692708333336,0.0
1,3,1780,3133997581809,49.0471877161114,nan
1,1,1783,3134729676800,49.05864503205128,0.0
1,3,1781,3136136505224,49.0806619532502,nan
1,1,1784,3136869062656,49.09212650641026,0.0
1,3,1782,3137602567493,49.103605886496524,nan
1,1,1785,3138335546368,49.11507703525641,0.0
1,3,1783,3139068736250,49.126551486284306,nan
1,1,1786,3139801913856,49.13802574519231,0.0
1,3,1784,3140534349486,49.14948839214618,nan
1,1,1787,3141268741632,49.160981658653846,0.0
1,3,1785,3142000964719,49.17244097930126,nan
1,1,1788,3142735232000,49.183932291666665,0.0
1,3,1786,3144139570703,49.205910248632186,nan
1,1,1789,3144869364224,49.21733154647436,0.0
1,3,1787,3145600173029,49.22876873355181,nan
1,1,1790,3146331004416,49.240206274038464,0.0
1,3,1788,3147060495296,49.251622835536864,nan
1,1,1791,3148465055744,49.27360426282051,0.0
1,3,1789,3149198515556,49.28508293826372,nan
1,1,1792,3149932228608,49.29656557692308,0.0
1,3,1790,3150664607523,49.30802733628493,nan
1,1,1793,3151398982144,49.31952032852564,0.0
1,3,1791,3152130382557,49.330966774291994,nan
1,1,1794,3152859953152,49.342384583333335,0.0
1,3,1792,3153590672541,49.3538203710468,nan
1,1,1795,3154320966656,49.36524950320513,0.0
1,3,1793,3155723404902,49.387197717942456,nan
1,1,1796,3156454788608,49.39864390224359,0.0
1,3,1794,3157183561283,49.41004922380496,nan
1,1,1797,3157916052480,49.421512740384614,0.0
1,3,1795,3158649178614,49.432986193753756,nan
1,1,1798,3159383064064,49.444471530448716,0.0
1,3,1796,3160114906041,49.45592488670936,nan
1,1,1799,3160849421312,49.46742008012821,0.0
1,3,1797,3161580617072,49.47886332306691,nan
1,1,1800,3162310601728,49.490287612179486,0.0
1,3,1798,3163713854248,49.51224857033754,nan
1,1,1801,3164444505600,49.52368329326923,0.0
1,3,1799,3165174842624,49.53511309695513,nan
1,1,1802,3165905399296,49.54654633814103,0.0
1,3,1800,3166635500754,49.55797245520959,nan
1,1,1803,3167366304768,49.569409567307694,0.0
1,3,1801,3168095573675,49.58082265491975,nan
1,1,1804,3169499821056,49.60279918269231,0.0
1,3,1802,3170232934496,49.61427243739984,nan
1,1,1805,3170966012416,49.62574513621795,0.0
1,3,1803,3171698451983,49.63720784478603,nan
1,1,1806,3172431930368,49.64868681089744,0.0
1,3,1804,3173164122577,49.66014564830291,nan
1,1,1807,3174570079232,49.68214892628205,0.0
1,3,1805,3175301328763,49.69359301073906,nan
1,1,1808,3176030480384,49.705004262820516,0.0
1,3,1806,3176761103705,49.716438547065934,nan
1,1,1809,3177490918400,49.72786017628205,0.0
1,3,1807,3178221211434,49.73928929152269,nan
1,1,1810,3178951566848,49.75071938301282,0.0
1,3,1808,3179681932534,49.762149635260165,nan
1,1,1811,3180412115968,49.77357703525641,0.0
1,3,1809,3181142453451,49.785006846125675,nan
1,1,1812,3181873192960,49.79644294871795,0.0
1,3,1810,3183275536008,49.818389673602766,nan
1,1,1813,3184005788160,49.829818149038466,0.0
1,3,1811,3184736276573,49.841250321968275,nan
1,1,1814,3185466230784,49.852674134615384,0.0
1,3,1812,3186197414435,49.86411718804775,nan
1,1,1815,3186927097856,49.875536762820516,0.0
1,3,1813,3187658145781,49.886977692135545,nan
1,1,1816,3188388145664,49.898402219551286,0.0
1,3,1814,3189118892495,49.909838436733146,nan
1,1,1817,3190521160192,49.9317839823718,0.0
1,3,1815,3191252216725,49.94322504640237,nan
1,1,1818,3191981782016,49.954642772435896,0.0
1,3,1816,3192712996187,49.96608630350749,nan
1,1,1819,3193442693632,49.97750609775641,0.0
1,3,1817,3194845221654,49.999455717491735,nan
1,1,1820,3195575777792,50.01088895032051,0.0
1,3,1818,3196305395946,50.02230750366211,nan
1,1,1821,3197036784640,50.03375376602564,0.0
1,3,1819,3197765606604,50.04515985896184,nan
1,1,1822,3198497660928,50.05661653846154,0.0
1,3,1820,3199230940802,50.06809239786784,nan
1,1,1823,3199964040192,50.079565432692306,0.0
1,3,1821,3200696395329,50.091026819927514,nan
1,1,1824,3201430743552,50.102519399038464,0.0
1,3,1822,3202161901049,50.11396204315968,nan
1,1,1825,3203564307968,50.135909767628206,0.0
1,3,1823,3204293982135,50.147329197575495,nan
1,1,1826,3205025249792,50.15877356570513,0.0
1,3,1824,3205759169907,50.17025944490873,nan
1,1,1827,3206492456960,50.18173541666667,0.0
1,3,1825,3207901184269,50.203782055491914,nan
1,1,1828,3208631670784,50.21521419871795,0.0
1,3,1826,3209360293616,50.22661717523037,nan
1,1,1829,3210092967936,50.238083557692306,0.0
1,3,1827,3210825568423,50.24954878466484,nan
1,1,1830,3211559640064,50.261037035256415,0.0
1,3,1828,3212290944093,50.2724819726093,nan
1,1,1831,3213020907520,50.28390592948718,0.0
1,3,1829,3213750671416,50.29532676369691,nan
1,1,1832,3214482266624,50.306776258012825,0.0
1,3,1830,3215887695334,50.32877127363156,nan
1,1,1833,3216622293504,50.340267764423075,0.0
1,3,1831,3217353030042,50.351703820519084,nan
1,1,1834,3218084227584,50.36314709134616,0.0
1,3,1832,3218812932979,50.374551359972834,nan
1,1,1835,3219545935872,50.386022884615386,0.0
1,3,1833,3220278674223,50.39749026916504,nan
1,1,1836,3221013216256,50.40898588141026,0.0
1,3,1834,3221744618713,50.42043235916529,nan
1,1,1837,3222474788864,50.43185955128205,0.0
1,3,1835,3223876928680,50.453803095577925,nan
1,1,1838,3224609008640,50.46526017628205,0.0
1,3,1836,3225342763626,50.476743471210185,nan
1,1,1839,3226075515392,50.48821106570513,0.0
1,3,1837,3226808814624,50.49968722806491,nan
1,1,1840,3227542230528,50.51116521634616,0.0
1,3,1838,3228275051482,50.52263389363607,nan
1,1,1841,3229008961024,50.5341196073718,0.0
1,3,1839,3229741897606,50.545590094244545,nan
1,1,1842,3230475695616,50.5570740625,0.0
1,3,1840,3231880403249,50.5790577932348,nan
1,1,1843,3232614934016,50.590553229166666,0.0
1,3,1841,3233346142945,50.60199667820075,nan
1,1,1844,3234076342272,50.61342432692308,0.0
1,3,1842,3234805945534,50.624842647204275,nan
1,1,1845,3235537691136,50.63629449519231,0.0
1,3,1843,3236271021175,50.64777113968287,nan
1,1,1846,3237677505536,50.669782676282054,0.0
1,3,1844,3238409407527,50.6812369717642,nan
1,3,1845,3238457584986,50.681990950927734,nan
1,1,1847,3239198206464,50.69358170673077,0.0
1,3,1846,3239930651870,50.705044506679435,nan
1,1,1848,3240664989184,50.716536915064104,0.0
1,3,1847,3241396194972,50.727980314941405,nan
1,1,1849,3242126624768,50.73941157051282,0.0
1,3,1848,3242856214629,50.750829681067835,nan
1,1,1850,3244261248512,50.77281851762821,0.0
1,3,1849,3244993800732,50.78428298922025,nan
1,1,1851,3245728185856,50.79577614583334,0.0
1,3,1850,3246459131355,50.80721547217736,nan
1,1,1852,3247189471232,50.81864532051282,0.0
1,3,1851,3247918927279,50.83006133687337,nan
1,1,1853,3248651534336,50.84152666666667,0.0
1,3,1852,3249383923052,50.852988579414564,nan
1,1,1854,3250118170624,50.864479583333335,0.0
1,3,1853,3250848735019,50.87591294538449,nan
1,1,1855,3251579313664,50.88734653044872,0.0
1,3,1854,3252307749111,50.89874657437838,nan
1,1,1856,3253713575424,50.920747812500004,0.0
1,3,1855,3254444276916,50.9321833201247,nan
1,1,1857,3255175904768,50.94363332532051,0.0
1,3,1856,3256580805750,50.96562008197491,nan
1,1,1858,3257311742464,50.97705927083334,0.0
1,3,1857,3258040538174,50.98846495289338,nan
1,1,1859,3258774097920,50.99994519230769,0.0
1,3,1858,3259506011121,51.01139966322679,nan
1,1,1860,3260236296192,51.022828653846155,0.0
1,3,1859,3260965830102,51.034245888765774,nan
1,1,1861,3261697991680,51.04570424679488,0.0
1,3,1860,3263102785923,51.06768933297965,nan
1,1,1862,3263832457216,51.07910871794872,0.0
1,3,1861,3264562546006,51.09053463676257,nan
1,1,1863,3265966855168,51.112512131410256,0.0
1,3,1862,3266699567885,51.123979114786785,nan
1,1,1864,3267433938944,51.13547205128205,0.0
1,3,1863,3268164782282,51.14690977880233,nan
1,1,1865,3268895596544,51.15834705128205,0.0
1,3,1864,3269624301220,51.16975130865635,nan
1,1,1866,3270357413376,51.18122454326923,0.0
1,3,1865,3271089320037,51.19267891183706,nan
1,1,1867,3271818697728,51.20409370192308,0.0
1,3,1866,3273221212715,51.22604311766013,nan
1,1,1868,3273953256960,51.23749963942308,0.0
1,3,1867,3274686406647,51.24897346139761,nan
1,1,1869,3275420002816,51.260454270833335,0.0
1,3,1868,3276151657376,51.271904694010416,nan
1,1,1870,3277554312704,51.293856306089744,0.0
1,3,1869,3278283154803,51.3052627141395,nan
1,1,1871,3279015771648,51.31672819711539,0.0
1,3,1870,3279748237617,51.32819131887583,nan
1,1,1872,3280482466304,51.33968202724359,0.0
1,3,1871,3281213264099,51.3511190420141,nan
1,1,1873,3281943517184,51.36254753205128,0.0
1,3,1872,3282673125566,51.37396593246069,nan
1,1,1874,3284077174784,51.39593935897436,0.0
1,3,1873,3284811087478,51.407425122039015,nan
1,1,1875,3285543862784,51.418893084935895,0.0
1,3,1874,3286276298305,51.43035573018392,nan
1,1,1876,3287010628096,51.44184802083333,0.0
1,3,1875,3287741442040,51.45328528833634,nan
1,1,1877,3288472022528,51.46471890224359,0.0
1,3,1876,3289201205712,51.47613064828726,nan
1,1,1878,3290605744128,51.49811173076923,0.0
1,3,1877,3291339106689,51.509588884230396,nan
1,1,1879,3292072130560,51.52106073717949,0.0
1,3,1878,3292804971322,51.5325297244654,nan
1,1,1880,3293538146304,51.5440039423077,0.0
1,3,1879,3294270510842,51.55546547666892,nan
1,1,1881,3295004063232,51.56694560096154,0.0
1,3,1880,3295735815353,51.578397550972184,nan
1,1,1882,3297142561280,51.60041318108974,0.0
1,3,1881,3297873370219,51.6118503702643,nan
1,1,1883,3298603073536,51.62327025641026,0.0
1,3,1882,3299333935688,51.6347082783704,nan
1,1,1884,3300064260096,51.646137884615385,0.0
1,3,1883,3300794334245,51.657563574297,nan
1,1,1885,3301525042688,51.66899919070513,0.0
1,3,1884,3302254503413,51.68041528027657,nan
1,1,1886,3302986112512,51.69186499198718,0.0
1,3,1885,3304391819694,51.71386436570388,nan
1,1,1887,3305124758016,51.7253348798077,0.0
1,3,1886,3305857385315,51.736800526389096,nan
1,1,1888,3306591004672,51.74828169871795,0.0
1,3,1887,3307323061040,51.75973841020633,nan
1,1,1889,3308057569280,51.77123349358975,0.0
1,3,1888,3308788593368,51.78267404985477,nan
1,1,1890,3309518629376,51.794099142628205,0.0
1,3,1889,3310248446655,51.80552081228403,nan
1,1,1891,3310979918848,51.816968381410256,0.0
1,3,1890,3311713376900,51.828447029309395,nan
1,1,1892,3312446405120,51.839918950320516,0.0
1,3,1891,3313850085442,51.86188660359701,nan
1,1,1893,3314579687424,51.873304903846154,0.0
1,3,1892,3315982196246,51.895254223100714,nan
1,1,1894,3316712958464,51.90669068108974,0.0
1,3,1893,3317442335724,51.91810546443059,nan
1,1,1895,3318174008832,51.92955617788461,0.0
1,3,1894,3318907471783,51.9410349024533,nan
1,1,1896,3319640183296,51.952501866987184,0.0
1,3,1895,3320372180847,51.96395765798716,nan
1,1,1897,3321101171712,51.97536639423077,0.0
1,3,1896,3321831766341,51.98680022944524,nan
1,1,1898,3323234921984,52.00875967147436,0.0
1,3,1897,3323968190722,52.020235356601816,nan
1,1,1899,3324702068224,52.03172056891026,0.0
1,3,1898,3326105600192,52.053685900440705,nan
1,1,1900,3326836021760,52.06511702724359,0.0
1,3,1899,3327564848296,52.07652319173177,nan
1,1,1901,3328297373696,52.087987243589744,0.0
1,3,1900,3329029738593,52.099448783569336,nan
1,1,1902,3329764381696,52.11094597756411,0.0
1,3,1901,3330494110769,52.1223662667925,nan
1,1,1903,3331225602048,52.133814134615385,0.0
1,3,1902,3331957930480,52.14527510391627,nan
1,1,1904,3332692240384,52.156767083333335,0.0
1,3,1903,3334098893222,52.17878125660432,nan
1,1,1905,3334831261184,52.190242844551285,0.0
1,3,1904,3335563200365,52.20169772205842,nan
1,1,1906,3336292524032,52.21311166666667,0.0
1,3,1905,3337022873922,52.22454167170598,nan
1,1,1907,3337753603072,52.23597761217949,0.0
1,3,1906,3338482064173,52.24737805759528,nan
1,1,1908,3339886914560,52.2693640224359,0.0
1,3,1907,3340618009323,52.28080568476751,nan
1,1,1909,3341348125184,52.29223202724359,0.0
1,3,1908,3342076841667,52.303636469397915,nan
1,1,1910,3342809785344,52.31510706730769,0.0
1,3,1909,3343542027906,52.32656669273963,nan
1,1,1911,3344948835840,52.34858329326923,0.0
1,3,1910,3345678831171,52.36000774944599,nan
1,1,1912,3346409949184,52.371449775641025,0.0
1,3,1911,3347138309162,52.38284863847782,nan
1,1,1913,3347871075840,52.394316466346154,0.0
1,3,1912,3348602960864,52.405770496294075,nan
1,1,1914,3349331666944,52.41717477564103,0.0
1,3,1913,3350062495682,52.428612274670726,nan
1,1,1915,3350792330752,52.44003422275641,0.0
1,3,1914,3351521963937,52.45145301133376,nan
1,1,1916,3352925398528,52.47341681891026,0.0
1,3,1915,3353659389792,52.484903811598556,nan
1,1,1917,3354391735808,52.49636505608974,0.0
1,3,1916,3355124645154,52.507835116718,nan
1,1,1918,3355858107392,52.519313830128205,0.0
1,3,1917,3356590084832,52.530769306390226,nan
1,1,1919,3357319380480,52.5421828125,0.0
1,3,1918,3358050130616,52.55361908140525,nan
1,1,1920,3358780216832,52.565044959935896,0.0
1,3,1919,3360182708867,52.586994016473234,nan
1,1,1921,3360913675776,52.598433677884614,0.0
1,3,1920,3361642895979,52.60984600327712,nan
1,1,1922,3362374594560,52.621297115384614,0.0
1,3,1921,3363108032555,52.632775449390905,nan
1,1,1923,3363841267712,52.64425060897436,0.0
1,3,1922,3364572706289,52.65569765200884,nan
1,1,1924,3365302366208,52.66711685897436,0.0
1,3,1923,3366031487945,52.67852764337002,nan
1,1,1925,3366762988544,52.689975657051285,0.0
1,3,1924,3367495712652,52.701442818697416,nan
1,1,1926,3368901281792,52.723440032051286,0.0
1,3,1925,3369632405313,52.73488214444674,nan
1,1,1927,3370362186752,52.74630325320513,0.0
1,3,1926,3371091884325,52.757723049457255,nan
1,1,1928,3371823314944,52.76916996794872,0.0
1,3,1927,3372556821216,52.78064937049279,nan
1,1,1929,3373289754624,52.79211980769231,0.0
1,3,1928,3374021663391,52.80357420921913,nan
1,1,1930,3375428681728,52.825594102564104,0.0
1,3,1929,3376159052896,52.83702444060497,nan
1,1,1931,3376889385984,52.84845418269231,0.0
1,3,1930,3377619276846,52.85987700392503,nan
1,1,1932,3378349878272,52.871310945512825,0.0
1,3,1931,3379079740931,52.88273332536746,nan
1,1,1933,3379810678784,52.894172532051286,0.0
1,3,1932,3380539995617,52.90558636970716,nan
1,1,1934,3381271660032,52.917036947115385,0.0
1,3,1933,3382005608358,52.928523267822264,nan
1,1,1935,3383410670592,52.95051254807692,0.0
1,3,1934,3384143579466,52.96198260131836,nan
1,1,1936,3384877018624,52.973460953525645,0.0
1,3,1935,3385609115910,52.984918305382365,nan
1,1,1937,3386337907200,52.99632391826923,0.0
1,3,1936,3387069061855,53.00776651791304,nan
1,1,1938,3387798509056,53.01918239583333,0.0
1,3,1937,3389200848556,53.04112906519181,nan
1,1,1939,3389931443712,53.05256290865385,0.0
1,3,1938,3390661146756,53.06398279052735,nan
1,1,1940,3391392670720,53.0754311698718,0.0
1,3,1939,3392121584221,53.086838695365714,nan
1,1,1941,3392853861888,53.09829887019231,0.0
1,3,1940,3393587315234,53.10977744444236,nan
1,1,1942,3394992960512,53.131775849358974,0.0
1,3,1941,3395724745161,53.14322830843412,nan
1,1,1943,3396454644224,53.15465125801282,0.0
1,3,1942,3397184812971,53.16607842815693,nan
1,1,1944,3397916019712,53.17752184294872,0.0
1,3,1943,3398645085559,53.18893175266364,nan
1,1,1945,3399377210880,53.20038954326923,0.0
1,3,1944,3400110497064,53.21186550142728,nan
1,1,1946,3401516280320,53.23386606570513,0.0
1,3,1945,3402247819994,53.24531469091171,nan
1,1,1947,3402977576448,53.256735408653846,0.0
1,3,1946,3404383792809,53.278742751042294,nan
1,1,1948,3405117118976,53.2902193349359,0.0
1,3,1947,3405848199267,53.301660770780124,nan
1,1,1949,3406578040320,53.3130828125,0.0
1,3,1948,3407307890238,53.324504992957486,nan
1,1,1950,3408039011840,53.33594707532051,0.0
1,3,1949,3408773066741,53.34743506393041,nan
1,1,1951,3409505241600,53.358893629807696,0.0
1,3,1950,3410238657466,53.37037161749424,nan
1,1,1952,3411644136448,53.392367419871796,0.0
1,3,1951,3412375962974,53.40382053432367,nan
1,1,1953,3413105156096,53.41523243589744,0.0
1,3,1952,3413836465973,53.426677464771764,nan
1,1,1954,3414566360064,53.43810033653846,0.0
1,3,1953,3415296478476,53.449526718937804,nan
1,1,1955,3416027496448,53.460967179487184,0.0
1,3,1954,3416756820715,53.472381133485456,nan
1,1,1956,3418161220096,53.4943600400641,0.0
1,3,1955,3418894883471,53.50584190127642,nan
1,1,1957,3419627884032,53.51731338942308,0.0
1,3,1956,3420360542288,53.52877952048277,nan
1,1,1958,3421094498304,53.540265961538466,0.0
1,3,1957,3421825891853,53.55171229988294,nan
1,1,1959,3422555853312,53.56313622596154,0.0
1,3,1958,3423285811690,53.574560103822364,nan
1,1,1960,3424690461184,53.59654292467949,0.0
1,3,1959,3425423346582,53.60801261052058,nan
1,1,1961,3426157498880,53.61950212339744,0.0
1,3,1960,3426889127764,53.63095214474409,nan
1,1,1962,3427618819072,53.64237184294872,0.0
1,3,1961,3428349604641,53.653808666381835,nan
1,1,1963,3429080278528,53.66524374198718,0.0
1,3,1962,3429810191606,53.67666691090119,nan
1,1,1964,3430541296128,53.68810872596154,0.0
1,3,1963,3431270544586,53.69952149354592,nan
1,1,1965,3432675075584,53.7215024599359,0.0
1,3,1964,3433407948932,53.73297195719401,nan
1,1,1966,3434141760512,53.744456137820514,0.0
1,3,1965,3434873378366,53.755905986547226,nan
1,1,1967,3435602971136,53.767324142628205,0.0
1,3,1966,3436333350413,53.778754607575245,nan
1,1,1968,3437064792064,53.79020169871795,0.0
1,3,1967,3438470719426,53.812204518260465,nan
1,1,1969,3439204526080,53.82368862179487,0.0
1,3,1968,3439935888248,53.83513446902544,nan
1,1,1970,3440666076160,53.846561939102564,0.0
1,3,1969,3441395001694,53.85796965291341,nan
1,1,1971,3442799776256,53.87995443108974,0.0
1,3,1970,3444203671295,53.90192544469589,nan
1,1,1972,3445606452224,53.9238790224359,0.0
1,3,1971,3446334823633,53.935278064168294,nan
1,1,1973,3447067547648,53.94674522435898,0.0
1,3,1972,3447799998606,53.95820811119667,nan
1,1,1974,3449206723584,53.98022341346154,0.0
1,3,1973,3449937135163,53.99165438393617,nan
1,1,1975,3450667747840,54.00308850160256,0.0
1,3,1974,3451396793883,54.01449810138409,nan
1,1,1976,3452129333248,54.025962371794876,0.0
1,3,1975,3452861350362,54.03741846895658,nan
1,1,1977,3453590691840,54.04883269230769,0.0
1,3,1976,3454992987545,54.07077867627266,nan
1,1,1978,3455724919296,54.0822334375,0.0
1,3,1977,3456457952602,54.09370543810722,nan
1,1,1979,3457191653888,54.10518789262821,0.0
1,3,1978,3457923145997,54.116635773440635,nan
1,1,1980,3459325549056,54.1385834375,0.0
1,3,1979,3460054892761,54.14999769570375,nan
1,1,1981,3460786407424,54.16144592948718,0.0
1,3,1980,3461520327320,54.172931805263424,nan
1,1,1982,3462252642304,54.184392564102566,0.0
1,3,1981,3462985349711,54.19585946437738,nan
1,1,1983,3463718934528,54.20734009615385,0.0
1,3,1982,3464450383375,54.21878729991424,nan
1,1,1984,3465852315648,54.240727596153846,0.0
1,3,1983,3466581943777,54.2521463056046,nan
1,1,1985,3467313490432,54.263595040064104,0.0
1,3,1984,3468047312286,54.27507938147912,nan
1,1,1986,3468780464640,54.28655324519231,0.0
1,3,1985,3469512779603,54.298014003702804,nan
1,1,1987,3470247161344,54.30950710737179,0.0
1,3,1986,3470978128141,54.32094676703038,nan
1,1,1988,3471708569088,54.33237819711539,0.0
1,3,1987,3473114737852,54.354384794608876,nan
1,1,1989,3473847737856,54.365856274038464,0.0
1,3,1988,3474579746937,54.3773122454834,nan
1,1,1990,3475314170880,54.38880600961539,0.0
1,3,1989,3476044804670,54.400240457701074,nan
1,1,1991,3476775140352,54.411670240384616,0.0
1,3,1990,3477504556557,54.423085633216274,nan
1,1,1992,3478908926976,54.445064086538466,0.0
1,3,1991,3479641172928,54.45652376502404,nan
1,1,1993,3480375087616,54.46800955929487,0.0
1,3,1992,3481105627010,54.47944253007938,nan
1,1,1994,3481835896832,54.49087128205128,0.0
1,3,1993,3482564836177,54.50227921200484,nan
1,1,1995,3483296697344,54.51373286858975,0.0
1,3,1994,3484030383878,54.52521509224134,nan
1,1,1996,3484763347456,54.53668600160257,0.0
1,3,1995,3486168390327,54.5586749788255,nan
1,1,1997,3486902546432,54.570164551282055,0.0
1,3,1996,3487634543216,54.58162033027845,nan
1,1,1998,3488369046528,54.59311533653846,0.0
1,3,1997,3489100399649,54.60456104218312,nan
1,1,1999,3489829955072,54.615978613782055,0.0
1,3,1998,3490560833003,54.62741688268417,nan
1,1,2000,3491291140608,54.63884622596154,0.0
1,3,1999,3492021139908,54.650270744253305,nan
1,1,2001,3493425563648,54.67225003205128,0.0
1,3,2000,3494158834018,54.6837257427196,nan
1,1,2002,3494892285952,54.69520429487179,0.0
1,3,2001,3495624512292,54.70666366642879,nan
1,1,2003,3496358963712,54.71815786057692,0.0
1,3,2002,3497762092237,54.74011687820826,nan
1,1,2004,3498492313600,54.75154487179487,0.0
1,3,2003,3499221634732,54.76295877673027,nan
1,1,2005,3499953556480,54.774413381410255,0.0
1,3,2004,3500686359650,54.78588178037986,nan
1,1,2006,3501420499968,54.79737110576923,0.0
1,3,2005,3502151307802,54.80880827765049,nan
1,1,2007,3502882029056,54.820244094551285,0.0
1,3,2006,3504287285208,54.84223640963041,nan
1,1,2008,3505021212160,54.85372239583334,0.0
1,3,2007,3505751974800,54.86515886042668,nan
1,1,2009,3506482242560,54.87658758012821,0.0
1,3,2008,3507888407355,54.89859411550669,nan
1,1,2010,3508621520896,54.910067371794874,0.0
1,3,2009,3509353430269,54.92152178280561,nan
1,1,2011,3510082260480,54.93292800480769,0.0
1,3,2010,3510812695763,54.94435934625088,nan
1,1,2012,3511542938624,54.95578767628205,0.0
1,3,2011,3512272202923,54.96720069177872,nan
1,1,2013,3513003807232,54.978650328525646,0.0
1,3,2012,3514409942114,55.00065639576447,nan
1,1,2014,3515143151616,55.012131153846155,0.0
1,3,2013,3515875552277,55.02359325353378,nan
1,1,2015,3516610298368,55.035092059294875,0.0
1,3,2014,3517341135310,55.0465296867175,nan
1,1,2016,3518072179712,55.05797056089744,0.0
1,3,2015,3518801418142,55.06938317154322,nan
1,1,2017,3520206365696,55.091370657051286,0.0
1,3,2016,3520940465472,55.10285934795673,nan
1,3,2017,3520988656758,55.103613543513376,nan
1,1,2018,3521726631424,55.11516287660257,0.0
1,3,2018,3522456458269,55.12658469596667,nan
1,1,2019,3523188311552,55.13803822916667,0.0
1,3,2019,3523922107352,55.14952216283554,nan
1,1,2020,3525328116224,55.171526258012825,0.0
1,3,2020,3526059957628,55.18297960530599,nan
1,1,2021,3526789922304,55.19440358173077,0.0
1,3,2021,3527519837522,55.205826784135866,nan
1,1,2022,3528251459072,55.21727669070513,0.0
1,3,2022,3528985548551,55.228765220462115,nan
1,1,2023,3529718256640,55.24023213141026,0.0
1,3,2023,3530450750661,55.25169569218562,nan
1,1,2024,3531185115648,55.263188533653846,0.0
1,3,2024,3532588290687,55.285148279231144,nan
1,1,2025,3533319475200,55.296591346153846,0.0
1,3,2025,3534721522232,55.318533438376406,nan
1,1,2026,3535453562368,55.329989895833336,0.0
1,3,2026,3536187229690,55.34147181881636,nan
1,1,2027,3536920344576,55.352945096153846,0.0
1,3,2027,3537653063605,55.36441217831343,nan
1,1,2028,3538387077120,55.37589951923077,0.0
1,3,2028,3539118923112,55.38735293832632,nan
1,1,2029,3539853582336,55.398850384615386,0.0
1,3,2029,3540584283433,55.41028588605832,nan
1,1,2030,3541314955264,55.42172092948718,0.0
1,3,2030,3542716144373,55.44364959518042,nan
1,1,2031,3543448785408,55.45511545673077,0.0
1,3,2031,3544181656242,55.466584914644685,nan
1,1,2032,3545588827648,55.488607203525646,0.0
1,3,2032,3546318546529,55.50002733324882,nan
1,1,2033,3547049839104,55.51147209134616,0.0
1,3,2033,3547783761446,55.522958005402394,nan
1,1,2034,3548516745216,55.534429230769234,0.0
1,3,2034,3549249688543,55.5458998232015,nan
1,1,2035,3549983821312,55.55738903044872,0.0
1,3,2035,3550715989395,55.56884749028133,nan
1,1,2036,3552123766784,55.590879262820515,0.0
1,3,2036,3552855039298,55.602323706962395,nan
1,1,2037,3553585758208,55.613759487179486,0.0
1,3,2037,3554315410201,55.62517857010279,nan
1,1,2038,3555047588352,55.6366371875,0.0
1,3,2038,3555780967628,55.64811460255159,nan
1,1,2039,3557187815424,55.670131826923075,0.0
1,3,2039,3557918688392,55.68157001815405,nan
1,1,2040,3558649376256,55.6930053125,0.0
1,3,2040,3559378474073,55.7044157225467,nan
1,1,2041,3560111537664,55.71588819711538,0.0
1,3,2041,3560843389466,55.72734170713767,nan
1,1,2042,3561573710848,55.738771266025644,0.0
1,3,2042,3562302888953,55.75018293258276,nan
