node_id,message_transmitter_id,message_id,timestamp_bit,timestamp_seconds
1,0,0,887630275837,13.89144937895946
1,1,0,888724493312,13.908573926282052
1,2,0,890164055979,13.931103139695388
1,3,0,891607276218,13.953689594257062
1,0,1,892698716130,13.970770672607422
1,1,1,894488003584,13.998773092948719
1,2,1,895580418106,14.015869423984626
1,3,1,897023689776,14.03845668344351
1,0,2,898455846263,14.060869989843125
1,1,2,900937344512,14.099705536858975
1,2,2,902726344270,14.127703454746344
1,3,2,904510335762,14.155622993070162
1,0,3,905597319230,14.17263432789338
1,1,3,907727792640,14.205976322115385
1,2,3,908825324569,14.223152740775866
1,3,3,910958046553,14.256529925271058
1,0,4,912387915972,14.278907438964843
1,1,4,913826700800,14.301424479166666
1,2,4,915613950675,14.329395011314979
1,3,4,917398836173,14.357328540868515
1,0,5,918835123454,14.379806494359727
1,1,5,920624067584,14.407803541666667
1,2,5,922420467046,14.4359172652181
1,3,5,923861007828,14.458461786170373
1,0,6,924955897964,14.475596860664563
1,1,6,926744034816,14.503581274038462
1,2,6,928184780627,14.526129003702799
1,3,6,929625556872,14.548677209660458
1,1,7,933838808576,14.614614767628206
1,2,7,935278777465,14.637150338432116
1,3,7,936719004418,14.659689947947967
1,0,8,938150602283,14.6820945118909
1,1,8,939590543872,14.704629655448718
1,2,8,941379000356,14.732619071076222
1,3,8,942821435143,14.755193233282627
1,0,9,944600253529,14.78303181229029
1,1,9,945695932416,14.800179230769231
1,2,9,947138477115,14.82275511310284
1,3,9,948579418330,14.845305900847606
1,0,10,950358287853,14.873145280151368
1,1,10,951801347072,14.89572921474359
1,2,10,953241583574,14.918268973701673
1,3,10,955026580771,14.946204251349034
1,1,11,958566060032,15.001597243589744
1,2,11,960001083161,15.024055413051508
1,3,11,961442062862,15.046606803103716
1,0,12,962532920927,15.063678775525215
1,1,12,963977244672,15.086282500000001
1,2,12,965420248969,15.108865575060722
1,3,12,966858818947,15.131379252851438
1,0,13,968290365417,15.153783012460563
1,1,13,969729700352,15.176308661858975
1,2,13,971514691905,15.204243851177509
1,3,13,973299615203,15.23217797230256
1,0,14,975075919503,15.259977205763597
1,1,14,976520584192,15.28258626602564
1,2,14,978311063012,15.310607331292568
1,3,14,980097826892,15.33857025759966
1,1,15,983636076032,15.393943998397436
1,2,15,985076774671,15.416490989818085
1,3,15,986517277456,15.439034916115785
1,0,16,988294291893,15.466845263249324
1,1,16,989734662656,15.489387123397437
1,2,16,991182851750,15.512051340738934
1,3,16,993314942862,15.54541865206205
1,0,17,994749467068,15.567869013358875
1,1,17,996190925312,15.590427892628206
1,2,17,997634002328,15.613012105744192
1,3,17,999075118917,15.635565638099084
1,0,18,1000506479441,15.657966487645858
1,1,18,1002300984320,15.686050560897437
1,2,18,1004089347218,15.714038511900291
1,3,18,1005187415370,15.731223322472205
1,0,19,1007313736565,15.764500334363106
1,1,19,1008751016960,15.786993830128205
1,2,19,1010542877582,15.815036520651793
1,3,19,1011983051206,15.837575295566657
1,0,20,1013417219939,15.86002009369679
1,1,20,1014519117312,15.87726483173077
1,2,20,1015961572356,15.899839310960036
1,3,20,1017403324731,15.922402793391301
1,0,21,1018834329217,15.944798070929112
1,1,21,1020621931008,15.972774110576923
1,2,21,1022757637787,16.00619800723345
1,3,21,1024891745311,16.039596875485152
1,0,22,1027010876969,16.07276137083396
1,1,22,1028797304832,16.100719038461538
1,2,22,1030240903746,16.123311419302134
1,3,22,1031684366498,16.145901669201972
1,0,23,1033459327578,16.173679881216195
1,1,23,1034903507968,16.196281362179487
1,2,23,1036343482834,16.218817026523688
1,3,23,1037783433933,16.241352318913385
1,0,24,1039558769227,16.2691363873917
1,1,24,1041695595520,16.30257780448718
1,2,24,1043486291919,16.330602274874174
1,3,24,1045275480987,16.35860315547063
1,0,25,1046365827705,16.37566712529109
1,1,25,1048851697152,16.41457108173077
1,2,25,1050295702555,16.4371698241405
1,3,25,1051735786410,16.459707194166917
1,0,26,1053510657312,16.48748399489183
1,1,26,1054607699456,16.504652748397437
1,2,26,1056049511470,16.52721716418144
1,3,26,1057488750982,16.54974132020608
1,0,27,1058920536191,16.57214881609012
1,1,27,1060359911936,16.59467510416667
1,2,27,1061801144410,16.617230450126453
1,3,27,1063586439579,16.64517039104755
1,0,28,1065362473144,16.672965387494994
1,1,28,1066809879552,16.69561735576923
1,2,28,1068260546844,16.718320357008714
1,3,28,1071082631251,16.762486091042543
1,0,29,1073203619293,16.795679638875328
1,1,29,1074303969792,16.81290016826923
1,2,29,1076439090648,16.846314895207332
1,3,29,1077881111723,16.868882582804364
1,0,30,1079662987735,16.896769013781427
1,1,30,1081100247040,16.91926217948718
1,2,30,1082540272978,16.94179864311023
1,3,30,1083979936446,16.964329434063252
1,0,31,1085756385257,16.992130929127228
1,1,31,1087203347968,17.014775953525643
1,2,31,1088643761398,17.03731848141401
1,3,31,1090087474846,17.059912654716296
1,0,32,1091518776158,17.082312577592898
1,1,32,1092965058560,17.104946955128206
1,2,32,1094404827372,17.12747939471905
1,3,32,1096189589653,17.1554109959216
1,0,33,1097628851461,17.17793550087953
1,1,33,1099418739200,17.205947315705128
1,2,33,1101205896525,17.233916399442233
1,3,33,1102646675112,17.256464642052283
1,0,34,1104080867617,17.27890981221517
1,1,34,1105179132928,17.296097708333335
1,2,34,1106968511817,17.324101559636045
1,3,34,1108409215563,17.346648630981445
1,0,35,1109844112026,17.369104818115236
1,1,35,1111637711872,17.397174727564103
1,2,35,1113427203109,17.425180337117514
1,3,35,1114866609226,17.44770710051708
1,0,36,1116299032222,17.470124577793218
1,1,36,1118433481216,17.503528790064102
1,2,36,1120217848018,17.531454202004458
1,3,36,1121660574920,17.554032935822317
1,0,37,1123096436972,17.57650423446264
1,1,37,1124190341632,17.593623886217948
1,2,37,1126320243806,17.626956940573667
1,3,37,1128108397772,17.654941621782353
1,0,38,1129543136023,17.677395332892004
1,1,38,1131333307392,17.705411586538464
1,2,38,1132773589326,17.727952056509164
1,3,38,1134217299112,17.750546172501004
1,0,39,1135304074868,17.767554256623097
1,1,39,1136747476480,17.790143549679488
1,2,39,1138185957834,17.81265584050105
1,3,39,1139628562973,17.835232668723084
1,0,40,1140717774251,17.852278868862054
1,1,40,1142508510720,17.880303966346155
1,2,40,1143947879338,17.902830142884866
1,3,40,1145389303216,17.92538848432492
1,0,41,1146822352747,17.947815766898913
1,1,41,1148615493120,17.975878485576924
1,2,41,1150056978192,17.99843778470553
1,3,41,1151499539801,18.021013931681317
1,0,42,1152932510975,18.04343998796512
1,1,42,1154024664576,18.060532235576925
1,2,42,1155811850520,18.088501767202523
1,3,42,1158286648258,18.127232450952775
1,0,43,1159717496709,18.149625286536583
1,1,43,1161155998208,18.172137892628207
1,2,43,1162941390679,18.200079356329503
1,3,43,1164727839712,18.22803735526843
1,0,44,1166159584700,18.25044422169221
1,1,44,1167601057792,18.273003333333335
1,2,44,1169389407819,18.300991082904524
1,3,44,1170484930947,18.318136063748874
1,0,45,1171917120819,18.340549892625077
1,1,45,1173357504512,18.363091955128205
1,2,45,1175496622021,18.39656922984588
1,3,45,1177628146647,18.4299276756404
1,0,46,1179406973977,18.45776639462202
1,1,46,1180851629056,18.48037530448718
1,2,46,1182294407232,18.502954840745193
1,3,46,1184081561536,18.530923877203527
1,0,47,1185514521530,18.553349758519882
1,1,47,1186960130048,18.57597358974359
1,2,47,1188404409246,18.59857661705604
1,3,47,1189847576867,18.621162248143907
1,0,48,1191621539168,18.648924829226765
1,1,48,1193414374400,18.6769827724359
1,2,48,1195204453917,18.70499758859488
1,3,48,1196643922246,18.727525325614735
1,0,49,1198076594023,18.749946696323494
1,1,49,1200213116416,18.783383357371797
1,2,49,1201657493765,18.805987920751328
1,3,49,1202750842618,18.82309887410482
1,0,50,1204867816402,18.85622959863907
1,1,50,1206660781056,18.884289567307693
1,2,50,1208102066726,18.90684574578701
1,3,50,1210232939418,18.940193988788312
1,0,51,1212008893541,18.96798774196527
1,1,51,1213796023296,18.99595639423077
1,2,51,1214891091645,19.01309425776555
1,3,51,1216680371099,19.041096552906527
1,0,52,1218118214163,19.06359885446402
1,1,52,1219558374400,19.086137419871797
1,2,52,1221694149931,19.119562392499876
1,3,52,1223134041473,19.142096752820137
1,0,53,1224566783525,19.16451922333546
1,1,53,1226703921152,19.197965512820513
1,2,53,1228490345411,19.225923124045348
1,3,53,1229933481348,19.248508259277344
1,0,54,1231025078277,19.265591794950044
1,1,54,1232465172992,19.2881293349359
1,2,54,1233906936860,19.310692997233073
1,3,54,1235695912704,19.338690540865386
1,0,55,1237127227358,19.361090672544822
1,1,55,1238567493120,19.383630889423078
1,2,55,1240007794623,19.406171665649413
1,3,55,1241105308759,19.423347805848735
1,0,56,1242536101670,19.445739772229317
1,1,56,1243982392320,19.468374278846156
1,2,56,1245769302962,19.496339501984426
1,3,56,1246867979723,19.513533837311574
1,0,57,1248299199612,19.535932485914966
1,1,57,1250434373632,19.569348044871795
1,2,57,1251877252882,19.59192916294196
1,3,57,1253320670652,19.614518708871696
1,0,58,1254753899631,19.63694879981408
1,1,58,1256546010624,19.664995408653848
1,2,58,1258678448006,19.698368139116337
1,3,58,1260121061308,19.720945095089643
1,0,59,1261895064866,19.748708321846205
1,1,59,1263338807296,19.77130294871795
1,2,59,1264779669280,19.79385249649439
1,3,59,1266221322643,19.81641442938389
1,0,60,1267994905855,19.844171077708708
1,1,60,1269439719936,19.86678247596154
1,2,60,1271575901601,19.90021380460299
1,3,60,1274051392601,19.938955337931315
1,0,61,1275827868732,19.966757260554388
1,1,61,1276925005824,19.9839275
1,2,61,1278366962241,20.00649417569674
1,3,61,1279806531589,20.029023493667996
1,0,62,1281246182745,20.051554091937724
1,1,62,1283383753216,20.085007155448718
1,2,62,1284826778405,20.10759055747008
1,3,62,1286268222924,20.13014922194261
1,0,63,1288047583649,20.157996288577348
1,1,63,1289837030400,20.186001201923077
1,2,63,1291973447942,20.21943622204903
1,3,63,1293412744724,20.241961274351464
1,0,64,1294843998193,20.2643604484832
1,1,64,1295944318976,20.281580512820515
1,2,64,1297386188666,20.30414583123623
1,3,64,1298825841517,20.32667645603278
1,0,65,1300262202653,20.349155565357698
1,1,65,1301699855872,20.371654895833334
1,2,65,1303141189517,20.394211825123325
1,3,65,1304584360692,20.41679751183143
1,0,66,1306360269054,20.444590548846907
1,1,66,1308500888576,20.478091330128205
1,2,66,1309594779753,20.495210770874024
1,3,66,1311380490514,20.523157215826572
1,0,67,1312814343427,20.545597071361055
1,1,67,1314601485312,20.57356591346154
1,2,67,1316043159392,20.596128170572918
1,3,67,1317483229391,20.618665323752378
1,0,68,1318918503140,20.641127415427185
1,1,68,1320361705472,20.66371358974359
1,2,68,1322149904067,20.691698969397912
1,3,68,1323588258964,20.71420928116236
1,0,69,1325018906812,20.73659897730118
1,1,69,1326461010944,20.75916796474359
1,2,69,1327904110809,20.781752535447342
1,3,69,1329691693142,20.809728270576674
1,0,70,1331123182733,20.83213114002717
1,1,70,1332568186368,20.854745504807692
1,2,70,1334355063741,20.88271020728478
1,3,70,1336141084755,20.91066150770921
1,0,71,1337918806766,20.9384829284042
1,1,71,1339708356096,20.966489447115386
1,2,71,1340802970801,20.983620211103393
1,3,71,1342245697553,21.006198942573743
1,1,72,1346825113600,21.077866987179487
1,2,72,1349303899928,21.116660092523038
1,3,72,1350743994319,21.13919762743828
1,0,73,1352176381658,21.16161454668094
1,1,73,1353622008832,21.184238669871796
1,2,73,1355064465139,21.20681316886706
1,3,73,1356850219391,21.234760294455505
1,0,74,1358282464417,21.257174986494014
1,1,74,1360073504768,21.28520483974359
1,2,74,1361516716493,21.307791161060823
1,3,74,1362956907818,21.330330212997048
1,0,75,1365421206347,21.368896583705805
1,1,75,1366865886208,21.391505881410257
1,2,75,1368307434572,21.414066171061197
1,3,75,1369748997471,21.436626688185473
1,0,76,1371183659722,21.459079209892078
1,1,76,1372280867840,21.476250560897437
1,2,76,1373720595628,21.49878235846104
1,3,76,1375161921729,21.521339169687124
1,0,77,1377283023534,21.554534497915416
1,1,77,1379074606592,21.582572844551283
1,2,77,1380864589957,21.61058615592761
1,3,77,1382648663890,21.63850698445638
1,0,78,1384081319703,21.6609281053279
1,1,78,1385526174720,21.68354014423077
1,2,78,1388360475593,21.72789706644694
1,3,78,1389458100038,21.74507493298653
1,0,79,1390893399845,21.76753743247008
1,1,79,1392686843904,21.795604903846154
1,2,79,1394126338941,21.81813305884728
1,3,79,1395565283582,21.84065260012896
1,0,80,1397342111553,21.868460029062124
1,1,80,1398786754048,21.89106874198718
1,2,80,1400576043097,21.91907118729029
1,3,80,1402016381679,21.941612543804464
1,0,81,1403447751968,21.964013546173877
1,1,81,1404894092288,21.986648830128207
1,2,81,1406333263420,22.009171916003105
1,3,81,1407773296767,22.0317084955773
1,0,82,1409204570805,22.05410799161471
1,1,82,1410645820416,22.07666360576923
1,2,82,1412431870390,22.10461535941882
1,3,82,1414216796801,22.132549529262445
1,0,83,1416335905177,22.16571366024702
1,1,83,1418123842560,22.193694951923078
1,2,83,1419214166112,22.210758559194712
1,3,83,1420654426300,22.233298688839643
1,0,84,1422431321497,22.261107169862406
1,1,84,1423871149568,22.283640536858975
1,2,84,1425313355716,22.30621112085587
1,3,84,1427443857657,22.339553561589167
1,0,85,1428879122899,22.36201552012908
1,1,85,1429975395840,22.379172235576924
1,2,85,1431415478563,22.401709587887495
1,3,85,1432857805373,22.424282060249524
1,0,86,1433949123745,22.441361236494018
1,1,86,1435391656448,22.463936931089744
1,2,86,1437528248402,22.497374680770484
1,3,86,1438972648400,22.519979598607772
1,0,87,1440407774881,22.54243938553248
1,1,87,1441847801856,22.564975865384618
1,2,87,1443285132865,22.587470153260842
1,3,87,1444725649269,22.61001429269644
1,0,88,1446162314287,22.632498157786834
1,1,88,1447600099328,22.654999551282053
1,2,88,1449044206098,22.677599880089392
1,3,88,1450482879765,22.700115180617114
1,0,89,1451917790168,22.722571585912462
1,1,89,1454397246976,22.761375184294874
1,2,89,1455834914964,22.78387474590595
1,3,89,1457277573961,22.806452417007836
1,0,90,1459051787438,22.834218929005157
1,1,90,1461184150016,22.867590488782053
1,2,90,1462626821902,22.890168361597308
1,3,90,1464066683284,22.91270224991236
1,0,91,1465499283675,22.93512250342736
1,1,91,1466942836736,22.95771416666667
1,2,91,1468387112654,22.980317142646985
1,3,91,1469830175500,23.002901134001903
1,0,92,1471261965388,23.02530870311248
1,1,92,1472701626368,23.047839455128205
1,2,92,1474483406442,23.075724384671727
1,3,92,1475922618113,23.0982481049836
1,0,93,1477698926776,23.12604740672576
1,1,93,1479488377856,23.154052387820514
1,2,93,1480579759607,23.171132555948894
1,3,93,1482019001046,23.19365674213116
1,0,94,1483454751829,23.216126299407176
1,1,94,1485240914944,23.24407982371795
1,2,94,1486684035408,23.266664716796875
1,3,94,1489506520959,23.310836728750377
1,1,95,1492686221312,23.360599166666667
1,2,95,1494468039465,23.38848469214806
1,3,95,1495909745738,23.41104745308118
1,0,96,1496997242924,23.42806682761168
1,1,96,1498442747904,23.45068903846154
1,2,96,1500234079958,23.47872345687475
1,3,96,1501676396962,23.501295775772487
1,0,97,1503112188866,23.5237659765938
1,1,97,1504556136448,23.546363814102566
1,2,97,1506001033871,23.568976516661035
1,3,97,1507787002188,23.596926992375302
1,0,98,1509907376678,23.630110938094703
1,1,98,1511347088384,23.65264248397436
1,3,98,1513887636257,23.69240215997158
1,0,99,1515663240637,23.720190439656577
1,1,99,1517101271040,23.742695673076923
1,2,99,1518543457548,23.765265949707032
1,3,99,1519986625284,23.78785158259465
1,0,100,1521767739803,23.81572609617576
1,1,100,1523205944832,23.8382340625
1,2,100,1524650574457,23.86084257400904
1,3,100,1526090901709,23.88338375320826
1,0,101,1527524246823,23.905815661668044
1,1,101,1528964374016,23.928353709935898
1,2,101,1530755435985,23.956383901508037
1,3,101,1531848965729,23.973497685812927
1,0,102,1533281667246,23.995919521953876
1,1,102,1534723465216,24.01848371794872
1,2,102,1536842733966,24.05165035879282
1,3,102,1537939719296,24.068818223157052
1,1,103,1540790406144,24.11343158653846
1,2,103,1542231964244,24.135992028558192
1,3,103,1543670510223,24.158505330763596
1,0,104,1545102340345,24.180913529537886
1,1,104,1546889185280,24.208877724358974
1,2,104,1548324540395,24.23134108941494
1,3,104,1550113446060,24.25933753474309
1,0,105,1552232078824,24.29249422238081
1,1,105,1553678605312,24.315132419871794
1,2,105,1555122997320,24.337737212665264
1,3,105,1556563265215,24.360277462925055
1,0,106,1557995699556,24.382695117750902
1,1,106,1559434886656,24.40521845352564
1,2,106,1560873427543,24.42773167604104
1,3,106,1562662828195,24.455735867935573
1,0,107,1564098049331,24.47819713621482
1,1,107,1565885598720,24.50617235576923
1,2,107,1567330153741,24.528779699722683
1,3,107,1569119688861,24.556785996046802
1,0,108,1570551973684,24.579201310909955
1,1,108,1571993789952,24.60176579326923
1,2,108,1573433902723,24.624303615832208
1,3,108,1574529340945,24.641447267894257
1,1,109,1578051720704,24.696572652243592
1,2,109,1580187095477,24.729991352992915
1,3,109,1581283140367,24.747144499433468
1,0,110,1582715412956,24.769559622834034
1,1,110,1584504949760,24.797565945512822
1,2,110,1585944888215,24.820101040023413
1,3,110,1587384917253,24.842637552161584
1,0,111,1588816443840,24.86504100060096
1,1,111,1590260668928,24.887643181089743
1,2,111,1592048602886,24.915624419164413
1,3,111,1593836158204,24.943599731507913
1,0,112,1595271707585,24.96606613683456
1,1,112,1597057218048,24.994009447115385
1,2,112,1598500491761,25.016596738547303
1,3,112,1600631721299,25.0499505662028
1,0,113,1602063610946,25.072359696545725
1,1,113,1603507125248,25.09495075320513
1,2,113,1604607197522,25.112166928366637
1,3,113,1606050227900,25.134750411596055
1,0,114,1607824663993,25.162520407542694
1,1,114,1609264959488,25.18506108974359
1,2,114,1610709589190,25.207669602457685
1,3,114,1612495881937,25.235625155514448
1,0,115,1613929762719,25.258065447199897
1,1,115,1615719720960,25.286078365384615
1,2,115,1617162769321,25.308662130048702
1,3,115,1618605480097,25.331240611494017
1,0,116,1620038730574,25.35367103888096
1,1,116,1621486123008,25.37632278846154
1,2,116,1623274989815,25.404318625660434
1,3,116,1625063105691,25.43230271075909
1,0,117,1627181883370,25.465461666322366
1,1,117,1628281793536,25.48267530448718
1,2,117,1630069201266,25.510648307072568
1,3,117,1631509991629,25.53319673397749
1,0,118,1633634595836,25.5664468749374
1,1,118,1634729277440,25.583578685897436
1,2,118,1636172100845,25.60615892999111
1,3,118,1638647748941,25.64490292187813
1,0,119,1640426839165,25.672745755161383
1,1,119,1641869648896,25.69532578525641
1,2,119,1643310332152,25.717872535932493
1,3,119,1644749590346,25.74039698433118
1,0,120,1646187462139,25.762899735498674
1,1,120,1647972695040,25.79083870192308
1,2,120,1649412299384,25.813368567583133
1,3,120,1650506587394,25.8304942187813
1,0,121,1651943151004,25.852976496832433
1,1,121,1653383501312,25.875518036858974
1,2,121,1654822782698,25.898042848213393
1,3,121,1656608092915,25.925983024636295
1,0,122,1658042813854,25.94843646481245
1,1,122,1659487258624,25.971042083333334
1,2,122,1660926267490,25.993562629738832
1,3,122,1662365347503,26.016084289597732
1,0,123,1663455784657,26.033149674745218
1,1,123,1664892637184,26.055636474358977
1,2,123,1666682353250,26.083645602495242
1,3,123,1668122466915,26.106183439049353
1,0,124,1669900780313,26.134014114974587
1,1,124,1671348464128,26.156670424679486
1,2,124,1673484779207,26.190103841255386
1,3,124,1674926061215,26.212659962424254
1,0,125,1676699639666,26.240416536239234
1,1,125,1677792615936,26.257521658653847
1,2,125,1679927648737,26.29093500752767
1,3,125,1681714296604,26.318896118226665
1,0,126,1683148445101,26.341340599662587
1,1,126,1684936458240,26.369323076923077
1,2,126,1687074645979,26.402785800703
1,3,126,1688513443689,26.425303042508638
1,0,127,1690287225961,26.453062806130433
1,1,127,1692073577472,26.481019278846155
1,2,127,1694207780355,26.514419639470027
1,3,127,1695647815209,26.536956242628833
1,0,128,1696739700370,26.55404428914388
1,1,128,1698177712640,26.576549238782054
1,2,128,1699614842529,26.599040379122222
1,3,128,1701055506374,26.621586826015374
1,0,129,1702487904876,26.644003919959435
1,1,129,1704280696320,26.672061177884615
1,2,129,1705371317908,26.68912944943159
1,3,129,1707158072774,26.71709223466922
1,0,130,1708588826702,26.739483590964294
1,1,130,1710026620928,26.76198512820513
1,2,130,1711121124008,26.779114145257413
1,3,130,1712910709651,26.807121232268507
1,0,131,1714346091504,26.82958501577524
1,1,131,1716131094016,26.857520376602565
1,2,131,1717919701281,26.88551215195876
1,3,131,1719364270018,26.908119710568158
1,0,132,1720796854297,26.930539711929715
1,1,132,1722581600768,26.95847106570513
1,2,132,1723676053298,26.97559929164789
1,3,132,1725118318983,26.998170807401216
1,0,133,1726548802005,27.020557924006535
1,1,133,1727987406848,27.043072147435897
1,2,133,1729425644364,27.065580622182992
1,3,133,1730865980255,27.08812193658291
1,0,134,1732644228072,27.11595158616286
1,1,134,1734088720896,27.13855795673077
1,2,134,1735529304284,27.16110314446865
1,3,134,1737315674518,27.189059910200072
1,0,135,1738750367665,27.211512915430315
1,1,135,1740194644992,27.23411591346154
1,2,135,1741636887130,27.256687060703378
1,3,135,1742733328119,27.27384640610915
1,0,136,1744512999734,27.301698338184845
1,1,136,1745960075776,27.32434513621795
1,2,136,1747751681452,27.352383836826423
1,3,136,1749537880364,27.38033792136168
1,0,137,1750971657518,27.402776591264775
1,1,137,1752764092928,27.43082827724359
1,2,137,1754549556253,27.458770849812826
1,3,137,1755646356227,27.475935813348233
1,0,138,1757086670550,27.498476790208084
1,1,138,1758529693184,27.521060152243592
1,2,138,1760318826484,27.54906016006861
1,3,138,1761761492676,27.571637943772537
1,0,139,1763540026606,27.5994720710324
1,1,139,1765332694528,27.627527395833333
1,2,139,1766774537948,27.6500923031225
1,3,139,1768908052791,27.683481895892804
1,0,140,1770342565702,27.705932080422425
1,1,140,1771442888704,27.72315217948718
1,2,140,1772890196535,27.74580260502742
1,3,140,1774329901713,27.768334048743615
1,0,141,1776104994500,27.796114321977665
1,1,141,1777548170752,27.818700088141025
1,2,141,1779682502860,27.852102471141325
1,3,141,1781466921283,27.8800286909524
1,0,142,1782901809462,27.902484748441257
1,1,142,1784346314240,27.925091306089744
1,2,142,1785790444620,27.947692004394533
1,3,142,1786888840847,27.96488194935334
1,0,143,1788318716523,27.987259560969427
1,1,143,1790110563328,28.01530203525641
1,2,143,1791554594890,28.03790118705554
1,3,143,1792997842016,28.06048806239984
1,0,144,1794429611566,28.082895313219904
1,1,144,1796565383168,28.116320224358976
1,2,144,1798009072443,28.13891401935284
1,3,144,1799451192959,28.161483263205504
1,0,145,1800888977448,28.1839846480619
1,1,145,1802331517440,28.20656045673077
1,2,145,1803774650142,28.229145541334887
1,3,145,1805217989130,28.251733854323167
1,0,146,1806650493358,28.274152602883365
1,1,146,1808097047552,28.29679123397436
1,2,146,1809535749908,28.31930698348608
1,3,146,1811321063393,28.34724721105331
1,0,147,1813097951719,28.375055584544647
1,1,147,1814542812160,28.397667708333334
1,2,147,1815985701427,28.420248983169948
1,3,147,1817427158995,28.44280785185985
1,0,148,1819205099445,28.47063269113394
1,1,148,1820305823232,28.4878590625
1,2,148,1822097473953,28.515898468064528
1,3,148,1823882625490,28.543836161139073
1,0,149,1825658439635,28.571627723654725
1,1,149,1826756509696,28.588812564102565
1,2,149,1828196752690,28.61135242466071
1,3,149,1829982816199,28.63930439013359
1,0,150,1831416996202,28.661749364639675
1,1,150,1832859358720,28.684322395833334
1,2,150,1833953401159,28.701444203835514
1,3,150,1835737613688,28.729367201397235
1,0,151,1837168115502,28.751754612098107
1,1,151,1838958573568,28.779775352564105
1,2,151,1840742285822,28.807690520802034
1,3,151,1842184433574,28.83026019089919
1,0,152,1843616857456,28.852677682041268
1,1,152,1845408684544,28.88071984775641
1,2,152,1847196895999,28.90870542867025
1,3,152,1848292467082,28.92585116001227
1,0,153,1850076027251,28.95376394811386
1,1,153,1851521111040,28.976379567307692
1,2,153,1853306635883,29.004323102636093
1,3,153,1854749786503,29.026908467657627
1,0,154,1856186524984,29.049393482446916
1,1,154,1858671066112,29.088276650641028
1,2,154,1860466255401,29.116371434936525
1,3,154,1862255805938,29.14437797253731
1,0,155,1863686613499,29.166770168190983
1,1,155,1864783206912,29.183931899038463
1,2,155,1866571572154,29.21191988672501
1,3,155,1868014004634,29.234494012826772
1,0,156,1869454224219,29.257033507033128
1,1,156,1871594186752,29.29052400641026
1,2,156,1873033992346,29.313057021640876
1,3,156,1874477918594,29.335654525271686
1,0,157,1875913133920,29.3581157026242
1,1,157,1877359616512,29.380753213141027
1,2,157,1878800669827,29.403305755255285
1,3,157,1879895305432,29.420436846329128
1,0,158,1881330389147,29.44289596396422
1,1,158,1882772595712,29.46546655448718
1,2,158,1884215626489,29.488050043960964
1,3,158,1885658448013,29.510630258616914
1,0,159,1887434918522,29.53843209325546
1,1,159,1888879160320,29.56103453525641
1,2,159,1890667013148,29.58901450364333
1,3,159,1892454937806,29.61699559617263
1,0,160,1893543381088,29.63402977714343
1,1,160,1894986103296,29.6566084375
1,2,160,1896425343011,29.6791325967016
1,3,160,1897864867417,29.70166121132875
1,1,161,1902429130240,29.773092107371795
1,2,161,1904218163213,29.801090545075247
1,3,161,1905659047946,29.82364044887445
1,0,162,1907090423875,29.846041539510093
1,1,162,1908535123456,29.868651145833333
1,2,162,1909976766515,29.89121291746482
1,3,162,1911418817479,29.9137810728259
1,0,163,1912852985802,29.936225864539516
1,1,163,1914987971584,29.969638477564104
1,2,163,1917122481746,30.003043647116638
1,3,163,1918908996743,30.031002678394806
1,0,164,1920341493958,30.053421317201273
1,1,164,1922126754816,30.081360721153846
1,2,164,1923567539590,30.103909060590695
1,3,164,1925353823430,30.131864474252556
1,0,165,1926442071232,30.148895595953526
1,1,165,1928228571648,30.17685439903846
1,2,165,1929666527544,30.199358466421273
1,3,165,1931453582533,30.22732594859588
1,1,166,1934972626944,30.282399134615385
1,2,166,1936412926663,30.304939882922053
1,3,166,1937855193017,30.32751140914526
1,0,167,1939289085519,30.349951884249176
1,1,167,1940734458880,30.37257203525641
1,2,167,1941828428120,30.389692697691306
1,3,167,1943270458153,30.412260525481397
1,0,168,1944703778730,30.43469204993615
1,1,168,1946491962880,30.462677203525644
1,2,168,1947587555208,30.479823267352764
1,3,168,1949030890196,30.502411517740885
1,1,169,1952894249984,30.56287325320513
1,2,169,1954337776912,30.58546450746194
1,3,169,1955780329485,30.608040513023965
1,0,170,1957215350958,30.630498656569262
1,1,170,1958657644544,30.65307060897436
1,2,170,1960106611969,30.67574700722719
1,3,170,1961892941284,30.70370313257462
1,0,171,1963323990138,30.72609910447341
1,1,171,1965801999872,30.764880056089744
1,2,171,1967243807563,30.787444404218625
1,3,171,1968684339794,30.809988791347408
1,0,172,1970123794660,30.832516317670773
1,1,172,1971565052928,30.85507206730769
1,2,172,1973009560934,30.87767867547451
1,3,172,1974449610251,30.900215504979844
1,0,173,1975537169465,30.91723585025103
1,1,173,1978016536064,30.956038036858974
1,2,173,1979464302727,30.978695643138398
1,3,173,1981249295446,31.00663085070488
1,0,174,1982680115968,31.02902324919872
1,1,174,1983781592064,31.04626139423077
1,2,174,1985222268577,31.06880803937863
1,3,174,1986665447373,31.091393845355697
1,0,175,1988101527591,31.11386855830266
1,1,175,1989891081728,31.14187515224359
1,2,175,1991676400067,31.169815455776117
1,3,175,1993116220417,31.192348701938727
1,0,176,1994890608845,31.22011795192621
1,1,176,1996329623552,31.242638589743592
1,2,176,1998118024981,31.27062714375814
1,3,176,1999906260106,31.298613095108426
1,0,177,2000997312683,31.315688111650516
1,1,177,2002443538432,31.338321602564104
1,2,177,2004577360421,31.371716002181618
1,3,177,2007056363757,31.41051250370906
1,0,178,2008488203191,31.432920848216522
1,1,178,2010618211328,31.466255560897437
1,2,178,2012059136527,31.488806097991162
1,3,178,2013497551189,31.511317345080254
1,0,179,2014930936864,31.533749888321314
1,1,179,2016374047232,31.556334623397436
1,2,179,2017818184758,31.57893543353741
1,3,179,2019259569926,31.601493169164414
1,0,180,2020354255156,31.618625036871496
1,1,180,2021800027648,31.641251434294873
1,2,180,2023241898659,31.66381677338429
1,3,180,2025026748559,31.6917497458277
1,0,181,2026809128288,31.719644059995993
1,1,181,2027908054528,31.736842299679488
1,2,181,2029694538707,31.764800848654723
1,3,181,2031138170484,31.787393743802586
1,0,182,2032569237743,31.80979000374036
1,1,182,2033664757248,31.826934927884615
1,2,182,2035108610672,31.84953129181691
1,3,182,2036893153365,31.87745945645846
1,0,183,2038329529498,31.899938800487032
1,1,183,2040113625088,31.92785996794872
1,2,183,2041899080007,31.955802408963716
1,3,183,2042993196116,31.97292536990435
1,0,184,2044427969195,31.995379626073593
1,1,184,2045874071040,32.01801117788462
1,2,184,2047316643798,32.0405874993427
1,3,184,2048414701003,32.05777213859363
1,0,185,2049846199264,32.08017514372997
1,1,185,2051635113472,32.10817172275641
1,2,185,2054115371157,32.14698785489596
1,3,185,2056594605848,32.185787977138425
1,0,186,2057682441009,32.20281264099121
1,1,186,2059128282112,32.22544011217949
1,2,186,2060913181003,32.25337385133401
1,3,186,2062355045576,32.27593908966847
1,0,187,2063786707754,32.298344660112434
1,1,187,2065230269952,32.320936466346154
1,2,187,2067020550880,32.348954434595356
1,3,187,2068460114628,32.37148366492638
1,0,188,2069900441306,32.39402483514248
1,1,188,2071684407296,32.421943974358975
1,2,188,2073473735184,32.44994702749399
1,3,188,2074916093665,32.47251999550844
1,0,189,2076690520463,32.50028984598796
1,1,189,2077788405760,32.517471794871796
1,2,189,2079228116043,32.540003318481446
1,3,189,2081015039735,32.56796874585274
1,0,190,2082444996943,32.59034763344789
1,1,190,2083886705152,32.61291042467949
1,2,190,2085330401823,32.63550433542105
1,3,190,2086773656783,32.658091333367764
1,0,191,2088548796732,32.685872344689
1,1,191,2090340321792,32.71390978365385
1,2,191,2091437315520,32.73107777944712
1,3,191,2093221483297,32.759000076638245
1,0,192,2094308886247,32.77601797637157
1,1,192,2096096562688,32.80399518429487
1,2,192,2097536526735,32.82653067932129
1,3,192,2099325105464,32.85452200808794
1,0,193,2100756687160,32.876926318985376
1,1,193,2102199539712,32.89950701923077
1,2,193,2104683177928,32.938376056815905
1,3,193,2107160750154,32.977150161414514
1,0,194,2108250102848,32.994198574719555
1,1,194,2110035102720,33.02213389423077
1,2,194,2111475766438,33.04468033913637
1,3,194,2112917392954,33.06724185186924
1,0,195,2114691861682,33.09501235855494
1,1,195,2116480192512,33.12299980769231
1,2,195,2117922233332,33.14556780429938
1,3,195,2119363486353,33.168123471820536
1,0,196,2120796680868,33.19055302339994
1,1,196,2122589380096,33.21860883814103
1,2,196,2123683536912,33.235732436147835
1,3,196,2125122042969,33.25824511357234
1,0,197,2126553327215,33.28064476936536
1,1,197,2128341374976,33.30862778846154
1,2,197,2129785258458,33.331224622802736
1,3,197,2131226316430,33.35377723779923
1,0,198,2133006630560,33.381639225260415
1,1,198,2134449921536,33.40422678685898
1,2,198,2136584399485,33.43763145227677
1,3,198,2138024743149,33.46017288832444
1,0,199,2139798879548,33.48793819404798
1,1,199,2141245056000,33.51057091346154
1,2,199,2143032821184,33.53854951021635
1,3,199,2144475106633,33.56112133527707
1,0,200,2145914749683,33.58365180668758
1,1,200,2148052591104,33.617109110576926
1,2,200,2149838571597,33.64505977684608
1,3,200,2151279736226,33.6676140610289
1,0,201,2152712041848,33.690029701397236
1,1,201,2153809645568,33.70720724358974
1,2,201,2155253638873,33.72980579666529
1,3,201,2156692485953,33.752323811113406
1,0,202,2158130610880,33.77483052383814
1,1,202,2159571728896,33.79738407852564
1,2,202,2161014490879,33.819963361362554
1,3,202,2162457550078,33.84254729564178
1,0,203,2163891931222,33.86499541801257
1,1,203,2165334255104,33.887567844551285
1,2,203,2166776387343,33.91013727186937
1,3,203,2168910692662,33.94353923562075
1,0,204,2169998033490,33.96055616314228
1,1,204,2171787655680,33.98856382211539
1,2,204,2172886447257,34.00575995431753
1,3,204,2175017448264,34.039110205453724
1,0,205,2176450715773,34.061540899392156
1,1,205,2177894789632,34.084140713141025
1,2,205,2179682129242,34.11211264964568
1,3,205,2181121461598,34.13463825868264
1,0,206,2182556928614,34.15710337499374
1,1,206,2184001298944,34.17970782852564
1,2,206,2185440920446,34.202237962709084
1,3,206,2186880542014,34.224768097925434
1,0,207,2189345971998,34.263352175950274
1,1,207,2191137090048,34.29138324519231
1,2,207,2192926797130,34.31939223272862
1,3,207,2194711776896,34.34732723758013
1,0,208,2196486595574,34.375103220997346
1,1,208,2197933443584,34.39774645032051
1,2,208,2199031121641,34.41492515589005
1,3,208,2200472222787,34.43747844656137
1,0,209,2201906693413,34.45992796932905
1,1,209,2204047755776,34.49343568108974
1,2,209,2205488836600,34.51598865372095
1,3,209,2207273364659,34.54391658933982
1,0,210,2209048261123,34.571693790111055
1,1,210,2211531636224,34.6105587099359
1,2,210,2213664083156,34.64393158985627
1,3,210,2214757947851,34.66105061615773
1,0,211,2216188495068,34.68343873741737
1,1,211,2217633780224,34.70605750801282
1,2,211,2219074532201,34.728605334175306
1,3,211,2220517168011,34.75118264239971
1,0,212,2221951100027,34.773623735899314
1,1,212,2223394584064,34.79621431891026
1,2,212,2225185401065,34.824240676723385
1,3,212,2226626464141,34.846793371597684
1,0,213,2227717624307,34.86387007191193
1,1,213,2229162181120,34.88647744391026
1,2,213,2230603058020,34.9090272251227
1,3,213,2232044023052,34.93157838560447
1,0,214,2233483717502,34.95410966142703
1,1,214,2235270543872,34.98207356570513
1,2,214,2236712117500,35.00463425073868
1,3,214,2238154806540,35.027212392014725
1,0,215,2239930268632,35.05499844488682
1,1,215,2241368225280,35.077502524038465
1,2,215,2242815803550,35.10015718195989
1,3,215,2244254909760,35.122679251802886
1,0,216,2246033075670,35.150507619535006
1,1,216,2247823622144,35.17852974358974
1,2,216,2249267450821,35.20112572023049
1,3,216,2250707489157,35.22366237788274
1,0,217,2252141160370,35.24609938980494
1,1,217,2253585720320,35.268706810897434
1,2,217,2255719622867,35.302102471250876
1,3,217,2257161665994,35.324670503962594
1,0,218,2258942035497,35.352533358013446
1,1,218,2260381987328,35.375068661858975
1,2,218,2261479447796,35.392243962151944
1,3,218,2263267005925,35.4202193184877
1,0,219,2265737043647,35.458875507796854
1,1,219,2267526128128,35.48687475160256
1,2,219,2268966025382,35.509409201315854
1,3,219,2270752054019,35.53736062104054
1,0,220,2272184825619,35.55978355398325
1,1,220,2273969737216,35.58771749198718
1,2,220,2275071472715,35.60495969668658
1,3,220,2276510003935,35.627472767913034
1,0,221,2277940618445,35.64986194231082
1,1,221,2279379911168,35.67238693108975
1,2,221,2281163040279,35.70029297311636
1,3,221,2282604111124,35.72284578957582
1,1,222,2286814110720,35.788732451923075
1,2,222,2287906173381,35.80582327632024
1,3,222,2289688394966,35.8337151155286
1,0,223,2291120894240,35.856133786558495
1,1,223,2292219823104,35.87333206730769
1,2,223,2293651132935,35.89573212350699
1,3,223,2295434768100,35.92364608529898
1,0,224,2297208761196,35.95140914832482
1,1,224,2298648009216,35.9739334375
1,2,224,2301469097875,36.01808358803773
1,3,224,2303252706905,36.045997140815935
1,0,225,2304685150935,36.068414947275016
1,1,225,2306126881280,36.0909780849359
1,2,225,2307919003816,36.11902487442408
1,3,225,2309357756516,36.141541411821414
1,1,226,2313568976384,36.20744717147436
1,2,226,2315329805266,36.23500421402369
1,3,226,2316773021326,36.25759060318384
1,0,227,2318546072038,36.28533891786233
1,1,227,2319991377408,36.307958004807695
1,2,227,2321432137565,36.33050595898751
1,3,227,2322526495867,36.34763271025829
1,0,228,2323957624649,36.37002993303348
1,1,228,2325400875008,36.39261685897436
1,2,228,2326844701171,36.41521279627091
1,3,228,2328976592581,36.448576982249726
1,0,229,2330414583141,36.47108159212553
1,1,229,2332553726976,36.50455927884615
1,2,229,2334683765502,36.53789446711614
1,3,229,2336121167207,36.5603898613876
1,0,230,2337209371632,36.57742030423678
1,1,230,2338655403008,36.60005075320513
1,2,230,2340096092559,36.622597602398216
1,3,230,2341534670594,36.6451114062813
1,0,231,2343657067584,36.67832700420673
1,1,231,2345103408640,36.70096229967949
1,2,231,2347240184712,36.734402930814305
1,3,231,2348681471405,36.75695912530361
1,0,232,2350115698777,36.77940484113645
1,1,232,2351563191296,36.802058157051285
1,2,232,2353004661633,36.824617225576546
1,3,232,2354446501716,36.84718208064153
1,0,233,2355876298216,36.86955845315004
1,1,233,2357319096320,36.89213830128205
1,2,233,2358763767702,36.91474746628982
1,3,233,2360203969346,36.9372866797188
1,0,234,2361638315389,36.959734252757535
1,1,234,2363426840064,36.987724735576926
1,2,234,2364870275859,37.010314563598634
1,3,234,2366311853368,37.03287530936999
1,0,235,2367746940243,37.05533447645921
1,1,235,2369193182720,37.077968229166665
1,2,235,2370636976867,37.100563665411535
1,3,235,2372074253562,37.123057103271485
1,0,236,2373851135814,37.15086538170448
1,1,236,2375289885184,37.17338186698718
1,2,236,2377075106376,37.201320650165265
1,3,236,2378513400161,37.22383000552446
1,0,237,2379944219519,37.24622238580166
1,1,237,2381386537984,37.26879472756411
1,3,237,2384269253960,37.313909348081935
1,0,238,2385362009281,37.33101101263584
1,1,238,2386806354944,37.35361508012821
1,2,238,2388249943738,37.376207302590394
1,3,238,2389691350186,37.39876537125025
1,0,239,2391121457258,37.42114660422301
1,1,239,2392568263680,37.443789182692306
1,2,239,2394007876807,37.46631918580667
1,3,239,2395792979655,37.49425611689641
1,0,240,2397225748578,37.516679007943964
1,1,240,2398664884736,37.53920154647436
1,2,240,2400106170485,37.56175772619003
1,3,240,2401548455058,37.584329537541315
1,0,241,2402986189821,37.60683014418382
1,1,241,2405120479232,37.64023185897436
1,2,241,2406904647939,37.66815417072003
1,3,241,2408345713914,37.69070691096379
1,0,242,2409780983448,37.71316893667368
1,1,242,2411222588928,37.73573012019231
1,2,242,2412661759779,37.75825320166955
1,3,242,2414104383694,37.78083032373673
1,0,243,2415535560281,37.803228294662084
1,1,243,2416979232256,37.825821818910256
1,2,243,2418419747616,37.84836594200721
1,3,243,2419857597614,37.870868352082084
1,0,244,2421981297844,37.904104345765724
1,1,244,2423423264768,37.92667118589744
1,2,244,2425210987983,37.954649125835715
1,3,244,2426652958991,37.977216029882186
1,0,245,2428085092522,37.99962897701948
1,1,245,2429526289920,38.02218377403846
1,2,245,2430964759546,38.04469588131636
1,3,245,2432403236098,38.06720809698643
1,0,246,2433497125902,38.08432751624474
1,1,246,2434938729472,38.10688866987179
1,2,246,2436729249248,38.134910376101764
1,3,246,2438511925971,38.162809338238056
1,0,247,2440287699638,38.190600267271385
1,1,247,2441725996544,38.21310967147436
1,2,247,2443169062196,38.23569370674329
1,3,247,2444608487159,38.25822076508351
1,0,248,2446049155663,38.2807672848902
1,1,248,2447493188608,38.303366458333336
1,2,248,2448934624012,38.32592498015575
1,3,248,2450722320586,38.35390250316131
1,0,249,2452154454586,38.37631545763847
1,1,249,2453596530688,38.398884006410256
1,2,249,2455035198626,38.421399217278896
1,3,249,2456476157072,38.443950274689506
1,0,250,2458258325044,38.47184127485227
1,1,250,2460744844288,38.510755400641024
1,2,250,2462183841457,38.53327576398801
1,3,250,2463622497048,38.5557907816256
1,0,251,2465400664321,38.58361917068873
1,1,251,2467194043904,38.61168563301282
1,2,251,2468636474784,38.63425973407452
1,3,251,2470422724964,38.66221462095603
1,0,252,2472541710301,38.69537682637532
1,1,252,2473983019520,38.717933373397436
1,2,252,2475422206060,38.74045670040815
1,3,252,2477206076424,38.76837434307392
1,0,253,2478636694530,38.79076357374925
1,1,253,2480080407552,38.81335774038462
1,2,253,2481519495706,38.83587952765049
1,3,253,2482959775681,38.858419966962764
1,0,254,2484394445750,38.88087261102139
1,1,254,2486182707712,38.9088589823718
1,2,254,2487627875731,38.93147591976851
1,3,254,2489070711689,38.95405636031713
1,0,255,2490506383233,38.976524677499626
1,1,255,2492291349504,39.00445947115385
1,2,255,2493733698314,39.02703228781676
1,3,255,2495176454004,39.04961147216797
1,0,256,2496950285808,39.07737201096755
1,1,256,2498394242560,39.09996999198718
1,2,256,2499837383327,39.12255520280887
1,3,256,2501279722834,39.14512787387946
1,1,257,2505168589824,39.20598879807692
1,2,257,2506610009528,39.22854707419371
1,3,257,2508049267750,39.2510715230306
1,0,258,2509136909908,39.268093166378705
1,1,258,2510930840576,39.29616825320513
1,2,258,2512373365146,39.31874382051908
1,3,258,2513813303731,39.34127891706418
1,0,259,2515596328550,39.36918332691682
1,1,259,2517731517440,39.40259911858975
1,2,259,2519171207732,39.425130329339446
1,3,259,2520956848707,39.4530756821383
1,0,260,2522047590551,39.47014583569649
1,1,260,2523493683200,39.49277724358974
1,2,260,2524933157399,39.515305072475336
1,3,260,2526374354832,39.53785987004207
1,0,261,2528148653722,39.56562771875626
1,1,261,2529940886016,39.59367622596154
1,2,261,2531037144991,39.610832722840925
1,3,261,2533167104490,39.64416667433519
1,0,262,2534601957576,39.66662218261719
1,1,262,2535702308352,39.683842716346156
1,2,262,2537140235061,39.70634632695125
1,3,262,2538928176011,39.734327674450995
1,0,263,2540020420119,39.751421338500975
1,1,263,2541463528448,39.77400604166667
1,2,263,2543251370129,39.80198583560259
1,3,263,2545037967176,39.82994615096655
1,0,264,2546816282798,39.85777686169747
1,1,264,2548263689216,39.8804288301282
1,2,264,2549705408413,39.90299179332244
1,3,264,2551493501753,39.930975525731796
1,0,265,2553275889836,39.95886997064053
1,1,265,2554723535360,39.98152568108974
1,2,265,2556162173569,40.004040426698346
1,3,265,2557950736681,40.03203151105832
1,0,266,2559728556265,40.059854458774666
1,1,266,2561864785408,40.09328653044872
1,2,266,2562960940795,40.11044140617175
1,3,266,2564399991616,40.13296260917468
1,0,267,2565833096929,40.15539076473921
1,1,267,2567623827456,40.18341576923077
1,2,267,2569064728734,40.20596593195989
1,3,267,2570504268054,40.228494779991735
1,0,268,2571937053419,40.25091792835725
1,1,268,2573383769600,40.27355909455128
1,2,268,2575518427033,40.30696656890087
1,3,268,2577302275931,40.33488387562287
1,0,269,2578738902869,40.35736714475974
1,1,269,2580527369728,40.38535672275641
1,2,269,2581627626740,40.40257578907502
1,3,269,2583066597107,40.42509573296963
1,0,270,2584499385084,40.44751892221304
1,1,270,2585941769728,40.470092299679486
1,2,270,2587386168569,40.49269719940968
1,3,270,2589171361999,40.52063554811136
1,0,271,2590607997668,40.54311895388872
1,1,271,2592744923648,40.57656193108974
1,2,271,2594188363629,40.599151824622524
1,3,271,2595627851472,40.62167986703726
1,0,272,2597061932319,40.644123289747974
1,1,272,2598499328000,40.66661858974359
1,2,272,2599937398162,40.68912444539388
1,3,272,2601031536251,40.70624775032239
1,0,273,2602466343086,40.72870253477439
1,1,273,2604259770880,40.75676975160256
1,2,273,2605701608813,40.77933457301996
1,3,273,2607141677619,40.801871707528925
1,0,274,2608914875649,40.82962232774001
1,1,274,2610359380992,40.85222889423077
1,3,274,2613241531465,40.897334664603996
1,0,275,2614681885821,40.9198762679819
1,1,275,2616125810688,40.94247375
1,2,275,2617221944139,40.95962828242376
1,3,275,2618662418334,40.98217176128681
1,0,276,2620095485420,41.00459931859726
1,1,276,2621882051584,41.03255915064103
1,2,276,2623671960150,41.06057129141001
1,3,276,2624766203790,41.077696248215894
1,1,277,2628981883392,41.14367180288462
1,2,277,2630422681512,41.1662203511869
1,3,277,2631865676509,41.18880328070225
1,0,278,2632957400396,41.205888803272735
1,1,278,2634402119168,41.2284987099359
1,2,278,2635843898866,41.25106261997321
1,3,278,2637284524614,41.273608470646785
1,0,279,2638715325694,41.29600056487255
1,1,279,2640163360256,41.31866236378205
1,2,279,2641953167184,41.34667291391226
1,3,279,2644427688679,41.385399274448496
1,0,280,2646207192096,41.41324857421875
1,1,280,2647303292416,41.43040258814103
1,2,280,2648745427426,41.452972058825374
1,3,280,2650529598720,41.48089441105769
1,0,281,2651964192739,41.503345864930765
1,1,281,2653751633408,41.53131938301282
1,2,281,2655536794739,41.55925722936386
1,3,281,2656977259334,41.58180055798653
1,0,282,2658755854993,41.60963565130772
1,1,282,2660200513024,41.632244607371796
1,2,282,2661643865572,41.65483313257462
1,3,282,2663086585155,41.67741175184984
1,0,283,2664518975027,41.69982871073405
1,1,283,2665966760448,41.72248661057692
1,2,283,2667405893066,41.74500909370618
1,3,283,2669881475010,41.78375205031175
1,0,284,2671316475582,41.80620986675556
1,1,284,2673103657984,41.83417934294872
1,2,284,2674544466396,41.856728052321216
1,3,284,2676330226683,41.88467527235765
1,0,285,2677765794581,41.907141967476086
1,1,285,2679206773760,41.92969334935898
1,2,285,2680650572601,41.95228885906513
1,3,285,2682434099209,41.98020112193572
1,0,286,2683866156848,42.00261288136018
1,1,286,2685650553344,42.030538758012824
1,2,286,2687438859229,42.05852581675994
1,3,286,2689914107680,42.097263554186696
1,0,287,2691346536583,42.119681123907625
1,1,287,2693138075648,42.147718782051285
1,2,287,2694931401530,42.175784403952576
1,3,287,2696372339523,42.19833514127291
1,0,288,2697806834855,42.22078505069048
1,1,288,2699246894080,42.24332203525641
1,2,288,2700691191591,42.26592534916804
1,3,288,2702475728724,42.29385342679537
1,0,289,2703907168956,42.316255523775546
1,1,289,2705344692224,42.33875282051282
1,2,289,2706784509140,42.36128601293319
1,3,289,2708568243607,42.389201528805465
1,0,290,2710002340585,42.41164520396698
1,1,290,2712136094208,42.44503853365385
1,2,290,2713576815433,42.4675858785463
1,3,290,2715015806967,42.490106153705305
1,0,291,2716450157912,42.51255380346054
1,1,291,2717888143872,42.53505834134616
1,2,291,2719326262630,42.55756495752579
1,3,291,2720767590890,42.58012180254032
1,0,292,2722201904944,42.602568874949924
1,1,292,2723986656256,42.63050030448718
1,2,292,2725427002591,42.65304178233611
1,3,292,2726866058778,42.67556306931716
1,0,293,2728297341288,42.697962697941705
1,1,293,2729738290688,42.72051361378205
1,2,293,2731178868464,42.74305871369191
1,3,293,2732273495490,42.760189670504055
1,0,294,2734049232716,42.78798002923428
1,1,294,2735489060352,42.81051338942308
1,2,294,2737273321105,42.83843714169233
1,3,294,2738716288594,42.86101964070638
1,0,295,2740151361900,42.8834785954402
1,1,295,2741592099328,42.90602619391026
1,2,295,2743032531064,42.928569008288264
1,3,295,2744474469413,42.95113540122008
1,0,296,2745565587159,42.96821143765963
1,1,296,2747706312192,43.00171387019231
1,2,296,2749147494317,43.02426842818823
1,3,296,2750588129812,43.046814431402744
1,0,297,2752364713304,43.07461803422977
1,1,297,2753809498112,43.09722897435898
1,2,297,2755943396378,43.1306245677146
1,3,297,2757381030580,43.153123600573416
1,0,298,2758813566905,43.17554285145295
1,1,298,2760258698240,43.19815921474359
1,2,298,2761695684133,43.22064810154059
1,3,298,2763134354598,43.24316335195688
1,0,299,2764574632811,43.265703763693786
1,1,299,2766014481408,43.28823745192308
1,2,299,2767455876099,43.310795336585414
1,3,299,2768894965376,43.333317141426285
1,0,300,2770329735994,43.355771359080784
1,1,300,2771771148288,43.37832951923077
1,2,300,2773212683747,43.40088960691794
1,3,300,2774654414408,43.42345274952424
1,0,301,2776085097230,43.44584299300757
1,1,301,2777871690240,43.47380324519231
1,2,301,2778970644936,43.49100193021334
1,3,301,2780412969538,43.51357436802008
1,1,302,2783609374208,43.563598229166665
1,2,302,2785053424533,43.5861976746075
1,3,302,2786840858856,43.6141710933744
1,0,303,2788276328342,43.6366362483411
1,1,303,2790065944064,43.66464380608974
1,2,303,2791851785220,43.69259229172927
1,3,303,2793290089284,43.71510180795523
1,0,304,2794728516059,43.73761324461326
1,1,304,2796166924800,43.76012439903846
1,2,304,2797960626506,43.788195902600414
1,3,304,2799055634697,43.805332824660084
1,1,305,2802947809280,43.86624551282051
1,2,305,2804391286408,43.88883598770533
1,3,305,2806178968590,43.91681328547551
1,0,306,2807616362172,43.939308552621696
1,1,306,2808717320704,43.95653859775641
1,2,306,2810501443542,43.98446019165039
1,3,306,2812287073807,44.012405376837314
1,0,307,2813723778217,44.03488985841409
1,1,307,2815855626752,44.06825337339744
1,2,307,2817298142235,44.09082879849947
1,3,307,2819086307973,44.11881366394043
1,0,308,2820518388565,44.14122578258026
1,1,308,2821960268288,44.16379125801282
1,2,308,2823052764690,44.18088887047401
1,3,308,2825186659479,44.21428440941444
1,0,309,2826618139007,44.23668712137858
1,1,309,2829101016064,44.27554424679487
1,2,309,2830195687440,44.2926758976863
1,3,309,2832328322905,44.326051728155676
1,1,310,2836560756736,44.39228948717949
1,2,310,2837655394302,44.40942060894306
1,3,310,2839097906247,44.43199597867525
1,0,311,2840537595769,44.45452717737442
1,1,311,2842325902336,44.48251424679487
1,2,311,2843765419301,44.505042744970076
1,3,311,2846239096088,44.54375588579227
1,0,312,2847670034093,44.566150122899764
1,1,312,2849112623616,44.58872670673077
1,2,312,2850552310716,44.611257867525545
1,3,312,2851991756545,44.6337852524195
1,0,313,2853426651238,44.65624141185272
1,1,313,2854865920512,44.67876603365385
1,2,313,2856307955097,44.70133393268292
1,3,313,2858094030089,44.72928607786521
1,0,314,2859870799585,44.757092591662285
1,1,314,2861311009280,44.779631931089746
1,2,314,2863093633077,44.80753006493202
1,3,314,2864880782789,44.835499029525366
1,0,315,2866316597598,44.857969588810846
1,1,315,2867755852288,44.880493982371796
1,2,315,2869195943309,44.9030314645464
1,3,315,2871325313551,44.936356194145006
1,0,316,2872417124222,44.953443074888575
1,1,316,2874201424896,44.98136745192308
1,2,316,2875640714382,45.00389239004282
1,3,316,2877423078492,45.03178645977314
1,0,317,2878854872619,45.05419409522423
1,1,317,2880640471040,45.08213878205128
1,2,317,2882079896470,45.10466584770007
1,3,317,2883519566469,45.12719674086351
1,0,318,2885298017963,45.15502957799667
1,1,318,2886739680256,45.17759165064103
1,2,318,2888527000208,45.2055632794972
1,3,318,2889965070559,45.22806913810535
1,0,319,2891744818476,45.2559222643104
1,1,319,2893187676160,45.2785030448718
1,2,319,2894627784187,45.301040793190985
1,3,319,2896065361682,45.323538938582985
1,0,320,2897152693434,45.34055572406476
1,1,320,2898594767872,45.363124246794875
1,2,320,2900036652643,45.38568980122884
1,3,320,2901475227859,45.408203560994465
1,0,321,2902909670050,45.43065263875326
1,1,321,2904348449792,45.45316959935897
1,2,321,2906829738213,45.49200186255822
1,3,321,2908271708511,45.514568755493165
1,0,322,2909707451209,45.53703818623861
1,1,322,2911145944064,45.55955065705128
1,2,322,2912586190033,45.5820905641683
1,3,322,2913679078715,45.5991943158272
1,0,323,2915797537714,45.63234828403571
1,1,323,2917239345152,45.65491262820513
1,2,323,2918679514748,45.67745134008163
1,3,323,2920467929600,45.70544010416667
1,0,324,2921899679213,45.72784704297188
1,1,324,2923337811968,45.75035387820513
1,2,324,2924776335889,45.77286683520195
1,3,324,2925871597018,45.79000771575145
1,0,325,2927303144370,45.812411489163914
1,1,325,2928745083392,45.83497789262821
1,2,325,2930184532632,45.857505330904445
1,3,325,2932317070440,45.89087963303786
1,0,326,2934442977483,45.92415016343337
1,1,326,2936234357760,45.95218533653846
1,2,326,2938021546391,45.980154910215724
1,3,326,2939465821497,46.00275787348821
1,0,327,2940896386840,46.02514627842047
1,1,327,2942342094848,46.04777166666667
1,2,327,2943786196837,46.07037192065117
1,3,327,2945227794196,46.092932977075826
1,0,328,2946657779933,46.115312311150966
1,1,328,2948444769792,46.143278774038464
1,2,328,2950232195203,46.17125205333221
1,3,328,2952021811155,46.199259614680365
1,0,329,2953454104491,46.22167506277231
1,1,329,2954899488768,46.244295384615384
1,2,329,2956687949154,46.272284861309345
1,3,329,2958130100737,46.294854591361805
1,0,330,2959564579242,46.31730423743615
1,1,330,2961008767488,46.33990584134615
1,2,330,2962102600140,46.35702436617338
1,3,330,2963542028237,46.379551473560824
1,0,331,2965320769955,46.407388852711215
1,1,331,2966760334336,46.42991809294872
1,2,331,2968555833563,46.458017727786334
1,3,331,2970340746376,46.48595168482071
1,0,332,2971779555289,46.50846910195375
1,1,332,2973573546496,46.53654513621795
1,2,332,2974670188560,46.55370762845553
1,3,332,2976112516684,46.576280121381714
1,0,333,2977545996146,46.59871413239308
1,1,333,2978985278976,46.621238966346155
1,2,333,2980774751120,46.64924427709335
1,3,333,2982563110598,46.67723217457307
1,0,334,2983994918384,46.699640023788064
1,1,334,2985440627200,46.72226542467949
1,2,334,2987578068485,46.7557164664244
1,3,334,2989365118306,46.7836838677196
1,0,335,2990454798379,46.800737404519104
1,1,335,2991901039104,46.8233711298077
1,2,335,2993688560489,46.851345911098385
1,3,335,2995130624836,46.87391427590395
1,0,336,2996569685012,46.896435625313
1,1,336,2998356069376,46.92439261217949
1,2,336,2999794920656,46.946910692357775
1,3,336,3001581040592,46.974863540915464
1,0,337,3003011878061,46.99725620463054
1,1,337,3004111791104,47.01446988782052
1,2,337,3005549952217,47.036977166857596
1,3,337,3006990409608,47.05952038273738
1,0,338,3008426435105,47.0819942392985
1,1,338,3010219775488,47.110060088141026
1,2,338,3012010774943,47.13808930136656
1,3,338,3013452881351,47.16065832442846
1,1,339,3017345212928,47.22157346955128
1,2,339,3018784819864,47.24410337577624
1,3,339,3020227857104,47.266686966396236
1,0,340,3022001607649,47.29444623348921
1,1,340,3023443509760,47.317012059294875
1,2,340,3024881321508,47.33951387075571
1,3,340,3026323638063,47.36208618262658
1,0,341,3027758084546,47.38453532755534
1,1,341,3029200191488,47.40710435897436
1,2,341,3030643765781,47.42969635449532
1,3,341,3032082387229,47.452210837793594
1,0,342,3033514211244,47.47461894099309
1,1,342,3035298745344,47.50254697115385
1,2,342,3037431449278,47.535923873165814
1,3,342,3039561084014,47.56925274210612
1,0,343,3040991897395,47.591645028843026
1,1,343,3042430580736,47.61416048076923
1,2,343,3044570247386,47.647646349565555
1,3,343,3046699557212,47.68097013365134
1,0,344,3048132810295,47.703400601822295
1,1,344,3049572677632,47.725934583333334
1,2,344,3051015151088,47.74850935071114
1,3,344,3052453737308,47.771023282689804
1,0,345,3053884581428,47.79341605049329
1,1,345,3055670897152,47.821371963141026
1,2,345,3056766347799,47.83851580965482
1,3,345,3058896592386,47.87185422278771
1,0,346,3060328914105,47.89427011507475
1,1,346,3061770275840,47.91682748397436
1,2,346,3063211623710,47.93938463588617
1,3,346,3064651180559,47.961913758247576
1,1,347,3068523136512,48.02251002403846
1,2,347,3069963500679,48.04505178095891
1,3,347,3071404376429,48.067601544173804
1,0,348,3072501443513,48.084770687991416
1,1,348,3073938535424,48.10726123397436
1,2,348,3075381351638,48.1298413655286
1,3,348,3076823289099,48.15240774456318
1,0,349,3078258589601,48.174870254923505
1,1,349,3081086280704,48.219123733974364
1,2,349,3082525387477,48.241645812628335
1,3,349,3083966566918,48.264200328619545
1,0,350,3085400346788,48.286639041028145
1,1,350,3086847778816,48.309291410256414
1,2,350,3088634373194,48.33725168385041
1,3,350,3090419300992,48.36518587540064
1,1,351,3093620325376,48.41528203525641
1,3,351,3096440056371,48.459410938298156
1,0,352,3097875290359,48.48187240771171
1,1,352,3099322565632,48.50452232371795
1,2,352,3100769365184,48.52716479467148
1,3,352,3102211931650,48.54974101765951
1,0,353,3103652706914,48.57228920826447
1,1,353,3105442409472,48.600298125
1,2,353,3106884911137,48.62287333384979
1,3,353,3109360037609,48.66160916230031
1,0,354,3111136339937,48.689408364899464
1,1,354,3112583231488,48.71205227564103
1,2,354,3114369568198,48.74000851672051
1,3,354,3115813186924,48.762601207619696
1,0,355,3117249098194,48.78507327652369
1,1,355,3119041214976,48.81311997596154
1,2,355,3120481548070,48.835661246588295
1,3,355,3121924657571,48.85824596809583
1,0,356,3123698258001,48.88600288588304
1,1,356,3125487277056,48.91400110576923
1,2,356,3126929785425,48.936576419536884
1,3,356,3128372866123,48.95916069027632
1,1,357,3131918868480,49.01465576923077
1,2,357,3133014687274,49.031805377259865
1,3,357,3134452753153,49.05431116588104
1,0,358,3136230629222,49.0821349975899
1,1,358,3137675816448,49.104752235576925
1,2,358,3139465617716,49.13276269712791
1,3,358,3140906646407,49.15531485387558
1,0,359,3142338280302,49.17771998168946
1,1,359,3143778361344,49.20025730769231
1,2,359,3145913642582,49.233674544615134
1,3,359,3148046295716,49.26705065160507
1,0,360,3149133683786,49.2840683184658
1,1,360,3150573376000,49.306599559294874
1,2,360,3152015710171,49.32917214685685
1,3,360,3153457141393,49.3517306032308
1,0,361,3155231614099,49.379501172172354
1,1,361,3156675564032,49.40209904647436
1,2,361,3157776746965,49.419332603493714
1,3,361,3159219616920,49.44191357609676
1,0,362,3160650040317,49.46429975956843
1,1,362,3162090655232,49.48684544070513
1,2,362,3163527907330,49.509338493621044
1,3,362,3164624594072,49.52650168507112
1,0,363,3166405710835,49.55437623377091
1,1,363,3167506616832,49.57160545673077
1,2,363,3169293031909,49.59956292425694
1,3,363,3171424727905,49.63292405199883
1,0,364,3172857742945,49.65535079478729
1,1,364,3174302281728,49.67795788461539
1,2,364,3175745762523,49.7005484168889
1,3,364,3177188079986,49.72312074297
1,0,365,3178623877639,49.7455910337634
1,1,365,3179723562496,49.762801145833336
1,2,365,3181163672353,49.78533892279209
1,3,365,3182605579068,49.80790482065054
1,0,366,3184385049556,49.83575360508063
1,1,366,3185831440384,49.85838967948718
1,2,366,3187617697800,49.88634467961238
1,3,366,3189060024772,49.908917154509716
1,0,367,3190494159330,49.93136141779973
1,1,367,3191933750784,49.953891081730774
1,2,367,3193723412867,49.98189936503093
1,3,367,3195162916378,50.00442765265049
1,0,368,3196252759982,50.0214837487167
1,1,368,3198388636672,50.05491030448718
1,2,368,3200176173683,50.0828853303254
1,3,368,3201614527668,50.10539562781701
1,1,369,3205135389184,50.160497251602564
1,2,369,3206923567079,50.18848230730106
1,3,369,3208365043792,50.211041475610976
1,0,370,3209803106354,50.233547212320964
1,1,370,3210903463936,50.2507678525641
1,2,370,3212343122988,50.27329857440655
1,3,370,3214131868752,50.301292517277645
1,0,371,3215221667237,50.31834790722969
1,1,371,3217357364736,50.351771658653846
1,2,371,3218797842193,50.37431518856734
1,3,371,3220238531235,50.39686202979455
1,0,372,3221671062569,50.41928120256473
1,1,372,3222768264704,50.4364524599359
1,2,372,3224210216856,50.45901906888522
1,3,372,3225653326472,50.48160379219251
1,0,373,3227433620967,50.50946547236516
1,1,373,3228526238720,50.52656498397436
1,2,373,3229965533072,50.5490899982472
1,3,373,3231750852879,50.577030324753984
1,0,374,3233184743921,50.59947077700884
1,1,374,3234626635776,50.622036442307696
1,2,374,3236067291913,50.64458276857034
1,3,374,3237850403190,50.67248853149414
1,0,375,3238941910502,50.689570664657204
1,1,375,3240381259776,50.71209653846154
1,2,375,3241821717278,50.73463975607848
1,3,375,3243605986712,50.76256364420573
1,0,376,3245726994141,50.79575749544584
1,1,376,3247169301504,50.81832966346154
1,2,376,3249650782266,50.85716493680514
1,3,376,3251090397446,50.87969497204903
1,0,377,3252866366990,50.90748896656525
1,1,377,3254313086464,50.930130184294875
1,2,377,3255754363812,50.95268623253455
1,3,377,3257194398037,50.975222825849485
1,0,378,3259315558548,51.00841907282903
1,1,378,3260411655680,51.02557303685897
1,2,378,3261850108750,51.048084885034804
1,3,378,3263290696149,51.070630135544995
1,0,379,3264723973685,51.09306098640638
1,1,379,3266511246336,51.121031875
1,2,379,3268298174553,51.148997373187726
1,3,379,3269737220748,51.17151850379357
1,0,380,3271167371989,51.193900428012945
1,1,380,3272605417984,51.21640590544872
1,2,380,3274046561890,51.238959865315756
1,3,380,3275486857928,51.261500556014624
1,0,381,3277262735152,51.28929310571915
1,1,381,3278704031744,51.311849455128204
1,2,381,3280142957067,51.33436869408241
1,3,381,3281584965939,51.356936190702
1,0,382,3283359760258,51.38471179289989
1,1,382,3284459974144,51.401930184294876
1,2,382,3285901783523,51.42449455884102
1,3,382,3287340272467,51.44700696844639
1,0,383,3288773701385,51.469440188442135
1,1,383,3290216355840,51.49201778846154
1,2,383,3291659337693,51.514600512272764
1,3,383,3293447529887,51.54258579175118
1,0,384,3294879913768,51.565002656876004
1,1,384,3296323882496,51.587600825320514
1,2,384,3298110994128,51.61556919396034
1,3,384,3299898131517,51.64353796569824
1,0,385,3301672703490,51.671310088172326
1,1,385,3303118636032,51.693938990384616
1,2,385,3304213614680,51.71107545009515
1,3,385,3305652862050,51.73359972909781
1,0,386,3307428317681,51.76138568085499
1,1,386,3308528128512,51.778597764423075
1,2,386,3310316277702,51.80658237088717
1,3,386,3312103555345,51.8345533376058
1,0,387,3313538188302,51.857005400860125
1,1,387,3315323399680,51.88494403044872
1,2,387,3316766950581,51.90753565988394
1,3,387,3317864301333,51.924709243117114
1,0,388,3319304519116,51.9472487091221
1,1,388,3321098543104,51.97532525641026
1,2,388,3322538710115,51.9978639278314
1,3,388,3324326540170,52.02584353981997
1,0,389,3326105792630,52.05368891210312
1,1,389,3327543834624,52.07619432692308
1,2,389,3328985948012,52.098763459222255
1,3,389,3330080316356,52.11589036765074
1,0,390,3331512036917,52.13829685179099
1,1,390,3332954546176,52.16087217948718
1,2,390,3334393271284,52.18338828506861
1,3,390,3335490268610,52.200556337170724
1,1,391,3339703655936,52.26649601762821
1,2,391,3341840600097,52.299939279362604
1,3,391,3343284047374,52.322529287078076
1,0,392,3344714813569,52.34492083535219
1,1,392,3346159372288,52.36752823717949
1,2,392,3347260635236,52.3847630464368
1,3,392,3348700367315,52.40729491115472
1,0,393,3350135969771,52.42976214710725
1,1,393,3351922505728,52.45772150641026
1,2,393,3353713016667,52.485743074340824
1,3,393,3355152282756,52.508267646296574
1,0,394,3356585300606,52.53069443306165
1,1,394,3358032020992,52.553335665064104
1,2,394,3359473582903,52.57589616672614
1,3,394,3360916707986,52.5984811320926
1,0,395,3362351816779,52.62094064219939
1,1,395,3363798305792,52.64357825320513
1,2,395,3365587861617,52.671584873563326
1,3,395,3367032225483,52.69418922593337
1,0,396,3368462810215,52.71657793430426
1,1,396,3370246699008,52.744495865384614
1,2,396,3371686412811,52.76702744408241
1,3,396,3373130448733,52.78962666411571
1,0,397,3374563122868,52.81204807172727
1,1,397,3376008555008,52.83466914262821
1,2,397,3377448012247,52.85719670608912
1,3,397,3379235189720,52.88516610514323
1,0,398,3380666011392,52.90755852163462
1,1,398,3382105736192,52.9300902724359
1,2,398,3383547485521,52.95265370719714
1,3,398,3385676538554,52.98597347246219
1,0,399,3387113770927,53.008466216681065
1,1,399,3388559336960,53.03108938301282
1,2,399,3390695541550,53.06452107043144
1,3,399,3392134093138,53.08703446041792
1,0,400,3393223426529,53.10408257163024
1,1,400,3394666691584,53.126669727564106
1,2,400,3396105548173,53.14918789082845
1,3,400,3398238681055,53.182571505893804
1,0,401,3400357900610,53.215737376834184
1,1,401,3401456926720,53.23293717948718
1,2,401,3403590337803,53.26632514840933
1,3,401,3405029677811,53.288850877200396
1,0,402,3406464159095,53.3113005667662
1,1,402,3407906469376,53.33387278044872
1,2,402,3410038081021,53.367232588094076
1,3,402,3411479906760,53.38979721867488
1,0,403,3412916003332,53.4122721875626
1,1,403,3414702432768,53.440229879807696
1,2,403,3416143360342,53.46278045407026
1,3,403,3417586339387,53.485363133936175
1,0,404,3419366681760,53.51322556340144
1,1,404,3420806689792,53.535761746794876
1,2,404,3422247973022,53.558317887088094
1,3,404,3424035916030,53.58629926679563
1,0,405,3425471100638,53.60875996341021
1,1,405,3426910055424,53.63127966346154
1,2,405,3428347436059,53.65377472798666
1,3,405,3429786006357,53.67628841078538
1,0,406,3431559393127,53.704041984785036
1,1,406,3433001595392,53.72661250801282
1,2,406,3434443690379,53.74918135233561
1,3,406,3436228170308,53.77710853471805
1,0,407,3438001272379,53.80485765316694
1,1,407,3440135354880,53.8382561298077
1,2,407,3441924747507,53.86626019611065
1,3,407,3443367769999,53.888843555923856
1,0,408,3445147970892,53.91670377122146
1,1,408,3446585475072,53.93920076923077
1,2,408,3448025339491,53.961734705074996
1,3,408,3449468634127,53.9843223239527
1,0,409,3451248267699,54.01217366065392
1,1,409,3452348457984,54.02939168269231
1,2,409,3454134853009,54.057348836403875
1,3,409,3455573244040,54.07985971366687
1,0,410,3456662346575,54.09690421197354
1,1,410,3458101221888,54.11942266826923
1,2,410,3460578651788,54.15819454546024
1,3,410,3462365428119,54.18615766662598
1,0,411,3463795880621,54.20854430559207
1,1,411,3465232822272,54.231032500000005
1,2,411,3467716706917,54.26990539420886
1,3,411,3469847608609,54.303254091061326
1,0,412,3471278565454,54.325648623015574
1,1,412,3472715751424,54.348140641025644
1,2,412,3473810453994,54.36527278010442
1,3,412,3475250849090,54.38781502106495
1,0,413,3476681966133,54.41021206012432
1,1,413,3478120821248,54.43273020032051
1,2,413,3480257184447,54.46616436997634
1,3,413,3481700682239,54.48875516825358
1,0,414,3483135518907,54.511210419593226
1,1,414,3484582292480,54.53385248397436
1,2,414,3486024545904,54.55642380784255
1,3,414,3487811516996,54.584389977025744
1,0,415,3488902745745,54.60146775066669
1,1,415,3490345190912,54.62404207532052
1,2,415,3492132747184,54.652017402594154
1,3,415,3493918070963,54.6799577912629
1,0,416,3495693614491,54.707745118611655
1,1,416,3497478249984,54.73567473557692
1,2,416,3498920854055,54.75825154708471
1,3,416,3500363578226,54.78083023816231
1,0,417,3501797513703,54.8032713858267
1,1,417,3503237873664,54.825813076923076
1,2,417,3505025974642,54.85379692886744
1,3,417,3506469440463,54.87638722679725
1,0,418,3508250884714,54.904266900697365
1,1,418,3510035128832,54.93219039262821
1,2,418,3511473493586,54.9547008586551
1,3,418,3513262365902,54.982696782070065
1,1,419,3516463380992,55.03279279647436
1,2,419,3517902939026,55.05532193738106
1,3,419,3519344011154,55.077874773919525
1,0,420,3520775986692,55.10028524846004
1,1,420,3522214886912,55.122804094551284
1,2,420,3523655785333,55.145354212568236
1,3,420,3525096509903,55.16790160981007
1,1,421,3528622488064,55.22308330929487
1,2,421,3530406141596,55.250997558531154
1,3,421,3531847283567,55.27355148811536
1,0,422,3533286018542,55.29606774811574
1,1,422,3534725704192,55.31859888621795
1,2,422,3536164847724,55.34112154015175
1,3,422,3537603525536,55.36363690554888
1,0,423,3539377538694,55.391400282545824
1,1,423,3541163631616,55.419352708333335
1,2,423,3542951810284,55.44733777612931
1,3,423,3544394840722,55.46992126029773
1,0,424,3545825206067,55.492306535253284
1,1,424,3547617590784,55.52035742788462
1,2,424,3548714287784,55.5375207798728
1,3,424,3550499269378,55.56545581333258
1,0,425,3551930201994,55.58784996610201
1,1,425,3553367943168,55.61035067307692
1,2,425,3554806742034,55.63286793297401
1,3,425,3556250471247,55.65546235299917
1,0,426,3557681843128,55.677863380283455
1,1,426,3559476418560,55.70594855769231
1,2,426,3560918272841,55.728513634956556
1,3,426,3563742132367,55.772707149673856
1,0,427,3565175690017,55.79514238433055
1,1,427,3566614737408,55.81766353365385
1,2,427,3568056228125,55.84022292112693
1,3,427,3569500267684,55.86282219807943
1,0,428,3571618546153,55.8959733409862
1,1,428,3573410539008,55.92401810096154
1,2,428,3575546554442,55.95744682808118
1,3,428,3576987596282,55.97999919061123
1,0,429,3578425842341,56.002507799056616
1,1,429,3579869978624,56.02510858974359
1,2,429,3580963171969,56.04221710939065
1,3,429,3582751241750,56.07020047310071
1,0,430,3584183186612,56.0926104675606
1,1,430,3585626399232,56.11519680288462
1,2,430,3587066106323,56.13772827653934
1,3,430,3588509135384,56.160311739157656
1,0,431,3590283183391,56.18807566154285
1,1,431,3591728559104,56.21069584935898
1,2,431,3593170020624,56.23325477989784
1,3,431,3594611272326,56.25581042677659
1,0,432,3596044771098,56.278244739990235
1,1,432,3597491850240,56.30089158653846
1,2,432,3598930926267,56.3234131840163
1,3,432,3600372984966,56.34598146043044
1,1,433,3603923428864,56.40154604967949
1,2,433,3605709606730,56.429499804844
1,3,433,3606807385944,56.44668009352464
1,0,434,3608239745038,56.46909657073192
1,1,434,3609684306944,56.4917040224359
1,2,434,3611126276981,56.51427091128618
1,3,434,3612566714730,56.53681381976788
1,0,435,3613998706711,56.559224551642004
1,1,435,3615445190656,56.581862083333334
1,2,435,3617236088973,56.60988971374512
1,3,435,3618678302656,56.632460415665065
1,0,436,3620454806161,56.660262766692334
1,1,436,3621899488768,56.6828721073718
1,2,436,3623340886980,56.705430047137924
1,3,436,3624438624726,56.7226096868427
1,0,437,3626213295265,56.75038335187863
1,1,437,3627997724672,56.778309743589745
1,2,437,3629440599303,56.800890789372374
1,3,437,3630879394439,56.82340799089481
1,0,438,3632653627254,56.8511748055326
1,1,438,3634788592640,56.884587099358974
1,2,438,3636576333009,56.91256530775804
1,3,438,3638707895327,56.94592434343387
1,0,439,3640139832101,56.96833421131623
1,1,439,3641583542784,56.990928341346155
1,2,439,3643374937841,57.01896374575884
1,3,439,3645160496818,57.04690781528571
1,0,440,3646598390703,57.06941091219389
1,1,440,3648735813120,57.10286165865385
1,2,440,3650173982482,57.12536906678811
1,3,440,3651614334782,57.14791063798953
1,0,441,3653390135484,57.175701990121695
1,1,441,3654481836032,57.1927871474359
1,2,441,3655923403505,57.21534773614346
1,3,441,3657366397787,57.237930654469025
1,0,442,3659141597942,57.26571260801658
1,1,442,3660581507072,57.288247243589744
1,2,442,3662021518395,57.31078347848746
1,3,442,3664845746894,57.35498276764699
1,0,443,3666276758638,57.377378158772785
1,1,443,3667724528640,57.400035817307696
1,2,443,3669165979598,57.422594582550836
1,3,443,3671297342300,57.45595049422827
1,0,444,3672388890789,57.47303327181303
1,1,444,3674175101440,57.5009875400641
1,2,444,3675618904673,57.523583118505236
1,3,444,3677408058265,57.55158344390087
1,0,445,3678838864710,57.573975622089094
1,1,445,3680280332800,57.59653465544872
1,2,445,3682066182928,57.6244832815004
1,3,445,3683507745805,57.64704379828038
1,0,446,3684943482282,57.66951313166692
1,1,446,3686385594880,57.692082251602564
1,2,446,3687827155106,57.71464272689428
1,3,446,3689268425752,57.737198670247395
1,1,447,3693479673344,57.80310486378205
1,2,447,3694920157465,57.82564849798741
1,3,447,3696706595398,57.85360632321089
1,0,448,3698139554941,57.87603219746908
1,1,448,3700274537984,57.90944476762821
1,2,448,3701367564757,57.926550680416796
1,3,448,3702811540107,57.94914895249587
1,0,449,3704587068221,57.97693603861491
1,1,449,3706370362880,58.00484467147436
1,2,449,3707809918597,58.027373776119916
1,3,449,3709250517832,58.04991921186399
1,1,450,3712771632640,58.10502479967949
1,2,450,3713863618690,58.12211442511143
1,3,450,3715650462390,58.15007860060472
1,0,451,3717081695659,58.17247745860565
1,1,451,3718523240448,58.19503769230769
1,2,451,3719617760815,58.21216697990222
1,3,451,3721405330125,58.24014251122108
1,0,452,3722840562095,58.26260394905286
1,1,452,3724280126464,58.28513318910257
1,2,452,3725720255833,58.30767127142491
1,3,452,3727851924370,58.34103196943234
1,0,453,3730315655071,58.37958945361015
1,1,453,3731757465600,58.40215384615385
1,2,453,3732853521663,58.4193071674523
1,3,453,3734296451119,58.441889071248376
1,0,454,3735730484058,58.46433174419697
1,1,454,3737172134400,58.486893629807696
1,2,454,3738610156189,58.509398728418596
1,3,454,3741087231252,58.548165052396335
1,0,455,3742862768863,58.57595228714381
1,1,455,3744308320768,58.59857523237179
1,2,455,3745748705856,58.62111731670673
1,3,455,3747192776033,58.64371707283216
1,0,456,3748626477794,58.666154562831785
1,1,456,3750063659008,58.68864650641026
1,2,456,3751849571157,58.716596103093075
1,3,456,3753293855175,58.739199205838716
1,0,457,3754727137124,58.76163012576372
1,1,457,3757209594368,58.800480681089745
1,2,457,3758648556396,58.82300049447867
1,3,457,3760433501392,58.85093495517829
1,0,458,3761869264041,58.87340469815768
1,1,458,3763315896320,58.89604455128205
1,2,458,3764755574882,58.91857557845678
1,3,458,3766195065047,58.94110365721092
1,0,459,3767971812649,58.968909828366016
1,1,459,3769761225216,58.99691420673077
1,2,459,3771200677653,59.01944169504019
1,3,459,3773677288003,59.058200746240864
1,0,460,3775107861670,59.08058928144406
1,1,460,3776551406080,59.10318080929488
1,2,460,3777991671088,59.125721014373
1,3,460,3779085165600,59.142834247295674
1,0,461,3780516088451,59.16522824724247
1,1,461,3781960182784,59.187828381410256
1,2,461,3783402116448,59.210394701021634
1,3,461,3784843749953,59.23295632313264
1,0,462,3786618815224,59.260736165740184
1,1,462,3788408689664,59.2887477724359
1,2,462,3789845184536,59.311228974734576
1,3,462,3791287783131,59.33380570054275
1,0,463,3792719875949,59.35621801051996
1,1,463,3793819545088,59.37342787660256
1,2,463,3795260258845,59.39597510462052
1,3,463,3796701104305,59.4185243937957
1,0,464,3798134685997,59.44096000471066
1,1,464,3799575488512,59.46350862179487
1,2,464,3801017616325,59.48607797984588
1,3,464,3802458746568,59.50863172588642
1,0,465,3804579325954,59.54181887823643
1,1,465,3806369020928,59.56982767628205
1,2,465,3807809241059,59.59236717903333
1,3,465,3809251691912,59.614941592673276
1,0,466,3810686212200,59.63739189265325
1,1,466,3812476143616,59.665404391025646
1,2,466,3813915419883,59.687929122267505
1,3,466,3815359478733,59.71052870112493
1,0,467,3817481247083,59.74373446080917
1,1,467,3818925296640,59.76633389423077
1,2,467,3820364350865,59.788855150506436
1,3,467,3821805400653,59.811407637423
1,0,468,3823240416153,59.833865687490615
1,1,468,3824683619328,59.856451875000005
1,2,468,3826121028382,59.878947384283606
1,3,468,3827906220179,59.90688570742876
1,0,469,3829338118176,59.92929496844952
1,1,469,3831128970752,59.957321883012824
1,2,469,3832917855541,59.98531800163074
1,3,469,3834705391431,60.013293009925256
1,0,470,3836139415293,60.035735540818436
1,1,470,3837930968576,60.06377342147436
1,2,470,3839721052955,60.09178831372383
1,3,470,3840817634126,60.10894985298353
1,0,471,3842252872501,60.13141139105381
1,1,471,3844041716224,60.15940686698718
1,2,471,3845479254706,60.18190440182417
1,3,471,3846923826565,60.204512009293
1,0,472,3848698382345,60.23228387834598
1,1,472,3850486958592,60.26027516826923
1,2,472,3852281479348,60.288359489996495
1,3,472,3853723868697,60.31093294109638
1,0,473,3855155688103,60.33334097216484
1,1,473,3856602468864,60.355983149038465
1,2,473,3858044807725,60.37855580999913
1,3,473,3859830841417,60.40650730883476
1,0,474,3861263471338,60.42892802449544
1,1,474,3862709295616,60.451555232371796
1,2,474,3864494253775,60.479489899072895
1,3,474,3865938125962,60.50208655664689
1,0,475,3867713380276,60.52986935778496
1,1,475,3869156959232,60.55246142628205
1,2,475,3870596434925,60.574989278548806
1,3,475,3872038624465,60.597559602629836
1,0,476,3873815195688,60.62536301344652
1,1,476,3875257312256,60.64793219551282
1,2,476,3877393839617,60.68136893431053
1,3,476,3878834145138,60.70390977341872
1,0,477,3880265998543,60.726318336572895
1,1,477,3882405574144,60.75980278044872
1,2,477,3883847459467,60.78236834352151
1,3,477,3885288182733,60.804915720355694
1,0,478,3886722619740,60.827364716984675
1,1,478,3888164914176,60.84993668269231
1,2,478,3889607223320,60.87250887858073
1,3,478,3891051311538,60.89510891704853
1,0,479,3892829017530,60.92293008704552
1,1,479,3894274826240,60.94555705128205
1,2,479,3895723648267,60.96823117405036
1,3,479,3897860102167,61.00166676318047
1,0,480,3899294018597,61.02410761275854
1,1,480,3901081775616,61.05208608173077
1,2,480,3902522977035,61.07464094167856
1,3,480,3903621916682,61.09183939118214
1,0,481,3905399555189,61.11965950503618
1,1,481,3906846752768,61.14230820512821
1,2,481,3908290881678,61.16490888042743
1,3,481,3910079168082,61.19289563429613
1,0,482,3911513084077,61.21533647706643
1,1,482,3912956469248,61.23792551282052
1,2,482,3914398973348,61.26050075977815
1,3,482,3915839760975,61.28304914386456
1,0,483,3917276320424,61.305531356795875
1,1,483,3918718932480,61.32810829326923
1,2,483,3920504993460,61.35606021916316
1,3,483,3921944108141,61.378582421577654
1,0,484,3923719495044,61.40636729773888
1,1,484,3925854445056,61.43977935096154
1,2,484,3927293112569,61.462294555178914
1,3,484,3928733727028,61.48484022917919
1,0,485,3929824961508,61.50191809251052
1,1,485,3931958922240,61.53531466346154
1,2,485,3933397789712,61.557832997045274
1,3,485,3934839248211,61.58039188030536
1,0,486,3936274598040,61.602855162635215
1,1,486,3938062758912,61.63083995192308
1,2,486,3939503449407,61.6533868158898
1,3,486,3941289956793,61.68134572805552
1,0,487,3943064737732,61.70912112085587
1,1,487,3944162798080,61.72630580929487
1,2,487,3945953145320,61.75432481532953
1,3,487,3947396502479,61.77691341269469
1,0,488,3948829542831,61.799340551616964
1,1,488,3950272492544,61.8219227724359
1,2,488,3951370298893,61.83910348578038
1,3,488,3952812200320,61.86166930088141
1,0,489,3954589375924,61.88948217028496
1,1,489,3956382862336,61.91755030448718
1,2,489,3958169419283,61.945509992284535
1,3,489,3959609259532,61.96804354986729
1,0,490,3961045143634,61.990515193590994
1,1,490,3962488013312,62.013096161858975
1,2,490,3963930548171,62.03567189019619
1,3,490,3965374227919,62.05826553609212
1,0,491,3967152944290,62.08610251856095
1,1,491,3968945705984,62.114159310897435
1,2,491,3970042727111,62.13132773548615
1,3,491,3972176659021,62.16472385537172
1,0,492,3973610648359,62.187165845962916
1,1,492,3976097081856,62.226078629807695
1,2,492,3977887967040,62.254106054687504
1,3,492,3979676478241,62.282096326638246
1,0,493,3980766689322,62.29915817373423
1,1,493,3982208790528,62.32172711538462
1,2,493,3983994939512,62.34968041854467
1,3,493,3985437057270,62.37224961923453
1,0,494,3987212589299,62.40003676662347
1,1,494,3988309310976,62.417200504807695
1,2,494,3990097474493,62.44518533548991
1,3,494,3991541103398,62.467778185690854
1,0,495,3992971897084,62.49017016420022
1,1,495,3994415519744,62.51276291666667
1,2,495,3995854042507,62.53527585554074
1,3,495,3997294204198,62.55781444370368
1,0,496,3998729478425,62.5802765428592
1,1,496,4000520734720,62.608309775641025
1,2,496,4001962782899,62.630877887416744
1,3,496,4003749957979,62.65884724902031
1,0,497,4005185834918,62.68131878064278
1,1,497,4006630938112,62.70393470352564
1,2,497,4008067911677,62.72642339738895
1,3,497,4009507546439,62.748953739091924
1,0,498,4010594607981,62.765966295776366
1,1,498,4012038533632,62.7885637900641
1,2,498,4013481463334,62.81114569771009
1,3,498,4014920878840,62.83367260804788
1,0,499,4016695772143,62.861449759349334
1,1,499,4018138574848,62.884029679487185
1,2,499,4019578478480,62.906564229016425
1,3,499,4021020167471,62.92912671948555
1,0,500,4022796708452,62.956929657013724
1,1,500,4024238803968,62.97949850961539
1,2,500,4025680305385,63.002058064543895
1,3,500,4026777616153,63.01923102202587
1,0,501,4028556565096,63.04707164425581
1,1,501,4030002121216,63.06969465544872
1,2,501,4032133806495,63.103055615469124
1,3,501,4034269452824,63.13647856608073
1,0,502,4035704114589,63.15893108018142
1,1,502,4037150501888,63.18156709935898
1,2,502,4038244388537,63.198686469241416
1,3,502,4039687805376,63.221276000600966
1,0,503,4041119704899,63.24368528550368
1,1,503,4042562332672,63.26626246794872
1,2,503,4044003130501,63.28881101169684
1,3,503,4045790681565,63.31678625746507
1,0,504,4047221658543,63.33918110450158
1,1,504,4049013355520,63.36722123397436
1,2,504,4050454259536,63.389771439553286
1,3,504,4051895007746,63.41231920676207
1,0,505,4053330122742,63.43477881394607
1,1,505,4054777104896,63.457424142628206
1,2,505,4056217136893,63.479960701074845
1,3,505,4057659761139,63.50253782832219
1,0,506,4059090436089,63.5249279486084
1,1,506,4060190146560,63.542138461538464
1,2,506,4061975656647,63.57008176593487
1,3,506,4063761173012,63.59802516858223
1,0,507,4065193671785,63.62044383177146
1,1,507,4066641440768,63.64310147435898
1,2,507,4068082507792,63.66565423101963
1,3,507,4069178069959,63.6827998228259
1,0,508,4070610362890,63.70521526457958
1,1,508,4072400233472,63.733226810897435
1,2,508,4074536707767,63.76666271921011
1,3,508,4075977042003,63.78920400770921
1,0,509,4077410787561,63.81164218313364
1,1,509,4079547224064,63.8450775
1,2,509,4081332996371,63.873024908149915
1,3,509,4083121044260,63.9010079292493
1,0,510,4084895310515,63.92877526722444
1,1,510,4086338473984,63.95136083333333
1,2,510,4087781968852,63.97395158584986
1,3,510,4088878815519,63.99111728013259
1,0,511,4090310446183,64.01352235738119
1,1,511,4091757876736,64.03617470352565
1,2,511,4093547815823,64.06418732194949
1,3,511,4094987835715,64.0867236909524
1,0,512,4096765917416,64.1145507408103
1,1,512,4098556126208,64.1425675801282
1,2,512,4099648052956,64.15965627748147
1,3,512,4101090337140,64.1822280827449
1,0,513,4102526214894,64.20469962712215
1,1,513,4103623981056,64.22187971153846
1,2,513,4105066515746,64.24445543723083
1,3,513,4106853033290,64.27241450836965
1,0,514,4108285796083,64.29483730348245
1,1,514,4110074479104,64.32283026442308
1,2,514,4111515956193,64.34538943861742
1,3,514,4112956016517,64.36792644038275
1,0,515,4114733890990,64.39575024711414
1,1,515,4115832992256,64.41295122596154
1,2,515,4117273620924,64.43549712233323
1,3,515,4118715887983,64.45806865958971
1,0,516,4120149633365,64.48050683225975
1,1,516,4121592676352,64.50309051282052
1,2,516,4123379514108,64.53105459528996
1,3,516,4124819702682,64.55359360417293
1,0,517,4125907985253,64.57062527001014
1,1,517,4128044065280,64.60405500801282
1,2,517,4129829313478,64.6319942138359
1,3,517,4131269012494,64.65452556111654
1,0,518,4132701056112,64.67693710111178
1,1,518,4134144233472,64.69952288461539
1,2,518,4135588564382,64.72212672122271
1,3,518,4137032494541,64.74472428606083
1,0,519,4138465362021,64.76714871952937
1,1,519,4140255783424,64.79516888621795
1,2,519,4142045056063,64.82317107470391
1,3,519,4143833558617,64.85116121132876
1,0,520,4145264666433,64.8735581059852
1,1,520,4146708668416,64.8961567948718
1,2,520,4148148470673,64.91868975787823
1,3,520,4149591121997,64.94126730889737
1,0,521,4151024204621,64.96369510937814
1,1,521,4152811412992,64.99166499198718
1,2,521,4154249624304,65.01417305664063
1,3,521,4156380461322,65.0475207413424
1,0,522,4157812189302,65.0699273415903
1,1,522,4159259464704,65.09257725961538
1,2,522,4160698777540,65.11510256316356
1,3,522,4162140233981,65.13766141421587
1,0,523,4163233207302,65.15476649047852
1,1,523,4164678438400,65.17738441506411
1,2,523,4166466948961,65.20537467699883
1,3,523,4167911299258,65.22797881701348
1,0,524,4169345894957,65.25043029717861
1,1,524,4170789356032,65.27302052083334
1,2,524,4172232317201,65.29560292093913
1,3,524,4173675955333,65.318195915543
1,0,525,4175109655585,65.34063338192671
1,1,525,4177247115776,65.37408471955128
1,2,525,4178686740426,65.39661490300105
1,3,525,4180126609130,65.4191489059057
1,0,526,4181562994353,65.44162839219314
1,1,526,4183351586816,65.46961993589744
1,2,526,4184794935548,65.49220840137971
1,3,526,4186580391234,65.5201508543983
1,0,527,4188698088992,65.55329290915465
1,1,527,4190143369728,65.57591161057692
1,2,527,4191582237043,65.5984299417036
1,3,527,4193025374664,65.62101510329026
1,0,528,4194461184532,65.6434855852489
1,1,528,4195907995648,65.66612823717949
1,2,528,4197347345195,65.68865411525628
1,3,528,4198788773281,65.7112125225517
1,0,529,4200562564216,65.7389724217498
1,1,529,4202353775104,65.76700494391025
1,2,529,4203793676803,65.78953946318798
1,3,529,4205235638805,65.8121062262902
1,0,530,4206671085760,65.83457102864584
1,1,530,4208464414208,65.86263669070513
1,2,530,4209555731390,65.87971584832607
1,3,530,4210996148747,65.90225843767215
1,0,531,4212430207675,65.92470151734963
1,1,531,4213876372992,65.9473340625
1,2,531,4215663551738,65.97530348147662
1,3,531,4217103712307,65.9978420520802
1,0,532,4218880798060,66.025653515312
1,1,532,4220323708416,66.04823512019232
1,2,532,4222804665541,66.08706219859587
1,3,532,4224245354772,66.10960904278095
1,0,533,4225680827475,66.13207424809383
1,1,533,4227473419776,66.16012838942308
1,2,533,4229262161266,66.1881222654059
1,3,533,4231047446943,66.21606205777682
1,0,534,4232481332524,66.2385024245668
1,1,534,4233925411840,66.26110232371795
1,2,534,4235714882622,66.2891076131498
1,3,534,4237845398602,66.322450273594
1,0,535,4239281158172,66.34491996838692
1,1,535,4240724323840,66.36750556891026
1,2,535,4242164681992,66.39004723169572
1,3,535,4243953071241,66.41803559509277
1,0,536,4245731223223,66.44586374485114
1,1,536,4247176355328,66.46848012019231
1,2,536,4248961031034,66.49641036649264
1,3,536,4250402719482,66.51897284846379
1,0,537,4251834090791,66.54137386679625
1,1,537,4253277920768,66.56396986378205
1,2,537,4255064170189,66.59192473878518
1,3,537,4256504697153,66.6144690434852
1,0,538,4257935144842,66.63685560712766
1,1,538,4260069843968,66.67026373397437
1,2,538,4261513763749,66.69286113639636
1,3,538,4263302885865,66.72086096919134
1,0,539,4264735645290,66.7432837115948
1,1,539,4266874399232,66.77675529647436
1,2,539,4268313800161,66.79928197868152
1,3,539,4269752889442,66.82180378358498
1,0,540,4271185977626,66.84423167107998
1,1,540,4272632844288,66.86687519230769
1,2,540,4274420984614,66.89485966004983
1,3,540,4276209221828,66.92284564409304
1,0,541,4277645146534,66.94531792327099
1,1,541,4279089699840,66.96792524038462
1,2,541,4280875145718,66.99586753990761
1,3,541,4282315508989,67.01840928280562
1,0,542,4284437181090,67.05161353618915
1,1,542,4285881933312,67.07422396634615
1,2,542,4287323191496,67.09677971466847
1,3,542,4288762345865,67.11930253820175
1,0,543,4289850797669,67.1363368525422
1,1,543,4293025620480,67.18602295673077
1,2,543,4295155251116,67.2193517615059
1,3,543,4296596527349,67.2419077922958
1,0,544,4298371330821,67.26968353773852
1,1,544,4299817483776,67.29231588942308
1,2,544,4300915156835,67.30949451677371
1,3,544,4302704360740,67.33749562956982
1,0,545,4304135790317,67.35989755979881
1,1,545,4305235098112,67.37710177083333
1,2,545,4307023802006,67.40509505843725
1,3,545,4308468230414,67.42770042089218
1,0,546,4310242517825,67.45546808995957
1,1,546,4312723977728,67.49430303685898
1,2,546,4314863823690,67.52779171189529
1,3,546,4316308723809,67.55040445664626
1,0,547,4317739035315,67.57278888901931
1,1,547,4319185395200,67.59542447916667
1,2,547,4320625252114,67.61795829755734
1,3,547,4322068386905,67.64054341485439
1,0,548,4323502376099,67.66298540319198
1,1,548,4325293575680,67.69101774839744
1,2,548,4327424535366,67.72436735285832
1,3,548,4328866462970,67.74693357763046
1,0,549,4330300706207,67.76937954175118
1,1,549,4331744560128,67.79197591346154
1,2,549,4333184784636,67.81451548471304
1,3,549,4334625120003,67.83705679091234
1,0,550,4335713482581,67.8540897088623
1,1,550,4337157646848,67.8766909375
1,2,550,4338946429099,67.9046854513941
1,3,550,4340389338845,67.92726704672789
1,0,551,4342166156275,67.95507431069399
1,1,551,4343956532224,67.98309376602565
1,2,551,4345395141498,68.00560805880033
1,3,551,4346834746723,68.02813793824808
1,0,552,4348610572993,68.05592969052046
1,1,552,4350057100800,68.07856790865385
1,2,552,4351150021467,68.09567216087929
1,3,552,4352593900887,68.11826893165002
1,0,553,4354377604254,68.14618396080604
1,1,553,4355475090944,68.16335967147437
1,2,553,4357260083325,68.19129487375113
1,3,553,4359050276289,68.2193114653602
1,0,554,4360144724090,68.23643961729393
1,1,554,4361589951488,68.25905748397436
1,2,554,4363027733507,68.28155883017516
1,3,554,4364472128836,68.30416367494242
1,0,555,4365910768227,68.32667843904936
1,1,555,4367700416000,68.35468649839744
1,2,555,4369143429914,68.3772697239646
1,3,555,4370933516169,68.40528464557354
1,0,556,4372708067673,68.43305644770696
1,1,556,4374497485312,68.46106090544872
1,2,556,4376284102892,68.48902154215494
1,3,556,4378068761721,68.51695152432956
1,0,557,4379500019837,68.53935077118703
1,1,557,4380943014912,68.56193370192308
1,2,557,4382037473480,68.57906202236077
1,3,557,4383822903416,68.60700407239082
1,0,558,4385256422033,68.62943869617952
1,1,558,4386701814784,68.65205915064102
1,2,558,4387796381829,68.66918916874812
1,3,558,4390271397088,68.70792325671074
1,0,559,4391706005836,68.73037494109325
1,1,559,4393497702400,68.75841506410256
1,2,559,4394593329865,68.77556167782515
1,3,559,4396033081028,68.79809384120844
1,0,560,4397463808354,68.82048478118114
1,1,560,4398909012992,68.84310229166667
1,2,560,4400698459163,68.87110719593538
1,3,560,4402482618173,68.89902935592261
1,0,561,4403918542320,68.92150162635217
1,1,561,4405363477504,68.9441149198718
1,2,561,4407501998126,68.977582853284
1,3,561,4409633143273,69.01093536021698
1,0,562,4411064073008,69.03332946789864
1,1,562,4412505705984,69.05589108173078
1,2,562,4413601993112,69.07304801920573
1,3,562,4415046168477,69.09564942152757
1,0,563,4416822067521,69.12344231271597
1,1,563,4417922252800,69.14066025641026
1,2,563,4419363834178,69.16322106273162
1,3,563,4420803129737,69.18574609589406
1,0,564,4422580990809,69.21356969289927
1,1,564,4424026333184,69.23618935897436
1,2,564,4425464937115,69.25870356813088
1,3,564,4427251659784,69.28666584948418
1,0,565,4428344596809,69.30377035771296
1,1,565,4429788601344,69.32636908653846
1,2,565,4431229416016,69.34891789388021
1,3,565,4433014287312,69.37685120117187
1,0,566,4434105056594,69.39392178413587
1,1,566,4435895941632,69.42194920673077
1,2,566,4437345135963,69.44462915607158
1,3,566,4438787542417,69.46720287486541
1,0,567,4440220545902,69.48962943681767
1,1,567,4441664265216,69.51222370192308
1,2,567,4443450600593,69.54017992214105
1,3,567,4444891134377,69.56272433357435
1,0,568,4446674597398,69.59063560130583
1,1,568,4448119099392,69.61324211538462
1,2,568,4449906095446,69.6412086752241
1,3,568,4452041640016,69.67463003330329
1,0,569,4453471895307,69.69701358590933
1,1,569,4454570589696,69.71420819711538
1,2,569,4456011795604,69.73676312731621
1,3,569,4457455492101,69.75935703533466
1,0,570,4458891021993,69.78182313565767
1,1,570,4460683094528,69.8098691426282
1,2,570,4462121635254,69.83238236262395
1,3,570,4463565772799,69.85498317306127
1,0,571,4465340200295,69.88275303446451
1,1,571,4466783989248,69.90534838942308
1,2,571,4468571461758,69.93332240581806
1,3,571,4470705669847,69.96672284791605
1,0,572,4472138346090,69.98914428851788
1,1,572,4473583006720,70.01175328525642
1,2,572,4475023912239,70.03430351435735
1,3,572,4476121851518,70.05148630806165
1,0,573,4477557703154,70.07395744369116
1,1,573,4479002196992,70.0965638301282
1,2,573,4480791352533,70.12456418602576
1,3,573,4482232684669,70.14712109169984
1,0,574,4483663586901,70.16951476895846
1,1,574,4485456119296,70.19756797275642
1,2,574,4486894780959,70.22008308542105
1,3,574,4488334507677,70.24261486623911
1,0,575,4489770427564,70.2650870699995
1,1,575,4491218069504,70.28774272435898
1,2,575,4492661333441,70.3103298627961
1,3,575,4494447659662,70.33828593972231
1,0,576,4496223599428,70.36607946821164
1,1,576,4497670919680,70.38873008814103
1,2,576,4499111024268,70.41126778263973
1,3,576,4500896053985,70.4392035692264
1,0,577,4502671723014,70.46699286067083
1,1,577,4504810133504,70.50045907051282
1,2,577,4506249903192,70.5229915238131
1,3,577,4507690255216,70.54553309069512
1,1,578,4513291775488,70.6331971073718
1,2,578,4515427431896,70.66662021572016
1,3,578,4517908080847,70.70544247118828
1,0,579,4519343176604,70.72790177728115
1,1,579,4520790778880,70.75055681089744
1,2,579,4522231354876,70.77310188295023
1,3,579,4523669673625,70.79561162899702
1,0,580,4524760094532,70.8126767598783
1,1,580,4526546810368,70.84063893429487
1,2,580,4528331933006,70.86857617509891
1,3,580,4530118469847,70.89653554823656
1,0,581,4531551083107,70.91895600315192
1,1,581,4532996038656,70.94156961538462
1,2,581,4534782802954,70.96953254823343
1,3,581,4536224536287,70.99209573265662
1,0,582,4537999540501,71.01987461971967
1,1,582,4539444436480,71.0424872996795
1,2,582,4541580568153,71.07591784594413
1,3,582,4543021198172,71.09846376345904
1,0,583,4544455512479,71.1209108398281
1,1,583,4545903042048,71.14356473557693
1,2,583,4548038093029,71.17697836896848
1,3,583,4549823277001,71.20491656965207
1,0,584,4551597451488,71.23268247145432
1,1,584,4552697945600,71.24990524839744
1,2,584,4554137500740,71.27243434401292
1,3,584,4555578281887,71.29498262668707
1,0,585,4557010818737,71.31740188578289
1,1,585,4558803748864,71.34546131410256
1,2,585,4560591331588,71.37343705535106
1,3,585,4562033504205,71.39600711458647
1,0,586,4563463057235,71.41837967677972
1,1,586,4564909109760,71.44101045673077
1,2,586,4566349316312,71.46354974697016
1,3,586,4567787537846,71.48605797159831
1,0,587,4569562086859,71.51382973474747
1,1,587,4571355521024,71.54189705128205
1,2,587,4572796423608,71.56444723445013
1,3,587,4574584526376,71.59243111440806
1,0,588,4576358249667,71.62018995497483
1,1,588,4578840984576,71.65904485576924
1,2,588,4580278598436,71.68154357027494
1,3,588,4582065661218,71.70951117441031
1,0,589,4583155755461,71.72657119298691
1,1,589,4584602025472,71.74920537660256
1,2,589,4586042019030,71.77174133347732
1,3,589,4587826405079,71.79966704663399
1,0,590,4589256536622,71.82204866257888
1,1,590,4591045093376,71.8500396474359
1,2,590,4592493144980,71.87270171305339
1,3,590,4594279123731,71.90065235206018
1,0,591,4595715844765,71.9231370938032
1,1,591,4597158412288,71.94571333333333
1,2,591,4598602602189,71.96831496314415
1,3,591,4600045913750,71.99090284689879
1,0,592,4601476475549,72.01329119636732
1,1,592,4602566957568,72.03035728365384
1,2,592,4604008893215,72.05292363429926
1,3,592,4605795268213,72.08088047458747
1,0,593,4607917527406,72.11409391598433
1,1,593,4610052693504,72.14750935096154
1,2,593,4611493751426,72.17006196517553
1,3,593,4612936499464,72.19264102977264
1,0,594,4614375454170,72.21516072857197
1,1,594,4615471694336,72.23231693108974
1,2,594,4616909498536,72.25481862442408
1,3,594,4618352079996,72.27739508206881
1,0,595,4619791576959,72.29992326721191
1,1,595,4621239024640,72.32257588141026
1,2,595,4623371209026,72.35594465247522
1,3,595,4625501443286,72.38928290399014
1,0,596,4626933533360,72.41169517102364
1,1,596,4628380794880,72.43434487179488
1,2,596,4629820133906,72.4568705852176
1,3,596,4630913692756,72.47398482503256
1,0,597,4632345301604,72.49638956085988
1,1,597,4634136989184,72.52442954326924
1,2,597,4635578300905,72.54698612944775
1,3,597,4637362546806,72.5749096492826
1,0,598,4638793624834,72.59730607775566
1,1,598,4640584413184,72.6253319871795
1,2,598,4641677995328,72.64244659154647
1,3,598,4643463619161,72.67039167607234
1,0,599,4645246278568,72.69829036721254
1,1,599,4646691086848,72.7209016746795
1,2,599,4648130437118,72.74342756407127
1,3,599,4649569668172,72.76595158772787
1,0,600,4651342786572,72.79370096172626
1,1,600,4652787645952,72.81631306891026
1,2,600,4654230021454,72.83888630330404
1,3,600,4655323927547,72.85600597748585
1,0,601,4656759952290,72.87847982224685
1,1,601,4658543784960,72.906396875
1,2,601,4659985837876,72.92896506090996
1,3,601,4661084492164,72.94615904453376
1,0,602,4662519117214,72.96861098404322
1,1,602,4664311001088,72.99665403846154
1,2,602,4665752230112,73.0192093304287
1,3,602,4667536679314,73.04713603193234
1,0,603,4668974995470,73.06964573739859
1,1,603,4670413617152,73.09216022435898
1,2,603,4671854369340,73.11470805382362
1,3,603,4673640377203,73.14265914843438
1,0,604,4675072301183,73.16506881609013
1,1,604,4676169831424,73.18224520833334
1,2,604,4678302415627,73.21562023655036
1,3,604,4679743599431,73.23817482082269
1,0,605,4681524999421,73.26605380203638
1,1,605,4683317558272,73.29410741987179
1,2,605,4685104230226,73.3220689075333
1,3,605,4686894044080,73.3500795660557
1,0,606,4688326531029,73.37249804419885
1,1,606,4689424053760,73.38967431891025
1,2,606,4690865557249,73.41223390626566
1,3,606,4692306565388,73.4347857413737
1,0,607,4694081587667,73.46256491115473
1,1,607,4695525705216,73.48516540865384
1,2,607,4696965638765,73.50770042638534
1,3,607,4698751369011,73.53564717627893
1,0,608,4700531478127,73.5635059552628
1,1,608,4702325254144,73.59157862179488
1,2,608,4704459605391,73.6249813043213
1,3,608,4705557062993,73.64215655976125
1,0,609,4706989501646,73.66457428207006
1,1,609,4708782717952,73.69263818910257
1,2,609,4710916370490,73.72602993680513
1,3,609,4713740416596,73.77022637150691
1,0,610,4715172971234,73.79264590898563
1,1,610,4716619291136,73.81528087339744
1,2,610,4718062070760,73.8378604323167
1,3,610,4719505580505,73.86045141765888
1,0,611,4720937932968,73.88286779109075
1,1,611,4722383306752,73.90548794871795
1,2,611,4723478196775,73.92262302144368
1,3,611,4724917435720,73.94514716859476
1,0,612,4726698160291,73.97301557947404
1,1,612,4728141824512,73.99560898237179
1,2,612,4729583040865,74.01816407603728
1,3,612,4731371645764,74.04615581436549
1,0,613,4732802173165,74.06854362550393
1,1,613,4734243200512,74.09109576121796
1,2,613,4735683129035,74.11363070029235
1,3,613,4737126122238,74.13621360173153
1,0,614,4738904955693,74.16405241656963
1,1,614,4740349417984,74.18665830929487
1,2,614,4741790082066,74.20920475989709
1,3,614,4743234223280,74.23180562775441
1,0,615,4744674149611,74.25434053252391
1,1,615,4747160140800,74.29324639423078
1,2,615,4748603070477,74.31582830148551
1,3,615,4750391478994,74.34381696642754
1,0,616,4751824182253,74.36623882983086
1,1,616,4752920946688,74.3834032371795
1,2,616,4754364807623,74.40599971865923
1,3,616,4756150122602,74.43393996960762
1,0,617,4757584262114,74.45638431042794
1,1,617,4760412954112,74.50065345352564
1,2,617,4761853966086,74.5232053486516
1,3,617,4763295080642,74.54575884918995
1,0,618,4765075782488,74.57362690442207
1,1,618,4766518943232,74.59621242788462
1,2,618,4767961833011,74.61879371073405
1,3,618,4769748448392,74.64675431302584
1,0,619,4771531557308,74.6746600389999
1,1,619,4772979171328,74.69731525641026
1,2,619,4774769370181,74.72533194018241
1,3,619,4776208084044,74.74784786977915
1,0,620,4777646023640,74.7703516820663
1,1,620,4779092356096,74.79298684294872
1,2,620,4780532367339,74.81552307659443
1,3,620,4781975828404,74.83811330009264
1,0,621,4783414768508,74.86063277037009
1,1,621,4785205604352,74.88865942307693
1,2,621,4786993736332,74.91664376020383
1,3,621,4788432894315,74.93916664029635
1,0,622,4789870606832,74.96166689878807
1,1,622,4791660115456,74.98967278044871
1,2,622,4793102638511,75.01224832405286
1,3,622,4794200953538,75.02943699822842
1,0,623,4795636316077,75.05190047947028
1,1,623,4797080250880,75.07449811698719
1,2,623,4798519394268,75.09702076866736
1,3,623,4800306475602,75.12498866314228
1,0,624,4802082690125,75.15278649158967
1,1,624,4803527558656,75.17539874198718
1,2,624,4804971720335,75.19799993012258
1,3,624,4806413637111,75.22056598543608
1,0,625,4808195959911,75.24845940866324
1,1,625,4809639597568,75.27105239583334
1,2,625,4811079929810,75.29359365312625
1,3,625,4812519463825,75.31612241813464
1,0,626,4813956594254,75.33861356692583
1,1,626,4816092167680,75.37203537660257
1,2,626,4818571009808,75.41082935521835
1,3,626,4820012611066,75.43339047266251
1,0,627,4821788003368,75.46117543331832
1,1,627,4823231417344,75.4837649198718
1,2,627,4824673246311,75.50632960097093
1,3,627,4826115700642,75.52890406904172
1,0,628,4827550289401,75.55135544059559
1,1,628,4828995938304,75.57397990384615
1,2,628,4830097679482,75.59122219742213
1,3,628,4831538428600,75.61376997884115
1,0,629,4833655877684,75.64690814183945
1,1,629,4835101510144,75.66953234775642
1,2,629,4836193906168,75.68662838929788
1,3,629,4838327166714,75.72001400230995
1,0,630,4839761249903,75.74245746167306
1,1,630,4841205075456,75.76505338942307
1,2,630,4842995074596,75.79306694767878
1,3,630,4844088848990,75.81018456076598
1,0,631,4845527800877,75.83270421544785
1,1,631,4846974194688,75.85534033653846
1,2,631,4848416040014,75.87790527365661
1,3,631,4849511328136,75.89504657664764
1,0,632,4851632036459,75.92823574686686
1,1,632,4853078787584,75.9508774599359
1,2,632,4854520723336,75.97344381222456
1,3,632,4855961518432,75.99599231320113
1,0,633,4857050710007,76.01303820498735
1,1,633,4858497477632,76.03568017628206
1,2,633,4859940977093,76.05827100067921
1,3,633,4861381061769,76.08080838355431
1,0,634,4863159693343,76.1086440389467
1,1,634,4864949843968,76.13665996794872
1,2,634,4866738863630,76.16465819733449
1,3,634,4868182232208,76.18724697340745
1,0,635,4869613498511,76.2096463483918
1,1,635,4871401311744,76.23762569711539
1,2,635,4872839959892,76.26014059826973
1,3,635,4874281398365,76.28269916812212
1,0,636,4875721144499,76.30523125280136
1,1,636,4877166152704,76.32784568910256
1,2,636,4878608578811,76.35041971546663
1,3,636,4880051163557,76.37299622453739
1,0,637,4882173212475,76.40620637512207
1,1,637,4883270285312,76.42337560897437
1,2,637,4885060370393,76.45139051221017
1,3,637,4886500339596,76.47392608792819
1,0,638,4887932626719,76.49634143878643
1,1,638,4889379396096,76.5189834375
1,2,638,4890821277581,76.54154894050794
1,3,638,4892263944455,76.56412673488519
1,0,639,4893697597162,76.58656345718775
1,1,639,4895488995840,76.61459891826924
1,2,639,4896928632035,76.63712928239872
1,3,639,4898371676827,76.65971299120781
1,0,640,4900841759752,76.69836988794572
1,1,640,4902286402048,76.72097859775641
1,2,640,4903382236577,76.7381284520389
1,3,640,4904823609982,76.76068600357448
1,0,641,4906596541445,76.78843245200133
1,1,641,4908385548800,76.81643048878206
1,2,641,4909827330703,76.8389944333277
1,3,641,4911615948949,76.86698638053699
1,0,642,4913397916862,76.89487424976838
1,1,642,4914843105280,76.91749150641026
1,2,642,4916974842435,76.95085327829214
1,3,642,4918758362304,76.97876543569711
1,0,643,4920188537272,77.001147731245
1,1,643,4921635326976,77.02379004807692
1,2,643,4922732004359,77.04095309305828
1,3,643,4924518100513,77.0689055694267
1,0,644,4925949910940,77.09131345997346
1,1,644,4927395107840,77.11393084935898
1,2,644,4929181239516,77.14188388164814
1,3,644,4930624621502,77.16447286755684
1,0,645,4932063301015,77.18698825957469
1,1,645,4933505806848,77.20956353365385
1,2,645,4934946025612,77.23210301501152
1,3,645,4936387427583,77.25466101360615
1,0,646,4937480658199,77.27177011654585
1,1,646,4938921565696,77.29432037660257
1,2,646,4940708430950,77.32228488941682
1,3,646,4942840575676,77.35565303980118
1,0,647,4944275303422,77.37810658650716
1,1,647,4945720894976,77.4007301522436
1,2,647,4947161312037,77.42327273695726
1,3,647,4948256342991,77.44041001525879
1,0,648,4949691428230,77.46286915674455
1,1,648,4951138436096,77.48551488782051
1,2,648,4952237654444,77.50271769900591
1,3,648,4953678723790,77.52527049200596
1,0,649,4955109033725,77.54765489979279
1,1,649,4956551293440,77.57022632211539
1,2,649,4958336459023,77.59816423501039
1,3,649,4959775324305,77.62068253432054
1,0,650,4961207181147,77.6430911512639
1,1,650,4962649636352,77.66566563301282
1,2,650,4964089984784,77.68820714367989
1,3,650,4965186222006,77.70536330012395
1,0,651,4966620173550,77.72780469923754
1,1,651,4968066340864,77.75043727564103
1,2,651,4970202247736,77.78386430376102
1,3,651,4971643029838,77.80641260138096
1,1,652,4975858813952,77.87238979166666
1,2,652,4977297544408,77.89490598094451
1,3,652,4978736745040,77.91742952849559
1,0,653,4980170954140,77.9398749583709
1,1,653,4981617445888,77.9625126121795
1,2,653,4982711547170,77.97963534107697
1,3,653,4985533546074,78.02379973698542
1,0,654,4987311462111,78.05162419419509
1,1,654,4988753927168,78.07419883012821
1,2,654,4991235477757,78.11303519626715
1,3,654,4993021546691,78.1409872466415
1,0,655,4994453470718,78.1633969150328
1,1,655,4995897405952,78.18599455929487
1,2,655,4997334934662,78.20849194119967
1,3,655,4998432279050,78.225665424836
1,0,656,4999867041709,78.24811951793181
1,1,656,5001656254976,78.27612077724359
1,2,656,5003098483260,78.29869170766978
1,3,656,5004193540989,78.31582940500112
1,1,657,5008064086016,78.37640358974359
1,2,657,5009834741197,78.40411441426595
1,3,657,5010932819585,78.42129938503167
1,0,658,5012367153075,78.44374676161546
1,1,658,5013812396544,78.4663648798077
1,2,658,5015252709911,78.48890584170611
1,3,658,5016695332337,78.51148294047039
1,0,659,5018816034384,78.54467201246996
1,1,659,5020254407680,78.5671826121795
1,2,659,5021693699345,78.58970758440067
1,3,659,5022792207307,78.6068992780167
1,0,660,5024222034972,78.62927613825872
1,1,660,5025666432000,78.65188100961538
1,2,660,5026762004964,78.66902677039513
1,3,660,5028204121885,78.69159595798591
1,0,661,5029644516238,78.71413818731847
1,1,661,5031089349632,78.73674988782051
1,2,661,5032879157511,78.76476045283391
1,3,661,5034318402220,78.78728469019181
1,0,662,5036097220106,78.81512326137445
1,1,662,5037539495424,78.83769492788461
1,2,662,5038986017901,78.86033306260329
1,3,662,5041115448527,78.89365873721393
1,0,663,5042893781744,78.92148972330729
1,1,663,5044339796992,78.9441199198718
1,2,663,5045781235923,78.9666784968919
1,3,663,5046875790426,78.9838083187162
1,0,664,5048651031780,79.01159091702975
1,1,664,5050096398336,79.03421096153846
1,2,664,5051188231502,79.05129819432968
1,3,664,5052976002621,79.07927688396748
1,0,665,5054410785495,79.10173129342887
1,1,665,5055853474816,79.12430943910256
1,2,665,5057295659162,79.14687968189729
1,3,665,5058392115076,79.1640392608799
1,0,666,5059827417192,79.1865017964994
1,1,666,5061272787968,79.20912190705128
1,2,666,5063409128944,79.24255572891627
1,3,666,5064850623325,79.2651151737311
1,0,667,5066632384285,79.29299980413975
1,1,667,5068075227136,79.31558035256411
1,2,667,5069514945881,79.3381120086044
1,3,667,5071302997851,79.36609509357159
1,0,668,5072391917307,79.38313672668457
1,1,668,5073838829056,79.40578095352565
1,2,668,5075279017243,79.42831995635204
1,3,668,5077065874677,79.45628434678298
1,0,669,5078500384549,79.47873448375213
1,1,669,5080289768448,79.50673841346153
1,2,669,5081731925524,79.52930822947967
1,3,669,5083172878529,79.55185920173841
1,0,670,5084608602967,79.57432834671413
1,1,670,5086054359552,79.5969544951923
1,2,670,5088534969958,79.63577614742964
1,3,670,5089631064245,79.65293006693523
1,0,671,5091066329031,79.67539201833871
1,1,671,5092857111552,79.70341783653846
1,2,671,5094300703807,79.72601011316544
1,3,671,5095742483081,79.74857401656713
1,0,672,5097518888516,79.77637483279497
1,1,672,5099308688896,79.80438528044873
1,2,672,5100749856581,79.82693961245806
1,3,672,5102192896680,79.84952324782152
1,0,673,5103971486939,79.87735825663249
1,1,673,5105071181312,79.8945685176282
1,2,673,5106510533929,79.91709444375063
1,3,673,5108643462858,79.95047486694337
1,0,674,5110418642818,79.97825650443835
1,1,674,5111861370880,80.00083525641026
1,2,674,5113994772685,80.03422308013134
1,3,674,5115435508535,80.05677065390563
1,0,675,5116523464649,80.07379721067771
1,1,675,5117966968832,80.09638810897437
1,2,675,5119407388005,80.11893072674091
1,3,675,5120847388343,80.14146678972294
1,0,676,5122284280749,80.16395421344464
1,1,676,5125112095232,80.20820962339744
1,2,676,5126902475465,80.23622914577386
1,3,676,5128687608218,80.26416654487805
1,0,677,5130467180496,80.29201692232573
1,1,677,5131565860864,80.30921131410257
1,2,677,5133350553055,80.3371418183938
1,3,677,5134792515979,80.35970859592535
1,0,678,5136232580515,80.38224566360866
1,1,678,5137675950080,80.40483445512821
1,2,678,5138771394115,80.42197819816394
1,3,678,5140213926622,80.44455388969226
1,0,679,5141987760038,80.4723144537197
1,1,679,5144125340160,80.50576766826923
1,2,679,5145223374669,80.52295195232685
1,3,679,5147011532610,80.55093669574444
1,0,680,5148103437249,80.56802504709097
1,1,680,5149547352064,80.59062237179488
1,2,680,5150990339359,80.61320518077362
1,3,680,5152088017496,80.63038388759516
1,0,681,5153525322541,80.65287776913374
1,1,681,5154971215360,80.67550604967948
1,2,681,5156411345805,80.69804414884128
1,3,681,5158196574291,80.72598304617075
1,0,682,5159972386265,80.75377457471016
1,1,682,5161763356672,80.78180333333333
1,2,682,5162854888123,80.79888584427272
1,3,682,5164641210509,80.82684186118102
1,0,683,5166080225315,80.84936250054776
1,1,683,5167522005504,80.87192641826924
1,2,683,5168961257038,80.89445076243865
1,3,683,5170400566866,80.91697601891151
1,0,684,5171498309050,80.93415572807116
1,1,684,5173289828864,80.9621930849359
1,2,684,5175077601699,80.99017180142917
1,3,684,5176519152147,81.01273212369479
1,0,685,5177950764633,81.03513691645696
1,1,685,5179739353088,81.0631283974359
1,2,685,5181181182787,81.08569308999087
1,3,685,5182623482893,81.10826514443423
1,0,686,5183711530046,81.1252931259703
1,1,686,5185155001344,81.14788350961538
1,2,686,5186943983932,81.17588115879157
1,3,686,5189077777981,81.20927512114696
1,0,687,5190508011316,81.23165833014073
1,1,687,5192296345088,81.25964582532052
1,2,687,5193738137563,81.28220993531839
1,3,687,5195179837502,81.30477259712416
1,0,688,5196611413884,81.32717682485728
1,1,688,5198054157312,81.3497558173077
1,2,688,5199150916710,81.36692014582708
1,3,688,5200939310580,81.39490858154296
1,0,689,5202714886605,81.42269641747109
1,1,689,5203813234176,81.43988560096155
1,2,689,5205600796040,81.4678610157502
1,3,689,5207042577411,81.49042495197003
1,0,690,5209166541922,81.52366508166192
1,1,690,5210609524736,81.54624782051282
1,2,690,5212048845981,81.5687732556622
1,3,690,5213144458242,81.58591963144156
1,0,691,5214579526181,81.60837850218162
1,1,691,5216022361088,81.63095892628205
1,2,691,5217460556586,81.65346674344576
1,3,691,5219245591044,81.68140260422926
1,0,692,5220681103981,81.70386843920586
1,1,692,5222125493248,81.72647318910256
1,2,692,5223569186466,81.74906704580454
1,3,692,5225008803226,81.7715971057755
1,0,693,5226100875747,81.78868808448205
1,1,693,5227547284480,81.81132443910256
1,2,693,5229681281037,81.84472157071627
1,3,693,5231123166563,81.86728713696603
1,0,694,5232558426728,81.88974901605069
1,1,694,5234002669056,81.91235146634615
1,2,694,5235439749663,81.93484183542105
1,3,694,5236880443174,81.9573887465883
1,0,695,5238313295977,81.97981295036121
1,1,695,5239755619328,82.00238536858974
1,2,695,5241199618076,82.02498400684846
1,3,695,5242625703173,82.04730229575134
1,0,696,5244400884485,82.07508395440517
1,1,696,5245498121728,82.09225576121796
1,2,696,5246940966012,82.11483633206882
1,3,696,5249074405701,82.14822474867601
1,0,697,5250509864750,82.17068974030323
1,1,697,5251953451008,82.19328192307692
1,2,697,5254086267523,82.22666058698606
1,3,697,5255526040921,82.24919309834799
1,0,698,5257300270140,82.27695985670823
1,1,698,5259088663040,82.3049482772436
1,2,698,5260529992118,82.32750513505985
1,3,698,5262317429706,82.35547860492413
1,0,699,5264786493374,82.39411955024914
1,1,699,5266229593600,82.41670412660257
1,2,699,5267668598749,82.43922461483686
1,3,699,5268761881625,82.45633453564767
1,0,700,5270198471527,82.47881722516965
1,1,700,5272337330688,82.51229045673077
1,2,700,5273780750134,82.53488002888997
1,3,700,5274877893586,82.55205036786984
1,0,701,5276308736379,82.57444311490573
1,1,701,5278100896256,82.60249048878205
1,2,701,5279540729151,82.62502393127441
1,3,701,5280981306794,82.64756902910281
1,0,702,5282418992023,82.67006886053623
1,1,702,5283864476672,82.69269075320513
1,2,702,5285652581532,82.72067466590295
1,3,702,5287095091043,82.74324999754295
1,0,703,5288529250228,82.7656946462465
1,1,703,5289975407616,82.78832706730769
1,2,703,5291419182734,82.81092220574794
1,3,703,5293205787442,82.83888264100686
1,0,704,5294981765164,82.86667676350912
1,1,704,5296079428608,82.88385524038462
1,2,704,5297869594513,82.91187140851926
1,3,704,5299655788361,82.93982541380271
1,1,705,5303524744192,83.00037472756411
1,2,705,5304964208782,83.02290240606847
1,3,705,5306748783250,83.05083106799003
1,0,706,5307837648965,83.06787186005421
1,1,706,5309628807168,83.09590355769231
1,2,706,5311071530504,83.11848223570213
1,3,706,5312168272896,83.13564629807692
1,0,707,5314285622488,83.16878290402144
1,1,707,5315385916416,83.18600254807693
1,2,707,5317176807322,83.21403006250627
1,3,707,5318618325517,83.23658988001115
1,0,708,5320395160809,83.26439742351826
1,1,708,5321839600640,83.28700296474359
1,2,708,5323281901332,83.30957502835787
1,3,708,5324380421018,83.32676690545497
1,0,709,5325814125667,83.34920444065192
1,1,709,5327601985536,83.37718451923077
1,2,709,5329043032850,83.39973696742913
1,3,709,5331173885432,83.43308489570813
1,0,710,5332950420918,83.46088774723934
1,1,710,5334396168704,83.48351375801282
1,2,710,5335837575079,83.50607182553023
1,3,710,5337281488844,83.52866913380159
1,0,711,5338713865595,83.55108588734163
1,1,711,5340505619456,83.57912690705129
1,2,711,5341946747171,83.60168061352853
1,3,711,5344079718408,83.63506169884315
1,0,712,5345512308812,83.6574817960612
1,1,712,5347647182336,83.69089265224359
1,2,712,5349438942879,83.71893377652682
1,3,712,5350883253274,83.74153729207357
1,0,713,5352314051825,83.76392934672037
1,1,713,5353756289536,83.78650042467949
1,2,713,5355891044243,83.81990942137107
1,3,713,5357329629752,83.84242334222256
1,0,714,5358760175489,83.86481144032014
1,1,714,5360548239872,83.89279471955129
1,2,714,5361985718077,83.91529131105081
1,3,714,5363770190960,83.94321838316306
1,0,715,5365202865716,83.96563980049329
1,1,715,5366647537152,83.98824896634616
1,2,715,5368087232710,84.01078025950896
1,3,715,5369531178503,84.0333780690198
1,0,716,5370621953455,84.05044874071953
1,1,716,5372412042240,84.07846370192308
1,2,716,5374895141151,84.11732429936336
1,3,716,5376333930540,84.13984141094501
1,0,717,5378801876405,84.1784648626083
1,1,717,5380249093120,84.20111386217948
1,2,717,5381692553635,84.2237040770702
1,3,717,5383131556439,84.24622452860514
1,0,718,5384907801065,84.2740228281657
1,1,718,5386350699520,84.29660424679487
1,2,718,5387449360802,84.31379833987505
1,3,718,5389582743129,84.34718585876465
1,0,719,5390669854138,84.36419918960962
1,1,719,5392463252992,84.39226595352564
1,2,719,5394247733286,84.42019314162035
1,3,719,5396032967766,84.44813213275616
1,0,720,5397123905570,84.46520535309621
1,1,720,5398916423168,84.49325832532051
1,2,720,5400009815064,84.51036995229867
1,3,720,5401449118644,84.53289511099008
1,0,721,5402881559567,84.5553128688245
1,1,721,5404675018240,84.58338056891026
1,2,721,5406463421179,84.61136914655637
1,3,721,5408938655311,84.6501066598902
1,0,722,5410715941333,84.67792125733988
1,1,722,5411812424192,84.69508125801282
1,2,722,5413251875237,84.71760872453739
1,3,722,5414696317401,84.74021430227427
1,0,723,5416130120043,84.76265337106558
1,1,723,5417575958016,84.78528079326924
1,2,723,5419017908615,84.80784737791404
1,3,723,5420805160331,84.83581793887407
1,0,724,5422583420389,84.86364778002617
1,1,724,5423680992768,84.88082483173078
1,2,724,5425814128662,84.91420849393404
1,3,724,5427253732746,84.9367383555251
1,0,725,5428693848049,84.95927621771396
1,1,725,5430136667648,84.9818564022436
1,2,725,5431235717206,84.99905657185873
1,3,725,5432675620555,85.02159111695902
1,1,726,5436890846208,85.0875595673077
1,2,726,5438681448622,85.11558256682568
1,3,726,5440467787850,85.14353884731194
1,0,727,5441899497556,85.16594516157102
1,1,727,5443687874048,85.19393332532051
1,2,727,5444787983411,85.21115008092636
1,3,727,5446919359057,85.2445061951779
1,0,728,5448351383266,85.26691743142153
1,1,728,5449797922816,85.28955583333334
1,2,728,5451239923519,85.31212320210776
1,3,728,5452681588181,85.33468531182704
1,0,729,5454113159874,85.35708946617713
1,1,729,5455556182016,85.37967282051282
1,2,729,5457342689988,85.40763174184946
1,3,729,5459128165866,85.43557451087365
1,0,730,5460907437487,85.46342018302722
1,1,730,5462351810048,85.48602467147437
1,2,730,5463447688272,85.50317520958534
1,3,730,5464890073464,85.525748595628
1,0,731,5466672842629,85.55364900448531
1,1,731,5468115487744,85.57622645833334
1,2,731,5469552567268,85.59871681045924
1,3,731,5470993027411,85.62126006940792
1,0,732,5472767347713,85.64902825322078
1,1,732,5474906221568,85.6825017147436
1,2,732,5476345041541,85.70501930496607
1,3,732,5477784695238,85.72754994300256
1,0,733,5478872728142,85.74457770154122
1,1,733,5480317544960,85.76718914262821
1,2,733,5481758162180,85.78973485983825
1,3,733,5483544900947,85.81769739312588
1,0,734,5485322677995,85.84551967515212
1,1,734,5486765295616,85.86809669871795
1,2,734,5489245868706,85.90691776695839
1,3,734,5490687566799,85.92948039987418
1,0,735,5492120661973,85.95190839676295
1,1,735,5493218300416,85.9690864823718
1,2,735,5494659927858,85.9916480095966
1,3,735,5496098529603,86.01416218454214
1,0,736,5497538914145,86.03670426033216
1,1,736,5499326139904,86.0646744150641
1,2,736,5501109194848,86.0925792963742
1,3,736,5502896522652,86.12055104811449
1,0,737,5504328825471,86.14296664461577
1,1,737,5506119521792,86.17099111378205
1,2,737,5507211113454,86.18807456702599
1,3,737,5508652559176,86.21063325032553
1,0,738,5510089037441,86.23311419272399
1,1,738,5511876744192,86.261091875
1,2,738,5513664683793,86.28907320138785
1,3,738,5515106694488,86.31164072653746
1,0,739,5516885386111,86.33947732169909
1,1,739,5518331506688,86.36210916666667
1,2,739,5519770692252,86.38463247840295
1,3,739,5520869166855,86.40182364994929
1,0,740,5522303364903,86.42426890686035
1,1,740,5523747061760,86.44686282051282
1,2,740,5525187341086,86.46940324966822
1,3,740,5526630726331,86.49199228658041
1,0,741,5528407990657,86.51980654448681
1,1,741,5530196220416,86.54779241185898
1,2,741,5531290005212,86.56491018773788
1,3,741,5532732314273,86.58748238232735
1,0,742,5534167317907,86.60994024669158
1,1,742,5535611466240,86.63254122596155
1,2,742,5537051592921,86.65507926621657
1,3,742,5538841285254,86.68308802293043
1,0,743,5540271196150,86.70546618574093
1,1,743,5541715160576,86.72806428685898
1,2,743,5544197504773,86.76691307299492
1,3,743,5545294115998,86.7840750826009
1,0,744,5547415341384,86.81727234487681
1,1,744,5548858210304,86.83985330128205
1,2,744,5550298455228,86.86239319204478
1,3,744,5551738715357,86.88493332076635
1,0,745,5553172443492,86.90737122352013
1,1,745,5554269684736,86.92454309294872
1,2,745,5555713118550,86.9471328899677
1,3,745,5557155634781,86.96970832677597
1,0,746,5558586064696,86.9920946122546
1,1,746,5560379594240,87.02016342147436
1,2,746,5561821877466,87.04273521174504
1,3,746,5563608569472,87.07069701322115
1,0,747,5565382012489,87.09845146748862
1,1,747,5566824544768,87.12102715544872
1,2,747,5568614226339,87.14903574373686
1,3,747,5569709629062,87.16617884023813
1,0,748,5571143635025,87.18862109101124
1,1,748,5572589568000,87.21125
1,2,748,5574379636650,87.23926464608999
1,3,748,5576168970404,87.26726779102815
1,0,749,5577607492806,87.28978072425255
1,1,749,5579049625600,87.31235016025641
1,2,749,5580488484669,87.33486836233286
1,3,749,5581932048980,87.35746020163512
1,0,750,5583366591204,87.37991084491436
1,1,750,5585155377664,87.40790542467948
1,2,750,5586248563039,87.42501381959573
1,3,750,5587688330280,87.44754623460037
1,0,751,5589465574263,87.475360174138
1,1,751,5590907728896,87.49792995192308
1,2,751,5592351261456,87.52052129432091
1,3,751,5594481824418,87.55386469003531
1,0,752,5595918571570,87.57634984052609
1,1,752,5597708766208,87.60436645833333
1,2,752,5599152821664,87.62696598407452
1,3,752,5600593890955,87.64951877621382
1,0,753,5602028417155,87.67196916871683
1,1,753,5603473115136,87.69457875
1,2,753,5604914528689,87.7171369298534
1,3,753,5606701106311,87.74509694121532
1,0,754,5608137959638,87.76758375334911
1,1,754,5609582314496,87.7901879647436
1,2,754,5611023733062,87.81274622305064
1,3,754,5612462191672,87.83525815792768
1,0,755,5614236099422,87.86301988528521
1,1,755,5615678835712,87.88559876602564
1,2,755,5617117771049,87.90811816169935
1,3,755,5618559851595,87.93068678001991
1,0,756,5619647846700,87.94771394700271
1,1,756,5621089661440,87.97027840544872
1,2,756,5622527572427,87.99278177000389
1,3,756,5623970569175,88.01536472692246
1,0,757,5625403767654,88.03779434053861
1,1,757,5627194663424,88.06582193108974
1,2,757,5628633597280,88.08834130358574
1,3,757,5630076047310,88.1109157043457
1,0,758,5631513739696,88.13341564778646
1,1,758,5633304229888,88.16143689102564
1,2,758,5634742792427,88.1839504523957
1,3,758,5636182235078,88.20647778755384
1,0,759,5637616506408,88.22892419133113
1,1,759,5639406669312,88.2569403125
1,2,759,5640503573756,88.2741069109951
1,3,759,5642286770106,88.30201400531476
1,1,760,5646525764608,88.36835443910256
1,2,760,5647963156790,88.39084968433869
1,3,760,5649405917898,88.41342895348183
1,0,761,5650844166746,88.43593760557518
1,1,761,5651942097408,88.45312026442308
1,2,761,5653730878744,88.4811147639974
1,3,761,5655517691532,88.50907845571665
1,0,762,5657643228509,88.54234319456442
1,1,762,5658742816768,88.5595517948718
1,2,762,5660183634486,88.58210064988357
1,3,762,5661969886390,88.61005556374575
1,0,763,5663061434114,88.62713832935823
1,1,763,5664504486400,88.64972215544871
1,2,763,5665942991449,88.67223481709799
1,3,763,5667730093161,88.7002030304894
1,0,764,5669164329855,88.72264889221192
1,1,764,5670605697536,88.74520635416667
1,2,764,5672043054083,88.76770104171362
1,3,764,5673486797347,88.7902956816375
1,0,765,5674920832933,88.81273839601175
1,1,765,5676709122560,88.84072520032052
1,2,765,5677802809886,88.85784145079002
1,3,765,5679242021354,88.88036516792494
1,0,766,5680676420570,88.90281357312325
1,1,766,5682120845824,88.92541888621795
1,2,766,5684251177776,88.95875866661659
1,3,766,5685694174213,88.981341618668
1,0,767,5687477694661,89.00925378513435
1,1,767,5688920583168,89.03183504807693
1,2,767,5690359424185,89.05435296763885
1,3,767,5691800567790,89.07690692279523
1,0,768,5693237867228,89.09940071658404
1,1,768,5694683751424,89.12202886217949
1,2,768,5696126023845,89.1446004833515
1,3,768,5697564778374,89.16711704937275
1,0,769,5698999859424,89.18957612530048
1,1,769,5701137975296,89.22303772435897
1,2,769,5702581411762,89.24562756288186
1,3,769,5704369646540,89.27361350880159
1,0,770,5705801949657,89.29602910996657
1,1,770,5707592751104,89.32405522435897
1,2,770,5709033014478,89.34659540386494
1,3,770,5710473078715,89.36913246686886
1,0,771,5711907503179,89.3915812671994
1,1,771,5713350428672,89.41416310897436
1,2,771,5715140237415,89.4421736875094
1,3,771,5716582920074,89.46475172892252
1,0,772,5718012690609,89.48712769507775
1,1,772,5719805169664,89.51518006410257
1,2,772,5721247200234,89.53774790029672
1,3,772,5723033787337,89.56570806003668
1,0,773,5724468584287,89.58816268978804
1,1,773,5726260611072,89.61620798076923
1,2,773,5727699787004,89.63873114176432
1,3,773,5729139285432,89.66125934983474
1,0,774,5730570362348,89.68365576090495
1,1,774,5732012325888,89.70622254807692
1,2,774,5733453474084,89.72877657508263
1,3,774,5735584755204,89.7621312099985
1,0,775,5737016405185,89.78453658955893
1,1,775,5738462494208,89.80716794070513
1,2,775,5740252707251,89.83518484655136
1,3,775,5741692190179,89.85771281204615
1,0,776,5743123517210,89.88011313742614
1,1,776,5745605480448,89.91895596153846
1,2,776,5747044853843,89.94148221283741
1,3,776,5748483945573,89.96400405606784
1,0,777,5749919867948,89.98647629876552
1,1,777,5751709509632,90.01448426282052
1,2,777,5753146884110,90.03697923098834
1,3,777,5754935130266,90.0649653549742
1,0,778,5756710894432,90.0927561353165
1,1,778,5758153311744,90.11533002403847
1,2,778,5759593479461,90.13786870650854
1,3,778,5761378783485,90.16580878601074
1,0,779,5762811256295,90.18822704287798
1,1,779,5764255011840,90.21082187500001
1,2,779,5765697599174,90.23339842457307
1,3,779,5767138863302,90.25595426591923
1,0,780,5768915451485,90.28375794216059
1,1,780,5770357367296,90.3063239823718
1,2,780,5771798611560,90.32887951284556
1,3,780,5773239819467,90.3514344743308
1,0,781,5775701890468,90.38996598413712
1,1,781,5776801095680,90.40716858974359
1,2,781,5778241032622,90.42970366057567
1,3,781,5780030032718,90.45770158375275
1,0,782,5781463949236,90.48014243470803
1,1,782,5783253705728,90.50815219551282
1,2,782,5785037668403,90.53607128284943
1,3,782,5786478774670,90.55862465366462
1,0,783,5787910807706,90.58103602805113
1,1,783,5789700334080,90.60904218750001
1,2,783,5791139045847,90.63155808429426
1,3,783,5792580928405,90.65412360409468
1,0,784,5794355506031,90.68189581503844
1,1,784,5795801125376,90.70451981570513
1,2,784,5796892503552,90.72159992788461
1,3,784,5798331947406,90.74412728186975
1,0,785,5799764497753,90.76654675219415
1,1,785,5801552421376,90.79452782852564
1,2,785,5803339065114,90.82248887460563
1,3,785,5805125503492,90.85044670679338
1,0,786,5806556614789,90.87284365592761
1,1,786,5808000637952,90.89544267628206
1,2,786,5810135079871,90.92884677782891
1,3,786,5811920201330,90.95678400018154
1,0,787,5813355130772,90.97924070343801
1,1,787,5815146162688,91.00727042467949
1,2,787,5816588906171,91.02984941799066
1,3,787,5818028949092,91.05238614739834
1,0,788,5819807489100,91.08022036977916
1,1,788,5821248915968,91.10277875801282
1,2,788,5823388548423,91.13626409165603
1,3,788,5824828716737,91.15880278346918
1,0,789,5826604887904,91.18659993339344
1,1,789,5828394346496,91.21460503205128
1,2,789,5830529811282,91.24802514150767
1,3,789,5832316975013,91.27599432549893
1,0,790,5833749632171,91.29841546741974
1,1,790,5834847282176,91.31559373397437
1,2,790,5837330935247,91.35446300404084
1,3,790,5838773803978,91.37704395748824
1,0,791,5840208534858,91.39949755324145
1,1,791,5841653489664,91.42211115384616
1,2,791,5842747880004,91.43923840651293
1,3,791,5844189362502,91.46179766535833
1,0,792,5845964658545,91.48958111955692
1,1,792,5847409390080,91.51219122596154
1,2,792,5848847797725,91.5347023632343
1,3,792,5850290914645,91.55728720084949
1,0,793,5851727588224,91.57977119991988
1,1,793,5853172219904,91.60237974358975
1,2,793,5854612232645,91.62491600067922
1,3,793,5856398714184,91.65287450833834
1,0,794,5857490086291,91.66995452553773
1,1,794,5858935942144,91.6925822275641
1,2,794,5861765330846,91.73686227410732
1,3,794,5863895598619,91.77020105010205
1,0,795,5865328733563,91.79262966939291
1,1,795,5866774639104,91.81525814903847
1,2,795,5868212522659,91.83776108428172
1,3,795,5869656296904,91.8603562090595
1,0,796,5871090788755,91.88280606399928
1,1,796,5872537126912,91.90544131410256
1,2,796,5873632111351,91.92257786444249
1,3,796,5875071862090,91.94511002119016
1,0,797,5876502868841,91.96750533417531
1,1,797,5878641597952,92.00097653044872
1,2,797,5880084679648,92.02356081680689
1,3,797,5882213860863,92.05688258812538
1,0,798,5883647583427,92.07932040369279
1,1,798,5885092197888,92.10192867788462
1,2,798,5886534492882,92.12450065232497
1,3,798,5887975925681,92.14705913337903
1,0,799,5889409902813,92.16950093294584
1,1,799,5890508476928,92.18669366185898
1,2,799,5891951285558,92.2092736747233
1,3,799,5893739044694,92.23725217682667
1,0,800,5895170609396,92.25965622176733
1,1,800,5896612696576,92.28222494391026
1,2,800,5898748673949,92.31565307537373
1,3,800,5900534782931,92.34360575250088
1,0,801,5902657443515,92.37682547568296
1,1,801,5904102191104,92.39943583333334
1,2,801,5905544036368,92.42200076948117
1,3,801,5906639911890,92.43915126530574
1,0,802,5908079343205,92.46167842305502
1,1,802,5910217372672,92.49513866987179
1,2,802,5911656704330,92.51766426798503
1,3,802,5913096015377,92.54018954353528
1,0,803,5914875027328,92.56803115184294
1,1,803,5916320165376,92.59064762019231
1,2,803,5918104529472,92.61857298978366
1,3,803,5919544305225,92.64110553800143
1,0,804,5920983068137,92.66362223521698
1,1,804,5922429840896,92.68626428685897
1,2,804,5923870155768,92.7088052723107
1,3,804,5925655539266,92.7367465955842
1,0,805,5927435533475,92.76460357626891
1,1,805,5928880231936,92.7872131650641
1,2,805,5930666239573,92.81516425613795
1,3,805,5932451982519,92.84311120478704
1,0,806,5934224976860,92.87085863725711
1,1,806,5936015618048,92.89888224358975
1,2,806,5937106939756,92.91596147204277
1,3,806,5938546853597,92.93849618134328
1,0,807,5939980480045,92.96093249269143
1,1,807,5941426366976,92.98356068108974
1,2,807,5942866138942,93.00609317004081
1,3,807,5944998706466,93.03946793723082
1,0,808,5946090667651,93.05655717352451
1,1,808,5947881428480,93.0845826522436
1,2,808,5949323359227,93.1071489262038
1,3,808,5950766772427,93.12973840061287
1,0,809,5952200762593,93.1521804041623
1,1,809,5953644841984,93.17478030448719
1,2,809,5954738511437,93.19189627524352
1,3,809,5956522452661,93.21981502687112
1,0,810,5957962720495,93.24235527617626
1,1,810,5959754433536,93.27039565705128
1,2,810,5961542140552,93.29837334347457
1,3,810,5962985239755,93.32095790381798
1,0,811,5964416629176,93.34335920560397
1,1,811,5965863564800,93.36600380608975
1,2,811,5967304461386,93.38855389538888
1,3,811,5968744612488,93.41109231783354
1,0,812,5969834148727,93.42814360362517
1,1,812,5971971337216,93.46159068910256
1,2,812,5973410896775,93.48411985387558
1,3,812,5975540616964,93.51745006015875
1,0,813,5976974186740,93.53988548458784
1,1,813,5978419850752,93.56251018429488
1,2,813,5979861099118,93.5850657789651
1,3,813,5981989171535,93.61837019755046
1,0,814,5983772603415,93.64628097792405
1,1,814,5985215703552,93.66886555288461
1,2,814,5987348212190,93.70223939850636
1,3,814,5989135655418,93.73021295663688
1,0,815,5990913710494,93.75803958981246
1,1,815,5992357557248,93.78063584935897
1,2,815,5993800571028,93.80321907282902
1,3,815,5995584965697,93.83114492088905
1,0,816,5997359473795,93.85891604371683
1,1,816,5998802053632,93.88149247596154
1,2,816,6000244684182,93.90406970186675
1,3,816,6001684525653,93.92660327857385
1,0,817,6003114698944,93.9489855478766
1,1,817,6005595532800,93.98781069711539
1,2,817,6007729155316,94.02120197497246
1,3,817,6008825284380,94.03835643873948
1,0,818,6010944938219,94.07152910624187
1,1,818,6012391137280,94.09416217948718
1,2,818,6013829180521,94.11666761382274
1,3,818,6015614647751,94.14461024750538
1,0,819,6017048122755,94.16704418874887
1,1,819,6018148030464,94.18425778846154
1,2,819,6019585834567,94.20675948027782
1,3,819,6021026795881,94.22931058257275
1,0,820,6022460065128,94.25174130371094
1,1,820,6023906588672,94.27437945512821
1,2,820,6026038849795,94.30774942713029
1,3,820,6027824955374,94.33570205100035
1,0,821,6029942988613,94.3688493560478
1,1,821,6031387635712,94.39145814102564
1,2,821,6033179192031,94.41949606919509
1,3,821,6034621327997,94.44206555484087
1,0,822,6036396789254,94.46985159464519
1,1,822,6037840972288,94.49245311698718
1,2,822,6039278185554,94.51494556218074
1,3,822,6041407728411,94.54827299321101
1,0,823,6042839731459,94.57068389828413
1,1,823,6044283599872,94.59328049679488
1,2,823,6045722742090,94.61580313016452
1,3,823,6047163793677,94.6383556452355
1,0,824,6048595581241,94.66076317797538
1,1,824,6050039254016,94.6833567147436
1,2,824,6051132817810,94.70047103193234
1,3,824,6052920960762,94.72845554077149
1,0,825,6054695047648,94.75622007161459
1,1,825,6057179834880,94.79510709134615
1,2,825,6059312433154,94.8284823397749
1,3,825,6060754048065,94.85104367088906
1,0,826,6062185136551,94.87344026303023
1,1,826,6063283386368,94.89062791666667
1,2,826,6064723663459,94.91316831084423
1,3,826,6067200049848,94.95192385704628
1,1,827,6072452996608,95.03413268429487
1,2,827,6073892909071,95.05666737202962
1,3,827,6075679783225,95.08463202412923
1,0,828,6077113154106,95.1070643358436
1,1,828,6078557040640,95.12966121794872
1,2,828,6079997586264,95.15220581467848
1,3,828,6081440119057,95.17478151068272
1,0,829,6082871169127,95.19717750161196
1,1,829,6084314017792,95.21975814102565
1,2,829,6085751012175,95.24224716069149
1,3,829,6087190247699,95.26477125430377
1,0,830,6089309207425,95.29793305890988
1,1,830,6090751014912,95.32049740384616
1,2,830,6092537306061,95.34845293189416
1,3,830,6093977464778,95.37099147351387
1,0,831,6095410903578,95.39342484816332
1,1,831,6096507826176,95.41059173076923
1,2,831,6098296265122,95.43858087192633
1,3,831,6100084866035,95.46657254787347
1,0,832,6101516547722,95.48897842363407
1,1,832,6102960526336,95.51157674679487
1,2,832,6104402421978,95.53414247136043
1,3,832,6105842017233,95.55667219477728
1,0,833,6107275343014,95.57910380067483
1,1,833,6108721462272,95.601735625
1,2,833,6109814841650,95.61884705607096
1,3,833,6111604146095,95.64684974232209
1,0,834,6113039478972,95.66931275935247
1,1,834,6114482220032,95.69189171474359
1,2,834,6115925125238,95.71447323902619
1,3,834,6117710964167,95.74242168981309
1,0,835,6119488460204,95.77023957400591
1,1,835,6120930023936,95.79280010416667
1,2,835,6122712653037,95.82069832101675
1,3,835,6124155736137,95.84328262934758
1,0,836,6125593099806,95.86577742835412
1,1,836,6126690940928,95.88295868589744
1,2,836,6128474531501,95.91087194982285
1,3,836,6129913856554,95.93339744456756
1,0,837,6131349427810,95.95586419223883
1,1,837,6133138044416,95.98385611378205
1,2,837,6134578564614,96.0064003125939
1,3,837,6136021344834,96.0289798808406
1,0,838,6137454770397,96.05141304833046
1,1,838,6138900565504,96.0740397996795
1,2,838,6140348857768,96.09670563163561
1,3,838,6141441579476,96.11380677014473
1,0,839,6142874055330,96.1362250746507
1,1,839,6144661892096,96.16420479166666
1,2,839,6146102047124,96.18674327555338
1,3,839,6147540143624,96.20924954339444
1,0,840,6148974920487,96.23170385878343
1,1,840,6150417589248,96.25428168269231
1,2,840,6151864557892,96.27692679994242
1,3,840,6153304421850,96.29946072857197
1,0,841,6154738055508,96.32189715275692
1,1,841,6156183396352,96.3445167948718
1,2,841,6157966641801,96.37242465759277
1,3,841,6159409667594,96.39500806906676
1,0,842,6160840908769,96.4174070507969
1,1,842,6162629901824,96.44540486378206
1,2,842,6164417620300,96.47338272955479
1,3,842,6165860592742,96.49596530608349
1,0,843,6167292328115,96.51837202203212
1,1,843,6169430543360,96.55183517628205
1,2,843,6170524075659,96.5689490005728
1,3,843,6171966819979,96.59152800698305
1,0,844,6173404450560,96.61402698317308
1,1,844,6176578110976,96.66369489583333
1,2,844,6178021195702,96.68627922961113
1,3,844,6180841502848,96.7304171494391
1,0,845,6182273101364,96.75282172357022
1,1,845,6183719078912,96.7754513301282
1,2,845,6185161284995,96.79802191310785
1,3,845,6186947968660,96.82598358404698
1,0,846,6188722978057,96.85376255222418
1,1,846,6190167649280,96.8763717147436
1,2,846,6191608983122,96.89892864711663
1,3,846,6193050732233,96.92149207846617
1,0,847,6194824605612,96.94925326791616
1,1,847,6196270734848,96.97188524839744
1,2,847,6197711608721,96.99443498223721
1,3,847,6199499298625,97.022412400857
1,0,848,6200588641217,97.03946065606533
1,1,848,6202033074176,97.0620660897436
1,2,848,6203474006855,97.08461674389962
1,3,848,6204915195603,97.10717140554576
1,0,849,6206690407001,97.1349535350467
1,1,849,6208136685056,97.15758784455129
1,2,849,6209578965651,97.1801595936467
1,3,849,6211366880064,97.20814052584134
1,0,850,6213487737722,97.24133203315931
1,1,850,6214933592064,97.26395971153846
1,2,850,6216374340817,97.28650748724522
1,3,850,6217812733857,97.30901839594915
1,0,851,6219245487543,97.33144104853703
1,1,851,6220341114880,97.34858766025641
1,2,851,6223167608077,97.39282239203038
1,3,851,6224610019914,97.41539619506837
1,0,852,6226730697104,97.44858487805489
1,1,852,6228521646592,97.47661330929488
1,2,852,6229962927982,97.49916942079201
1,3,852,6231749603616,97.52713096604568
1,0,853,6233179748474,97.54951279037084
1,1,853,6234625965056,97.57214613782051
1,2,853,6235722639132,97.58930913104717
1,3,853,6237510036744,97.61728197528547
1,0,854,6238942754466,97.6397040650353
1,1,854,6240734327808,97.66774225961538
1,2,854,6242175704553,97.6902998634221
1,3,854,6243958845802,97.7182060954089
1,0,855,6245736272856,97.74602290001502
1,1,855,6247182731264,97.76866003205129
1,2,855,6248284017937,97.7858952126058
1,3,855,6250067305359,97.81380373220591
1,0,856,6251501111269,97.83624285214155
1,1,856,6253638512640,97.86969326923077
1,2,856,6255767994978,97.90301975313628
1,3,856,6258243047187,97.94175441936787
1,0,857,6259678121575,97.96421339103503
1,1,857,6261468261888,97.99222915865384
1,2,857,6262906801220,98.01474235683344
1,3,857,6264692286344,98.0426852705579
1,0,858,6265788966081,98.05984835237943
1,1,858,6267235675136,98.08248940705128
1,2,858,6269021091145,98.11043123912323
1,3,858,6270808943488,98.13841119991987
1,0,859,6272243358596,98.16085985382863
1,1,859,6274377582592,98.1942605448718
1,3,859,6277256569834,98.23931681055313
1,0,860,6278344065557,98.25633616218762
1,1,860,6279789187584,98.27895237980769
1,2,860,6281571459959,98.30684501388158
1,3,860,6283357687333,98.33479954384829
1,0,861,6284445500581,98.35182386476174
1,1,861,6285887586304,98.37439256410256
1,2,861,6287327639883,98.39692946030837
1,3,861,6289457519187,98.43026215674767
1,1,862,6293673939968,98.49624931089744
1,2,862,6295111678724,98.51874998003055
1,3,862,6296551114765,98.54127721174191
1,0,863,6297985721385,98.56372886282114
1,1,863,6299428019712,98.58630088942309
1,2,863,6300867232458,98.60882462655874
1,3,863,6302306863620,98.63135491192158
1,0,864,6303739145325,98.65377017798791
1,1,864,6305532351488,98.68183392628205
1,2,864,6307661291289,98.71515191946176
1,3,864,6309450740428,98.74315687017979
1,0,865,6310881592288,98.76554975911459
1,1,865,6312325192192,98.78814215544872
1,2,865,6313424383179,98.80534453843337
1,3,865,6314866425472,98.82791255809295
1,0,866,6316297063334,98.85030209795048
1,1,866,6317741655552,98.87291002403846
1,2,866,6319180569246,98.89542908099835
1,3,866,6320969731751,98.9234295458828
1,0,867,6322403542556,98.94586874242539
1,1,867,6323845214208,98.96843096153846
1,2,867,6325286346228,98.99098473538912
1,3,867,6326724892320,99.01349803936299
1,0,868,6328503226032,99.04132903320313
1,1,868,6329950155264,99.06397353365385
1,2,868,6331393585943,99.08656328160995
1,3,868,6334908652581,99.14157421532265
1,1,869,6338450604544,99.19700590544872
1,2,869,6339892326749,99.21956891571828
1,3,869,6341331729155,99.24209562104055
1,0,870,6342765698593,99.26453730019594
1,1,870,6344203227648,99.2870346875
1,2,870,6345642267988,99.30955572647487
1,3,870,6346736954587,99.32668761560684
1,0,871,6348167518256,99.34907599434095
1,1,871,6349610890240,99.37166482371795
1,2,871,6351054286767,99.39425403719389
1,3,871,6352493337308,99.41677523581481
1,0,872,6354610754330,99.44991289704151
1,1,872,6356056416256,99.47253756410257
1,2,872,6357846575109,99.50055362187312
1,3,872,6359287880605,99.52311011063014
1,0,873,6360722496887,99.54556191292005
1,1,873,6361821201920,99.56275669070513
1,2,873,6363607698881,99.59071543971918
1,3,873,6365737226775,99.6240426365779
1,0,874,6367175236666,99.64654754898463
1,1,874,6368617680896,99.66912185897436
1,2,874,6370057571465,99.69165620406713
1,3,874,6372187837575,99.72499495403584
1,0,875,6373627959569,99.74753292093914
1,1,875,6375074121216,99.77016540865385
1,2,875,6376514700081,99.7927105256066
1,3,875,6377609569305,99.80984527282715
1,0,876,6379384720705,99.837626463357
1,1,876,6381174164480,99.86563133012821
1,2,876,6382270118148,99.88278304894081
1,3,876,6383710493284,99.90532497752655
1,0,877,6385827625529,99.9384581819818
1,1,877,6387966873088,99.97193749198718
1,2,877,6389405447903,99.99445124547714
1,3,877,6390849159529,100.01704539026505
1,0,878,6392626561878,100.04486180823693
1,1,878,6394073423872,100.06750525641026
1,2,878,6395511659046,100.09001369450496
1,3,878,6396950504887,100.11253168956267
1,0,879,6398727275505,100.1403382209191
1,1,879,6400518971392,100.16837833333334
1,2,879,6402304927354,100.19632861569136
1,3,879,6403746639961,100.21889147575183
1,0,880,6405182068389,100.24135598815919
1,1,880,6406624032768,100.26392278846154
1,2,880,6408409484736,100.29186518329327
1,3,880,6409851691163,100.31443577165653
1,0,881,6411290937092,100.33696002810747
1,1,881,6412734647296,100.35955415064103
1,2,881,6414177560910,100.38213580650917
1,3,881,6415961553095,100.41005535567847
1,1,882,6419849570816,100.47090298878206
1,2,882,6421635637542,100.49885500460111
1,3,882,6423423270484,100.52683153176332
1,0,883,6424859982814,100.54931613728841
1,1,883,6426652756992,100.57737312500001
1,2,883,6428100343202,100.60002790718275
1,3,883,6429883756194,100.62793839195838
1,0,884,6431314629774,100.65033162081205
1,1,884,6433105162240,100.67835352564103
1,2,884,6434544755842,100.70088322318836
1,3,884,6435984641249,100.72341748749562
1,0,885,6437415979803,100.74581799321102
1,1,885,6438512733184,100.76298222756411
1,2,885,6440299769937,100.79094942434457
1,3,885,6441394410164,100.80808058775291
1,0,886,6442829840106,100.83054512385442
1,1,886,6444271977984,100.85311463942308
1,2,886,6446059125760,100.88108357371794
1,3,886,6447843959070,100.90901628652719
1,0,887,6449274266602,100.93140065670698
1,1,887,6452101829632,100.97565213141026
1,2,887,6453203353508,100.99289102420123
1,3,887,6454644020666,101.01543752294296
1,0,888,6456076561130,101.037856838598
1,1,888,6457519871488,101.06044470352565
1,2,888,6459308847326,101.08844224706405
1,3,888,6460747286032,101.11095387044271
1,0,889,6462521739232,101.13872413411458
1,1,889,6464310972416,101.16672570512821
1,2,889,6465749847502,101.18924415787134
1,3,889,6467192574101,101.21182288694725
1,0,890,6468970894009,101.23965366475423
1,1,890,6470070743552,101.25686635416668
1,2,890,6471512390023,101.27942817919609
1,3,890,6472952901236,101.30197223739233
1,0,891,6474732104921,101.32981684634478
1,1,891,6476175426560,101.35240488782051
1,2,891,6477613886660,101.37491684601613
1,3,891,6479743141682,101.40823977241712
1,0,892,6481862432914,101.44140676510543
1,1,892,6482961413632,101.4586058573718
1,2,892,6484400226628,101.48112333840395
1,3,892,6485841545107,101.50368003034544
1,0,893,6486937774063,101.52083605742627
1,1,893,6489076205056,101.55430258814103
1,2,893,6491211291969,101.58771678386982
1,3,893,6492995989562,101.61564737270258
1,0,894,6495112891541,101.64877697348571
1,1,894,6496559135744,101.67141075320514
1,2,894,6498347943205,101.69940566163675
1,3,894,6499445673622,101.71658518664238
1,0,895,6501569984332,101.74983073436248
1,1,895,6503359041536,101.77782955128205
1,2,895,6504800782300,101.8003928520007
1,3,895,6506243161416,101.82296614295373
1,0,896,6507678498739,101.84542922956417
1,1,896,6509121290240,101.86800897435897
1,2,896,6510914775291,101.8960770872615
1,3,896,6513047851988,101.92945982302935
1,0,897,6515171461993,101.96269440468812
1,1,897,6516615620096,101.98529553685897
1,2,897,6518404903479,102.01329789348895
1,3,897,6519845570179,102.03584438506297
1,0,898,6521275874279,102.05822870153183
1,1,898,6522721981952,102.08086034455128
1,2,898,6524165000704,102.10344364583334
1,3,898,6526642191654,102.14221178344727
1,0,899,6528077646574,102.16467671045548
1,1,899,6529866305536,102.19266929487179
1,2,899,6531308323790,102.21523693832006
1,3,899,6532750179657,102.23780204040527
1,0,900,6534870122554,102.27097923167693
1,1,900,6536312269824,102.29354889423077
1,2,900,6537752592053,102.31608999481983
1,3,900,6539540837903,102.3440761140168
1,0,901,6541314236213,102.37182986861792
1,1,901,6542757171712,102.39441186698718
1,2,901,6544198518697,102.4169690050487
1,3,901,6545640602712,102.43953767765926
1,0,902,6547070928234,102.46192232938327
1,1,902,6548168917504,102.47910590544872
1,2,902,6549956913531,102.50708811490573
1,3,902,6552090217681,102.54047441032215
1,0,903,6553869174414,102.56831515446589
1,1,903,6555311809024,102.59089244391026
1,2,903,6557099133791,102.61886414812138
1,3,903,6558538546514,102.6413910149051
1,0,904,6559971266339,102.66381313756699
1,1,904,6561763185664,102.69185674679487
1,2,904,6563201262800,102.71436271158855
1,3,904,6564638663063,102.73685808329265
1,0,905,6565728931166,102.7539208227852
1,1,905,6567863282688,102.78732350961539
1,2,905,6569303432245,102.80986190788073
1,3,905,6570745765325,102.83243447836851
1,0,906,6572523224722,102.86025178914389
1,1,906,6573967990784,102.88286243589744
1,2,906,6575411821959,102.90545845163199
1,3,906,6576850146305,102.92796828527206
1,0,907,6578285799078,102.95043630868766
1,1,907,6579386491392,102.9676621875
1,2,907,6581170750830,102.99558591918945
1,3,907,6582954463794,103.02350109853892
1,0,908,6584386720059,103.04591596646823
1,1,908,6585832156160,103.06853709935898
1,2,908,6587275844292,103.09113087646485
1,3,908,6589060050016,103.11905376752804
1,0,909,6590493520302,103.14148763493465
1,1,909,6591935158272,103.16404932692308
1,2,909,6593376262738,103.18660266955254
1,3,909,6594816350312,103.20914009778146
1,0,910,6596247163915,103.23153238799267
1,1,910,6597691875840,103.25414218750001
1,2,910,6599481606078,103.28215153742863
1,3,910,6601268805316,103.31012127710588
1,0,911,6602704857779,103.33259555568597
1,1,911,6604493370368,103.36058584935898
1,2,911,6606278682662,103.38852605828701
1,3,911,6608063494529,103.41645843551245
1,0,912,6609499075055,103.4389253282596
1,1,912,6610943711232,103.4615339423077
1,2,912,6612385094530,103.48409164866912
1,3,912,6613828891460,103.50668712846806
1,0,913,6615606682222,103.53450962511894
1,1,913,6617053248000,103.5571484375
1,2,913,6618842054223,103.58514332655687
1,3,913,6620627450848,103.61308485526843
1,0,914,6622063165217,103.6355538426639
1,1,914,6624200613376,103.66900499198718
1,2,914,6625639795894,103.69152825605345
1,3,914,6627078343762,103.71404158782177
1,0,915,6628514670066,103.7365201520245
1,1,915,6630303189504,103.76451055288462
1,2,915,6632089348001,103.7924640049235
1,3,915,6633873830633,103.820391229608
1,0,916,6635304749886,103.84278517324594
1,1,916,6636746642432,103.86535084935898
1,2,916,6638531949747,103.89329098036546
1,3,916,6639971914017,103.91582647888184
1,0,917,6641059376014,103.93284530270307
1,1,917,6642504346112,103.95545914262821
1,2,917,6643944764190,103.97800174325796
1,3,917,6645386120902,104.00055903354743
1,0,918,6646819169206,104.02298629691882
1,1,918,6648261085696,104.04555234775641
1,2,918,6650049080449,104.07353453727526
1,3,918,6651143560379,104.09066319202913
1,0,919,6652579498463,104.1131356805733
1,1,919,6654024361984,104.13574785256411
1,2,919,6655461854428,104.15824466690455
1,3,919,6656900939422,104.1807664047163
1,0,920,6658333702178,104.20318919925005
1,1,920,6660121427968,104.23116717948719
1,2,920,6661561795697,104.25370899215308
1,3,920,6663350364428,104.28170016445063
1,0,921,6665471477160,104.3148956636869
1,1,921,6666914522112,104.337479375
1,2,921,6668358056669,104.36007074865097
1,3,921,6669795805029,104.38257156808707
1,0,922,6671574548008,104.41040896697216
1,1,922,6673016848896,104.43298103365385
1,2,922,6674803920885,104.46094878187914
1,3,922,6676244422604,104.4834926914939
1,0,923,6678020720419,104.51129182346442
1,1,923,6679809945088,104.53929326121795
1,2,923,6681252595955,104.56187080508501
1,3,923,6683729456867,104.60063377759103
1,0,924,6685164770950,104.62309650049454
1,1,924,6686608356352,104.6456886698718
1,2,924,6688047052166,104.66820431700096
1,3,924,6689488771267,104.69076727869279
1,0,925,6690579722840,104.70784071451823
1,1,925,6692368376320,104.73583321314104
1,2,925,6694153748703,104.76377436246432
1,3,925,6695595002060,104.78633003524389
1,0,926,6697370676130,104.81411940558019
1,1,926,6699162606592,104.84216318910256
1,2,926,6701297350369,104.8755720147392
1,3,926,6703426538002,104.90889388649965
1,0,927,6704515232001,104.92593199120155
1,1,927,6705957747712,104.9485074198718
1,2,927,6707400393318,104.971084881404
1,3,927,6708841691585,104.99364125702687
1,0,928,6710617386907,105.02143095995781
1,1,928,6712750208000,105.05480969551283
1,2,928,6714886857732,105.08824834942158
1,3,928,6716327546047,105.11079517927121
1,0,929,6717419982480,105.12789185321515
1,1,929,6718861099008,105.15044538461538
1,2,929,6720303001187,105.17301121148526
1,3,929,6721397333024,105.19013754857772
1,0,930,6722828434055,105.21253433704865
1,1,930,6724615212544,105.24049749198718
1,2,930,6726054419083,105.26302113198305
1,3,930,6727491999341,105.28551932061612
1,0,931,6729611043322,105.31868244381636
1,1,931,6731055834624,105.34129348557693
1,2,931,6732501897622,105.36392442943084
1,3,931,6733943170762,105.38648041181516
1,0,932,6735373539867,105.40886574561486
1,1,932,6736469997056,105.42602534455129
1,2,932,6737911359015,105.44858271695651
1,3,932,6739354557536,105.4711688316306
1,0,933,6740787613676,105.49359621763573
1,1,933,6742229265920,105.51615813301282
1,2,933,6743666762797,105.53865501672989
1,3,933,6745110402124,105.56124803003556
1,0,934,6746545063960,105.5837005452474
1,1,934,6748334502400,105.61170532852564
1,2,934,6750120321824,105.63965347405849
1,3,934,6751559456928,105.66217599609375
1,0,935,6752993363694,105.68461669442983
1,1,935,6754436189696,105.70719697916667
1,2,935,6755876077364,105.72973127885868
1,3,935,6757316215426,105.75226949722682
1,0,936,6758751086888,105.77472529309395
1,1,936,6760542793728,105.80276557692308
1,2,936,6761638298912,105.8199102769431
1,3,936,6763770508996,105.8532794501828
1,0,937,6765205520350,105.87573743536534
1,1,937,6766649141760,105.89833016826924
1,2,937,6767741391543,105.9154239211332
1,3,937,6769182137454,105.93797165236253
1,0,938,6770958177326,105.96576674751478
1,1,938,6772402500096,105.98837045673078
1,2,938,6773840563297,106.01087620344113
1,3,938,6775284040842,106.03346668485202
1,0,939,6777058560197,106.0612379838523
1,1,939,6778500630016,106.08380643429487
1,2,939,6779941339137,106.10635358975924
1,3,939,6781035559564,106.12347818328075
1,0,940,6782471702176,106.14595387269631
1,1,940,6783914125312,106.16852785256411
1,2,940,6786048275324,106.20192738575471
1,3,940,6787833086735,106.22985975584373
1,0,941,6789264302572,106.25225834103315
1,1,941,6790705362944,106.27481099358975
1,2,941,6792144973616,106.29734095828326
1,3,941,6793588624146,106.31993414691632
1,0,942,6795022754341,106.34237834192521
1,1,942,6796464382464,106.3649398798077
1,2,942,6797905678126,106.3874962146622
1,3,942,6799345250528,106.4100255804287
1,0,943,6801471232753,106.44329728742551
1,1,943,6803606247424,106.47671035256411
1,2,943,6805389623012,106.50462025196565
1,3,943,6807173953600,106.53254509715545
1,0,944,6808608368266,106.55499374414688
1,1,944,6810396963328,106.58298532852564
1,2,944,6811833865232,106.60547290089143
1,3,944,6813622689935,106.63346807916103
1,0,945,6815058737497,106.6559422810403
1,1,945,6816503143424,106.67854729166667
1,2,945,6818287470874,106.70647208774665
1,3,945,6819728850091,106.72902973024026
1,0,946,6821161714156,106.75145411026392
1,1,946,6822953394176,106.77949397435897
1,2,946,6824738588208,106.80743233248198
1,3,946,6826181790971,106.83001851354355
1,0,947,6827271863387,106.84707819052672
1,1,947,6828713050112,106.86963282051282
1,2,947,6830150813372,106.89213387313451
1,3,947,6831590270141,106.91466142923991
1,0,948,6833369485559,106.94250622181428
1,1,948,6834813154304,106.96509969551282
1,2,948,6836603831763,106.99312386948806
1,3,948,6838391501118,107.02110096651518
1,0,949,6839483806020,107.03819558199369
1,1,949,6840924928512,107.06074920673078
1,2,949,6842711669067,107.08871176800068
1,3,949,6844154955017,107.11129925094214
1,0,950,6845246025569,107.1283745487937
1,1,950,6846691096576,107.15098996794872
1,2,950,6848478865208,107.17896861866487
1,3,950,6849918756565,107.20150297608987
1,0,951,6851351633905,107.22392756386782
1,1,951,6852792452608,107.24647643429488
1,2,951,6854580209862,107.27445490694487
1,3,951,6856022686471,107.29702972366725
1,0,952,6857804002484,107.32490739063752
1,1,952,6858899102208,107.34204574519231
1,2,952,6860339974367,107.36459545220791
1,3,952,6861779389699,107.3871223598226
1,0,953,6863215585433,107.40959888059959
1,1,953,6865004768256,107.43759966346154
1,2,953,6866792631281,107.46557979143192
1,3,953,6868577797527,107.4935177147029
1,0,954,6870012715969,107.51597424580892
1,1,954,6872148930560,107.5494060897436
1,2,954,6873587662479,107.57192230191744
1,3,954,6875029943821,107.59449406270345
1,0,955,6876117995082,107.6115221085299
1,1,955,6877563026944,107.6341369150641
1,2,955,6879004754183,107.65670000411596
1,3,955,6880789628388,107.6846333569336
1,0,956,6883254820333,107.72321370963854
1,1,956,6884695727616,107.74576396634616
1,2,956,6886484694758,107.77376137379181
1,3,956,6887578660007,107.79088197376741
1,0,957,6889699772629,107.82407747128218
1,1,957,6891142386176,107.84665443108975
1,2,957,6892238325015,107.8638059178279
1,3,957,6894025190175,107.89177042917105
1,0,958,6895465015010,107.9143037455241
1,1,958,6896908849152,107.93689980769231
1,2,958,6898351014536,107.95946975373097
1,3,958,6900136198474,107.98740795388247
1,0,959,6901573311325,108.00989882757725
1,1,959,6903016295424,108.03248158653847
1,2,959,6904456814606,108.05502576944987
1,3,959,6905555013341,108.07221262365097
1,0,960,6906990169901,108.09467288131323
1,1,960,6908432825856,108.1172505048077
1,2,960,6910565895076,108.1506331235602
1,3,960,6912354795403,108.17862948534844
1,1,961,6916222190080,108.23915436698718
1,2,961,6917662282406,108.26169186958509
1,3,961,6918758803123,108.27885246273726
1,0,962,6920538668656,108.30670742963743
1,1,962,6921638305792,108.32391679487179
1,2,962,6923079585568,108.34647288110978
1,3,962,6924519420608,108.36900635717147
1,0,963,6925958322733,108.39152523307605
1,1,963,6927055236096,108.40869197115384
1,2,963,6928498442635,108.43127821130997
1,3,963,6930288554634,108.45929353581356
1,0,964,6932071508100,108.48719682898889
1,1,964,6933515035648,108.50978809294872
1,2,964,6934958824074,108.53238343965971
1,3,964,6936402930327,108.55498376037598
1,0,965,6937832651440,108.57735895307492
1,1,965,6939278167552,108.59998133814103
1,2,965,6941416220042,108.63344194526869
1,3,965,6943201276747,108.66137815421862
1,0,966,6944983037954,108.68926278849284
1,1,966,6946424387072,108.7118199599359
1,2,966,6947521816372,108.72899477244842
1,3,966,6949308596620,108.75695795491536
1,0,967,6950739067974,108.77934488891601
1,1,967,6951834523648,108.79648881410257
1,2,967,6953272376188,108.81899126395984
1,3,967,6955058669479,108.84694682553022
1,0,968,6956145755222,108.8639597609613
1,1,968,6957589406720,108.88655296474359
1,2,968,6960066736173,108.92532326993502
1,3,968,6962196509857,108.9586543134171
1,0,969,6963970625711,108.98641929761055
1,1,969,6965417590784,109.00906435897436
1,2,969,6966861556955,109.03166248740172
1,3,969,6968305297612,109.05425708652595
1,0,970,6969739369637,109.07670037117201
1,1,970,6971530690048,109.1047346073718
1,2,970,6972970178680,109.12726266213441
1,3,970,6974757939013,109.15524118297088
1,0,971,6976536121305,109.18306980708196
1,1,971,6977978436608,109.20564209935898
1,2,971,6979418955157,109.22818627236391
1,3,971,6980859003269,109.25072308301094
1,0,972,6981947777460,109.26776244272085
1,1,972,6983393261056,109.29038431891026
1,2,972,6984832680511,109.31291129105006
1,3,972,6986274574666,109.335476992344
1,0,973,6987708653541,109.35792038419284
1,1,973,6989153861120,109.38053794070512
1,2,973,6990941094866,109.40850822043394
1,3,973,6992382708107,109.43106952541254
1,0,974,6993813567074,109.45346252557216
1,1,974,6995256313344,109.4760415625
1,2,974,6996693477893,109.49853324527056
1,3,974,6998133700527,109.52107278719389
1,0,975,6999565260467,109.54347675760906
1,1,975,7001357487616,109.57152518429487
1,2,975,7002798349720,109.59407473394933
1,3,975,7004587869203,109.62208078555376
1,0,976,7006019144577,109.64448030249963
1,1,976,7007463789568,109.66708905448718
1,2,976,7008905012549,109.68964425188113
1,3,976,7010000631768,109.70679073655349
1,1,977,7013523386880,109.76192199519231
1,2,977,7015626509137,109.79483594277407
1,3,977,7017758030483,109.82819433723645
1,0,978,7019195001640,109.85068299341447
1,1,978,7020640376320,109.8733031650641
1,2,978,7022771372937,109.90665334749663
1,3,978,7023865635014,109.9237785928423
1,0,979,7025297173937,109.94618223434057
1,1,979,7028125518336,109.9904459375
1,2,979,7029566272588,110.01299379926633
1,3,979,7030661561236,110.03013511048928
1,0,980,7032097833172,110.05261282383063
1,1,980,7034230521344,110.08598947916667
1,2,980,7035672960485,110.10856370951335
1,3,980,7037804170388,110.1419172298803
1,0,981,7039578294488,110.169682343124
1,1,981,7041712395776,110.20308111378205
1,2,981,7043844425422,110.2364474631598
1,3,981,7045633292339,110.26444330208021
1,0,982,7047065700525,110.28686054757925
1,1,982,7048509048320,110.30944899839744
1,2,982,7049947495064,110.33196074757112
1,3,982,7051390878792,110.35454976074219
1,0,983,7052482894978,110.37163985780374
1,1,983,7053928163840,110.39425837339743
1,2,983,7055369067780,110.41680857778697
1,3,983,7056807969284,110.43932744397286
1,0,984,7058586424585,110.46716034068572
1,1,984,7060029042688,110.48973737179487
1,2,984,7061815568467,110.51769657181178
1,3,984,7063948515605,110.55107727997608
1,0,985,7065381563465,110.57350453639887
1,1,985,7067168824320,110.60147524038462
1,2,985,7068612742388,110.6240726159981
1,3,985,7070052542319,110.64660554260254
1,0,986,7071489847473,110.66909942584698
1,1,986,7073281283072,110.6971354647436
1,2,986,7074723680904,110.71970904860277
1,3,986,7076167788435,110.74230938931979
1,0,987,7077598998826,110.7647078892791
1,1,987,7079041041920,110.78727592147436
1,2,987,7080831501861,110.81529669128419
1,3,987,7082272315378,110.83784548055013
1,0,988,7083703627695,110.86024557565543
1,1,988,7084800587776,110.8774130448718
1,2,988,7086243944641,110.90000163763584
1,3,988,7088031903238,110.92798326131185
1,0,989,7089808396349,110.9557854496726
1,1,989,7091598126080,110.98379479166667
1,2,989,7093039480705,111.0063520492945
1,3,989,7094828458709,111.0343496267309
1,0,990,7097636245128,111.07829159667969
1,1,990,7099079801856,111.10088331730769
1,2,990,7100520062821,111.12342345911271
1,3,990,7101962929172,111.146004375313
1,0,991,7103395547332,111.16842490691357
1,1,991,7104837915136,111.19099802083333
1,2,991,7106280358294,111.21357231404623
1,3,991,7108412721353,111.24694388135079
1,0,992,7109844649388,111.26935361246746
1,1,992,7111287045120,111.29192716346154
1,2,992,7112724246738,111.31441942636343
1,3,992,7114163420412,111.33694255202073
1,0,993,7115595277855,111.35935117836976
1,1,993,7117040364032,111.3819668349359
1,2,993,7118479998747,111.40449717590333
1,3,993,7119577465584,111.4216725758714
1,0,994,7121009931762,111.44409072894757
1,1,994,7122798364160,111.4720797676282
1,2,994,7124239062856,111.49462675994091
1,3,994,7126024245656,111.52256494228266
1,0,995,7127802857279,111.55040028544109
1,1,995,7129594198528,111.57843484775641
1,2,995,7131031558674,111.60092959162786
1,3,995,7132473748555,111.62349992104555
1,0,996,7134248618035,111.6512766995161
1,1,996,7135692730880,111.67387712339745
1,2,996,7136786647130,111.69099695653671
1,3,996,7138572377805,111.71894371314416
1,0,997,7140005802120,111.74137686110276
1,1,997,7141105278976,111.75858371794872
1,2,997,7142545076364,111.78111660475511
1,3,997,7143984503998,111.80364370489659
1,0,998,7145424690245,111.82618267736191
1,1,998,7146523860992,111.84338474358975
1,2,998,7148311020684,111.87135386437049
1,3,998,7149751200960,111.89389274338943
1,0,999,7151529104606,111.92171700667944
1,1,999,7152971244032,111.94428654647436
1,2,999,7154761039323,111.97229691448506
1,3,999,7156545156037,112.00021841253819
1,0,1000,7157975811550,112.02260822863457
1,1,1000,7159418866176,112.04519209134615
1,2,1000,7160858157482,112.06771705794897
1,3,1000,7161954136529,112.08486917394394
1,0,1001,7163392839086,112.10738492660131
1,1,1001,7164839050240,112.13001818910257
1,2,1001,7166629211038,112.15803427731245
1,3,1001,7168072010227,112.18061414242476
1,0,1002,7169503910930,112.20302344579453
1,1,1002,7170948972032,112.22563870993591
1,2,1002,7172390660534,112.24820119275216
1,3,1002,7173832720915,112.27076949548966
1,0,1003,7175265955380,112.29319967228817
1,1,1003,7176708288000,112.31577223557693
1,2,1003,7178494346095,112.34372411632049
1,3,1003,7179936473221,112.36629346361993
1,0,1004,7181371693755,112.38875472247784
1,1,1004,7183506501120,112.42216454326923
1,2,1004,7184949884559,112.44475355191744
1,3,1004,7186737619799,112.47273168004746
1,0,1005,7187825406361,112.48975558332394
1,1,1005,7189616988160,112.51779391025642
1,2,1005,7191060391464,112.54038322979267
1,3,1005,7192503850847,112.56297342696753
1,0,1006,7193942600672,112.585489919371
1,1,1006,7195387521536,112.60810298878205
1,2,1006,7197175589785,112.63608632851626
1,3,1006,7198962828772,112.66405669026693
1,0,1007,7200738146592,112.69184048527644
1,1,1007,7202525527552,112.71981306891026
1,2,1007,7203962958452,112.74230892008464
1,3,1007,7205404677830,112.76487188611154
1,0,1008,7206843309487,112.78738652918106
1,1,1008,7208285888512,112.80996294871795
1,2,1008,7209729810035,112.83256037840232
1,3,1008,7210826543745,112.84972430490348
1,0,1009,7212257332642,112.8721162084648
1,1,1009,7213699421696,112.8946849599359
1,2,1009,7215486492833,112.92265269482735
1,3,1009,7217618161552,112.9560133956831
1,0,1010,7219051889891,112.97845130162949
1,1,1010,7220498316800,113.00108794070513
1,2,1010,7221594071620,113.01823654753856
1,3,1010,7223378791849,113.04616749062563
1,0,1011,7224812020001,113.06859756862544
1,1,1011,7226949686272,113.10205213141026
1,2,1011,7228737375865,113.13002954516288
1,3,1011,7230524461760,113.15799751101763
1,0,1012,7232297977604,113.18575310503056
1,1,1012,7234088551936,113.2137756650641
1,2,1012,7235526631247,113.23628166389662
1,3,1012,7236624524085,113.2534637307974
1,0,1013,7238402303900,113.28128605612731
1,1,1013,7239497387008,113.29842415064103
1,2,1013,7240940260322,113.32100517581256
1,3,1013,7242380251990,113.34354110310873
1,0,1014,7243819430768,113.36606430864383
1,1,1014,7245261952512,113.38863983173077
1,2,1014,7247049992038,113.41662272194887
1,3,1014,7248148558163,113.43381532581819
1,0,1015,7249585744255,113.45630734573756
1,1,1015,7251028230144,113.47888230769232
1,2,1015,7252469777375,113.50144257961176
1,3,1015,7253564900666,113.51858130299104
1,0,1016,7255002259806,113.54107603111855
1,1,1016,7256442974208,113.56362326923077
1,2,1016,7257883674245,113.58617028253018
1,3,1016,7259326394185,113.60874890739245
1,0,1017,7260758377901,113.631159509919
1,1,1017,7262548256768,113.65917118589743
1,2,1017,7264682045733,113.69256506868803
1,3,1017,7266122557984,113.71510914312901
1,0,1018,7268240761773,113.7482591172908
1,1,1018,7269685990912,113.77087701121795
1,2,1018,7271126030981,113.79341369599172
1,3,1018,7272220854943,113.81054773486015
1,0,1019,7273653176737,113.83296362832094
1,1,1019,7275095755776,113.85554004807693
1,2,1019,7276537401126,113.87810185556265
1,3,1019,7277979097805,113.90066446634928
1,0,1020,7280100175509,113.93385941739596
1,1,1020,7281889554432,113.96186326923078
1,2,1020,7283676442985,113.98982814667531
1,3,1020,7285117813257,114.01238564917932
1,0,1021,7286891144681,114.04013835701184
1,1,1021,7288337328128,114.06277118589743
1,2,1021,7289780980497,114.08536440331092
1,3,1021,7291565389992,114.11329048339844
1,0,1022,7293004440663,114.13581168405386
1,1,1022,7294445809664,114.15836916666667
1,2,1022,7295888925876,114.18095399320163
1,3,1022,7297327028418,114.20346035560021
1,0,1023,7299445072254,114.23660782649114
1,1,1023,7300542102016,114.25377638621795
1,2,1023,7301981338276,114.27630049134866
1,3,1023,7303768287105,114.30426631211502
1,0,1024,7305200925667,114.32668716300769
1,1,1024,7307334796288,114.36008232371795
1,2,1024,7308774354262,114.38261146368565
1,3,1024,7310215520296,114.40516576985678
1,0,1025,7311649559749,114.42760854474973
1,1,1025,7313092679168,114.45019342147437
1,2,1025,7314535857023,114.47277921272473
1,3,1025,7315632782861,114.48994614603679
1,0,1026,7317063343792,114.51233448192107
1,1,1026,7319201071104,114.54579
1,2,1026,7320992205980,114.57382133256961
1,3,1026,7322776099092,114.60173933124248
1,0,1027,7325238181706,114.64027102279272
1,1,1027,7327028787200,114.66829407051283
1,2,1027,7328470405250,114.69085545075245
1,3,1027,7329909513804,114.71337755727914
1,0,1028,7331342627816,114.73580584898338
1,1,1028,7332784925696,114.75837786858975
1,2,1028,7334227883175,114.78096021094689
1,3,1028,7337050595208,114.82513576735276
1,0,1029,7338825177575,114.85290805249336
1,1,1029,7340961904128,114.88634790865385
1,2,1029,7342749089063,114.91431742448856
1,3,1029,7344190033598,114.93686826419146
1,0,1030,7345624280866,114.95931429139749
1,1,1030,7348108147200,114.99818689903846
1,2,1030,7349548527572,115.02072890956781
1,3,1030,7350990553489,115.04329667294233
1,0,1031,7352764412610,115.07105763925406
1,1,1031,7354210404352,115.09368746794873
1,2,1031,7355996536083,115.12164050109864
1,3,1031,7357436675651,115.14417874303574
1,0,1032,7359210525128,115.17193955841847
1,1,1032,7360654295040,115.19453461538461
1,2,1032,7362095861978,115.21709519571941
1,3,1032,7363537552068,115.23965770338792
1,0,1033,7364974966246,115.26215329286234
1,1,1033,7366420560384,115.28477689903846
1,2,1033,7367865126618,115.30738441847582
1,3,1033,7369995435337,115.34072383527707
1,0,1034,7371770536242,115.36850423555815
1,1,1034,7372868014080,115.38567980769231
1,2,1034,7374310215234,115.4082503135329
1,3,1034,7376095590867,115.43619151371882
1,0,1035,7377874482135,115.4640312333327
1,1,1035,7379320757248,115.48666549679487
1,2,1035,7380415964648,115.50380553648338
1,3,1035,7381855888900,115.52634040871645
1,0,1036,7383631116319,115.5541227889467
1,1,1036,7384730097664,115.57132189102565
1,2,1036,7386169529899,115.59384906317295
1,3,1036,7387609442375,115.61638375111116
1,0,1037,7389388790370,115.6442306185209
1,1,1037,7390830750720,115.66679735576923
