node_id,message_transmitter_id,message_id,timestamp_bit,timestamp_seconds
3,0,0,153377503434,2.4003640736741287
3,1,0,154471758487,2.4174892090939255
3,2,0,155911294338,2.4400180028357874
3,3,0,157354487808,2.4626040384615386
3,0,1,158445965421,2.4796857068340596
3,1,1,160235293407,2.5076887615027794
3,2,1,161327679625,2.524784649579953
3,3,1,162770924544,2.5473714903846156
3,0,2,164203120188,2.5697854095928485
3,1,2,166684661929,2.6086216372602413
3,2,2,168473636375,2.6366191590137973
3,3,2,170257602560,2.664538301282051
3,0,3,171344623688,2.6815502254857773
3,1,3,173475139098,2.7148928770094654
3,2,3,174572642728,2.7320688527894634
3,3,3,176705340928,2.7654456650641026
3,0,4,178135249491,2.787823791363056
3,1,4,179574073345,2.8103414423233426
3,2,4,181361297904,2.8383115782752406
3,3,4,183146158080,2.8662447115384615
3,0,5,184582484538,2.888723278151292
3,1,5,186371469208,2.9167209599108577
3,2,5,188167843343,2.944834287093725
3,3,5,189608357376,2.967378389423077
3,0,6,190703285235,2.984514054283729
3,1,6,192491462613,3.012499101891151
3,2,6,193932181608,3.0350464118840144
3,3,6,195372931072,3.0575941987179487
3,0,7,198177830419,3.101490985874274
3,2,7,201026208774,3.1460682212477464
3,3,7,202466408960,3.1686074118589747
3,0,8,203898045967,3.1910125883757763
3,1,8,205338026599,3.213548342958108
3,2,8,207126457753,3.241537362170097
3,3,8,208568865792,3.264111105769231
3,0,9,210347724795,3.2919503204345704
3,1,9,211443441252,3.309098326885517
3,2,9,212885959145,3.3316737897041517
3,3,9,214326873600,3.3542241586538464
3,0,10,216105783750,3.382064173771785
3,1,10,217548882023,3.4046487195606723
3,2,10,218989091711,3.427188058878581
3,3,10,220774063616,3.4551229407051283
3,0,11,222893314502,3.4882893019769132
3,2,11,225748620214,3.532974950764974
3,3,11,227189573120,3.555525921474359
3,0,12,228280468878,3.5725984837928184
3,1,12,229724831700,3.5952028198242187
3,2,12,231167809194,3.617785475416917
3,3,12,232606352384,3.640298733974359
3,0,13,234037938005,3.6627031062982023
3,1,13,235477311976,3.6852293666115785
3,2,13,237262278213,3.713164159733699
3,3,13,239047176192,3.741097884615385
3,0,14,240823521105,3.7688977536714994
3,1,14,242268224866,3.791507425411909
3,2,14,244058678352,3.8195280942007215
3,3,14,245845416960,3.8474906250000003
3,0,15,247963480924,3.880638410894932
3,2,15,250824418955,3.925412205700997
3,3,15,252264894976,3.9479557131410257
3,0,16,254041950028,3.9757666959009414
3,1,16,255482359827,3.9983091669640176
3,2,16,256930522122,4.02097296490009
3,3,16,259062589440,4.054339903846154
3,0,17,260497152791,4.076790877763798
3,1,17,261938650084,4.099350368151542
3,2,17,263381700308,4.121934161971655
3,3,17,264822790144,4.144487275641025
3,0,18,266254189798,4.166888737573868
3,1,18,268048735233,4.194973445528471
3,2,18,269837072810,4.222961000256661
3,3,18,270935112704,4.240145368589744
3,0,19,273061476040,4.273423039988982
3,1,19,274498795445,4.295917146262145
3,2,19,276290630781,4.323959441058819
3,3,19,277730777600,4.346497796474359
3,0,20,279164985488,4.368943207381811
3,1,20,280266920469,4.386188533982497
3,2,20,281709348687,4.4087625933837895
3,3,20,283151074304,4.431325657051282
3,0,21,284582117954,4.453721547507262
3,1,21,286369760264,4.481698221279046
3,2,21,288505443197,4.515121744744716
3,3,21,290639526912,4.548520240384615
3,0,22,292758700665,4.58168539452186
3,1,22,294545169045,4.609643696242112
3,2,22,295988741135,4.632235657286032
3,3,22,297432177152,4.654825488782051
3,0,23,299207178831,4.6826043361722505
3,1,23,300651398297,4.705206428676507
3,2,23,302091346324,4.727741672989283
3,3,23,303531270656,4.7502765464743595
3,0,24,305306646569,4.7780612506416515
3,1,24,307443514894,4.811503325539613
3,2,24,309234185985,4.839527399855394
3,3,24,311023349760,4.867527884615384
3,0,25,312113734162,4.8845924441919575
3,1,25,314599647134,4.9234970817996295
3,2,25,316043625743,4.946095404882187
3,3,25,317483682816,4.968632355769231
3,0,26,319258594339,4.996409792214418
3,1,26,320355674071,5.0135791339737334
3,2,26,321797459270,5.036143130101913
3,3,26,323236672000,5.0586668669871795
3,0,27,324668496344,5.081074975335537
3,1,27,326107911146,5.103601874655699
3,2,27,327549116797,5.12615680083446
3,3,27,329334386688,5.154096346153846
3,0,28,331110460888,5.181891978540666
3,1,28,332557906367,5.204544558277619
3,2,28,334008546898,5.22724714070638
3,3,28,336830610432,5.271412548076923
3,0,29,338951640583,5.304606754917243
3,1,29,340052028661,5.321827872424003
3,2,29,342187125666,5.355242226092999
3,3,29,343629120000,5.377809495192308
3,0,30,345411036640,5.405696561999199
3,1,30,346848335002,5.428190338948568
3,2,30,348288334154,5.450726383369641
3,3,30,349727970816,5.473256754807692
3,0,31,351504460254,5.501058885685848
3,1,31,352951462044,5.523704521672176
3,2,31,354391848654,5.546246629826473
3,3,31,355835535360,5.568840384615385
3,0,32,357266875803,5.591240919893705
3,1,32,358713197286,5.613875909048227
3,2,32,360152939274,5.636407928842398
3,3,32,361937676288,5.664339134615385
3,0,33,363376977283,5.6868642528514375
3,1,33,365166905560,5.7148767020983575
3,2,33,366954037574,5.7428453897172975
3,3,33,368394789376,5.765393213141026
3,0,34,369829021039,5.787838996128181
3,1,34,370927323938,5.80502748050005
3,2,34,372716677519,5.8330309357315455
3,3,34,374157354496,5.855577588141026
3,0,35,375592290121,5.878034388161684
3,1,35,377385930519,5.906104932250977
3,2,35,379175396437,5.934110145561023
3,3,35,380614775808,5.956636490384615
3,0,36,382047237935,5.979054580062475
3,1,36,384181728955,6.012459450041942
3,2,36,385966070417,6.040384465410281
3,3,36,387408770560,6.062962780448718
3,0,37,388844671811,6.085434692554963
3,1,37,389938614036,6.1025549322040264
3,2,37,392068492347,6.13588761310284
3,3,37,393856621056,6.163871899038462
3,0,38,395291398456,6.18632622283153
3,1,38,397081610385,6.214343111243615
3,2,38,398521865492,6.236883161370693
3,3,38,399965548544,6.2594768589743595
3,0,39,401052361989,6.276485532930814
3,1,39,402495802656,6.2990754371995195
3,2,39,403934257193,6.321587308333959
3,3,39,405376835584,6.344163717948718
3,0,40,406466084562,6.361210508094201
3,1,40,408256861593,6.389236240375226
3,2,40,409696203394,6.411761997226813
3,3,40,411137600512,6.434319919871795
3,0,41,412570689206,6.456747815348307
3,1,41,414363870157,6.484811169073643
3,2,41,415805328410,6.507370048483824
3,3,41,417247863296,6.52994577724359
3,0,42,418680873621,6.552372446242113
3,1,42,419773064792,6.569465281825922
3,2,42,421560225409,6.597434417082958
3,3,42,424035000832,6.636164751602564
3,0,43,425465888452,6.658558200182792
3,1,43,426904428984,6.681071417142428
3,2,43,428689796111,6.70901248420911
3,3,43,430476219904,6.7369700881410255
3,0,44,431908004048,6.759377567357773
3,1,44,433349516202,6.781937290320763
3,2,44,435137840946,6.809924644211989
3,3,44,436233335808,6.827069182692308
3,0,45,437665564871,6.84948362490923
3,1,45,439105987615,6.872026298562075
3,2,45,441245081297,6.905503200386243
3,3,45,443376582144,6.938861274038461
3,0,46,445155450121,6.966700629147261
3,1,46,446600144287,6.989310150725536
3,2,46,448042895676,7.011889267765926
3,3,46,449830024704,7.039857908653846
3,0,47,451263023889,7.062284403310922
3,1,47,452708671475,7.0849088459503955
3,2,47,454152923907,7.107511454373873
3,3,47,455596064768,7.130096666666667
3,0,48,457370067711,7.157859883798452
3,1,48,459162943520,7.185918462039263
3,2,48,460952997714,7.213932881892278
3,3,48,462392439296,7.236460200320513
3,0,49,463825150247,7.258882184103942
3,1,49,465961714678,7.292319503048628
3,2,49,467406065256,7.314923647460938
3,3,49,468499385856,7.332034158653847
3,0,50,470616401750,7.3651655422112885
3,1,50,472409406965,7.393226145661183
3,2,50,473850665842,7.415781904828976
3,3,50,475981514752,7.449129775641026
3,0,51,477757509513,7.476924164804312
3,1,51,479544679811,7.504893451569386
3,2,51,480639719881,7.522030872536684
3,3,51,482428974080,7.550032772435897
3,0,52,483866856338,7.57253568738106
3,1,52,485307055638,7.595074864126352
3,2,52,487442807360,7.628499464142628
3,3,52,488882672128,7.651033405448718
3,0,53,490315453343,7.673456488866561
3,1,53,492452633028,7.706903436560998
3,2,53,494239031960,7.734860651417268
3,3,53,495682141184,7.757445368589744
3,0,54,496773775805,7.7745294941437555
3,1,54,498213909589,7.797067645561023
3,2,54,499655646666,7.819630888577975
3,3,54,501444597248,7.847628036858975
3,0,55,502875951057,7.870028781315731
3,1,55,504316255892,7.892569609688001
3,2,55,505756530575,7.915109966180264
3,3,55,506854016512,7.932285665064103
3,0,56,508284848565,7.954678244018555
3,1,56,509731178307,7.9773133624267585
3,2,56,511518063622,8.005278189196465
3,3,56,512616712192,8.022472083333334
3,0,57,514047971235,8.044871344698393
3,1,57,516183187297,8.078287561614207
3,2,57,517626039768,8.100868260591948
3,3,57,519069430784,8.123457387820514
3,0,58,520502698954,8.145888092103617
3,1,58,522294850506,8.17393533569336
3,2,58,524427264074,8.207307693465795
3,3,58,525869850624,8.229884230769231
3,0,59,527643894793,8.257648093089568
3,1,59,529087676313,8.28024333172138
3,2,59,530528511509,8.302792460264548
3,3,59,531970138112,8.325353974358974
3,0,60,533743761951,8.353111258497972
3,1,60,535188615120,8.375723268479568
3,2,60,537324772976,8.409154224509216
3,3,60,539800241664,8.447895408653846
3,0,61,541576758422,8.475697967091095
3,1,61,542673933101,8.492868794774765
3,2,61,544115862742,8.515435051426032
3,3,61,545555405312,8.537963950320513
3,0,62,546995095668,8.560495162071815
3,1,62,549132708198,8.593948883807842
3,2,62,550575706568,8.616531866110778
3,3,62,552017124352,8.639090112179488
3,0,63,553796525736,8.666937815129208
3,1,63,555586013045,8.69494336320926
3,2,63,557722406791,8.728378010926859
3,3,63,559161676800,8.75090264423077
3,0,64,560592969432,8.773302431265025
3,1,64,561693327816,8.790523084059496
3,2,64,563135170706,8.813087983054137
3,3,64,564574796800,8.835618189102565
3,0,65,566011197110,8.858097911502155
3,1,65,567448889397,8.880597853393555
3,2,65,568890196236,8.90315436316857
3,3,65,570333340672,8.925739631410258
3,0,66,572109289678,8.95353330450596
3,1,66,574249951258,8.987034743996645
3,2,66,575343814160,9.00415374223758
3,3,66,577129499648,9.032099791666667
3,0,67,578563391733,9.054540260244517
3,1,67,580350574167,9.082509736938476
3,2,67,581792221449,9.105071574660082
3,3,67,583232264704,9.127608309294873
3,0,68,584667577608,9.150071013746995
3,1,68,586110819031,9.172657799839119
3,2,68,587898992333,9.200642783656976
3,3,68,589337320448,9.223152676282051
3,0,69,590768007456,9.245542985276442
3,1,69,592210150651,9.268112584056366
3,2,69,593653223722,9.290696735432943
3,3,69,595440780800,9.318672075320514
3,0,70,596872309543,9.341075557501377
3,1,70,598317352264,9.363690533979367
3,2,70,600104204332,9.391654840432192
3,3,70,601890200064,9.419605745192309
3,0,71,603667962719,9.447427801967523
3,1,71,605457552614,9.475434955522587
3,2,71,606552139021,9.492565276645758
3,3,71,607994839040,9.51514358974359
3,0,72,610802559928,9.559084534129608
3,1,72,612574340625,9.586812973022461
3,2,72,615053104618,9.625605728822366
3,3,72,616493172224,9.648142844551282
3,0,73,617925598740,9.670560376915565
3,1,73,619371264998,9.693185111772586
3,2,73,620813694524,9.71575919164413
3,3,73,622599423488,9.743705921474358
3,0,74,624031707673,9.766121226352789
3,1,74,625822788605,9.794151714696639
3,2,74,627265973535,9.816737616671048
3,3,74,628706138112,9.839276250000001
3,0,75,631170480238,9.877843303003557
3,1,75,632615199170,9.900453212170724
3,2,75,634056720737,9.923013082447541
3,3,75,635498256896,9.945573181089744
3,0,76,636932958313,9.968026315745819
3,1,76,638030204020,9.985198255020533
3,2,76,639469905008,10.007729633163061
3,3,76,640911204352,10.030286025641026
3,0,77,643032348293,10.063482013299405
3,1,77,644823971903,10.091520994575696
3,2,77,646613929962,10.119533909912109
3,3,77,648397978624,10.147454342948718
3,0,78,649830673606,10.169876076816657
3,1,78,651275567701,10.192488727291792
3,2,78,654109847751,10.236845323627179
3,3,78,655207443968,10.254022748397436
3,0,79,656642782943,10.276485860861754
3,1,79,658436267590,10.304553967441658
3,2,79,659875735830,10.32708170306866
3,3,79,661314653696,10.349600825320513
3,0,80,663091522325,10.37740889055301
3,1,80,664536203897,10.400018215034681
3,2,80,666325467647,10.428020264407428
3,3,80,667765779456,10.450561201923078
3,0,81,669197188892,10.472962816944612
3,1,81,670643568307,10.495598712737255
3,2,81,672082712632,10.518121379081531
3,3,81,673522719232,10.540657540064103
3,0,82,674954032416,10.563057648737981
3,1,82,676395321119,10.585613874683869
3,2,82,678181345763,10.613565231917944
3,3,82,679966246912,10.641499006410257
3,0,83,682085397385,10.674663796214569
3,1,83,683873375333,10.7026457227345
3,2,83,684963670559,10.719708886703101
3,3,83,686403904000,10.74224859775641
3,0,84,688180839857,10.7700577151098
3,1,84,689620706975,10.792591693193485
3,2,84,691062886352,10.815161858223158
3,3,84,693193364480,10.848503926282051
3,0,85,694628668885,10.870966497724485
3,1,85,695724979428,10.888123801645133
3,2,85,697165035356,10.91066073461288
3,3,85,698607335424,10.933232788461538
3,0,86,699698691505,10.95031255485339
3,1,86,701141263257,10.972888860567533
3,2,86,703277831428,11.00632623804337
3,3,86,704722204672,11.028930737179488
3,0,87,706157370325,11.051391137147561
3,1,87,707597436365,11.073928228368516
3,2,87,709034740550,11.096422096448068
3,3,87,710475230208,11.118965817307693
3,0,88,711911934420,11.141450295785758
3,1,88,713349758497,11.16395230019594
3,2,88,714793838487,11.186552209895208
3,3,88,716232485376,11.209067091346155
3,0,89,717667434963,11.231524109872671
3,1,89,720146935276,11.270328389110077
3,2,89,721584576484,11.292827531613082
3,3,89,723027208704,11.315404783653847
3,0,90,724801462820,11.343171931653146
3,1,90,726933867425,11.376544149154272
3,2,90,728376512534,11.399121602908403
3,3,90,729816347136,11.421655072115385
3,0,91,731248986720,11.444075939002404
3,1,91,732692578843,11.466668213563578
3,2,91,734136827976,11.489270770357573
3,3,91,735579864064,11.511854342948718
3,0,92,737011693146,11.534262525446966
3,1,92,738451393167,11.556793888455905
3,2,92,740233147903,11.58467842145871
3,3,92,741672332800,11.607201722756411
3,0,93,743448682118,11.635001660750952
3,1,93,745238173747,11.663007276439178
3,2,93,746329527199,11.680087001687074
3,3,93,747768741888,11.70261076923077
3,0,94,749204531842,11.725080939534505
3,1,94,750990735498,11.753035098313552
3,2,94,752433829186,11.775619572347006
3,3,94,755256293888,11.81979125801282
3,0,95,757029846785,11.847547431906676
3,2,95,760217866607,11.897440069846128
3,3,95,761659546112,11.920002411858976
3,0,96,762747081008,11.937022376552484
3,1,96,764192625058,11.95964519884941
3,2,96,765983931833,11.987679221645259
3,3,96,767426222080,12.010251121794871
3,0,97,768862053149,12.032721935550006
3,1,97,770306039815,12.055320384724935
3,2,97,771750910472,12.077932668394432
3,3,97,773536853504,12.105882748397436
3,0,98,775657270112,12.139067353265224
3,1,98,777097020862,12.161599510185047
3,2,98,778196778734,12.178810764942659
3,3,98,779637513728,12.201358325320513
3,0,99,781413158736,12.229147240835337
3,2,99,784293387908,12.274222942770933
3,3,99,785736528896,12.296808157051283
3,0,100,787517684057,12.324683306681315
3,1,100,788955928153,12.347191884405675
3,2,100,790400530961,12.36979997622759
3,3,100,791840831488,12.392340737179488
3,0,101,793274215764,12.414773258526143
3,1,101,794714381999,12.43731191780286
3,2,101,796505418683,12.465341713663737
3,3,101,797598920192,12.482455056089744
3,0,102,799031660874,12.504877505164513
3,1,102,800473497889,12.52744231221517
3,2,102,802592742731,12.560608578898112
3,3,102,803689699840,12.577776001602565
3,0,103,805119981913,12.600159973347981
3,2,103,807981996112,12.644950610226363
3,3,103,809420515328,12.667463493589745
3,0,104,810852384622,12.689872305407402
3,1,104,812639270095,12.717837134649814
3,2,104,814074598381,12.740300079830854
3,3,104,815863478784,12.768296129807693
3,0,105,817982153664,12.8014534765625
3,1,105,819428719213,12.8240922853597
3,2,105,820873084421,12.846696658732096
3,3,105,822313325568,12.869236490384615
3,0,106,823745799063,12.89165475797213
3,1,106,825185025216,12.914178704927885
3,2,106,826623539284,12.936691507724861
3,3,106,828412914688,12.96469530448718
3,0,107,829848174991,12.987157185731546
3,1,107,831635764917,13.015133039691632
3,2,107,833080293166,13.03773996466221
3,3,107,834869803008,13.065745865384615
3,0,108,836302127007,13.088161793353741
3,1,108,837743982331,13.11072688694098
3,2,108,839184068285,13.133264289816832
3,3,108,840279478272,13.1504075
3,0,109,842740564905,13.188923604407679
3,2,109,845937289978,13.23895247987405
3,3,109,847033306624,13.256105184294873
3,0,110,848465618374,13.278520920566658
3,1,110,850255195722,13.306527877760667
3,2,110,851695107379,13.329062552881485
3,3,110,853135109632,13.351598645833334
3,0,111,854566675391,13.37400270731608
3,1,111,856010939547,13.396605499220628
3,2,111,857798848188,13.424586341083234
3,3,111,859586378240,13.452561258012821
3,0,112,861021966800,13.475028276492388
3,1,112,862807517780,13.502972220865885
3,2,112,864250764686,13.525559092767178
3,3,112,866381970432,13.558912548076924
3,0,113,867813899228,13.581322291103266
3,1,113,869257452593,13.603913959100186
3,2,113,870357496604,13.621129691944612
3,3,113,871800500224,13.643712756410256
3,0,114,873574976964,13.671483388484075
3,1,114,875015311503,13.694024681725136
3,2,114,876459914422,13.716632775284205
3,3,114,878246181888,13.744587932692308
3,0,115,879680101816,13.767028837014223
3,1,115,881470100620,13.795042390011519
3,2,115,882913122190,13.817625735395383
3,3,115,884355806208,13.840203798076924
3,0,116,885789095835,13.862634838162936
3,1,116,887236527357,13.88528719947228
3,2,116,889025368833,13.91328264024001
3,3,116,890813459456,13.941266330128206
3,0,117,892932279242,13.974425944667718
3,1,117,894032226996,13.991640171086239
3,2,117,895819609406,14.019612777412611
3,3,117,897260372992,14.04216078525641
3,0,118,899385019351,14.075411585896811
3,1,118,900479738521,14.092543984766252
3,2,118,901922535109,14.115123809172802
3,3,118,904398160896,14.153867451923077
3,0,119,906177291759,14.181710921208309
3,1,119,907620140552,14.204291562625201
3,2,119,909060796994,14.226837893661108
3,3,119,910500028416,14.249361923076924
3,0,120,911937939401,14.271865287600786
3,1,120,913723212823,14.299804888180464
3,2,120,915162790338,14.322334333965596
3,3,120,916257050112,14.339459543269232
3,0,121,917693652907,14.361942434567183
3,1,121,919134042271,14.38448458582169
3,2,121,920573296842,14.407008977520283
3,3,121,922358581760,14.43494875801282
3,0,122,923793341847,14.457402810856745
3,1,122,925237825695,14.480009040949895
3,2,122,926676807768,14.502529168043871
3,3,122,928115860992,14.525050408653847
3,0,123,929206335842,14.542116383745244
3,1,123,930643227411,14.564603794367864
3,2,123,932432918154,14.592612526198167
3,3,123,933873005056,14.615149943910257
3,0,124,935651359082,14.642981255665315
3,1,124,937099081970,14.665638176864233
3,2,124,939235373238,14.699071220797025
3,3,124,940676628480,14.721626923076924
3,0,125,942450247545,14.74938413250263
3,1,125,943543261362,14.766489842529298
3,2,125,945678270346,14.799902818666116
3,3,125,947464892928,14.827863533653847
3,0,126,948899080569,14.850308627694938
3,1,126,950687134255,14.878291739517604
3,2,126,952825298168,14.911754090419672
3,3,126,954264069120,14.934270913461539
3,0,127,956037892000,14.96203131260016
3,1,127,957824284039,14.989988419580705
3,2,127,959958463055,15.023388406685072
3,3,127,961398471168,15.045924591346154
3,0,128,962490394007,15.063013227523413
3,1,128,963928445319,15.085518788170448
3,2,128,965365548357,15.108009508291392
3,3,128,966806185472,15.130555536858974
3,0,129,968238623113,15.152973243329953
3,1,129,970031455130,15.18103113622421
3,2,129,971122048391,15.1980989644525
3,3,129,972908777984,15.226061354166667
3,0,130,974339571072,15.248453323317309
3,1,130,975777404324,15.270955471316608
3,2,130,976871879119,15.288084045707507
3,3,130,978661439488,15.316090737179488
3,0,131,980096860509,15.338555133666993
3,1,131,981881903536,15.366491128555689
3,2,131,983670485502,15.394482507981522
3,3,131,985115027456,15.417089647435898
3,0,132,986547650896,15.439510261668671
3,1,132,988332437911,15.46744224995931
3,2,132,989426862137,15.484570032943335
3,3,132,990869101056,15.507141129807692
3,0,133,992299623239,15.52952885928423
3,1,133,993738267109,15.552043693487706
3,2,133,995176477838,15.574551749017179
3,3,133,996616786944,15.59709264423077
3,0,134,998395075397,15.62492292976575
3,1,134,999839607287,15.647529911718124
3,2,134,1001280163851,15.670074679659331
3,3,134,1003066508800,15.698031049679487
3,0,135,1004501241129,15.7204846681096
3,1,135,1005945557527,15.74308827760354
3,2,135,1007387772850,15.765659005189553
3,3,135,1008484185600,15.782817908653847
3,0,136,1010263897864,15.81067047688802
3,1,136,1011711012981,15.833317886446439
3,2,136,1013502593341,15.8613561908585
3,3,136,1015288766976,15.889309879807692
3,0,137,1016722583299,15.911749162707206
3,1,137,1018515059253,15.939801483201247
3,2,137,1020300497272,15.96774365973057
3,3,137,1021397268992,15.984908181089745
3,0,138,1022837622503,16.007449771243365
3,1,138,1024280684194,16.030033744522488
3,2,138,1026069792181,16.05803335619804
3,3,138,1027512431616,16.080610721153846
3,0,139,1029291006189,16.108445484478292
3,1,139,1031083714660,16.136501443872696
3,2,139,1032525531288,16.159065931865985
3,3,139,1034659022336,16.19245515224359
3,0,140,1036093574392,16.21490594939403
3,1,140,1037193934998,16.232126636962892
3,2,140,1038641216061,16.254776643582858
3,3,140,1040080894464,16.27730766826923
3,0,141,1041856027858,16.305088577004458
3,1,141,1043299243181,16.327674954630535
3,2,141,1045433551462,16.36107696473733
3,3,141,1047217944576,16.38900278846154
3,0,142,1048652871940,16.411459459197214
3,1,142,1050097415776,16.43406662810497
3,2,142,1051541519368,16.456666907176484
3,3,142,1052639887360,16.47385641025641
3,0,143,1054069802176,16.496234634415064
3,1,143,1055861689543,16.524277743498974
3,2,143,1057305694295,16.546876475720527
3,3,143,1058748914688,16.569462932692307
3,0,144,1060180723394,16.59187079630534
3,1,144,1062316537010,16.625296364965195
3,2,144,1063760199493,16.647889740663185
3,3,144,1065202293248,16.67045856570513
3,0,145,1066640116922,16.692960563808345
3,1,145,1068082695981,16.71553698387733
3,2,145,1069525801889,16.738121649154273
3,3,145,1070969114112,16.760709543269233
3,0,146,1072401657500,16.783128904684997
3,1,146,1073848250785,16.805768147551706
3,2,146,1075286926348,16.828283477751903
3,3,146,1077072214528,16.856223309294872
3,0,147,1078849143482,16.884032318616036
3,1,147,1080294042996,16.90664505389874
3,2,147,1081736905474,16.92922590948643
3,3,147,1083178336256,16.951784358974358
3,0,148,1084956317365,16.979609834563426
3,1,148,1086057078746,16.996836794277094
3,2,148,1087848704164,17.02487580384866
3,3,148,1089633830400,17.05281310096154
3,0,149,1091409685192,17.08060529960437
3,1,149,1092507792830,17.097790728133763
3,2,149,1093948009024,17.120330169270833
3,3,149,1095734047232,17.148281738782053
3,0,150,1097168266424,17.170727326597557
3,1,150,1098610667988,17.19330096886268
3,2,150,1099704682133,17.210422334062624
3,3,150,1101488869376,17.238344935897437
3,0,151,1102919410348,17.260732959422576
3,1,151,1104709908952,17.288754334309896
3,2,151,1106493595855,17.316669105803662
3,3,151,1107935716864,17.339238357371794
3,0,152,1109368179912,17.36165646146334
3,1,152,1111160047541,17.38969926164676
3,2,152,1112948233686,17.417684446458082
3,3,152,1114043776512,17.434829735576923
3,0,153,1115827377351,17.46274316016564
3,1,153,1117272500216,17.48535939090044
3,2,153,1119057999740,17.513302529985477
3,3,153,1120501123584,17.535887475961538
3,0,154,1121937901258,17.558373104122847
3,1,154,1124422485910,17.5972569534693
3,2,154,1126217649917,17.625351342100487
3,3,154,1128007175168,17.65335748397436
3,0,155,1129438021886,17.67575029243665
3,1,155,1130534652886,17.692912611522186
3,2,155,1132322992795,17.720900202746268
3,3,155,1133765398528,17.743473910256412
3,0,156,1135205657307,17.766014017850438
3,1,156,1137345661872,17.79950517503005
3,2,156,1138785440658,17.82203777071439
3,3,156,1140229340160,17.844634855769232
3,0,157,1141664594657,17.867096646149463
3,1,157,1143111116320,17.889734768129006
3,2,157,1144552142815,17.91228689050919
3,3,157,1145646750208,17.929417540064104
3,0,158,1147081873080,17.95187727050781
3,1,158,1148524118699,17.97444847222744
3,2,158,1149967122692,17.99703154253055
3,3,158,1151409917440,18.019611338141026
3,0,159,1153186428596,18.04741380890675
3,1,159,1154630709459,18.070016862276518
3,2,159,1156418536955,18.097996434216622
3,3,159,1158206436352,18.125977131410256
3,0,160,1159294917290,18.14301190169897
3,1,160,1160737678582,18.165591173721705
3,2,160,1162176891481,18.188114913251827
3,3,160,1163616389120,18.21064310897436
3,0,161,1167113193247,18.26536823365823
3,2,161,1169969745041,18.310073383679512
3,3,161,1171410603008,18.332622868589745
3,0,162,1172842018074,18.355024571721003
3,1,162,1174286756715,18.37763478933481
3,2,162,1175728372991,18.400196141811275
3,3,162,1177170397184,18.422763878205128
3,0,163,1178604604673,18.445209282868216
3,1,163,1180739632483,18.47862255363269
3,2,163,1182874118796,18.512027349947417
3,3,163,1184660608512,18.539985985576923
3,0,164,1186093144893,18.562405237332857
3,1,164,1187878446269,18.590345275393755
3,2,164,1189319204225,18.612893195127832
3,3,164,1191105462784,18.640848213141027
3,0,165,1192193748288,18.657879924879808
3,1,165,1193980289225,18.685839362120017
3,2,165,1195418218305,18.708343009831356
3,3,165,1197205248000,18.736310096153847
3,0,166,1199322462082,18.76944458136143
3,2,166,1202164646310,18.813924878399188
3,3,166,1203606885888,18.836495985576924
3,0,167,1205040817551,18.85893707355206
3,1,167,1206486229982,18.881557836006362
3,2,167,1207580170940,18.898678055826824
3,3,167,1209022174208,18.921245464743592
3,0,168,1210455533920,18.94367760166266
3,1,168,1212243758618,18.971663389829978
3,2,168,1213339322658,18.988809010948767
3,3,168,1214782630912,19.01139684294872
3,0,169,1217245839245,19.0499461520464
3,2,169,1220089573259,19.094450703297152
3,3,169,1221532099072,19.117026290064103
3,0,170,1222967159707,19.13948504649627
3,1,170,1224409492346,19.162057610082382
3,2,170,1225858432992,19.18473358924279
3,3,170,1227644737024,19.212689318910257
3,0,171,1229075825043,19.235085903742863
3,1,171,1231553878245,19.27386753563514
3,2,171,1232995659149,19.2964314645464
3,3,171,1234436164608,19.31897543269231
3,0,172,1235875658653,19.341503572168595
3,1,172,1237316955961,19.36405993278308
3,2,172,1238761437171,19.38666612159142
3,3,172,1240201459712,19.40920253205128
3,0,173,1241289056609,19.426223467062925
3,1,173,1243768466712,19.465026334510217
3,2,173,1245216206586,19.487683521540717
3,3,173,1247001174016,19.515618333333332
3,0,174,1248432033682,19.53801134443234
3,1,174,1249533547379,19.55525007792155
3,2,174,1250974197077,19.57779630341359
3,3,174,1252417349120,19.600381690705127
3,0,175,1253853468501,19.62285701655461
3,1,175,1255643063190,19.650864245135967
3,2,175,1257428356181,19.67880415197128
3,3,175,1258868149760,19.701336979166665
3,0,176,1260642578820,19.729106865046575
3,1,176,1262081632560,19.75162811373197
3,2,176,1263870008679,19.779616271644006
3,3,176,1265658218496,19.807601826923076
3,0,177,1266749308792,19.824677433769033
3,1,177,1268195573608,19.84731153608273
3,2,177,1270329371766,19.88070556274414
3,3,177,1272808352768,19.91950171474359
3,0,178,1274240231346,19.94191067185622
3,1,178,1276370281495,19.97524604202662
3,2,178,1277811179867,19.997796159276717
3,3,178,1279249567744,20.020306987179488
3,0,179,1280682992586,20.042740143385668
3,1,179,1282126142013,20.065325489736704
3,2,179,1283570252735,20.087925880393005
3,3,179,1285011611136,20.110483197115386
3,0,180,1286106334091,20.12761565522023
3,1,180,1287552145653,20.15024266409067
3,2,180,1288993989849,20.172807583524264
3,3,180,1290778814464,20.200740160256412
3,0,181,1292561234842,20.228635110583184
3,1,181,1293660198665,20.245833938442132
3,2,181,1295446657512,20.273792090970552
3,3,181,1296890262528,20.296384567307694
3,0,182,1298321368939,20.318781439975837
3,1,182,1299416926013,20.33592695207645
3,2,182,1300860752647,20.358522896744166
3,3,182,1302645270016,20.386450665064103
3,0,183,1304081685325,20.408930622198643
3,1,183,1305865821430,20.436852423721707
3,2,183,1307651251012,20.46479446821164
3,3,183,1308745338880,20.48191698717949
3,0,184,1310180151112,20.504371856094753
3,1,184,1311626292030,20.52700401939979
3,2,184,1313068837993,20.54957992151505
3,3,184,1314166866944,20.566764118589745
3,0,185,1315598404379,20.589167736800757
3,1,185,1317387359117,20.61716495012332
3,2,185,1319867594428,20.655980732108876
3,3,185,1322346806784,20.694780504807692
3,0,186,1323434679640,20.711805758588742
3,1,186,1324880559798,20.734433840989333
3,2,186,1326665433351,20.76236718360314
3,3,186,1328107271168,20.784932003205128
3,0,187,1329538972493,20.80733818630121
3,1,187,1330982573749,20.829930603794196
3,2,187,1332772829381,20.857948176159983
3,3,187,1334212366336,20.880476987179488
3,0,188,1335652732209,20.903018770798905
3,1,188,1337436738709,20.930938543998522
3,2,188,1339226041280,20.958941200921476
3,3,188,1340668372992,20.98151375
3,0,189,1342442840412,21.009284236215446
3,1,189,1343540763272,21.02646677296174
3,2,189,1344980446747,21.048997877025116
3,3,189,1346767345152,21.076962908653847
3,0,190,1348197341477,21.099342408431617
3,1,190,1349639088744,21.121905810922478
3,2,190,1351082758598,21.144499301976914
3,3,190,1352525986816,21.16708588141026
3,0,191,1354301167384,21.194867528420474
3,1,191,1356092732983,21.22290560182229
3,2,191,1357189698424,21.24007315492288
3,3,191,1358973840896,21.267995056089745
3,0,192,1360061281518,21.285013545391376
3,1,192,1361848998490,21.312991387626454
3,2,192,1363288935700,21.335526462652744
3,3,192,1365077489152,21.363517395833334
3,0,193,1366509110007,21.38592231957069
3,1,193,1367952001601,21.408503630824946
3,2,193,1370435617465,21.447372318600387
3,3,193,1372913167360,21.48614607371795
3,0,194,1374002557729,21.503195076638246
3,1,194,1375787598115,21.531131030195187
3,2,194,1377228235012,21.553677055351063
3,3,194,1378669834752,21.576238149038463
3,0,195,1380444344099,21.604009291413135
3,1,195,1382232715453,21.63199737475273
3,2,195,1383674729465,21.654564951813526
3,3,195,1385115955712,21.677120200320513
3,0,196,1386549189398,21.699550364927635
3,1,196,1388341929150,21.727606813870946
3,2,196,1389436057661,21.74472996890337
3,3,196,1390874536960,21.767242227564104
3,0,197,1392305860318,21.78964249546149
3,1,197,1394093948627,21.817626149135492
3,2,197,1395537805288,21.840222563726964
3,3,197,1396978836480,21.862774759615384
3,0,198,1398759191247,21.890637383047252
3,1,198,1400202521301,21.913225556218073
3,2,198,1402336975376,21.94662984800681
3,3,198,1403777292288,21.969170865384616
3,0,199,1405551469284,21.996936806452826
3,1,199,1406997684798,22.019570137188254
3,2,199,1408785424646,22.047548337433643
3,3,199,1410227683328,22.070119743589743
3,0,200,1411667365563,22.09265082824707
3,1,200,1413805248998,22.126108789657202
3,2,200,1415591204169,22.154059059636044
3,3,200,1417032342016,22.17661292467949
3,0,201,1418464686800,22.199029177934698
3,1,201,1419562328076,22.216207307880108
3,2,201,1421006294600,22.238805441831932
3,3,201,1422445114880,22.261323036858975
3,0,202,1423883278979,22.28383036262708
3,1,202,1425324436033,22.306384528260843
3,2,202,1426767171212,22.32896339161408
3,3,202,1428210203648,22.351546907051283
3,0,203,1429644623948,22.373995642215046
3,1,203,1431086986874,22.39656867979392
3,2,203,1432529092291,22.41913768734663
3,3,203,1434663373824,22.452539278846153
3,0,204,1435750752306,22.4695567956543
3,1,204,1437540415035,22.497565089064377
3,2,204,1438639178341,22.514760778824243
3,3,204,1440770155520,22.548110657051282
3,0,205,1442203462174,22.570541963610527
3,1,205,1443647575088,22.593142388571714
3,2,205,1445434889354,22.62111392844176
3,3,205,1446874194944,22.643639118589743
3,0,206,1448309701118,22.666104847725112
3,1,206,1449754110502,22.688709912453678
3,2,206,1451193705180,22.711239626840445
3,3,206,1452633299968,22.73376934294872
3,0,207,1455098773518,22.772354102783204
3,1,207,1456889932117,22.800385806618717
3,2,207,1458679613866,22.82839439769256
3,3,207,1460464568320,22.856329006410256
3,0,208,1462239427621,22.884105625579053
3,1,208,1463686314699,22.906749466317983
3,2,208,1464783964481,22.923927729382637
3,3,208,1466225038848,22.94648060096154
3,0,209,1467659548633,22.968930736569135
3,1,209,1469800653029,23.002439106147964
3,2,209,1471241707022,23.02499165887295
3,3,209,1473026209792,23.052919198717948
3,0,210,1474801146872,23.08069703513121
3,1,210,1477284565463,23.119562635576298
3,2,210,1479416988536,23.152935142102365
3,3,210,1480510824960,23.17005372596154
3,0,211,1481941411346,23.1924424602176
3,1,211,1483386735541,23.215061841774965
3,2,211,1484827460727,23.23760924865723
3,3,211,1486270069760,23.260186137820515
3,0,212,1487704040920,23.28262784392528
3,1,212,1489147564012,23.30521903814854
3,2,212,1490938355700,23.3332449998122
3,3,212,1492379392000,23.355797275641027
3,0,213,1493470589858,23.37287456583659
3,1,213,1494915185715,23.395482548875076
3,2,213,1496356035817,23.418031910697742
3,3,213,1497796974080,23.44058265224359
3,0,214,1499236707696,23.463114541015624
3,1,214,1501023574585,23.491079079417695
3,2,214,1502465121404,23.513639344889324
3,3,214,1503907783680,23.536217067307692
3,0,215,1505683286372,23.564003755571417
3,1,215,1507121282062,23.586508445731923
3,2,215,1508568833544,23.609162684420074
3,3,215,1510007912960,23.631684334935898
3,0,216,1511786119496,23.659513338466546
3,1,216,1513576706518,23.68753609709911
3,2,216,1515020508360,23.710131653771036
3,3,216,1516460519936,23.732667892628207
3,0,217,1517894230302,23.755105517296425
3,1,217,1519338829290,23.777713549335186
3,2,217,1521472707997,23.81110883659167
3,3,217,1522914724352,23.833676450320514
3,0,218,1524695134486,23.861539940248147
3,1,218,1526135125349,23.88407585494604
3,2,218,1527232557529,23.901250712530675
3,3,218,1529020090368,23.929225673076925
3,0,219,1531490171670,23.967882544414813
3,1,219,1533279296675,23.995882422422753
3,2,219,1534719167121,24.01841645258977
3,3,219,1536505170432,24.04636747596154
3,0,220,1537937981192,24.068791021759818
3,1,220,1539722933292,24.09672559363732
3,2,220,1540824640534,24.113967356113534
3,3,220,1542263144960,24.13648000801282
3,0,221,1543693798613,24.158869795000125
3,1,221,1545133130356,24.181395394443612
3,2,221,1546916234123,24.209301039835612
3,3,221,1548357278208,24.2318534375
3,0,222,1550817060614,24.270349130702876
3,2,222,1553659396040,24.314831793995392
3,3,222,1555441592320,24.342723237179488
3,0,223,1556874130719,24.365142520517203
3,1,223,1557973097187,24.38234138977051
3,2,223,1559404380182,24.404741025985327
3,3,223,1561187990016,24.432654591346154
3,0,224,1562962023713,24.460418289779273
3,1,224,1564401310768,24.482943189853767
3,2,224,1567222378497,24.527093012836165
3,3,224,1569005962240,24.555006169871795
3,0,225,1570438445398,24.57742458868565
3,1,225,1571880214811,24.599988337762294
3,2,225,1573672312041,24.628034731210562
3,3,225,1575111037952,24.650550849358975
3,0,226,1577227906433,24.68367992589706
3,2,226,1581083145155,24.74401456635304
3,3,226,1582526334464,24.766600536858974
3,0,227,1584299425793,24.794349487195138
3,1,227,1585744770209,24.816969185211963
3,2,227,1587185503567,24.839516719986353
3,3,227,1588279833600,24.856643028846154
3,0,228,1589711001538,24.879040864414314
3,1,228,1591154290933,24.90162840127016
3,2,228,1592598090310,24.924223919364735
3,3,228,1594729957888,24.957587732371795
3,0,229,1596167987626,24.980092955384865
3,1,229,1598307173488,25.013571299829728
3,2,229,1600437188164,25.046906114846255
3,3,229,1601874563072,25.06940108974359
3,0,230,1602962805179,25.086432122317582
3,1,230,1604408875611,25.109063182513896
3,2,230,1605849538335,25.131609611863357
3,3,230,1607288089600,25.15412299679487
3,0,231,1609410528687,25.18733925354004
3,1,231,1610856908821,25.209975160585063
3,2,231,1612993661064,25.243415418795074
3,3,231,1614434920960,25.265971193910257
3,0,232,1615869187487,25.288417522520408
3,1,232,1617316719076,25.311071449882313
3,2,232,1618758162598,25.333630098751755
3,3,232,1620199975936,25.35619453525641
3,0,233,1621629811554,25.37857151996319
3,1,233,1623072648728,25.40115197954227
3,2,233,1624517293283,25.423760724706405
3,3,233,1625957468160,25.44629951923077
3,0,234,1627391853373,25.468747705281576
3,1,234,1629180418583,25.496738822475336
3,2,234,1630623827565,25.51932823087252
3,3,234,1632065378304,25.541888557692307
3,0,235,1633500504344,25.564348337715344
3,1,235,1634946785894,25.586982701916817
3,2,235,1636390553236,25.60957771866236
3,3,235,1637827803136,25.63207073717949
3,0,236,1639604726027,25.65987965161446
3,1,236,1641043514417,25.682396747561725
3,2,236,1642828710278,25.710335134308643
3,3,236,1644266977280,25.732844070512822
3,0,237,1645697835784,25.755237063426485
3,1,237,1647140193293,25.777810016229093
3,2,237,1648582790085,25.800386713820238
3,3,237,1650022855680,25.822923798076925
3,0,238,1651115648712,25.840026052809495
3,1,238,1652560033433,25.862630731561122
3,2,238,1654003595428,25.88522253461789
3,3,238,1655444975104,25.90778018429487
3,0,239,1656875121305,25.930162029638048
3,1,239,1658321966816,25.952805219851765
3,2,239,1659761553112,25.975334803059898
3,3,239,1661546630656,26.003271338141026
3,0,240,1662979438748,26.025694842184997
3,1,240,1664418613936,26.048217991536458
3,2,240,1665859872874,26.070773751658905
3,3,240,1667302130688,26.09334514423077
3,0,241,1668739904622,26.115846363900992
3,1,241,1670874236044,26.149248736165365
3,2,241,1672658379399,26.17717065115122
3,3,241,1674099418624,26.199722972756412
3,0,242,1675534727314,26.222185611259267
3,1,242,1676976371831,26.24474740570851
3,2,242,1678415515861,26.267270067436023
3,3,242,1679858113024,26.289846770833336
3,0,243,1681289328752,26.312245354316907
3,1,243,1682733039789,26.334839489886946
3,2,243,1684173528333,26.357383193312426
3,3,243,1685611351552,26.379885184294874
3,0,244,1687735093896,26.413121837064303
3,1,244,1689177099866,26.43568928826748
3,2,244,1690964797769,26.46366683207194
3,3,244,1692406742016,26.486233317307693
3,0,245,1693838914696,26.508646877128406
3,1,245,1695280151132,26.531202285093652
3,2,245,1696718593922,26.55371397238707
3,3,245,1698157043712,26.57622576923077
3,0,246,1699250971221,26.593345778573845
3,1,246,1700692613850,26.615907543475814
3,2,246,1702483108295,26.643928853274616
3,3,246,1704265759744,26.671827419871796
3,0,247,1706041574026,26.6996189845315
3,1,247,1707479909974,26.72212899974334
3,2,247,1708922948799,26.744712615168645
3,3,247,1710362347008,26.76723925480769
3,0,248,1711803054703,26.789786387955104
3,1,248,1713247126705,26.81238617264185
3,2,248,1714688535292,26.834944274777143
3,3,248,1716476206592,26.86292140224359
3,0,249,1717908379746,26.88533496948242
3,1,249,1719350494904,26.907904129482173
3,2,249,1720789136029,26.93041892072629
3,3,249,1722230067712,26.95296955929487
3,0,250,1724012276315,26.98086119533441
3,1,250,1726498839098,27.019776002510266
3,2,250,1727937809432,27.042295945888423
3,3,250,1729376438272,27.064810544871797
3,0,251,1731154646178,27.092639569842998
3,1,251,1732948066327,27.120706667026617
3,2,251,1734390470396,27.143280348495093
3,3,251,1736176695296,27.17123483974359
3,0,252,1738295722708,27.20439770363832
3,1,252,1739737070998,27.226954862123147
3,2,252,1741176230714,27.24947776933719
3,3,252,1742960075776,27.277395016025643
3,0,253,1744390733045,27.29978485960349
3,1,253,1745834485133,27.322379637623325
3,2,253,1747273546463,27.344901005092524
3,3,253,1748713799680,27.367441025641025
3,0,254,1750148508915,27.389894282649113
3,1,254,1751936811418,27.4178812884678
3,2,254,1753381952645,27.440497806568636
3,3,254,1754824761856,27.46307782852564
3,0,255,1756260472577,27.485546758829752
3,1,255,1758045479358,27.513482186467098
3,2,255,1759487801394,27.536054584115835
3,3,255,1760930530304,27.558633349358974
3,0,256,1762704402725,27.58639452381623
3,1,256,1764148398554,27.60899311639248
3,2,256,1765591512537,27.631577908043496
3,3,256,1767033825280,27.65415016025641
3,0,257,1769496755040,27.69269510967548
3,1,257,1770922774821,27.715012376380333
3,2,257,1772364167700,27.737570232684796
3,3,257,1773803399168,27.760094262820513
3,0,258,1774891079009,27.77711649590908
3,1,258,1776685050247,27.805192217657627
3,2,258,1778127548027,27.827767365707007
3,3,258,1779567459840,27.85030204326923
3,0,259,1781350525313,27.8782070893586
3,1,259,1783485756236,27.91162353884966
3,2,259,1784925419700,27.934154329740085
3,3,259,1786711035392,27.962099286858976
3,0,260,1787801814942,27.97917003051758
3,1,260,1789247946674,28.00180205006135
3,2,260,1790687394051,28.024329459181565
3,3,260,1792128564736,28.046883838141028
3,0,261,1793902904259,28.074652322763296
3,1,261,1795695177100,28.10270146453075
3,2,261,1796791407815,28.119857519139998
3,3,261,1798921343488,28.153191097756412
3,0,262,1800356235744,28.175647219050482
3,1,262,1801456624113,28.192868341111403
3,2,262,1802894524002,28.215371531982424
3,3,262,1804682439680,28.24335248397436
3,0,263,1805774721484,28.26044673796825
3,1,263,1807217868899,28.283032052831405
3,2,263,1809005685248,28.311011450320514
3,3,263,1810792257024,28.338971370192308
3,0,264,1812570613271,28.366802716706104
3,1,264,1814018058789,28.389455297053413
3,2,264,1815459751175,28.41201784065442
3,3,264,1817247819264,28.440001177884618
3,0,265,1819030248007,28.467896259123975
3,1,265,1820477932610,28.490552581161108
3,2,265,1821916544002,28.51306690708258
3,3,265,1823705081856,28.54105759615385
3,0,266,1825482942083,28.56888117993477
3,1,266,1827619213269,28.602313909583458
3,2,266,1828715340355,28.619468342394708
3,3,266,1830154364416,28.641989126602564
3,0,267,1831587508895,28.66441789511656
3,1,267,1833378279977,28.6924435342955
3,2,267,1834819154430,28.71499327721229
3,3,267,1836258667008,28.73752170673077
3,0,268,1837691491527,28.75994546785795
3,1,268,1839138246778,28.782587245499048
3,2,268,1841272880372,28.81599434676733
3,3,268,1843056704000,28.84391125801282
3,0,269,1844493370115,28.86639514027131
3,1,269,1846281877506,28.894385352595403
3,2,269,1847382106272,28.91160397686298
3,3,269,1848821049856,28.934123501602564
3,0,270,1850253876996,28.956547303748497
3,1,270,1851696300700,28.97912129250551
3,2,270,1853140672742,29.00172577283028
3,3,270,1854925840896,29.02966372596154
3,0,271,1856362515735,29.05214774475098
3,1,271,1858499483742,29.085591379676234
3,2,271,1859942896909,29.108180853568836
3,3,271,1861382358016,29.130708477564102
3,0,272,1862816478022,29.153152513114733
3,1,272,1864253912738,29.175648424009665
3,2,272,1865691956093,29.198153860129334
3,3,272,1866786065920,29.21527672275641
3,0,273,1868220911949,29.23773212059608
3,1,273,1870014380286,29.26579997192383
3,2,273,1871456191432,29.2883643741236
3,3,273,1872896233472,29.31090108974359
3,0,274,1874669472103,29.338652345361954
3,1,274,1876114016508,29.36125952317458
3,2,274,1877554211144,29.383798626928087
3,3,274,1878996113408,29.406364455128205
3,0,275,1880436506962,29.42890667195638
3,1,275,1881880470894,29.4515047653433
3,2,275,1882976576066,29.46865885519957
3,3,275,1884417023488,29.491201915064103
3,0,276,1885850129734,29.51363008523012
3,1,276,1887636736427,29.541590551554364
3,2,276,1889426619662,29.569602295892178
3,3,276,1890520835072,29.586726810897435
3,0,277,1892981748635,29.62524020675268
3,2,277,1896177369930,29.67525180804913
3,3,277,1897620338176,29.697834318910257
3,0,278,1898712099748,29.714920431252505
3,1,278,1900156857591,29.73753094937838
3,2,278,1901598610494,29.760094440072866
3,3,278,1903039209472,29.782639871794874
3,0,279,1904470049690,29.8050325785319
3,1,279,1905918123339,29.827694989154523
3,2,279,1907707904952,29.855705143103968
3,3,279,1910182404096,29.894431153846156
3,0,280,1911961948129,29.92228108925844
3,1,280,1913058086047,29.939435691590923
3,2,280,1914500194249,29.962004742728993
3,3,280,1916284340224,29.989926698717948
3,0,281,1917718973398,30.01237876536834
3,1,281,1919506454604,30.04035291785607
3,2,281,1921291590613,30.06829036791679
3,3,281,1922732028416,30.09083327724359
3,0,282,1924510664722,30.11866900669196
3,1,282,1925955361799,30.1412785738275
3,2,282,1927398687544,30.1638666795623
3,3,282,1928841380352,30.18644487980769
3,0,283,1930273809378,30.208862451453577
3,1,283,1931721633878,30.231520962884368
3,2,283,1933160739667,30.2540430261387
3,3,283,1935636299264,30.292785633012823
3,0,284,1937071339016,30.3152440626252
3,1,284,1938858561934,30.343214172895383
3,2,284,1940299343496,30.365762462064303
3,3,284,1942085078528,30.393709286858975
3,0,285,1943520685586,30.416176594832983
3,1,285,1944961703797,30.438728587568235
3,2,285,1946405475836,30.461323677822016
3,3,285,1948188977152,30.489235544871796
3,0,286,1949621073921,30.511647916682318
3,1,286,1951405510946,30.539574427615435
3,2,286,1953193791489,30.56756108975924
3,3,286,1955669017600,30.606298477564103
3,0,287,1957101485655,30.6287166600154
3,1,287,1958893065250,30.65675495245518
3,2,287,1960686365839,30.68482017852001
3,3,287,1962127277056,30.707370496794873
3,0,288,1963561811528,30.729821018755008
3,1,288,1965001909800,30.752358614408053
3,2,288,1966446180514,30.774961508945562
3,3,288,1968230692352,30.80288919070513
3,0,289,1969662171721,30.825291900180915
3,1,289,1971099734006,30.847789807535808
3,2,289,1972539524102,30.870322580222105
3,3,289,1974323233280,30.898237700320514
3,0,290,1975757369426,30.920681988462793
3,1,290,1977891165033,30.954075975200947
3,2,290,1979331859460,30.976622900703628
3,3,290,1980770824192,30.999142756410258
3,0,291,1982205214291,31.02159101892716
3,1,291,1983643239282,31.04409616764949
3,2,291,1985081331216,31.066602364032452
3,3,291,1986522632704,31.089158790064104
3,0,292,1987956985916,31.11160647529798
3,1,292,1989741777737,31.13953853880271
3,2,292,1991182097266,31.16207959713667
3,3,292,1992621126656,31.18460046474359
3,0,293,1994052448322,31.207000706161107
3,1,293,1995493436756,31.229552232885116
3,2,293,1996933987726,31.25209691328
3,3,293,1998028586496,31.269227427884616
3,0,294,1999804364314,31.297018421881262
3,1,294,2001244231001,31.319552393219777
3,2,294,2003028466387,31.347475748494467
3,3,294,2004471407104,31.370057828525642
3,0,295,2005906519574,31.392517396177634
3,1,295,2007347296051,31.415065605766102
3,2,295,2008787700947,31.437608000097033
3,3,295,2010229612544,31.460173974358977
3,0,296,2011320767973,31.477250600538987
3,1,296,2013461535047,31.510753691015
3,2,296,2014902690357,31.533307829355095
3,3,296,2016343299072,31.555853413461538
3,0,297,2018119923186,31.583657652024492
3,1,297,2019564747044,31.606269203287763
3,2,297,2021698621461,31.639664423405574
3,3,297,2023136228864,31.662163036858974
3,0,298,2024568804351,31.684582900625376
3,1,298,2026013974736,31.70719987505008
3,2,298,2027450933787,31.729688341768707
3,3,298,2028889577472,31.752203173076925
3,0,299,2030329894878,31.774744198185846
3,1,299,2031769782503,31.797278497204903
3,2,299,2033211150365,31.819835961992315
3,3,299,2034650212864,31.842357347756412
3,0,300,2036085022653,31.864812178438626
3,1,300,2037526473974,31.88737094936273
3,2,300,2038967982617,31.909930617378432
3,3,300,2040409686528,31.932493341346156
3,0,301,2041840408473,31.954884197105997
3,1,301,2043627042006,31.982845083477315
3,2,301,2044725968417,32.00004332583696
3,3,301,2046168266240,32.022615344551284
3,0,302,2047943583122,32.05039912488106
3,2,302,2050808774025,32.09523947730431
3,3,302,2052596183040,32.1232125
3,0,303,2054031691682,32.14567826775966
3,1,303,2055821347932,32.17368645977314
3,2,303,2057607163741,32.20163454873109
3,3,303,2059045441024,32.22414364583334
3,0,304,2060483906965,32.24665569544083
3,1,304,2061922354746,32.2691674608436
3,2,304,2063716031127,32.29723856806829
3,3,304,2064811011072,32.314375048076926
3,0,305,2066931265950,32.34755712186373
3,1,305,2068703268205,32.37528902814816
3,2,305,2070146718535,32.397879083643204
3,3,305,2071934375424,32.42585598557692
3,0,306,2073371808189,32.448351865938626
3,1,306,2074472804305,32.46558249926445
3,2,306,2076256901766,32.493503696007366
3,3,306,2078042506752,32.521448485576926
3,0,307,2079479250335,32.543933580212716
3,1,307,2081611140857,32.5772977522943
3,2,307,2083053629549,32.59987275811611
3,3,307,2084841769984,32.62785722756411
3,0,308,2086273889743,32.650269959169044
3,1,308,2087715808495,32.672836045407024
3,2,308,2088808276619,32.68993321531638
3,3,308,2090942147584,32.723328381410255
3,0,309,2092373666250,32.74573170588567
3,1,309,2094856586796,32.78458951190655
3,2,309,2095951229877,32.801720719980096
3,3,309,2098083841536,32.835096177884616
3,0,310,2100548446259,32.87366734054174
3,1,310,2102316359368,32.90133525152744
3,2,310,2103410968624,32.91846593023838
3,3,310,2104853453824,32.94104088141026
3,0,311,2106293182526,32.963572693277996
3,1,311,2108081529612,32.991560396822415
3,2,311,2109521019773,33.01408847551395
3,3,311,2111994674176,33.05280126602564
3,0,312,2113425651333,33.075196115863505
3,1,312,2114868279908,33.09777331085988
3,2,312,2116307940184,33.12030405185797
3,3,312,2117747359232,33.142831017628204
3,0,313,2119182293095,33.16528779007349
3,1,313,2120621601400,33.18781302271134
3,2,313,2122063609184,33.210380502303686
3,3,313,2123849658880,33.238332251602564
3,0,314,2125626469007,33.26613940127642
3,1,314,2127066717731,33.28867935150929
3,2,314,2128849316169,33.3165770884822
3,3,314,2130636440576,33.344545657051285
3,0,315,2132072294555,33.367016829348835
3,1,315,2133511588278,33.3895418337778
3,2,315,2134951652503,33.412078896593925
3,3,315,2137080998912,33.44540325320513
3,0,316,2138172847263,33.462490723642205
3,1,316,2139957188449,33.49041573469113
3,2,316,2141396451091,33.5129402527012
3,3,316,2143178789888,33.540833926282055
3,0,317,2144610623187,33.56324217477652
3,1,317,2146396262117,33.59118749557104
3,2,317,2147835660751,33.61371414186135
3,3,317,2149275303936,33.63624461538462
3,0,318,2151053796071,33.66407808855106
3,1,318,2152495497392,33.686640771985175
3,2,318,2154282792017,33.714612004472784
3,3,318,2155720835584,33.73711744391026
3,0,319,2157500624118,33.76497120577299
3,1,319,2158943520863,33.7875525976406
3,2,319,2160383602048,33.810089925881414
3,3,319,2161821152768,33.83258765224359
3,0,320,2162908522187,33.84960502721542
3,1,320,2164350635671,33.872174161017
3,2,320,2165792493636,33.894739295936
3,3,320,2167231042048,33.91725263621795
3,0,321,2168665523387,33.93970232664451
3,1,321,2170104342169,33.962219898227794
3,2,321,2172585608197,34.00105181097569
3,3,321,2174027551744,34.02361828525641
3,0,322,2175463333587,34.04608832862267
3,1,322,2176901865458,34.06860141003731
3,2,322,2178342084621,34.09114089763935
3,3,322,2179434945024,34.10824420673077
3,0,323,2181553446098,34.14139883341471
3,1,323,2182995292578,34.163963788593
3,2,323,2184435435336,34.18650208045373
3,3,323,2186223824896,34.21449044871795
3,0,324,2187655613639,34.23689799990923
3,1,324,2189093785430,34.25940544605744
3,2,324,2190532282499,34.28191798281939
3,3,324,2191627515392,34.29905842147436
3,0,325,2193059101858,34.321462807022485
3,1,325,2194501079922,34.344029821495646
3,2,325,2195940502341,34.36655684002216
3,3,325,2198073016320,34.39993076923077
3,0,326,2200198965458,34.43320195841471
3,1,326,2201990386265,34.46123776581593
3,2,326,2203777549556,34.48920694292117
3,3,326,2205221797888,34.51180948717949
3,0,327,2206652402389,34.53419850493602
3,1,327,2208098149428,34.556824504018934
3,2,327,2209542224619,34.579424338613656
3,3,327,2210983795200,34.60198497596154
3,0,328,2212413820069,34.62436492245405
3,1,328,2214200850425,34.65233201912122
3,2,328,2215988250497,34.6803049018586
3,3,328,2217777841152,34.708312067307695
3,0,329,2219210173630,34.73072812797351
3,1,329,2220655596953,34.75334906088805
3,2,329,2222444032005,34.781338141103895
3,3,329,2223886156800,34.80390745192308
3,0,330,2225320674450,34.82635771061824
3,1,330,2226764901736,34.84895992550581
3,2,330,2227858706086,34.8660780074056
3,3,330,2229298107392,34.888604695512825
3,0,331,2231076889712,34.91644271008614
3,1,331,2232516493130,34.93897256125426
3,2,331,2234311967034,34.967071799785906
3,3,331,2236096854528,34.995005360576926
3,0,332,2237535702605,35.01752339062813
3,1,332,2239329734361,35.04560005948581
3,2,332,2240426348137,35.06276210901505
3,3,332,2241868649472,35.08533418269231
3,0,333,2243302168098,35.10776880662185
3,1,333,2244741489941,35.13029425112993
3,2,333,2246530936741,35.15829916524251
3,3,333,2248319270912,35.18628666666667
3,0,334,2249751117833,35.20869512834598
3,1,334,2251196865701,35.23132114040277
3,2,334,2253334283136,35.26477180889423
3,3,334,2255121307648,35.29273881410256
3,0,335,2256211025391,35.30979294043908
3,1,335,2257657305177,35.33242727703388
3,2,335,2259444801201,35.36040166142391
3,3,335,2260886838784,35.3829696073718
3,0,336,2262325938113,35.405491569526866
3,1,336,2264112362988,35.43344919039213
3,2,336,2265551187447,35.45596685082069
3,3,336,2267337282048,35.483919302884615
3,0,337,2268768158666,35.506312579283104
3,1,337,2269868109288,35.52352685058594
3,2,337,2271306243551,35.54603370941945
3,3,337,2272746674176,35.56857650641026
3,0,338,2274182738823,35.59105097567045
3,1,338,2275976119753,35.61911745907515
3,2,338,2277767093865,35.64714627568171
3,3,338,2279209173504,35.66971487980769
3,0,339,2281675157414,35.708307626796625
3,1,339,2283101587609,35.73063131649702
3,2,339,2284541167684,35.75316080234626
3,3,339,2285984178176,35.775743974358974
3,0,340,2287757969324,35.803503876890524
3,1,340,2289199910468,35.8260703135642
3,2,340,2290637695369,35.84857170486841
3,3,340,2292079985152,35.87114359775641
3,0,341,2293514470797,35.893593355572044
3,1,341,2294956616763,35.916162997718224
3,2,341,2296400164228,35.93875457337991
3,3,341,2297838758912,35.96126863782052
3,0,342,2299270622045,35.983677353218276
3,1,342,2301055196665,36.01160601751866
3,2,342,2303187876734,36.04498254604242
3,3,342,2305317487616,36.078311041666666
3,0,343,2306748340123,36.10070394072704
3,1,343,2308187062500,36.12322000356821
3,2,343,2310326705301,36.15670549912673
3,3,343,2312455991296,36.19002891025641
3,0,344,2313889283538,36.21245999126728
3,1,344,2315329189879,36.23499458319248
3,2,344,2316771636530,36.25756893107096
3,3,344,2318210195968,36.28008244391026
3,0,345,2319641079199,36.30247582380246
3,1,345,2321427435444,36.33043237060547
3,2,345,2322522857778,36.34757577401968
3,3,345,2324653078528,36.38091381410256
3,0,346,2326085439396,36.40333031907302
3,1,346,2327526840159,36.425888298762395
3,2,346,2328968161223,36.44844503115923
3,3,346,2330407691264,36.47097373397436
3,0,347,2332872314297,36.50954518318372
3,2,347,2335720067006,36.55411262717222
3,3,347,2337160915968,36.57666197115385
3,0,348,2338258020765,36.593831705181415
3,1,348,2339695151688,36.61632286170373
3,2,348,2341137941086,36.63890257358649
3,3,348,2342579851776,36.661468533653846
3,0,349,2344015191417,36.68393165654109
3,1,349,2346842927471,36.7281858390769
3,2,349,2348282007420,36.750707497934194
3,3,349,2349723160064,36.773261594551286
3,0,350,2351156979079,36.7957009195807
3,1,350,2352604450160,36.81835389998999
3,2,350,2354391019202,36.84631377707457
3,3,350,2356175921664,36.87424757211539
3,0,351,2357950392198,36.902018107065054
3,1,351,2359377025613,36.92434497716659
3,3,351,2362196702720,36.968473036858974
3,0,352,2363631975872,36.99093511919071
3,1,352,2365079290199,37.01358564639361
3,2,352,2366526062921,37.03622769745655
3,3,352,2367968602624,37.05880350160257
3,0,353,2369409417063,37.081352305297855
3,1,353,2371199160129,37.1093618559852
3,2,353,2372641634954,37.13193664478791
3,3,353,2375116739072,37.17067212339744
3,0,354,2376893081997,37.19847196134127
3,1,354,2378340012596,37.2211164831856
3,2,354,2380126323945,37.24907232736441
3,3,354,2381569915904,37.27166459935898
3,0,355,2383005866322,37.29413728093074
3,2,355,2386238329884,37.34472546518179
3,3,355,2387681412608,37.36730976762821
3,0,356,2389455053624,37.39506732058794
3,1,356,2391244113189,37.423066174457254
3,2,356,2392686594713,37.44564106809958
3,3,356,2394129648640,37.468224919871794
3,0,357,2395902795540,37.49597473989633
3,1,357,2397675732031,37.523721267011595
3,2,357,2398771522514,37.54087043197241
3,3,357,2400209561600,37.56337580128205
3,0,358,2401987478279,37.59120026853904
3,1,358,2403432704549,37.61381811756623
3,2,358,2405222480459,37.641828182263495
3,3,358,2406663482368,37.6643799198718
3,0,359,2408095155406,37.68678566027519
3,1,359,2409535275452,37.70932359669221
3,2,359,2411670532815,37.74274045997033
3,3,359,2413803162112,37.776116193910255
3,0,360,2414890587841,37.793134450135845
3,1,360,2416330319067,37.81566630150428
3,2,360,2417772626427,37.83823846947303
3,3,360,2419214030848,37.86079650641026
3,0,361,2420988544147,37.88856771063389
3,1,361,2422432533109,37.91116619574131
3,2,361,2423533687769,37.928399310287084
3,3,361,2424976530944,37.95097986378205
3,0,362,2426406993466,37.97336665956155
3,1,362,2427847647398,37.99591295131586
3,2,362,2429284872660,38.0184055842473
3,3,362,2430381531136,38.03556833333334
3,0,363,2432162688510,38.06344351759691
3,1,363,2433263632089,38.08067332871657
3,2,363,2435050021787,38.108630399060374
3,3,363,2437181693952,38.141991153846156
3,0,364,2438614748124,38.164418509051984
3,1,364,2440059325937,38.187026209701145
3,2,364,2441502779904,38.20961632211539
3,3,364,2442945070592,38.23218822916667
3,0,365,2444380907401,38.254659132753034
3,1,365,2445480629812,38.271869832544574
3,2,365,2446920712850,38.294407189784906
3,3,365,2448362592768,38.31697266826923
3,0,366,2450142103874,38.344822088372645
3,1,366,2451588533751,38.36745877389761
3,2,366,2453374765811,38.3954133772004
3,3,366,2454817065984,38.41798543269231
3,0,367,2456251239681,38.44043030850924
3,1,367,2457690870169,38.46296058332394
3,2,367,2459480506888,38.49096846967648
3,3,367,2460919983616,38.513496338141024
3,0,368,2462009864895,38.53055302382249
3,1,368,2464145783575,38.56398023673816
3,2,368,2465933295218,38.59195486556616
3,3,368,2467371622400,38.61446474358974
3,0,369,2469145092299,38.642219618561576
3,2,369,2472680717383,38.69755229277782
3,3,369,2474122167296,38.72011104166667
3,0,370,2475560269012,38.742617391138324
3,1,370,2476660664167,38.75983861940042
3,2,370,2478100296379,38.78236892119579
3,3,370,2479889016832,38.81036246794872
3,0,371,2480978852991,38.82741844750038
3,1,371,2483114592474,38.86084285597581
3,2,371,2484555043099,38.88338596596743
3,3,371,2485995705344,38.90593238782051
3,0,372,2487428275795,38.928352172773316
3,1,372,2488525515493,38.945524018006935
3,2,372,2489967440792,38.96809020670573
3,3,372,2491410523648,38.99067451121795
3,0,373,2493190858761,39.018536827063926
3,1,373,2494283514058,39.03563692623823
3,2,373,2495722781570,39.05816152046399
3,3,373,2497508076032,39.08610145032051
3,0,374,2498942006234,39.10854251543094
3,1,374,2500383937116,39.131108791503905
3,2,374,2501824566409,39.153654697656876
3,3,374,2503607652352,39.18156006410256
3,0,375,2504699197327,39.198642786693085
3,1,375,2506138585640,39.22116927145934
3,2,375,2507579016295,39.24371206891965
3,3,375,2509363260416,39.27163556089744
3,0,376,2511484309924,39.304830070675585
3,1,376,2512926656288,39.327402849058494
3,2,376,2515408114659,39.36623777198205
3,3,376,2516847703040,39.388767387820515
3,0,377,2518623713183,39.416562017712714
3,1,377,2520070471706,39.43920384656075
3,2,377,2521511722235,39.461759475082005
3,3,377,2522951729664,39.484295649038465
3,0,378,2525072932240,39.51749255433694
3,1,378,2526169066917,39.53464710594764
3,2,378,2527607493134,39.55715853387295
3,3,378,2529048053760,39.57970336538462
3,0,379,2530481370432,39.602134828725966
3,1,379,2532268683577,39.63010635105231
3,2,379,2534055586426,39.65807145222982
3,3,379,2535494605824,39.68059216346154
3,0,380,2536924796195,39.70297470006698
3,1,380,2538362881205,39.725480788089065
3,2,380,2539803998277,39.74803432800293
3,3,380,2541244267520,39.77057459935897
3,0,381,2543020185366,39.79836778479943
3,1,381,2544461520969,39.820924744732196
3,2,381,2545900419449,39.84344356359237
3,3,381,2547342401536,39.86601064102564
3,0,382,2549117236458,39.89378687866211
3,1,382,2550217487910,39.9110058579665
3,2,382,2551659270478,39.93356981291942
3,3,382,2553097732608,39.95608180288462
3,0,383,2554531200662,39.978515635360324
3,1,383,2555973894145,40.001093846169496
3,2,383,2557416849173,40.0236761501684
3,3,383,2559205016064,40.05166103365385
3,0,384,2560637439077,40.07407851119604
3,1,384,2562081446839,40.09667729052421
3,2,384,2563868533134,40.12464526263897
3,3,384,2565655645184,40.152613637820515
3,0,385,2567430257752,40.180386395607975
3,1,385,2568876229341,40.203015908907375
3,2,385,2569971179672,40.22015192545573
3,3,385,2571410400256,40.24267578525641
3,0,386,2573185896478,40.270462372264376
3,1,386,2574285744887,40.28767504392967
3,2,386,2576073868724,40.31565925361829
3,3,386,2577861121024,40.34362982371795
3,0,387,2579295793131,40.36608249967135
3,1,387,2581081045015,40.39402176318046
3,2,387,2582524569094,40.41661297285031
3,3,387,2583621891584,40.433786113782055
3,0,388,2585062148507,40.456326192329605
3,1,388,2586856213047,40.48440337425819
3,2,388,2588296353222,40.506941625694864
3,3,388,2590084157952,40.53492084134616
3,0,389,2591863451029,40.56276684928699
3,1,389,2593301532027,40.58527287452111
3,2,389,2594743618563,40.607841586585415
3,3,389,2595837958656,40.62496805288462
3,0,390,2597269718344,40.64737514936398
3,1,390,2598712266637,40.669951087943836
3,2,390,2600150964899,40.69246677338429
3,3,390,2601247933952,40.70963438301282
3,0,391,2603364226347,40.74275444378193
3,2,391,2607598325441,40.80901826423841
3,3,391,2609041745920,40.831607852564105
3,0,392,2610472551254,40.85400001336514
3,1,392,2611917149018,40.87660802624825
3,2,392,2613018383683,40.89384239287548
3,3,392,2614458088960,40.91637383814103
3,0,393,2615893730565,40.93884168677697
3,1,393,2617680306997,40.96680167951535
3,2,393,2619470792592,40.994822850811296
3,3,393,2620910031872,41.01734700320513
3,0,394,2622343088863,41.03977440252842
3,1,394,2623789848286,41.06241624546149
3,2,394,2625231383365,41.08497632720165
3,3,394,2626674481664,41.10756087339744
3,0,395,2628109629586,41.13002099587465
3,1,395,2629556157658,41.1526592181553
3,2,395,2631345688143,41.180665441941485
3,3,395,2632790025216,41.203269375
3,0,396,2634220649042,41.22565869519356
3,1,396,2636004578332,41.25357726005359
3,2,396,2637444265274,41.27610841837565
3,3,396,2638888274432,41.29870721955128
3,0,397,2640320987689,41.321129239423705
3,1,397,2641766458868,41.343750921286556
3,2,397,2643205889255,41.3662780645126
3,3,397,2644993041408,41.394247067307695
3,0,398,2646423902201,41.4166400960443
3,1,398,2647863666012,41.439172457369295
3,2,398,2649305388516,41.46173547231821
3,3,398,2651434417664,41.49505486378205
3,0,399,2652871689172,41.517548220465244
3,1,399,2654317294247,41.540171997805864
3,2,399,2656453474957,41.57360331150153
3,3,399,2657891999744,41.596116282051284
3,0,400,2658981370779,41.613164982393705
3,1,400,2660424674867,41.63575274919559
3,2,400,2661863504603,41.65827049220941
3,3,400,2663996613632,41.69165373397436
3,0,401,2666115875230,41.724820262889374
3,1,401,2667214938904,41.742020653420475
3,2,401,2669348326094,41.77540824841622
3,3,401,2670787639296,41.79793355769231
3,0,402,2672222159708,41.82038385961288
3,1,402,2673664509010,41.842956683975615
3,2,402,2675796096761,41.87631611767891
3,3,402,2677237895680,41.89888032852564
3,0,403,2678674031409,41.92135591022198
3,1,403,2680460501333,41.9493142361059
3,2,403,2681901402045,41.97186438997709
3,3,403,2683344354304,41.994446650641024
3,0,404,2685124737287,42.02230971565442
3,1,404,2686564784332,42.04484650960286
3,2,404,2688006040711,42.06740222967686
3,3,404,2689793958400,42.09538321314103
3,0,405,2691229182151,42.11784452234513
3,1,405,2692668175946,42.14036483288887
3,2,405,2694105529687,42.16285947652181
3,3,405,2695544073216,42.185372740384615
3,0,406,2697317500582,42.21312694971329
3,1,406,2698759741845,42.23569808326135
3,2,406,2700201809981,42.25826650736491
3,3,406,2701986264576,42.286193293269235
3,0,407,2703759407227,42.31394304679675
3,1,407,2705893531691,42.34734218016013
3,2,407,2707682898963,42.37534584965633
3,3,407,2709125894656,42.39792879006411
3,0,408,2710906136164,42.425789640988086
3,1,408,2712343679342,42.44828724931766
3,2,408,2713783516916,42.47082076503656
3,3,408,2715226784768,42.49340796474359
3,0,409,2717006458931,42.521259936695586
3,1,409,2718106686793,42.53847854681553
3,2,409,2719893056461,42.566435303689026
3,3,409,2721331420672,42.58894576121795
3,0,410,2722420560872,42.605990848983375
3,1,410,2723859475184,42.628509915614984
3,2,410,2726336882641,42.66728144157214
3,3,410,2728123633664,42.69524416666667
3,0,411,2729554125277,42.71763141772148
3,1,411,2730991105941,42.740120222684425
3,2,411,2733474968196,42.778992766488884
3,3,411,2735605846016,42.81234108974359
3,0,412,2737036841987,42.834736234021314
3,1,412,2738474066952,42.85722886230469
3,2,412,2739568741200,42.87436055814303
3,3,412,2741009109504,42.89690237980769
3,0,413,2742440265662,42.91930003101838
3,1,413,2743879159796,42.94181878186348
3,2,413,2746015499135,42.97525257810935
3,3,413,2747458970112,42.99784295673077
3,0,414,2748893845921,43.02029882062863
3,1,414,2750340658552,43.04294149626903
3,2,414,2751782885129,43.0655123999806
3,3,414,2753569830912,43.093478173076925
3,0,415,2754661097321,43.110556536098386
3,1,415,2756103581525,43.133131471682816
3,2,415,2757891112447,43.161106402227944
3,3,415,2759676410880,43.18904639423077
3,0,416,2761451995001,43.216834356861604
3,1,416,2763236670970,43.244764607277894
3,2,416,2764679248206,43.267340998816856
3,3,416,2766121945600,43.28991927083334
3,0,417,2767555920205,43.31236103085249
3,1,417,2768996319195,43.33490333275428
3,2,417,2770784394833,43.36288678812663
3,3,417,2772227833856,43.38547666666667
3,0,418,2774009318724,43.41335697622446
3,1,418,2775793603324,43.44128110170022
3,2,418,2777231941221,43.463791147413986
3,3,418,2779020788224,43.49178667467949
3,0,419,2780795319130,43.51955815445338
3,1,419,2782221882865,43.541883934060124
3,2,419,2783661414049,43.564412654763245
3,3,419,2785102459392,43.58696507211538
3,0,420,2786534474070,43.60937615919847
3,1,420,2787973413293,43.63189561568823
3,2,420,2789414284864,43.654445313501604
3,3,420,2790854982656,43.676992291666664
3,0,421,2792971884384,43.710121888521634
3,2,421,2796164669894,43.760089109669224
3,3,421,2797605785088,43.782642620192306
3,0,422,2799044559210,43.8051594928448
3,1,422,2800484283881,43.82769124162723
3,2,422,2801923400578,43.8502134755922
3,3,422,2803362051584,43.87272842147436
3,0,423,2805136105321,43.90049243353428
3,1,423,2806922238752,43.92844549328927
3,2,423,2808710392049,43.95643016402807
3,3,423,2810153395712,43.97901322916667
3,0,424,2811583800170,44.00139911624224
3,1,424,2813376225406,44.029450642997546
3,2,424,2814472894094,44.04661355190179
3,3,424,2816257850368,44.074548189102565
3,0,425,2817688822113,44.096942954242415
3,1,425,2819126602291,44.11944427163149
3,2,425,2820565374337,44.1419611117945
3,3,425,2822009076736,44.164555112179485
3,0,426,2823440487755,44.18695675197504
3,1,426,2825235103721,44.215042563742614
3,2,426,2826676931159,44.237607220912835
3,3,426,2829500769792,44.28180040865385
3,0,427,2830934366588,44.30423625594702
3,1,427,2832373452988,44.32675801576272
3,2,427,2833814916871,44.34931698328263
3,3,427,2835258929664,44.37191584134616
3,0,428,2837377250183,44.405067642337116
3,1,428,2839169283555,44.433113036405125
3,2,428,2841305275136,44.46654139022436
3,3,428,2842746290176,44.48909333333334
3,0,429,2844184575389,44.51160255454039
3,1,429,2845628750713,44.53420395622058
3,2,429,2846721915735,44.551312032611555
3,3,429,2848509960192,44.579295
3,0,430,2849941944209,44.60170560723721
3,1,430,2851385195861,44.62429255341359
3,2,430,2852824876097,44.646823606786484
3,3,430,2854267878400,44.66940665064103
3,0,431,2856041967013,44.69717120851175
3,1,431,2857487381745,44.71979200697679
3,2,431,2858928816444,44.74235051776593
3,3,431,2860370041344,44.76490574519231
3,0,432,2861803579268,44.78734067113632
3,1,432,2863250697463,44.80998812886556
3,2,432,2864689746653,44.832509306343276
3,3,432,2866131778560,44.85507716346154
3,0,433,2868250681749,44.88823808326134
3,1,433,2869682303508,44.910643021146335
3,2,433,2871468455999,44.93859637919108
3,3,433,2872566206976,44.95577622596154
3,0,434,2873998605192,44.97819331542969
3,1,434,2875443206138,45.00080137811123
3,2,434,2876885149352,45.02336784718049
3,3,434,2878325560320,45.04591033653846
3,0,435,2879757591411,45.06832168048565
3,1,435,2881204114414,45.09095982343625
3,2,435,2882994987394,45.11898705732297
3,3,435,2884437174272,45.14155733974359
3,0,436,2886213718396,45.16936032645984
3,1,436,2887658440039,45.191970278054264
3,2,436,2889099811408,45.21452779772636
3,3,436,2890197520896,45.23170699519231
3,0,437,2891972232038,45.259481295666816
3,1,437,2893756701945,45.28740832120455
3,2,437,2895199549758,45.30998894728441
3,3,437,2896638318080,45.33250572916667
3,0,438,2898412591508,45.36027317939954
3,1,438,2900547598870,45.39368613015199
3,2,438,2902335313865,45.421663941446944
3,3,438,2904466852352,45.455022604166665
3,0,439,2905898828254,45.4774330844038
3,1,439,2907342577972,45.500027825333035
3,2,439,2909133947721,45.528062833674504
3,3,439,2910919481344,45.556006506410256
3,0,440,2912357414372,45.578510215907954
3,1,440,2914494878808,45.61196161996695
3,2,440,2915933021330,45.634468608054135
3,3,440,2917373346816,45.657009759615384
3,0,441,2919149188127,45.68480174728003
3,1,441,2920240926207,45.70188749197153
3,2,441,2921682466837,45.724447660585064
3,3,441,2923125434368,45.747030160256415
3,0,442,2924900675097,45.77481274878869
3,1,442,2926340623254,45.79734799513597
3,2,442,2927780607744,45.81988381009616
3,3,442,2930604815360,45.8640827724359
3,0,443,2932035866224,45.88647877579127
3,1,443,2933483675287,45.90913704563239
3,2,443,2934925099406,45.931695390844105
3,3,443,2937056438272,45.965050929487184
3,0,444,2938148024429,45.98213429657765
3,1,444,2939934275575,46.0100891985771
3,2,444,2941378051996,46.03268435740936
3,3,444,2943167180288,46.06068428685897
3,0,445,2944598025855,46.08307707730807
3,1,445,2946039532967,46.10563672136356
3,2,445,2947825357725,46.133584950373724
3,3,445,2949266893824,46.15614504807692
3,0,446,2950702669452,46.17861499417818
3,1,446,2952144821077,46.201184724887945
3,2,446,2953586354475,46.22374478032039
3,3,446,2955027598336,46.24630030448718
3,0,447,2957488300251,46.28481038804274
3,2,447,2960679387075,46.334751024686376
3,3,447,2962465799680,46.36270845352564
3,0,448,2963898798367,46.385134940389
3,1,448,2966033823400,46.41854816769331
3,2,448,2967126821834,46.43565363697541
3,3,448,2968570770432,46.45825149038462
3,0,449,2970346339156,46.486039212051786
3,1,449,2972129674288,46.51394847831531
3,2,449,2973569203150,46.536477162679034
3,3,449,2975009775616,46.55902217948718
3,0,450,2977127964051,46.59217191335825
3,2,450,2979622929084,46.631218216083234
3,3,450,2981409747456,46.659181995192306
3,0,451,2982841019850,46.681581465501054
3,1,451,2984282603675,46.704142310118065
3,2,451,2985377095746,46.721271154879055
3,3,451,2987164639744,46.74924629006411
3,0,452,2988599910853,46.771708340422805
3,1,452,2990039514226,46.79423819088667
3,2,452,2991479616776,46.81677585349058
3,3,452,2993611261440,46.850136177884615
3,0,453,2996075035694,46.88869434366862
3,1,453,2997516885245,46.91125934690818
3,2,453,2998612913038,46.92841222578
3,3,453,3000055815680,46.9509937099359
3,0,454,3001489887755,46.97343699536446
3,1,454,3002931577130,46.9959994918432
3,2,454,3004369572103,47.01850417078263
3,3,454,3006846624768,47.05727014423077
3,0,455,3008622202981,47.08505801440117
3,1,455,3010067793931,47.107681570684974
3,2,455,3011508152200,47.130223235301486
3,3,455,3012952195584,47.15282257211538
3,0,456,3014385936473,47.175260674469776
3,1,456,3015823156703,47.197753228650214
3,2,456,3017609043514,47.22570242879232
3,3,456,3019053300736,47.24830511217949
3,0,457,3020486621822,47.27073664460011
3,1,457,3022969122546,47.30958788038988
3,2,457,3024408057727,47.33210727362217
3,3,457,3026192977408,47.36004133814102
3,0,458,3027628779209,47.38251169385079
3,1,458,3029075450533,47.40515215803097
3,2,458,3030515102274,47.427682765455984
3,3,458,3031954565632,47.45021042467949
3,0,459,3033731353821,47.47801723102276
3,1,459,3035520806902,47.50602224343324
3,2,459,3036960232508,47.52854931183644
3,3,459,3039436820480,47.56730801282051
3,0,460,3040867433285,47.58969716053498
3,1,460,3042311016736,47.61228929937901
3,2,460,3043751254920,47.63482908466046
3,3,460,3044844721152,47.651941875
3,0,461,3046275683138,47.67433648741111
3,1,461,3047719816502,47.696937232415614
3,2,461,3049161723334,47.71950313210512
3,3,461,3050603330048,47.7420643349359
3,0,462,3052378435931,47.76984481312287
3,1,462,3054168350883,47.797857053833006
3,2,462,3055604818884,47.82033783559946
3,3,462,3057047390720,47.8429141426282
3,0,463,3058479522683,47.86532706522624
3,1,463,3059579229385,47.8825375191713
3,2,463,3061019916311,47.90508432728303
3,3,463,3062460734976,47.927633197115384
3,0,464,3063894355811,47.95006942061987
3,1,464,3065335197356,47.97261864852514
3,2,464,3066777298343,47.99518758674817
3,3,464,3068218401792,48.01774091346154
3,0,465,3070339023266,48.05092872449043
3,1,465,3072128758750,48.07893815651918
3,2,465,3073568952062,48.10147723955203
3,3,465,3075011376128,48.12405123397436
3,0,466,3076445935578,48.1465021468412
3,1,466,3078235907498,48.17451527910281
3,2,466,3079675156944,48.197039590594954
3,3,466,3081119188992,48.21963875
3,0,467,3083240999437,48.25284516847268
3,1,467,3084685088042,48.27544521299705
3,2,467,3086124115403,48.297966048850036
3,3,467,3087565138432,48.32051811698718
3,0,468,3089000193058,48.342976779378255
3,1,468,3090443435298,48.36556357825646
3,2,468,3091880817528,48.388058667743394
3,3,468,3093665984000,48.41599659455128
3,0,469,3095097921127,48.43840646795811
3,1,469,3096888814233,48.46643401681754
3,2,469,3098677673689,48.49442973897298
3,3,469,3100465184256,48.52240435096154
3,0,470,3101899247273,48.54484749463204
3,1,470,3103690841081,48.57288600950584
3,2,470,3105480900122,48.6009005052146
3,3,470,3106577453056,48.618061602564104
3,0,471,3108012730579,48.64052375330216
3,1,471,3109801614807,48.6685198631404
3,2,471,3111239126468,48.691016978227665
3,3,471,3112683671552,48.71362416666667
3,0,472,3114458267930,48.74139667107998
3,1,472,3116246884704,48.76938859525241
3,2,472,3118041380122,48.79747252043895
3,3,472,3119483742720,48.820045552884615
3,0,473,3120915601240,48.842454196088745
3,1,473,3122362421078,48.865096984518985
3,2,473,3123804733123,48.88766922580817
3,3,473,3125590741504,48.91562032852564
3,0,474,3127023410576,48.93804165690104
3,1,474,3128469273885,48.96066947561411
3,2,474,3130254206678,48.98860374533629
3,3,474,3131698052096,49.01119998397436
3,0,475,3133473347019,49.03898342064491
3,1,475,3134916965025,49.06157610027607
3,2,475,3136356413890,49.08410353268354
3,3,475,3137798576640,49.1066734375
3,0,476,3139575188475,49.13447748389611
3,1,476,3141017344092,49.15704727708083
3,2,476,3143153847610,49.19048364273463
3,3,476,3144594126336,49.213024062500004
3,0,477,3146026018881,49.23543323819674
3,1,477,3148165636505,49.2689183397342
3,2,477,3149607495012,49.291483483135515
3,3,477,3151048191488,49.31403044070513
3,0,478,3152482667646,49.33648005004883
3,1,478,3153925001112,49.35905262657752
3,2,478,3155367283461,49.381624403123126
3,3,478,3156811344896,49.4042240224359
3,0,479,3158589091503,49.43204582805927
3,1,479,3160034939284,49.45467340375851
3,2,479,3161483734503,49.477347106980545
3,3,479,3163620164608,49.51078232371795
3,0,480,3165054120169,49.53322378569774
3,1,480,3166841917721,49.561202889013046
3,2,480,3168283092299,49.583757328898116
3,3,480,3169382003712,49.60095533653846
3,0,481,3171159682839,49.62877608609713
3,1,481,3172606919476,49.65142539744842
3,2,481,3174051021583,49.67402565327962
3,3,481,3175839282688,49.70201201121795
3,0,482,3177273237829,49.72445346662472
3,1,482,3178716662053,49.74704311355982
3,2,482,3180159139332,49.76961794076773
3,3,482,3181599900160,49.79216590544872
3,0,483,3183036498776,49.81464873134515
3,1,483,3184479149869,49.83722627874913
3,2,483,3186265185527,49.86517780835274
3,3,483,3187704273408,49.887699591346156
3,0,484,3189479700919,49.91548510302422
3,1,484,3191614692919,49.94889781336075
3,2,484,3193053333607,49.9714125977658
3,3,484,3194493921280,49.9939578525641
3,0,485,3195585193439,50.01103630557329
3,1,485,3197719196185,50.0444335340451
3,2,485,3199158036828,50.06695144775391
3,3,485,3200599468544,50.089509911858975
3,0,486,3202034857528,50.11197380696615
3,1,486,3203823058914,50.13995923029973
3,2,486,3205263722579,50.16250567437588
3,3,486,3207050204672,50.19046419070513
3,0,487,3208825026212,50.21824021891276
3,1,487,3209923124138,50.23542549544897
3,2,487,3211713446047,50.26344410505246
3,3,487,3213156776448,50.286032283653846
3,0,488,3214589855935,50.30846003504044
3,1,488,3216032844708,50.33104286714994
3,2,488,3217130622748,50.34822313745743
3,3,488,3218572497408,50.37078853365385
3,0,489,3220349713636,50.39860203882462
3,1,489,3222143240607,50.42667080777682
3,2,489,3223929772234,50.45463009931515
3,3,489,3225369585664,50.47716323717949
3,0,490,3226805508922,50.49963549369617
3,1,490,3228248417648,50.52221707306691
3,2,490,3229690925690,50.544792381717
3,3,490,3231134578688,50.56738560897436
3,0,491,3232913335670,50.59522322700696
3,1,491,3234706137906,50.62328065382737
3,2,491,3235803130766,50.64044863603641
3,3,491,3237937038848,50.67384438301282
3,0,492,3239371067336,50.696286986303086
3,1,492,3241857544345,50.735200451112405
3,2,492,3243648404218,50.76322747987405
3,3,492,3245436890112,50.791217355769234
3,0,493,3246527138858,50.80827979232397
3,1,493,3247969279123,50.83084934524928
3,2,493,3249755402766,50.858802251821665
3,3,493,3251197493760,50.88137103365385
3,0,494,3252973066389,50.90915881643442
3,1,494,3254069825632,50.92632314252805
3,2,494,3255857963814,50.954307576716495
3,3,494,3257301565952,50.97690000801282
3,0,495,3258732398774,50.99929259900215
3,1,495,3260176060492,51.021885962727865
3,2,495,3261614556417,51.044398481586164
3,3,495,3263054691328,51.066936650641026
3,0,496,3264490004709,51.08939936255822
3,1,496,3266281301546,51.11743322982397
3,2,496,3267723322883,51.14000092152131
3,3,496,3269510472704,51.16796988782051
3,0,497,3270946388780,51.1904420319386
3,1,497,3272391531044,51.21305856626853
3,2,497,3273828477772,51.23554684013171
3,3,497,3275268085760,51.258076762820515
3,0,498,3276355184974,51.275089909073266
3,1,498,3277799149656,51.29768801419772
3,2,498,3279242052570,51.32026950261043
3,3,498,3280681441280,51.342795993589746
3,0,499,3282456375187,51.37057378034543
3,1,499,3283899216945,51.39315431166429
3,2,499,3285339093757,51.41568844145946
3,3,499,3286780755968,51.43825051282052
3,0,500,3288557337566,51.46605408600636
3,1,500,3289999472112,51.488623549429086
3,2,500,3291440946714,51.51118268470177
3,3,500,3292538229248,51.52835520032051
3,0,501,3294317218811,51.55619645825509
3,1,501,3295762813989,51.57882008070726
3,2,501,3297894475389,51.61218066702036
3,3,501,3300030097920,51.64560324519231
3,0,502,3301464798827,51.66805637186686
3,1,502,3302911225187,51.690693002350635
3,2,502,3304005083535,51.70781192932129
3,3,502,3305448473600,51.73040104166667
3,0,503,3306880412280,51.75281093937801
3,1,503,3308323079086,51.775388732691056
3,2,503,3309763850121,51.797936857112006
3,3,503,3311551375872,51.82591170673077
3,0,504,3312982391971,51.848307166012496
3,1,504,3314774129495,51.87634793004745
3,2,504,3316215006659,51.898897715391506
3,3,504,3317655728128,51.92144506410256
3,0,505,3319090882258,51.943905283735226
3,1,505,3320537903474,51.96655122373924
3,2,505,3321977908652,51.98908736246745
3,3,505,3323420506112,52.01166407051282
3,0,506,3324851220218,52.034054803592
3,1,506,3325950968267,52.051265904619264
3,2,506,3327736453006,52.07920881231846
3,3,506,3329521944064,52.10715181891026
3,0,507,3330954481958,52.129571094344705
3,1,507,3332402290023,52.15222934856708
3,2,507,3333843330209,52.17478168521197
3,3,507,3334938864128,52.1919268349359
3,0,508,3336371196215,52.21434288948255
3,1,508,3338161107310,52.24235506983048
3,2,508,3340297557783,52.2757906053279
3,3,508,3341737865216,52.298331474358974
3,0,509,3343171649946,52.32077026282678
3,1,509,3345308128435,52.35420623677572
3,2,509,3347093875373,52.382153247899765
3,3,509,3348881897984,52.41013587339744
3,0,510,3350656204829,52.437903846607696
3,1,510,3352099407337,52.46049002367851
3,2,510,3353542875401,52.48308035671136
3,3,510,3354639693824,52.50024560897436
3,0,511,3356071363615,52.522651298562074
3,1,511,3357518833247,52.54530425629445
3,2,511,3359308746992,52.57331647811498
3,3,511,3360748740096,52.595852427884616
3,0,512,3362526862422,52.623680113525396
3,1,512,3364317111730,52.65169758692032
3,2,512,3365409010174,52.66878584131486
3,3,512,3366851267584,52.691357227564104
3,0,513,3368287184502,52.71382938485953
3,1,513,3369384988231,52.7310100572009
3,2,513,3370827496086,52.75358536292443
3,3,513,3372613988352,52.78154403846154
3,0,514,3374046790291,52.80396744621081
3,1,514,3375835513825,52.831961041181515
3,2,514,3377276964110,52.85451979589218
3,3,514,3378716997632,52.87705637820513
3,0,515,3380494912732,52.904880820750705
3,1,515,3381594051560,52.92208238744492
3,2,515,3383034653394,52.94462786386343
3,3,515,3384476893696,52.9671989823718
3,0,516,3385910678236,52.989637767866085
3,1,516,3387353760256,53.01222205929487
3,2,516,3389140572678,53.04018574528621
3,3,516,3390580734464,53.0627243349359
3,0,517,3391669054709,53.079756590372725
3,1,517,3393805176741,53.113186985755334
3,2,517,3395590399610,53.14112579517854
3,3,517,3397030071808,53.163656722756414
3,0,518,3398462154586,53.186068875607226
3,1,518,3399905370989,53.208655270135345
3,2,518,3401349675082,53.23125868705554
3,3,518,3402793578496,53.25385583333333
3,0,519,3404226485101,53.2762808791097
3,1,519,3406016947041,53.304301680203956
3,2,519,3407806194365,53.33230347250914
3,3,519,3409594671616,53.36029321314103
3,0,520,3411025818571,53.3826907203244
3,1,520,3412469859606,53.405290020376356
3,2,520,3413909635018,53.427822563257465
3,3,520,3415352259584,53.45039969551282
3,0,521,3416785381348,53.472828108536156
3,1,521,3418572630244,53.50079862536308
3,2,521,3420010814718,53.52330627000075
3,3,521,3422141627904,53.55665358173077
3,0,522,3423573395017,53.57906079441169
3,1,522,3425020709485,53.60171132382124
3,2,522,3426459995474,53.62423620721279
3,3,522,3427901425152,53.64679463942308
3,0,523,3428994436161,53.663900305504434
3,1,523,3430439706325,53.68651884147449
3,2,523,3432228191556,53.71450870699369
3,3,523,3433672515072,53.73711242788462
3,0,524,3435107149929,53.75956452087402
3,1,524,3436550650059,53.78215535574106
3,2,524,3437993584403,53.804737336034535
3,3,524,3439437195776,53.827329911858975
3,0,525,3440870935166,53.84976799075396
3,1,525,3443008437376,53.88321998597757
3,2,525,3444448035192,53.90574974947416
3,3,525,3445887877120,53.92828333333333
3,0,526,3447324301505,53.950763432507635
3,1,526,3449112934487,53.97875561033592
3,2,526,3450556256409,54.001343656240614
3,3,526,3452341686784,54.02928571314103
3,0,527,3454459426618,54.06242842638847
3,1,527,3455904746400,54.08504773888221
3,2,527,3457343586898,54.10756565032177
3,3,527,3458786697728,54.13015039262821
3,0,528,3460222546757,54.152621487458056
3,1,528,3461669396935,54.17526475071051
3,2,528,3463108719643,54.19779020875588
3,3,528,3464550120960,54.220348197115385
3,0,529,3466323952497,54.2481087317364
3,1,529,3468115203908,54.27614188808344
3,2,529,3469555078779,54.29867598750188
3,3,529,3470997014016,54.32124233173077
3,0,530,3472432500115,54.343707746691585
3,1,530,3474225869103,54.3717740432035
3,2,530,3475317157961,54.38885275755271
3,3,530,3476757548544,54.411394927884615
3,0,531,3478191646631,54.43383862040202
3,1,531,3479637850990,54.45647177656125
3,2,531,3481425004392,54.48444079890324
3,3,531,3482865138176,54.506978950320516
3,0,532,3484642264543,54.53479104916304
3,1,532,3486085213943,54.55737326508351
3,2,532,3488566148690,54.59619999327048
3,3,532,3490006811136,54.61874641826923
3,0,533,3491442322986,54.641212236234225
3,1,533,3493234955832,54.66926701209435
3,2,533,3495023671976,54.69726049141126
3,3,533,3496808932352,54.725199887820516
3,0,534,3498242857069,54.747640867090475
3,1,534,3499686975428,54.770241377266125
3,2,534,3501476420887,54.798246270392006
3,3,534,3503606913024,54.83158855769231
3,0,535,3505042711723,54.854058864855645
3,1,535,3506485916455,54.876645076732146
3,2,535,3507926247802,54.89918632001828
3,3,535,3509714611712,54.92717428685898
3,0,536,3511492804323,54.955003072462816
3,1,536,3512937975475,54.977620058891105
3,2,536,3514722625802,55.005549908009066
3,3,536,3516164287488,55.02811197115385
3,0,537,3517595697924,55.05051360182542
3,1,537,3519039566959,55.07311021007049
3,2,537,3520825791026,55.101064688282506
3,3,537,3522266291200,55.12360857371795
3,0,538,3523696778024,55.14599574982472
3,1,538,3525831519140,55.17940453381661
3,2,538,3527275412113,55.202001516692334
3,3,538,3529064508928,55.23000095352564
3,0,539,3530497307493,55.25242430847168
3,1,539,3532636103454,55.28589655095027
3,2,539,3534075477555,55.30842281329815
3,3,539,3535514540032,55.33094419871795
3,0,540,3536947667354,55.35337269872421
3,1,540,3538394573077,55.37601683125814
3,2,540,3540182688076,55.404000902631715
3,3,540,3541970899968,55.43198649038462
3,0,541,3543406863823,55.45445938224597
3,1,541,3544851456183,55.477067310556265
3,2,541,3546636876688,55.505009212990785
3,3,541,3548077213184,55.527550536858975
3,0,542,3550198927378,55.56075544899965
3,1,542,3551643718642,55.58336649016552
3,2,542,3553084950009,55.60592181880071
3,3,542,3554524077568,55.628444222756414
3,0,543,3555612567035,55.645479126524314
3,1,543,3558787436295,55.695165957641606
3,2,543,3560917043029,55.72849438834949
3,3,543,3562358292480,55.75105
3,0,544,3564133136563,55.77882638100649
3,1,544,3565579328567,55.80145934380947
3,2,544,3566676973325,55.818637528248324
3,3,544,3568466151936,55.84663824519231
3,0,545,3569897620649,55.86904078790127
3,1,545,3570996966005,55.886245586766954
3,2,545,3572785644580,55.91423847812751
3,3,545,3574230046208,55.93684342147436
3,0,546,3576004374211,55.96461172580817
3,1,546,3578485877580,56.00344735295222
3,2,546,3580625699712,56.036935655048076
3,3,546,3582070573056,56.05954798076923
3,0,547,3583500923686,56.081933025434445
3,1,547,3584947322627,56.10456922680977
3,2,547,3586387152726,56.12710262554462
3,3,547,3587830260736,56.14968732371795
3,0,548,3589264289065,56.17212992451986
3,1,548,3591055529177,56.200162904037086
3,2,548,3593186464977,56.23351213468111
3,3,548,3594628365824,56.25607794070513
3,0,549,3596062648191,56.27852451721191
3,1,549,3597506541165,56.30112150010329
3,2,549,3598946738837,56.32366065137032
3,3,549,3600387047424,56.34620153846154
3,0,550,3601475447674,56.36323504597982
3,1,550,3602919650989,56.38583688572028
3,2,550,3604708407908,56.41383100316757
3,3,550,3606151290880,56.43641217948718
3,0,551,3607928148919,56.464220078985754
3,1,551,3609718565391,56.49224016850398
3,2,551,3611157147846,56.514754041560245
3,3,551,3612596726272,56.537283501602566
3,0,552,3614372593150,56.56507588939178
3,1,552,3615819160012,56.58771471873748
3,2,552,3616912052346,56.60481852755033
3,3,552,3618355905024,56.627414879807695
3,0,553,3620139649024,56.655330544871795
3,1,553,3621237173283,56.67250684349647
3,2,553,3623022140312,56.70044164901342
3,3,553,3624812307968,56.728457844551286
3,0,554,3625906793483,56.745586586710616
3,1,554,3627352059937,56.76820506461902
3,2,554,3628789815129,56.790705990976186
3,3,554,3630234183680,56.81331041666667
3,0,555,3631672862237,56.83582579372308
3,1,555,3633462550551,56.86383448753944
3,2,555,3634905537663,56.886417293654226
3,3,555,3636695598592,56.91443181891026
3,0,556,3638470190722,56.942204256842196
3,1,556,3640259648875,56.97020934862969
3,2,556,3642046241105,56.9981695886074
3,3,556,3643830874624,57.02609917467949
3,0,557,3645262171873,57.04849903396998
3,1,557,3646705206008,57.0710825759966
3,2,557,3647799636273,57.088210453491214
3,3,557,3649585040896,57.116152107371796
3,0,558,3651018598664,57.1385873438752
3,1,558,3652464030473,57.16120840959598
3,2,558,3653558569218,57.178337984806944
3,3,558,3656033562112,57.217071722756415
3,0,559,3657468209995,57.239524019603245
3,1,559,3659259947104,57.267564777143434
3,2,559,3660355546271,57.28471094800118
3,3,559,3661795270656,57.307242692307696
3,0,560,3663226037105,57.32963424455692
3,1,560,3664671280803,57.35225236633301
3,2,560,3666460701639,57.38025687410795
3,3,560,3668244835328,57.40817863782051
3,0,561,3669680798642,57.4306515212152
3,1,561,3671125772888,57.453265426056696
3,2,561,3673264269658,57.486732986184144
3,3,561,3675395390976,57.52008512019231
3,0,562,3676826359845,57.54247984032264
3,1,562,3678268031855,57.56504206503844
3,2,562,3679364290701,57.58219855989896
3,3,562,3680808439296,57.60479954326923
3,0,563,3682584378958,57.63259307013096
3,1,563,3683684601816,57.649811601938104
3,2,563,3685126156366,57.672371988400194
3,3,563,3686565425152,57.69489660256411
3,0,564,3688343326839,57.72272083519569
3,1,564,3689788708261,57.7453411123579
3,2,564,3691227285378,57.76785490187425
3,3,564,3693013982720,57.79581678685898
3,0,565,3694106957471,57.812921885501176
3,1,565,3695551001045,57.83552122528859
3,2,565,3696991788893,57.85806961283366
3,3,565,3698776634880,57.88600252403846
3,0,566,3699867441841,57.903073696680316
3,1,566,3701658367402,57.93110175346179
3,2,566,3703107534969,57.95378128394494
3,3,566,3704549914624,57.97635458333333
3,0,567,3705982957274,57.9987817582194
3,1,567,3707426715629,58.02137663431804
3,2,567,3709213025688,58.04933245830829
3,3,567,3710653532672,58.07187645032052
3,0,568,3712437036334,58.09978835408529
3,1,568,3713881577379,58.12239547931378
3,2,568,3715668548102,58.15036164272211
3,3,568,3717804068864,58.18378262820513
3,0,569,3719234363284,58.206166793181595
3,1,569,3720333095257,58.22336199257875
3,2,569,3721774274320,58.24591650265425
3,3,569,3723217944064,58.26850999198718
3,0,570,3724653513123,58.29097670527532
3,1,570,3726445626201,58.31902334674542
3,2,570,3727884140105,58.34153614697579
3,3,570,3729328250880,58.36413653846154
3,0,571,3731102718974,58.39190703522511
3,1,571,3732546546982,58.414503001395985
3,2,571,3734333994157,58.4424766212972
3,3,571,3736468178432,58.47587669070513
3,0,572,3737900893813,58.49829874381824
3,1,572,3739345593508,58.520908351925584
3,2,572,3740786472201,58.543458161198544
3,3,572,3741884383232,58.56064051282051
3,0,573,3743320274054,58.58311226171249
3,1,573,3744764806935,58.60571925917405
3,2,573,3746553937155,58.633719218796955
3,3,573,3747995242496,58.65627570512821
3,0,574,3749426183877,58.67866999507024
3,1,574,3751218756817,58.70672383339907
3,2,574,3752657391634,58.729238525922725
3,3,574,3754097091584,58.751769887820515
3,0,575,3755533050634,58.77424270448343
3,1,575,3756980731640,58.79689897022737
3,2,575,3758423968779,58.819485689274714
3,3,575,3760210269696,58.84744137019231
3,0,576,3761986250078,58.87523553432367
3,1,576,3763433609390,58.897886765543625
3,2,576,3764873687168,58.920424040464745
3,3,576,3766658691584,58.94835943108975
3,0,577,3768434401217,58.976149357988405
3,1,577,3770572853731,59.00961622550769
3,2,577,3772012596615,59.032148259324295
3,3,577,3773452921856,59.054689407051285
3,0,578,3777637097739,59.120171927255484
3,2,578,3781190164554,59.17577756526067
3,3,578,3783670791168,59.214599471153846
3,0,579,3785105926088,59.23705939014924
3,1,579,3786553567444,59.25971503536909
3,2,579,3787994116615,59.28225968760955
3,3,579,3789432408576,59.30476901442308
3,0,580,3790522867164,59.321834735013525
3,1,580,3792309623530,59.34979754372621
3,2,580,3794094720828,59.377734387958235
3,3,580,3795881232384,59.405693365384614
3,0,581,3797313884768,59.428114432592146
3,1,581,3798758879399,59.45072865645971
3,2,581,3800545618369,59.47869119292431
3,3,581,3801987324928,59.501253958333336
3,0,582,3803762369748,59.529033480881914
3,1,582,3805207304795,59.55164677225749
3,2,582,3807343412616,59.58507694523738
3,3,582,3808784015872,59.60762244391026
3,0,583,3810218369344,59.630070133213145
3,1,583,3811665937972,59.65272464023688
3,2,583,3813800965127,59.68613790075058
3,3,583,3815586123776,59.71407570512821
3,0,584,3817360338900,59.74184224290114
3,1,584,3818460870570,59.75906560762846
3,2,584,3819900398923,59.78159428402632
3,3,584,3821341153280,59.8041421474359
3,0,585,3822773729278,59.82656201919947
3,1,585,3824566699953,59.85462208209698
3,2,585,3826354257351,59.88259742699257
3,3,585,3827796403200,59.905167067307694
3,0,586,3829225995359,59.92754024187137
3,1,586,3830672086963,59.950171633410335
3,2,586,3832112266694,59.97271050389999
3,3,586,3833550461440,59.99521830929487
3,0,587,3835325051069,60.02299070808606
3,1,587,3837118525784,60.05105865922977
3,2,587,3838559401539,60.073608422522916
3,3,587,3840347479040,60.10159190705129
3,0,588,3842121242960,60.12935138346354
3,1,588,3844604021355,60.16820696481558
3,2,588,3846041608392,60.190705259540266
3,3,588,3847828645888,60.21867246794872
3,0,589,3848918777804,60.23573307610928
3,1,589,3850365086899,60.2583678713911
3,2,589,3851805053643,60.280903408625676
3,3,589,3853589414400,60.30882872596154
3,0,590,3855019585080,60.331210954402046
3,1,590,3856808182364,60.35920257355519
3,2,590,3858256207184,60.38186422000201
3,3,590,3860042160640,60.409814463141025
3,0,591,3861478920863,60.432299818193485
3,1,591,3862921527444,60.45487666898288
3,2,591,3864365690554,60.47747787951347
3,3,591,3865808975360,60.50006534455128
3,0,592,3867239576301,60.52245430659368
3,1,592,3868330095867,60.53952098149227
3,2,592,3869772004750,60.56208691328
3,3,592,3871558354432,60.5900433573718
3,0,593,3873680655732,60.62325745774489
3,1,593,3875815863863,60.65667355054024
3,2,593,3877256894981,60.67922574527056
3,3,593,3878699616256,60.70180439102564
3,0,594,3880138610149,60.72432470310309
3,1,594,3881234887894,60.74148149373372
3,2,594,3882672665284,60.76398276749049
3,3,594,3884115219968,60.786558806089744
3,0,595,3885554756118,60.80908760451097
3,1,595,3887002242900,60.83174083064153
3,2,595,3889134403424,60.865109228265226
3,3,595,3891264613888,60.898447107371794
3,0,596,3892696743113,60.92085998712002
3,1,596,3894144043709,60.94351029943222
3,2,596,3895583355916,60.96603559313652
3,3,596,3896676886528,60.98314939102564
3,0,597,3898108534533,61.005554739661584
3,1,597,3899900262666,61.03359535672701
3,2,597,3901341547578,61.0561515233436
3,3,597,3903125768192,61.0840746474359
3,0,598,3904556885389,61.10647168890537
3,1,598,3906347714274,61.13449823270358
3,2,598,3907441268113,61.15161239409618
3,3,598,3909226866688,61.179557083333336
3,0,599,3911009566736,61.207456410506815
3,1,599,3912454414096,61.23006832957733
3,2,599,3913893737543,61.25259379918808
3,3,599,3915332941824,61.27511740384615
3,0,600,3917106100860,61.30286741379958
3,1,600,3918550999318,61.32548013255584
3,2,600,3919993348046,61.34805294793545
3,3,600,3921087225856,61.36517217948718
3,0,601,3922523289786,61.387646637526295
3,1,601,3924307162984,61.41556432454427
3,2,601,3925749189121,61.43813209136181
3,3,601,3926847815168,61.45532563301282
3,0,602,3928282479386,61.477778185503055
3,1,602,3930074403815,61.50582187460875
3,2,602,3931515606040,61.528376747170476
3,3,602,3933300029952,61.556303052884616
3,0,603,3934738385291,61.57881337156638
3,1,603,3936177046026,61.60132846970778
3,2,603,3937617771406,61.623875879626155
3,3,603,3939403753984,61.65182657852564
3,0,604,3940835717122,61.67423685900566
3,1,604,3941933284955,61.69141383956518
3,2,604,3944065845318,61.72478849468525
3,3,604,3945507002368,61.747342660256415
3,0,605,3947288443027,61.77522227794158
3,1,605,3949081042421,61.80327653027657
3,2,605,3950867689032,61.83123762131911
3,3,605,3952657477632,61.859247884615385
3,0,606,3954090003744,61.88166697566106
3,1,606,3955187564069,61.898843838720076
3,2,606,3956629040774,61.9214030069048
3,3,606,3958070022144,61.943954423076924
3,0,607,3959845085050,61.971734228672126
3,1,607,3961289241674,61.99433533769657
3,2,607,3962729148413,62.01686993585049
3,3,607,3964514853376,62.044816290064105
3,0,608,3966295003142,62.07267570522211
3,1,608,3968088819735,62.10074900677021
3,2,608,3970223147136,62.13415131610577
3,3,608,3971320576512,62.15132612980769
3,0,609,3972753054325,62.17374446497208
3,1,609,3974546311201,62.20180900692671
3,2,609,3976679939903,62.23520038159493
3,3,609,3979503965184,62.27939649038462
3,0,610,3980936558970,62.3018166405311
3,1,610,3982382917961,62.32445221668733
3,2,610,3983825670797,62.34703135637332
3,3,610,3985269153792,62.36962192307693
3,0,611,3986701545416,62.39203890938001
3,1,611,3988146958263,62.41465967834473
3,2,611,3989241819991,62.431794308252584
3,3,611,3990681032192,62.45431803685898
3,0,612,3992461797402,62.482187083740236
3,1,612,3993905500697,62.50478109814766
3,2,612,3995346690251,62.52733577240773
3,3,612,3997135269888,62.555327115384614
3,0,613,3998565836427,62.57771553903433
3,1,613,4000006902839,62.60026828611716
3,2,613,4001446804558,62.622802805707884
3,3,613,4002889771008,62.64538528846154
3,0,614,4004668645136,62.673224739833735
3,1,614,4006113146484,62.69583124380259
3,2,614,4007553783752,62.71837727476463
3,3,614,4008997898240,62.74097772435898
3,0,615,4010437863773,62.76351324264135
3,1,615,4012923898487,62.8024197855162
3,2,615,4014366801381,62.82500127361591
3,3,615,4016155184640,62.85298954326923
3,0,616,4017587927054,62.87541201944987
3,1,616,4018684729074,62.89257701500526
3,2,616,4020128563211,62.91517307709523
3,3,616,4021913852928,62.94311293269231
3,0,617,4023348031616,62.96555788661859
3,1,617,4026176768625,63.00982773414025
3,2,617,4027617753802,63.03237920989208
3,3,617,4029058841600,63.05493229166667
3,0,618,4030839584096,63.08280098307292
3,1,618,4032282783923,63.10538711818597
3,2,618,4033725646935,63.127967982130784
3,3,618,4035512237056,63.15592818910257
3,0,619,4037295386632,63.18383455140725
3,1,619,4038743039738,63.20649038051508
3,2,619,4040533213303,63.23450666852902
3,3,619,4041971900416,63.25702217948718
3,0,620,4043409879177,63.27952660470816
3,1,620,4044856250738,63.30216237758539
3,2,620,4046296235191,63.324698191966526
3,3,620,4047739669504,63.347287996794876
3,0,621,4049178648832,63.36980808092949
3,1,621,4050969525231,63.3978353683237
3,2,621,4052757631882,63.42581930905073
3,3,621,4054196763136,63.44834177083334
3,0,622,4055634514838,63.47084264257187
3,1,622,4057424064032,63.49884915915465
3,2,622,4058866560318,63.52142428382287
3,3,622,4059964847104,63.538612516025644
3,0,623,4061400248841,63.56107661071778
3,1,623,4062844222718,63.58367485974434
3,2,623,4064283339324,63.60619709228516
3,3,623,4066070395392,63.634164591346156
3,0,624,4067846650571,63.66196305606157
3,1,624,4069291558176,63.68457591796875
3,2,624,4070735693093,63.70717668727777
3,3,624,4072177583104,63.72974232371795
3,0,625,4073959946586,63.757636383620046
3,1,625,4075403623322,63.78022998237806
3,2,625,4076843928776,63.8027708204377
3,3,625,4078283436032,63.82529916666667
3,0,626,4079720605645,63.84779092868903
3,1,626,4081856221127,63.88121339654385
3,2,626,4084335040916,63.92000702555339
3,3,626,4085776615424,63.94256772435897
3,0,627,4087552048372,63.970353321126304
3,1,627,4088995501425,63.992943419236404
3,2,627,4090437303618,64.01550768132137
3,3,627,4091879731200,64.03808173076924
3,0,628,4093314359144,64.06053371556992
3,1,628,4094760047126,64.0831587904084
3,2,628,4095861760077,64.1004006422307
3,3,628,4097302482432,64.1229480048077
3,0,629,4099419973629,64.15608682687613
3,1,629,4100865645170,64.17871164441232
3,2,629,4101958012894,64.19580724305764
3,3,629,4104091249664,64.22919248397436
3,0,630,4105525372050,64.25163655677208
3,1,630,4106969236668,64.27423309589092
3,2,630,4108759210498,64.30224625804412
3,3,630,4109852956672,64.31936342948718
3,0,631,4111291947768,64.34188369779147
3,1,631,4112738380655,64.36452043042306
3,2,631,4114180199186,64.38708494819836
3,3,631,4115275459072,64.40422580929487
3,0,632,4117396209540,64.43741563908503
3,1,632,4118842999741,64.46005796369504
3,2,632,4120284908722,64.48262389701648
3,3,632,4121725677056,64.50517197916668
3,0,633,4122814906331,64.52221846095941
3,1,633,4124261713049,64.54486104406112
3,2,633,4125705185716,64.56745144913111
3,3,633,4127145243648,64.58998841346154
3,0,634,4128923915869,64.6178247049811
3,1,634,4130714107060,64.64584126884264
3,2,634,4132503101406,64.673839102032
3,3,634,4133946443264,64.6964274599359
3,0,635,4135377748736,64.71882744791667
3,1,635,4137165602518,64.74680743123372
3,2,635,4138604223886,64.76932191328
3,3,635,4140045635584,64.79188006410257
3,0,636,4141485420931,64.81441276246683
3,1,636,4142930468207,64.83702781023075
3,2,636,4144372867543,64.85960141762759
3,3,636,4145815425536,64.88217750801282
3,0,637,4147937516572,64.9153883177459
3,1,637,4149034627000,64.93255813989884
3,2,637,4150824686791,64.96057264734513
3,3,637,4152264629248,64.98310780448718
3,0,638,4153696955534,65.00552376824795
3,1,638,4155143764003,65.02816637875289
3,2,638,4156585618690,65.05073146237105
3,3,638,4158028258816,65.07330883814103
3,0,639,4159461950713,65.09574617376866
3,1,639,4161253389962,65.12378226978791
3,2,639,4162692999355,65.14631221446503
3,3,639,4164136017408,65.1688955048077
3,0,640,4166606143956,65.2075530842473
3,1,640,4168050825321,65.23016240548941
3,2,640,4169146631582,65.24731181737656
3,3,640,4170587978240,65.26986895032051
3,0,641,4172360950366,65.29761603512495
3,1,641,4174149998267,65.3256147064522
3,2,641,4175591753357,65.34817823137332
3,3,641,4177380346368,65.37616978365385
3,0,642,4179162354963,65.40405828956017
3,1,642,4180607582468,65.42667615791517
3,2,642,4182739295809,65.460037557107
3,3,642,4184522790400,65.48794931891025
3,0,643,4185953004526,65.5103322272824
3,1,643,4187399833330,65.5329751560309
3,2,643,4188496482444,65.55013775860127
3,3,643,4190282553344,65.5780898397436
3,0,644,4191714402936,65.60049834322416
3,1,644,4193159638942,65.62311634462014
3,2,644,4194945745305,65.65106898075985
3,3,644,4196389100544,65.67365754807693
3,0,645,4197827819286,65.6961735540302
3,1,645,4199270364185,65.71874943949382
3,2,645,4200710556179,65.74128850189992
3,3,645,4202151931392,65.76384608173078
3,0,646,4203245199741,65.78095577519343
3,1,646,4204686146302,65.80350664660332
3,2,646,4206472986243,65.8314707632681
3,3,646,4208605107200,65.86483854166667
3,0,647,4210039874135,65.88729270168207
3,1,647,4211485504796,65.90991687944461
3,2,647,4212925895045,65.9324590445494
3,3,647,4214020897792,65.94959588141026
3,0,648,4215456022216,65.97205563614283
3,1,648,4216903069176,65.99470197904147
3,2,648,4218002259275,66.01190434812888
3,3,648,4219443301888,66.03445672275642
3,0,649,4220873650994,66.05684174357097
3,1,649,4222315949796,66.07941377760667
3,2,649,4224101090067,66.10735129436786
3,3,649,4225539928576,66.12986917467948
3,0,650,4226971824608,66.15227840494792
3,1,650,4228414318896,66.17485349834736
3,2,650,4229854640521,66.1973945894838
3,3,650,4230950849536,66.21455030448718
3,0,651,4232384840279,66.23699231706668
3,1,651,4233831046684,66.2596255052459
3,2,651,4235966929728,66.29305216045674
3,3,651,4237407685120,66.3156000400641
3,0,652,4239525255516,66.34874010160006
3,2,652,4243062256901,66.4040943149821
3,3,652,4244501430784,66.42661744391026
3,0,653,4245935679055,66.44906348681327
3,1,653,4247382209909,66.47170175263234
3,2,653,4248476282937,66.48882403935359
3,3,653,4251298260992,66.53298810897437
3,0,654,4253076217692,66.5608132025616
3,1,654,4254518721831,66.58338845012959
3,2,654,4257000250121,66.62222446728829
3,3,654,4258786293760,66.65017612179487
3,0,655,4260218256977,66.67258640351125
3,1,655,4261662231284,66.69518465926733
3,2,655,4263099733186,66.71768162162586
3,3,655,4264197049344,66.73485466346155
3,0,656,4265631851182,66.75730936971028
3,1,656,4267421105013,66.78531126385029
3,2,656,4268863306502,66.80788177493365
3,3,656,4269958336000,66.82501903044871
3,0,657,4272075415919,66.85815141599997
3,2,657,4275599593351,66.91330493400379
3,3,657,4276697643520,66.93048946314103
3,0,658,4278132016206,66.95293745314378
3,1,658,4279577298740,66.97555618270484
3,2,658,4281017585276,66.99809672469702
3,3,658,4282460180992,67.02067340544872
3,0,659,4284580925166,67.05386313673753
3,1,659,4286019337503,67.07637434744028
3,2,659,4287458602372,67.09889890030298
3,3,659,4288557082112,67.11609015224359
3,0,660,4289986948952,67.13846762557593
3,1,660,4291431385044,67.16107310828576
3,2,660,4292526929738,67.17821842663888
3,3,660,4293969019904,67.20078719551282
3,0,661,4295409453466,67.22333003846781
3,1,661,4296854325936,67.24594235051082
3,2,661,4298644108518,67.27395251962515
3,3,661,4300083326464,67.29647633814103
3,0,662,4301862184996,67.3243155454352
3,1,662,4303304499384,67.34688782339244
3,2,662,4304750995082,67.36952553901868
3,3,662,4306880401920,67.40285084134615
3,0,663,4308658775781,67.43068246351976
3,1,663,4310104830115,67.45331327178172
3,2,663,4311546242243,67.47587142933381
3,3,663,4312640768512,67.49300080929487
3,0,664,4314416050510,67.52078404368865
3,1,664,4315861456136,67.54340469964443
3,2,664,4316953261007,67.56049148961776
3,3,664,4318741006848,67.58846978365385
3,0,665,4320175828898,67.6109248062212
3,1,665,4321618557290,67.63350356335762
3,2,665,4323060714865,67.65607338718512
3,3,665,4324157142528,67.67323252403847
3,0,666,4325592483802,67.69569567248223
3,1,666,4327037893683,67.71831639502892
3,2,666,4329174210814,67.7517498437187
3,3,666,4330615678464,67.77430887019231
3,0,667,4332397480069,67.80219413669684
3,1,667,4333840362001,67.82477529674041
3,2,667,4335280053926,67.84730653304662
3,3,667,4337068080640,67.87528922275641
3,0,668,4338157037776,67.8923314455629
3,1,668,4339603988606,67.91497628402318
3,2,668,4341044150005,67.93751486761631
3,3,668,4342830982144,67.9654788621795
3,0,669,4344265531197,67.98792961233286
3,1,669,4346054955639,68.01593417654185
3,2,669,4347497085902,68.03850357293545
3,3,669,4348938012160,68.06105412660257
3,0,670,4350373775762,68.08352388449644
3,1,670,4351819571426,68.10615064456255
3,2,670,4354300159491,68.14497194716233
3,3,670,4355396225536,68.16212542467949
3,0,671,4356831529500,68.18458798922025
3,1,671,4358622352558,68.21261444182568
3,2,671,4360065918025,68.23520629921939
3,3,671,4361507670528,68.25776978365384
3,0,672,4363284116610,68.28557123600886
3,1,672,4365073957531,68.31358231813088
3,2,672,4366515098389,68.3361362302966
3,3,672,4367958111744,68.35871944711539
3,0,673,4369736742648,68.38655509202223
3,1,673,4370836474618,68.40376594141252
3,2,673,4372275800429,68.42629144801995
3,3,673,4374408705536,68.45967149839744
3,0,674,4376183926126,68.48745377175356
3,1,674,4377626693240,68.51003313489083
3,2,674,4379760071224,68.5434205858123
3,3,674,4381200780288,68.56596774038462
3,0,675,4382288774089,68.58299488695977
3,1,675,4383732317334,68.60558639657827
3,2,675,4385172709692,68.628128594689
3,3,675,4386612683264,68.65066423878206
3,0,676,4388049614866,68.67315227592273
3,1,676,4390877474319,68.71740838965783
3,2,676,4392667829242,68.74542751593174
3,3,676,4394452936704,68.77336451923077
3,0,677,4396232549616,68.80121553260217
3,1,677,4397331267573,68.81841051264837
3,2,677,4399115934438,68.84634062058669
3,3,677,4400557870592,68.86890697916667
3,0,678,4401997974316,68.89144466014373
3,1,678,4403441382951,68.91403406311035
3,2,678,4404536798694,68.93117736337516
3,3,678,4405979304448,68.95375263621796
3,0,679,4407753178474,68.98151383579352
3,1,679,4409890800626,69.01496770811424
3,2,679,4410988806858,69.03215154963567
3,3,679,4412776939520,69.0601358974359
3,0,680,4413868881861,69.07722483882024
3,1,680,4415312835744,69.09982277493991
3,2,680,4416755796247,69.12240516462278
3,3,680,4417853446144,69.13958342948717
3,0,681,4419290790371,69.16207792422564
3,1,681,4420736722250,69.18470681606195
3,2,681,4422176825865,69.20724449533316
3,3,681,4423962029056,69.23518299679488
3,0,682,4425737881673,69.26297516139887
3,1,682,4427528892618,69.29100455444336
3,2,682,4428620395768,69.30808662247095
3,3,682,4430406692864,69.33604224358974
3,0,683,4431845746850,69.35856349612506
3,1,683,4433287566090,69.38112802499624
3,2,683,4434726790789,69.40365194919684
3,3,683,4436166073856,69.42617678685897
3,0,684,4437263853770,69.44335708649464
3,1,684,4439055414119,69.47139507773375
3,2,684,4440843161640,69.4993733980619
3,3,684,4442284685312,69.52193330128205
3,0,685,4443716336936,69.5443387065555
3,1,685,4445504965940,69.57233082212791
3,2,685,4446946768836,69.59489509521485
3,3,685,4448389042176,69.61746673076924
3,0,686,4449477127003,69.63449530190492
3,1,686,4450920637364,69.65708629688753
3,2,686,4452709594627,69.68508354972644
3,3,686,4454843364864,69.71847713942307
3,0,687,4456273637351,69.7408609611472
3,1,687,4458062011660,69.76884909073267
3,2,687,4459503777346,69.79141278148163
3,3,687,4460945450496,69.81397502403847
3,0,688,4462377066051,69.8363798648306
3,1,688,4463819848533,69.85895946847769
3,2,688,4464916579635,69.87612335416354
3,3,688,4466704948224,69.90411139423077
3,0,689,4468480564878,69.93189986600436
3,1,689,4469578950023,69.94908963752943
3,2,689,4471366486550,69.97706465579301
3,3,689,4472808241152,69.99962817307693
3,0,690,4474932247806,70.03286896230844
3,1,690,4476375269667,70.05545231224647
3,2,690,4477814564100,70.07797732778697
3,3,690,4478910148096,70.09512326121795
3,0,691,4480345255185,70.11758274465708
3,1,691,4481788129177,70.14016378043932
3,2,691,4483226297866,70.16267117804112
3,3,691,4485011307008,70.19060664262821
3,0,692,4486446859132,70.21307309088292
3,1,692,4487891287458,70.23567845205454
3,2,692,4489334953878,70.25827188936674
3,3,692,4490774543872,70.28080153044873
3,0,693,4491866654099,70.29789309925569
3,1,693,4493313101887,70.32053006508852
3,2,693,4495447074633,70.35392682405912
3,3,693,4496888933376,70.37649197115385
3,0,694,4498324232699,70.39895446306278
3,1,694,4499768514103,70.42155752489921
3,2,694,4501205567891,70.44404747425568
3,3,694,4502646234624,70.46659396634615
3,0,695,4504079126590,70.48901878302159
3,1,695,4505521488997,70.51159181247809
3,3,695,4508391519232,70.55650790064102
3,0,696,4510166741158,70.5842901949056
3,1,696,4511264015976,70.60146258976863
3,2,696,4512706833476,70.62404274144882
3,3,696,4514840249344,70.65743078525641
3,0,697,4516275747569,70.67989638998961
3,1,697,4517719372885,70.70248918402257
3,2,697,4519852165576,70.73586747508514
3,3,697,4521291912192,70.75839956730769
3,0,698,4523066182023,70.78616696124737
3,1,698,4524854615458,70.8141560161571
3,2,698,4526295917720,70.83671245430189
3,3,698,4528083330048,70.86468552884615
3,0,699,4530552437317,70.90332715652858
3,1,699,4531995576598,70.9259123440943
3,2,699,4533434554919,70.94843241246933
3,3,699,4534527809536,70.96554189102564
3,0,700,4535964438625,70.98802519382575
3,1,700,4538103339828,71.02149908334586
3,2,700,4539546732478,71.04408823614659
3,3,700,4540643847680,71.06125813301283
3,0,701,4542074729646,71.08365149310772
3,1,701,4543866930078,71.11169950167142
3,2,701,4545306736145,71.13423252430451
3,3,701,4546747287040,71.15677720352565
3,0,702,4548185011452,71.17927764817458
3,1,702,4549630535168,71.2019001522436
3,2,702,4551418614730,71.22988366902669
3,3,702,4552861097472,71.25245858173078
3,0,703,4554295295815,71.27490384325858
3,1,703,4555741492285,71.29753687595465
3,2,703,4557185240600,71.32013159492689
3,3,703,4558971820032,71.34809163461539
3,0,704,4560747838392,71.37588639310397
3,1,704,4561845539425,71.39306545824883
3,2,704,4563635680016,71.42108123021835
3,3,704,4565421848576,71.44903483974359
3,0,705,4567881463902,71.48752791813777
3,2,705,4570730324670,71.53211270329402
3,3,705,4572514873856,71.56004096955128
3,0,706,4573603777234,71.57708235104292
3,1,706,4575394976003,71.60511468354055
3,2,706,4576837672564,71.62769294252054
3,3,706,4577934386688,71.6448565625
3,0,707,4580051778377,71.67799382726425
3,1,707,4581152109908,71.6952140598082
3,2,707,4582942975513,71.72324117827587
3,3,707,4584384466944,71.74580057692307
3,0,708,4586161342884,71.77360875657303
3,1,708,4587605821786,71.79621490926107
3,2,708,4589048095700,71.81878655379857
3,3,708,4590146587136,71.83597798878205
3,0,709,4591580330963,71.85841613711627
3,1,709,4593368231346,71.88639684974083
3,2,709,4594809251861,71.90894887853378
3,3,709,4596940080640,71.94229643429487
3,0,710,4598716656766,71.9700999218437
3,1,710,4600162443624,71.99272654409556
3,2,710,4601603823210,72.01528419236404
3,3,710,4603047710208,72.03788108173077
3,0,711,4604480126128,72.06029844826723
3,1,711,4606271920540,72.08834010260166
3,2,711,4607713021440,72.11089338942308
3,3,711,4609845968896,72.14427410256411
3,0,712,4611278598466,72.16669481273162
3,1,712,4613413514023,72.20010632673215
3,2,712,4615205249261,72.22814705499111
3,3,712,4616649532928,72.2507501522436
3,0,713,4618080370637,72.27314281971466
3,1,713,4619522647392,72.29571450871394
3,2,713,4621657378263,72.32912313237117
3,3,713,4623095937024,72.35163663461539
3,0,714,4624526521926,72.37402534564679
3,1,714,4626314626838,72.4020092591584
3,2,714,4627752078215,72.42450543079866
3,3,714,4629536525824,72.45243210737179
3,0,715,4630969239748,72.4748541376828
3,1,715,4632413950250,72.49746391492012
3,2,715,4633853619020,72.51999478884966
3,3,715,4635297538048,72.54259217948719
3,0,716,4636388350703,72.55966344124036
3,1,716,4638178480040,72.58767903708434
3,2,716,4640661556616,72.62653928498098
3,3,716,4642100319232,72.6490559775641
3,0,717,4644568308700,72.68768011161609
3,1,717,4646015564512,72.71032972305689
3,2,717,4647458998211,72.73291951827612
3,3,717,4648897974272,72.75543955128205
3,0,718,4650674259524,72.78323848664112
3,1,718,4652117197037,72.80582051652958
3,2,718,4653215830075,72.82301416759002
3,3,718,4655349188608,72.85640131410257
3,0,719,4656436337299,72.87341523467235
3,1,719,4658229776724,72.90148263352614
3,2,719,4660014231686,72.92940942517403
3,3,719,4661799440896,72.95734802083334
3,0,720,4662890416399,72.97442183116424
3,1,720,4664682974560,73.00247543820113
3,2,720,4665776338153,73.0195866222362
3,3,720,4667215614976,73.04211136217948
3,0,721,4668648095062,73.06452973291641
3,1,721,4670441594314,73.09259806806516
3,2,721,4672229971939,73.12058624954615
3,3,721,4674705183744,73.15932341346154
3,0,722,4676482510419,73.18713864713229
3,1,722,4677579030861,73.2042992359807
3,2,722,4679018455100,73.22682628299029
3,3,722,4680462870528,73.2494314423077
3,0,723,4681896712345,73.27187112418933
3,1,723,4683342589398,73.29449915799654
3,2,723,4684784513217,73.31706532353328
3,3,723,4686571739648,73.34503548878206
3,0,724,4688350040350,73.37286596601437
3,1,724,4689447650328,73.39004360614483
3,2,724,4691580762374,73.42342689512596
3,3,724,4693020339712,73.44595633814103
3,0,725,4694460494217,73.46849481384278
3,1,725,4695903352875,73.49107560964731
3,2,725,4697002374179,73.50827533708622
3,3,725,4698442250752,73.53080946314103
3,0,726,4701245628495,73.57468243713379
3,2,726,4704448137511,73.62480183153984
3,3,726,4706234451456,73.65275771634616
3,0,727,4707666200326,73.67516464352339
3,1,727,4709454617368,73.70315344188201
3,2,727,4710554698465,73.72036975512383
3,3,727,4712686050304,73.75372549679487
3,0,728,4714118113684,73.7761373460662
3,1,728,4715564692315,73.79877635959723
3,2,728,4717006666214,73.82134330888798
3,3,728,4718448304128,73.843905
3,0,729,4719879914977,73.86630976714305
3,1,729,4721322976188,73.88889373291016
3,2,729,4723109458850,73.91685225814429
3,3,729,4724894909440,73.94479463141026
3,0,730,4726674221719,73.97264093986315
3,1,730,4728118633334,73.99524603950697
3,2,730,4729214483269,74.01239613489396
3,3,730,4730656841728,74.0349691025641
3,0,731,4732439651541,74.06287014756423
3,1,731,4733882335727,74.08544821287498
3,2,731,4735319388431,74.1079381452668
3,3,731,4736759821824,74.13048098557692
3,0,732,4738534182749,74.15824980514135
3,1,732,4740673098651,74.19172392470139
3,2,732,4742111891787,74.21424109492375
3,3,732,4743551518720,74.23677131410257
3,0,733,4744639589326,74.25379966267904
3,1,733,4746084445217,74.27641171526004
3,2,733,4747525035642,74.29895701312725
3,3,733,4749311749120,74.32691915064103
3,0,734,4751089566805,74.35474206863795
3,1,734,4752532223481,74.37731970341609
3,2,734,4755012774221,74.41614042187813
3,3,734,4756454445568,74.43870263621795
3,0,735,4757887579902,74.46113124596229
3,1,735,4758985255920,74.4783099196214
3,2,735,4760426856572,74.50087102758164
3,3,735,4761865431552,74.52338478365385
3,0,736,4763305855289,74.54592747284718
3,1,736,4765093121576,74.57389826184395
3,2,736,4766876151181,74.60180274659768
3,3,736,4768663453696,74.6297741025641
3,0,737,4770095795677,74.65219031195225
3,1,737,4771886532562,74.68021541594676
3,2,737,4772978095913,74.69729842612243
3,3,737,4774419514880,74.71985669070513
3,0,738,4775856032316,74.74233824613131
3,1,738,4777643779600,74.77031656275041
3,2,738,4779431693885,74.79829749294183
3,3,738,4780873677824,74.82086459935897
3,0,739,4782652410071,74.84870183028784
3,1,739,4784098569727,74.87133428684332
3,2,739,4785537728477,74.89385717893943
3,3,739,4786636174848,74.91104790865384
3,0,740,4788070412060,74.93349377848307
3,1,740,4789514147993,74.95608830367651
3,2,740,4790954400505,74.97862831319173
3,3,740,4792397758976,75.00121693108974
3,0,741,4794175063945,75.02903182506073
3,1,741,4795963334246,75.05701832691682
3,2,741,4797057090751,75.07413566004044
3,3,741,4798499373056,75.09670743589744
3,0,742,4799934415849,75.1191659131016
3,1,742,4801378603248,75.14176750375601
3,2,742,4802818703120,75.16430512444911
3,3,742,4804608370176,75.19231348557693
3,0,743,4806038320225,75.21469226113344
3,1,743,4807482323704,75.2372909734325
3,2,743,4809964645566,75.2761394100248
3,3,743,4811061228544,75.2933009775641
3,0,744,4813182496026,75.32649889864409
3,1,744,4814625404004,75.34908046630859
3,2,744,4816065622129,75.3716199376659
3,3,744,4817505855488,75.3941596474359
3,0,745,4818939622788,75.4165981631235
3,1,745,4820036901592,75.4337706203676
3,2,745,4821480308612,75.4563599980594
3,3,745,4822922798080,75.47893501602564
3,0,746,4824353267142,75.5013219141564
3,1,746,4826146837244,75.52939135811047
3,2,746,4827589093678,75.55196272908529
3,3,746,4829375760384,75.57992413461538
3,0,747,4831149244016,75.60767922450921
3,1,747,4832591815355,75.6302555237599
3,2,747,4834381471607,75.65826371580467
3,3,747,4835476846080,75.6754063701923
3,0,748,4836910891213,75.6978492339775
3,1,748,4838356863242,75.72047875416291
3,2,748,4840146906561,75.74849300382174
3,3,748,4841936215040,75.77649575320513
3,0,749,4843374776637,75.79900929983286
3,1,749,4844816948465,75.82157934672038
3,2,749,4846255780738,75.84409712943835
3,3,749,4847699318272,75.8666885496795
3,0,750,4849133899662,75.8891398059082
3,1,750,4850922726646,75.91713501987556
3,2,750,4852015883716,75.93424297181741
3,3,750,4853455624192,75.95677496794872
3,0,751,4855232908807,75.98458954337879
3,1,751,4856675102483,76.00715993218837
3,2,751,4858118608238,76.02975085508689
3,3,751,4860249147392,76.06309387820514
3,0,752,4861685933705,76.08557964156714
3,1,752,4863476168889,76.1135968939209
3,2,752,4864920197549,76.13619600030361
3,3,752,4866361240064,76.15874837339744
3,0,753,4867795805422,76.18119937872471
3,1,753,4869240542478,76.2038095715332
3,2,753,4870681929211,76.22636733165253
3,3,753,4872468481536,76.25432694711539
3,0,754,4873905374041,76.27681437238644
3,1,754,4875349767964,76.29941919514974
3,2,754,4876791159727,76.32197703398876
3,3,754,4878229591552,76.34448854967948
3,0,755,4880003539929,76.37225091285119
3,1,755,4881446315268,76.39483040471004
3,2,755,4882885223765,76.41734938033666
3,3,755,4884327277568,76.43991758012821
3,0,756,4885415310361,76.45694533692972
3,1,756,4886857164141,76.4795104063533
3,2,756,4888295048316,76.50201335129958
3,3,756,4889738018304,76.52459588942308
3,0,757,4891171255930,76.54702611569135
3,1,757,4892962192240,76.57505434069512
3,2,757,4894401099280,76.59757329351963
3,3,757,4895843522560,76.62014727564103
3,0,758,4897281254103,76.6426478318904
3,1,758,4899071784854,76.67066970987956
3,2,758,4900510320592,76.6931828518129
3,3,758,4901949736448,76.71570976762821
3,0,759,4903384046944,76.73815678435497
3,1,759,4905174250390,76.76617354000777
3,2,759,4906271126536,76.78333969563802
3,3,759,4908054297600,76.81124639423078
3,0,760,4910863189572,76.85520566612831
3,1,760,4912293376148,76.87758814334185
3,2,760,4913730741504,76.90008296875
3,3,760,4915173475840,76.92266181891026
3,0,761,4916611763877,76.94517108431303
3,1,761,4917709732129,76.96235433144594
3,2,761,4919498488153,76.99034843488644
3,3,761,4921285275648,77.01831173076923
3,0,762,4923410854749,77.05157712885931
3,1,762,4924510480599,77.06878631746733
3,2,762,4925951271503,77.09133475283892
3,3,762,4927737498112,77.11928927083333
3,0,763,4928829083534,77.13637262642102
3,1,763,4930272174876,77.15895706373948
3,2,763,4931710653115,77.18146930581118
3,3,763,4933497729536,77.20943712339744
3,0,764,4934932005395,77.23188359805377
3,1,764,4936373412131,77.25444167122083
3,2,764,4937810741844,77.2769359388146
3,3,764,4939254458368,77.29953016025641
3,0,765,4940688533115,77.32197348750188
3,1,765,4942476863279,77.34996092621633
3,2,765,4943570522307,77.367076733821
3,3,765,4945009707008,77.38960003205129
3,0,766,4946444145373,77.41204904993302
3,1,766,4947888609702,77.43465497455304
3,2,766,4950018917823,77.46799438199557
3,3,766,4951461887488,77.49057691506411
3,0,767,4953245448588,77.51848971773587
3,1,767,4954688376164,77.54107159210987
3,2,767,4956127190363,77.56358909196902
3,3,767,4957568307200,77.58614262820512
3,0,768,4959005645817,77.60863703514686
3,1,768,4960451569081,77.63126579215808
3,2,768,4961893814728,77.65383699431591
3,3,768,4963332542464,77.67635314102564
3,0,769,4964767662681,77.6988128299185
3,1,769,4966905820588,77.73227508682642
3,2,769,4968349230254,77.75486450592824
3,3,769,4970137439744,77.78285005608974
3,0,770,4971569782025,77.80526627017291
3,1,770,4973360624026,77.83329301923703
3,2,770,4974800860584,77.85583277907152
3,3,770,4976240898048,77.87836942307692
3,0,771,4977675361667,77.90081883618477
3,1,771,4979118326235,77.92340128948506
3,2,771,4980908109636,77.95141147141678
3,3,771,4982350765568,77.97398909455129
3,0,772,4983780575236,77.99636567313952
3,1,772,4985573094847,78.02441867686737
3,2,772,4987015098618,78.0469860936561
3,3,772,4988801660416,78.0749458573718
3,0,773,4990236496538,78.09740110016652
3,1,773,4992028563881,78.12544702588204
3,2,773,4993467712972,78.1479697668144
3,3,773,4994907184640,78.17049755608974
3,0,774,4996338300704,78.19289457982772
3,1,774,4997780303299,78.21546197821202
3,2,774,4999221424695,78.23801558579665
3,3,774,5001352681984,78.27136984775642
3,0,775,5002784371117,78.2937758400472
3,1,775,5004230499221,78.31640780281263
3,2,775,5006020686940,78.34442431233724
3,3,775,5007460143104,78.36695185897436
3,0,776,5008891509277,78.38935279692821
3,1,776,5011373516016,78.42819630183294
3,2,776,5012812862599,78.45072213352302
3,3,776,5014251927552,78.47324355769231
3,0,777,5015687889096,78.49571641338642
3,1,777,5017477571304,78.52372501164363
3,2,777,5018914918970,78.54621956020257
3,3,777,5020703139840,78.57420528846154
3,0,778,5022478944617,78.60199670436762
3,1,778,5023921400981,78.62457120425493
3,2,778,5025361541898,78.64710946730393
3,3,778,5027146820608,78.67504915064103
3,0,779,5028579332573,78.69746802028558
3,1,779,5030023127181,78.72006346374512
3,2,779,5031465687700,78.74263959366236
3,3,779,5032906925056,78.76519501602564
3,0,780,5034683553881,78.79299932831593
3,1,780,5036125508725,78.81556597939516
3,2,780,5037566726184,78.8381210903696
3,3,780,5039007907328,78.86067563301282
3,0,781,5041470021879,78.89920782437838
3,1,781,5042569264680,78.91641101825421
3,2,781,5044009174793,78.93894566921136
3,3,781,5045798149632,78.96694319711538
3,0,782,5047232105299,78.98938466075408
3,1,782,5049021902327,79.0173950559489
3,2,782,5050805839667,79.04531374679175
3,3,782,5052246919168,79.06786669871795
3,0,783,5053678991345,79.09027868566268
3,1,783,5055468558269,79.11828547972068
3,2,783,5056907243204,79.14080095659305
3,3,783,5058349099008,79.16336605769231
3,0,784,5060123717262,79.1911389044659
3,1,784,5061569375658,79.2137635162823
3,2,784,5062660725502,79.23084318506486
3,3,784,5064100142592,79.25337012019232
3,0,785,5065532732125,79.27579020377918
3,1,785,5067320696275,79.30377191435986
3,2,785,5069107314687,79.33173256408692
3,3,785,5070893727744,79.35969
3,0,786,5072324878202,79.38208756200547
3,1,786,5073768940423,79.40468719361917
3,2,786,5075903358502,79.43809092206907
3,3,786,5077688454656,79.46602774839744
3,0,787,5079123423257,79.48848506449382
3,1,787,5080914495714,79.51651542020358
3,2,787,5082357212407,79.53909399425018
3,3,787,5083797228544,79.56163030448718
3,0,788,5085575809185,79.58946516277607
3,1,788,5087017275100,79.61202416209686
3,2,788,5089156883714,79.64550912262746
3,3,788,5090597025280,79.66804739583334
3,0,789,5092373237062,79.69584518138397
3,1,789,5094162736190,79.72385091443185
3,2,789,5096298177159,79.75727065115122
3,3,789,5098085315584,79.78523943910257
3,0,790,5099518011903,79.8076611938946
3,1,790,5100615699482,79.82484004848382
3,2,790,5103099330200,79.86370896872496
3,3,790,5104542172160,79.88628950320513
3,0,791,5105976942200,79.9087437118139
3,1,791,5107421936074,79.93135792383438
3,2,791,5108516298119,79.94848473368327
3,3,791,5109957753856,79.97104357371795
3,0,792,5111733090529,79.99882766377767
3,1,792,5113177861102,80.02143838112856
3,2,792,5114616241935,80.04394909879244
3,3,792,5116059332096,80.0665335176282
3,0,793,5117496044829,80.08901812946026
3,1,793,5118940715572,80.11162728446764
3,2,793,5120380701507,80.13416312204214
3,3,793,5122167157760,80.16212123397436
3,0,794,5123258567547,80.17920184086726
3,1,794,5124704462485,80.20183015457545
3,2,794,5127533830280,80.24610987392327
3,3,794,5129664074240,80.27944827724359
3,0,795,5131097248344,80.30187750939002
3,1,795,5132543192963,80.32450660060785
3,2,795,5133981049681,80.347009115851
3,3,795,5135424797184,80.36960382211538
3,0,796,5136859328197,80.39205428994204
3,1,796,5138305705430,80.41469015158629
3,2,796,5139400661582,80.43182625923353
3,3,796,5140840385536,80.45435799679487
3,0,797,5142271431440,80.47675392252604
3,1,797,5144410202577,80.51022577650804
3,2,797,5145853257476,80.53280964349209
3,3,797,5147982414848,80.56613104166667
3,0,798,5149416176594,80.58856947043395
3,1,798,5150860830103,80.61117835572854
3,2,798,5152303098311,80.63374991096693
3,3,798,5153744504320,80.65630797275641
3,0,799,5155178520602,80.67875038502228
3,1,799,5156277132323,80.69594370247083
3,2,799,5157719914121,80.71852329541329
3,3,799,5159507648000,80.7465014022436
3,0,800,5160939251845,80.76890605977377
3,1,800,5162381378072,80.79147539300381
3,2,800,5164517331601,80.82490315130772
3,3,800,5166303415296,80.85285543269231
3,0,801,5168426117975,80.88607581466283
3,1,801,5169870904631,80.90868678371332
3,2,801,5171312723088,80.93125130033053
3,3,801,5172408570368,80.94840135416666
3,0,802,5173848040859,80.97092912502191
3,1,802,5175986112352,81.00439002954728
3,2,802,5177425417159,81.02691520744128
3,3,802,5178864701440,81.04944006410257
3,0,803,5180643754040,81.07728230856871
3,1,803,5182088931158,81.09989938836513
3,2,803,5183873269895,81.12782436108712
3,3,803,5185313018880,81.15035649038462
3,0,804,5186751820960,81.17287380058093
3,1,804,5188198632803,81.1955164638891
3,2,804,5189638920845,81.21805702945025
3,3,804,5191424279040,81.24599795673078
3,0,805,5193204313899,81.27385557358961
3,1,805,5194649051418,81.29646577364409
3,2,805,5196435033720,81.32441646822416
3,3,805,5198220751360,81.35236302083334
3,0,806,5199993786323,81.38011108903935
3,1,806,5201784468040,81.40813532965245
3,2,806,5202875761433,81.42521411497458
3,3,806,5204315648512,81.44774840544872
3,0,807,5205749314101,81.47018532935509
3,1,807,5207195240100,81.49281412916918
3,2,807,5208634985251,81.51534619846441
3,3,807,5210767528960,81.54872059294873
3,0,808,5211859527830,81.56581041901417
3,1,808,5213650329200,81.59383653220152
3,2,808,5215092233140,81.61640238663111
3,3,808,5216535619584,81.6389914423077
3,0,809,5217969648903,81.66143405860315
3,1,809,5219413767352,81.68403457018731
3,2,809,5220507408489,81.7011500977971
3,3,809,5222291324416,81.72906845352564
3,0,810,5223731631443,81.7516093162028
3,1,810,5225523385015,81.7796503313896
3,2,810,5227311066699,81.80762762136607
3,3,810,5228754139136,81.83021176282051
3,0,811,5230185567714,81.85261367741512
3,1,811,5231632542409,81.87525888936361
3,2,811,5233073412173,81.89780855889737
3,3,811,5234513536512,81.9203465625
3,0,812,5235603110429,81.93739843795386
3,1,812,5237740340951,81.97084618124937
3,2,812,5239179873703,81.99337492649177
3,3,812,5241309570048,82.02670475961538
3,0,813,5242743178978,82.04914079680614
3,1,813,5244188882057,82.07176610791329
3,2,813,5245630103620,82.09432128311549
3,3,813,5247758152192,82.12762532852564
3,0,814,5249541624718,82.15553674501076
3,1,814,5250984763914,82.17812193124625
3,2,814,5253117248680,82.21149540327023
3,3,814,5254904666624,82.23946856570512
3,0,815,5256682762322,82.26729583461663
3,1,815,5258126648144,82.28989270557894
3,2,815,5259569635140,82.31247550987831
3,3,815,5261354004480,82.34040096153846
3,0,816,5263128553184,82.36817271985177
3,1,816,5264571172078,82.3907497633401
3,2,816,5266013775826,82.41332656979291
3,3,816,5267453590528,82.43585972756411
3,0,817,5268883802946,82.45824260920598
3,1,817,5271364680286,82.49706843897111
3,2,817,5273498278949,82.53045934352777
3,3,817,5274594379776,82.54761336538462
3,0,818,5276714075704,82.58078669158154
3,1,818,5278160313816,82.60342037597657
3,2,818,5279598330219,82.62592539029635
3,3,818,5281383772160,82.65386762820513
3,0,819,5282817286318,82.67630218221029
3,1,819,5283917231609,82.69351637008276
3,2,819,5285355008876,82.71601764191456
3,3,819,5286795943424,82.73856832532051
3,0,820,5288229251805,82.76099965890738
3,1,820,5289675814427,82.78363842189691
3,2,820,5291808051691,82.81700802050469
3,3,820,5293594131968,82.84496024839744
3,0,821,5295712207285,82.87810821196727
3,1,821,5297156893438,82.90071760814178
3,2,821,5298948424452,82.92875514028697
3,3,821,5300390533632,82.95132420673077
3,0,822,5302166035516,82.97911088234926
3,1,822,5303610257601,83.00171301584098
3,2,822,5305047444047,83.02420504130046
3,3,822,5307176963072,83.05753209935898
3,0,823,5308609005255,83.07994361689641
3,1,823,5310052912726,83.10254082666641
3,2,823,5311492028110,83.12506304008288
3,3,823,5312933052928,83.14761513621795
3,0,824,5314364879644,83.1700232816882
3,1,824,5315808591447,83.19261742924617
3,2,824,5316902126955,83.20973130375789
3,3,824,5318690244608,83.23771541666667
3,0,825,5320464372100,83.2654805829953
3,1,825,5322949202835,83.30436828355056
3,2,825,5325081777225,83.33774315819373
3,3,825,5326523365376,83.36030407051283
3,0,826,5327954492977,83.38270127480531
3,1,826,5329052780389,83.39988951680502
3,2,826,5330493030646,83.4224294910294
3,3,826,5332969394688,83.46118468750001
3,0,827,5336121164605,83.51051001297388
3,2,827,5339662315441,83.56592916543032
3,3,827,5341449164288,83.59389342147436
3,0,828,5342882574326,83.61632634599735
3,1,828,5344326499914,83.63892383929912
3,2,828,5345767018717,83.66146801627917
3,3,828,5347209524736,83.68404329326923
3,0,829,5348640613956,83.70643989689754
3,1,829,5350083501663,83.72902114732008
3,2,829,5351520469188,83.75150974665715
3,3,829,5352959677952,83.77403342147436
3,0,830,5355078679752,83.80719588454026
3,1,830,5356520526279,83.8297608404541
3,2,830,5358306792075,83.85771597172663
3,3,830,5359746924032,83.88025409455129
3,0,831,5361180401956,83.9026880814929
3,1,831,5362277362137,83.91985555227427
3,2,831,5364065775748,83.9478442969376
3,3,831,5365854351360,83.97583557692307
3,0,832,5367286072197,83.99824206538274
3,1,832,5368730089867,84.02084099977151
3,2,832,5370171958709,84.04340630491599
3,3,832,5371611527168,84.06593560897436
3,0,833,5373044892099,84.08836782757099
3,1,833,5374491050406,84.11100026301457
3,2,833,5375584401484,84.12811125118941
3,3,833,5377373680640,84.15611354166667
3,0,834,5378809052681,84.17857717161522
3,1,834,5380251832792,84.20115673815606
3,2,834,5381694711181,84.22373784275153
3,3,834,5383480524800,84.2516858974359
3,0,835,5385258061441,84.27950441708296
3,1,835,5386699664226,84.30206555842473
3,2,835,5388482267970,84.32996337843674
3,3,835,5389925324288,84.35254726762821
3,0,836,5391362727127,84.37504267964681
3,1,836,5392460605832,84.39222452536559
3,2,836,5394244171060,84.42013739264073
3,3,836,5395683469312,84.44266246794872
3,0,837,5397119079713,84.46512982824082
3,1,837,5398907736853,84.49312238414275
3,2,837,5400348230234,84.51566616326748
3,3,837,5401790983680,84.5382453125
3,0,838,5403224448383,84.56067909253242
3,1,838,5404670282546,84.58330645510942
3,2,838,5406118548031,84.60597186797314
3,3,838,5407211241472,84.62307256410257
3,0,839,5408643756451,84.64549148091635
3,1,839,5410431633757,84.67347183238495
3,2,839,5411871761941,84.69600989616198
3,3,839,5413309831680,84.7185157451923
3,0,840,5414744647692,84.74097067326473
3,1,840,5416187355493,84.76354910815117
3,2,840,5417634297346,84.78619380612105
3,3,840,5419074134528,84.80872731570513
3,0,841,5420507807306,84.83116435211964
3,1,841,5421953187225,84.85378460575984
3,2,841,5423736407313,84.88169207158016
3,3,841,5425179406336,84.90427506410256
3,0,842,5426610686634,84.92667465810922
3,1,842,5428399720224,84.95467310546876
3,2,842,5430187413393,84.98265057518593
3,3,842,5431630359040,85.0052327323718
3,0,843,5433062133534,85.02764006056566
3,1,843,5435200390809,85.06110387258677
3,2,843,5436293894802,85.07821725388747
3,3,843,5437736612352,85.10079584134616
3,0,844,5439174282100,85.1232954305013
3,1,844,5442347988950,85.17296406985552
3,2,844,5443791046857,85.19554798391489
3,3,844,5446611333120,85.23968557692308
3,0,845,5448042970770,85.26209076350285
3,1,845,5449488987378,85.28472098135141
3,2,845,5450931166657,85.30729114484738
3,3,845,5452717825024,85.3352524198718
3,0,846,5454492875025,85.36303202350324
3,1,846,5455937585302,85.38564179721931
3,2,846,5457378892303,85.40819830952962
3,3,846,5458820614656,85.43076132211539
3,0,847,5460594528622,85.45852314675356
3,1,847,5462040696929,85.48115573869754
3,2,847,5463481544000,85.50370505308494
3,3,847,5465269208576,85.53168207532052
3,0,848,5466358588850,85.54873092025366
3,1,848,5467803060865,85.57133696515989
3,2,848,5469243966727,85.59388719962878
3,3,848,5470685128704,85.61644144230769
3,0,849,5472460380698,85.64422420713767
3,1,849,5473906697823,85.66685912808931
3,2,849,5475348951588,85.68943045729418
3,3,849,5477136840704,85.71741099358975
3,0,850,5479257740449,85.75060315957094
3,1,850,5480703633853,85.77323144927196
3,2,850,5482144355791,85.7957788053229
3,3,850,5483582722048,85.8182892948718
3,0,851,5485015514862,85.84071255981445
3,1,851,5486111179764,85.85785975942758
3,2,851,5488937652084,85.90209416447567
3,3,851,5490380037120,85.92466754807693
3,0,852,5492500756409,85.9578568899145
3,1,852,5494291746429,85.9858859554819
3,2,852,5495733000982,86.00844164697892
3,3,852,5497519651328,86.03640279647436
3,0,853,5498949835316,86.0587852331856
3,1,853,5500396090966,86.08141919205103
3,2,853,5501492736747,86.09858174245981
3,3,853,5503280109056,86.12655419070514
3,0,854,5504712865925,86.1489768931071
3,1,854,5506504479801,86.1770157220459
3,2,854,5507945829719,86.199572906009
3,3,854,5509728945664,86.22747874198718
3,0,855,5511506413326,86.25529618211013
3,1,855,5512952910804,86.27793392559346
3,2,855,5514054169191,86.29516866347093
3,3,855,5515837431296,86.32307678685898
3,0,856,5517271276359,86.34551651954064
3,1,856,5519408719753,86.3789675942915
3,2,856,5521538178207,86.41229370441144
3,3,856,5524013208064,86.45102802083333
3,0,857,5525448321593,86.47348760505872
3,1,857,5527238502438,86.50150400700495
3,2,857,5528677014917,86.52401678493402
3,3,857,5530462474752,86.55195930288461
3,0,858,5531559192212,86.56912297507262
3,1,858,5533005940321,86.59176464094114
3,2,858,5534791330993,86.61970607648801
3,3,858,5536579158016,86.64768564102565
3,0,859,5538013612272,86.67013490760216
3,1,859,5540147878279,86.70353625611916
3,2,859,5541240101643,86.72062959552471
3,3,859,5543026811904,86.74859168269231
3,0,860,5544114345309,86.76561162405162
3,1,860,5545559506388,86.78822845283705
3,2,860,5547341753396,86.81612068991637
3,3,860,5549127955456,86.84407482371795
3,0,861,5550215806379,86.86109973424668
3,1,861,5551657931147,86.88366904464331
3,2,861,5553097957903,86.90620552106809
3,3,861,5555227813376,86.93953784455128
3,0,862,5557692868201,86.97811605132274
3,2,862,5560882029975,87.02802656085674
3,3,862,5562321439232,87.05055337339743
3,0,863,5563756084988,87.07300563695664
3,1,863,5565198422369,87.09557827475524
3,2,863,5566637608315,87.11810159246983
3,3,863,5568077212672,87.14063145833333
3,0,864,5569509533512,87.16304733686398
3,1,864,5571302780215,87.19111171961076
3,2,864,5573431696145,87.22442933920836
3,3,864,5575221120000,87.25243389423078
3,0,865,5576652010974,87.27482739530123
3,1,865,5578095649954,87.29742040317633
3,2,865,5579194812662,87.3146223435935
3,3,865,5580636828160,87.33718994391026
3,0,866,5582067505167,87.3595800963886
3,1,866,5583512136440,87.3821886336889
3,2,866,5584951023300,87.40470727069561
3,3,866,5586740160512,87.43270733974359
3,0,867,5588174010457,87.45514714882876
3,1,867,5589615721162,87.47770997912285
3,2,867,5591056826339,87.50026333287948
3,3,867,5592495345664,87.52277621794872
3,0,868,5594273719986,87.55060784733699
3,1,868,5595720688284,87.57325295917218
3,2,868,5597164092166,87.59584228775415
3,3,868,5600679140864,87.65085294070514
3,0,869,5602796383654,87.68398787519406
3,1,869,5604221173849,87.70628589882875
3,2,869,5605662869253,87.72884848966159
3,3,869,5607102244864,87.75137477564103
3,0,870,5608536253437,87.77381706726075
3,1,870,5609973821526,87.79631506544847
3,2,870,5611412835011,87.8188356841415
3,3,870,5612507493376,87.83596713141026
3,0,871,5613938096164,87.85835612235827
3,1,871,5615381507189,87.8809455627285
3,2,871,5616824876910,87.90353435668946
3,3,871,5618263900672,87.92605513621795
3,0,872,5620381359756,87.95919345571664
3,1,872,5621827060720,87.98181873372396
3,2,872,5623617194247,88.00983439514161
3,3,872,5625058472960,88.03239046474359
3,0,873,5626493128398,88.05484287982648
3,1,873,5627591871000,88.07203824556791
3,2,873,5629378342595,88.09999659760304
3,3,873,5631507846656,88.13332342147436
3,0,874,5632945895724,88.1558289470027
3,1,874,5634388378984,88.1784038678135
3,2,874,5635828242709,88.20093779279661
3,3,874,5637958484992,88.23427616987179
3,0,875,5639398646149,88.25681474967762
3,1,875,5640844846862,88.2794478487768
3,2,875,5642285398908,88.30199254601112
3,3,875,5643380239872,88.31912685096154
3,0,876,5645155431874,88.34690867691431
3,1,876,5646944916159,88.37491417766864
3,2,876,5648040841537,88.39206545374161
3,3,876,5649481189888,88.41460696314103
3,0,877,5651598364185,88.44774082571176
3,1,877,5653737653757,88.48122079322228
3,2,877,5655176201728,88.50373412660257
3,3,877,5656619886592,88.52632785256411
3,0,878,5658397329547,88.5541449060215
3,1,878,5659844230611,88.57678896564191
3,2,878,5661282438923,88.59929698334523
3,3,878,5662721257984,88.62181455929488
3,0,879,5664498069208,88.64962172613681
3,1,879,5666289805632,88.67766247295674
3,2,879,5668075736254,88.70561235874274
3,3,879,5669517422080,88.7281747996795
3,0,880,5670952889633,88.75063992439466
3,1,880,5672394893067,88.77320733590933
3,2,880,5674180319675,88.80114933385605
3,3,880,5675622499328,88.82371950320513
3,0,881,5677061784426,88.84624437265249
3,1,881,5678505533667,88.86883910611667
3,2,881,5679948420477,88.89142034250114
3,3,881,5681732387328,88.9193394951923
3,0,882,5684195035652,88.95788004012671
3,2,882,5687406528913,89.00814003832696
3,3,882,5689194136576,89.0361161698718
3,0,883,5690630888038,89.05860138781425
3,1,883,5692423702773,89.08665901024452
3,2,883,5693871262164,89.10931337270884
3,3,883,5695654649856,89.13722346153847
3,0,884,5697085562567,89.15961730279385
3,1,884,5698876135561,89.18763984188764
3,2,884,5700315702335,89.2101691195757
3,3,884,5701755560960,89.2327029647436
3,0,885,5703186938637,89.2551040827355
3,1,885,5704283729585,89.27226890501365
3,2,885,5706070740993,89.30023570514386
3,3,885,5707165352960,89.31736642628205
3,0,886,5708600822059,89.33983157519218
3,1,886,5710042998971,89.36240170164452
3,2,886,5711830121406,89.39037023935171
3,3,886,5713614929408,89.41830255608974
3,0,887,5715045276048,89.4406875383113
3,1,887,5717872884054,89.48493971689078
3,2,887,5718974379656,89.50217816719251
3,3,887,5720415020032,89.52472424679488
3,0,888,5721847599622,89.5471441747734
3,1,888,5723290949026,89.5697326507725
3,2,888,5725079899537,89.59772979794234
3,3,888,5726518311424,89.62024100160257
3,0,889,5728292805242,89.64801190094776
3,1,889,5730082078952,89.67601410619491
3,2,889,5731520927205,89.69853213900053
3,3,889,5732963627008,89.72111044871795
3,0,890,5734741987549,89.74894186243301
3,1,890,5735841874671,89.76615513995831
3,2,890,5737283494312,89.78871654509716
3,3,890,5738723978752,89.81126018429488
3,0,891,5740503223064,89.8391054290615
3,1,891,5741946583741,89.8616940814835
3,2,891,5743385017025,89.88420562000763
3,3,891,5745514248192,89.91752817307693
3,0,892,5747633581510,89.95069582441282
3,1,892,5748732599782,89.9678955044008
3,2,892,5750171385942,89.99041256544847
3,3,892,5751612677632,90.01296883814103
3,0,893,5752708944337,90.03012545599522
3,1,893,5754847417319,90.06359264383953
3,2,893,5756982480365,90.09700646604881
3,3,893,5758767152640,90.12493665865385
3,0,894,5760884096693,90.15806691789676
3,1,894,5762330379949,90.1807013087972
3,2,894,5764119162061,90.20869582051596
3,3,894,5765216864256,90.22587490384616
3,0,895,5767341217038,90.25912110999474
3,1,895,5769130314775,90.2871205612574
3,2,895,5770572028724,90.30968344232022
3,3,895,5772014381056,90.33225631410257
3,0,896,5773449757527,90.35472001338078
3,1,896,5774892588076,90.37730036927834
3,2,896,5776686047804,90.4053680858749
3,3,896,5778819100672,90.43875044871795
3,0,897,5780942752766,90.47198568907126
3,1,897,5782386949926,90.49458743248573
3,2,897,5784176207957,90.5225893923559
3,3,897,5785616847872,90.5451354647436
3,0,898,5787047191125,90.56752039395846
3,1,898,5788493337845,90.59015264806503
3,2,898,5789936329775,90.61273552958171
3,3,898,5792413498368,90.6515033173077
3,0,899,5793848992447,90.67396885715583
3,1,899,5795637691927,90.70196207568047
3,2,899,5797079683331,90.72452929892516
3,3,899,5798521512448,90.7470939823718
3,0,900,5800641497423,90.78027183216584
3,1,900,5802083683729,90.80284210563464
3,2,900,5803523979121,90.82538278622359
3,3,900,5805312199680,90.8533685096154
3,0,901,5807085638576,90.88112289938903
3,1,901,5808528613124,90.90370550887671
3,2,901,5809969933272,90.9262622269381
3,3,901,5811411990528,90.94883048076923
3,0,902,5812842355169,90.97121574470717
3,1,902,5813940382004,90.98839990866637
3,2,902,5815728352707,91.01638172180176
3,3,902,5817861633024,91.04976764423077
3,0,903,5819640630366,91.077609023907
3,1,903,5821083304024,91.10018692445414
3,2,903,5822870603438,91.12815823188977
3,3,903,5824309989376,91.15068467948718
3,0,904,5825742748321,91.17310741437863
3,1,904,5827534708195,91.2011516582
3,2,904,5828972758475,91.22365720269619
3,3,904,5830410131968,91.24615215544873
3,0,905,5831500437725,91.2632154842279
3,1,905,5833634831258,91.2966188285319
3,2,905,5835074953994,91.31915680704753
3,3,905,5836517260288,91.34172895833333
3,0,906,5838294760287,91.36954690453163
3,1,906,5839739565408,91.3921581625601
3,2,906,5841183369766,91.41475375860753
3,3,906,5842621667328,91.43726317307693
3,0,907,5844057359250,91.45973180917593
3,1,907,5845158089148,91.47695827617939
3,2,907,5846942323214,91.50488161079602
3,3,907,5848726010880,91.53279639423077
3,0,908,5850158306272,91.55521187449921
3,1,908,5851603781424,91.57783361853967
3,2,908,5853047442767,91.60042697639662
3,3,908,5854831623168,91.62834947115385
3,0,909,5856265132607,91.65078395130647
3,1,909,5857706809595,91.67334625392816
3,2,909,5859147887235,91.69589917672964
3,3,909,5860587948032,91.71843618589745
3,0,910,5862018800769,91.74082908855732
3,1,910,5863463551743,91.76343949918306
3,2,910,5865253256644,91.79144845258664
3,3,910,5867040430592,91.81941779647435
3,0,911,5868476522208,91.84189268780048
3,1,911,5870265075310,91.86988361550355
3,2,911,5872050362246,91.89782342757788
3,3,911,5873835148800,91.92575540865384
3,0,912,5875270768491,91.9482229143348
3,1,912,5876715443729,91.97083213968914
3,2,912,5878156800204,91.99338942626953
3,3,912,5879600570368,92.0159844871795
3,0,913,5881378401733,92.04380761926896
3,1,913,5882825006576,92.06644704301883
3,2,913,5884613787449,92.09444153534719
3,3,913,5886399158784,92.12238266826924
3,0,914,5887834912301,92.14485226833246
3,1,914,5889972402465,92.17830407503568
3,2,914,5891411558150,92.20082691916441
3,3,914,5892850079232,92.22333983173077
3,0,915,5894286444705,92.24581900892991
3,1,915,5896075004663,92.27381004392967
3,2,915,5897861137818,92.30176309936523
3,3,915,5899645595136,92.32968992788462
3,0,916,5901076553531,92.35208448409644
3,1,916,5902518485108,92.37465077104618
3,2,916,5904303767066,92.40259050521459
3,3,916,5905743704576,92.4251255849359
3,0,917,5906831204247,92.44214499835675
3,1,917,5908276213399,92.46475944947855
3,2,917,5909716604646,92.48730163020208
3,3,917,5911157934592,92.50985850160257
3,0,918,5912591022051,92.53228637775128
3,1,918,5914032977573,92.55485303944123
3,2,918,5915820946976,92.58283483223157
3,3,918,5916915398656,92.5999630448718
3,0,919,5918351375885,92.62243614603679
3,1,919,5919796278487,92.64504892964682
3,2,919,5921233744084,92.66754532383064
3,3,919,5922672802304,92.69006664262821
3,0,920,5924105604187,92.71249004950108
3,1,920,5925893370519,92.74046866422213
3,2,920,5927333711422,92.76301005706004
3,3,920,5929122254848,92.79100083333334
3,0,921,5931243409672,92.8241969913111
3,1,921,5932686493676,92.84678131378956
3,2,921,5934130001446,92.8693722682229
3,3,921,5935567723008,92.89187266826923
3,0,922,5937346506614,92.9197107029685
3,1,922,5938788846537,92.94228338054951
3,2,922,5940575893199,92.97025073240623
3,3,922,5942016368128,92.99279422275642
3,0,923,5943792706543,93.02059399011857
3,1,923,5945581971755,93.04859606237167
3,2,923,5947024595807,93.07117318658291
3,3,923,5949501434368,93.10993580929487
3,0,924,5950936787612,93.13239914506961
3,1,924,5952380412065,93.15499192559658
3,2,924,5953819081040,93.17750715269432
3,3,924,5955260773376,93.20006969551282
3,0,925,5956351762625,93.21714372096918
3,1,925,5958140456651,93.2451368541385
3,2,925,5959925803700,93.27307760698368
3,3,925,5961367030272,93.29563286057693
3,0,926,5963142744935,93.32342286619529
3,1,926,5964934715958,93.35146728449895
3,2,926,5967069435890,93.3848757369604
3,3,926,5969198599680,93.41819723557693
3,0,927,5970287331356,93.43523592992538
3,1,927,5971729886106,93.45781196955754
3,2,927,5973172504899,93.48038901146522
3,3,927,5974613776384,93.50294496794872
3,0,928,5976389512333,93.53073530669384
3,1,928,5978522375417,93.56411469940969
3,2,928,5980659001292,93.59755297995544
3,3,928,5982099662848,93.62009939102565
3,0,929,5983192136972,93.63719665483524
3,1,929,5984633292540,93.65975079721305
3,2,929,5986075167894,93.68231620427059
3,3,929,5987169471488,93.69944209935898
3,0,930,5988600611673,93.72183950059157
3,1,930,5990387430663,93.74980328937238
3,2,930,5991826610380,93.77232650960286
3,3,930,5993264163840,93.79482427884615
3,0,931,5995383249895,93.82798806050619
3,1,931,5996828080264,93.85059971366687
3,2,931,5998274116478,93.87323023835012
3,3,931,5999715362816,93.89578580128206
3,0,932,6001145771062,93.91817174763997
3,1,932,6002242265826,93.93533193462666
3,2,932,6003683600974,93.95788888743866
3,3,932,6005126772736,93.98047458333333
3,0,933,6006559868010,94.00290258178711
3,1,933,6008001559318,94.02546510851738
3,2,933,6009439029368,94.04796157239083
3,3,933,6010882641920,94.07055416666667
3,0,934,6012317342921,94.09300729481232
3,1,934,6014106821871,94.12101271207369
3,2,934,6015892615964,94.14896046117538
3,3,934,6017331724288,94.17148256410256
3,0,935,6018765670209,94.19392387521597
3,1,935,6020208535268,94.21650477119641
3,2,935,6021648396105,94.2390386509822
3,3,935,6023088507392,94.26157645032052
3,0,936,6024523418006,94.28403285891802
3,1,936,6026315165397,94.31207377737192
3,2,936,6027410642288,94.32921803460538
3,3,936,6029542828544,94.3625868349359
3,0,937,6030977879066,94.38504543309921
3,1,937,6032421539514,94.40763877694937
3,2,937,6033513760987,94.4247320867607
3,3,937,6034954480128,94.44727939903846
3,0,938,6036730560605,94.47507512966058
3,1,938,6038174922437,94.49767945019845
3,2,938,6039612958792,94.52018477676783
3,3,938,6041056409600,94.54277483974359
3,0,939,6042830969554,94.57054677411985
3,1,939,6044273078426,94.59311583574345
3,2,939,6045713760706,94.61566257114508
3,3,939,6046807952896,94.6327867227564
3,0,940,6048244134668,94.65526302502755
3,1,940,6049686596849,94.67783761595115
3,2,940,6051820723007,94.7112367758257
3,3,940,6053605509120,94.73916875
3,0,941,6055036764068,94.76156794727815
3,1,941,6056477863512,94.7841212113131
3,2,941,6057917447371,94.80665075638208
3,3,941,6059361071104,94.82924352564103
3,0,942,6060795240446,94.85168833330204
3,1,942,6062236907640,94.87425048264724
3,2,942,6063678176497,94.89680639800243
3,3,942,6065117722112,94.91933534455129
3,0,943,6067243746441,94.9526077104774
3,1,943,6069378803118,94.98602143301157
3,2,943,6071162153357,95.01393093570024
3,3,943,6072946458624,95.04185538461539
3,0,944,6074380912457,95.06430464457195
3,1,944,6076169548045,95.09229686318422
3,2,944,6077606423108,95.11478401548729
3,3,944,6079395222528,95.14277879807693
3,0,945,6080831309265,95.1652536130465
3,1,945,6082275754233,95.18785923466609
3,2,945,6084060056326,95.215783633908
3,3,945,6085501408768,95.2383408573718
3,0,946,6086934311987,95.26076585015713
3,1,946,6088726032537,95.2888063485483
3,2,946,6090511201232,95.31674431014623
3,3,946,6091954377216,95.33933007211539
3,0,947,6093044487305,95.35639033868252
3,1,947,6094485713072,95.37894557967749
3,2,947,6095923449503,95.40144621242426
3,3,947,6097362879488,95.42397334935897
3,0,948,6099142135544,95.45181877791967
3,1,948,6100585843337,95.47441286272098
3,2,948,6102376495460,95.5024366401868
3,3,948,6104164139520,95.53041334134616
3,0,949,6105256482129,95.54750854694073
3,1,949,6106697643651,95.57006278249888
3,2,949,6108484358866,95.59802494719676
3,3,949,6109927618048,95.62061201121796
3,0,950,6111018726304,95.63768789913863
3,1,950,6112463836347,95.66030392920861
3,2,950,6114251579642,95.68828218339969
3,3,950,6115691444224,95.71081612179488
3,0,951,6117124360685,95.73324132181804
3,1,951,6118565218434,95.75579080331656
3,2,951,6120352950352,95.78376887945713
3,3,951,6121795400192,95.8063432772436
3,0,952,6123576756830,95.83422157999675
3,1,952,6124671894118,95.85136052242964
3,2,952,6126112739459,95.87390980974247
3,3,952,6127552128000,95.89643629807692
3,0,953,6128988362889,95.91891343163124
3,1,953,6130777586232,95.94691484863282
3,2,953,6132565423919,95.97489458006248
3,3,953,6134350564864,96.0028321073718
3,0,954,6135785522447,96.02528925103604
3,1,954,6137921779045,96.05872175238194
3,2,954,6139360484145,96.08123754483736
3,3,954,6140802738688,96.10380888621795
3,0,955,6141890827632,96.12083752178486
3,1,955,6143335898545,96.14345293946877
3,2,955,6144777598983,96.16601560908391
3,3,955,6146562447872,96.19394856570513
3,0,956,6149027683346,96.23252959964067
3,1,956,6150468629690,96.2550804676545
3,2,956,6152257571479,96.2830774783247
3,3,956,6153351508480,96.30019763621794
3,0,957,6155472663186,96.33339379234901
3,1,957,6156915315764,96.35597136299329
3,2,957,6158011226309,96.37312240692921
3,3,957,6159798066176,96.4010865224359
3,0,958,6161237930174,96.42362045169146
3,1,958,6162681803362,96.44621712493114
3,2,958,6164123941932,96.46878665132964
3,3,958,6165909100544,96.4967244551282
3,0,959,6167346252555,96.51921594167857
3,1,959,6168789275707,96.5417993118208
3,2,959,6170229768069,96.56434307499812
3,3,959,6171327938560,96.5815294871795
3,0,960,6172763134253,96.60399035727477
3,1,960,6174205829260,96.6265685919346
3,2,960,6176338874575,96.65995083657289
3,3,960,6178127749632,96.68794680288462
3,0,961,6180243640806,96.721060584529
3,2,961,6183435292228,96.77101005715394
3,3,961,6184531784704,96.78817020833334
3,0,962,6186311690851,96.81602581084422
3,1,962,6187411365553,96.83323576398801
3,2,962,6188852618505,96.85579143042932
3,3,962,6190292426752,96.87832448717948
3,0,963,6191731368049,96.90084397612743
3,1,963,6192828318974,96.91801130205204
3,2,963,6194271498715,96.94059712281839
3,3,963,6196061585408,96.96861205128205
3,0,964,6197844579502,96.99651598028721
3,1,964,6199288146097,97.01910785533416
3,2,964,6200731907711,97.04170278243627
3,3,964,6202175987200,97.06430268429487
3,0,965,6203605747422,97.08667848905124
3,1,965,6205051302595,97.10930148542356
3,2,965,6207189331251,97.14276171954816
3,3,965,6208974362624,97.17069753205128
3,0,966,6210756164449,97.19858280199882
3,1,966,6212197552605,97.22114058438815
3,2,966,6213294953631,97.23831495441144
3,3,966,6215081708544,97.26627774038462
3,0,967,6216512219038,97.28866528692784
3,1,967,6217607712283,97.30580980010204
3,2,967,6219045537981,97.32831182988093
3,3,967,6220831805952,97.35626699519231
3,0,968,6221918929345,97.37328051984738
3,1,968,6223362619896,97.3958743348107
3,2,968,6225839926958,97.43464428958208
3,3,968,6227969676800,97.4679749599359
3,0,969,6229743833229,97.49574057912973
3,1,969,6231190837373,97.51838625195626
3,2,969,6232634776746,97.54098396099384
3,3,969,6234078490624,97.56357814102564
3,0,970,6235512601788,97.58602203819862
3,1,970,6237303962725,97.61405690863194
3,2,970,6238743424532,97.63658454358223
3,3,970,6240531159552,97.66456266826923
3,0,971,6242309382445,97.69239192778758
3,1,971,6243751736802,97.71496483126127
3,2,971,6245192228543,97.73750858471993
3,3,971,6246632249856,97.76004497596153
3,0,972,6247721061704,97.77708492500501
3,1,972,6249166584346,97.79970741226587
3,2,972,6250605976968,97.82223396446815
3,3,972,6252047844352,97.84479924679488
3,0,973,6253481962362,97.86724325110802
3,1,973,6254927208999,97.88986141887959
3,2,973,6256714417384,97.91783130170774
3,3,973,6258156003840,97.94039218750001
3,0,974,6259586901943,97.9627858001396
3,1,974,6261029687258,97.98536544812325
3,2,974,6262466824975,98.00785671097194
3,3,974,6263907020800,98.03039583333333
3,0,975,6265338619894,98.05280041651017
3,1,975,6267130887561,98.08084947730431
3,2,975,6268571722832,98.10339860702123
3,3,975,6270361217024,98.13140426282051
3,0,976,6271792531534,98.15380439224634
3,1,976,6273237215571,98.17641375530536
3,2,976,6274678411721,98.1989685327931
3,3,976,6275774002688,98.21611457532052
3,0,977,6277892519066,98.24926944151267
3,2,977,6281399936982,98.30416067241963
3,3,977,6283531434496,98.33751869391025
3,0,978,6284968444791,98.36000796259954
3,1,978,6286413858529,98.38262874550844
3,2,978,6288544831265,98.41597855420235
3,3,978,6289639065088,98.43310335737179
3,0,979,6291070643147,98.45550761135004
3,1,979,6293899032479,98.49977201771271
3,2,979,6295339759876,98.52231945919722
3,3,979,6296435020288,98.53946032852565
3,0,980,6297871331364,98.56193865440956
3,1,980,6300004061527,98.59531596690643
3,2,980,6301446473835,98.61788977731558
3,3,980,6303577659904,98.6512429246795
3,0,981,6305351824590,98.67900867309571
3,1,981,6307485967850,98.71240810061724
3,2,981,6309617973647,98.74577407675719
3,3,981,6311406815232,98.77376951923077
3,0,982,6312839262556,98.79618737724108
3,1,982,6314282649388,98.81877643898989
3,2,982,6315721069268,98.8412877677409
3,3,982,6317164426240,98.8638763621795
3,0,983,6318256480109,98.8809670489815
3,1,983,6319701788020,98.90358617569362
3,2,983,6321142665138,98.92613596031777
3,3,983,6322581539840,98.94865440705128
3,0,984,6324360035739,98.97648793912448
3,1,984,6325802692876,98.99906558111729
3,2,984,6327589193295,99.02702438424917
3,3,984,6329722116608,99.06040471955129
3,0,985,6331155203599,99.08283258837578
3,1,985,6332942504959,99.1108039262664
3,2,985,6334386396221,99.13340088236491
3,3,985,6335826169344,99.15593338942308
3,0,986,6337263513650,99.1784278853979
3,1,986,6339054989772,99.20646455848107
3,2,986,6340497360791,99.22903772271572
3,3,986,6341941441536,99.25163764423077
3,0,987,6343372691036,99.2740367562475
3,1,987,6344814773171,99.29660539943598
3,2,987,6346605207755,99.32462577240773
3,3,987,6348045994496,99.3471741426282
3,0,988,6349477345945,99.36957485015087
3,1,988,6350574343584,99.38674290715144
3,2,988,6352017673619,99.40933108002491
3,3,988,6353805606912,99.43731230769231
3,0,989,6355582140617,99.46511513135079
3,1,989,6357371910858,99.49312510732798
3,2,989,6358813238660,99.51568194517478
3,3,989,6360602191360,99.54367912660257
3,0,990,6363410022764,99.58762180056841
3,1,990,6364853618527,99.61021413209573
3,2,990,6366293852645,99.63275385374412
3,3,990,6367736692224,99.65533435096154
3,0,991,6369169349504,99.67775549479167
3,1,991,6370611756342,99.7003292195951
3,2,991,6372054172659,99.72290309274527
3,3,991,6374186511872,99.75627428685898
3,0,992,6375618479041,99.77868463042431
3,1,992,6377060913808,99.80125879231771
3,2,992,6378498088575,99.82375063500038
3,3,992,6379937235456,99.84627334134616
3,0,993,6381369131998,99.86868257959611
3,1,993,6382814257238,99.89129884749975
3,2,993,6384253865099,99.913828768201
3,3,993,6385351303680,99.93100372596155
3,0,994,6386783808986,99.95342249139249
3,1,994,6388572281896,99.98141216408754
3,2,994,6390012953734,100.00395873607147
3,3,994,6391798111232,100.0318965224359
3,0,995,6393576763464,100.0597325011268
3,1,995,6395368145213,100.08776769726876
3,2,995,6396805478503,100.11026202084273
3,3,995,6398247641600,100.13283193108974
3,0,996,6400022551677,100.16060934490497
3,1,996,6401466703547,100.18321037952913
3,2,996,6402560591483,100.20032976955316
3,3,996,6404346296832,100.2282761298077
3,0,997,6405779760283,100.25070989024627
3,1,997,6406879274711,100.26791733509553
3,2,997,6408319045246,100.29044980165139
3,3,997,6409758446080,100.3129764823718
3,0,998,6411198671502,100.33551606792744
3,1,998,6412297879793,100.35271872172038
3,2,998,6414085014143,100.38068744589782
3,3,998,6415525167616,100.40322590544872
3,0,999,6417303111851,100.43105080395821
3,1,999,6418745290308,100.45362095458985
3,2,999,6420535060223,100.48163092546513
3,3,999,6422319151616,100.50955202724359
3,0,1000,6423749846245,100.53194245550694
3,1,1000,6425192939917,100.55452692928999
3,2,1000,6426632204362,100.57705147551708
3,3,1000,6427728155136,100.59420314903846
3,0,1001,6429166896860,100.61671951466096
3,1,1001,6430613147060,100.63935338823367
3,2,1001,6432403282509,100.66736907973069
3,3,1001,6433846054912,100.68994852564103
3,0,1002,6435277994738,100.71235844128731
3,1,1002,6436723094886,100.73497431650016
3,2,1002,6438164756563,100.75753637950409
3,3,1002,6439606790144,100.78010426282052
3,0,1003,6441040063737,100.80253505197379
3,1,1003,6442482435376,100.82510822591146
3,2,1003,6444268468111,100.85305970977001
3,3,1003,6445710568448,100.87562863782051
3,0,1004,6447145828123,100.89809050923665
3,1,1004,6449280677466,100.93150098698543
3,2,1004,6450724034054,100.95408957541441
3,3,1004,6452511744000,100.9820673076923
3,0,1005,6453599568204,100.99909180006762
3,1,1005,6455391190538,101.02713076137445
3,2,1005,6456834566988,101.04971966064453
3,3,1005,6458277999616,101.07230943910257
3,0,1006,6459716788588,101.09482654415815
3,1,1006,6461161748496,101.11744022460938
3,2,1006,6462949791376,101.14542316731772
3,3,1006,6464737005056,101.17339313301282
3,0,1007,6466512363469,101.20117756330441
3,1,1007,6468299784917,101.22915078057706
3,2,1007,6469737188960,101.2516462114383
3,3,1007,6471178881536,101.27420875801282
3,0,1008,6472617552351,101.29672401390663
3,1,1008,6474060170413,101.31930104437413
3,2,1008,6475504065093,101.34189805396447
3,3,1008,6476600770560,101.35906153846155
3,0,1009,6478031598562,101.38145405401768
3,1,1009,6479473726653,101.40402341641939
3,2,1009,6481260772427,101.43199075437889
3,3,1009,6483392417280,101.46535108173077
3,0,1010,6484826184769,101.48778960037623
3,1,1010,6486272650714,101.51042685036684
3,2,1010,6487368377233,101.52757501428849
3,3,1010,6489153072128,101.55550556089744
3,0,1011,6490586339418,101.5779362514085
3,1,1011,6492724047668,101.61139147116637
3,2,1011,6494511711900,101.63936848801833
3,3,1011,6496298772480,101.66733605769231
3,0,1012,6498072328905,101.69509228679951
3,1,1012,6499862943768,101.72311548114483
3,2,1012,6501300996228,101.74562105975812
3,3,1012,6502398860800,101.76280268429487
3,0,1013,6504176681223,101.7906256451416
3,1,1013,6505271801883,101.80776432734564
3,2,1013,6506714648358,101.83034493248573
3,3,1013,6508154613248,101.85288044070514
3,0,1014,6509593831184,101.87540425906451
3,1,1014,6511036391958,101.89798039297251
3,2,1014,6512824406122,101.92596288627429
3,3,1014,6513922944000,101.94315504807693
3,0,1015,6515360169230,101.96564768050756
3,1,1015,6516802694150,101.98822325329903
3,2,1015,6518244214545,102.010783105234
3,3,1015,6519339309568,102.02792138621795
3,0,1016,6520776707864,102.05041672713843
3,1,1016,6522217461290,102.07296457597782
3,2,1016,6523658134480,102.0955111691206
3,3,1016,6525100827648,102.118089375
3,0,1017,6526532850498,102.14050058997522
3,1,1017,6528322769870,102.16851289985853
3,2,1017,6530456534958,102.20190640897312
3,3,1017,6531897020416,102.22445006410257
3,0,1018,6534015266266,102.25760069652068
3,1,1018,6535460534428,102.28021920115935
3,2,1018,6536900547655,102.30275546585474
3,3,1018,6537995343360,102.3198890625
3,0,1019,6539427704275,102.342305568206
3,1,1019,6540870322348,102.36488259884565
3,2,1019,6542311940860,102.3874439863156
3,3,1019,6543753610752,102.41000617788463
3,0,1020,6545874730515,102.44320178715633
3,1,1020,6547664149945,102.47120627292732
3,2,1020,6549451013132,102.49917075339293
3,3,1020,6550892356608,102.52172783653846
3,0,1021,6552665728658,102.54948118016952
3,1,1021,6554111951127,102.57211461975098
3,2,1021,6555555576675,102.59470741741474
3,3,1021,6557339960832,102.62263310096154
3,0,1022,6558779050676,102.64515491467598
3,1,1022,6560220458685,102.66771300776556
3,2,1022,6561663548078,102.69029741458209
3,3,1022,6563101623808,102.7128033573718
3,0,1023,6565219709702,102.74595148647211
3,1,1023,6566316777014,102.76312063385792
3,2,1023,6567755986443,102.78564431908241
3,3,1023,6569542909952,102.81360974358975
3,0,1024,6570975587616,102.83603120643029
3,1,1024,6573109500248,102.86942702461438
3,2,1024,6574549031382,102.89195574453501
3,3,1024,6575990170624,102.91450963141025
3,0,1025,6577424249214,102.93695301879883
3,1,1025,6578867407663,102.95953850634453
3,2,1025,6580310558664,102.98212387732873
3,3,1025,6581407456256,102.99929036858974
3,0,1026,6582838056326,103.02167931700096
3,1,1026,6584975825632,103.05513549228766
3,2,1026,6586766935150,103.08316642800357
3,3,1026,6588550802944,103.11108403044872
3,0,1027,6591012929082,103.1496164031513
3,1,1027,6592803575079,103.17764008474497
3,2,1027,6594245166280,103.20020104479667
3,3,1027,6595684248064,103.22272273237179
3,0,1028,6597117401185,103.24515163613344
3,1,1028,6598559738100,103.26772426663912
3,2,1028,6600002668746,103.29030618905875
3,3,1028,6602825359872,103.33448141826923
3,0,1029,6604599982833,103.36225433870756
3,1,1029,6606736751362,103.39569485179412
3,2,1029,6608523910915,103.42366397039952
3,3,1029,6609964828672,103.44621439102565
3,0,1030,6611399115089,103.46866103091509
3,1,1030,6613883024866,103.50753431844076
3,2,1030,6615323378405,103.53007590903258
3,3,1030,6616765377536,103.55264325320513
3,0,1031,6618539277244,103.58040485470504
3,1,1031,6619985308010,103.60303529412685
3,2,1031,6621771414403,103.63098793073605
3,3,1031,6623211527168,103.65352575320513
3,0,1032,6624985417209,103.68128720341609
3,1,1032,6626429226164,103.70388287140675
3,2,1032,6627870766288,103.72644303210137
3,3,1032,6629312429568,103.74900512019231
3,0,1033,6630749882900,103.77150132242839
3,1,1033,6632195516066,103.79412553939429
3,2,1033,6633640055493,103.81673263930101
3,3,1033,6635770340352,103.85007168269232
3,0,1034,6637545481820,103.87785271778596
3,1,1034,6638642997216,103.89502887770433
3,2,1034,6640085171526,103.91759896343525
3,3,1034,6641870521856,103.9455397676282
3,0,1035,6643649453709,103.97338012239896
3,1,1035,6645095767870,103.9960149969639
3,2,1035,6646190946950,104.01315459344326
3,3,1035,6647630844416,104.03568904647436
3,0,1036,6649406112415,104.06347206178323
3,1,1036,6650505131336,104.0806717519281
3,2,1036,6651944536732,104.10319850404397
3,3,1036,6653384422400,104.1257327724359
3,0,1037,6655163810997,104.15358027526855
3,1,1037,6656605810366,104.17614762316582
