node_id,message_transmitter_id,message_id,timestamp_bit,timestamp_seconds,clock_offset(not_used)
3,0,0,202719313490,3.1725653778858676,nan
3,3,0,203450540032,3.1840091025641026,0.0
3,0,1,204181584980,3.1954499852889624,nan
3,3,1,204911797248,3.2068778365384616,0.0
3,0,2,205643531343,3.2183295044414812,nan
3,3,2,206372990976,3.229745576923077,0.0
3,0,3,207105285192,3.2412060107421876,nan
3,3,3,208512639488,3.2632311618589744,0.0
3,0,4,209245900166,3.2747067208471057,nan
3,3,4,209979991552,3.2861952804487182,0.0
3,0,5,211385237698,3.308187438933544,nan
3,3,5,212114829824,3.3196055849358976,0.0
3,0,6,212847200966,3.33106722264999,nan
3,3,6,213581732864,3.3425626762820513,0.0
3,0,7,214314389172,3.354028776855469,nan
3,3,7,215720918016,3.376041009615385,0.0
3,0,8,216454505428,3.387521682003706,nan
3,3,8,217187714560,3.398996434294872,0.0
3,0,9,218594438411,3.4210117189221507,nan
3,3,9,219327405568,3.4324826842948717,0.0
3,0,10,220062641414,3.4439891547413364,nan
3,3,10,220794498560,3.455442748397436,0.0
3,0,11,221524666106,3.4668698997458436,nan
3,3,11,222256160256,3.4783178125000003,0.0
3,0,12,222986934515,3.489754458931165,nan
3,3,12,224390963200,3.5117275641025643,0.0
3,0,13,225122191904,3.523171322616186,nan
3,3,13,225852930048,3.534607403846154,0.0
3,0,14,226584289806,3.546053213360126,nan
3,3,14,227315004928,3.557488934294872,0.0
3,0,15,228719196482,3.5794645883726464,nan
3,3,15,229450083840,3.5909030048076924,0.0
3,0,16,230181260617,3.6023459506616837,nan
3,3,16,230911910400,3.613780649038462,0.0
3,0,17,231643437889,3.625229083549304,nan
3,3,17,232373685760,3.6366574919871795,0.0
3,0,18,233105977651,3.648117889419947,nan
3,3,18,233835789824,3.659539479166667,0.0
3,0,19,235240902223,3.681529544505584,nan
3,3,19,235971200000,3.692958733974359,0.0
3,0,20,236702730316,3.704407212727865,nan
3,3,20,237433334784,3.715841201923077,0.0
3,0,21,238164652612,3.7272863552308695,nan
3,3,21,239568678912,3.749259423076923,0.0
3,0,22,240299627891,3.760698803883088,nan
3,3,22,241030418432,3.772135705128205,0.0
3,0,23,241761346404,3.7835747571739784,nan
3,3,23,242491594752,3.7950031730769234,0.0
3,0,24,243222634830,3.806443979586088,nan
3,3,24,243953378304,3.8178801442307693,0.0
3,0,25,245357087888,3.839848255458734,nan
3,3,25,246088002560,3.8512870993589745,0.0
3,0,26,246818983039,3.8627269731414016,nan
3,3,26,247549614592,3.8741613862179487,0.0
3,0,27,248280852591,3.885605290198693,nan
3,3,27,249011186176,3.8970350400641025,0.0
3,0,28,249742901850,3.9084864196777347,nan
3,3,28,251144780800,3.9304258814102564,0.0
3,0,29,251877987212,3.9419005911333134,nan
3,3,29,252611137024,3.953374415064103,0.0
3,0,30,253345587057,3.964868587505634,nan
3,3,30,254749761024,3.986843966346154,0.0
3,0,31,255480154765,3.9982746576553736,nan
3,3,31,256210897920,4.009710817307693,0.0
3,0,32,256942387342,4.02115865606846,nan
3,3,32,257672217088,4.032580520833333,0.0
3,0,33,258404244102,4.044036772930439,nan
3,3,33,259138734080,4.05553157051282,0.0
3,0,34,260544726425,4.077535407041892,nan
3,3,34,261277677056,4.089006113782052,0.0
3,0,35,262012049292,4.100499068697416,nan
3,3,35,262744229888,4.111957724358975,0.0
3,0,36,263474300292,4.12338335543119,nan
3,3,36,264205500928,4.134826674679488,0.0
3,0,37,264935812471,4.146256079586714,nan
3,3,37,265667111936,4.15770094551282,0.0
3,0,38,266397363544,4.169129412434896,nan
3,3,38,267801176576,4.191099142628206,0.0
3,0,39,268531884682,4.2025347537622695,nan
3,3,39,269262598144,4.213970448717949,0.0
3,0,40,269993918074,4.2254156349221255,nan
3,3,40,270723912192,4.236840072115385,0.0
3,0,41,271455406184,4.248287982396835,nan
3,3,41,272184869888,4.2597041185897435,0.0
3,0,42,272916926031,4.271160826556866,nan
3,3,42,273651381248,4.2826550801282055,0.0
3,0,43,275056629113,4.30464726551545,nan
3,3,43,275790530048,4.316132844551282,0.0
3,0,44,276523480913,4.3276035549535505,nan
3,3,44,277256857088,4.339080921474359,0.0
3,0,45,277990948681,4.35056948431553,nan
3,3,45,278723544064,4.362034631410257,0.0
3,0,46,280125297762,4.383972132943961,nan
3,3,46,280857624064,4.395433068910257,0.0
3,0,47,281587366988,4.406853574907352,nan
3,3,47,282319089664,4.418305064102564,0.0
3,0,48,283048807499,4.429725177455804,nan
3,3,48,283780699136,4.441179310897436,0.0
3,0,49,285183125861,4.463127345330654,nan
3,3,49,285914966528,4.474580681089744,0.0
3,0,50,287317992069,4.496538087017353,nan
3,3,50,288050018816,4.507994334935898,0.0
3,0,51,289452780462,4.529947610896184,nan
3,3,51,290185220608,4.541410328525641,0.0
3,0,52,290914788239,4.552828091180263,nan
3,3,52,291647122432,4.5642891506410255,0.0
3,0,53,292377070475,4.575712866758689,nan
3,3,53,293108771840,4.587164022435897,0.0
3,0,54,294512565417,4.609133448157677,nan
3,3,54,295242993152,4.620564671474359,0.0
3,0,55,296648286667,4.642557571285932,nan
3,3,55,297382454272,4.654047323717949,0.0
3,0,56,298116335539,4.665532594948793,nan
3,3,56,298849529344,4.677007107371795,0.0
3,0,57,299583895435,4.688499966117663,nan
3,3,57,300316483584,4.699965,0.0
3,0,58,301051642745,4.711470270323142,nan
3,3,58,301783595008,4.722925352564102,0.0
3,0,59,302513509215,4.73434853914701,nan
3,3,59,303918420480,4.75633545673077,0.0
3,0,60,304648121994,4.767755314659706,nan
3,3,60,305379885568,4.7792074439102565,0.0
3,0,61,306782998429,4.8011662163993645,nan
3,3,61,307514818560,4.812619230769231,0.0
3,0,62,308244856201,4.824044349099184,nan
3,3,62,309650024960,4.846035296474359,0.0
3,0,63,310384753317,4.857533824697641,nan
3,3,63,311118002176,4.869009198717949,0.0
3,0,64,311851881092,4.880494433155549,nan
3,3,64,312585686016,4.8919785096153845,0.0
3,0,65,313319594102,4.903464200564653,nan
3,3,65,314053761536,4.914953950320513,0.0
3,0,66,314787660368,4.926439496444311,nan
3,3,66,315521926656,4.937930793269231,0.0
3,0,67,316928130933,4.959937946542594,nan
3,3,67,317662560768,4.971431802884616,0.0
3,0,68,318396112716,4.982911920259916,nan
3,3,68,319129474048,4.99438905448718,0.0
3,0,69,319863617855,5.005878434479542,nan
3,3,69,320597523456,5.017364086538461,0.0
3,0,70,321331105559,5.028844675840721,nan
3,3,70,322065330688,5.040335328525641,0.0
3,0,71,322798776582,5.051813786151593,nan
3,3,71,323533303808,5.0633091666666665,0.0
3,0,72,324266737381,5.074787431468475,nan
3,3,72,325675088896,5.096828189102564,0.0
3,0,73,326407035905,5.1082831891182146,nan
3,3,73,327137820672,5.11972,0.0
3,0,74,327869299164,5.13116766770583,nan
3,3,74,328599976960,5.142602804487179,0.0
3,0,75,329330900431,5.154041786092122,nan
3,3,75,330735179264,5.176018806089743,0.0
3,0,76,331466033897,5.187456710377229,nan
3,3,76,332197696512,5.1989072596153845,0.0
3,0,77,332928178383,5.210339330162635,nan
3,3,77,333660121088,5.221794262820513,0.0
3,0,78,334390333638,5.233222118483323,nan
3,3,78,335122193920,5.244675761217949,0.0
3,0,79,335852553889,5.256105923994015,nan
3,3,79,337256640000,5.278079927884615,0.0
3,0,80,337986998219,5.289510063273112,nan
3,3,80,338718422528,5.30095688301282,0.0
3,0,81,339448426922,5.312381481025891,nan
3,3,81,340180217344,5.323834030448718,0.0
3,0,82,340910576015,5.335264172911033,nan
3,3,82,341642526208,5.34671922275641,0.0
3,0,83,342372394875,5.358141696636493,nan
3,3,83,343104158208,5.369593822115385,0.0
3,0,84,343834860889,5.381029348347982,nan
3,3,84,345238526464,5.402996770833333,0.0
3,0,85,345969539202,5.414437149470403,nan
3,3,85,346700632064,5.425878782051282,0.0
3,0,86,347431623258,5.4373188235238885,nan
3,3,86,348162718208,5.448760488782051,0.0
3,0,87,348894048843,5.460205842519907,nan
3,3,87,349624303616,5.4716343589743595,0.0
3,0,88,350356370479,5.483091234709911,nan
3,3,88,351085794304,5.494506746794872,0.0
3,0,89,351819428367,5.505988149273212,nan
3,3,89,352552642048,5.517462972756411,0.0
3,0,90,353960340758,5.539493513966096,nan
3,3,90,354692318720,5.550948998397436,0.0
3,0,91,355422660359,5.562378874308268,nan
3,3,91,356826400256,5.5843474599358975,0.0
3,0,92,357557427730,5.595788069191958,nan
3,3,92,358288420864,5.607228141025641,0.0
3,0,93,359019853328,5.618675088391426,nan
3,3,93,359750474752,5.630109342948718,0.0
3,0,94,360482578405,5.641566794449244,nan
3,3,94,361212563456,5.6529910897435895,0.0
3,0,95,361944707536,5.664449173928285,nan
3,3,95,362674896896,5.6758766666666665,0.0
3,0,96,363407034299,5.687334646356045,nan
3,3,96,364809030656,5.709275945512821,0.0
3,0,97,365542498512,5.720754746844952,nan
3,3,97,366275724800,5.732229767628206,0.0
3,0,98,367010066619,5.743722246516302,nan
3,3,98,367743312896,5.755197580128205,0.0
3,0,99,368478067856,5.766696524689503,nan
3,3,99,369211041792,5.778167596153846,0.0
3,0,100,369945252985,5.789658030739809,nan
3,3,100,370678763520,5.8011375,0.0
3,0,101,371412431430,5.8126194321852465,nan
3,3,101,372146566144,5.824108669871795,0.0
3,0,102,373552166748,5.846106375638522,nan
3,3,102,374286509568,5.857598870192308,0.0
3,0,103,375019525449,5.869070598097581,nan
3,3,103,375753738752,5.880561065705129,0.0
3,0,104,376487110940,5.892038369829227,nan
3,3,104,377220528128,5.903516378205128,0.0
3,0,105,377954501384,5.9150030890675085,nan
3,3,105,378687497216,5.926474503205128,0.0
3,0,106,379422060765,5.937970452176608,nan
3,3,106,380154349056,5.949430793269231,0.0
3,0,107,381561124351,5.971446882997171,nan
3,3,107,382293220864,5.98290422275641,0.0
3,0,108,383022270418,5.994313877485227,nan
3,3,108,383754311168,6.005770344551282,0.0
3,0,109,384483853771,6.017187715516702,nan
3,3,109,385215527424,6.028638437500001,0.0
3,0,110,386617829072,6.050584514473157,nan
3,3,110,387349635072,6.062037307692308,0.0
3,0,111,388079219402,6.073455331686949,nan
3,3,111,388810591744,6.084901338141026,0.0
3,0,112,389540941995,6.096331348830003,nan
3,3,112,390271545344,6.10776532051282,0.0
3,0,113,391003033230,6.119213135235126,nan
3,3,113,391733110272,6.130638870192308,0.0
3,0,114,392465154679,6.14209539449056,nan
3,3,114,393194866176,6.153515408653846,0.0
3,0,115,393927163975,6.16497589854705,nan
3,3,115,395330019840,6.1869306490384615,0.0
3,0,116,396061334897,6.198375758979993,nan
3,3,116,396792016384,6.209810953525642,0.0
3,0,117,397523463491,6.221258130054963,nan
3,3,117,398927070208,6.243224631410256,0.0
3,0,118,399657649259,6.2546582228284,nan
3,3,118,400388696576,6.266099142628205,0.0
3,0,119,401118736452,6.277524295935998,nan
3,3,119,401850690560,6.288979407051282,0.0
3,0,120,402579805766,6.3003900892365285,nan
3,3,120,403312475648,6.31185640224359,0.0
3,0,121,404046956044,6.323351049867288,nan
3,3,121,405452871680,6.345353685897436,0.0
3,0,122,406185878823,6.35682527705266,nan
3,3,122,406920290304,6.368318846153846,0.0
3,0,123,407652744462,6.379781783071665,nan
3,3,123,408382202368,6.391197828525641,0.0
3,0,124,409114148596,6.40265281631861,nan
3,3,124,409843699712,6.4140703205128204,0.0
3,0,125,410575243463,6.425519009524614,nan
3,3,125,411305191424,6.436942724358975,0.0
3,0,126,412037086905,6.44839691795936,nan
3,3,126,413439611392,6.470346482371795,0.0
3,0,127,414170462151,6.481784326031025,nan
3,3,127,414900980224,6.493216963141026,0.0
3,0,128,416304146652,6.51517657395583,nan
3,3,128,417035480064,6.526621971153847,0.0
3,0,129,417765176010,6.53804174194336,nan
3,3,129,418497103360,6.549496434294872,0.0
3,0,130,419226493620,6.560911421086238,nan
3,3,130,419959240704,6.572378942307693,0.0
3,0,131,420693104775,6.583863944420448,nan
3,3,131,421426249728,6.595337692307693,0.0
3,0,132,422159749735,6.606816996804262,nan
3,3,132,422893232128,6.618296025641026,0.0
3,0,133,423626586190,6.629773046092498,nan
3,3,133,425031606272,6.651761666666667,0.0
3,0,134,425765776711,6.663251463450897,nan
3,3,134,426498295808,6.6747154166666665,0.0
3,0,135,427232857917,6.686211343102088,nan
3,3,135,427965024256,6.6976697756410255,0.0
3,0,136,428694662929,6.7090886501057945,nan
3,3,136,429426484224,6.720541682692308,0.0
3,0,137,430156049155,6.731959403091822,nan
3,3,137,430887413248,6.743405280448719,0.0
3,0,138,432289984527,6.765355577157828,nan
3,3,138,433020357120,6.776785937500001,0.0
3,0,139,433751491580,6.788228221091246,nan
3,3,139,434481054208,6.799645905448718,0.0
3,0,140,435212987850,6.811100696270283,nan
3,3,140,435946872832,6.822586025641026,0.0
3,0,141,436680435116,6.83406630477514,nan
3,3,141,438085331456,6.856052988782052,0.0
3,0,142,438819204800,6.867538136017628,nan
3,3,142,439551254528,6.878994743589744,0.0
3,0,143,440280557713,6.890408367653872,nan
3,3,143,441011956224,6.901854783653846,0.0
3,0,144,441742067333,6.913281051760943,nan
3,3,144,442472420352,6.924711105769231,0.0
3,0,145,443203454039,6.93615181225899,nan
3,3,145,444605745152,6.958097724358975,0.0
3,0,146,445337228661,6.969545470581055,nan
3,3,146,446066577408,6.980959807692308,0.0
3,0,147,446798702403,6.992417593195989,nan
3,3,147,447533000192,7.003909383012821,0.0
3,0,148,448266458409,7.015388033494216,nan
3,3,148,448999218176,7.026855753205129,0.0
3,0,149,449733795590,7.0383519191644135,nan
3,3,149,450465430528,7.049802035256411,0.0
3,0,150,451195875037,7.061233521086864,nan
3,3,150,452598661120,7.0831871794871795,0.0
3,0,151,453330569205,7.09464157034067,nan
3,3,151,454064045056,7.106120496794872,0.0
3,0,152,454797889479,7.11760519141564,nan
3,3,152,455529702400,7.129058092948718,0.0
3,0,153,456259836849,7.14048472632775,nan
3,3,153,456989821952,7.151909022435897,0.0
3,0,154,457721806728,7.1633646135066105,nan
3,3,154,459128084480,7.185372916666667,0.0
3,0,155,459861919885,7.196857470155374,nan
3,3,155,460594073600,7.208315705128205,0.0
3,0,156,461323603581,7.219732878558819,nan
3,3,156,462054638592,7.231173605769231,0.0
3,0,157,462785149516,7.242606130997095,nan
3,3,157,463515234304,7.254031987179488,0.0
3,0,158,464918932829,7.275999925333659,nan
3,3,158,465647903232,7.287408341346154,0.0
3,0,159,466380830022,7.298878674973708,nan
3,3,159,467113465344,7.3103444471153844,0.0
3,0,160,467847875847,7.321838000910833,nan
3,3,160,468579180032,7.3332829407051285,0.0
3,0,161,469309272313,7.34470891415327,nan
3,3,161,470039793152,7.356141594551282,0.0
3,0,162,471443134985,7.378103950461363,nan
3,3,162,472173504000,7.3895342548076925,0.0
3,0,163,472904741856,7.400978156550481,nan
3,3,163,473634009600,7.412391225961539,0.0
3,0,164,474366977483,7.423862202696189,nan
3,3,164,475099663360,7.435328766025641,0.0
3,0,165,476506513598,7.457346028614533,nan
3,3,165,477237734400,7.468789663461538,0.0
3,0,166,477967846051,7.4802159400509565,nan
3,3,166,478697854976,7.491640608974359,0.0
3,0,167,479429298313,7.50308772650303,nan
3,3,167,480162623488,7.5145642948717954,0.0
3,0,168,480896739416,7.526053238556691,nan
3,3,168,481628183040,7.5375003605769235,0.0
3,0,169,482358467136,7.5489293359375,nan
3,3,169,483088454144,7.560353661858975,0.0
3,0,170,484492749642,7.582330942664513,nan
3,3,170,485226855424,7.593819727564103,0.0
3,0,171,485959050008,7.605278602138422,nan
3,3,171,486693178368,7.616767740384615,0.0
3,0,172,487426054394,7.628237279553536,nan
3,3,172,488159411712,7.639714350961539,0.0
3,0,173,489565300740,7.661716570575421,nan
3,3,173,490297661440,7.673178044871795,0.0
3,0,174,491026977737,7.684591874139248,nan
3,3,174,491758864384,7.6960459294871795,0.0
3,0,175,492488309689,7.707461777735001,nan
3,3,175,493220452864,7.7189198477564105,0.0
3,0,176,493955017612,7.730415815492288,nan
3,3,176,495360872448,7.7524175,0.0
3,0,177,496094488710,7.763898623891977,nan
3,3,177,496828008960,7.775378245192308,0.0
3,0,178,497561935460,7.786864224321414,nan
3,3,178,498295062016,7.798337684294872,0.0
3,0,179,499029050432,7.809824632411859,nan
3,3,179,499762343936,7.8213007051282055,0.0
3,0,180,500496413196,7.832788918457031,nan
3,3,180,501902892544,7.854800376602564,0.0
3,0,181,502635787531,7.866270212511894,nan
3,3,181,503370370560,7.877766466346154,0.0
3,0,182,504102856949,7.889229907680414,nan
3,3,182,504837651968,7.9007294791666665,0.0
3,0,183,505569687759,7.9121858686241735,nan
3,3,183,506299376640,7.923605528846154,0.0
3,0,184,507703786949,7.945584606448443,nan
3,3,184,508434034176,7.957013004807693,0.0
3,0,185,509165810617,7.968465335427309,nan
3,3,185,509895086080,7.979878525641026,0.0
3,0,186,510627130770,7.991335054368239,nan
3,3,186,511361582592,8.002829254807693,0.0
3,0,187,512093871457,8.014289604883439,nan
3,3,187,512828293120,8.025783333333333,0.0
3,0,188,513560879432,8.037248338466547,nan
3,3,188,514294901248,8.048735809294872,0.0
3,0,189,515028467471,8.060216150074494,nan
3,3,189,516434484736,8.082220376602564,0.0
3,0,190,517168781331,8.093712147733248,nan
3,3,190,517900969984,8.10517092948718,0.0
3,0,191,518631159294,8.11659842144306,nan
3,3,191,519361867264,8.128034030448719,0.0
3,0,192,520092991439,8.139476153079302,nan
3,3,192,520822707200,8.15089623397436,0.0
3,0,193,521554679240,8.162351625726162,nan
3,3,193,522283980800,8.173765224358975,0.0
3,0,194,523016993166,8.185236897254358,nan
3,3,194,524423940608,8.207255681089745,0.0
3,0,195,525157596308,8.218737422188001,nan
3,3,195,525890944512,8.230214350961539,0.0
3,0,196,526625487486,8.241709977933445,nan
3,3,196,527357977600,8.253173477564102,0.0
3,0,197,528087745611,8.264594376173752,nan
3,3,197,528819891200,8.27605248397436,0.0
3,0,198,529549958200,8.287478061773838,nan
3,3,198,530282161664,8.298937075320513,0.0
3,0,199,531684865864,8.320889452248599,nan
3,3,199,532417126400,8.332349358974358,0.0
3,0,200,533146814743,8.343769010776619,nan
3,3,200,533878757376,8.355223942307692,0.0
3,0,201,534609041670,8.366652920766978,nan
3,3,201,535339822080,8.37808966346154,0.0
3,0,202,536070907589,8.389531180967673,nan
3,3,202,536800495616,8.400949262820513,0.0
3,0,203,538205475298,8.422937251133064,nan
3,3,203,538939147776,8.434419254807693,0.0
3,0,204,539672973256,8.445903652969752,nan
3,3,204,540405212672,8.457363229166667,0.0
3,0,205,541135218068,8.468787842861078,nan
3,3,205,541866335232,8.480229855769231,0.0
3,0,206,542596955527,8.491664092657627,nan
3,3,206,543327648256,8.503099463141027,0.0
3,0,207,544059130705,8.514547192774064,nan
3,3,207,545461372416,8.53649233173077,0.0
3,0,208,546192712826,8.547937838447767,nan
3,3,208,546922488320,8.559358854166668,0.0
3,0,209,547653974602,8.570806643786309,nan
3,3,209,548384028160,8.582232011217949,0.0
3,0,210,549114790969,8.593668478456156,nan
3,3,210,549845802496,8.605108838141026,0.0
3,0,211,550575738890,8.616532371951372,nan
3,3,211,551980297728,8.638513774038461,0.0
3,0,212,552715236614,8.650015597049029,nan
3,3,212,553447304704,8.66147249198718,0.0
3,0,213,554177316098,8.672897199550532,nan
3,3,213,554908615680,8.684342067307693,0.0
3,0,214,555639578831,8.695781669906225,nan
3,3,214,556369836544,8.707210232371795,0.0
3,0,215,557101539527,8.718661413370768,nan
3,3,215,557831368704,8.73008326923077,0.0
3,0,216,558563345039,8.741538728199494,nan
3,3,216,559970479104,8.763560432692309,0.0
3,0,217,560703035810,8.775024974490435,nan
3,3,217,561437580800,8.78652063301282,0.0
3,0,218,562170373507,8.797988868236052,nan
3,3,218,562904562176,8.809478950320512,0.0
3,0,219,563637189972,8.820944604679989,nan
3,3,219,564371783168,8.832441017628206,0.0
3,0,220,565103963965,8.843899676435422,nan
3,3,220,566506457088,8.86584875,0.0
3,0,221,567237820491,8.877294616558368,nan
3,3,221,567968066048,8.888722988782051,0.0
3,0,222,568699148330,8.900164455785507,nan
3,3,222,569429831168,8.91159967147436,0.0
3,0,223,570161266698,8.923046666823167,nan
3,3,223,570890787328,8.934463693910256,0.0
3,0,224,571623257572,8.94592688257462,nan
3,3,224,572356438528,8.957401193910256,0.0
3,0,225,573090580936,8.968890552008213,nan
3,3,225,573822832128,8.9803503125,0.0
3,0,226,575225179338,9.002297102520282,nan
3,3,226,575955497984,9.013726618589743,0.0
3,0,227,576687322805,9.025179706358298,nan
3,3,227,577421435392,9.03666859775641,0.0
3,0,228,578154353292,9.04813879225511,nan
3,3,228,578887978496,9.059620056089743,0.0
3,0,229,579621703261,9.071102878058019,nan
3,3,229,580354740736,9.082574943910256,0.0
3,0,230,581088888896,9.094064392027244,nan
3,3,230,581821502464,9.10552982371795,0.0
3,0,231,582550875663,9.116944543503982,nan
3,3,231,583955371008,9.138924951923077,0.0
3,0,232,584684831007,9.150341030132587,nan
3,3,232,585416423424,9.16179048076923,0.0
3,0,233,586147094785,9.173225516842573,nan
3,3,233,587549730304,9.195176818910257,0.0
3,0,234,588282045442,9.206637580159505,nan
3,3,234,589016367104,9.218129743589744,0.0
3,0,235,589749657072,9.229605760967548,nan
3,3,235,590482660864,9.241077299679487,0.0
3,0,236,591216739790,9.252565664281601,nan
3,3,236,591948290560,9.264014463141026,0.0
3,0,237,592678726035,9.275445807589017,nan
3,3,237,594080977920,9.297391105769231,0.0
3,0,238,594813522610,9.308855459516476,nan
3,3,238,595547073024,9.320335552884616,0.0
3,0,239,596281274503,9.33182583544609,nan
3,3,239,597012977152,9.34327701121795,0.0
3,0,240,597743578709,9.354710954855895,nan
3,3,240,598473637888,9.366136410256411,0.0
3,0,241,599877576046,9.388108098676632,nan
3,3,241,600606935040,9.399522596153846,0.0
3,0,242,601339531076,9.41098775346805,nan
3,3,242,602073124864,9.422468525641026,0.0
3,0,243,602806816023,9.433950821674054,nan
3,3,243,603539164672,9.445412107371794,0.0
3,0,244,604269044480,9.456834755608975,nan
3,3,244,604999269888,9.4682628125,0.0
3,0,245,605731070158,9.479715516044422,nan
3,3,245,607136758784,9.501714599358975,0.0
3,0,246,607870947799,9.513204686858348,nan
3,3,246,608602624000,9.52465544871795,0.0
3,0,247,609332756935,9.536082058402819,nan
3,3,247,610062430720,9.547501482371795,0.0
3,0,248,610794504078,9.558958459754358,nan
3,3,248,611527866368,9.570435608974359,0.0
3,0,249,612261522805,9.581917361606695,nan
3,3,249,613665214976,9.603885200320514,0.0
3,0,250,614396137095,9.615324160766601,nan
3,3,250,615124527616,9.626723501602564,0.0
3,0,251,615857847365,9.638199985054213,nan
3,3,251,616590347776,9.649663645833334,0.0
3,0,252,617325033001,9.661161499039087,nan
3,3,252,618056076800,9.672602363782051,0.0
3,0,253,619459942207,9.694572913646208,nan
3,3,253,620193872384,9.706058950320513,0.0
3,0,254,620927109904,9.717534146885017,nan
3,3,254,621659969536,9.72900342948718,0.0
3,0,255,622394158813,9.740493521086865,nan
3,3,255,623126228480,9.751950440705128,0.0
3,0,256,624527936499,9.773887227360653,nan
3,3,256,625259659264,9.785338717948719,0.0
3,0,257,625989468104,9.796760255533854,nan
3,3,257,626720556544,9.808201818910257,0.0
3,0,258,627450690487,9.819628444370368,nan
3,3,258,628180952576,9.831057075320514,0.0
3,0,259,628912047502,9.842498740203075,nan
3,3,259,629641536512,9.853915272435898,0.0
3,0,260,631046439045,9.875902053363507,nan
3,3,260,631780218880,9.887385737179487,0.0
3,0,261,632513468533,9.898861123625927,nan
3,3,261,633246357504,9.910330865384616,0.0
3,0,262,633980727883,9.921823791237856,nan
3,3,262,634712800768,9.933280761217949,0.0
3,0,263,636114717515,9.955220814475036,nan
3,3,263,636846167552,9.966668036858975,0.0
3,0,264,637576203569,9.978093129773262,nan
3,3,264,638307059200,9.989531049679487,0.0
3,0,265,639037455117,10.000961775043194,nan
3,3,265,639768032768,10.012395344551283,0.0
3,0,266,640498221795,10.023822832078201,nan
3,3,266,641901130240,10.045778405448718,0.0
3,0,267,642632135665,10.057218669637045,nan
3,3,267,643361693696,10.068636282051282,0.0
3,0,268,644094182344,10.080099758738983,nan
3,3,268,644827490816,10.091576065705128,0.0
3,0,269,645561143195,10.103057754829603,nan
3,3,269,646293663744,10.114521730769232,0.0
3,0,270,647028018563,10.126014413107848,nan
3,3,270,648432017408,10.147987051282051,0.0
3,0,271,649161375876,10.159401540527345,nan
3,3,271,649892397568,10.170842059294872,0.0
3,0,272,650622209116,10.182263639260317,nan
3,3,272,651353197056,10.193703629807693,0.0
3,0,273,652083644487,10.205135161367563,nan
3,3,273,652814061568,10.216566217948719,0.0
3,0,274,654217215302,10.238525630101913,nan
3,3,274,654947495424,10.249954543269231,0.0
3,0,275,655678539554,10.261395413192359,nan
3,3,275,656408768512,10.272823525641027,0.0
3,0,276,657139195145,10.284254731711364,nan
3,3,276,657869895680,10.295690224358975,0.0
3,0,277,658599955158,10.307115684438852,nan
3,3,277,659330999296,10.318556554487179,0.0
3,0,278,660733293037,10.34050250771547,nan
3,3,278,661465234432,10.351957419871795,0.0
3,0,279,662194664399,10.363373028079302,nan
3,3,279,662926856704,10.37483186698718,0.0
3,0,280,663656420767,10.38624957380246,nan
3,3,280,665061106688,10.40823296474359,0.0
3,0,281,665795817643,10.419731220624875,nan
3,3,281,666527802368,10.431186810897437,0.0
3,0,282,667257577097,10.442607814644056,nan
3,3,282,667989420544,10.454061193910256,0.0
3,0,283,668719456347,10.465486283475435,nan
3,3,283,669451000320,10.476934975961539,0.0
3,0,284,670181217354,10.488362901799128,nan
3,3,284,670912532992,10.499808020833333,0.0
3,0,285,671642517523,10.511232307989658,nan
3,3,285,673046669824,10.533207347756411,0.0
3,0,286,673781174047,10.544702368273613,nan
3,3,286,674513938432,10.55617016025641,0.0
3,0,287,675247901445,10.56765671081543,nan
3,3,287,675981028352,10.579130176282051,0.0
3,0,288,676715154634,10.590619282007463,nan
3,3,288,678120660480,10.612615504807692,0.0
3,0,289,678854461391,10.624099518463918,nan
3,3,289,679587823104,10.635576658653846,0.0
3,0,290,680322140090,10.647068748904497,nan
3,3,290,681054413824,10.658528862179487,0.0
3,0,291,681784257417,10.669950943650466,nan
3,3,291,682515533824,10.681395448717948,0.0
3,0,292,683246349682,10.69283274617513,nan
3,3,292,683977020416,10.704267772435898,0.0
3,0,293,685380591234,10.726233711970403,nan
3,3,293,686111261696,10.73766873397436,0.0
3,0,294,686843115083,10.749122268801958,nan
3,3,294,687572822016,10.760542211538462,0.0
3,0,295,688305051180,10.772001627291166,nan
3,3,295,689039584256,10.783497099358975,0.0
3,0,296,689772260364,10.794963509803186,nan
3,3,296,690506208768,10.80644983173077,0.0
3,0,297,691239529428,10.817926329439604,nan
3,3,297,691972930048,10.829404078525641,0.0
3,0,298,693379307224,10.85141393767528,nan
3,3,298,694111152128,10.86286733974359,0.0
3,0,299,694840779455,10.874286036643005,nan
3,3,299,696243279872,10.896235224358975,0.0
3,0,300,696974493636,10.907678749060999,nan
3,3,300,697703730688,10.919091338141026,0.0
3,0,301,698435951009,10.930550615500426,nan
3,3,301,699169479168,10.942030360576924,0.0
3,0,302,699902754180,10.953506143892728,nan
3,3,302,700635287552,10.96497032051282,0.0
3,0,303,701369265476,10.976457104429588,nan
3,3,303,702101134848,10.987910889423077,0.0
3,0,304,702830695726,10.999328546392979,nan
3,3,304,704234283520,11.021294751602564,0.0
3,0,305,704964525625,11.032723069802309,nan
3,3,305,705694579712,11.044148445512821,0.0
3,0,306,706426394634,11.05560137836163,nan
3,3,306,707160347136,11.067087764423077,0.0
3,0,307,707893560304,11.078562579877804,nan
3,3,307,708626444288,11.090032243589745,0.0
3,0,308,709360486858,11.101520039219,nan
3,3,308,710093135360,11.112986017628206,0.0
3,0,309,710827692432,11.124481865234376,nan
3,3,309,711559735296,11.135938365384616,0.0
3,0,310,712961537692,11.15787662904397,nan
3,3,310,713693074944,11.169325216346154,0.0
3,0,311,714422940810,11.180747646390476,nan
3,3,311,715153458176,11.192180272435898,0.0
3,0,312,715884746322,11.203624961219202,nan
3,3,312,716614337536,11.215043092948719,0.0
3,0,313,718018473831,11.237017882220929,nan
3,3,313,718747726848,11.248430721153847,0.0
3,0,314,719480021322,11.259891159010667,nan
3,3,314,720214564352,11.271386786858974,0.0
3,0,315,720947359501,11.282855060299605,nan
3,3,315,721681202176,11.294339727564102,0.0
3,0,316,722414591217,11.305817295438327,nan
3,3,316,723148013568,11.317295384615385,0.0
3,0,317,724554088958,11.339300520802034,nan
3,3,317,725287373824,11.350776458333334,0.0
3,0,318,726021189065,11.362260696254634,nan
3,3,318,726754563584,11.373738036858974,0.0
3,0,319,727487953314,11.385215615516076,nan
3,3,319,728221265408,11.396691979166667,0.0
3,0,320,729628021937,11.418707775205954,nan
3,3,320,730360867840,11.430176842948718,0.0
3,0,321,731095233161,11.441669689644057,nan
3,3,321,731827763200,11.453133814102564,0.0
3,0,322,732562362449,11.464630321780474,nan
3,3,322,733294726656,11.476091850961538,0.0
3,0,323,734028828222,11.48758056988056,nan
3,3,323,734761589760,11.499048317307693,0.0
3,0,324,736167449408,11.521050077123398,nan
3,3,324,736900772352,11.532526610576923,0.0
3,0,325,737634142473,11.544003882352389,nan
3,3,325,738367912960,11.555487419871795,0.0
3,0,326,739101555438,11.566968954045223,nan
3,3,326,739835118592,11.578449246794872,0.0
3,0,327,740568347852,11.589924314090045,nan
3,3,327,741301812224,11.601403060897436,0.0
3,0,328,742034591892,11.612871092059796,nan
3,3,328,742768715776,11.62436016025641,0.0
3,0,329,743501342843,11.635825803207007,nan
3,3,329,744907807744,11.65783703525641,0.0
3,0,330,745639776648,11.669292377929688,nan
3,3,330,746368839680,11.680702243589744,0.0
3,0,331,747100655449,11.692155189694136,nan
3,3,331,747829967872,11.703568958333333,0.0
3,0,332,748562026308,11.715025702185997,nan
3,3,332,749296580096,11.726521498397437,0.0
3,0,333,750029121803,11.737985805460612,nan
3,3,333,750763173376,11.74947374198718,0.0
3,0,334,751495796463,11.760939322650616,nan
3,3,334,752229890048,11.772427916666667,0.0
3,0,335,753635207154,11.794421185678337,nan
3,3,335,754369691136,11.805915889423078,0.0
3,0,336,755102373836,11.817382403032353,nan
3,3,336,755836682240,11.828874358974359,0.0
3,0,337,756569889181,11.840349076976288,nan
3,3,337,757303489536,11.851829951923078,0.0
3,0,338,758710028964,11.873842350323017,nan
3,3,338,759442543104,11.88530622596154,0.0
3,0,339,760176863880,11.896798375525842,nan
3,3,339,760908871680,11.908254326923077,0.0
3,0,340,761638202452,11.91966838272486,nan
3,3,340,762369735168,11.931116899038463,0.0
3,0,341,763099360840,11.942535570037059,nan
3,3,341,763830661632,11.95398045673077,0.0
3,0,342,764560598554,11.965403998804337,nan
3,3,342,765964663296,11.98737766826923,0.0
3,0,343,766694629176,11.998801663536659,nan
3,3,343,767425370112,12.01023778846154,0.0
3,0,344,768156363533,12.021677864786785,nan
3,3,344,768886343168,12.033102075320514,0.0
3,0,345,769617516776,12.044544971579528,nan
3,3,345,770347544064,12.055969927884616,0.0
3,0,346,771078473424,12.067409001652644,nan
3,3,346,771808271360,12.078830368589744,0.0
3,0,347,772539253420,12.090270267114883,nan
3,3,347,773941221888,12.112211129807692,0.0
3,0,348,774672098237,12.123649373951448,nan
3,3,348,775401845248,12.135069943910256,0.0
3,0,349,776133308805,12.146517377882738,nan
3,3,349,776862981120,12.157936778846155,0.0
3,0,350,777595158395,12.16939538253393,nan
3,3,350,778329059328,12.180880961538461,0.0
3,0,351,779062468432,12.19235884339944,nan
3,3,351,780468040704,12.21435610576923,0.0
3,0,352,781203130955,12.225860297648113,nan
3,0,353,781251714073,12.226620625391252,nan
3,3,352,781988101120,12.238145112179488,0.0
3,0,354,782721264636,12.249619150578425,nan
3,3,353,783454689280,12.261097275641026,0.0
3,0,355,784188472783,12.272581016861354,nan
3,3,354,784921788928,12.284057443910257,0.0
3,0,356,785654564262,12.295525407245343,nan
3,3,355,786388443648,12.307010649038462,0.0
3,0,357,787121447304,12.318482185621995,nan
3,3,356,788527454208,12.34048625,0.0
3,0,358,789260507789,12.351958567911785,nan
3,3,357,789993959424,12.363437115384615,0.0
3,0,359,790728025682,12.374925281732022,nan
3,3,358,791460325888,12.386385809294872,0.0
3,0,360,792189610044,12.397799135554388,nan
3,3,359,792921633792,12.409255336538461,0.0
3,0,361,794323643204,12.43119684000651,nan
3,0,362,795715305839,12.452976415999975,nan
3,3,360,796449775104,12.464470889423078,0.0
3,0,363,797182836045,12.475943322519155,nan
3,3,361,797917039616,12.487433637820514,0.0
3,0,364,798650043165,12.498905172729492,nan
3,3,362,799384488448,12.510399270833334,0.0
3,0,365,800116996355,12.521863048925155,nan
3,3,363,800851750400,12.533361979166667,0.0
3,0,366,801584256715,12.544825732343625,nan
3,3,364,802991624192,12.56685108974359,0.0
3,0,367,803723553237,12.57830580862192,nan
3,3,365,804452778496,12.589718213141026,0.0
3,0,368,805185321925,12.601182547153572,nan
3,3,366,805919458304,12.612671810897437,0.0
3,0,369,807324592841,12.63466222269694,nan
3,3,367,808059037696,12.646156314102564,0.0
3,0,370,808791651478,12.657621749142379,nan
3,3,368,809526141440,12.66911654647436,0.0
3,0,371,810259005051,12.680585891348032,nan
3,3,369,810993214464,12.692076298076923,0.0
3,0,372,811726397000,12.703550634139624,nan
3,3,370,812460252160,12.715035496794872,0.0
3,0,373,813193800235,12.726515553557567,nan
3,3,371,813927687168,12.738000913461539,0.0
3,0,374,815333399863,12.760000373456906,nan
3,3,372,816068163584,12.771499455128206,0.0
3,0,375,816800225031,12.78295624610314,nan
3,3,373,817529870336,12.794375224358975,0.0
3,0,376,818262105323,12.805834731241863,nan
3,3,374,818991926272,12.817256458333334,0.0
3,0,377,819723679431,12.828708424588717,nan
3,3,375,820454130688,12.840140016025641,0.0
3,0,378,821184963759,12.851577582866963,nan
3,3,376,821915985408,12.863018100961538,0.0
3,0,379,822646290055,12.874447397946089,nan
3,3,377,824050891264,12.896429463141025,0.0
3,0,380,824780313492,12.907844950232873,nan
3,3,378,825512815616,12.919308637820514,0.0
3,0,381,826247410043,12.93080507003393,nan
3,3,379,826980472320,12.942277524038461,0.0
3,0,382,827713892170,12.95375557407477,nan
3,3,380,828447110656,12.96523047275641,0.0
3,0,383,829180929332,12.976714764435597,nan
3,3,381,829914327552,12.988192475961538,0.0
3,0,384,830648344332,12.999679867976262,nan
3,3,382,831381461504,13.011153181089744,0.0
3,0,385,832787877381,13.033163645911584,nan
3,3,383,833520888320,13.04463529647436,0.0
3,0,386,834926848284,13.066638626239483,nan
3,3,384,835661030400,13.078128605769232,0.0
3,0,387,836393597690,13.089593313207383,nan
3,3,385,837128285184,13.101091201923078,0.0
3,0,388,837860798668,13.112555067295173,nan
3,3,386,838595094016,13.124046818910257,0.0
3,0,389,839328214199,13.13552017914601,nan
3,3,387,840062223872,13.147007459935898,0.0
3,0,390,840795142281,13.158477662400466,nan
3,3,388,841529687040,13.169973317307692,0.0
3,0,391,842262850132,13.181447349071014,nan
3,3,389,843669858816,13.203467091346154,0.0
3,0,392,844402696549,13.21493603122809,nan
3,3,390,845137222144,13.22643138621795,0.0
3,0,393,845869583177,13.237892865725787,nan
3,3,391,846598858752,13.249306057692309,0.0
3,0,394,847331236639,13.26076780096592,nan
3,3,392,848065955840,13.272266185897436,0.0
3,0,395,848798121740,13.283724611566006,nan
3,3,393,849532674560,13.295220392628206,0.0
3,0,396,850264689357,13.306676453528771,nan
3,3,394,851666480128,13.32861453525641,0.0
3,0,397,852398556651,13.34007156217135,nan
3,3,395,853132400640,13.35155625,0.0
3,0,398,853865791951,13.363033853399815,nan
3,3,396,854598849024,13.37450622596154,0.0
3,0,399,855333980556,13.386011063889724,nan
3,3,397,856065478656,13.39745903846154,0.0
3,0,400,856796508539,13.408899685418545,nan
3,3,398,858198145536,13.430835360576923,0.0
3,0,401,858931902604,13.442318688088442,nan
3,3,399,859664235520,13.453779727564102,0.0
3,0,402,860394071652,13.465201692270133,nan
3,3,400,861124798976,13.476637604166667,0.0
3,0,403,861855600712,13.488074680613982,nan
3,3,401,862585214976,13.499493173076923,0.0
3,0,404,863317863958,13.510959158998148,nan
3,3,402,864051412992,13.522439230769232,0.0
3,0,405,865458121504,13.544454275340545,nan
3,3,403,866190430208,13.555914935897436,0.0
3,0,406,866920299778,13.567337423909505,nan
3,3,404,867651778048,13.578785088141027,0.0
3,0,407,868382206174,13.590216317576873,nan
3,3,405,869113073664,13.601654423076923,0.0
3,0,408,869844351175,13.61309894542205,nan
3,3,406,870574316032,13.624522924679487,0.0
3,0,409,871305700503,13.6359691209529,nan
3,3,407,872035991040,13.647398197115384,0.0
3,0,410,873440283562,13.669375431346404,nan
3,3,408,874169876992,13.680793597756411,0.0
3,0,411,874902724995,13.692262698364258,nan
3,3,409,875636433408,13.703745264423077,0.0
3,0,412,876370293595,13.715230205751077,nan
3,3,410,877103389184,13.726703181089745,0.0
3,0,413,877837831481,13.738197232462566,nan
3,3,411,878570038272,13.749656298076923,0.0
3,0,414,879300564234,13.761089058650091,nan
3,3,412,880702985728,13.78303701121795,0.0
3,0,415,881435496462,13.794500833552434,nan
3,3,413,882169360384,13.805985833333335,0.0
3,0,416,882902993904,13.817467227313703,nan
3,3,414,883635908096,13.828937363782051,0.0
3,0,417,884370845640,13.840439165790265,nan
3,3,415,885102595584,13.85189108173077,0.0
3,0,418,886505594060,13.873848064090044,nan
3,3,416,887236094464,13.885280424679488,0.0
3,0,419,887968272028,13.896739032890125,nan
3,3,417,888702565888,13.908230761217949,0.0
3,0,420,889435798653,13.919705883366511,nan
3,3,418,890169472512,13.931187908653847,0.0
3,0,421,890903131205,13.942669696592674,nan
3,3,419,891635597824,13.954132828525642,0.0
3,0,422,892365104167,13.965549632020608,nan
3,3,420,893769319424,13.987525657051282,0.0
3,0,423,894499101492,13.998946775653547,nan
3,3,421,895230133760,14.010387459935897,0.0
3,0,424,895960516871,14.021817984885192,nan
3,3,422,896691073536,14.03325122596154,0.0
3,0,425,897422257886,14.044694290333284,nan
3,3,423,898151831552,14.056112147435897,0.0
3,0,426,898883979974,14.067570299573067,nan
3,3,424,899618189824,14.079060713141025,0.0
3,0,427,900351491723,14.090536917239458,nan
3,3,425,901084753408,14.10201249198718,0.0
3,0,428,902491208585,14.124023571855595,nan
3,3,426,903224102912,14.135493397435898,0.0
3,0,429,903958516064,14.146986992688301,nan
3,3,427,904691036160,14.158450961538461,0.0
3,0,430,905425334597,14.16994276149652,nan
3,3,428,906157528576,14.181401626602565,0.0
3,0,431,906887152907,14.192820276614459,nan
3,3,429,907618878976,14.204271818910257,0.0
3,0,432,909021097995,14.226216602736253,nan
3,3,430,909753179136,14.237673701923077,0.0
3,0,433,910482405370,14.249086121700971,nan
3,3,431,911213859328,14.260533405448719,0.0
3,0,434,911944390082,14.271966241016877,nan
3,3,432,912674857472,14.283398084935898,0.0
3,0,435,913405928863,14.294839381494768,nan
3,3,433,914135987200,14.30626482371795,0.0
3,0,436,914867596166,14.317714533347106,nan
3,3,434,916270065664,14.339663237179488,0.0
3,0,437,917001681032,14.3511130470002,nan
3,3,435,917731758592,14.362538790064104,0.0
3,0,438,918463365734,14.373988471147587,nan
3,3,436,919193180160,14.385410096153846,0.0
3,0,439,919924854853,14.396860834413186,nan
3,3,437,920654901760,14.408286097756411,0.0
3,0,440,921385979915,14.41972750017215,nan
3,3,438,922116458496,14.43115951923077,0.0
3,0,441,922847801333,14.442605063930413,nan
3,3,439,924250653184,14.464559751602565,0.0
3,0,442,924982721285,14.476016646712866,nan
3,3,440,925717204480,14.487511338141026,0.0
3,0,443,926449920202,14.498978368545924,nan
3,3,441,927183624192,14.510460865384616,0.0
3,0,444,927917145250,14.521940499330178,nan
3,3,442,928649739776,14.533405633012821,0.0
3,0,445,929384528512,14.544905106169873,nan
3,3,443,930116277760,14.55635701121795,0.0
3,0,446,930846414412,14.567783679074019,nan
3,3,444,932250238976,14.58975358974359,0.0
3,0,447,932981208919,14.601193298637195,nan
3,3,445,933711491584,14.612622251602565,0.0
3,0,448,934443165508,14.624072977827023,nan
3,3,446,935172912128,14.635493541666667,0.0
3,0,449,936578139722,14.65748540981195,nan
3,3,447,937312673280,14.668980889423077,0.0
3,0,450,938045513733,14.680449871873122,nan
3,3,448,938779720192,14.691940232371795,0.0
3,0,451,939513266153,14.703420256050306,nan
3,3,449,940246866432,14.714901129807693,0.0
3,0,452,940980463560,14.726381954251803,nan
3,3,450,941714092032,14.73786326923077,0.0
3,0,453,942447416717,14.749339829931015,nan
3,3,451,943180919296,14.760819174679488,0.0
3,0,454,944587021965,14.78282473778358,nan
3,3,452,945319828992,14.794293197115385,0.0
3,0,455,946053944428,14.805782133100461,nan
3,3,453,946786207232,14.817242075320513,0.0
3,0,456,947515283009,14.82865214044033,nan
3,3,454,948246668800,14.840098357371796,0.0
3,0,457,949649391948,14.86205103083684,nan
3,3,455,950379861504,14.873482908653846,0.0
3,0,458,951111001889,14.88492528497158,nan
3,3,456,951840529408,14.896342419871795,0.0
3,0,459,952572786435,14.907802271681566,nan
3,3,457,953306543616,14.919285600961539,0.0
3,0,460,954039475388,14.930756012557593,nan
3,3,458,955444642816,14.952746939102564,0.0
3,0,461,956179221963,14.964243132183368,nan
3,3,459,956910573568,14.975688814102565,0.0
3,0,462,957640707492,14.987115439265326,nan
3,3,460,958371013120,14.998544751602564,0.0
3,0,463,959102619527,15.009994421183269,nan
3,3,461,959831581696,15.021402708333333,0.0
3,0,464,960563926349,15.032863931493514,nan
3,3,462,961297399808,15.04434282051282,0.0
3,0,465,962031148336,15.055826014372997,nan
3,3,463,963435239424,15.077800096153847,0.0
3,0,466,964165789749,15.089233238008939,nan
3,3,464,964895715840,15.100656610576923,0.0
3,0,467,965628060680,15.112117836663662,nan
3,3,465,966361867264,15.123601939102565,0.0
3,0,468,967095405518,15.135081842166217,nan
3,3,466,967827738624,15.146542884615386,0.0
3,0,469,968557245362,15.157959694292117,nan
3,3,467,969288136704,15.169398173076923,0.0
3,0,470,970019102088,15.180837810621995,nan
3,3,468,970748743168,15.19225672275641,0.0
3,0,471,972153106049,15.2142350581086,nan
3,3,469,972886349312,15.225710344551283,0.0
3,0,472,973620553291,15.237200666237856,nan
3,3,470,975023995904,15.259164599358975,0.0
3,0,473,975754448715,15.270596215116061,nan
3,3,471,976484064256,15.282014727564103,0.0
3,0,474,977215922994,15.293468346135066,nan
3,3,472,977949526528,15.304949270833333,0.0
3,0,475,978682695934,15.316423401411008,nan
3,3,473,979414727168,15.327879719551282,0.0
3,0,476,980144365771,15.339298592920548,nan
3,3,474,980874229760,15.350720993589745,0.0
3,0,477,981605814439,15.362170323126378,nan
3,3,475,982339539456,15.373653149038462,0.0
3,0,478,983744865700,15.395646561060197,nan
3,3,476,984477094912,15.407105977564102,0.0
3,0,479,985211770232,15.418603675756211,nan
3,3,477,986615012352,15.440564471153847,0.0
3,0,480,987345370242,15.45199460139348,nan
3,3,478,988075608576,15.463422860576923,0.0
3,0,481,988806639687,15.474863526752179,nan
3,3,479,989535951872,15.486277291666667,0.0
3,0,482,990267844638,15.497731442777194,nan
3,3,480,991001229312,15.509208942307692,0.0
3,0,483,991734854130,15.520690200101413,nan
3,3,481,992466698240,15.53214358974359,0.0
3,0,484,993196228037,15.543560760294596,nan
3,3,482,994598419456,15.565505112179487,0.0
3,0,485,995329891020,15.57695267146184,nan
3,3,483,996063450624,15.588432908653846,0.0
3,0,486,996796695181,15.599908215347682,nan
3,3,484,997529027072,15.611369238782052,0.0
3,0,487,998263464039,15.62286320674016,nan
3,3,485,998994629120,15.634305969551283,0.0
3,0,488,999725118535,15.645738158162436,nan
3,3,486,1000455015424,15.65716107371795,0.0
3,0,489,1001858573622,15.67912681574895,nan
3,3,487,1002592349184,15.690610432692308,0.0
3,0,490,1003325283590,15.702080885510567,nan
3,3,488,1004057508864,15.713540240384615,0.0
3,0,491,1004786789574,15.724953512714093,nan
3,3,489,1006190124032,15.746915753205128,0.0
3,3,490,1007580662784,15.768677740384616,0.0
3,0,492,1008313783800,15.780151113656851,nan
3,3,491,1009046716928,15.79162154647436,0.0
3,0,493,1009780417483,15.803103989555163,nan
3,3,492,1010512973312,15.814568517628205,0.0
3,0,494,1011246756748,15.826052257799981,nan
3,3,493,1011979608576,15.837521418269231,0.0
3,0,495,1013385476235,15.859523303457408,nan
3,3,494,1014118118400,15.870989182692307,0.0
3,0,496,1014852253258,15.882478422632463,nan
3,3,495,1015584008192,15.893930416666667,0.0
3,0,497,1016313698334,15.905350096623348,nan
3,3,496,1017044363264,15.916785032051283,0.0
3,0,498,1017775316982,15.928224487022987,nan
3,3,497,1018504966144,15.939643525641026,0.0
3,0,499,1019909362927,15.961622391560873,nan
3,3,498,1020643799552,15.973116354166667,0.0
3,3,499,1020691992064,15.973870568910257,0.0
3,3,500,1022084761088,15.995667459935898,0.0
3,0,500,1022818383512,16.007148680263423,nan
3,3,501,1023550395392,16.01860469551282,0.0
3,0,501,1024280522873,16.030031219842375,nan
3,3,502,1025011377152,16.041469118589745,0.0
3,0,502,1026414365546,16.063425943165313,nan
3,3,503,1027143779328,16.074841298076922,0.0
3,0,503,1027875777343,16.086297096338516,nan
3,3,504,1028609511424,16.097780064102565,0.0
3,0,504,1029343694591,16.109270060080505,nan
3,3,505,1030075291136,16.120719575320514,0.0
3,0,505,1030806088920,16.13215658991887,nan
3,3,506,1031536002560,16.143579767628207,0.0
3,0,506,1032268247204,16.15503942564353,nan
3,3,507,1033001809920,16.166519711538463,0.0
3,0,507,1033735349377,16.177999633429113,nan
3,3,508,1035140521472,16.19999063301282,0.0
3,0,508,1035874859374,16.21148305059971,nan
3,3,509,1036606756864,16.222937275641026,0.0
3,0,509,1037337155900,16.234368049817206,nan
3,3,510,1038067151360,16.245792508012823,0.0
3,0,510,1038799819524,16.257258794133115,nan
3,3,511,1039533224960,16.268736618589745,0.0
3,0,511,1040267750090,16.280231966302335,nan
3,3,512,1040999438848,16.29168292467949,0.0
3,0,512,1041729590423,16.303109826081105,nan
3,3,513,1043132216832,16.325060985576922,0.0
3,0,513,1043862891919,16.336496079962316,nan
3,3,514,1044592334336,16.34791188301282,0.0
3,0,514,1045324091748,16.359363915827824,nan
3,3,515,1046053286400,16.370775841346155,0.0
3,0,515,1046785136961,16.38222933194674,nan
3,3,516,1047514227712,16.393639631410256,0.0
3,0,516,1048246384901,16.405097920751327,nan
3,3,517,1048980609024,16.416588557692307,0.0
3,0,517,1050385656821,16.438577612007336,nan
3,3,518,1051119208960,16.450057732371796,0.0
3,0,518,1051852587456,16.461535135216348,nan
3,3,519,1052584483840,16.47298934294872,0.0
3,0,519,1053986284212,16.494927574932394,nan
3,3,520,1054717008896,16.50636344551282,0.0
3,0,520,1055447344264,16.51779322328225,nan
3,3,521,1056177346048,16.529217780448718,0.0
3,0,521,1056907986505,16.540652332873222,nan
3,3,522,1058309471744,16.56258563301282,0.0
3,0,522,1059040968007,16.57403357883551,nan
3,3,523,1059770060800,16.585443910256412,0.0
3,0,523,1060502163715,16.596901350207208,nan
3,3,524,1061236694528,16.608396786858975,0.0
3,0,524,1061968151239,16.619844113691283,nan
3,3,525,1062697319936,16.63125563301282,0.0
3,0,525,1063429219997,16.64270989829039,nan
3,3,526,1064835401216,16.664716690705127,0.0
3,0,526,1065568725385,16.676193243329955,nan
3,3,527,1066301327872,16.687658501602563,0.0
3,0,527,1067035219270,16.699143931383965,nan
3,3,528,1067767415296,16.71060282852564,0.0
3,0,528,1068496892702,16.7220191791554,nan
3,3,529,1069228086784,16.733462395833335,0.0
3,0,529,1069958854903,16.74489894617325,nan
3,3,530,1070688611328,16.75631966346154,0.0
3,0,530,1071420456138,16.767773064058744,nan
3,3,531,1072154392576,16.77925919871795,0.0
3,0,531,1073559851424,16.8012546859976,nan
3,3,532,1074292838400,16.81272596153846,0.0
3,0,532,1075026727781,16.824211359753733,nan
3,3,533,1075759112192,16.835673205128206,0.0
3,0,533,1076493743929,16.847170221244617,nan
3,3,534,1077225312768,16.858619302884616,0.0
3,0,534,1077955688187,16.870049707453802,nan
3,3,535,1078685829632,16.881476450320513,0.0
3,0,535,1080089469922,16.9034434770946,nan
3,3,536,1080818944512,16.914859783653846,0.0
3,0,536,1081550708153,16.92631191395295,nan
3,3,537,1082279630848,16.937719583333333,0.0
3,0,537,1083011984768,16.949180951522436,nan
3,3,538,1084418023936,16.971185520833334,0.0
3,0,538,1085150787158,16.982653294615133,nan
3,3,539,1085883446784,16.994119447115384,0.0
3,0,539,1086617996317,17.0056151767359,nan
3,3,540,1087348624384,17.01704953525641,0.0
3,0,540,1088079713261,17.02849110547188,nan
3,3,541,1088808096256,17.03989032852564,0.0
3,0,541,1089541549498,17.051368901148088,nan
3,3,542,1090273507328,17.06282407051282,0.0
3,0,542,1091003553664,17.074249324919872,nan
3,3,543,1091733485056,17.085672780448718,0.0
3,0,543,1093137182304,17.10764069861779,nan
3,3,544,1093866319360,17.11905172275641,0.0
3,0,544,1094598381106,17.130508518410707,nan
3,3,545,1095332459008,17.14199686698718,0.0
3,0,545,1096065088494,17.153462547795222,nan
3,3,546,1096798681088,17.16494330128205,0.0
3,0,546,1097532967864,17.17643491874499,nan
3,3,547,1098265272832,17.187895520833333,0.0
3,0,547,1098994814332,17.19931287453676,nan
3,3,548,1099725835776,17.21075338942308,0.0
3,0,548,1101129548376,17.232721547851565,nan
3,3,549,1101859403264,17.244143806089745,0.0
3,0,549,1102591491625,17.255601018269857,nan
3,3,550,1103326104576,17.267097740384617,0.0
3,0,550,1104058954215,17.27856686659593,nan
3,3,551,1104792797696,17.29005154647436,0.0
3,0,551,1105526773665,17.301538299795297,nan
3,3,552,1106259195392,17.313000729166667,0.0
3,0,552,1106988866934,17.324420118032602,nan
3,3,553,1108393214976,17.346398221153848,0.0
3,0,553,1109123966544,17.357834512469953,nan
3,3,554,1109854172672,17.369262267628205,0.0
3,0,554,1110585975328,17.380715008513622,nan
3,3,555,1111314758656,17.392120496794874,0.0
3,0,555,1112047654365,17.403590344003533,nan
3,3,556,1112780756992,17.41506342948718,0.0
3,0,556,1114187143365,17.437073432570237,nan
3,3,557,1114919688704,17.44853779647436,0.0
3,0,557,1115654476427,17.46003725377792,nan
3,3,558,1116386013184,17.471485833333332,0.0
3,0,558,1117116575818,17.48291916782477,nan
3,3,559,1117847182336,17.494353189102565,0.0
3,0,559,1119250760004,17.516319235839845,nan
3,3,560,1119980233216,17.527735520833335,0.0
3,0,560,1120713009419,17.539203497768305,nan
3,3,561,1121446060544,17.55067577724359,0.0
3,0,561,1122179829963,17.562159298048755,nan
3,3,562,1122912018944,17.573618084935898,0.0
3,0,562,1123646654600,17.585115162384817,nan
3,3,563,1124377934336,17.596559719551284,0.0
3,0,563,1125108623424,17.607995033052884,nan
3,3,564,1125837655552,17.619404415064103,0.0
3,0,564,1127243068205,17.64139917939015,nan
3,3,565,1127976142336,17.652871818910256,0.0
3,0,565,1128710771945,17.664368801723384,nan
3,3,566,1129442633728,17.67582246794872,0.0
3,0,566,1130172679354,17.68724771124424,nan
3,3,567,1130903497728,17.698685048076925,0.0
3,0,567,1131634313336,17.710122341621595,nan
3,3,568,1133037242880,17.73207824519231,0.0
3,0,568,1133768968012,17.74352977282402,nan
3,3,569,1134497992704,17.75493903846154,0.0
3,0,569,1135230024466,17.766395364865033,nan
3,3,570,1135964240896,17.777885881410256,0.0
3,0,570,1136697276625,17.789357919937526,nan
3,3,571,1137430408192,17.800831458333334,0.0
3,0,571,1138164296845,17.812316845155372,nan
3,3,572,1138896477184,17.823775496794873,0.0
3,0,572,1140298502025,17.84571724172739,nan
3,3,573,1141029392384,17.857155705128207,0.0
3,0,573,1141760319811,17.868594748644707,nan
3,3,574,1142489914368,17.88001293269231,0.0
3,0,574,1143221689611,17.891465244563175,nan
3,3,575,1144627527680,17.913466666666668,0.0
3,0,575,1145361832422,17.924958565298226,nan
3,3,576,1146092627968,17.936395544871797,0.0
3,0,576,1146824250800,17.947845471504408,nan
3,3,577,1147553021952,17.95925076923077,0.0
3,0,577,1148958571140,17.981247670335037,nan
3,3,578,1149691244544,17.99271403846154,0.0
3,0,578,1150425729612,18.004208759202225,nan
3,3,579,1151157230080,18.015656770833335,0.0
3,0,579,1151887585292,18.02708685916216,nan
3,3,580,1152618090496,18.038519294871794,0.0
3,0,580,1154022034169,18.060491069601987,nan
3,3,581,1154751373312,18.071905256410258,0.0
3,0,581,1155483628225,18.08336507513584,nan
3,3,582,1156217544192,18.09485088942308,0.0
3,0,582,1156950850175,18.106327157436272,nan
3,3,583,1157683729408,18.117796746794873,0.0
3,0,583,1158417961531,18.129287508936173,nan
3,3,584,1159149406208,18.1407346474359,0.0
3,0,584,1159879891460,18.152166770895935,nan
3,3,585,1160609998336,18.163592972756412,0.0
3,0,585,1162014058706,18.185566573799328,nan
3,3,586,1162748128768,18.19705479967949,0.0
3,0,586,1163481447068,18.208531260454226,nan
3,3,587,1164214331392,18.22000092948718,0.0
3,0,587,1164948491352,18.23149056227464,nan
3,3,588,1165680853504,18.242952059294872,0.0
3,0,588,1166410071064,18.25436434332432,nan
3,3,589,1167814278144,18.276340240384616,0.0
3,0,589,1168544248070,18.287764298972107,nan
3,3,590,1169274849792,18.299198245192308,0.0
3,0,590,1170006435529,18.310647591286685,nan
3,3,591,1170735368192,18.322055416666668,0.0
3,0,591,1171468600459,18.33353053102151,nan
3,3,592,1172201886208,18.345006482371794,0.0
3,0,592,1172935971906,18.35649495295598,nan
3,3,593,1173667916288,18.367949911858975,0.0
3,0,593,1175070457633,18.389899740099786,nan
3,3,594,1175800872448,18.40133076121795,0.0
3,0,594,1176532521188,18.4127810933118,nan
3,3,595,1177266685952,18.424270801282052,0.0
3,0,595,1177999454372,18.43573865641276,nan
3,3,596,1178732608512,18.447212548076923,0.0
3,0,596,1179467093072,18.45870726086739,nan
3,3,597,1180198465536,18.47015326923077,0.0
3,0,597,1180929072154,18.48158729207357,nan
3,3,598,1181658945024,18.49300983173077,0.0
3,0,598,1182390638052,18.504460856933594,nan
3,3,599,1183796606976,18.526464326923076,0.0
3,0,599,1184531002569,18.537957647376427,nan
3,3,600,1185262485504,18.549405384615387,0.0
3,0,600,1185993199239,18.560841083843524,nan
3,3,601,1186722997760,18.5722624599359,0.0
3,0,601,1187455394894,18.58372450442583,nan
3,3,602,1188189171200,18.59520813301282,0.0
3,0,602,1188923313673,18.60669749212803,nan
3,3,603,1189655323648,18.618153477564103,0.0
3,0,603,1190385323468,18.629578003993892,nan
3,3,604,1191788241920,18.65153373397436,0.0
3,0,604,1192519809713,18.662982799244418,nan
3,3,605,1193248877568,18.674392740384615,0.0
3,0,605,1194654195594,18.69638602379432,nan
3,3,606,1195387547136,18.70786300480769,0.0
3,0,606,1196121285452,18.71934603884966,nan
3,3,607,1196853587456,18.730806594551282,0.0
3,0,607,1197583154440,18.742224347080327,nan
3,3,608,1198313788416,18.753658798076923,0.0
3,0,608,1199045197000,18.765105371719752,nan
3,3,609,1199774164992,18.77651375,0.0
3,0,609,1200507204743,18.78798585147173,nan
3,3,610,1201240287744,18.799458629807692,0.0
3,0,610,1201974649929,18.810951427424506,nan
3,3,611,1203378447872,18.832920921474358,0.0
3,0,611,1204109094167,18.844355565263797,nan
3,3,612,1204838849536,18.855776266025643,0.0
3,0,612,1205571543772,18.86724296017378,nan
3,3,613,1206304789504,18.87871828525641,0.0
3,0,613,1207038813325,18.890205787463067,nan
3,3,614,1207770797568,18.901661370192308,0.0
3,0,614,1209173221256,18.923609357096353,nan
3,3,615,1209903609856,18.93503996794872,0.0
3,0,615,1210634929977,18.946485157142053,nan
3,3,616,1211364522496,18.957903309294874,0.0
3,0,616,1212096036095,18.969351526426657,nan
3,3,617,1212825531392,18.980768157051283,0.0
3,0,617,1214229958607,19.00274749923315,nan
3,3,618,1214958733312,19.014152852564102,0.0
3,0,618,1215691865485,19.025626400443837,nan
3,3,619,1216424349184,19.03708979967949,0.0
3,0,619,1217153775436,19.048505349747096,nan
3,3,620,1217884449792,19.059940432692308,0.0
3,0,620,1218615099146,19.071375124355217,nan
3,3,621,1219344680960,19.08279310897436,0.0
3,0,621,1220076423371,19.094244907023114,nan
3,3,622,1221477528576,19.116172259615386,0.0
3,0,622,1222210806699,19.127648091618465,nan
3,3,623,1222943505920,19.13911486378205,0.0
3,0,623,1224345744511,19.161059953910634,nan
3,3,624,1225075975168,19.17248809294872,0.0
3,0,624,1225808042057,19.183944969091172,nan
3,3,625,1226541841408,19.195428958333334,0.0
3,0,625,1227275433471,19.206909703509993,nan
3,3,626,1228007800320,19.21837127403846,0.0
3,0,626,1228737924538,19.229797747301934,nan
3,3,627,1229467895296,19.241221818910258,0.0
3,0,627,1230872583813,19.26320525047889,nan
3,3,628,1231605646848,19.274677716346154,0.0
3,0,628,1232340081739,19.28617165181478,nan
3,3,629,1233071587328,19.297619743589745,0.0
3,0,629,1233801152010,19.309037460092398,nan
3,3,630,1234531365376,19.320465328525643,0.0
3,0,630,1235934640853,19.342426645961663,nan
3,3,631,1236668440576,19.353910641025642,0.0
3,0,631,1237401477773,19.365382702527167,nan
3,3,632,1238134026752,19.376847123397436,0.0
3,0,632,1238868896846,19.38834786981045,nan
3,3,633,1239599676416,19.399784599358973,0.0
3,0,633,1240331181574,19.41123268438877,nan
3,3,634,1241060043264,19.422639399038463,0.0
3,0,634,1241793377733,19.4341161128587,nan
3,3,635,1242525742592,19.44557765224359,0.0
3,0,635,1243255637378,19.45700053488707,nan
3,3,636,1244658715136,19.478958758012823,0.0
3,0,636,1245390870605,19.490417020435824,nan
3,3,637,1246124894720,19.50190452724359,0.0
3,0,637,1246858622986,19.513387404002653,nan
3,3,638,1247590642176,19.524843533653847,0.0
3,0,638,1248321035207,19.536274213851538,nan
3,3,639,1249051740672,19.547709783653847,0.0
3,0,639,1249783376265,19.55915990999662,nan
3,3,640,1250512436736,19.570569735576925,0.0
3,0,640,1251245368132,19.582040141288562,nan
3,3,641,1252650669568,19.604033165064102,0.0
3,0,641,1253385200138,19.61552859791291,nan
3,3,642,1254117154304,19.6269837099359,0.0
3,0,642,1254847449034,19.638412851719,nan
3,3,643,1255577896448,19.64984438301282,0.0
3,0,643,1256309167489,19.66128880410219,nan
3,3,644,1257711519232,19.683235665064103,0.0
3,0,644,1258443021390,19.69468370314378,nan
3,3,645,1259172556800,19.70610096153846,0.0
3,0,645,1259904789509,19.717560432770558,nan
3,3,646,1260638990336,19.729050705128206,0.0
3,0,646,1261372015050,19.740522571270283,nan
3,3,647,1262105037824,19.75199440705128,0.0
3,0,647,1262839304575,19.763485711122172,nan
3,3,648,1263570859520,19.774934575320515,0.0
3,0,648,1264973405258,19.796884472311948,nan
3,3,649,1265703108608,19.80830435897436,0.0
3,0,649,1266434810376,19.819755520958534,nan
3,3,650,1267168407040,19.831236338141025,0.0
3,0,650,1267901800906,19.842713981526693,nan
3,3,651,1268634045440,19.854173637820512,0.0
3,0,651,1269363369860,19.865587594213242,nan
3,3,652,1270094555648,19.877030681089746,0.0
3,0,652,1270825163072,19.888464716546476,nan
3,3,653,1271555467776,19.899894014423076,0.0
3,0,653,1272958602752,19.92185313301282,nan
3,3,654,1273688883712,19.93328205929487,0.0
3,0,654,1274420152267,19.94472644147824,nan
3,3,655,1275150043648,19.956149270833333,0.0
3,0,655,1275882365318,19.967610134308643,nan
3,3,656,1277288890880,19.98962231570513,0.0
3,3,657,1278680072704,20.01139436698718,0.0
3,0,656,1279409680981,20.02281276575333,nan
3,3,658,1280141171712,20.034260625,0.0
3,0,657,1280871635464,20.045692411984174,nan
3,3,659,1281601744896,20.057118653846153,0.0
3,0,658,1282333502923,20.06857069628593,nan
3,3,660,1283067377152,20.080055857371796,0.0
3,0,659,1284472931468,20.102052838729467,nan
3,3,661,1285205453312,20.113516834935897,0.0
3,0,660,1285934753872,20.12493041791867,nan
3,3,662,1286666161152,20.136376971153847,0.0
3,0,661,1287395687435,20.14779408671061,nan
3,3,663,1288126906880,20.159237700320514,0.0
3,0,662,1288856749511,20.170659766736154,nan
3,3,664,1289588128768,20.18210588141026,0.0
3,0,663,1290318125948,20.193530366523937,nan
3,3,665,1291049260032,20.20497264423077,0.0
3,0,664,1291778928439,20.21639198403383,nan
3,3,666,1293182427648,20.238356802884617,0.0
3,0,665,1293912059400,20.249775569035457,nan
3,3,667,1294643192320,20.26121782852564,0.0
3,0,666,1295373456329,20.272646489523865,nan
3,3,668,1296776345600,20.294601762820513,0.0
3,0,667,1297507733646,20.30604801504282,nan
3,3,669,1298237046272,20.317461786858974,0.0
3,0,668,1298969440325,20.328923783131135,nan
3,3,670,1299703566336,20.340412884615386,0.0
3,0,669,1300436594176,20.35188479967949,nan
3,3,671,1301170192384,20.36336564102564,0.0
3,0,670,1301904169394,20.374852410638272,nan
3,3,672,1303309115904,20.396839879807693,0.0
3,0,671,1304038428797,20.408253655802408,nan
3,3,673,1304770082304,20.4197040625,0.0
3,0,672,1305500354626,20.431132853597006,nan
3,3,674,1306231169536,20.44257013621795,0.0
3,0,673,1306962732531,20.454019126399114,nan
3,3,675,1307691831808,20.465429559294872,0.0
3,0,674,1308424476574,20.476895479235527,nan
3,3,676,1309830833664,20.49890502403846,0.0
3,0,675,1310563402354,20.51036975338667,nan
3,3,677,1311297610752,20.52186014423077,0.0
3,0,676,1312030361627,20.533327724781525,nan
3,3,678,1312764299776,20.54481388621795,0.0
3,0,677,1313497480645,20.556288196192032,nan
3,3,679,1314230242304,20.567755945512822,0.0
3,0,678,1314964621191,20.5792490045166,nan
3,3,680,1315696222720,20.59069859775641,0.0
3,0,679,1317098184266,20.612639352119643,nan
3,3,681,1317829288960,20.624081169871797,0.0
3,0,680,1318559662086,20.635511538555438,nan
3,3,682,1319290039808,20.646941979166666,0.0
3,0,681,1320021203401,20.65838471869053,nan
3,3,683,1320751036416,20.669806634615384,0.0
3,0,682,1321482847098,20.681259501108023,nan
3,3,684,1322212075520,20.692671955128205,0.0
3,0,683,1322944340283,20.704131928006685,nan
3,3,685,1323678305792,20.715618517628204,0.0
3,0,684,1325084777475,20.73762985581618,nan
3,3,686,1325817026560,20.749089583333333,0.0
3,0,685,1326546321330,20.760503075702374,nan
3,3,687,1327278023168,20.77195423878205,0.0
3,0,686,1328008048990,20.78337917214418,nan
3,3,688,1328738857472,20.794816354166667,0.0
3,0,687,1329469776132,20.80625526047927,nan
3,3,689,1330199757824,20.817679503205127,0.0
3,0,688,1330931247310,20.8291273429675,nan
3,3,690,1331660919808,20.84054674679487,0.0
3,0,689,1332393555074,20.852012518060146,nan
3,3,691,1333799188480,20.87401073717949,0.0
3,0,690,1334533222212,20.88549839449369,nan
3,3,692,1335265729024,20.89696215544872,0.0
3,0,691,1335995143422,20.90837752000075,nan
3,3,693,1336726513664,20.919823493589742,0.0
3,0,692,1337457060009,20.93125657315768,nan
3,3,694,1338187419136,20.94268672275641,0.0
3,0,693,1338918993493,20.95413589075333,nan
3,3,695,1340320536064,20.976070088141025,0.0
3,0,694,1341053996840,20.987548778670874,nan
3,3,696,1341786795008,20.999017099358976,0.0
3,0,695,1342516482262,21.01043673411834,nan
3,3,697,1343248036864,21.021885592948717,0.0
3,0,696,1344651769254,21.043854061091498,nan
3,3,698,1345382290432,21.055286746794874,0.0
3,0,697,1346113564505,21.06673121533516,nan
3,3,699,1346843686912,21.078157660256412,0.0
3,0,698,1347575638794,21.089612736534708,nan
3,3,700,1348305165824,21.101029863782053,0.0
3,0,699,1349037796556,21.112495564090043,nan
3,3,701,1349771991040,21.12398573717949,0.0
3,0,700,1350505660534,21.135467694154396,nan
3,3,702,1351238882304,21.14694264423077,0.0
3,0,701,1351973392410,21.158437756817158,nan
3,3,703,1352706012672,21.169903293269233,0.0
3,0,702,1354108098798,21.191845997314452,nan
3,3,704,1354840144384,21.203302540064104,0.0
3,0,703,1355570039969,21.214725435211964,nan
3,3,705,1356301312512,21.226169879807692,0.0
3,0,704,1357032142410,21.237607396991436,nan
3,3,706,1357762926592,21.24904419871795,0.0
3,0,705,1358494045194,21.26048623413086,nan
3,3,707,1359224190976,21.271913044871795,0.0
3,0,706,1359956152254,21.28336826819787,nan
3,3,708,1360690898432,21.294867075320514,0.0
3,0,707,1362096242826,21.316860771390477,nan
3,3,709,1362830291968,21.328348669871797,0.0
3,0,708,1363563273791,21.339819864768003,nan
3,3,710,1364297024512,21.35130309294872,0.0
3,0,709,1365029920741,21.362772948295397,nan
3,3,711,1365764119552,21.374263189102564,0.0
3,0,710,1366497021830,21.385733139116336,nan
3,3,712,1367231352832,21.39722544871795,0.0
3,0,711,1367963942736,21.408690510066105,nan
3,3,713,1369371812864,21.43072373397436,0.0
3,0,712,1370103747597,21.442178541870117,nan
3,3,714,1370833553408,21.453600032051284,0.0
3,0,713,1371564868553,21.465045143370016,nan
3,3,715,1372295036928,21.47647230769231,0.0
3,0,714,1373698630283,21.498438599931767,nan
3,3,716,1374429436416,21.509875745192307,0.0
3,0,715,1375159681089,21.521304103581357,nan
3,3,717,1375890659328,21.532743942307693,0.0
3,0,716,1376620693494,21.544169006253757,nan
3,3,718,1377351848448,21.555611610576925,0.0
3,0,717,1378081848730,21.56703614423703,nan
3,3,719,1379486049792,21.589011947115385,0.0
3,0,718,1380220256374,21.600502309539014,nan
3,3,720,1380952957952,21.611969118589744,0.0
3,0,719,1381687194120,21.623459944035456,nan
3,3,721,1382419646976,21.634922860576925,0.0
3,0,720,1383153875401,21.646413564844377,nan
3,3,722,1383886401024,21.65787762019231,0.0
3,0,721,1385292844172,21.67988851180639,nan
3,3,723,1386025589248,21.691356001602564,0.0
3,0,722,1386759893566,21.70284789359851,nan
3,3,724,1387492143616,21.71430763621795,0.0
3,0,723,1388226759655,21.725804406660032,nan
3,3,725,1388959250432,21.737267916666667,0.0
3,0,724,1389688587151,21.74868206553924,nan
3,3,726,1390420517376,21.760136802884617,0.0
3,0,725,1391150079810,21.77155448420598,nan
3,3,727,1391881218048,21.78299682692308,0.0
3,0,726,1392611430665,21.79442468363444,nan
3,3,728,1394014073856,21.81637610576923,0.0
3,0,727,1394745205187,21.827818340391502,nan
3,3,729,1395474385408,21.839230040064102,0.0
3,0,728,1396206868872,21.850693435621995,nan
3,3,730,1396939853824,21.86216467948718,0.0
3,0,729,1397673776940,21.87365060565655,nan
3,3,731,1398405979648,21.885109607371795,0.0
3,0,730,1399140512973,21.896605083336464,nan
3,3,732,1399872041984,21.908053541666668,0.0
3,0,731,1400601642119,21.91947181301019,nan
3,3,733,1402005245952,21.94143826923077,0.0
3,0,732,1402735541584,21.952867425130208,nan
3,3,734,1403466267136,21.964303309294873,0.0
3,0,733,1404196744962,21.975735316537712,nan
3,3,735,1404927147520,21.987166145833335,0.0
3,0,734,1405658220224,21.998607462940704,nan
3,3,736,1406387768832,22.010024927884615,0.0
3,0,735,1407119370872,22.021474529121594,nan
3,3,737,1408521041920,22.04341073717949,0.0
3,0,736,1409252932929,22.054864860792893,nan
3,3,738,1409987297792,22.066357700320513,0.0
3,0,737,1410720009440,22.07782466696715,nan
3,3,739,1411453328384,22.089301137820513,0.0
3,0,738,1412187270788,22.100787365847857,nan
3,3,740,1412919462912,22.112246201923078,0.0
3,0,739,1413649214025,22.12366683607835,nan
3,3,741,1415052862464,22.145633990384617,0.0
3,0,740,1415783208711,22.157063938410833,nan
3,3,742,1416513774592,22.16849732371795,0.0
3,0,741,1417245049538,22.179941805920723,nan
3,3,743,1417974964736,22.19136500801282,0.0
3,0,742,1418707234416,22.20282505784255,nan
3,3,744,1419441788416,22.214320857371796,0.0
3,0,743,1420174422028,22.225786602751903,nan
3,3,745,1420908581376,22.23727622596154,0.0
3,0,744,1421641279941,22.248742987858698,nan
3,3,746,1423047668736,22.270753028846155,0.0
3,0,745,1423780884108,22.28222787879357,nan
3,3,747,1424514202112,22.2937043349359,0.0
3,0,746,1425248133171,22.30519038541354,nan
3,3,748,1425980568576,22.316653028846154,0.0
3,0,747,1426715078606,22.32814814024314,nan
3,3,749,1427447797248,22.339615216346154,0.0
3,0,748,1428182317958,22.351110494885567,nan
3,3,750,1428914768384,22.362573373397435,0.0
3,0,749,1430316616267,22.384512348930166,nan
3,3,751,1431048632832,22.395968437500002,0.0
3,0,750,1431778538490,22.407391490290717,nan
3,3,752,1432509466112,22.418830536858977,0.0
3,0,751,1433239985062,22.43026318769406,nan
3,3,753,1433970126848,22.441689935897436,0.0
3,0,752,1434701638467,22.453138122042144,nan
3,3,754,1435431002624,22.464552700320514,0.0
3,0,753,1436836105744,22.48654262044271,nan
3,3,755,1437570289664,22.498032628205127,0.0
3,0,754,1438302945733,22.50949872503819,nan
3,3,756,1439036462592,22.52097829326923,0.0
3,0,755,1439769831276,22.53245554255559,nan
3,3,757,1440502682624,22.54392469551282,0.0
3,0,756,1441236351245,22.555406638825247,nan
3,3,758,1442640816640,22.57738657852564,0.0
3,0,757,1443371363291,22.58881966288249,nan
3,3,759,1444101388800,22.600244591346154,0.0
3,0,758,1444833288072,22.611698844275843,nan
3,3,760,1445567230464,22.623185072115387,0.0
3,0,759,1446300563260,22.634661759753104,nan
3,3,761,1447033502208,22.64613228365385,0.0
3,0,760,1447768340687,22.65763253529084,nan
3,3,762,1448499688448,22.66907815705128,0.0
3,0,761,1449230291599,22.680512125635392,nan
3,3,763,1450632586240,22.702458092948717,0.0
3,0,762,1451364716359,22.713915958643206,nan
3,3,764,1452098952192,22.725406778846153,0.0
3,0,763,1452831570174,22.736872279616136,nan
3,3,765,1453565408256,22.748356875,0.0
3,0,764,1454298927266,22.759836476894282,nan
3,3,766,1455032054784,22.771309951923076,0.0
3,0,765,1455766341190,22.782801563595502,nan
3,3,767,1456498744320,22.79426370192308,0.0
3,0,766,1457228174845,22.80567931886331,nan
3,3,768,1457960230912,22.817136025641027,0.0
3,0,767,1459362597067,22.839083112151318,nan
3,3,769,1460094372352,22.85053542467949,0.0
3,0,768,1460824333433,22.861959344842372,nan
3,3,770,1461555734528,22.87340580128205,0.0
3,0,769,1462285631517,22.88482871840257,nan
3,3,771,1463017082880,22.89627596153846,0.0
3,0,770,1463747210189,22.90770248317621,nan
3,3,772,1464478367232,22.919145120192308,0.0
3,0,771,1465209022341,22.9305799019212,nan
3,3,773,1466611589120,22.95253012820513,0.0
3,3,774,1468001883648,22.974288293269232,0.0
3,0,772,1468736347200,22.985782677283655,nan
3,3,775,1469467532288,22.99722575320513,0.0
3,0,773,1470198101495,23.008659190564277,nan
3,3,776,1470928068096,23.020083197115387,0.0
3,0,774,1471660286365,23.0315424423609,nan
3,3,777,1473065739776,23.053537844551283,0.0
3,0,775,1473800269405,23.065033262673403,nan
3,3,778,1474531196928,23.07647230769231,0.0
3,0,776,1475261892104,23.087907716471356,nan
3,3,779,1475990969344,23.099317804487182,0.0
3,0,777,1476723166660,23.11077672181741,nan
3,3,780,1477456146432,23.122247884615387,0.0
3,0,778,1478189884775,23.133730919079902,nan
3,3,781,1479594063872,23.155706378205128,0.0
3,0,779,1480324084281,23.16713122685359,nan
3,3,782,1481053859840,23.178552243589746,0.0
3,0,780,1481785663955,23.19000500730857,nan
3,3,783,1482519697920,23.201492668269232,0.0
3,0,781,1483253406604,23.21297523856921,nan
3,3,784,1483985455616,23.2244318349359,0.0
3,0,782,1485387617349,23.2463757222337,nan
3,3,785,1486117669376,23.257801065705127,0.0
3,0,783,1486848903165,23.269244903799205,nan
3,3,786,1487578564608,23.280664134615385,0.0
3,0,784,1488310569890,23.29212004660582,nan
3,3,787,1489039720960,23.303531290064104,0.0
3,0,785,1489772420426,23.31499806606195,nan
3,3,788,1490506278912,23.32648298076923,0.0
3,0,786,1491239406334,23.337956454295625,nan
3,3,789,1491972916736,23.34943592147436,0.0
3,0,787,1493378638277,23.37143551990998,nan
3,3,790,1494111797248,23.38290948717949,0.0
3,0,788,1494845528420,23.39439240941757,nan
3,3,791,1496250644992,23.416382540064102,0.0
3,0,789,1496985217050,23.427878622201774,nan
3,3,792,1497717237248,23.439334767628207,0.0
3,0,790,1498446196684,23.45074301200671,nan
3,3,793,1499178737152,23.462207299679488,0.0
3,0,791,1499891426689,23.473360919486804,nan
3,3,794,1500623676928,23.484820665064102,0.0
3,0,792,1501357919552,23.496311591546476,nan
3,3,795,1502090873856,23.50778235576923,0.0
3,0,793,1502825251550,23.519275396102515,nan
3,3,796,1504230033920,23.54126029647436,0.0
3,0,794,1504959701406,23.55267962186373,nan
3,3,797,1505691544064,23.564132988782053,0.0
3,0,795,1506422146376,23.575566944235778,nan
3,3,798,1507152715264,23.587000376602564,0.0
3,0,796,1507884545792,23.598453553685896,nan
3,3,799,1508613859840,23.60986734775641,0.0
3,0,797,1509346550945,23.621333992904272,nan
3,3,800,1510754145792,23.643362908653845,0.0
3,0,798,1511486765904,23.654828442758415,nan
3,3,801,1512221407232,23.66632560897436,0.0
3,0,799,1512954622212,23.67780045278696,nan
3,3,802,1513688806400,23.68929046474359,0.0
3,0,800,1515095536073,23.7113058404854,nan
3,3,803,1515828482048,23.722776474358977,0.0
3,0,801,1516558590311,23.734202697926058,nan
3,3,804,1517289881088,23.745647427884617,0.0
3,3,805,1518735605248,23.768273068910258,0.0
3,0,803,1519466215629,23.779707150644157,nan
3,3,806,1520197460992,23.791151169871796,0.0
3,0,804,1520927925374,23.802582966715494,nan
3,3,807,1521659176960,23.814027083333333,0.0
3,0,805,1522389953578,23.825463766682944,nan
3,3,808,1523793274880,23.847425801282053,0.0
3,0,806,1524524484319,23.858869258297652,nan
3,3,809,1525254089216,23.870287604166666,0.0
3,0,807,1525986700940,23.8817530069987,nan
3,3,810,1526720259072,23.893233221153846,0.0
3,0,808,1527454321217,23.904721323132637,nan
3,3,811,1528186061824,23.916173092948718,0.0
3,0,809,1528917019097,23.927612603556316,nan
3,3,812,1529646441472,23.939028092948718,0.0
3,0,810,1531052101283,23.961026725307367,nan
3,3,813,1531784949760,23.972495833333333,0.0
3,0,811,1532514654790,23.98391574628781,nan
3,3,814,1533245865984,23.995359230769232,0.0
3,0,812,1534650155786,24.01733642243214,nan
3,3,815,1535379479552,24.028750368589744,0.0
3,0,813,1536111596223,24.04020802382249,nan
3,3,816,1536845635072,24.05169576121795,0.0
3,0,814,1537579321429,24.063177982099486,nan
3,3,817,1538311498240,24.07463657852564,0.0
3,0,815,1539041029638,24.086053774132363,nan
3,3,818,1539771470336,24.097485200320513,0.0
3,0,816,1540502544822,24.10892654531626,nan
3,3,819,1541231583232,24.120336025641027,0.0
3,0,817,1542637355647,24.142336420256786,nan
3,3,820,1543369656832,24.153796963141026,0.0
3,0,818,1544099322392,24.165216258388423,nan
3,3,821,1544829994496,24.176651306089745,0.0
3,0,819,1545561423809,24.188098204142253,nan
3,3,822,1546962735104,24.210028782051282,0.0
3,0,820,1547695613067,24.22149835153433,nan
3,3,823,1548428620800,24.232969951923078,0.0
3,0,821,1549163080230,24.244464271428036,nan
3,3,824,1549894080000,24.255904447115384,0.0
3,0,822,1550625161159,24.267345896543844,nan
3,3,825,1551353856512,24.27875000801282,0.0
3,0,823,1552087110526,24.290225462709085,nan
3,3,826,1552819136000,24.301681690705127,0.0
3,0,824,1554221692993,24.323631763837767,nan
3,3,827,1554950792704,24.335042203525642,0.0
3,0,825,1555683777494,24.34651344485552,nan
3,3,828,1556416171520,24.35797544070513,0.0
3,0,826,1557146151811,24.369399661505284,nan
3,3,829,1557876210176,24.380825104166668,0.0
3,0,827,1558608318253,24.392282624902972,nan
3,3,830,1559342201344,24.40376792467949,0.0
3,0,828,1560075643600,24.415246325370592,nan
3,3,831,1560808440320,24.426714623397437,0.0
3,0,829,1561543068272,24.438211580278445,nan
3,3,832,1562946670080,24.460178004807695,0.0
3,0,830,1563677880113,24.471621471119416,nan
3,3,833,1564407165440,24.48303481570513,0.0
3,0,831,1565140156613,24.494506156929212,nan
3,3,834,1565872935936,24.50597418269231,0.0
3,0,832,1566603057269,24.517400610805414,nan
3,3,835,1567333109760,24.528825961538463,0.0
3,0,833,1568066294803,24.540300336835813,nan
3,3,836,1569470682112,24.56227905448718,0.0
3,0,834,1570202105551,24.573725860611354,nan
3,3,837,1570930637824,24.585127419871796,0.0
3,0,835,1571664200836,24.59660771039914,nan
3,3,838,1572396278784,24.608064759615385,0.0
3,0,836,1573125978650,24.619484591753057,nan
3,3,839,1574528799232,24.641438790064104,0.0
3,0,837,1575260439262,24.652888985846104,nan
3,3,840,1575989358080,24.66429659455128,0.0
3,0,838,1576722246796,24.67576633231921,nan
3,3,841,1577455385088,24.68723997596154,0.0
3,0,839,1578189574178,24.698730064634667,nan
3,3,842,1578920845824,24.71017449519231,0.0
3,0,840,1579651639235,24.72161144135304,nan
3,3,843,1580380962304,24.733025376602566,0.0
3,0,841,1581113689454,24.744492585856122,nan
3,3,844,1581846316544,24.755958229166666,0.0
3,0,842,1583248241192,24.77789840607472,nan
3,3,845,1583977695744,24.789314399038464,0.0
3,0,843,1584710326217,24.800780095293096,nan
3,3,846,1585442967552,24.812245961538462,0.0
3,0,844,1586177769327,24.823745638756385,nan
3,3,847,1587579778048,24.84568713141026,0.0
3,0,845,1588313186346,24.857165000657304,nan
3,0,846,1588361794548,24.857925720966048,nan
3,3,848,1589098207744,24.86945061698718,0.0
3,0,847,1589830974859,24.880918451694587,nan
3,3,849,1590563385344,24.892380705128208,0.0
3,0,848,1591292930884,24.903798122057793,nan
3,3,850,1592023343104,24.915229102564105,0.0
3,0,849,1593427769850,24.9372084374061,nan
3,3,851,1594160766976,24.948679871794873,0.0
3,0,850,1594894916484,24.960169341008115,nan
3,3,852,1595626098688,24.971612371794873,0.0
3,0,851,1596356684090,24.98304606260642,nan
3,3,853,1597086440960,24.994466786858975,0.0
3,0,852,1597818315474,25.00592065232497,nan
3,3,854,1598552158720,25.01740532852564,0.0
3,0,853,1599285544068,25.028882838604268,nan
3,3,855,1600689530368,25.05085528044872,0.0
3,0,854,1601419552056,25.062280149113583,nan
3,3,856,1602149136896,25.073698181089743,0.0
3,0,855,1602881878221,25.085165612182617,nan
3,3,857,1604286308864,25.10714500801282,0.0
3,0,856,1605016781705,25.11857693724021,nan
3,3,858,1605745798656,25.12998608173077,0.0
3,0,857,1606478957887,25.141460053069288,nan
3,3,859,1607210607104,25.152910392628208,0.0
3,0,858,1607940948171,25.164340259587217,nan
3,3,860,1608669796352,25.175746762820513,0.0
3,0,859,1609402639488,25.187215787259618,nan
3,3,861,1610140075520,25.198756690705128,0.0
3,0,860,1611542611241,25.220706430930115,nan
3,3,862,1612271920128,25.23212014423077,0.0
3,0,861,1613004415685,25.243583729044598,nan
3,3,863,1613737223680,25.255052203525644,0.0
3,0,862,1615144280459,25.27707269848946,nan
3,3,864,1615874564608,25.288501674679488,0.0
3,0,863,1616606022947,25.29994902699006,nan
3,3,865,1617339959808,25.31143516826923,0.0
3,0,864,1618073341133,25.322912615387747,nan
3,3,866,1618804994048,25.334363012820514,0.0
3,0,865,1619535319662,25.345792637939454,nan
3,3,867,1620265061888,25.35721313301282,0.0
3,0,866,1620997044749,25.36866869411371,nan
3,3,868,1621730218496,25.380142892628207,0.0
3,0,867,1623137556670,25.402167791435048,nan
3,3,869,1623866948608,25.41358280448718,0.0
3,0,868,1624599342687,25.42504480116624,nan
3,3,870,1625331841536,25.436508437500002,0.0
3,0,869,1626061374478,25.447925657270382,nan
3,3,871,1626791459840,25.4593515224359,0.0
3,0,870,1627524133303,25.47081789148575,nan
3,3,872,1628256920576,25.48228604166667,0.0
3,0,871,1629659946077,25.504243446968275,nan
3,3,873,1630388753408,25.515649310897437,0.0
3,0,872,1631123262987,25.527144415236254,nan
3,3,874,1631854065152,25.538581498397438,0.0
3,0,873,1632585986970,25.55003610417293,nan
3,3,875,1633319444480,25.561514743589743,0.0
3,0,874,1634726806090,25.583540009170925,nan
3,3,876,1635457133056,25.59496965544872,0.0
3,0,875,1636189456386,25.606430544903095,nan
3,3,877,1636922572288,25.617903838141025,0.0
3,0,876,1637652360079,25.62932504630847,nan
3,3,878,1638382568448,25.64075283653846,0.0
3,0,877,1639114904377,25.652213923167693,nan
3,3,879,1639847755264,25.663683068910256,0.0
3,0,878,1640582881484,25.67518782370543,nan
3,3,880,1641312418816,25.68660511217949,0.0
3,0,879,1642045496940,25.698077814190206,nan
3,3,881,1643449350656,25.720048181089744,0.0
3,0,880,1644180392740,25.73148901899289,nan
3,3,882,1644909389824,25.742897852564102,0.0
3,0,881,1645641977542,25.754362879701272,nan
3,3,883,1646374912000,25.765833333333333,0.0
3,0,882,1647109466206,25.77732913608649,nan
3,3,884,1647840723968,25.788773349358976,0.0
3,0,883,1648571447301,25.8002091987962,nan
3,3,885,1649972482048,25.82213544871795,0.0
3,0,884,1650706174657,25.833617767443535,nan
3,3,886,1651437843968,25.84506842147436,0.0
3,0,885,1652168092751,25.85649684418507,nan
3,3,887,1652898437632,25.867926770833336,0.0
3,0,886,1653630072832,25.879376891025643,nan
3,3,888,1655031061504,25.901302419871797,0.0
3,0,887,1655764589740,25.912782166153345,nan
3,3,889,1656496985600,25.924244190705128,0.0
3,0,888,1657226646602,25.935663414619643,nan
3,3,890,1657957434368,25.947100272435897,0.0
3,0,889,1658688580087,25.958542732230946,nan
3,3,891,1659418108928,25.969959887820515,0.0
3,0,890,1660150771587,25.981426087787334,nan
3,3,892,1660884118016,25.992902988782053,0.0
3,0,891,1661618656551,26.00439854628343,nan
3,3,893,1662349947904,26.015843285256413,0.0
3,0,892,1663753052108,26.03780192226312,nan
3,3,894,1664481739264,26.04920590544872,0.0
3,0,893,1665215107962,26.060683154954177,nan
3,3,895,1665947257856,26.072141330128204,0.0
3,0,894,1666677057797,26.083562728443635,nan
3,3,896,1667407436800,26.094993189102563,0.0
3,0,895,1668138637501,26.106436509368116,nan
3,3,897,1668867489280,26.117843068910258,0.0
3,0,896,1669600757326,26.129318743207882,nan
3,3,898,1670333239296,26.140782115384617,0.0
3,0,897,1671067304436,26.152270264235277,nan
3,3,899,1672471482880,26.174245713141026,0.0
3,0,898,1673201198244,26.185665787823016,nan
3,3,900,1673931830272,26.197100208333335,0.0
3,0,899,1674662409795,26.2085338071383,nan
3,3,901,1676064470528,26.230476113782053,0.0
3,0,900,1676795795705,26.24192138210199,nan
3,3,902,1677524641792,26.2533278525641,0.0
3,0,901,1678257739911,26.26480086749737,nan
3,3,903,1678990346752,26.276266193910256,0.0
3,0,902,1679724883504,26.287761723507614,nan
3,3,904,1680455756288,26.299199911858974,0.0
3,0,903,1681186704842,26.310639286013874,nan
3,3,905,1681915995136,26.322052708333334,0.0
3,0,904,1683320670853,26.344035939581456,nan
3,3,906,1684053536768,26.355505320512822,0.0
3,0,905,1684788069902,26.367000793488334,nan
3,3,907,1686190583296,26.388950184294874,0.0
3,0,906,1686922376396,26.400402775628507,nan
3,3,908,1687656176128,26.411886770833334,0.0
3,0,907,1688389650523,26.423365674501078,nan
3,3,909,1689121515520,26.43481939102564,0.0
3,0,908,1689851478025,26.446243333474186,nan
3,3,910,1690581525504,26.457668605769232,0.0
3,0,909,1691313403292,26.46912252247346,nan
3,3,911,1692047178752,26.480606137820512,0.0
3,0,910,1693453529163,26.50261557809683,nan
3,3,912,1694185476608,26.514070584935897,0.0
3,0,911,1694915775983,26.52549979941344,nan
3,3,913,1695645949952,26.536927051282053,0.0
3,0,912,1696378231690,26.548387289819964,nan
3,3,914,1697112087552,26.559872163461538,0.0
3,0,913,1697846521637,26.57136608631623,nan
3,3,915,1698578139136,26.58281592948718,0.0
3,0,914,1699981419981,26.604777330932617,nan
3,3,916,1700710852096,26.616192972756412,0.0
3,0,915,1701443130233,26.62765315493853,nan
3,3,917,1702176697856,26.639133517628206,0.0
3,0,916,1702910605580,26.65061920291216,nan
3,3,918,1703642520576,26.662073701923077,0.0
3,0,917,1705045931976,26.684037146559497,nan
3,3,919,1705775321088,26.695452115384615,0.0
3,0,918,1706508538200,26.7069269925631,nan
3,3,920,1707241285120,26.718394511217948,0.0
3,0,919,1707976004352,26.729892896634617,nan
3,3,921,1708707620352,26.741342716346153,0.0
3,0,920,1709437862037,26.752771027972884,nan
3,3,922,1710168495616,26.764205472756412,0.0
3,0,921,1710899650612,26.77564807773688,nan
3,3,923,1711629352960,26.78706794871795,0.0
3,0,922,1712362014162,26.798534125882664,nan
3,3,924,1713095770624,26.810017443910258,0.0
3,0,923,1714502023806,26.83202536254883,nan
3,3,925,1715234626560,26.843490625,0.0
3,0,924,1715968962051,26.854983004854642,nan
3,3,926,1716701276672,26.86644375801282,0.0
3,0,925,1717436001199,26.87794222629645,nan
3,3,927,1718168060928,26.889398990384617,0.0
3,0,926,1718897475916,26.900814364170174,nan
3,3,928,1719628648448,26.912257243589746,0.0
3,0,927,1720359027436,26.923687704013922,nan
3,3,929,1721088942080,26.935110897435898,0.0
3,0,928,1721820968067,26.946567133460412,nan
3,3,930,1723227036160,26.96857215544872,0.0
3,0,929,1723960045868,26.980043786746293,nan
3,3,931,1724692631040,26.99150877403846,0.0
3,0,930,1725427410636,27.003008104154148,nan
3,3,932,1726158263808,27.014445985576923,0.0
3,0,931,1727562158451,27.036416992985654,nan
3,3,933,1728296024576,27.04790202724359,0.0
3,0,932,1729029465344,27.059380404647438,nan
3,3,934,1729762067456,27.070845657051283,0.0
3,0,933,1730496874654,27.082345419139372,nan
3,3,935,1731228099072,27.093789110576925,0.0
3,0,934,1731958716482,27.105223302314954,nan
3,3,936,1732688404992,27.11664295673077,0.0
3,0,935,1733420534740,27.128100816619092,nan
3,3,937,1734826343936,27.150101786858976,0.0
3,0,936,1735560278149,27.16158788669684,nan
3,3,938,1736291842560,27.17303689903846,0.0
3,0,937,1737021944344,27.184463021208934,nan
3,3,939,1737751548416,27.195881354166666,0.0
3,0,938,1738484486596,27.207351866048178,nan
3,3,940,1739216481792,27.218807620192308,0.0
3,0,939,1739946717521,27.2302358386074,nan
3,3,941,1740675945984,27.241648293269233,0.0
3,0,940,1741408718588,27.253116213879707,nan
3,3,942,1742814024704,27.275109310897438,0.0
3,0,941,1743548964243,27.28661114412748,nan
3,3,943,1744279959040,27.29805124198718,0.0
3,0,942,1745010821951,27.309489275825698,nan
3,3,944,1745740311552,27.320905817307693,0.0
3,0,943,1746472576206,27.33236578848032,nan
3,3,945,1747206259200,27.34384795673077,0.0
3,0,944,1747940164724,27.355333607584637,nan
3,3,946,1749344745984,27.377315360576922,0.0
3,0,945,1750074817810,27.388741013903495,nan
3,3,947,1750804989440,27.400168229166667,0.0
3,0,946,1751537039548,27.411624842685796,nan
3,3,948,1752270661120,27.42310604967949,0.0
3,0,947,1753004167235,27.4345854497665,nan
3,3,949,1753736739840,27.446050240384615,0.0
3,0,948,1754471125470,27.457543404916617,nan
3,3,950,1755202168320,27.468984254807694,0.0
3,0,949,1755932664196,27.480416544533753,nan
3,3,951,1757333804544,27.502344447115384,0.0
3,0,950,1758066329654,27.513808494434848,nan
3,3,952,1758799451648,27.52528188301282,0.0
3,0,951,1759533977032,27.536777234700523,nan
3,3,953,1760264604160,27.548211578525642,0.0
3,0,952,1760995846506,27.55965555053711,nan
3,3,954,1761724247040,27.571055048076925,0.0
3,0,953,1762457983752,27.582538057016226,nan
3,3,955,1763189452800,27.593985576923078,0.0
3,0,954,1764592455096,27.615942619065507,nan
3,3,956,1765321153024,27.627346770833334,0.0
3,0,955,1766054788418,27.638828194141876,nan
3,3,957,1766786533376,27.65028003205128,0.0
3,0,956,1767516981488,27.661711574268832,nan
3,3,958,1768246054912,27.673121602564102,0.0
3,0,957,1768978566796,27.684585442896136,nan
3,3,959,1769711344128,27.6960534375,0.0
3,0,958,1770446092315,27.707552276063577,nan
3,3,960,1771176785408,27.71898765224359,0.0
3,0,959,1771908176841,27.73043395747258,nan
3,3,961,1773309601280,27.752366306089744,0.0
3,0,960,1774043305075,27.76384879987668,nan
3,3,962,1774775948800,27.77531470352564,0.0
3,0,961,1775505605122,27.78673385419797,nan
3,3,963,1776236631552,27.798174447115386,0.0
3,0,962,1776967541167,27.809613211873373,nan
3,3,964,1777696539136,27.821022059294872,0.0
3,0,963,1778429305159,27.832489876912437,nan
3,3,965,1779162471936,27.843963966346156,0.0
3,0,964,1779896541404,27.85545218293019,nan
3,3,966,1781301495808,27.877439775641026,0.0
3,0,965,1782035744647,27.888930799388397,nan
3,3,967,1782768090112,27.90039203525641,0.0
3,0,966,1784169521729,27.922324496209562,nan
3,3,968,1784901497344,27.933779943910256,0.0
3,0,967,1785631160286,27.945199198185847,nan
3,3,969,1786362656256,27.956647139423076,0.0
3,0,968,1787093535622,27.968085430783002,nan
3,3,970,1787824256000,27.97952123397436,0.0
3,0,969,1788555368207,27.990963169305264,nan
3,3,971,1789285857792,28.002395360576923,0.0
3,0,970,1790689864142,28.024368116204677,nan
3,3,972,1791419831296,28.035792131410258,0.0
3,0,971,1792151999860,28.047250598770535,nan
3,3,973,1792886613504,28.05874733173077,0.0
3,0,972,1793619389705,28.07021530863444,nan
3,3,974,1795026343936,28.09223419871795,0.0
3,0,973,1795759096258,28.103701801914315,nan
3,3,975,1796493094912,28.11518891025641,0.0
3,0,974,1797226319694,28.126663907470704,nan
3,3,976,1797959727104,28.138141762820513,0.0
3,0,975,1798693274879,28.149621814888196,nan
3,3,977,1799426352128,28.161094503205128,0.0
3,0,976,1800160015496,28.172576364307893,nan
3,3,978,1800892471296,28.184039326923077,0.0
3,0,977,1801627235382,28.195538414306643,nan
3,3,979,1803031444992,28.21751435096154,0.0
3,0,978,1803761308387,28.22893674233461,nan
3,3,980,1804493127168,28.240389735576922,0.0
3,0,979,1805223462533,28.251819513299406,nan
3,3,981,1805954733056,28.26326392628205,0.0
3,0,980,1807357734727,28.285220958643205,nan
3,0,981,1808748808510,28.306991319079277,nan
3,3,982,1809481907712,28.318464350961538,0.0
3,0,982,1810216166095,28.329955524072894,nan
3,3,983,1810948606976,28.34141825320513,0.0
3,0,983,1811678035583,28.352833840128582,nan
3,3,984,1812409824256,28.364286362179488,0.0
3,0,984,1813812068142,28.386231535175032,nan
3,3,985,1814543391744,28.397676778846154,0.0
3,0,985,1815274223303,28.409114322024614,nan
3,3,986,1816004440576,28.420542251602566,0.0
3,0,986,1816736072315,28.431992317630083,nan
3,3,987,1817465328640,28.443405208333335,0.0
3,0,987,1818197589007,28.45486511241424,nan
3,3,988,1818931689984,28.466353822115387,0.0
3,0,988,1819664235978,28.477818196270285,nan
3,3,989,1821071078912,28.499835344551283,0.0
3,0,989,1821804020837,28.511305915042193,nan
3,3,990,1822537861632,28.522790552884615,0.0
3,0,990,1823271439372,28.53427107390575,nan
3,3,991,1824004413440,28.5457421474359,0.0
3,0,991,1824739223454,28.557241953594502,nan
3,3,992,1825470952448,28.56869354166667,0.0
3,0,992,1826201209151,28.580122088325698,nan
3,3,993,1826931879424,28.591557107371795,0.0
3,0,993,1827662877429,28.602997255436826,nan
3,3,994,1829065685504,28.62495125801282,0.0
3,0,994,1829797737394,28.636407899420323,nan
3,3,995,1830527536128,28.647829278846153,0.0
3,0,995,1831260214605,28.65929572636531,nan
3,3,996,1831994904576,28.670793653846154,0.0
3,0,996,1832727667443,28.68226142207219,nan
3,3,997,1834134917632,28.704284943910256,0.0
3,0,997,1834867682209,28.715752738897862,nan
3,3,998,1835602212352,28.727248165064104,0.0
3,0,998,1836334624069,28.738710437778572,nan
3,3,999,1837068848128,28.75020107371795,0.0
3,0,999,1837801295598,28.7616639059683,nan
3,3,1000,1838535318528,28.77315139423077,0.0
3,0,1000,1839268428939,28.78462460153433,nan
3,3,1001,1840001888256,28.79610326923077,0.0
3,0,1001,1840734919735,28.807575241245367,nan
3,3,1002,1842141094912,28.829581939102564,0.0
3,0,1002,1842874212067,28.841055251949996,nan
3,3,1003,1843607799808,28.852535929487182,0.0
3,0,1003,1844340981391,28.864010250635392,nan
3,3,1004,1845074541568,28.87549049679487,0.0
3,0,1004,1846479733573,28.89748180797088,nan
3,3,1005,1847214520320,28.90898125,0.0
3,0,1005,1847946381032,28.920434899464144,nan
3,3,1006,1848676216320,28.93185685096154,0.0
3,0,1006,1849408240780,28.943313063088443,nan
3,3,1007,1850137833984,28.954731225961538,0.0
3,0,1007,1850869460551,28.96618121104705,nan
3,3,1008,1851598977024,28.977598173076924,0.0
3,0,1008,1853003955465,28.999586141967775,nan
3,3,1009,1853737713664,29.011069487179487,0.0
3,0,1009,1854471402656,29.02255174929888,nan
3,3,1010,1855203715072,29.03401246794872,0.0
3,0,1010,1855933158473,29.045428286398863,nan
3,3,1011,1856664227840,29.056869551282052,0.0
3,0,1011,1857394623483,29.068300272357646,nan
3,3,1012,1858124862464,29.079728541666668,0.0
3,0,1012,1859528210112,29.10169098858173,nan
3,3,1013,1860258277376,29.113116570512823,0.0
3,0,1013,1860989604962,29.124561876533704,nan
3,3,1014,1861719590912,29.135986185897437,0.0
3,0,1014,1862451508232,29.147440721279047,nan
3,3,1015,1863180285440,29.15884611378205,0.0
3,0,1015,1863913594301,29.170322426836062,nan
3,3,1016,1864646407680,29.181790985576924,0.0
3,0,1016,1865376120151,29.193211014983348,nan
3,3,1017,1866779656704,29.21517641826923,0.0
3,0,1017,1867510854688,29.22661969601362,nan
3,3,1018,1868240925696,29.238045336538462,0.0
3,0,1018,1868972946371,29.249501489429964,nan
3,3,1019,1869702428672,29.260917916666667,0.0
3,0,1019,1870435210110,29.2723859755296,nan
3,3,1020,1871169657344,29.283880104166666,0.0
3,0,1020,1871902505239,29.29534920308431,nan
3,3,1021,1872636569088,29.30683733173077,0.0
3,0,1021,1873370161352,29.318318080053086,nan
3,3,1022,1874775824384,29.340316762820514,0.0
3,0,1022,1875510264199,29.351810775349936,nan
3,3,1023,1876242376704,29.363268365384616,0.0
3,0,1023,1876972113194,29.374688770689353,nan
3,3,1024,1877703423488,29.386133806089745,0.0
3,0,1024,1878433857226,29.397565123353615,nan
3,3,1025,1879163994112,29.408991794871795,0.0
3,0,1025,1879896052360,29.420448535782253,nan
3,3,1026,1880629852160,29.431932532051285,0.0
3,0,1026,1881363606050,29.443415809826973,nan
3,3,1027,1882767591936,29.465388245192308,0.0
3,0,1027,1883497926885,29.476818016404373,nan
3,3,1028,1884227995648,29.488243621794872,0.0
3,0,1028,1884959265424,29.49968802308694,nan
3,3,1029,1885688505856,29.511100665064102,0.0
3,0,1029,1886420897348,29.52256262125651,nan
3,3,1030,1887155284480,29.534055809294873,0.0
3,0,1030,1887888710106,29.54553394972581,nan
3,3,1031,1888621714432,29.557005496794872,0.0
3,0,1031,1889356242826,29.568500895589192,nan
3,3,1032,1890088009216,29.579953068910257,0.0
3,0,1032,1891490519625,29.60190241300143,nan
3,3,1033,1892221462528,29.61334169871795,0.0
3,0,1033,1892952090611,29.62477605748886,nan
3,3,1034,1893681886208,29.636197387820513,0.0
3,0,1034,1894413847950,29.647652618408205,nan
3,3,1035,1895147728384,29.659137876602564,0.0
3,0,1035,1895881573708,29.67062258532402,nan
3,3,1036,1897286651392,29.692612107371797,0.0
3,0,1036,1898016277000,29.70403077736879,nan
3,3,1037,1898747515904,29.71547469551282,0.0
3,0,1037,1899477801895,29.726903700530226,nan
3,3,1038,1900208033792,29.73833185897436,0.0
3,0,1038,1900939258186,29.749775550036308,nan
3,3,1039,1901668686336,29.761191129807692,0.0
3,0,1039,1903072653839,29.78316327747834,nan
3,3,1040,1903802835456,29.79459064903846,0.0
3,0,1040,1904533879751,29.806031521543847,nan
3,3,1041,1905264498176,29.817465729166667,0.0
3,0,1041,1905995566962,29.828906984957182,nan
3,3,1042,1906725742080,29.840334254807694,0.0
3,0,1042,1907457014539,29.85177869808882,nan
3,3,1043,1908186750976,29.863199102564103,0.0
3,0,1043,1908918186692,29.87464610082382,nan
3,3,1044,1909648243200,29.88607151442308,0.0
3,0,1044,1911051286405,29.908029196792995,nan
3,3,1045,1911782183936,29.919467772435898,0.0
3,0,1045,1912512404795,29.93089575813489,nan
3,3,1046,1913915352064,29.952851939102565,0.0
3,0,1046,1914645807613,29.96428359770946,nan
3,3,1047,1915376123904,29.97571307692308,0.0
3,0,1047,1916107348900,29.98715677740635,nan
3,3,1048,1916836803584,29.9985727724359,0.0
3,0,1048,1917569335625,30.010036928225787,nan
3,3,1049,1918303124480,30.021520753205127,0.0
3,0,1049,1919036518145,30.032998393445137,nan
3,3,1050,1919769056256,30.04446264423077,0.0
3,0,1050,1920503589528,30.055958119365986,nan
3,3,1051,1921908055552,30.077938068910257,0.0
3,0,1051,1922642854227,30.089437697613057,nan
3,3,1052,1923374783488,30.100892419871794,0.0
3,0,1052,1924104833805,30.112317736581655,nan
3,3,1053,1924836280320,30.123764903846155,0.0
3,0,1053,1925566564027,30.135193873118865,nan
3,3,1054,1926297698304,30.146636153846156,0.0
3,0,1054,1927028290652,30.158069953362883,nan
3,3,1055,1927759015936,30.169505833333336,0.0
3,0,1055,1929162714410,30.191473770689353,nan
3,3,1056,1929892460544,30.20289432692308,0.0
3,0,1056,1930624622797,30.214352695515952,nan
3,3,1057,1931354147840,30.225769791666668,0.0
3,0,1057,1932086701707,30.23723428903433,nan
3,3,1058,1932821433344,30.248732868589745,0.0
3,0,1058,1933553940524,30.260196635303988,nan
3,3,1059,1934288235008,30.27168837339744,0.0
3,0,1059,1935021355979,30.28316174596542,nan
3,3,1060,1936428407808,30.305182163461538,0.0
3,0,1060,1937161410700,30.316653688088444,nan
3,3,1061,1937895355904,30.3281399599359,0.0
3,0,1061,1938628635203,30.339615810343425,nan
3,3,1062,1939362571776,30.351101947115385,0.0
3,0,1062,1940096602593,30.36258955880972,nan
3,3,1063,1940830310400,30.374072115384617,0.0
3,0,1063,1941564316550,30.385559341039414,nan
3,3,1064,1942970857472,30.407571762820513,0.0
3,0,1064,1943704530505,30.419053775180917,nan
3,3,1065,1944437791744,30.43052934294872,0.0
3,0,1065,1945171862509,30.442017579830857,nan
3,3,1066,1945904004096,30.453475625,0.0
3,0,1066,1946633427342,30.464891128023588,nan
3,3,1067,1948037509632,30.486865072115386,0.0
3,0,1067,1948767519835,30.49828976103954,nan
3,3,1068,1949498442240,30.50972872596154,0.0
3,0,1068,1950228870150,30.521159952016976,nan
3,3,1069,1950959613440,30.532596113782052,0.0
3,0,1069,1951690241466,30.544030471660907,nan
3,3,1070,1952420874240,30.555464903846154,0.0
3,0,1070,1953151949157,30.566906255587064,nan
3,3,1071,1954554866688,30.588861971153847,0.0
3,0,1071,1955286012966,30.600304439697265,nan
3,3,1072,1956016197632,30.61173185897436,0.0
3,0,1072,1956747732942,30.623180415884164,nan
3,3,1073,1957477704704,30.63460450320513,0.0
3,0,1073,1958209115022,30.646051103985126,nan
3,3,1074,1958938970112,30.657473365384615,0.0
3,0,1074,1959670638896,30.66892401116787,nan
3,3,1075,1960400598016,30.680347900641028,0.0
3,0,1075,1961132358861,30.69179998718262,nan
3,3,1076,1961862049280,30.70321967147436,0.0
3,0,1076,1963267113864,30.725208988506612,nan
3,3,1077,1964001641984,30.73670438301282,0.0
3,0,1077,1964735100734,30.748183041835688,nan
3,3,1078,1965468459008,30.75966012820513,0.0
3,0,1078,1966202520791,30.771148224518605,nan
3,3,1079,1966935095296,30.782613044871795,0.0
3,0,1079,1967669315204,30.794103615847856,nan
3,3,1080,1968401757184,30.805566362179487,0.0
3,0,1080,1969131272239,30.816983302017604,nan
3,3,1081,1969862927360,30.82843373397436,0.0
3,0,1081,1971266179318,30.85039468333709,nan
3,3,1082,1971996322816,30.861821458333335,0.0
3,0,1082,1972727788686,30.87326892850436,nan
3,3,1083,1974130218496,30.895217011217948,0.0
3,0,1083,1974861826394,30.906666704132864,nan
3,3,1084,1975591019008,30.918078597756413,0.0
3,0,1084,1976323401486,30.92954041287936,nan
3,3,1085,1977057400832,30.941027532051283,0.0
3,0,1085,1977790433984,30.9524995302484,nan
3,3,1086,1978524092416,30.963981314102565,0.0
3,0,1086,1979257585744,30.975460514072516,nan
3,3,1087,1979990473728,30.986930240384616,0.0
3,0,1087,1980724607998,30.998419471122546,nan
3,3,1088,1981456978432,31.009881097756413,0.0
3,0,1088,1982858198222,31.031810243608525,nan
3,3,1089,1983590309888,31.04326782051282,0.0
3,0,1089,1984319859829,31.054685306318234,nan
3,3,1090,1985051269632,31.066131899038464,0.0
3,0,1090,1985781774349,31.077564327126527,nan
3,3,1091,1986512147456,31.08899469551282,0.0
3,0,1091,1987243364300,31.10043826841697,nan
3,3,1092,1987973177856,31.111859879807692,0.0
3,0,1092,1988705251193,31.123316856861603,nan
3,3,1093,1990106752512,31.145250408653848,0.0
3,0,1093,1990839895101,31.156724119544396,nan
3,3,1094,1991572833792,31.168194639423078,0.0
3,0,1094,1992306803684,31.179681297638723,nan
3,3,1095,1993038930432,31.191139110576923,0.0
3,0,1095,1993768611722,31.20255865199945,nan
3,3,1096,1995172265472,31.224525889423077,0.0
3,0,1096,1995903558223,31.235970650274815,nan
3,3,1097,1996633211904,31.247389759615384,0.0
3,0,1097,1997365699595,31.258853221325996,nan
3,3,1098,1998099588608,31.27033861378205,0.0
3,0,1098,1998833090495,31.2818179477007,nan
3,3,1099,1999566053888,31.29328885416667,0.0
3,0,1099,2000300617564,31.304784805125703,nan
3,3,1100,2001032473600,31.31623838141026,0.0
3,0,1100,2001762296584,31.32766014034956,nan
3,3,1101,2003166026240,31.349628565705128,0.0
3,0,1101,2003895897552,31.361051080979568,nan
3,3,1102,2004626645504,31.37248731570513,0.0
3,0,1102,2005356845968,31.383914982221555,nan
3,3,1103,2006087639552,31.395351931089746,0.0
3,0,1103,2006818144073,31.406784356110403,nan
3,3,1104,2007548916736,31.418220977564104,0.0
3,0,1104,2008280017149,31.429662728318437,nan
3,3,1105,2009010081280,31.44108826121795,0.0
3,0,1105,2009741396640,31.452533375901442,nan
3,3,1106,2010470581248,31.46394514423077,0.0
3,0,1106,2011876689771,31.485950798950196,nan
3,3,1107,2012608899072,31.497409903846155,0.0
3,0,1107,2013338784542,31.50883264069386,nan
3,3,1108,2014069611520,31.52027011217949,0.0
3,0,1108,2014800682179,31.53171139728253,nan
3,3,1109,2015530502144,31.54313310897436,0.0
3,0,1109,2016261768333,31.554577454129735,nan
3,3,1110,2016991343616,31.565995336538464,0.0
3,0,1110,2017723193926,31.57744882321089,nan
3,3,1111,2019125092352,31.59938858974359,0.0
3,0,1111,2019857924873,31.61085744805752,nan
3,3,1112,2020591904256,31.622344254807693,0.0
3,0,1112,2021325867713,31.63383081231533,nan
3,3,1113,2022058509312,31.645296682692308,0.0
3,0,1113,2022792974431,31.656791091230346,nan
3,3,1114,2023525211648,31.66825063301282,0.0
3,0,1114,2024932259124,31.690270982384316,nan
3,3,1115,2025664943104,31.70173751602564,0.0
3,0,1115,2026399347929,31.713230980960162,nan
3,3,1116,2027131870720,31.72469499198718,0.0
3,0,1116,2027861398160,31.736112125651044,nan
3,3,1117,2028593351168,31.747567219551282,0.0
3,0,1117,2029323696200,31.758997148562703,nan
3,3,1118,2030055150592,31.770444439102565,0.0
3,0,1118,2030786060279,31.781883204987356,nan
3,3,1119,2031516806656,31.793319415064104,0.0
3,0,1119,2032920135371,31.81528156567696,nan
3,3,1120,2033651609600,31.826729166666667,0.0
3,0,1120,2034382012541,31.838160001956258,nan
3,3,1121,2035113302016,31.84960471153846,0.0
3,0,1121,2035844060198,31.861041106363935,nan
3,3,1122,2036574651904,31.872474895833335,0.0
3,0,1122,2037305784276,31.883917146747297,nan
3,3,1123,2038035991040,31.895344911858974,0.0
3,0,1123,2038767362960,31.906790911708736,nan
3,3,1124,2039497606144,31.918219246794873,0.0
3,0,1124,2040901921877,31.940196844278972,nan
3,3,1125,2041631732736,31.95161841346154,0.0
3,0,1125,2042363918338,31.9630771474672,nan
3,3,1126,2043098157568,31.974568020833335,0.0
3,0,1126,2044503501004,31.996561701910558,nan
3,3,1127,2045237022208,32.00804133814103,0.0
3,0,1127,2045970726024,32.01952383225661,nan
3,3,1128,2046703555584,32.03099264423077,0.0
3,0,1128,2047437970480,32.04248626677684,nan
3,3,1129,2048170279424,32.05394693108975,0.0
3,0,1129,2048899809247,32.06536410204765,nan
3,3,1130,2049631162880,32.07680981570513,0.0
3,0,1130,2050361223559,32.088235294580706,nan
3,3,1131,2051092041728,32.09967262820513,0.0
3,0,1131,2052495098461,32.12163052228879,nan
3,3,1132,2053225960960,32.133068549679486,0.0
3,0,1132,2053957212693,32.14451266859788,nan
3,3,1133,2054686870016,32.1559318349359,0.0
3,0,1133,2056091883230,32.177920348025594,nan
3,3,1134,2056826147840,32.189411618589745,0.0
3,0,1134,2057559302788,32.20088552289914,nan
3,3,1135,2058293053440,32.21236875,0.0
3,0,1135,2059026729532,32.22385081023388,nan
3,3,1136,2059760193024,32.23532954326923,0.0
3,0,1136,2060494375903,32.24681953473996,nan
3,3,1137,2061226854912,32.25828286057693,0.0
3,0,1137,2061956261771,32.269698107143306,nan
3,3,1138,2063360675328,32.29167723557693,0.0
3,0,1138,2064090859606,32.303104648781805,nan
3,3,1139,2064822480384,32.31455454326923,0.0
3,0,1139,2065552637449,32.325981530589566,nan
3,3,1140,2066284183040,32.33743024839744,0.0
3,0,1140,2067014561223,32.34886069622333,nan
3,3,1141,2067745876992,32.36030581730769,0.0
3,0,1141,2068476205423,32.3717354865128,nan
3,3,1142,2069206980096,32.38317213942308,0.0
3,0,1142,2069938286874,32.39461711979793,nan
3,3,1143,2071340379136,32.416559919871794,0.0
3,0,1143,2072072621041,32.42801953502166,nan
3,3,1144,2072806882816,32.43951076121795,0.0
3,0,1144,2073539168648,32.450971063827126,nan
3,3,1145,2074273654272,32.46246579326923,0.0
3,0,1145,2075006314822,32.47393196023012,nan
3,3,1146,2075740825088,32.485427075320516,0.0
3,0,1146,2076473451244,32.49689270401392,nan
3,3,1147,2077207978496,32.508388084935895,0.0
3,0,1147,2077940588173,32.519853455732296,nan
3,3,1148,2079348421120,32.54188609775641,0.0
3,0,1148,2080080068439,32.55333640761155,nan
3,3,1149,2080810623488,32.56476962339744,0.0
3,0,1149,2081542072072,32.57621682304187,nan
3,3,1150,2082272309248,32.58764506410257,0.0
3,0,1150,2083676532169,32.609621209075144,nan
3,3,1151,2084406859776,32.62105086538462,0.0
3,0,1151,2085138267527,32.63249742599096,nan
3,3,1152,2085868803072,32.64393033653846,0.0
3,0,1152,2086600156464,32.65537604642428,nan
3,3,1153,2087330824192,32.666811025641024,0.0
3,0,1153,2088062014676,32.678254186010115,nan
3,3,1154,2088792770048,32.689690536858976,0.0
3,0,1154,2089523059344,32.70111959359976,nan
3,3,1155,2090254586880,32.71256802884616,0.0
3,0,1155,2090984108619,32.723985073289136,nan
3,3,1156,2092389120512,32.74597356570513,0.0
3,0,1156,2093123108105,32.75746050094213,nan
3,3,1157,2093856667136,32.768940729166665,0.0
3,0,1157,2094590075049,32.78041859238845,nan
3,3,1158,2095324332544,32.79190975160257,0.0
3,0,1158,2096056766030,32.80337236500276,nan
3,3,1159,2096786487808,32.814792540064104,0.0
3,0,1159,2097517918211,32.826239455175156,nan
3,3,1160,2098248302080,32.837669991987184,0.0
3,0,1160,2098979281848,32.84910985464243,nan
3,3,1161,2100383204352,32.87108129807692,0.0
3,0,1161,2101117893244,32.88257920867137,nan
3,3,1162,2101850693632,32.894047564102564,0.0
3,0,1162,2102585016345,32.905539743980995,nan
3,3,1163,2103318192128,32.91701397435897,0.0
3,0,1163,2104052819910,32.92851092857948,nan
3,3,1164,2104785614848,32.93997919871795,0.0
3,0,1164,2106193182859,32.96200769448305,nan
3,3,1165,2106926717440,32.973487540064106,0.0
3,3,1166,2106974944768,32.97424229967949,0.0
3,0,1165,2107714223091,32.98581203505296,nan
3,3,1167,2108443966976,32.99723255608974,0.0
3,0,1166,2109176402325,33.00869519864596,nan
3,3,1168,2109910550016,33.02018463942308,0.0
3,0,1167,2110643438919,33.031654380117565,nan
3,3,1169,2111376979456,33.043134318910255,0.0
3,0,1168,2112110621942,33.05461585320889,nan
3,3,1170,2113516304896,33.07661484775641,0.0
3,0,1169,2114249063354,33.08808254698142,nan
3,3,1171,2114983303168,33.09957342948718,0.0
3,0,1170,2115715712845,33.11103567027557,nan
3,3,1172,2116450047488,33.122528036858974,0.0
3,0,1171,2117182265609,33.133987279788286,nan
3,3,1173,2117917188608,33.145488854166665,0.0
3,0,1172,2118649094833,33.156943215911085,nan
3,3,1174,2119379109888,33.16836798076923,0.0
3,0,1173,2120110064208,33.17980744516226,nan
3,3,1175,2120840805888,33.19124358173077,0.0
3,0,1174,2122243701527,33.213198954686874,nan
3,3,1176,2122976157184,33.224661915064104,0.0
3,0,1175,2123710730438,33.23615801591922,nan
3,3,1177,2124444220416,33.24763716346154,0.0
3,0,1176,2125177348722,33.259110650822564,nan
3,3,1178,2125911988224,33.27060778846154,0.0
3,0,1177,2126643929101,33.28206269251115,nan
3,3,1179,2127373849600,33.2934859775641,0.0
3,0,1178,2128776992468,33.315445219663964,nan
3,3,1180,2129508476928,33.32689298076923,0.0
3,0,1179,2130237713545,33.338305563041494,nan
3,3,1181,2130970433536,33.34977266025641,0.0
3,0,1180,2131704632889,33.3612629095459,nan
3,3,1182,2132437906944,33.37273867788462,0.0
3,0,1181,2133848776441,33.394818842037886,nan
3,3,1183,2134578203648,33.406234407051286,0.0
3,0,1182,2135309495963,33.417679161079604,nan
3,3,1184,2136039759872,33.42910782051282,0.0
3,0,1183,2136770373199,33.440541948351736,nan
3,3,1185,2137501062656,33.45197726762821,0.0
3,0,1184,2138231068158,33.46340188298152,nan
3,3,1186,2138962419712,33.47484756410257,0.0
3,0,1185,2139691647916,33.486260014711036,nan
3,3,1187,2140423581696,33.49771480769231,0.0
3,0,1186,2141829941345,33.519724392543694,nan
3,3,1188,2142564351488,33.531217940705126,0.0
3,0,1187,2143296641034,33.54267830143855,nan
3,3,1189,2144026409472,33.55409920673077,0.0
3,0,1188,2144758021576,33.56554896546975,nan
3,3,1190,2146161142272,33.58750786057693,0.0
3,0,1189,2146891755658,33.598941989339195,nan
3,3,1191,2147622923776,33.61038479967949,0.0
3,0,1190,2148353493051,33.62181823810284,nan
3,3,1192,2149084604928,33.63326016826923,0.0
3,0,1191,2149815194077,33.64469391772148,nan
3,3,1193,2150546608640,33.6561405849359,0.0
3,0,1192,2151276901769,33.66756970166329,nan
3,3,1194,2152008741888,33.67902302884615,0.0
3,0,1193,2152738344263,33.69044133524577,nan
3,3,1195,2153470883840,33.70190560897436,0.0
3,0,1194,2154877516286,33.72391946310972,nan
3,3,1196,2155611282944,33.73540294070513,0.0
3,0,1195,2156344383893,33.74687599992801,nan
3,3,1197,2157078404096,33.75836344551282,0.0
3,0,1196,2157811315020,33.76983353083684,nan
3,3,1198,2158546036224,33.78133194711538,0.0
3,0,1197,2159278124788,33.79278916247246,nan
3,3,1199,2160007841792,33.804209262820514,0.0
3,0,1198,2160739572369,33.815660875666694,nan
3,3,1200,2162141768192,33.83760529647436,0.0
3,0,1199,2162873072986,33.84905024579953,nan
3,3,1201,2163603240448,33.860477395833335,0.0
3,0,1200,2164334526218,33.87192204743214,nan
3,3,1202,2165064816640,33.883351121794874,0.0
3,0,1201,2165796303035,33.89479891318297,nan
3,3,1203,2166526488576,33.90622634615385,0.0
3,0,1202,2167257706594,33.91766993743114,nan
3,3,1204,2167988513280,33.929107091346154,0.0
3,0,1203,2168719043587,33.94053991991875,nan
3,3,1205,2169450122240,33.951981330128206,0.0
3,0,1204,2170851933391,33.973919730803665,nan
3,3,1206,2171584022016,33.985376947115384,0.0
3,0,1205,2172313404542,33.99679181286934,nan
3,3,1207,2173045145600,34.00824358974359,0.0
3,0,1206,2173774992937,34.01966572980832,nan
3,3,1208,2174506322944,34.03111107371795,0.0
3,0,1207,2175236465092,34.04253782758664,nan
3,3,1209,2175967953920,34.053985657051285,0.0
3,0,1208,2176698195331,34.0654139643899,nan
3,3,1210,2177429453312,34.07685818108975,0.0
3,0,1209,2178832545862,34.09881663571089,nan
3,3,1211,2179563182592,34.11025112980769,0.0
3,0,1210,2180294250457,34.12169237118452,nan
3,3,1212,2181024460288,34.133120184294874,0.0
3,0,1211,2181755497862,34.144560951616334,nan
3,3,1213,2182485753344,34.15598947916667,0.0
3,0,1212,2183217311552,34.16743839443109,nan
3,3,1214,2183947266048,34.178862211538465,0.0
3,0,1213,2185351167990,34.20083333317683,nan
3,3,1215,2186081354752,34.21226078525641,0.0
3,0,1214,2186812451220,34.223702474271334,nan
3,3,1216,2187542241792,34.235123725961536,0.0
3,0,1215,2188274300233,34.24658046989246,nan
3,3,1217,2189008528896,34.25807117788462,0.0
3,0,1216,2189741232867,34.269538024385895,nan
3,3,1218,2190475124224,34.28102345352564,0.0
3,0,1217,2191208735371,34.292504497367666,nan
3,3,1219,2192614489088,34.314504599358976,0.0
3,0,1218,2193348536126,34.32599246491261,nan
3,3,1220,2194081621504,34.33746528044872,0.0
3,0,1219,2194816098509,34.34895987500313,nan
3,3,1221,2195547632128,34.360408405448716,0.0
3,0,1220,2196278304393,34.3718434556697,nan
3,3,1222,2197007620608,34.38325728365385,0.0
3,0,1221,2197740018720,34.39471934344952,nan
3,3,1223,2199145063936,34.416708357371796,0.0
3,0,1222,2199874910420,34.42813048408704,nan
3,3,1224,2200605419008,34.43956297275641,0.0
3,0,1223,2201336291463,34.45100115595891,nan
3,3,1225,2202066632192,34.462431017628205,0.0
3,0,1224,2202798010917,34.473877123976486,nan
3,3,1226,2203528302080,34.4853062099359,0.0
3,0,1225,2204259724231,34.49675299590282,nan
3,3,1227,2205662231040,34.518702283653845,0.0
3,0,1226,2206393493123,34.53014656455016,nan
3,3,1228,2207123001856,34.54156340544872,0.0
3,0,1227,2207855277596,34.553023550117686,nan
3,3,1229,2208589550592,34.56451495192308,0.0
3,0,1228,2209322782150,34.57599005518204,nan
3,3,1230,2210055919104,34.587463677884614,0.0
3,0,1229,2210790005588,34.598952160769734,nan
3,3,1231,2212194863616,34.620938245192306,0.0
3,0,1230,2212929404940,34.63243384634165,nan
3,3,1232,2213661248000,34.64388721955128,0.0
3,0,1231,2214391760295,34.65531976623535,nan
3,3,1233,2215121613824,34.66674200320513,0.0
3,0,1232,2215853397319,34.678194444220125,nan
3,3,1234,2216582447104,34.689604102564104,0.0
3,0,1233,2217314974966,34.70106819295248,nan
3,3,1235,2218048772608,34.71255215544872,0.0
3,0,1234,2219454477716,34.73455149670723,nan
3,0,1235,2220845343128,34.75631859612881,nan
3,3,1236,2221574507008,34.7677300400641,0.0
3,0,1236,2222306762552,34.779189868664865,nan
3,3,1237,2223040316416,34.79067001602564,0.0
3,0,1237,2223773425347,34.802143200167144,nan
3,3,1238,2224506048000,34.813608774038464,0.0
3,0,1238,2225239984753,34.82509491362743,nan
3,3,1239,2226645045760,34.84708417467949,0.0
3,0,1239,2227379220236,34.85857403464293,nan
3,3,1240,2228111307776,34.87003123397436,0.0
3,0,1240,2228840484548,34.881442879669976,nan
3,3,1241,2229572316672,34.89289608173077,0.0
3,0,1241,2230301505623,34.90430791802822,nan
3,3,1242,2231033101312,34.915757419871795,0.0
3,0,1242,2232435069714,34.9376982815317,nan
3,3,1243,2233166051328,34.949138173076925,0.0
3,0,1243,2233896413881,34.96056837629269,nan
3,3,1244,2234626894336,34.972000424679486,0.0
3,0,1244,2235357791818,34.98343899955554,nan
3,3,1245,2236087860224,34.994864599358976,0.0
3,0,1245,2236818975227,35.00630657844739,nan
3,3,1246,2237548765696,35.01772782852564,0.0
3,0,1246,2238280204174,35.02917487001077,nan
3,3,1247,2239010185216,35.0405991025641,0.0
3,0,1247,2239741369142,35.05204216030023,nan
3,3,1248,2240471326208,35.06346601762821,0.0
3,0,1248,2241874766829,35.085429919574445,nan
3,3,1249,2242604889600,35.096856370192306,0.0
3,0,1249,2243335645580,35.10829273055639,nan
3,3,1250,2244066421248,35.11972939903846,0.0
3,0,1250,2244796959525,35.131162352341875,nan
3,3,1251,2245527816704,35.14260029647436,0.0
3,0,1251,2246257922751,35.15402648536095,nan
3,3,1252,2246989105152,35.16546951923077,0.0
3,0,1252,2248391608702,35.187418755978314,nan
3,3,1253,2249123877888,35.198878798076926,0.0
3,0,1253,2249858182924,35.2103707013096,nan
3,3,1254,2250591207936,35.221842572115385,0.0
3,0,1254,2251324318382,35.233315779966695,nan
3,3,1255,2252730306560,35.25531955128205,0.0
3,0,1255,2253462548311,35.26677916402181,nan
3,3,1256,2254196839936,35.278270857371794,0.0
3,0,1256,2254929161970,35.28973172654372,nan
3,3,1257,2255663110656,35.301218052884614,0.0
3,0,1257,2256395771022,35.3126842169659,nan
3,3,1258,2257129344512,35.32416467147436,0.0
3,0,1258,2257862331937,35.3356359540421,nan
3,3,1259,2258595677184,35.347112836538464,0.0
3,0,1259,2259329119170,35.358591233004056,nan
3,3,1260,2260062043136,35.3700615224359,0.0
3,0,1260,2260795654476,35.381542569298375,nan
3,3,1261,2262201241600,35.403540064102565,0.0
3,0,1261,2262934758411,35.41501963158241,nan
3,3,1262,2263667969536,35.426494415064106,0.0
3,0,1262,2264401825681,35.43797929313464,nan
3,3,1263,2265134778368,35.44945003205128,0.0
3,0,1263,2265868876605,35.46093869887132,nan
3,3,1264,2266601442304,35.47240338141026,0.0
3,0,1264,2267336065218,35.483900259446365,nan
3,3,1265,2268068027392,35.49535549679487,0.0
3,0,1265,2269469546374,35.51728932501377,nan
3,3,1266,2270201513984,35.5287446474359,0.0
3,0,1266,2270930947350,35.54016030883789,nan
3,3,1267,2271662283264,35.55160574519231,0.0
3,0,1267,2273064406990,35.57354903767904,nan
3,3,1268,2273794883072,35.58498101762821,0.0
3,0,1268,2274525822324,35.59642024620643,nan
3,3,1269,2275255623680,35.607841666666666,0.0
3,0,1269,2275986725645,35.61928344170986,nan
3,3,1270,2276716779008,35.63070880608974,0.0
3,0,1270,2277447837883,35.642149906772715,nan
3,3,1271,2278177688576,35.653572099358975,0.0
3,0,1271,2278908651086,35.665011691925834,nan
3,3,1272,2279638430208,35.676432764423076,0.0
3,0,1272,2281042108677,35.698400388700044,nan
3,3,1273,2281771758592,35.70981943910257,0.0
3,0,1273,2282503460528,35.72127060371594,nan
3,3,1274,2283232781312,35.73268450320513,0.0
3,0,1274,2284637908827,35.75467480511005,nan
3,3,1275,2285372078080,35.766164583333335,0.0
3,0,1275,2286105451787,35.77764191122984,nan
3,3,1276,2286838526464,35.78911455929487,0.0
3,0,1276,2287573231757,35.80061272656563,nan
3,3,1277,2288305193984,35.81206796474359,0.0
3,0,1277,2289035181630,35.82349230064979,nan
3,3,1278,2289766300672,35.83493434294872,0.0
3,0,1278,2290496646622,35.846364286326875,nan
3,3,1279,2291228028416,35.85781044070513,0.0
3,0,1279,2291958181252,35.86923736184145,nan
3,3,1280,2293361603072,35.891200969551285,0.0
3,0,1280,2294091568192,35.90262495292468,nan
3,3,1281,2294822782464,35.91406848557693,0.0
3,0,1281,2295553618399,35.92550609723996,nan
3,3,1282,2296284282880,35.936941025641026,0.0
3,0,1282,2297015017352,35.948377049404044,nan
3,3,1283,2297745768448,35.95981333333334,0.0
3,0,1283,2298477050163,35.97125792147123,nan
3,3,1284,2299206858240,35.98267944711539,0.0
3,0,1284,2299938701006,35.99413281572391,nan
3,3,1285,2301341032960,36.01607936698718,0.0
3,0,1285,2302073014153,36.0275349019838,nan
3,3,1286,2302802185728,36.038946466346154,0.0
3,0,1286,2303534894394,36.05041338632437,nan
3,3,1287,2304269117952,36.06190401442308,0.0
3,0,1287,2305002153675,36.073376052856446,nan
3,3,1288,2305736290816,36.084865328525645,0.0
3,0,1288,2306469131386,36.09633431280674,nan
3,3,1289,2307876522496,36.118360040064104,0.0
3,0,1289,2308608046874,36.129808425887674,nan
3,3,1290,2309338519040,36.141240344551285,0.0
3,0,1290,2310068999880,36.15267239896334,nan
3,3,1291,2310800316928,36.164117540064105,0.0
3,0,1291,2311529833073,36.175534496960765,nan
3,3,1292,2312262029312,36.1869933974359,0.0
3,0,1292,2312995765777,36.19847640250964,nan
3,3,1293,2313729290752,36.20995609775641,0.0
3,0,1293,2314461666743,36.22141781135755,nan
3,3,1294,2315864426496,36.24337105769231,0.0
3,0,1294,2316594639983,36.254798928019206,nan
3,3,1295,2317326738944,36.266256306089744,0.0
3,0,1295,2318060981261,36.277747227767556,nan
3,3,1296,2318793843712,36.28921655448718,0.0
3,0,1296,2319527545264,36.30069901317108,nan
3,3,1297,2320260643840,36.31217203525641,0.0
3,0,1297,2320993487688,36.32364107083834,nan
3,3,1298,2321727571456,36.33512951121795,0.0
3,0,1298,2322459352295,36.346581910666444,nan
3,3,1299,2323861669888,36.36852823717949,0.0
3,0,1299,2324591621014,36.37995200154622,nan
3,3,1300,2325323139584,36.39140029647436,0.0
3,0,1300,2326052355401,36.402812553225786,nan
3,3,1301,2326784123904,36.414264759615385,0.0
3,0,1301,2327513546464,36.425680251903046,nan
3,3,1302,2328245268992,36.43713173878205,0.0
3,0,1302,2328973905036,36.4485349220628,nan
3,3,1303,2330378542592,36.470517556089746,0.0
3,0,1303,2331112206664,36.48199942821014,nan
3,3,1304,2331844813312,36.493464751602566,0.0
3,0,1304,2332578407632,36.50494553210137,nan
3,3,1305,2333984072192,36.52694423878205,0.0
3,0,1305,2334717224327,36.53841809906788,nan
3,3,1306,2335451058688,36.54990263621795,0.0
3,0,1306,2336183282474,36.561361967804736,nan
3,3,1307,2336912452608,36.57277350961539,0.0
3,0,1307,2337644314822,36.58422718258589,nan
3,3,1308,2338373643264,36.59564120192308,0.0
3,0,1308,2339105498733,36.60709476933406,nan
3,3,1309,2339835173888,36.61851421474359,0.0
3,0,1309,2341238503719,36.64047638282189,nan
3,3,1310,2341970370048,36.65193012019231,0.0
3,0,1310,2342699539147,36.66334164580516,nan
3,3,1311,2343432804352,36.674817275641026,0.0
3,0,1311,2344166239327,36.68629556238419,nan
3,3,1312,2344900308992,36.69778378205128,0.0
3,0,1312,2345632788488,36.70924711550982,nan
3,3,1313,2346367352832,36.72074307692308,0.0
3,0,1313,2347098812315,36.7321904471373,nan
3,3,1314,2348501897728,36.7541487900641,0.0
3,0,1314,2349231982662,36.7655746485314,nan
3,3,1315,2349963964416,36.77703019230769,0.0
3,0,1315,2350693062140,36.78844060089894,nan
3,3,1316,2351425778688,36.79990764423077,0.0
3,0,1316,2352831839912,36.82191255871895,nan
3,3,1317,2353565383168,36.833392540064104,0.0
3,0,1317,2354298619978,36.84486772551708,nan
3,3,1318,2355031831040,36.85634250801282,0.0
3,0,1318,2355765130714,36.86781867728992,nan
3,3,1319,2356498242048,36.87929189903846,0.0
3,0,1319,2357232077694,36.89077645629883,nan
3,3,1320,2357965214208,36.902250072115386,0.0
3,0,1320,2358698688785,36.91372897863144,nan
3,3,1321,2359432289280,36.92520985576923,0.0
3,0,1321,2360164717757,36.93667239077837,nan
3,3,1322,2360899253248,36.948167900641025,0.0
3,0,1322,2362303528293,36.970144861356296,nan
3,3,1323,2363034152960,36.98157916666667,0.0
3,0,1323,2363764921604,36.99301572522286,nan
3,3,1324,2364496348160,37.004462580128205,0.0
3,0,1324,2365226267819,37.01588585203513,nan
3,3,1325,2365958755840,37.02734931891026,0.0
3,0,1325,2366688245823,37.03876586637057,nan
3,3,1326,2367420514304,37.0502258974359,0.0
3,0,1326,2368150063593,37.061643373037484,nan
3,3,1327,2368882793472,37.073110625,0.0
3,0,1327,2370290100363,37.09513503422664,nan
3,3,1328,2371023146496,37.106607235576924,0.0
3,0,1328,2371756998206,37.11809204423953,nan
3,3,1329,2372490592256,37.12957282051282,0.0
3,0,1329,2373896925406,37.151581990653796,nan
3,3,1330,2374629943296,37.16305375,0.0
3,0,1330,2375364572804,37.17455073123247,nan
3,3,1331,2376096446976,37.186004591346155,0.0
3,0,1331,2376825934361,37.197421098147665,nan
3,3,1332,2377557458944,37.20886948717949,0.0
3,0,1332,2378287709644,37.220297939891324,nan
3,3,1333,2379018368512,37.231732780448716,0.0
3,0,1333,2379748547945,37.243160117829156,nan
3,3,1334,2380479516160,37.25459979967949,0.0
3,0,1334,2381209813255,37.266028978474935,nan
3,3,1335,2382613175808,37.287991658653844,0.0
3,0,1335,2383343055307,37.29941430205516,nan
3,3,1336,2384074339328,37.31085892628205,0.0
3,0,1336,2384804510553,37.32228613520696,nan
3,3,1337,2385535677952,37.333728934294875,0.0
3,0,1337,2386265622792,37.34515260028546,nan
3,3,1338,2386997083136,37.35659998397436,0.0
3,0,1338,2387726940834,37.36802228618915,nan
3,3,1339,2388458297856,37.37946805288462,0.0
3,0,1339,2389188096570,37.390889431997444,nan
3,3,1340,2389919214080,37.40233145032052,0.0
3,0,1340,2391321140489,37.424271654788285,nan
3,3,1341,2392052610048,37.43571918269231,0.0
3,0,1341,2392782682786,37.44714485029172,nan
3,3,1342,2393513425408,37.45858100160257,0.0
3,0,1342,2394243893319,37.47001285367526,nan
3,3,1343,2394974388224,37.48144512820513,0.0
3,0,1343,2396377549058,37.50340465147361,nan
3,3,1344,2397108158464,37.51483871794872,0.0
3,0,1344,2397838894762,37.526274770288715,nan
3,3,1345,2398569448960,37.53770797275641,0.0
3,0,1345,2399300009041,37.549141267293294,nan
3,3,1346,2400030914560,37.56057996794872,0.0
3,0,1346,2400761379319,37.572011770692484,nan
3,3,1347,2401492897792,37.58346006410257,0.0
3,0,1347,2402895298208,37.60540768679888,nan
3,0,1348,2404286182038,37.62717507446289,nan
3,3,1348,2405019999744,37.63865935096154,0.0
3,0,1349,2405753321027,37.65013585842035,nan
3,3,1349,2406486176768,37.661605080128204,0.0
3,0,1350,2407220201925,37.67309260324332,nan
3,3,1350,2407952994304,37.684560833333336,0.0
3,0,1351,2408686817140,37.696045190116685,nan
3,3,1351,2409419530752,37.7075121875,0.0
3,0,1352,2410825691170,37.72951865437825,nan
3,3,1352,2411559489536,37.74100262820513,0.0
3,0,1353,2412291814859,37.75246354885004,nan
3,3,1353,2413694457856,37.77441496794872,0.0
3,0,1354,2414425350784,37.78585347155449,nan
3,3,1354,2415156172800,37.79729086538462,0.0
3,0,1355,2415886744599,37.80872434330867,nan
3,3,1355,2416617577472,37.820161907051286,0.0
3,0,1356,2417348327881,37.831598180228994,nan
3,3,1356,2418079115264,37.84303503205128,0.0
3,0,1357,2418809970534,37.854472946307844,nan
3,3,1357,2419540301312,37.86590265224359,0.0
3,0,1358,2420944344597,37.88787598590557,nan
3,3,1358,2421674045952,37.89929584134615,0.0
3,0,1359,2422405468106,37.91074262736003,nan
3,3,1359,2423135687168,37.9221705849359,0.0
3,0,1360,2424539113090,37.9441342568422,nan
3,3,1360,2425269896192,37.955571041666666,0.0
3,0,1361,2426000809499,37.967009864204606,nan
3,3,1361,2426732032512,37.97845353365385,0.0
3,0,1362,2427462297033,37.98988220266489,nan
3,3,1362,2428193688576,38.001328509615384,0.0
3,0,1363,2428923960163,38.01275728920961,nan
3,3,1363,2429654670336,38.02419293269231,0.0
3,0,1364,2430384857868,38.03562039682242,nan
3,3,1364,2431789086720,38.057596634615386,0.0
3,0,1365,2432517895114,38.06900251518054,nan
3,3,1365,2433250158592,38.08046246794872,0.0
3,0,1366,2433984491347,38.09195480498485,nan
3,3,1366,2434716407808,38.10340932692308,0.0
3,0,1367,2435445956357,38.11482679094364,nan
3,3,1367,2436177452032,38.1262747275641,0.0
3,0,1368,2436907530906,38.137700491192156,nan
3,3,1368,2437638512640,38.149140384615386,0.0
3,0,1369,2439041509196,38.171097336926586,nan
3,3,1369,2439772064256,38.182530552884614,0.0
3,0,1370,2440502942463,38.19396882610614,nan
3,3,1370,2441233210880,38.20539755608974,0.0
3,0,1371,2442636714425,38.227362442799105,nan
3,3,1371,2443367800320,38.238803966346154,0.0
3,0,1372,2444098569031,38.2502405259509,nan
3,3,1372,2444829639168,38.26168180288462,0.0
3,0,1373,2445560488699,38.2731196273256,nan
3,3,1373,2446291447808,38.28455916666667,0.0
3,0,1374,2447022221457,38.29599580355131,nan
3,3,1374,2447753016832,38.30743278044872,0.0
3,0,1375,2449156156231,38.32939196825859,nan
3,3,1375,2449887069184,38.34083078525641,0.0
3,0,1376,2450618025710,38.35227028417343,nan
3,3,1376,2451348339712,38.363699727564104,0.0
3,0,1377,2452079867530,38.375148167223806,nan
3,3,1377,2453482515968,38.39709967147436,0.0
3,0,1378,2454214701387,38.40855840261606,nan
3,3,1378,2454944273920,38.41997624198718,0.0
3,0,1379,2455676238043,38.431431509837616,nan
3,3,1379,2456406044672,38.442853012820514,0.0
3,0,1380,2457138232451,38.45431178089631,nan
3,3,1380,2457873031680,38.46581141826923,0.0
3,0,1381,2458605890591,38.477280689587715,nan
3,3,1381,2459340023296,38.488769895833336,0.0
3,0,1382,2460073413061,38.50024747503819,nan
3,3,1382,2461479867904,38.522258549679485,0.0
3,0,1383,2462213591650,38.53374135570037,nan
3,3,1383,2462946989568,38.5452190625,0.0
3,0,1384,2463681209353,38.55670963155111,nan
3,3,1384,2464413976064,38.568177459935896,0.0
3,0,1385,2465143612820,38.57959630439954,nan
3,3,1385,2465875024384,38.591042924679485,0.0
3,0,1386,2466605765955,38.60247905954214,nan
3,3,1386,2467336268800,38.613911458333334,0.0
3,0,1387,2468068183254,38.62536594886193,nan
3,3,1387,2469470224384,38.64730794871795,0.0
3,0,1388,2470202651014,38.658770454821465,nan
3,3,1388,2470937030144,38.67026351762821,0.0
3,0,1389,2472341671487,38.69224621092185,nan
3,3,1389,2473075531776,38.70373115384616,0.0
3,0,1390,2473808745419,38.71520597673465,nan
3,3,1390,2474541706752,38.72667685096154,0.0
3,0,1391,2475275966321,38.73816804263384,nan
3,3,1391,2476008102912,38.74962600961538,0.0
3,0,1392,2476738282756,38.76105335342798,nan
3,3,1392,2477469583360,38.77249823717949,0.0
3,0,1393,2478200220846,38.78393274310773,nan
3,3,1393,2478930874368,38.795367500000005,0.0
3,0,1394,2479661961799,38.80680904758551,nan
3,3,1394,2481065175040,38.828769391025645,0.0
3,0,1395,2481796378881,38.840212760432316,nan
3,3,1395,2482526532096,38.851639687500004,0.0
3,0,1396,2483930847136,38.873617274138624,nan
3,3,1396,2484660488704,38.88503619391026,0.0
3,0,1397,2485392598853,38.89649374707344,nan
3,3,1397,2486122213888,38.90791225160257,0.0
3,0,1398,2486855074026,38.91938154212365,nan
3,3,1398,2487589553152,38.930876169871794,0.0
3,0,1399,2488322452103,38.94234606781789,nan
3,3,1399,2489056478208,38.95383360576923,0.0
3,0,1400,2489789752333,38.965309375203454,nan
3,3,1400,2490523513856,38.9767927724359,0.0
3,0,1401,2491929212107,38.99879200638209,nan
3,3,1401,2492663109120,39.010277524038464,0.0
3,0,1402,2493396691542,39.02175811833308,nan
3,3,1402,2494129528320,39.033227043269235,0.0
3,0,1403,2494864263673,39.04472568098019,nan
3,3,1403,2495596155904,39.05617982371795,0.0
3,0,1404,2496326660494,39.06761224981846,nan
3,3,1404,2497057143808,39.07904434294872,0.0
3,0,1405,2497788586304,39.090491447315706,nan
3,3,1405,2498517440512,39.101898044871795,0.0
3,0,1406,2499250742473,39.113374249940534,nan
3,3,1406,2499983489536,39.124841770833335,0.0
3,0,1407,2501385692031,39.14678629605807,nan
3,3,1407,2502117086720,39.15823265224359,0.0
3,0,1408,2502847447324,39.169662824957435,nan
3,3,1408,2503578078208,39.1810972275641,0.0
3,0,1409,2504309253830,39.1925401553423,nan
3,3,1409,2505039367680,39.20396646634615,0.0
3,0,1410,2506443465076,39.225940646847455,nan
3,3,1410,2507172430336,39.2373489823718,0.0
3,0,1411,2507905285895,39.248818201231344,nan
3,3,1411,2508638627328,39.26029502403846,0.0
3,0,1412,2509372435612,39.271779153082434,nan
3,3,1412,2510105196544,39.28324689102564,0.0
3,0,1413,2510839660607,39.29474128303723,nan
3,3,1413,2511571708416,39.30619786057692,0.0
3,0,1414,2512974371560,39.32814959497696,nan
3,3,1414,2513705449472,39.339590993589745,0.0
3,0,1415,2514436183691,39.351027013393306,nan
3,3,1415,2515166459904,39.36245586538462,0.0
3,0,1416,2515898433555,39.37391128234864,nan
3,3,1416,2516633028608,39.38540772435898,0.0
3,0,1417,2517366105535,39.396880407636594,nan
3,3,1417,2518099827200,39.40836318108975,0.0
3,0,1418,2518833592139,39.419846631782725,nan
3,3,1418,2519566735872,39.431320360576926,0.0
3,0,1419,2520973510147,39.45333643434182,nan
3,3,1419,2521705556992,39.46479299679487,0.0
3,0,1420,2522435648911,39.4762189645777,nan
3,3,1420,2523838919680,39.49818020833334,0.0
3,0,1421,2524571226698,39.50964084250426,nan
3,3,1421,2525305225728,39.52112795673077,0.0
3,0,1422,2526038524888,39.53260411796374,nan
3,3,1422,2526771435008,39.54407419070513,0.0
3,0,1423,2527505766779,39.55556651234162,nan
3,3,1423,2528237919744,39.56702473557692,0.0
3,0,1424,2528967587595,39.578444066678564,nan
3,3,1424,2529698344960,39.58988044871795,0.0
3,0,1425,2530429429936,39.60132195788261,nan
3,3,1425,2531831625216,39.62326637019231,0.0
3,0,1426,2532563742030,39.63472402766301,nan
3,3,1426,2533298234880,39.64621887019231,0.0
3,0,1427,2534031324404,39.65769175061348,nan
3,3,1427,2534764513280,39.66916618589744,0.0
3,0,1428,2536171124623,39.69117970977001,nan
3,3,1428,2536903349248,39.70263905448718,0.0
3,0,1429,2537632881975,39.714056270892804,nan
3,3,1429,2538364369408,39.725504078525645,0.0
3,0,1430,2539094877892,39.73693656556741,nan
3,3,1430,2539825193984,39.74836604166667,0.0
3,0,1431,2540556892779,39.75981715712327,nan
3,3,1431,2541290648064,39.77130045673077,0.0
3,0,1432,2542697029900,39.793310388809594,nan
3,3,1432,2543429201920,39.80476891025641,0.0
3,0,1433,2544158786229,39.8161869339224,nan
3,3,1433,2544889962496,39.827629871794876,0.0
3,0,1434,2545620120139,39.83905686816093,nan
3,3,1434,2546350764544,39.850491482371794,0.0
3,0,1435,2547081179619,39.86192250755897,nan
3,3,1435,2547811227648,39.87334778846154,0.0
3,0,1436,2548542458759,39.88479158464481,nan
3,3,1436,2549272023040,39.896209294871795,0.0
3,0,1437,2550676004397,39.9181816593581,nan
3,3,1437,2551405741568,39.92960207532052,0.0
3,0,1438,2552137881031,39.94106008724898,nan
3,3,1438,2552866982912,39.95247056089744,0.0
3,0,1439,2553599234399,39.963930326005986,nan
3,3,1439,2554333083648,39.975415096153846,0.0
3,0,1440,2555066121983,39.98688717546512,nan
3,3,1440,2555799354880,39.998362299679485,0.0
3,0,1441,2556532921997,40.009842654450246,nan
3,3,1441,2557265698304,40.021310633012824,0.0
3,0,1442,2558671819574,40.04331648722331,nan
3,3,1442,2559404382208,40.054781121794875,0.0
3,0,1443,2560138774211,40.06627438606458,nan
3,3,1443,2560870341632,40.077723445512824,0.0
3,0,1444,2562272641898,40.09966950085762,nan
3,3,1444,2563003164672,40.111102211538466,0.0
3,0,1445,2563733740808,40.12253575733674,nan
3,3,1445,2564463787520,40.13396101762821,0.0
3,0,1446,2565195236002,40.14540821567633,nan
3,3,1446,2565924434432,40.15682020032052,0.0
3,0,1447,2566656906826,40.16828342263246,nan
3,3,1447,2567390506496,40.179764286858976,0.0
3,0,1448,2568124035528,40.191244045597955,nan
3,3,1448,2568856408064,40.2027057051282,0.0
3,0,1449,2569585526133,40.21411643211952,nan
3,3,1449,2570989302272,40.2360855849359,0.0
3,0,1450,2571719864845,40.247518918472686,nan
3,3,1450,2573122792448,40.26947479166667,0.0
3,0,1451,2573853456075,40.2809097067026,nan
3,3,1451,2574583791104,40.29233947916667,0.0
3,0,1452,2575315356252,40.30378850304237,nan
3,3,1452,2576044792832,40.31520421474359,0.0
3,0,1453,2576777451520,40.3266703525641,nan
3,3,1453,2577511042048,40.33815107371795,0.0
3,0,1454,2578244098450,40.3496234357785,nan
3,3,1454,2578977225216,40.361096899038465,0.0
3,0,1455,2580383025725,40.38309773332645,nan
3,3,1455,2581115822080,40.394566025641026,0.0
3,0,1456,2582522830032,40.416585756460336,nan
3,3,1456,2583254522368,40.42803677083334,0.0
3,0,1457,2583984576633,40.43946214932955,nan
3,3,1457,2584715177472,40.45089608173077,0.0
3,0,1458,2585446278148,40.462337836601066,nan
3,3,1458,2586175948800,40.47375721153846,0.0
3,0,1459,2586907377062,40.48520409314278,nan
3,3,1459,2587636855296,40.49662045673077,0.0
3,0,1460,2588368596800,40.50807224058494,nan
3,3,1460,2589097750528,40.51948352564103,0.0
3,0,1461,2589829987015,40.530943055998975,nan
3,3,1461,2591236423680,40.55295384615385,0.0
3,0,1462,2591969621375,40.5644284194555,nan
3,3,1462,2592702773760,40.575902283653846,0.0
3,0,1463,2593436532488,40.58738563714443,nan
3,3,1463,2594169535488,40.59885716346154,0.0
3,0,1464,2594903660179,40.61034624428774,nan
3,3,1464,2595635902976,40.621805873397435,0.0
3,0,1465,2596365175866,40.6332190233436,nan
3,3,1465,2597768785408,40.655185568910255,0.0
3,0,1466,2598498953943,40.66661273573656,nan
3,3,1466,2599229539840,40.67804643429487,0.0
3,0,1467,2599960025217,40.68947855971116,nan
3,3,1467,2600689611264,40.700896610576926,0.0
3,0,1468,2602092759837,40.72285594196026,nan
3,3,1468,2602821966336,40.734268052884616,0.0
3,0,1469,2603553839300,40.74572189409305,nan
3,3,1469,2604287796224,40.757208349358976,0.0
3,0,1470,2605020943437,40.76868213261531,nan
3,3,1470,2605754293760,40.78015909455128,0.0
3,0,1471,2606487210981,40.791629278423606,nan
3,3,1471,2607893488128,40.81363757211538,0.0
3,0,1472,2608626515596,40.82510948135767,nan
3,3,1472,2609359889408,40.83658681089744,0.0
3,0,1473,2610093066767,40.84806106593988,nan
3,3,1473,2610825998848,40.85953148237179,0.0
3,0,1474,2612231883462,40.881533632906404,nan
3,3,1474,2612965263360,40.893011057692306,0.0
3,0,1475,2613698498116,40.904486211000105,nan
3,3,1475,2614432207872,40.915968798076925,0.0
3,0,1476,2615837261046,40.93795793654222,nan
3,3,1476,2616571214848,40.949444342948716,0.0
3,0,1477,2617303908995,40.960911035704,nan
3,3,1477,2618037782016,40.97239617788462,0.0
3,0,1478,2618770202648,40.98385859011919,nan
3,3,1478,2619504340992,40.995347884615384,0.0
3,0,1479,2620236956080,41.006813340094155,nan
3,3,1479,2620970254336,41.01828948717949,0.0
3,0,1480,2622376180801,41.04029229268392,nan
3,3,1480,2623109255168,41.05176493589744,0.0
3,0,1481,2623842815454,41.063245183762774,nan
3,3,1481,2624576221696,41.07472302083333,0.0
3,0,1482,2625309870962,41.086204661239236,nan
3,3,1482,2626043188224,41.09768110576923,0.0
3,0,1483,2626777088262,41.10916667076698,nan
3,3,1483,2627510139392,41.12063895032051,0.0
3,0,1484,2628243995780,41.13212383219401,nan
3,3,1484,2628976913408,41.1435940224359,0.0
3,0,1485,2630383358777,41.16560494880872,nan
3,3,1485,2631116628480,41.177080649038466,0.0
3,0,1486,2632523496903,41.19909819622333,nan
3,3,1486,2633256539136,41.21057033653846,0.0
3,0,1487,2633991700817,41.22207564629971,nan
3,3,1487,2634723733504,41.23353198717949,0.0
3,0,1488,2635453898483,41.244959098354244,nan
3,3,1488,2636185300480,41.25640556891026,0.0
3,0,1489,2636916263563,41.26784517044459,nan
3,3,1489,2637646801920,41.279278125000005,0.0
3,0,1490,2638378790415,41.290733774273214,nan
3,3,1490,2639781128192,41.312680416666666,0.0
3,0,1491,2640514111685,41.32415163769844,nan
3,3,1491,2641247446528,41.335628357371796,0.0
3,0,1492,2642654376781,41.35764687219864,nan
3,3,1492,2643386354688,41.36910235576923,0.0
3,0,1493,2644116605677,41.38053081300393,nan
3,3,1493,2644848004096,41.391977227564105,0.0
3,3,1494,2646293559808,41.4146002323718,0.0
3,0,1495,2647024564774,41.42604048937675,nan
3,3,1495,2647755234304,41.437475496794875,0.0
3,0,1496,2648486993865,41.44892756324181,nan
3,3,1496,2649216819712,41.46034936698718,0.0
3,0,1497,2650622069333,41.4823415798559,nan
3,3,1497,2651351307264,41.49375418269231,0.0
3,0,1498,2652084415486,41.50522735573793,nan
3,3,1498,2652818165248,41.516710568910256,0.0
3,0,1499,2653552514952,41.52820317119892,nan
3,3,1499,2654957578752,41.55019247596154,0.0
3,0,1500,2655687332904,41.561613157677286,nan
3,3,1500,2656418541056,41.57305659455128,0.0
3,0,1501,2657149738438,41.58449986287435,nan
3,3,1501,2657878891008,41.595911129807696,0.0
3,0,1502,2658612431680,41.60739107071314,nan
3,3,1502,2659344813056,41.61885286858975,0.0
3,0,1503,2660075180265,41.6302831446721,nan
3,3,1503,2660805531136,41.641713165064104,0.0
3,0,1504,2662211020172,41.66370912478716,nan
3,3,1504,2662944022016,41.67518063301282,0.0
3,0,1505,2663678640394,41.68667744006035,nan
3,3,1505,2664410344960,41.698128645833336,0.0
3,0,1506,2665140752555,41.70955955395821,nan
3,3,1506,2665870752768,41.720984086538465,0.0
3,0,1507,2666602998847,41.732443767011596,nan
3,3,1507,2667335973376,41.743914847756415,0.0
3,0,1508,2668070918604,41.75541677001953,nan
3,3,1508,2668801511424,41.766850576923076,0.0
3,0,1509,2669533707085,41.77830946835249,nan
3,3,1509,2670939795968,41.80031481570513,0.0
3,0,1510,2671669776894,41.81173904644306,nan
3,3,1510,2672400727040,41.82317844551282,0.0
3,0,1511,2673132785542,41.83463519039839,nan
3,3,1511,2673866855424,41.84612341346154,0.0
3,0,1512,2674601066769,41.85761385042631,nan
3,3,1512,2675333081600,41.86906991185898,0.0
3,0,1513,2676063963310,41.880508239902596,nan
3,3,1513,2677466359296,41.90245579326923,0.0
3,0,1514,2678199960902,41.91393668779422,nan
3,3,1514,2678932889600,41.92540705128205,0.0
3,0,1515,2679662784209,41.93682993115547,nan
3,3,1515,2680393846272,41.94827108173077,0.0
3,0,1516,2681125272186,41.959717926588795,nan
3,3,1516,2681854874112,41.97113622596154,0.0
3,0,1517,2683259768589,41.99312288081243,nan
3,3,1517,2683993391104,42.0046041025641,0.0
3,0,1518,2684727262355,42.01608921704415,nan
3,3,1518,2685459576832,42.02754996794872,0.0
3,0,1519,2686194397740,42.03904994459886,nan
3,3,1519,2686925820416,42.05049673878205,0.0
3,0,1520,2687656788423,42.06193641737718,nan
3,3,1520,2688386358272,42.07335421474359,0.0
3,0,1521,2689118845269,42.08481766559308,nan
3,3,1521,2690525083648,42.1068253525641,0.0
3,0,1522,2691259756021,42.11832300463554,nan
3,3,1522,2691991110656,42.12976873397436,0.0
3,0,1523,2692722278797,42.141211544674604,nan
3,3,1523,2693451668992,42.15262653044872,0.0
3,0,1524,2694856789527,42.174616723116365,nan
3,3,1524,2695589655040,42.18608609775641,0.0
3,0,1525,2696319446968,42.19750737066807,nan
3,3,1525,2697050687488,42.20895131410256,0.0
3,0,1526,2697781699395,42.220391679734455,nan
3,3,1526,2698511533568,42.23181361378205,0.0
3,0,1527,2699243984077,42.24327649359287,nan
3,3,1527,2700649436160,42.265271875,0.0
3,0,1528,2701384414066,42.27677430867513,nan
3,3,1528,2702115330048,42.288213173076926,0.0
3,0,1529,2702846079239,42.29964942719288,nan
3,3,1529,2703575541248,42.311065536858976,0.0
3,0,1530,2704307839117,42.32252602784768,nan
3,3,1530,2705041156608,42.33400247596154,0.0
3,0,1531,2705775519253,42.34549528077737,nan
3,3,1531,2706507003904,42.3569430448718,0.0
3,0,1532,2707237866421,42.368381072544196,nan
3,3,1532,2708639837184,42.390321971153845,0.0
3,0,1533,2709372572223,42.40178930387057,nan
3,3,1533,2710105149440,42.41325416666667,0.0
3,0,1534,2710839988690,42.424754430369845,nan
3,3,1534,2711570618880,42.43618882211538,0.0
3,0,1535,2712301815127,42.44763207267566,nan
3,3,1535,2713702667776,42.46955547275641,0.0
3,0,1536,2714437162495,42.48105034453563,nan
3,3,1536,2715168325120,42.49249306891026,0.0
3,0,1537,2715900213644,42.50394715363331,nan
3,3,1537,2716634727936,42.51544233173077,0.0
3,0,1538,2717367765772,42.526914403232674,nan
3,3,1538,2718101202432,42.53839271634615,0.0
3,0,1539,2718835386516,42.54988272667518,nan
3,3,1539,2719567783936,42.561344775641025,0.0
3,0,1540,2720297334833,42.57276227640788,nan
3,3,1540,2721701130752,42.59473173878205,0.0
3,0,1541,2722431824585,42.60616712654309,nan
3,3,1541,2723161784320,42.617591025641026,0.0
3,0,1542,2723893688389,42.62904535364396,nan
3,3,1542,2724622904320,42.64045761217949,0.0
3,0,1543,2725355608533,42.651924462468074,nan
3,3,1543,2726089252352,42.663406017628205,0.0
3,0,1544,2726823469409,42.674896543986,nan
3,3,1544,2727555805184,42.68635762820513,0.0
3,0,1545,2728958166017,42.70830463142591,nan
3,3,1545,2729689201152,42.71974536057692,0.0
3,0,1546,2730420877182,42.73119611976037,nan
3,3,1546,2731149974016,42.74260651442308,0.0
3,0,1547,2731883305228,42.754083177271134,nan
3,3,1547,2732616456704,42.76555702724359,0.0
3,0,1548,2733350878865,42.7770507634872,nan
3,3,1548,2734755516928,42.79903340544872,0.0
3,0,1549,2735484966725,42.81044932399652,nan
3,3,1549,2736216333312,42.82189524038461,0.0
3,0,1550,2736946736841,42.833326084876425,nan
3,3,1550,2737677163520,42.84475729166667,0.0
3,0,1551,2738408773199,42.856207012454306,nan
3,3,1551,2739137845760,42.86761702724359,0.0
3,0,1552,2739870873558,42.879088941650394,nan
3,3,1552,2741276725248,42.90109057692308,0.0
3,0,1553,2742011132524,42.912584080215844,nan
3,3,1553,2742743242240,42.924041626602566,0.0
3,0,1554,2743473351678,42.93546786855845,nan
3,3,1554,2744204105728,42.94690419871795,0.0
3,0,1555,2744935624067,42.958352490030926,nan
3,3,1555,2745665026560,42.969767668269235,0.0
3,0,1556,2746397634313,42.98123300895495,nan
3,3,1556,2747803637248,43.00323701121795,0.0
3,0,1557,2748538055063,43.014730679446494,nan
3,3,1557,2749269924864,43.02618447115385,0.0
3,0,1558,2750000065330,43.03761119869917,nan
3,3,1558,2750731374080,43.0490562099359,0.0
3,0,1559,2751461969087,43.06049005106608,nan
3,3,1559,2752192774656,43.0719271875,0.0
3,0,1560,2752923506246,43.08336316615961,nan
3,3,1560,2753654214656,43.094798782051285,0.0
3,0,1561,2755058315475,43.11677301612267,nan
3,3,1561,2755788013056,43.128192812500004,0.0
3,0,1562,2756520013422,43.139648647554836,nan
3,3,1562,2757249184768,43.151060208333334,0.0
3,0,1563,2757981823480,43.16252603352865,nan
3,3,1563,2758715893248,43.174014254807695,0.0
3,0,1564,2759449486718,43.185495022003956,nan
3,3,1564,2760182668800,43.19696935096154,0.0
3,0,1565,2760916656904,43.20845629419571,nan
3,3,1565,2762322183168,43.23045283653846,0.0
3,0,1566,2763056862091,43.241950591117664,nan
3,3,1566,2763789134336,43.25341068108975,0.0
3,0,1567,2764519162141,43.2648356454859,nan
3,3,1567,2765250872832,43.27628694711539,0.0
3,0,1568,2765980945581,43.28771261488694,nan
3,3,1568,2766711922176,43.299152427884614,0.0
3,0,1569,2767442606655,43.310587669255185,nan
3,3,1569,2768172708352,43.322013790064105,0.0
3,0,1570,2768904206277,43.33346176189716,nan
3,3,1570,2769633911296,43.34488167467949,0.0
3,0,1571,2771038281302,43.36686012153821,nan
3,3,1571,2771767639552,43.37827460737179,0.0
3,0,1572,2772500243439,43.38973988755446,nan
3,3,1572,2773234258944,43.40122725961539,0.0
3,0,1573,2773967998327,43.41271031035595,nan
3,3,1573,2774700898816,43.424180232371796,0.0
3,0,1574,2775435260676,43.43567302490234,nan
3,3,1574,2776167310848,43.447129639423075,0.0
3,0,1575,2776896706701,43.45854471374512,nan
3,3,1575,2777628278272,43.46999383814103,0.0
3,0,1576,2779029351701,43.49192069343763,nan
3,3,1576,2779761160192,43.503373525641024,0.0
3,0,1577,2780490885807,43.51479376075158,nan
3,3,1577,2781221966336,43.526235200320514,0.0
3,0,1578,2782624636231,43.548187040373975,nan
3,3,1578,2783354411008,43.559608044871794,0.0
3,0,1579,2784086227658,43.57106100476388,nan
3,3,1579,2784820182528,43.58254742788462,0.0
3,0,1580,2785553438289,43.5940229099215,nan
3,3,1580,2786286148608,43.605489855769235,0.0
3,0,1581,2787020478930,43.61698215472882,nan
3,3,1581,2787752329728,43.628435649038465,0.0
3,0,1582,2788481977719,43.639854669330305,nan
3,3,1582,2789212687360,43.65129030448718,0.0
3,0,1583,2790615391749,43.67324268437312,nan
3,3,1583,2791345991680,43.6846766025641,0.0
3,0,1584,2792076872593,43.69611491813464,nan
3,3,1584,2792806461440,43.70753301282051,0.0
3,0,1585,2794210309694,43.729503294239535,nan
3,3,1585,2794939432448,43.740914094551286,0.0
3,0,1586,2795672205257,43.75238201837002,nan
3,3,1586,2796405882880,43.763864102564106,0.0
3,0,1587,2797139610951,43.77534697627141,nan
3,3,1587,2797872422400,43.78681550480769,0.0
3,0,1588,2798606798544,43.79830852088342,nan
3,3,1588,2799338698752,43.80976278846154,0.0
3,0,1589,2800740638071,43.83170319497133,nan
3,3,1589,2801471523328,43.84314157852564,0.0
3,0,1590,2802201919241,43.85457230382675,nan
3,3,1590,2802932222976,43.86600158653846,0.0
3,0,1591,2803663639690,43.877448287416115,nan
3,3,1591,2804392912896,43.88886144230769,0.0
3,0,1592,2805797986096,43.91085089418069,nan
3,3,1592,2806531573760,43.922331570512824,0.0
3,0,1593,2807264633022,43.93380397733248,nan
3,3,1593,2807997344768,43.945270945512824,0.0
3,0,1594,2808731494983,43.95676042579064,nan
3,3,1594,2809463227392,43.9682120673077,0.0
3,0,1595,2810193106886,43.97963471063076,nan
3,3,1595,2810923873280,43.99107123397436,0.0
3,0,1596,2811654572390,44.002506704320666,nan
3,3,1596,2813056611328,44.024448669871795,0.0
3,0,1597,2813789018109,44.03591086533767,nan
3,3,1597,2814522909696,44.047396298076926,0.0
3,0,1598,2815257044868,44.05888554293119,nan
3,3,1598,2815989764096,44.07035262820513,0.0
3,0,1599,2816724635908,44.08185340150491,nan
3,3,1599,2817456246784,44.09330314102564,0.0
3,0,1600,2818186179747,44.1047266211407,nan
3,3,1600,2818917192704,44.11616700320513,0.0
3,0,1601,2820320489280,44.138128650841345,nan
3,3,1601,2821051267072,44.1495653525641,0.0
3,0,1602,2821782165201,44.16100393756573,nan
3,3,1602,2822512711680,44.17243701923077,0.0
3,0,1603,2823243659357,44.18387637966058,nan
3,3,1603,2824646769664,44.205835112179486,0.0
3,0,1604,2825378116858,44.21728072506636,nan
3,3,1604,2826108043776,44.22870411057693,0.0
3,0,1605,2826839975560,44.24015887232071,nan
3,3,1605,2827569461760,44.25157536057692,0.0
3,0,1606,2828301956625,44.263038934560925,nan
3,3,1606,2829036284928,44.274531201923075,0.0
3,0,1607,2830441975989,44.29653032334548,nan
3,3,1607,2831175719936,44.30801344551282,0.0
3,0,1608,2831908854340,44.31948702830779,nan
3,3,1608,2832642376192,44.33096667467949,0.0
3,0,1609,2833376058316,44.34244882931441,nan
3,3,1609,2834109249024,44.35392329326923,0.0
3,0,1610,2834843205966,44.36540974881686,nan
3,3,1610,2835576529408,44.37688629006411,0.0
3,0,1611,2836310260439,44.388369210095526,nan
3,3,1611,2837043688448,44.399847387820515,0.0
3,0,1612,2837777805418,44.41133634781275,nan
3,3,1612,2839183640576,44.43333772435898,0.0
3,0,1613,2839918068991,44.444831558477944,nan
3,3,1613,2840650264576,44.45629044871795,0.0
3,0,1614,2841379790467,44.4677075581399,nan
3,3,1614,2842111525888,44.47915924679487,0.0
3,0,1615,2842841058324,44.49057645864634,nan
3,3,1615,2843572951552,44.50203061698718,0.0
3,0,1616,2844301954989,44.5134395499831,nan
3,3,1616,2845034216448,44.524899471153844,0.0
3,0,1617,2845768853314,44.53639656753931,nan
3,3,1617,2847173184512,44.55837440705128,0.0
3,0,1618,2847902632901,44.56979030356383,nan
3,3,1618,2848634581504,44.58124532852564,0.0
3,0,1619,2849364062552,44.59266173615285,nan
3,3,1619,2850095745024,44.60411259615385,0.0
3,0,1620,2850825845495,44.61553869777582,nan
3,3,1620,2851557283840,44.62698573717949,0.0
3,0,1621,2852287600777,44.63841522650303,nan
3,3,1621,2853691380736,44.660384439102565,0.0
3,0,1622,2854420515610,44.671795429092796,nan
3,3,1622,2855152520192,44.68325133012821,0.0
3,0,1623,2855886909617,44.69474455405211,nan
3,3,1623,2856619476480,44.706209254807696,0.0
3,0,1624,2857353829441,44.717701908068534,nan
3,3,1624,2858086184960,44.72916330128205,0.0
3,0,1625,2858820455880,44.740654670597955,nan
3,3,1625,2859552659456,44.752113685897434,0.0
3,0,1626,2860282095948,44.76352939622146,nan
3,3,1626,2861686365184,44.78550626602564,0.0
3,0,1627,2862415528443,44.79691770024226,nan
3,3,1627,2863147562496,44.8083740625,0.0
3,0,1628,2863876777352,44.81978630421174,nan
3,3,1628,2864609198080,44.83124871794872,0.0
3,0,1629,2866015660566,44.85325991220328,nan
3,3,1629,2866748768768,44.8647330849359,0.0
3,0,1630,2867482349980,44.87621366029397,nan
3,3,1630,2868215793664,44.887692083333334,0.0
3,0,1631,2868948832062,44.89916416363056,nan
3,3,1631,2869682442240,44.91064519230769,0.0
3,0,1632,2870416045770,44.92212611694336,nan
3,3,1632,2871149003776,44.933596939102564,0.0
3,0,1633,2871883206210,44.94508723660983,nan
3,3,1633,2872615816192,44.956552612179486,0.0
3,0,1634,2874022786264,44.978571750175284,nan
3,3,1634,2874754887168,44.99002915865385,0.0
3,0,1635,2875484381808,45.0014457789964,nan
3,3,1635,2876215855616,45.01289337339744,0.0
3,0,1636,2876945412619,45.02431096972343,nan
3,3,1636,2877677376512,45.03576623397436,0.0
3,0,1637,2878406199185,45.04717233800643,nan
3,3,1637,2879138737664,45.05863659455128,0.0
3,0,1638,2879872637214,45.07012215191181,nan
3,3,1638,2880605534720,45.08159202724359,0.0
3,0,1639,2882011685836,45.10359834854518,nan
3,3,1639,2882745269760,45.115078966346154,0.0
3,0,1640,2883477940044,45.12654528564453,nan
3,3,1640,2884211457536,45.13802486378205,0.0
3,0,1641,2884944644807,45.14949927394769,nan
3,3,1641,2885677891072,45.1609746073718,0.0
3,0,1642,2886411720290,45.1724590640337,nan
3,3,1642,2887144513024,45.18392729967949,0.0
3,0,1643,2887878296563,45.19541104146322,nan
3,3,1643,2888611298816,45.206882556089745,0.0
3,0,1644,2889345120135,45.218366889131985,nan
3,3,1644,2890077820416,45.22983367788461,0.0
3,0,1645,2891484299269,45.25184512828338,nan
3,3,1645,2892217064448,45.26331293269231,0.0
3,0,1646,2892951105431,45.27480070348495,nan
3,3,1646,2893683509248,45.28626285256411,0.0
3,0,1647,2894417869112,45.29775561385717,nan
3,3,1647,2895150195200,45.30921654647436,0.0
3,0,1648,2895879577800,45.32063141338642,nan
3,3,1648,2896611417600,45.33208473557693,0.0
3,0,1649,2897341209163,45.343506002776316,nan
3,3,1649,2898072579584,45.35495197916667,0.0
3,0,1650,2899475545335,45.376908449378384,nan
3,3,1650,2900206763008,45.38835203525641,0.0
3,0,1651,2900937036930,45.39978085139348,nan
3,3,1651,2901667973632,45.4112200400641,0.0
3,0,1652,2902398287376,45.42264947941707,nan
3,3,1652,2903129282048,45.43408957532051,0.0
3,0,1653,2903859837873,45.445522803250824,nan
3,3,1653,2904590562816,45.456958677884614,0.0
3,0,1654,2905321541448,45.46839852276142,nan
3,3,1654,2906724029952,45.49034752403846,0.0
3,0,1655,2907455898062,45.5018012892816,nan
3,3,1655,2908185200640,45.513214903846155,0.0
3,0,1656,2908917758322,45.52467946091872,nan
3,3,1656,2909652259840,45.53617443910257,0.0
3,0,1657,2910385242370,45.547645645063355,nan
3,3,1657,2911791778304,45.569657988782055,0.0
3,0,1658,2912524337039,45.58112256233411,nan
3,3,1658,2913258503168,45.59261229166667,0.0
3,0,1659,2913991641366,45.604085933837894,nan
3,3,1659,2914725095424,45.61556451923077,0.0
3,0,1660,2915459352735,45.62705567556528,nan
3,3,1660,2916191924224,45.63852044871795,0.0
3,0,1661,2916921667140,45.649940954589844,nan
3,3,1661,2917652926976,45.66138520032052,0.0
3,0,1662,2918383849929,45.67282417381874,nan
3,3,1662,2919113856000,45.68424879807692,0.0
3,0,1663,2920517954670,45.70622299851638,nan
3,3,1663,2921247481856,45.71764012820513,0.0
3,0,1664,2921979979262,45.72910374195588,nan
3,3,1664,2923386067456,45.751109078525644,0.0
3,0,1665,2924120304773,45.76259992195325,nan
3,3,1665,2924851729408,45.77404674679487,0.0
3,0,1666,2925581981737,45.785475225000624,nan
3,3,1666,2926311761920,45.79689631410257,0.0
3,0,1667,2927043895229,45.80835422972068,nan
3,3,1667,2927777288192,45.81983185897436,0.0
3,0,1668,2928511079241,45.83131571828989,nan
3,3,1668,2929242839040,45.842767788461536,0.0
3,0,1669,2929972958412,45.854194185884914,nan
3,3,1669,2931375661056,45.87614653846154,0.0
3,0,1670,2932107619191,45.88760171259953,nan
3,3,1670,2932841520640,45.899087299679486,0.0
3,0,1671,2933575516935,45.91057437110314,nan
3,3,1671,2934307912192,45.92203638621795,0.0
3,0,1672,2935042627716,45.93353471360427,nan
3,3,1672,2935774720000,45.94499198717949,0.0
3,0,1673,2936504555022,45.956413934513975,nan
3,3,1673,2937907696640,45.97837315705128,0.0
3,0,1674,2938639299258,45.98982276733398,nan
3,3,1674,2939368422912,46.00123358173077,0.0
3,0,1675,2940101111362,46.01270018532777,nan
3,3,1675,2940834590720,46.02417916666667,0.0
3,0,1676,2941568355279,46.03566261141264,nan
3,3,1676,2942300797952,46.04712536858975,0.0
3,0,1677,2943035494733,46.05862340264736,nan
3,3,1677,2943767090176,46.07007290064103,0.0
3,0,1678,2944497423081,46.08150263986441,nan
3,3,1678,2945900059136,46.103453950320514,0.0
3,0,1679,2946631790990,46.114905583151796,nan
3,3,1679,2947366259200,46.126400040064105,0.0
3,0,1680,2948098678020,46.13786242394081,nan
3,3,1680,2948832785408,46.14935123397436,0.0
3,0,1681,2949565479568,46.16081792693309,nan
3,3,1681,2950299154944,46.17229997596154,0.0
3,0,1682,2951032682523,46.183779711961016,nan
3,3,1682,2952438022144,46.20577333333333,0.0
3,0,1683,2953171857598,46.21725788758889,nan
3,3,1683,2953904103936,46.228717572115386,0.0
3,0,1684,2954634047560,46.240141219075525,nan
3,3,1684,2955364780544,46.25157721955129,0.0
3,0,1685,2956095557581,46.26301390945826,nan
3,3,1685,2956825490432,46.27443738782051,0.0
3,0,1686,2957557122397,46.285887457384945,nan
3,3,1686,2958286267392,46.297298605769235,0.0
3,0,1687,2959691242498,46.3192865224672,nan
3,3,1687,2960424706048,46.33076525641026,0.0
3,0,1688,2961158749067,46.34225305906638,nan
3,3,1688,2961890540032,46.35370561698718,0.0
3,3,1689,2963335444992,46.376318437500004,0.0
3,0,1690,2964066063035,46.38775263914451,nan
3,3,1690,2965468896256,46.40970703525641,0.0
3,0,1691,2966199739722,46.421144764779896,nan
3,3,1691,2966929973248,46.43257294871795,0.0
3,0,1692,2967661419226,46.444020107578375,nan
3,3,1692,2968390517248,46.45543052083333,0.0
3,0,1693,2969123017337,46.46689417657314,nan
3,3,1693,2969856436224,46.47837221153846,0.0
3,0,1694,2971262405379,46.500375685143105,nan
3,3,1694,2971994267136,46.51182935096154,0.0
3,0,1695,2972724262533,46.5232538081712,nan
3,3,1695,2973454210048,46.534677516025646,0.0
3,0,1696,2974186332193,46.54613525692671,nan
3,3,1696,2974919634944,46.55761147435898,0.0
3,0,1697,2975653506994,46.569096601343404,nan
3,3,1697,2976385470976,46.58055186698718,0.0
3,0,1698,2977115275075,46.591973330375474,nan
3,3,1698,2977845470720,46.60340092147436,0.0
3,0,1699,2978577198281,46.61485248712002,nan
3,3,1699,2979982957568,46.636852676282054,0.0
3,0,1700,2980717564762,46.64834930829953,nan
3,3,1700,2981448516096,46.65978872596154,0.0
3,0,1701,2982179370735,46.67122663034292,nan
3,3,1701,2982908645888,46.68263981570513,0.0
3,0,1702,2984313997711,46.70463362803924,nan
3,3,1702,2985046993920,46.716105048076926,0.0
3,0,1703,2985781274380,46.72759656669421,nan
3,3,1703,2986513229824,46.73905169871795,0.0
3,0,1704,2987243330718,46.750477806959886,nan
3,3,1704,2987973419520,46.76190372596154,0.0
3,0,1705,2988705190969,46.77335597845616,nan
3,3,1705,2989434307072,46.78476667467949,0.0
3,0,1706,2990166567884,46.79622658572466,nan
3,3,1706,2990900839424,46.80771796474359,0.0
3,0,1707,2992306382926,46.82971477686173,nan
3,3,1707,2993040522240,46.84120408653846,0.0
3,0,1708,2993773616613,46.85267704284668,nan
3,3,1708,2994507430912,46.86416126602564,0.0
3,0,1709,2995241281915,46.87564606362368,nan
3,3,1709,2995973813760,46.88711021634616,0.0
3,0,1710,2996703286535,46.89852649450058,nan
3,3,1710,2997434949120,46.90997704326923,0.0
3,0,1711,2998165100689,46.92140394457695,nan
3,3,1711,2998895410688,46.932833325320516,0.0
3,0,1712,2999626775582,46.94427921521309,nan
3,3,1712,3001028207616,46.96621168269231,0.0
3,0,1713,3001761252030,46.97768385714018,nan
3,3,1713,3002494427648,46.9891580849359,0.0
3,0,1714,3003228203082,47.000641699876056,nan
3,3,1714,3003960390656,47.01210046474359,0.0
3,0,1715,3004695131594,47.02359918986003,nan
3,3,1715,3005426590208,47.03504654647436,0.0
3,0,1716,3006157513554,47.04648552612305,nan
3,3,1716,3007559557632,47.06842757211539,0.0
3,0,1717,3008292829689,47.079903309185326,nan
3,3,1717,3009025090560,47.09136322115385,0.0
3,0,1718,3009755686279,47.102797073426856,nan
3,3,1718,3010485530112,47.114219158653846,0.0
3,0,1719,3011218345226,47.12568774454753,nan
3,3,1719,3011951056896,47.137154711538464,0.0
3,0,1720,3012680606358,47.148572189847506,nan
3,3,1720,3013411162112,47.16000541666667,0.0
3,0,1721,3014815843638,47.18198873882587,nan
3,3,1721,3015549003264,47.193462716346154,0.0
3,0,1722,3016283891391,47.20496374497634,nan
3,3,1722,3017015146496,47.21640791666667,0.0
3,0,1723,3017746056269,47.22784668389736,nan
3,3,1723,3018475616768,47.239264334935896,0.0
3,0,1724,3019207705040,47.25072154572316,nan
3,3,1724,3019941612544,47.262207227564105,0.0
3,0,1725,3021348075116,47.28421842316457,nan
3,3,1725,3022080797184,47.29568555288461,0.0
3,0,1726,3022815522289,47.30718403021397,nan
3,3,1726,3023546999808,47.318631682692306,0.0
3,0,1727,3024277218695,47.33005963752942,nan
3,3,1727,3025007972864,47.34149596955128,0.0
3,0,1728,3025738689802,47.352931718906504,nan
3,3,1728,3026468425216,47.36435210737179,0.0
3,0,1729,3027200503950,47.37580916888897,nan
3,3,1729,3027934222336,47.38729189102564,0.0
3,0,1730,3028667809310,47.398772556559244,nan
3,3,1730,3030072422912,47.42075481570513,0.0
3,0,1731,3030802435775,47.43217954625839,nan
3,3,1731,3031533001728,47.44361293269231,0.0
3,0,1732,3032264686668,47.45506383131761,nan
3,3,1732,3032998729216,47.466551626602566,0.0
3,0,1733,3033732162500,47.478029886881515,nan
3,3,1733,3034464508416,47.489491129807696,0.0
3,0,1734,3035867369574,47.51144596313477,nan
3,3,1734,3036597256192,47.52286871794872,0.0
3,0,1735,3037329879550,47.53433430285332,nan
3,3,1735,3038062968832,47.545807179487184,0.0
3,0,1736,3038797554048,47.55730346754808,nan
3,3,1736,3039528722944,47.568746290064105,0.0
3,0,1737,3040260099844,47.58019236785106,nan
3,3,1737,3041661608448,47.602126033653846,0.0
3,0,1738,3042395072419,47.613604774185575,nan
3,3,1738,3043128027136,47.6250755448718,0.0
3,0,1739,3043862813497,47.636574980860004,nan
3,3,1739,3044594018304,47.648018365384615,0.0
3,0,1740,3045325390531,47.65946437003894,nan
3,3,1740,3046054820352,47.67087997596154,0.0
3,0,1741,3046787612751,47.68234820636456,nan
3,3,1741,3047520961024,47.69382513621795,0.0
3,0,1742,3048254988753,47.705312699584965,nan
3,3,1742,3048987207680,47.71677195512821,0.0
3,0,1743,3050389203053,47.738713238885346,nan
3,3,1743,3051119691264,47.75014540865385,0.0
3,0,1744,3051851368962,47.76159619394156,nan
3,3,1744,3052580644352,47.77300938301282,0.0
3,0,1745,3053313514377,47.784478828265854,nan
3,3,1745,3054047322112,47.79596294871795,0.0
3,0,1746,3054781226768,47.80744858598758,nan
3,3,1746,3055513694208,47.81891173076923,0.0
3,0,1747,3056248345757,47.830409056944234,nan
3,3,1747,3056980427776,47.8418661698718,0.0
3,0,1748,3057710014009,47.853284223648465,nan
3,3,1748,3059114298368,47.875261330128204,0.0
3,0,1749,3059844659916,47.88669151761569,nan
3,3,1749,3060575266816,47.898125544871796,0.0
3,0,1750,3061306402892,47.90956785375351,nan
3,3,1750,3062036807680,47.92099871794872,0.0
3,0,1751,3062768001003,47.932441922748275,nan
3,3,1751,3063498362880,47.943872115384615,0.0
3,0,1752,3064902999172,47.96585472962991,nan
3,3,1752,3065637220864,47.977345328525644,0.0
3,0,1753,3066371183619,47.98883187504695,nan
3,3,1753,3067103416832,48.00029135416667,0.0
3,0,1754,3067833556885,48.011718075248524,nan
3,3,1754,3068564127744,48.02315153846154,0.0
3,0,1755,3069296296246,48.034610004851515,nan
3,3,1755,3070030464512,48.046099767628206,0.0
3,0,1756,3071436067271,48.06809750712077,nan
3,3,1756,3072169842176,48.079581113782055,0.0
3,0,1757,3072903401808,48.091061351412264,nan
3,3,1757,3073636435456,48.1025333573718,0.0
3,0,1758,3074371072719,48.11403045997033,nan
3,3,1758,3075103430144,48.12549188301282,0.0
3,0,1759,3075833667186,48.13692012197642,nan
3,3,1759,3076564754432,48.148361666666666,0.0
3,0,1760,3077295516669,48.15979812495305,nan
3,3,1760,3078699072000,48.181763822115386,0.0
3,0,1761,3079430413964,48.19320935315255,nan
3,3,1761,3080160547840,48.2046359775641,0.0
3,0,1762,3081565296956,48.22662035750952,nan
3,3,1762,3082294992896,48.23804012820513,0.0
3,0,1763,3083027949257,48.24951092462002,nan
3,3,1763,3083761851904,48.26099653044872,0.0
3,0,1764,3084495733320,48.27248180401142,nan
3,3,1764,3085228368384,48.28394757211539,0.0
3,0,1765,3085958370264,48.29537213078426,nan
3,3,1765,3086689367040,48.306812259615384,0.0
3,0,1766,3087419935596,48.31824568678636,nan
3,3,1766,3088150707712,48.32968229967949,0.0
3,0,1767,3088882000137,48.34112705542931,nan
3,3,1767,3090284248064,48.36307229166667,0.0
3,0,1768,3091017435535,48.37454670496231,nan
3,3,1768,3091750326784,48.386016482371794,0.0
3,0,1769,3092485425439,48.39752080577362,nan
3,3,1769,3093216730624,48.40896576121795,0.0
3,0,1770,3093947645624,48.4204046102514,nan
3,3,1770,3094676993536,48.431818934294874,0.0
3,0,1771,3095409747528,48.443286563626806,nan
3,3,1771,3096143137280,48.45476414262821,0.0
3,0,1772,3097549932749,48.47678054808006,nan
3,3,1772,3098281517568,48.48822987980769,0.0
3,0,1773,3099012068445,48.49966303030161,nan
3,3,1773,3099741734912,48.51108233974359,0.0
3,0,1774,3100474806770,48.522554943691155,nan
3,3,1774,3101207826944,48.53402673878205,0.0
3,0,1775,3101942669702,48.54552705738557,nan
3,3,1775,3102673996288,48.556972347756414,0.0
3,0,1776,3104077614603,48.57893903062087,nan
3,3,1776,3104806708736,48.59034938301282,0.0
3,0,1777,3105539690913,48.60182058344915,nan
3,3,1777,3106272589312,48.61329047275641,0.0
3,0,1778,3107007778100,48.62479620674329,nan
3,3,1778,3107738746368,48.63623588942308,0.0
3,0,1779,3108469823172,48.64767727069562,nan
3,3,1779,3109199388160,48.65909499198718,0.0
3,0,1780,3109932207177,48.67056363896297,nan
3,3,1780,3111337336832,48.69255397435897,0.0
3,0,1781,3112066663137,48.70396796025203,nan
3,3,1781,3112797630464,48.71540762820513,0.0
3,0,1782,3113528833670,48.72685098767403,nan
3,3,1782,3114257804800,48.73825941506411,0.0
3,0,1783,3114990542346,48.749726787015476,nan
3,3,1783,3115723511808,48.76119778846154,0.0
3,0,1784,3116457417099,48.772683435668945,nan
3,3,1784,3117861322752,48.794654615384616,0.0
3,3,1785,3119251520000,48.81641125801282,0.0
3,0,1785,3120657137416,48.838409226888025,nan
3,3,1786,3121389126656,48.849864887820516,0.0
3,0,1786,3122118897315,48.86128582787147,nan
3,3,1787,3122849211392,48.8727152724359,0.0
3,0,1787,3123580730948,48.884163582794976,nan
3,3,1788,3124314148352,48.895641594551286,0.0
3,0,1788,3125047984076,48.90712615303235,nan
3,3,1789,3125779438592,48.91857344551282,0.0
3,0,1789,3126509993805,48.93000666386531,nan
3,3,1790,3127911716864,48.95194368589744,0.0
3,0,1790,3128643566576,48.96339716321114,nan
3,3,1791,3129377283584,48.97487986378205,0.0
3,0,1791,3130110815626,48.98635966962765,nan
3,3,1792,3130842637824,48.997812716346154,0.0
3,0,1792,3131572535570,49.00923564531375,nan
3,3,1793,3132302204416,49.02065499198718,0.0
3,0,1793,3133034025626,49.03210802324344,nan
3,3,1794,3133767751680,49.043590865384616,0.0
3,0,1794,3135173843258,49.06559625491411,nan
3,3,1795,3135905169408,49.07704153846154,0.0
3,0,1795,3136635324109,49.08846848878518,nan
3,3,1796,3137365062144,49.09988891826923,0.0
3,0,1796,3138096741467,49.111339728988256,nan
3,3,1797,3138831097856,49.122832435897436,0.0
3,0,1797,3139564111853,49.134304134318036,nan
3,3,1798,3140970037760,49.156306931089745,0.0
3,0,1798,3141702784136,49.16777444123097,nan
3,3,1799,3142436608512,49.179258822115386,0.0
3,0,1799,3143169839617,49.190733918284884,nan
3,3,1800,3143902881792,49.20220605769231,0.0
3,0,1800,3144636135310,49.21368150462615,nan
3,3,1801,3145368788992,49.22514756410256,0.0
3,0,1801,3146102972690,49.23663756839068,nan
3,3,1802,3146834695680,49.2480890625,0.0
3,0,1802,3147564284598,49.259507158297026,nan
3,3,1803,3148967393280,49.28146586538462,0.0
3,0,1803,3149697754447,49.29289604690943,nan
3,3,1804,3150428252160,49.30432836538462,0.0
3,0,1804,3151159038160,49.3157651955629,nan
3,3,1805,3151888913408,49.3271877724359,0.0
3,0,1805,3152620452973,49.338636395936625,nan
3,3,1806,3153350524416,49.35006204326923,0.0
3,0,1806,3154082093053,49.361511121747924,nan
3,3,1807,3154812100608,49.37293576923077,0.0
3,0,1807,3156215135373,49.39489331951435,nan
3,3,1808,3156945577984,49.406324775641025,0.0
3,0,1808,3157676126749,49.417757893082054,nan
3,3,1809,3158406454784,49.429187556089744,0.0
3,0,1809,3159137666494,49.44063104864659,nan
3,3,1810,3159867141632,49.45204736378205,0.0
3,0,1810,3160599017797,49.463501255086264,nan
3,3,1811,3161333279744,49.47499248397436,0.0
3,0,1811,3162737703386,49.49697177023863,nan
3,3,1812,3163466694656,49.508380512820516,0.0
3,0,1812,3164199617380,49.519850782815006,nan
3,3,1813,3164933014528,49.5313284775641,0.0
3,0,1813,3165666851059,49.54281304867476,nan
3,3,1814,3166399285248,49.55427567307692,0.0
3,0,1814,3167134028928,49.56577444110577,nan
3,3,1815,3167864867840,49.577212099358974,0.0
3,0,1815,3168595656205,49.588648966549606,nan
3,3,1816,3169325011968,49.60006341346154,0.0
3,0,1816,3170729886373,49.62204975418482,nan
3,3,1817,3171463744512,49.63353466346154,0.0
3,0,1817,3172196786233,49.64500679576385,nan
3,3,1818,3173602711040,49.66700957532051,0.0
3,0,1818,3174335890119,49.67848385728102,nan
3,3,1819,3175068877824,49.68995514423077,0.0
3,0,1819,3175803085893,49.701445529926005,nan
3,3,1820,3176534683648,49.71289506410257,0.0
3,0,1820,3177264283085,49.72431332452236,nan
3,3,1821,3177996060672,49.735765673076926,0.0
3,0,1821,3178725870942,49.747187233041615,nan
3,3,1822,3179457616896,49.758639086538466,0.0
3,0,1822,3180859767295,49.78058279645871,nan
3,3,1823,3181591107584,49.79202830128205,0.0
3,0,1823,3182321032077,49.803451648841275,nan
3,3,1824,3183723782144,49.82540474358974,0.0
3,0,1824,3184454531094,49.83684099393405,nan
3,3,1825,3185184246272,49.84826106570513,0.0
3,0,1825,3185915878828,49.859711144518734,nan
3,3,1826,3186650134016,49.871202267628206,0.0
3,0,1826,3187382695734,49.88266688786433,nan
3,3,1827,3188116468736,49.89415046474359,0.0
3,0,1827,3188849841342,49.90562777540941,nan
3,3,1828,3189582556672,49.91709479967949,0.0
3,0,1828,3190316903484,49.928587356708235,nan
3,3,1829,3191719944704,49.950545008012824,0.0
3,0,1829,3192450497735,49.961978192216925,nan
3,3,1830,3193179988480,49.97339475160256,0.0
3,0,1830,3193911842904,49.98484830265926,nan
3,3,1831,3194645582848,49.99633136217949,0.0
3,0,1831,3195378813932,50.00780645802033,nan
3,3,1832,3196111180800,50.019268028846156,0.0
3,0,1832,3196845394289,50.03075849936461,nan
3,3,1833,3197577619456,50.04221785256411,0.0
3,0,1833,3198311835385,50.053708361268654,nan
3,3,1834,3199716294144,50.07568819711538,0.0
3,0,1834,3200450563460,50.08717954132863,nan
3,3,1835,3201182575104,50.098635552884616,0.0
3,0,1835,3201911930630,50.11004999608749,nan
3,3,1836,3202643660288,50.12150159455128,0.0
3,0,1836,3204045621154,50.143442338272486,nan
3,3,1837,3204776921600,50.154887219551284,0.0
3,0,1837,3205507072313,50.16631410746257,nan
3,3,1838,3206237700096,50.177748461538464,0.0
3,0,1838,3206968421056,50.189184273838144,nan
3,3,1839,3207698823680,50.200615104166666,0.0
3,0,1839,3208430100557,50.21205961658967,nan
3,3,1840,3209160227840,50.223486137820515,0.0
3,0,1840,3209891094988,50.23492423796825,nan
3,3,1841,3211292899328,50.25686253205129,0.0
3,0,1841,3212024512111,50.26831230141664,nan
3,3,1842,3212753530880,50.27972147435898,0.0
3,0,1842,3213485892611,50.29118296479054,nan
3,3,1843,3214219799040,50.30266862980769,0.0
3,0,1843,3214952760192,50.31413950120192,nan
3,3,1844,3215685719040,50.32561033653846,0.0
3,0,1844,3216420226301,50.337105404600486,nan
3,3,1845,3217151008256,50.348542171474364,0.0
3,0,1845,3217882031752,50.35998271847456,nan
3,3,1846,3218610620416,50.37138516025641,0.0
3,0,1846,3220016393001,50.39338555753268,nan
3,3,1847,3220747598336,50.404828950320514,0.0
3,0,1847,3221477883577,50.416257943600385,nan
3,3,1848,3222207628288,50.4276784775641,0.0
3,0,1848,3222939629133,50.43913432011531,nan
3,3,1849,3223673089024,50.450612996794874,0.0
3,0,1849,3225079667390,50.47262600457607,nan
3,3,1850,3225811254272,50.48407536858974,0.0
3,0,1850,3226541058128,50.495496828175085,nan
3,3,1851,3227271695360,50.506931330128204,0.0
3,0,1851,3228002898406,50.5183746870931,nan
3,3,1852,3228732304384,50.529789919871796,0.0
3,0,1852,3229464315255,50.54124591933031,nan
3,3,1853,3230198589952,50.55273734775641,0.0
3,0,1853,3231603508227,50.574724375046955,nan
3,3,1854,3232336346624,50.586193325320515,0.0
3,0,1854,3233070445452,50.59768200138973,nan
3,3,1855,3233802309632,50.6091357051282,0.0
3,0,1855,3234532352261,50.62056090152056,nan
3,3,1856,3235262784000,50.6319921875,0.0
3,0,1856,3235994139293,50.643437927136546,nan
3,3,1857,3236723404800,50.654850961538465,0.0
3,0,1857,3237455646251,50.66631056958321,nan
3,3,1858,3238189037056,50.6777881650641,0.0
3,0,1858,3238922856885,50.689272474787785,nan
3,3,1859,3240327316480,50.71125232371795,0.0
3,0,1859,3241056319044,50.722661243051384,nan
3,3,1860,3241788110336,50.734113806089745,0.0
3,0,1860,3242517230540,50.74552456649389,nan
3,3,1861,3243248703488,50.756972147435896,0.0
3,0,1861,3243978047323,50.76838640767416,nan
3,3,1862,3244709467648,50.779833165064105,0.0
3,0,1862,3245438909672,50.79124896196414,nan
3,3,1863,3246842383360,50.81321338141026,0.0
3,0,1863,3247572331904,50.82463710536859,nan
3,3,1864,3248302537728,50.83606485576923,0.0
3,0,1864,3249033037583,50.8474972077668,nan
3,3,1865,3249762520064,50.858913637820514,0.0
3,0,1865,3250493536913,50.8703540807949,nan
3,3,1866,3251222321664,50.88175959134615,0.0
3,0,1866,3251954329127,50.89321553746933,nan
3,3,1867,3252687998976,50.904697500000005,0.0
3,0,1867,3254093257915,50.92668985869579,nan
3,3,1868,3254826456576,50.93816444711538,0.0
3,0,1868,3255560717885,50.94965566601876,nan
3,3,1869,3256292758016,50.961112123397434,0.0
3,0,1869,3257021956554,50.97252410973182,nan
3,3,1870,3257753567744,50.98397385416667,0.0
3,0,1870,3258483257666,50.99539353068034,nan
3,3,1871,3259886188544,51.017349455128205,0.0
3,0,1871,3260617011679,51.02878686647073,nan
3,3,1872,3261347299840,51.04021590544872,0.0
3,0,1872,3262079217520,51.05167044646434,nan
3,3,1873,3262813587456,51.06316336538462,0.0
3,0,1873,3263547066621,51.074642343703054,nan
3,3,1874,3264279862272,51.086110625,0.0
3,0,1874,3265014095486,51.097601404215496,nan
3,3,1875,3265745996288,51.10905568108974,0.0
3,0,1875,3267148130567,51.13099913873135,nan
3,3,1876,3267878721024,51.142432908653845,0.0
3,0,1876,3268610230916,51.15388106777093,nan
3,3,1877,3269339067392,51.16528738782051,0.0
3,0,1877,3270071509525,51.1767501365466,nan
3,3,1878,3270804736000,51.18822516025641,0.0
3,0,1878,3271538430874,51.19970751442934,nan
3,3,1879,3272270596096,51.21116592948718,0.0
3,0,1879,3273672949815,51.233112821373574,nan
3,3,1880,3274402765312,51.24453446314103,0.0
3,0,1880,3275135697349,51.25600487888434,nan
3,3,1881,3275867845120,51.26746302083333,0.0
3,0,1881,3276598127430,51.27889196824294,nan
3,3,1882,3277328095232,51.29031599358974,0.0
3,0,1882,3278060577990,51.30177937809871,nan
3,3,1883,3278793578496,51.31325086538462,0.0
3,0,1883,3279527176269,51.32473169992301,nan
3,3,1884,3280259304960,51.336189543269235,0.0
3,0,1884,3281661318890,51.35813111744416,nan
3,3,1885,3282391963648,51.369565737179485,0.0
3,0,1885,3283122971763,51.38100604346642,nan
3,3,1886,3283852119552,51.39241723557692,0.0
3,0,1886,3284584417278,51.40387772432768,nan
3,3,1887,3285317896192,51.41535669871795,0.0
3,0,1887,3286051745161,51.4268414644838,nan
3,3,1888,3286783898112,51.4382996875,0.0
3,0,1888,3287513827080,51.44972310509315,nan
3,3,1889,3288244285440,51.46115480769231,0.0
3,0,1889,3288975699079,51.47260146044609,nan
3,3,1890,3290377245184,51.494535713141026,0.0
3,0,1890,3291109905184,51.50600187149439,nan
3,3,1891,3291843436544,51.51748166666667,0.0
3,0,1891,3292577698981,51.528972903223284,nan
3,3,1892,3293982027264,51.55095069711538,0.0
3,0,1892,3294712082757,51.56237609482985,nan
3,3,1893,3295442974720,51.57381458333334,0.0
3,0,1893,3296173658312,51.58524981082232,nan
3,3,1894,3296903805440,51.5966766426282,0.0
3,0,1894,3297635628613,51.608129704605496,nan
3,3,1895,3298369645568,51.619617099358976,0.0
3,0,1895,3299775332046,51.64161614905724,nan
3,3,1896,3300507965952,51.65308189903846,0.0
3,0,1896,3301242609239,51.664579095912835,nan
3,3,1897,3301973916160,51.67602407852564,0.0
3,0,1897,3302704523232,51.68745810847356,nan
3,3,1898,3303434484224,51.69888202724359,0.0
3,0,1898,3304166911338,51.710344540921724,nan
3,3,1899,3304900323328,51.72182246794872,0.0
3,0,1899,3306306489856,51.74382903044872,nan
3,3,1900,3307038187520,51.75528012820513,0.0
3,0,1900,3307768096646,51.766703235270185,nan
3,3,1901,3308498777600,51.77813842147436,0.0
3,0,1901,3309229981453,51.789581791068834,nan
3,3,1902,3309959604736,51.801000424679486,0.0
3,0,1902,3311364893071,51.82299324342385,nan
3,3,1903,3312099124736,51.83448399839744,0.0
3,0,1903,3312832141584,51.8459557414363,nan
3,3,1904,3313565456384,51.8574321474359,0.0
3,0,1904,3314299412122,51.86891858414088,nan
3,3,1905,3315031984640,51.880383373397436,0.0
3,0,1905,3315761506348,51.89180041735527,nan
3,3,1906,3316493295616,51.90325294871795,0.0
3,0,1906,3317223380922,51.914678813007065,nan
3,3,1907,3317954326528,51.92611814102564,0.0
3,0,1907,3319357700163,51.948080994638296,nan
3,3,1908,3320088145408,51.959512491987184,0.0
3,0,1908,3320819652035,51.97096060000689,nan
3,3,1909,3321549703168,51.98238592948718,0.0
3,0,1909,3322281858380,51.99384418788812,nan
3,3,1910,3323011347968,52.005260729166665,0.0
3,0,1910,3323743839952,52.0167242580629,nan
3,3,1911,3324473259008,52.02813969551282,0.0
3,0,1911,3325205364835,52.039597181036534,nan
3,3,1912,3325939752448,52.051090376602566,0.0
3,0,1912,3326673016800,52.062565993088946,nan
3,3,1913,3327405864960,52.07403509615385,0.0
3,0,1913,3328140980592,52.085539685246395,nan
3,3,1914,3329544829440,52.10750997596154,0.0
3,0,1914,3330275472896,52.11894457532051,nan
3,3,1915,3331006116352,52.13037917467949,0.0
3,0,1915,3331737675143,52.14182809906789,nan
3,3,1916,3332467256832,52.15324608173077,0.0
3,0,1916,3333871845392,52.17522794896835,nan
3,3,1917,3334600993792,52.18663915064103,0.0
3,0,1917,3335333557646,52.19810380430564,nan
3,3,1918,3336067610112,52.2095917548077,0.0
3,0,1918,3336801167133,52.221071951575645,nan
3,3,1919,3337534164480,52.23254338942308,0.0
3,0,1919,3338268813976,52.244040683468555,nan
3,3,1920,3339000943104,52.25549853365385,0.0
3,0,1920,3339730928163,52.266922829073394,nan
3,3,1921,3340461972480,52.27836370192308,0.0
3,0,1921,3341192914358,52.289802971598306,nan
3,3,1922,3342595815424,52.31175842948718,0.0
3,0,1922,3343327222342,52.323204977057046,nan
3,3,1923,3344056620544,52.33462008814103,0.0
3,0,1923,3344789466047,52.34608914962377,nan
3,3,1924,3345523148800,52.357571314102564,0.0
3,0,1924,3346257424191,52.3690627533898,nan
3,3,1925,3346990208512,52.380530857371795,0.0
3,0,1925,3347720045251,52.3919528315774,nan
3,3,1926,3348451964416,52.403407395833334,0.0
3,0,1926,3349182057030,52.41483337449294,nan
3,3,1927,3350586303488,52.436809887820516,0.0
3,0,1927,3351315845852,52.44822725504557,nan
3,3,1928,3352047657472,52.45968013621795,0.0
3,0,1928,3352777491567,52.471102069044846,nan
3,3,1929,3353509045760,52.48255092147436,0.0
3,0,1929,3354239287802,52.493979238688155,nan
3,3,1930,3355642919424,52.515946129807695,0.0
3,0,1930,3356373937789,52.52738659650754,nan
3,3,1931,3357104390144,52.53881820512821,0.0
3,0,1931,3357835908099,52.55026649043157,nan
3,3,1932,3358566402048,52.561698750000005,0.0
3,0,1932,3359297858436,52.573146071777344,nan
3,3,1933,3360027949056,52.58457201923077,0.0
3,0,1933,3360759531786,52.59602131826548,nan
3,3,1934,3362161313280,52.617959254807694,0.0
3,0,1934,3362893530517,52.62941848390237,nan
3,3,1935,3363627955200,52.640912259615384,0.0
3,0,1935,3364360848655,52.65238207154886,nan
3,3,1936,3365094856704,52.66386932692308,0.0
3,0,1936,3365828571277,52.675351989386144,nan
3,3,1937,3366561981440,52.686829887820515,0.0
3,0,1937,3367296031768,52.69831780486278,nan
3,3,1938,3368029250048,52.70979270032051,0.0
3,0,1938,3368763155343,52.72127834759052,nan
3,3,1939,3370168559616,52.743272980769234,0.0
3,0,1939,3370903161868,52.75476953544421,nan
3,3,1940,3371635385344,52.76622886217949,0.0
3,0,1940,3372365338007,52.77765265060034,nan
3,3,1941,3373096979456,52.789102868589744,0.0
3,0,1941,3373827635486,52.800537664732325,nan
3,3,1942,3374559049728,52.81198432692308,0.0
3,0,1942,3375290149036,52.823426060384115,nan
3,3,1943,3376020598272,52.83485762019231,0.0
3,0,1943,3376752590380,52.84631332600912,nan
3,3,1944,3378155632640,52.868270993589746,0.0
3,0,1944,3378887420099,52.8797234966415,nan
3,3,1945,3379617548800,52.891150040064105,0.0
3,0,1945,3380349097544,52.90259880721655,nan
3,3,1946,3381752336896,52.92455955929487,0.0
3,0,1946,3382482721992,52.935990115309494,nan
3,3,1947,3383213937664,52.9474336698718,0.0
3,0,1947,3383944351301,52.95886467255421,nan
3,3,1948,3384675373568,52.97030520032052,0.0
3,0,1948,3385406082508,52.981740824506716,nan
3,3,1949,3386136994816,52.99317963141026,0.0
3,0,1949,3386868282198,53.00462430823693,nan
3,3,1950,3387598816768,53.01605720352564,0.0
3,0,1950,3388330767071,53.027512255092525,nan
3,3,1951,3389060792832,53.038937187500004,0.0
3,0,1951,3390465771892,53.06092516607823,nan
3,3,1952,3391195410944,53.07234404647436,0.0
3,0,1952,3391927980292,53.083808786120294,nan
3,3,1953,3392662233088,53.09529987179487,0.0
3,0,1953,3393395275391,53.10677201320551,nan
3,3,1954,3394128903168,53.11825331730769,0.0
3,0,1954,3394862734843,53.12973781242175,nan
3,3,1955,3395595359744,53.14120342147436,0.0
3,0,1955,3396324811134,53.15261936495268,nan
3,3,1956,3397729627136,53.17460479166667,0.0
3,0,1956,3398459553283,53.186028165111054,nan
3,3,1957,3399190746112,53.19747136217949,0.0
3,0,1957,3400593789059,53.2194290405117,nan
3,3,1958,3401324112896,53.23085863782052,0.0
3,0,1958,3402054996996,53.24229700326773,nan
3,3,1959,3402785239040,53.25372532051282,0.0
3,0,1959,3403516500869,53.265169597434024,nan
3,3,1960,3404245957120,53.276585616987184,0.0
3,0,1960,3404978323728,53.28804718374399,nan
3,3,1961,3406384389632,53.31005217147436,0.0
3,0,1961,3407118055313,53.32153406877567,nan
3,3,1962,3407851228672,53.33300826121795,0.0
3,0,1962,3408585435918,53.34449863403321,nan
3,3,1963,3409318033408,53.355963814102566,0.0
3,0,1963,3410052424336,53.36745706154848,nan
3,3,1964,3410785182720,53.37892475961539,0.0
3,0,1964,3411519564813,53.39041786879319,nan
3,3,1965,3412925214720,53.41241634615385,0.0
3,0,1965,3413659601543,53.423909529356344,nan
3,3,1966,3414391702528,53.435366939102565,0.0
3,0,1966,3415121226765,53.44678402263935,nan
3,3,1967,3415852784128,53.458232924679486,0.0
3,0,1967,3416582689685,53.46965597588955,nan
3,3,1968,3417313950208,53.481100232371794,0.0
3,0,1968,3418044422927,53.49253215968988,nan
3,3,1969,3418775065088,53.503966738782054,0.0
3,0,1969,3420178267052,53.52592690573668,nan
3,3,1970,3420908504064,53.53735514423077,0.0
3,0,1970,3421639835442,53.5488005095966,nan
3,3,1971,3422369836544,53.56022505608974,0.0
3,0,1971,3423101337788,53.571673079865285,nan
3,3,1972,3423831080448,53.58309358173077,0.0
3,0,1972,3424562875453,53.59454620287773,nan
3,3,1973,3425292177920,53.60595981570513,0.0
3,0,1973,3426023791036,53.61740959028195,nan
3,3,1974,3426752999936,53.62882173878205,0.0
3,0,1974,3428157781568,53.65080662760417,nan
3,3,1975,3428892042240,53.662297836538464,0.0
3,0,1975,3429624739264,53.67376457431891,nan
3,3,1976,3430358606848,53.68524963141026,0.0
3,0,1976,3431092228422,53.69673083843525,nan
3,3,1977,3432497452032,53.71872264423077,0.0
3,0,1977,3433232169417,53.730221000741814,nan
3,3,1978,3433963400192,53.741664791666665,0.0
3,0,1978,3434694162754,53.75310125503931,nan
3,3,1979,3435424456704,53.764530384615384,0.0
3,0,1979,3436156160719,53.7759815817652,nan
3,3,1980,3436885526016,53.78739617788462,0.0
3,0,1980,3437617537112,53.79885218086439,nan
3,3,1981,3438346710016,53.81026376602564,0.0
3,0,1981,3439079626210,53.82173393382537,nan
3,3,1982,3440485066240,53.84372912660257,0.0
3,0,1982,3441214497405,53.85514475355882,nan
3,3,1983,3441946420224,53.866599375,0.0
3,0,1983,3442676634623,53.87802725959973,nan
3,3,1984,3443407479808,53.889465016025646,0.0
3,0,1984,3444138619772,53.90090738575471,nan
3,3,1985,3445540973056,53.922854270833334,0.0
3,0,1985,3446272643586,53.934304943941555,nan
3,3,1986,3447001588224,53.94571295673077,0.0
3,0,1986,3447734192526,53.95717824340821,nan
3,3,1987,3448467762176,53.96865863782052,0.0
3,0,1987,3449201488130,53.98014147839669,nan
3,3,1988,3449933793280,53.99160208333333,0.0
3,0,1988,3451335766405,54.01354301890838,nan
3,3,1989,3452067222016,54.02499032852564,0.0
3,0,1989,3452797818128,54.03642418694912,nan
3,3,1990,3453528076800,54.04785276442308,0.0
3,0,1990,3454259529881,54.05930003444574,nan
3,3,1991,3454989099008,54.07071782051282,0.0
3,0,1991,3455721327135,54.082177220036435,nan
3,3,1992,3456455397888,54.09366545673077,0.0
3,0,1992,3457189015967,54.10514660905887,nan
3,3,1993,3457921611264,54.11661175480769,0.0
3,0,1993,3459329350183,54.138642925289844,nan
3,3,1994,3460059531776,54.15007029647436,0.0
3,0,1994,3460791400883,54.16152407732059,nan
3,3,1995,3461525671936,54.17301544871795,0.0
3,0,1995,3462258723626,54.18448773703551,nan
3,3,1996,3462991354368,54.1959534375,0.0
3,0,1996,3463720846008,54.20737001089243,nan
3,3,1997,3464451293184,54.21880153846154,0.0
3,0,1997,3465183169596,54.230255433631314,nan
3,3,1998,3466589282304,54.252261153846156,0.0
3,0,1998,3467322762941,54.26374015520145,nan
3,3,1999,3468055535616,54.27520807692308,0.0
3,0,1999,3468790121017,54.28670436787923,nan
3,3,2000,3469521805312,54.29815525641026,0.0
3,0,2000,3470251740100,54.30957876508664,nan
3,3,2001,3471655142912,54.33154207532051,0.0
3,0,2001,3472385699913,54.342975321655274,nan
3,3,2002,3473116078592,54.35440577724359,0.0
3,0,2002,3473847066565,54.365845768307416,nan
3,3,2003,3474576773632,54.37726571314103,0.0
3,0,2003,3475308061512,54.38871039776142,nan
3,3,2004,3476037343744,54.40012369391026,0.0
3,0,2004,3476769166028,54.41157674197466,nan
3,3,2005,3477498225152,54.42298654647436,0.0
3,0,2005,3478230198859,54.43444196431478,nan
3,3,2006,3479632233984,54.45638387019231,0.0
3,0,2006,3480363359968,54.46782602113382,nan
3,3,2007,3481093001216,54.47924493589744,0.0
3,0,2007,3482496428406,54.50120862764799,nan
3,3,2008,3483226561024,54.5126352323718,0.0
3,0,2008,3483957428471,54.52407333719889,nan
3,3,2009,3484687494656,54.53549890224359,0.0
3,0,2009,3485418735746,54.54694285459861,nan
3,3,2010,3486148642304,54.55836592147436,0.0
3,0,2010,3486880060943,54.56981265247834,nan
3,3,2011,3487609873920,54.5812342548077,0.0
3,0,2011,3488341504894,54.592684308862935,nan
3,3,2012,3489743824896,54.614630673076924,0.0
3,0,2012,3490475166214,54.626076194004156,nan
3,3,2013,3491205436928,54.637504959935896,0.0
3,0,2013,3491936747406,54.6489499982159,nan
3,3,2014,3492666629120,54.66037267628205,0.0
3,0,2014,3493397762837,54.67181494824532,nan
3,3,2015,3494128175616,54.683245937500004,0.0
3,0,2015,3494858763934,54.694679673947064,nan
3,3,2016,3495589178880,54.706110697115385,0.0
3,0,2016,3496992800048,54.72807742462941,nan
3,3,2017,3497722597376,54.739498782051285,0.0
3,0,2017,3498454332087,54.750950459594726,nan
3,3,2018,3499183673344,54.762364679487185,0.0
3,0,2018,3499915379770,54.773815914369244,nan
3,3,2019,3500644208640,54.78522211538462,0.0
3,0,2019,3501376646072,54.796684790539864,nan
3,3,2020,3502110372864,54.80816764423077,0.0
3,0,2020,3502843450171,54.8196403334554,nan
3,3,2021,3503576518656,54.831112884615386,0.0
3,0,2021,3504983153604,54.85312677790715,nan
3,3,2022,3505715040768,54.864580841346154,0.0
3,0,2022,3506444001097,54.87598909970015,nan
3,3,2023,3507176073216,54.88744605769231,0.0
3,0,2023,3507910725308,54.89894339236528,nan
3,3,2024,3508642370048,54.910393661858976,0.0
3,0,2024,3509372644935,54.92182249309833,nan
3,3,2025,3510103086592,54.933253934294875,0.0
3,0,2025,3510834341833,54.944698108113606,nan
3,3,2026,3511564694016,54.95612814903846,0.0
3,0,2026,3512296339270,54.967578426576274,nan
3,3,2027,3513026149376,54.97899998397436,0.0
3,0,2027,3514430856653,55.00098370913775,nan
3,3,2028,3515160051712,55.01239564102564,0.0
3,0,2028,3515891771214,55.023847080547625,nan
3,3,2029,3516621396480,55.03526574519231,0.0
3,0,2029,3517353246928,55.046719234024444,nan
3,3,2030,3518082388480,55.05813032852564,0.0
3,0,2030,3518814541402,55.06958855108799,nan
3,3,2031,3519548263424,55.081071330128204,0.0
3,0,2031,3520282005975,55.0925544304481,nan
3,3,2032,3521014326784,55.10401528044872,0.0
3,0,2032,3522416390238,55.125957629676236,nan
3,3,2033,3523147819008,55.13740451923077,0.0
3,0,2033,3523878246373,55.148835736756936,nan
3,3,2034,3524609126912,55.16027404647436,0.0
3,0,2034,3525340314484,55.171717161270536,nan
3,3,2035,3526070139392,55.18313895032051,0.0
3,0,2035,3526801727736,55.19458833721455,nan
3,3,2036,3527531380736,55.20600743589744,0.0
3,0,2036,3528264010374,55.21747311908429,nan
3,3,2037,3529670113792,55.23947869391026,0.0
3,0,2037,3530404081412,55.250965316569015,nan
3,3,2038,3531136813056,55.26243259615385,0.0
3,0,2038,3531871991424,55.27393816706731,nan
3,3,2039,3532603415552,55.28538498397436,0.0
3,0,2039,3533334251520,55.296822596153845,nan
3,3,2040,3534064596480,55.308252524038465,0.0
3,0,2040,3534796253576,55.31970298690405,nan
3,3,2041,3535526188032,55.33112649038462,0.0
3,0,2041,3536930816014,55.35310897457808,nan
3,3,2042,3537660252160,55.36452467948718,0.0
3,0,2042,3538393200517,55.37599535063915,nan
3,3,2043,3539127328256,55.387484479166666,0.0
3,0,2043,3539860890371,55.398964755655925,nan
3,3,2044,3540594729472,55.41044936698718,0.0
3,0,2044,3542001248143,55.43246144053924,nan
3,3,2045,3542734576128,55.44393805288462,0.0
3,0,2045,3543469189896,55.45543478778546,nan
3,3,2046,3544201768448,55.46689967147436,0.0
3,0,2046,3544931813521,55.47832490611541,nan
3,3,2047,3545663083520,55.48976931089744,0.0
3,0,2047,3546394108950,55.501209888164816,nan
3,3,2048,3547125043200,55.51264903846154,0.0
3,0,2048,3547856551844,55.52409717804738,nan
3,3,2049,3549259884544,55.54605939102564,0.0
3,0,2049,3549992052276,55.55751784536508,nan
3,3,2050,3550721961472,55.56894095352564,0.0
3,0,2050,3551454108603,55.58039908545861,nan
3,3,2051,3552183853056,55.591819615384615,0.0
3,0,2051,3552916636485,55.60328770540678,nan
3,3,2052,3553651003392,55.61478057692308,0.0
3,0,2052,3554385117887,55.626269498181465,nan
3,3,2053,3555790785536,55.64826825320513,0.0
3,0,2053,3556521032519,55.65969664774577,nan
3,3,2054,3557252477952,55.671143798076926,0.0
3,0,2054,3557983353033,55.68258202237643,nan
3,3,2055,3558713848320,55.69401430288462,0.0
3,0,2055,3559445466186,55.70546415179913,nan
3,3,2056,3560847030784,55.72739869391026,0.0
3,0,2056,3561580780749,55.73888191025954,nan
3,3,2057,3562313424896,55.75034782051282,0.0
3,0,2057,3563043310160,55.76177055413662,nan
3,3,2058,3563774211072,55.77320918269231,0.0
3,0,2058,3564505621971,55.78465579256498,nan
3,3,2059,3565234856960,55.796068349358976,0.0
3,0,2059,3565968191825,55.80754506937663,nan
3,3,2060,3567373720576,55.829541650641026,0.0
3,0,2060,3568103304160,55.84095966296074,nan
3,3,2061,3568834693120,55.85240592948718,0.0
3,0,2061,3569565579123,55.863844324716425,nan
3,3,2062,3570295564288,55.87526862179487,0.0
3,0,2062,3571027171572,55.886718305100665,nan
3,3,2063,3571756606976,55.89813399839744,0.0
3,0,2063,3572488842366,55.90959351158729,nan
3,3,2064,3573895727616,55.93161132211539,0.0
3,0,2064,3574628831492,55.94308442714593,nan
3,3,2065,3575361854464,55.95455626602564,0.0
3,0,2065,3576096737407,55.96605721352602,nan
3,3,2066,3576828269568,55.97750572115385,0.0
3,0,2066,3577558660102,55.98893636227339,nan
3,3,2067,3578289830400,56.00037920673077,0.0
3,0,2067,3579020063114,56.01180737796099,nan
3,3,2068,3579750975488,56.023246185897435,0.0
3,0,2068,3580481736452,56.03468262426132,nan
3,3,2069,3581885391360,56.05664987980769,0.0
3,0,2069,3582614908814,56.06806685719025,nan
3,3,2070,3583347129856,56.079526145833334,0.0
3,0,2070,3584081365253,56.091016959212865,nan
3,3,2071,3584813827072,56.102480016025645,0.0
3,0,2071,3585548275331,56.113974160704004,nan
3,3,2072,3586279967232,56.12542516826923,0.0
3,0,2072,3587009479693,56.13684206751115,nan
