node_id,message_transmitter_id,message_id,timestamp_bit,timestamp_seconds
0,0,0,954117497344,14.931977059294873
0,1,0,955209164065,14.94906168721517
0,2,0,956647437885,14.97157073012132
0,3,0,957741678377,14.988695637660882
0,0,1,958829552640,15.00572091346154
0,1,1,960267756661,15.028228864010542
0,2,1,961709294362,15.050788986785106
0,3,1,962806501972,15.067960329840245
0,0,2,963896390144,15.085017123397437
0,1,2,964650780823,15.096823367747772
0,2,2,965744866377,15.113945850501429
0,3,2,966842030188,15.131116508100462
0,0,3,968274697728,15.1535378125
0,1,3,969721395233,15.176178686413888
0,2,3,970815548217,15.193302224449745
0,3,3,971912933795,15.210476352711213
0,0,4,973006195200,15.2275859375
0,1,4,974098602533,15.24468215602777
0,2,4,975194077097,15.261826376843576
0,3,4,976286952291,15.27892991741474
0,0,5,977383538176,15.296091530448718
0,1,5,978476216356,15.31319198774289
0,2,5,979570138627,15.330311915111054
0,3,5,980667313965,15.347482753108098
0,0,6,981755222528,15.364508565705128
0,1,6,983194631111,15.387035367697692
0,2,6,984290503062,15.404185807635969
0,3,6,985388612257,15.421371260532478
0,0,7,986477585408,15.43841373397436
0,1,7,987572271557,15.455545616063828
0,2,7,988666591261,15.472671763274365
0,3,7,990108058645,15.495230785585061
0,0,8,990855869952,15.506934062500001
0,1,8,991949244359,15.524045415774614
0,2,8,993043362919,15.541168415073493
0,3,8,994136460315,15.55827543311486
0,0,9,995223986688,15.575295264423078
0,1,9,996665886033,15.59786104694073
0,2,9,998450590864,15.625791749048478
0,3,9,999545499389,15.642927111331256
0,0,10,1000637251072,15.660013068910256
0,1,10,1001729172147,15.677101677480845
0,2,10,1002824933662,15.694250389091296
0,3,10,1004266024550,15.71680351922451
0,0,11,1005013899776,15.728507796474359
0,1,11,1006105822892,15.745596436986679
0,2,11,1007203361631,15.762772962223934
0,3,11,1008300695670,15.779946283897987
0,0,12,1009391407104,15.797015961538461
0,1,12,1010834606206,15.819602085305238
0,2,12,1012275685468,15.842155033491085
0,3,12,1013371043235,15.859297426429162
0,0,13,1014460405760,15.876345993589744
0,1,13,1015558043181,15.893524063204252
0,2,13,1016649595083,15.9106068942026
0,3,13,1017745321833,15.927755061739408
0,0,14,1018833628160,15.944787099358974
0,1,14,1019929950728,15.961944591471354
0,2,14,1021026195243,15.979100862051157
0,3,14,1022121387299,15.996240661605444
0,0,15,1023212284928,16.01331325320513
0,1,15,1024307679748,16.03045622602414
0,2,15,1025403578223,16.04760708106408
0,3,15,1027190548042,16.07557323032477
0,0,16,1028282309120,16.0926593349359
0,1,16,1029374194031,16.109747377538437
0,2,16,1030468968542,16.126880642496744
0,3,16,1031566965763,16.14406434299567
0,0,17,1032655482368,16.16109967147436
0,1,17,1033748176730,16.17820038201748
0,2,17,1034841306314,16.195307903802334
0,3,17,1035937419686,16.21246212198893
0,0,18,1037029548032,16.229553974358975
0,1,18,1038121708858,16.246646335042318
0,2,18,1039214381861,16.26374671131623
0,3,18,1040658334502,16.28634462799855
0,0,19,1041746829824,16.303379623397436
0,1,19,1043188003493,16.325934049056617
0,2,19,1044285037604,16.343102676845454
0,3,19,1045378428554,16.360214289018682
0,0,20,1046469913088,16.377296065705128
0,1,20,1047561541251,16.39438009019118
0,2,20,1048656139857,16.411510602229193
0,3,20,1049753292858,16.428681090651292
0,0,21,1050842924032,16.445733862179488
0,1,21,1051934945900,16.462824048164563
0,2,21,1053022826689,16.47984942609738
0,3,21,1054117657063,16.49698356531388
0,0,22,1055552485376,16.519438685897438
0,1,22,1056643964352,16.53652037560096
0,2,22,1057741739611,16.553700602385693
0,3,22,1059182850817,16.57625405049642
0,0,23,1060274893824,16.593344567307692
0,1,23,1061026429918,16.605106137288413
0,2,23,1062120624862,16.62223033199995
0,3,23,1063217209601,16.639391927098984
0,0,24,1064305162240,16.65641842948718
0,1,24,1065404216794,16.673618677289916
0,2,24,1066501083421,16.69078468394744
0,3,24,1067942022766,16.713335442426633
0,0,25,1069378130944,16.73581059294872
0,1,25,1070469767988,16.752894756422776
0,2,25,1071907286373,16.77539197674091
0,3,25,1073001153402,16.79251103956956
0,0,26,1074089695744,16.809546770833332
0,1,26,1075183257268,16.826661052496494
0,2,26,1076278526874,16.84380206571139
0,3,26,1077375750955,16.860973666538335
0,0,27,1078467366912,16.8780575
0,1,27,1079561166525,16.89517550776555
0,2,27,1080658764316,16.91235295716897
0,3,27,1082101308572,16.93492883256961
0,0,28,1083536429056,16.957388525641026
0,1,28,1084631907373,16.974532805191433
0,2,28,1086071404625,16.997060994857396
0,3,28,1087167669675,17.014217586810773
0,0,29,1088257240064,17.031269407051283
0,1,29,1089356088297,17.0484664259221
0,2,29,1090106075490,17.060203755540115
0,3,29,1091202552744,17.07736366849459
0,0,30,1092293166080,17.094431810897436
0,1,30,1093385775127,17.111531186257388
0,2,30,1094480707489,17.12866692159017
0,3,30,1095577967955,17.145839091843825
0,0,31,1098379951104,17.189690240384614
0,1,31,1099440442270,17.20628696962014
0,2,31,1100879591330,17.22880971006736
0,3,31,1101977970434,17.24599938705053
0,0,32,1103067415552,17.26304924679487
0,1,32,1104160296248,17.280152873472556
0,2,32,1105253058015,17.297254638906626
0,3,32,1106348782761,17.314402775080755
0,0,33,1107440095744,17.33148186698718
0,1,33,1108191104358,17.343235181884765
0,2,33,1109282969830,17.360322920266178
0,3,33,1110726152283,17.382908783475436
0,0,34,1112161474560,17.405371634615385
0,1,34,1113949059663,17.433347413095326
0,2,34,1114702091550,17.445132392296426
0,3,34,1115800558440,17.462323443134014
0,0,35,1116888275456,17.47934625801282
0,1,35,1117980887184,17.49644567533053
0,2,35,1119074686324,17.51356367569361
0,3,35,1120173071137,17.530753442022863
0,0,36,1121261619712,17.547789270833334
0,1,36,1122352933995,17.56486838308481
0,2,36,1123447435750,17.581997379400793
0,3,36,1124546196155,17.59919302375989
0,0,37,1125635463680,17.616240104166668
0,1,37,1127077344310,17.63880559379382
0,2,37,1128525467339,17.66146877721542
0,3,37,1129620698597,17.67860919028258
0,0,38,1130712929792,17.69570265224359
0,1,38,1131811655731,17.71289775720841
0,2,38,1132907207467,17.730043185769105
0,3,38,1134002752905,17.74718851576585
0,0,39,1135092989952,17.76425076923077
0,1,39,1136192518203,17.78145843041053
0,2,39,1136948179495,17.793284559905224
0,3,39,1138390555964,17.815857809432593
0,0,40,1139478925312,17.832890833333334
0,1,40,1140575475306,17.850051884671725
0,2,40,1142018907945,17.87264166330191
0,3,40,1143112272038,17.88975285516201
0,0,41,1144545339904,17.912180424679487
0,1,41,1145637991345,17.929280463507236
0,2,41,1146731674800,17.946396653395432
0,3,41,1147826939901,17.963537596106896
0,0,42,1148919157248,17.980630841346155
0,1,42,1150016287686,17.9978009766564
0,2,42,1150766252509,18.009537956183017
0,3,42,1151861358580,18.02667641006861
0,0,43,1153634958336,18.054433317307694
0,1,43,1154733039968,18.071618338842146
0,2,43,1155830547113,18.088794369632037
0,3,43,1156927544078,18.105962416084484
0,0,44,1158019133952,18.123045841346155
0,1,44,1159115129732,18.140198219213243
0,2,44,1160211017501,18.157348906703852
0,3,44,1161307709102,18.174512174197467
0,0,45,1162398495744,18.191583028846154
0,1,45,1163496375192,18.20876488619291
0,2,45,1164589127529,18.2258665040471
0,3,45,1166027376665,18.24837516064766
0,0,46,1167115170304,18.265399174679487
0,1,46,1168213073209,18.28258139912923
0,2,46,1169655402067,18.305153903542543
0,3,46,1170752698732,18.322326640312
0,0,47,1171844598784,18.339414919871796
0,1,47,1172936691464,18.356506214067508
0,2,47,1174030802599,18.37362909716484
0,3,47,1175128218407,18.39080369852702
0,0,48,1176219362816,18.40788015224359
0,1,48,1177319868702,18.42510311345027
0,2,48,1178416399079,18.442263857781825
0,3,48,1179515004129,18.45945707082895
0,0,49,1181290975232,18.48725108974359
0,1,49,1182384904332,18.504371123985877
0,2,49,1183825215772,18.526912055726662
0,3,49,1184921962406,18.544076184488933
0,0,50,1186354887168,18.566501514423077
0,1,50,1187801936858,18.589147900046324
0,2,50,1188896954403,18.60628496849647
0,3,50,1189992172719,18.62342517902081
0,0,51,1191082081792,18.640482299679487
0,1,51,1192173972414,18.657570431659405
0,2,51,1193265459301,18.6746522451704
0,3,51,1195399199098,18.70804535847982
0,0,52,1196489224704,18.725104302884617
0,1,52,1197932290238,18.74768833630684
0,2,52,1199375151905,18.770269179202348
0,3,52,1200473302179,18.787455274986854
0,0,53,1201563480064,18.804516602564103
0,1,53,1202655640200,18.82160895244892
0,2,53,1203404988454,18.833336282645984
0,3,53,1204499308170,18.85046243004432
0,0,54,1205592110592,18.86756483173077
0,1,54,1206691333866,18.884767720008263
0,2,54,1208133083108,18.907331153407952
0,3,54,1209573782954,18.9298781637182
0,0,55,1211004591104,18.952270368589744
0,1,55,1212095751668,18.969347075132713
0,2,55,1213192989389,18.986518889426208
0,3,55,1214290672372,19.003697672087842
0,0,56,1215382177280,19.020779767628206
0,1,56,1216473497592,19.037858974233774
0,2,56,1217567787809,19.05498465997158
0,3,56,1218320451303,19.066763873807467
0,0,57,1219417202176,19.083928068910257
0,1,57,1220510536307,19.101038791863857
0,2,57,1221950601564,19.12357587083083
0,3,57,1223393290235,19.146154006332008
0,0,58,1224480854528,19.163174431089743
0,1,58,1225575568350,19.180306746262772
0,2,58,1227016046170,19.202850281857224
0,3,58,1228114429276,19.220040021471856
0,0,59,1229211239424,19.23720514423077
0,1,59,1230305856457,19.25433594465207
0,2,59,1231402469522,19.271497983054136
0,3,59,1232155402069,19.283281407580255
0,0,60,1233245633536,19.30034357371795
0,1,60,1234338492959,19.31744686747233
0,2,60,1235780199131,19.340009626824795
0,3,60,1237221487705,19.362565850751828
0,0,61,1238309993472,19.379601009615385
0,1,61,1239751299406,19.402157505227112
0,2,61,1240846605783,19.419299093909633
0,3,61,1241942483880,19.436449630033053
0,0,62,1242687699968,19.448112291666668
0,1,62,1243782876576,19.465251849459136
0,2,62,1244878886124,19.482404442795975
0,3,62,1245972172700,19.49951442151192
0,0,63,1247059737088,19.51653484775641
0,1,63,1248154345863,19.533665518939678
0,2,63,1249939278765,19.561599790367715
0,3,63,1251033629852,19.578726428723456
0,0,64,1252466681344,19.60115374198718
0,1,64,1253560637087,19.618274193193486
0,2,64,1255000411819,19.64080672543257
0,3,64,1256096263059,19.657956841242864
0,0,65,1257187543040,19.675035416666667
0,1,65,1258288558201,19.6922663480475
0,2,65,1259035124140,19.703950134903344
0,3,65,1260131041135,19.721101279782026
0,0,66,1261222706176,19.738185881410256
0,1,66,1262318896320,19.75534130108173
0,2,66,1263421079537,19.77259051258576
0,3,66,1264863120603,19.795158513042743
0,0,67,1265950428672,19.812174927884616
0,1,67,1267388450385,19.834680025306117
0,2,67,1268481032424,19.851778977989785
0,3,67,1269578252320,19.868950513321316
0,0,68,1270666804736,19.88598640224359
0,1,68,1271761063486,19.903111595521587
0,2,68,1272858541334,19.92028716781225
0,3,68,1273611132405,19.932065248225285
0,0,69,1274702512640,19.949145392628207
0,1,69,1275798821553,19.966302671039287
0,2,69,1277240913811,19.98887147265312
0,3,69,1278334900562,20.005992409135867
0,0,70,1279768007168,20.028420584935898
0,1,70,1281209042930,20.050972852345
0,2,70,1282995064553,20.078924162300307
0,3,70,1284090957237,20.096074926710862
0,0,71,1285181939712,20.113148846153848
0,1,71,1285927606191,20.124818556424653
0,2,71,1287020435977,20.1419213863588
0,3,71,1288116159901,20.159069509668594
0,0,72,1289210213888,20.176191498397436
0,1,72,1290650441590,20.198731119635166
0,2,72,1292091180254,20.221278737448667
0,3,72,1293188130972,20.238446060133715
0,0,73,1294278821888,20.255515416666668
0,1,73,1295373480792,20.272646872370792
0,2,73,1296469616970,20.289801447472207
0,3,73,1297564555818,20.30693728431115
0,0,74,1298660006400,20.32408112980769
0,1,74,1299761720242,20.34132299557417
0,2,74,1300858620845,20.358489533957457
0,3,74,1301957533152,20.375687555588943
0,0,75,1303048849408,20.39276669871795
0,1,75,1304144510953,20.409913845793895
0,2,75,1305242276879,20.427093926516804
0,3,75,1306685509930,20.44968058158679
0,0,76,1307777166336,20.466765048076923
0,1,76,1308873354718,20.483920440173026
0,2,76,1309968844702,20.50106490231245
0,3,76,1311067908293,20.518265291544598
0,0,77,1312157143552,20.53531186698718
0,1,77,1313250895347,20.552429126399115
0,2,77,1314345831910,20.569564927477714
0,3,77,1315445021267,20.5867672849528
0,0,78,1316536659968,20.603851474358976
0,1,78,1317627740161,20.620926923092572
0,2,78,1318723467866,20.638075105575172
0,3,78,1320166354855,20.660656344760994
0,0,79,1321597111808,20.683047748397435
0,1,79,1323038774597,20.705609828804214
0,2,79,1324134506083,20.722758070459612
0,3,79,1325229299349,20.73989162893442
0,0,80,1326323635200,20.757018028846154
0,1,80,1327420353398,20.774181712583886
0,2,80,1328169298323,20.785902730665942
0,3,80,1329267258487,20.80308585122133
0,0,81,1330363703296,20.820245256410256
0,1,81,1331461510673,20.837425985842973
0,2,81,1332903641376,20.859995389122595
0,3,81,1334346677658,20.88257896474985
0,0,82,1335435272704,20.899615520833333
0,1,82,1336531945391,20.91677849232209
0,2,82,1337625782489,20.93389708672939
0,3,82,1338723314979,20.951073514169547
0,0,83,1339814259712,20.96814684294872
0,1,83,1340909285842,20.985284045754458
0,2,83,1342000340778,21.002359099214996
0,3,83,1343094143668,21.019477158265726
0,0,84,1344182654976,21.036512403846153
0,1,84,1345276449205,21.05363032735189
0,2,84,1346371029338,21.07076055028671
0,3,84,1347468904535,21.087942341105144
0,0,85,1348899291136,21.11032794871795
0,1,85,1349994874734,21.127473875920224
0,2,85,1351088228583,21.144584907461315
0,3,85,1352183399328,21.161724373497595
0,0,86,1353272868864,21.178774615384615
0,1,86,1354366644074,21.195892241242237
0,2,86,1355460033342,21.2130038270921
0,3,86,1356558148403,21.23018937179174
0,0,87,1357645747712,21.247210344551284
0,1,87,1358396855749,21.2589652154228
0,2,87,1359498535521,21.276206547992413
0,3,87,1360937874152,21.298732255233375
0,0,88,1362372713984,21.321187556089743
0,1,88,1363818661190,21.34381668779422
0,2,88,1364911385734,21.36091787068685
0,3,88,1365663697472,21.372691579527245
0,0,89,1366751355392,21.389713469551282
0,1,89,1367848374172,21.406881857409356
0,2,89,1368942985604,21.42401257017478
0,3,89,1370040509418,21.441188861835187
0,0,90,1371129667584,21.458234230769232
0,1,90,1372224628647,21.475370415273815
0,2,90,1373319887334,21.49251125760592
0,3,90,1374762608464,21.51508990109175
0,0,91,1375852103680,21.532140544871794
0,1,91,1377293849430,21.554703923621545
0,2,91,1378734245382,21.577246177978516
0,3,91,1379830178923,21.59439758180276
0,0,92,1380922850816,21.611497940705128
0,1,92,1382016185649,21.628608674645058
0,2,92,1383109911654,21.64572553044246
0,3,92,1384207166495,21.66289761266464
0,0,93,1385301596160,21.68002548076923
0,1,93,1386392950604,21.697105221541968
0,2,93,1387483994268,21.714180098595254
0,3,93,1388582105557,21.731365584262946
0,0,94,1389674029056,21.74845423076923
0,1,94,1391121266506,21.771103554844
0,2,94,1392214913072,21.788219167417868
0,3,94,1393658329334,21.810808689747347
0,0,95,1394749691904,21.827888557692308
0,1,95,1395849020226,21.84509308997521
0,2,95,1396943155685,21.862216353744117
0,3,95,1398037844655,21.87934827998235
0,0,96,1399128360960,21.896414903846154
0,1,96,1400224598872,21.913571071088743
0,2,96,1401319308817,21.930703325586563
0,3,96,1402412310631,21.947808847765803
0,0,97,1403844174848,21.970217580128207
0,1,97,1405282469559,21.992726949979343
0,2,97,1406377930996,22.009870965357074
0,3,97,1407816365396,22.032382521346655
0,0,98,1408903418368,22.049394943910258
0,1,98,1409994550357,22.066471203253332
0,2,98,1410745238852,22.07821950827574
0,3,98,1411840848208,22.095365838591746
0,0,99,1412932867072,22.112455977564103
0,1,99,1414030707410,22.12963722283779
0,2,99,1415124080028,22.146748548114484
0,3,99,1416222522133,22.16393921106583
0,0,100,1417653995008,22.186341818910257
0,1,100,1419099125876,22.208958174892327
0,2,100,1420195652719,22.226118863916643
0,3,100,1421634607593,22.24863856534518
0,0,101,1422723514368,22.26568
0,1,101,1423822809675,22.28288401559683
0,2,101,1424572753046,22.294620659398788
0,3,101,1425669361139,22.311782619988858
0,0,102,1426760630272,22.328861025641025
0,1,102,1427855020726,22.3459882800919
0,2,102,1428946695391,22.363073032336114
0,3,102,1430044352431,22.38025140898876
0,0,103,1431481688576,22.40274577724359
0,1,103,1433616647634,22.436157972036508
0,2,103,1435057827754,22.458712498654098
0,3,103,1436150536178,22.47581342926808
0,0,104,1437237643264,22.49282669871795
0,1,104,1438339113387,22.51006475027231
0,2,104,1439433900517,22.527198212718474
0,3,104,1440529791394,22.54434894884941
0,0,105,1441626862080,22.561518149038463
0,1,105,1442720687076,22.57863655404898
0,2,105,1443469749988,22.590359418632314
0,3,105,1445946820763,22.62912567550268
0,0,106,1447039996416,22.646233918269232
0,1,106,1448137973571,22.663417304734452
0,2,106,1449581405074,22.68600706558619
0,3,106,1450333000272,22.697769560546874
0,0,107,1451765287936,22.720184919871794
0,1,107,1452515348322,22.731923394963193
0,2,107,1453611858525,22.74908382357084
0,3,107,1454709170167,22.766256794730946
0,0,108,1455799475200,22.78332011217949
0,1,108,1456891721575,22.800413811708108
0,2,108,1457983566498,22.817501228496845
0,3,108,1459427456343,22.840098162419245
0,0,109,1460866388992,22.86261751602564
0,1,109,1461961435403,22.87975503622984
0,2,109,1463051886450,22.896820638803337
0,3,109,1464149582510,22.913999626120543
0,0,110,1465582370304,22.936422812500002
0,1,110,1466683288798,22.95365223103841
0,2,110,1467428963238,22.96532206589919
0,3,110,1468526806629,22.98250335895245
0,0,111,1469622357504,22.999648774038462
0,1,111,1470718193994,23.016798659010668
0,2,111,1471810594786,23.033894775171525
0,3,111,1472905045541,23.051022973335463
0,0,112,1474679121408,23.07878733173077
0,1,112,1475771573896,23.0958842569361
0,2,112,1476865445567,23.113003392412235
0,3,112,1479001319516,23.14642990528596
0,0,113,1480434593792,23.168860705128207
0,1,113,1481528216461,23.185975943713068
0,2,113,1482624614958,23.20313462411734
0,3,113,1483373774857,23.21485900655111
0,0,114,1484465670656,23.231947219551284
0,1,114,1485562482158,23.249112363500352
0,2,114,1486657949474,23.266256470884667
0,3,114,1487756531660,23.283449326109274
0,0,115,1489188440064,23.305858750000002
0,1,115,1489943002661,23.317667684873925
0,2,115,1491384449195,23.340226380881287
0,3,115,1492482310964,23.357407961550983
0,0,116,1493572013568,23.374461850961538
0,1,116,1494670095373,23.391646875203453
0,2,116,1495768107752,23.408830812925682
0,3,116,1496862998268,23.425965893366886
0,0,117,1497611642880,23.437682211538462
0,1,117,1498710427806,23.454878239652196
0,2,117,1499804837358,23.47200579298753
0,3,117,1501244147906,23.494531060728416
0,0,118,1502680607744,23.51701171474359
0,1,118,1503773500437,23.534115529174805
0,2,118,1505211930096,23.55662701096755
0,3,118,1506305710053,23.57374471111591
0,0,119,1507395790848,23.59080451923077
0,1,119,1508145522195,23.602537844848634
0,2,119,1509242317536,23.619702735877404
0,3,119,1510336224243,23.636822419668345
0,0,120,1511427154944,23.653895528846153
0,1,120,1512521833526,23.67102729251177
0,2,120,1513615237399,23.688139106930464
0,3,120,1515403136289,23.716119796189528
0,0,121,1516492394496,23.73316673076923
0,1,121,1517590262206,23.750348404415817
0,2,121,1518686582249,23.767505857011844
0,3,121,1520130836136,23.79010848820613
0,0,122,1520877090816,23.801787403846156
0,1,122,1521976637978,23.818995360983823
0,2,122,1523066457155,23.8360510747665
0,3,122,1524161457324,23.853187871281552
0,0,123,1525250080256,23.870224863782052
0,1,123,1526347057147,23.887392596075596
0,2,123,1527439953006,23.904496460054837
0,3,123,1528538723433,23.921692261258638
0,0,124,1529973346304,23.944144166666668
0,1,124,1531068259791,23.961279606604943
0,2,124,1532165255153,23.97844762797038
0,3,124,1533261268457,23.995600280088766
0,0,125,1534353452032,24.012692996794872
0,1,125,1535444336103,24.029765376211312
0,2,125,1536537193501,24.046868638274365
0,3,125,1537633934236,24.064032674717048
0,0,126,1538726155776,24.081125985576925
0,1,126,1539480223824,24.092927180739185
0,2,126,1540577638687,24.110101767312074
0,3,126,1541677131689,24.127308876843575
0,0,127,1543110469632,24.149740673076924
0,1,127,1544554393603,24.172338141072593
0,2,127,1546342817951,24.20032705377041
0,3,127,1547436511807,24.217443406434672
0,0,128,1548524787712,24.234474967948717
0,1,128,1549618838919,24.25159691317045
0,2,128,1550713256664,24.268724594726564
0,3,128,1551806596085,24.285835400468876
0,0,129,1552897135616,24.302902387820513
0,1,129,1553995901353,24.320098115625626
0,2,129,1555089819429,24.337217977341872
0,3,129,1556183650222,24.354336473075673
0,0,130,1559334656512,24.403649847756412
0,1,130,1560395957523,24.420259251098635
0,2,130,1561489414882,24.43737190257537
0,3,130,1562932212541,24.459951743743115
0,0,131,1564023295488,24.477027235576923
0,1,131,1565119634666,24.49418498763647
0,2,131,1565865011475,24.505850164560172
0,3,131,1566963122506,24.523035646190156
0,0,132,1568052632576,24.5400865224359
0,1,132,1569144597286,24.557175813895984
0,2,132,1571283116838,24.59064373056265
0,3,132,1572727022056,24.613240905073116
0,0,133,1574162135552,24.635700488782053
0,1,133,1575259211820,24.652869776329627
0,2,133,1577049581699,24.68088913666554
0,3,133,1578491124870,24.703449345045826
0,0,134,1579582219264,24.720525016025643
0,1,134,1580680195495,24.737708388030224
0,2,134,1581434584794,24.749514610783503
0,3,134,1582529181850,24.766645098563952
0,0,135,1583619947520,24.783715625
0,1,135,1585058296773,24.806225848435624
0,2,135,1586149996600,24.823310994466148
0,3,135,1587247779327,24.840491338125375
0,0,136,1588680382976,24.862911642628205
0,1,136,1589781674392,24.880146897410857
0,2,136,1590873869787,24.897239799100436
0,3,136,1591624580513,24.908988452038887
0,0,137,1592716509696,24.926077187500002
0,1,137,1593812475374,24.943229094269583
0,2,137,1594909591227,24.960399001323996
0,3,137,1596005654376,24.977552433518632
0,0,138,1597095133696,24.994602828525643
0,1,138,1598194919457,25.011814519747222
0,2,138,1599984625053,25.03982348402757
0,3,138,1601424181825,25.06235260518392
0,0,139,1602172012032,25.074056177884618
0,1,139,1603610758511,25.09657261792305
0,2,139,1604709095197,25.113761631062825
0,3,139,1605805498867,25.130920392424756
0,0,140,1607237646848,25.15333356570513
0,1,140,1608328419110,25.17040419530624
0,2,140,1609422714511,25.187529962173855
0,3,140,1610175629735,25.199313115594325
0,0,141,1611267574784,25.216402099358977
0,1,141,1612705895236,25.238911872057795
0,2,141,1614147574802,25.26147421502529
0,3,141,1615932419089,25.289407099625027
0,0,142,1617024730112,25.306501810897437
0,1,142,1618117465220,25.323603159117088
0,2,142,1619211017947,25.340717303106846
0,3,142,1620307764136,25.35788142490485
0,0,143,1621397906432,25.374942195512823
0,1,143,1622147606239,25.386675027528423
0,2,143,1623242659780,25.40381265931741
0,3,143,1624338094493,25.420956256463466
0,0,144,1625427784192,25.438009943910256
0,1,144,1626523709686,25.45516122179863
0,2,144,1628315229825,25.483198583749626
0,3,144,1630104529922,25.51120120195438
0,0,145,1631196249088,25.528286650641025
0,1,145,1632291406895,25.54542591419709
0,2,145,1633392333663,25.562655462223933
0,3,145,1634489425319,25.579824990594325
0,0,146,1635580315136,25.5968974599359
0,1,146,1636674027099,25.614014095975435
0,2,146,1637768940434,25.631149533534906
0,3,146,1638863237413,25.648275325098282
0,0,147,1640297499648,25.670721586538463
0,1,147,1642089729976,25.69877006297576
0,2,147,1643528421091,25.72128563656538
0,3,147,1644969729360,25.743842168719954
0,0,148,1645716975616,25.755536602564103
0,1,148,1646816418209,25.772742923192734
0,2,148,1647911209753,25.789876454718176
0,3,148,1649006591270,25.807019219344703
0,0,149,1650095405056,25.82405919871795
0,1,149,1651192160170,25.84122346019256
0,2,149,1652288016190,25.858373650810048
0,3,149,1653382256300,25.875498552371294
0,0,150,1654817596416,25.89796168269231
0,1,150,1655914621828,25.915130174341446
0,2,150,1657358929947,25.937733654268705
0,3,150,1658458069946,25.954935239289114
0,0,151,1659888728576,25.977325104166667
0,1,151,1660987897661,25.99452714438414
0,2,151,1661741192794,26.006316243395684
0,3,151,1662836921669,26.02346444418883
0,0,152,1663924923392,26.04049171474359
0,1,152,1665022715306,26.057672202179738
0,2,152,1666118209161,26.074816724900465
0,3,152,1667214613719,26.09197550015963
0,0,153,1668990856704,26.119773774038464
0,1,153,1670091433268,26.136997841358674
0,2,153,1671531698331,26.159538047297552
0,3,153,1672973017902,26.182094756328876
0,0,154,1674748102144,26.209874895833334
0,1,154,1676194103276,26.232504871481872
0,2,154,1677289834992,26.24965311673678
0,3,154,1678385771460,26.26680456636869
0,0,155,1679479135744,26.283915761217948
0,1,155,1680575952938,26.301080994247044
0,2,155,1682016408427,26.32362418036045
0,3,155,1684148752925,26.35699545718462
0,0,156,1685582736896,26.379437363782053
0,1,156,1686673876163,26.39651373702612
0,2,156,1687767614622,26.41363078772912
0,3,156,1688864927568,26.430803779296877
0,0,157,1689955435520,26.4478702724359
0,1,157,1691050721496,26.46501154184195
0,2,157,1692144195306,26.482124450777494
0,3,157,1693241954517,26.499304426410383
0,0,158,1694333443584,26.516386274038464
0,1,158,1695432428802,26.533585436730018
0,2,158,1696876978277,26.55619269388835
0,3,158,1697975691803,26.573387604589218
0,0,159,1699407890944,26.59580157852564
0,1,159,1700853469822,26.61842494588216
0,2,159,1701607367654,26.6302234771572
0,3,159,1702703615323,26.64737979709723
0,0,160,1703792437760,26.664419911858975
0,1,160,1704892733692,26.681639587277143
0,2,160,1705989013531,26.698796410678963
0,3,160,1707085435108,26.71595545228616
0,0,161,1708181596160,26.73311041666667
0,1,161,1708933034363,26.744870454649316
0,2,161,1710377287269,26.76747307049091
0,3,161,1711472804452,26.784617958295772
0,0,162,1712908185600,26.80708173076923
0,1,162,1714006146346,26.824264860432944
0,2,162,1715444136218,26.846769459541516
0,3,162,1716541047636,26.86393616717999
0,0,163,1717628831744,26.880960032051284
0,1,163,1718729035002,26.89817825711764
0,2,163,1719826750790,26.915357553178836
0,3,163,1720923401438,26.93252017975636
0,0,164,1722012927488,26.949571306089744
0,1,164,1723111542574,26.966764676200672
0,2,164,1724551452354,26.989299321946365
0,3,164,1725646549016,27.00643762858073
0,0,165,1726734199808,27.023459407051284
0,1,165,1727833203443,27.04065885796963
0,2,165,1729274904119,27.06322153130947
0,3,165,1730369182528,27.080347032251602
0,0,166,1731465759232,27.097508501602565
0,1,166,1732566782217,27.114739555429313
0,2,166,1733661605498,27.131873583640076
0,3,166,1734756988122,27.149016365591198
0,0,167,1735848389120,27.1660968349359
0,1,167,1736948269363,27.183310004804564
0,2,167,1738042682012,27.200437606608073
0,3,167,1739485137429,27.223012091674807
0,0,168,1740917950976,27.245435681089745
0,1,168,1742362482827,27.268042662431768
0,2,168,1743457615050,27.285181525597206
0,3,168,1744553513198,27.302332375519583
0,0,169,1745645437440,27.319421033653846
0,1,169,1746737935518,27.336518672344503
0,2,169,1747834418907,27.353678681311976
0,3,169,1748586325202,27.365446044953178
0,0,170,1749680913408,27.38257639423077
0,1,170,1750773558536,27.399676334259816
0,2,170,1752214771992,27.42223138258714
0,3,170,1753309068288,27.43935716346154
0,0,171,1754397449728,27.456390376602563
0,1,171,1755841133216,27.478984081029648
0,2,171,1757280857568,27.501515824819712
0,3,171,1758033268526,27.513291086457084
0,0,172,1759129782784,27.530451578525643
0,1,172,1760228110061,27.54764044441419
0,2,172,1761323566301,27.56478437845866
0,3,172,1762422271175,27.581979153755384
0,0,173,1763518372864,27.599133189102567
0,1,173,1764614942516,27.616294548089442
0,2,173,1765708769564,27.633412985213845
0,3,173,1767148367870,27.655942756378955
0,0,174,1768582931456,27.67839373397436
0,1,174,1769678022820,27.69553195769481
0,2,174,1770772616680,27.712662395457734
0,3,174,1772213965029,27.73521955486591
0,0,175,1773306121216,27.752311842948718
0,1,175,1774406283921,27.769529433359
0,2,175,1775500850015,27.78665943658291
0,3,175,1776595000932,27.803782942270132
0,0,176,1777684738048,27.820837371794873
0,1,176,1778776641663,27.83792570711576
0,2,176,1779872216994,27.855071504939154
0,3,176,1781660976468,27.883065662372296
0,0,177,1783093549568,27.905485488782052
0,1,177,1784186777520,27.92259455003005
0,2,177,1785283933096,27.939765078751
0,3,177,1786036258010,27.951538993796326
0,0,178,1787124366848,27.968567940705128
0,1,178,1788221225511,27.985733822725738
0,2,178,1789308800159,28.00275440953964
0,3,178,1790406270032,28.019929857021236
0,0,179,1791494075392,28.03695405448718
0,1,179,1792592204809,28.0541398238588
0,2,179,1793686797489,28.07127024315467
0,3,179,1794783435215,28.088432667502378
0,0,180,1796218457088,28.110890817307695
0,1,180,1797664841131,28.133526785528723
0,2,180,1799102843595,28.1560315817026
0,3,180,1800198043745,28.173171507928313
0,0,181,1801285514240,28.19019046474359
0,1,181,1802381556068,28.207343563263723
0,2,181,1803473360097,28.224430340059723
0,3,181,1804569424867,28.241583797623072
0,0,182,1805315439616,28.253258958333333
0,1,182,1806411661736,28.27041487843049
0,2,182,1807503768043,28.287506385889298
0,3,182,1808601093547,28.30467957399026
0,0,183,1810036157952,28.327138389423077
0,1,183,1811129899375,28.344255486512797
0,2,183,1812568478882,28.366769313432744
0,3,183,1814009565248,28.389322372796475
0,0,184,1815100211712,28.406391033653847
0,1,184,1816193692909,28.42350405819624
0,2,184,1817290913840,28.440675609725563
0,3,184,1818385383883,28.45780410974747
0,0,185,1819129617408,28.46945139423077
0,1,185,1820228886337,28.48665499701084
0,2,185,1821322499843,28.503770092194387
0,3,185,1823106896107,28.531695965216223
0,0,186,1824537872384,28.55409080128205
0,1,186,1825633118313,28.571231443950946
0,2,186,1827073764458,28.59377761383839
0,3,186,1828168409574,28.610908853759767
0,0,187,1829260638208,28.628002275641027
0,1,187,1830361431126,28.645229728910007
0,2,187,1831111149384,28.656962849684497
0,3,187,1832204945835,28.674080807964618
0,0,188,1833295747072,28.69115189102564
0,1,188,1834396604611,28.708380355615862
0,2,188,1835489412457,28.72548284218813
0,3,188,1836933503723,28.74808292835725
0,0,189,1838365079040,28.77048713942308
0,1,189,1839464674363,28.78769585028233
0,2,189,1840566884932,28.804945489846254
0,3,189,1842008937439,28.827513669355344
0,0,190,1843097500160,28.84454971955128
0,1,190,1844191551013,28.861671659232897
0,2,190,1845287122338,28.87881739436223
0,3,190,1846381609299,28.895946159151517
0,0,191,1847470365184,28.912985232371796
0,1,191,1848221335147,28.924737942379682
0,2,191,1849316230314,28.941873095609225
0,3,191,1851104827514,28.969864713447766
0,0,192,1852881306624,28.99766668269231
0,1,192,1853981102953,29.01487853930351
0,2,192,1855080095711,29.03207781999637
0,3,192,1856523527973,29.05466759272649
0,0,193,1857611769344,29.07169861378205
0,1,193,1858703639869,29.088786431243115
0,2,193,1859798667604,29.105923659167168
0,3,193,1860895385239,29.123087334093928
0,0,194,1861988555776,29.140195496794874
0,1,194,1863080516410,29.157284724465395
0,2,194,1864174833573,29.17441083190918
0,3,194,1865272906273,29.191595713657478
0,0,195,1866709166592,29.21407324519231
0,1,195,1868496634010,29.242047181897288
0,2,195,1869589846434,29.259156000131462
0,3,195,1870684127907,29.276281549025317
0,0,196,1872116658688,29.298700713141027
0,1,196,1873561007611,29.32130483165252
0,2,196,1874654744148,29.33842185227614
0,3,196,1875749950869,29.355561881338268
0,0,197,1876842979840,29.372667828525643
0,1,197,1877942476835,29.389875000547754
0,2,197,1879384230894,29.412438509333686
0,3,197,1880480227538,29.429590900722406
0,0,198,1881568212992,29.446617916666668
0,1,198,1883006005131,29.469119421245868
0,2,198,1884445845157,29.491652975338667
0,3,198,1885545505698,29.50886270686223
0,0,199,1886633003008,29.525882083333332
0,1,199,1887388129206,29.53769983858549
0,2,199,1888482700704,29.55482992638221
0,3,199,1889578973544,29.5719866402494
0,0,200,1890672443392,29.58909948717949
0,1,200,1891764751788,29.606194157339242
0,2,200,1893896349608,29.6395537486228
0,3,200,1895340796339,29.66215939783341
0,0,201,1896770946560,29.684541306089745
0,1,201,1897861864002,29.701614207763672
0,2,201,1898614991134,29.713400677552837
0,3,201,1899713351986,29.730590068891477
0,0,202,1900800645120,29.74760625
0,1,202,1902239098946,29.770118110007264
0,2,202,1903328742013,29.787171067661383
0,3,202,1904426144862,29.804345466214695
0,0,203,1905521620992,29.82148971153846
0,1,203,1906275090593,29.833281540981197
0,2,203,1908063417886,29.861268934764375
0,3,203,1909161952668,29.878461048114485
0,0,204,1910253380608,29.895541939102564
0,1,204,1911349197374,29.91269151539338
0,2,204,1912446191701,29.929859520561024
0,3,204,1913545787155,29.94706823347043
0,0,205,1914637727744,29.9641571474359
0,1,205,1915736574068,29.98135413643079
0,2,205,1916834757270,29.998540747539813
0,3,205,1917929679517,30.015676324572443
0,0,206,1919022054400,30.03277203525641
0,1,206,1920117909653,30.049922213870317
0,2,206,1921217768627,30.06713505087828
0,3,206,1923350183205,30.10050742445726
0,0,207,1924441903104,30.117592884615384
0,1,207,1925880706981,30.140110222934823
0,2,207,1926974384166,30.157226314697265
0,3,207,1928413794281,30.179753140665692
0,0,208,1929502681600,30.196794270833333
0,1,208,1930603740512,30.21402588691907
0,2,208,1931698337701,30.231156376780977
0,3,208,1932451614670,30.24294519152519
0,0,209,1933539066880,30.25996386217949
0,1,209,1934637856184,30.277159958809097
0,2,209,1935732982427,30.294298728387297
0,3,209,1937521999013,30.32229690963354
0,0,210,1938611245568,30.339343661858976
0,1,210,1939710470475,30.356546575692985
0,2,210,1940811058535,30.37377082292606
0,3,210,1941905713189,30.390902212117513
0,0,211,1942996027904,30.407965681089745
0,1,211,1944096214917,30.4251836519212
0,2,211,1945188166569,30.442272739023064
0,3,211,1946284781983,30.459434814187077
0,0,212,1947375360512,30.476502411858974
0,1,212,1948471854979,30.49366259419759
0,2,212,1949565543392,30.510778861678688
0,3,212,1951354771047,30.538780346163236
0,0,213,1952446933504,30.555872732371796
0,1,213,1953889875680,30.57845483523638
0,2,213,1954985848283,30.595606850382488
0,3,213,1956085646758,30.61281874057868
0,0,214,1957175761408,30.629879078525644
0,1,214,1958621305041,30.6525018942965
0,2,214,1959368556063,30.66419640272874
0,3,214,1960466159907,30.681373946861854
0,0,215,1961556055040,30.698430849358974
0,1,215,1962656033069,30.715645549582458
0,2,215,1964099550112,30.738236649138624
0,3,215,1965198267989,30.75543162793282
0,0,216,1966293889536,30.772578149038463
0,1,216,1967395044169,30.789811263161685
0,2,216,1968483060712,30.806838765650042
0,3,216,1969577952208,30.823973861428286
0,0,217,1971009305088,30.846374591346155
0,1,217,1972794366002,30.874310866167118
0,2,217,1973886306311,30.89139977575058
0,3,217,1974983737938,30.90857462468074
0,0,218,1975731161600,30.9202718349359
0,1,218,1976828655226,30.937447654152894
0,2,218,1978269182519,30.95999196400178
0,3,218,1979366966726,30.977172330823066
0,0,219,1981145234432,31.005002291666667
0,1,219,1982243251633,31.022186304853392
0,2,219,1983334748427,31.03926827340933
0,3,219,1984429780635,31.056405571336015
0,0,220,1985517922304,31.073435032051282
0,1,220,1986614102427,31.090590294893705
0,2,220,1987710567725,31.107750020736304
0,3,220,1988807544858,31.124917756817158
0,0,221,1989897088000,31.141969150641028
0,1,221,1990994512814,31.159143892947466
0,2,221,1993126025053,31.19250214488494
0,3,221,1994912756723,31.220464567104244
0,0,222,1996346509312,31.242902852564104
0,1,222,1997446967845,31.260125072694436
0,2,222,1998535472485,31.2771602139204
0,3,222,1999975061208,31.299689835111177
0,0,223,2001063103488,31.316717740384615
0,1,223,2001817064445,31.328517259568436
0,2,223,2003256497389,31.351044442811624
0,3,223,2004352496208,31.368196868239185
0,0,224,2005442624000,31.385257411858976
0,1,224,2006539958699,31.402430743862055
0,2,224,2008676157675,31.43586234342135
0,3,224,2010117482122,31.45841912876227
0,0,225,2011207049216,31.475470897435898
0,1,225,2012306049234,31.49267029174805
0,2,225,2013399946370,31.509789825752456
0,3,225,2014494202876,31.52691498391176
0,0,226,2015581879296,31.54393716346154
0,1,226,2016676621482,31.5610699225323
0,2,226,2017771848865,31.578210274955556
0,3,226,2018870787435,31.595408707604044
0,0,227,2020648559104,31.623230905448718
0,1,227,2021745041441,31.64039089795235
0,2,227,2022841459603,31.65754988611466
0,3,227,2024630500772,31.68554845208584
0,0,228,2025726000640,31.702693068910257
0,1,228,2026823449035,31.719868180260292
0,2,228,2027914013799,31.73693556250939
0,3,228,2029012390170,31.754125196721006
0,0,229,2030104631296,31.771218814102564
0,1,229,2031204049366,31.788424750945264
0,2,229,2031951496030,31.80012232118264
0,3,229,2033048853732,31.817296013183594
0,0,230,2034483805184,31.839753060897436
0,1,230,2036965691600,31.87859468274239
0,2,230,2038402642222,31.901083017546824
0,3,230,2039498773606,31.918237517621947
0,0,231,2040590502400,31.93532311698718
0,1,231,2042033756223,31.9579100971398
0,2,231,2042781743453,31.969616127256735
0,3,231,2043876988392,31.986756754432093
0,0,232,2044969121280,32.00384867788462
0,1,232,2046068855957,32.02105956963955
0,2,232,2047165744034,32.03822591199044
0,3,232,2048264350559,32.05541914812137
0,0,233,2049696138752,32.07782669070513
0,1,233,2050796390006,32.095045666910806
0,2,233,2052233966194,32.117543791848206
0,3,233,2053678306783,32.14014777993227
0,0,234,2054766886400,32.15718409455128
0,1,234,2055864656875,32.17436424646622
0,2,234,2056612759215,32.18607207805927
0,3,234,2057708583324,32.20322176926833
0,0,235,2058797095936,32.22025703525641
0,1,235,2059888681467,32.23734039254995
0,2,235,2060985130207,32.25449985925919
0,3,235,2062080433907,32.27164140604655
0,0,236,2063169842176,32.288690689102566
0,1,236,2064616953832,32.311338044496196
0,2,236,2065710745713,32.32845593125563
0,3,236,2066808369188,32.345633782614684
0,0,237,2067896700416,32.362666209935895
0,1,237,2069339339681,32.3852435722312
0,2,237,2071125253792,32.41319319961939
0,3,237,2072222750882,32.430369073048126
0,0,238,2073310881280,32.447398357371796
0,1,238,2074412047149,32.46463164733887
0,2,238,2075508972261,32.48179856928899
0,3,238,2076606435340,32.498973910444214
0,0,239,2078038384128,32.52138396634616
0,1,239,2079480256689,32.543949329693135
0,2,239,2080574769564,32.56107850003756
0,3,239,2082016700027,32.58364476955316
0,0,240,2083104192000,32.6006640625
0,1,240,2084202821230,32.617857653965096
0,2,240,2085296619295,32.63497563750438
0,3,240,2086394573290,32.652158661514676
0,0,241,2087483794944,32.66920502403846
0,1,241,2088584095875,32.68642477769118
0,2,241,2089337735723,32.69821927150629
0,3,241,2090777491292,32.72075150384365
0,0,242,2092211165696,32.74318856570513
0,1,242,2093657828906,32.76582890290089
0,2,242,2095097413026,32.78835845205454
0,3,242,2096537480052,32.810895558706434
0,0,243,2097628043264,32.82796291666667
0,1,243,2098726067618,32.84514704179813
0,2,243,2099823185685,32.86231698350173
0,3,243,2100919706858,32.87947758379032
0,0,244,2102008169472,32.8965120673077
0,1,244,2103102594460,32.913639862217046
0,2,244,2104888997339,32.941597138844024
0,3,244,2105986513836,32.95877331599309
0,0,245,2107417599488,32.98116986378205
0,1,245,2108855572588,33.003674200408156
0,2,245,2109948619444,33.0207804274965
0,3,245,2111042616422,33.0379015240322
0,0,246,2111788164096,33.049569375000004
0,1,246,2112881826947,33.06668524243477
0,2,246,2113974283681,33.08378223409017
0,3,246,2115073548317,33.10098576968462
0,0,247,2116164137472,33.11805353365385
0,1,247,2117259213446,33.13519151652018
0,2,247,2118703763260,33.157798778983874
0,3,247,2120148560102,33.180409907445664
0,0,248,2121236980736,33.19744373397436
0,1,248,2122675814348,33.219961537647734
0,2,248,2123770897452,33.23709963209886
0,3,248,2124866128869,33.25424004765437
0,0,249,2125954043392,33.27126595352564
0,1,249,2127051291581,33.288437931643756
0,2,249,2128146994786,33.30558573070037
0,3,249,2129242408276,33.32272899570563
0,0,250,2130333793792,33.33980922275641
0,1,250,2131427740601,33.35692953414526
0,2,250,2132520277656,33.374027782827525
0,3,250,2133614256289,33.39114859226325
0,0,251,2135046631936,33.41356532852564
0,1,251,2136490911502,33.4361683615973
0,2,251,2137584877933,33.45328898007124
0,3,251,2139028119842,33.47587577376928
0,0,252,2140120088576,33.49296512820513
0,1,252,2141219372271,33.51016896207369
0,2,252,2142308563667,33.52721485105857
0,3,252,2143406442104,33.544396692583135
0,0,253,2144499171840,33.56149795673077
0,1,253,2145600762619,33.57873789655637
0,2,253,2147737210661,33.612173394008536
0,3,253,2149176271531,33.63469475427872
0,0,254,2150268468224,33.651787676282055
0,1,254,2151368019465,33.668995697256236
0,2,254,2152465172648,33.68616618852664
0,3,254,2153563254301,33.70335121038975
0,0,255,2154653509632,33.72041375
0,1,255,2155754431025,33.73764321390788
0,2,255,2156849874150,33.754786942702076
0,3,255,2157944610155,33.77191960503994
0,0,256,2159033157120,33.78895540865385
0,1,256,2160129920549,33.80611980025854
0,2,256,2161224199456,33.823245308994395
0,3,256,2163012214319,33.85122781323555
0,0,257,2164448886272,33.873711786858976
0,1,257,2165892515085,33.89630463562012
0,2,257,2166988568706,33.91345791870117
0,3,257,2169122116616,33.94684802897135
0,0,258,2170901402624,33.97469392628205
0,1,258,2172001081789,33.99190394927196
0,2,258,2173094291740,34.00901272880359
0,3,258,2174190099136,34.02616215845352
0,0,259,2175282604032,34.043259903846156
0,1,259,2176723792233,34.06581455693172
0,2,259,2177819630753,34.082964473673506
0,3,259,2179262665098,34.10554801898663
0,0,260,2180697184768,34.127998309294874
0,1,260,2181793082570,34.145149153802336
0,2,260,2182888302950,34.16228939662836
0,3,260,2183985682077,34.179463423931416
0,0,261,2185076864000,34.19654046474359
0,1,261,2186174454495,34.21371779996432
0,2,261,2187269848489,34.2308607598564
0,3,261,2188368968173,34.24806202694624
0,0,262,2189799527936,34.270450344551286
0,1,262,2190897057398,34.287626724603115
0,2,262,2192338881691,34.31019133255396
0,3,262,2193436156082,34.327363720734425
0,0,263,2194871502336,34.34982694711539
0,1,263,2195965833194,34.36695326888647
0,2,263,2197060967975,34.38409217208471
0,3,263,2198158263242,34.40126488697541
0,0,264,2198902412800,34.4129108573718
0,1,264,2199996382230,34.4300315227802
0,2,264,2201089759502,34.447142920892176
0,3,264,2202185311598,34.46428835508689
0,0,265,2203620539392,34.4867497275641
0,1,265,2205060380513,34.5092832987937
0,2,265,2206153344485,34.52638822874412
0,3,265,2207593989613,34.54893438271547
0,0,266,2208686230016,34.566027988782054
0,1,266,2209778248438,34.58311812083709
0,2,266,2210531633187,34.59490862234262
0,3,266,2211629222819,34.61208594405737
0,0,267,2212716492288,34.62910175480769
0,1,267,2213808131868,34.64618595797025
0,2,267,2214901147234,34.663291692238836
0,3,267,2216000080621,34.68049004377316
0,0,268,2217434856960,34.70294435096154
0,1,268,2218531271363,34.72010328029535
0,2,268,2219620066784,34.73714297225561
0,3,268,2221061804965,34.75970623255021
0,0,269,2222151889408,34.776766097756415
0,1,269,2223249403988,34.79394224490435
0,2,269,2224346284386,34.811108467078576
0,3,269,2225444453156,34.82829485232622
0,0,270,2226536477696,34.8453850801282
0,1,270,2227632156783,34.86253250173716
0,2,270,2228723888032,34.87961813952324
0,3,270,2229821823114,34.89680086754432
0,0,271,2231253762048,34.91921076923077
0,1,271,2232696479136,34.941789349459135
0,2,271,2234132191190,34.96425830062475
0,3,271,2235229100784,34.98142497971755
0,0,272,2236321229824,34.99851684294872
0,1,272,2237414928187,35.01563326614771
0,2,272,2238508995605,35.03275546507224
0,3,272,2239604721764,35.049903623359874
0,0,273,2240695819264,35.06697934294872
0,1,273,2241796940097,35.084211928100586
0,2,273,2242891661919,35.10134436847393
0,3,273,2243987624912,35.118496233223155
0,0,274,2245075252736,35.13551765224359
0,1,274,2246514401996,35.15804039582081
0,2,274,2247954882327,35.18058397071252
0,3,274,2249050508943,35.19773057114821
0,0,275,2250141316608,35.214801754807695
0,1,275,2251241990807,35.232027350119566
0,2,275,2252335754600,35.24914479730068
0,3,275,2253432153078,35.266303477407604
0,0,276,2254521179648,35.28334678685898
0,1,276,2255613148783,35.30043614757049
0,2,276,2256705458604,35.31753084003155
0,3,276,2257803308904,35.33471224121094
0,0,277,2259237638144,35.35715955128205
0,1,277,2260682954706,35.379778813382664
0,2,277,2261779136615,35.396934104176054
0,3,277,2262873834534,35.4140661704665
0,0,278,2263961207296,35.43108359775641
0,1,278,2265054691737,35.448196673067535
0,2,278,2266842151262,35.476170486246744
0,3,278,2268285493394,35.498758848438754
0,0,279,2269376886272,35.51583919070513
0,1,279,2270469946039,35.53294561985114
0,2,279,2271562793191,35.550048721563876
0,3,279,2273350626651,35.57802838684082
0,0,280,2274442656256,35.59511869391026
0,1,280,2275889486333,35.61776164258126
0,2,280,2276986979039,35.63493744740022
0,3,280,2278081572463,35.65206787833972
0,0,281,2279170171392,35.66910449519231
0,1,281,2280269557751,35.68630993575659
0,2,281,2281365101370,35.70345523728591
0,3,281,2282459610083,35.72058434249487
0,0,282,2283205660672,35.73226006410256
0,1,282,2284304422462,35.74945573013697
0,2,282,2285400734298,35.76661305429312
0,3,282,2286843422035,35.78919117517716
0,0,283,2288276821504,35.81162393429487
0,1,283,2289372983202,35.82877890878531
0,2,283,2290816140900,35.85136438457783
0,3,283,2291913196574,35.868533349828475
0,0,284,2293010423296,35.88570499198718
0,1,284,2294106459522,35.902858002835785
0,2,284,2295198542507,35.919949145304365
0,3,284,2296295901065,35.93712285070175
0,0,285,2297384179200,35.954154447115386
0,1,285,2298136203693,35.96592366056002
0,2,285,2299228739488,35.983021889523236
0,3,285,2301017864358,36.01102176541842
0,0,286,2302110035456,36.02811428685897
0,1,286,2303209145127,36.04531539724497
0,2,286,2304650117610,36.067866674335185
0,3,286,2305746402268,36.08502357315455
0,0,287,2306840158720,36.10214090544872
0,1,287,2307941751028,36.119380869203226
0,2,287,2309034472491,36.13648200387808
0,3,287,2310129402181,36.153617697393955
0,0,288,2311222607360,36.17072640224359
0,1,288,2312323466498,36.187954891858226
0,2,288,2313070312741,36.199643065482896
0,3,288,2314167184656,36.21680915489784
0,0,289,2315599776256,36.239229270833334
0,1,289,2316698964695,36.256431613941686
0,2,289,2318142685219,36.27902589798365
0,3,289,2319238407146,36.296173990040316
0,0,290,2320330590208,36.31326669871795
0,1,290,2321421933690,36.33034626793495
0,2,290,2322514582633,36.34744626766889
0,3,290,2323609331521,36.36457913162623
0,0,291,2324701795328,36.38167623397436
0,1,291,2325803511934,36.398918142997545
0,2,291,2326896963742,36.41603070760091
0,3,291,2327993147575,36.433186028504984
0,0,292,2329432970752,36.455719318910255
0,1,292,2330527642151,36.47285097016164
0,2,292,2332315537642,36.500831606226214
0,3,292,2333411930954,36.51799020548503
0,0,293,2334846163968,36.540436009615384
0,1,293,2335939998510,36.55755456402118
0,2,293,2337034460770,36.57468294223883
0,3,293,2338133182051,36.59187797430577
0,0,294,2339224956416,36.60896428685898
0,1,294,2340321940281,36.6261321282959
0,2,294,2341415927498,36.643253072071566
0,3,294,2343200192817,36.6711768957989
0,0,295,2343945678336,36.68284377403846
0,1,295,2345039189185,36.69995726263584
0,2,295,2346479937943,36.72250503842085
0,3,295,2347574996649,36.7396427510423
0,0,296,2348672233984,36.756814559294874
0,1,296,2349771714733,36.774021477066434
0,2,296,2350867579919,36.79117181113219
0,3,296,2351966052903,36.808362957341124
0,0,297,2353055777792,36.82541719551282
0,1,297,2354152326318,36.842578223876956
0,2,297,2355249955947,36.85975617154635
0,3,297,2356346221474,36.87691277096479
0,0,298,2357786081280,36.89944663461539
0,1,298,2358885821080,36.91665760654547
0,2,298,2360326040933,36.93919710494604
0,3,298,2361423988372,36.956380026354665
0,0,299,2363203609088,36.98423116185898
0,1,299,2364295509418,37.00131944576948
0,2,299,2365391449642,37.018470954182945
0,3,299,2366487567203,37.03562523792756
0,0,300,2367575676416,37.05265419070513
0,1,300,2368671698820,37.069806985238884
0,2,300,2370807904858,37.10323869531876
0,3,300,2371906622444,37.12043366955879
0,0,301,2373684653056,37.1482599198718
0,1,301,2374786473561,37.16550345491849
0,2,301,2376226350249,37.18803758277306
0,3,301,2377320576625,37.20516226939666
0,0,302,2378409595392,37.22220545673077
0,1,302,2379509171712,37.23941387019231
0,2,302,2380602252512,37.25652062850561
0,3,302,2381698340335,37.273674446849334
0,0,303,2382443891200,37.28534234775641
0,1,303,2383538853944,37.30247855856871
0,2,303,2384631624179,37.31958045652732
0,3,303,2385730154404,37.336772498560194
0,0,304,2387512454656,37.364665568910254
0,1,304,2388603758461,37.381744517180614
0,2,304,2389705541860,37.398987471516925
0,3,304,2391149817409,37.42159044172238
0,0,305,2392238312960,37.43862544070513
0,1,305,2393332147024,37.45574398763021
0,2,305,2394423586458,37.47282505849985
0,3,305,2395521876906,37.49001334801307
0,0,306,2396610387968,37.50704858974359
0,1,306,2397703682339,37.5241586904516
0,2,306,2398797736677,37.5412806846736
0,3,306,2399893928728,37.558436134189705
0,0,307,2400982834176,37.575477548076925
0,1,307,2402079665405,37.592643000754336
0,2,307,2403867880907,37.62062864500388
0,3,307,2404962648553,37.637761802524665
0,0,308,2406052433920,37.65481698717949
0,1,308,2407153207938,37.67204414466271
0,2,308,2407906312418,37.683830259947165
0,3,308,2409004088230,37.70101049538637
0,0,309,2410093040128,37.71805263621795
0,1,309,2411189110484,37.73520618120242
0,2,309,2412284747550,37.75235294518104
0,3,309,2413723608792,37.77487118126503
0,0,310,2415157767680,37.79731582532052
0,1,310,2416254335018,37.814477148093204
0,2,310,2417698298725,37.837075237958864
0,3,310,2418794870185,37.854236625241015
0,0,311,2419883358208,37.87127150641026
0,1,311,2420979572193,37.88842729919434
0,2,311,2422072617895,37.90553350822253
0,3,311,2422825578862,37.917317377522785
0,0,312,2423917783552,37.93441042467949
0,1,312,2425016361523,37.95160321393918
0,2,312,2426113485019,37.96877324060685
0,3,312,2427552378523,37.991291981592425
0,0,313,2429331438592,38.01913434294872
0,1,313,2430427547453,38.036288490537984
0,2,313,2432217353626,38.06429902885242
0,3,313,2433311967451,38.08142977906839
0,0,314,2434401867264,38.098486754807695
0,1,314,2435497979574,38.11564095637395
0,2,314,2436589881835,38.13272927050468
0,3,314,2437342190751,38.14450293518067
0,0,315,2438430934016,38.16154181089744
0,1,315,2439523416771,38.17863920978253
0,2,315,2440619822812,38.195798008250705
0,3,315,2442062856115,38.218381537256484
0,0,316,2443156430848,38.23549602564103
0,1,316,2444603465848,38.25814218136519
0,2,316,2446047481628,38.28074108617538
0,3,316,2447142752414,38.29788211785732
0,0,317,2448231719936,38.31492450320513
0,1,317,2449326874662,38.332063718543424
0,2,317,2450422793567,38.34921489331368
0,3,317,2451520509955,38.3663941987649
0,0,318,2452608864256,38.38342698717949
0,1,318,2453707186734,38.400615777963495
0,2,318,2454461664411,38.412423383836014
0,3,318,2456250611498,38.440420477420126
0,0,319,2457340083712,38.45747076121795
0,1,319,2458786983885,38.48011480689416
0,2,319,2459883704028,38.497278521071216
0,3,319,2460980216923,38.51443899180877
0,0,320,2462071758336,38.531521658653844
0,1,320,2463163480507,38.54860715436887
0,2,320,2464259481893,38.56575961997008
0,3,320,2465356325829,38.58292527151254
0,0,321,2466444621824,38.5999571474359
0,1,321,2467194169322,38.61168759580955
0,2,321,2468289627166,38.62883155495668
0,3,321,2469388116845,38.646022962443034
0,0,322,2471167703040,38.67387355769231
0,1,322,2473995721220,38.71813215551132
0,2,322,2475791347740,38.74623378248948
0,3,322,2476885703211,38.763360489455
0,0,323,2477977698304,38.780450256410255
0,1,323,2479069901707,38.797543283425355
0,2,323,2480163916391,38.814664657060675
0,3,323,2481262379412,38.831855647348256
0,0,324,2482351252992,38.8488965625
0,1,324,2483452460449,38.86613050332094
0,2,324,2484545783020,38.88324104536008
0,3,324,2485644439804,38.90043506804638
0,0,325,2487423035904,38.92827016826923
0,1,325,2488862461611,38.95079723825308
0,2,325,2489956884257,38.96792499651004
0,3,325,2491396365610,38.99045293735602
0,0,326,2492488520704,39.00754520833333
0,1,326,2493585522764,39.02471333452274
0,2,326,2494335617359,39.03645234498635
0,3,326,2495431905513,39.05360929851825
0,0,327,2496523492352,39.07069267628205
0,1,327,2497620800153,39.087865587330356
0,2,327,2498716917727,39.10501987127842
0,3,327,2500158539266,39.127581306121044
0,0,328,2501593882112,39.15004447916667
0,1,328,2502694581784,39.167270473132014
0,2,328,2503787251889,39.18437080405211
0,3,328,2504885309214,39.20155544518104
0,0,329,2505977541120,39.21864891826923
0,1,329,2507069344755,39.23573568889911
0,2,329,2508164504353,39.2528749804844
0,3,329,2509261935760,39.270049825971554
0,0,330,2510350342144,39.28708342948718
0,1,330,2511104028735,39.29887865483211
0,2,330,2512546860403,39.32145902824206
0,3,330,2513988779432,39.344025118815104
0,0,331,2515078579200,39.36108052884615
0,1,331,2516523734398,39.3836972655937
0,2,331,2517966075297,39.406269958449144
0,3,331,2519060127857,39.423391924845376
0,0,332,2519810803712,39.43514003205129
0,1,332,2520910582174,39.45235160904322
0,2,332,2522002203352,39.46943552421374
0,3,332,2523100881984,39.486629888822115
0,0,333,2524190353920,39.503680168269234
0,1,333,2525281683817,39.52075952488043
0,2,333,2526377943325,39.537916030101286
0,3,333,2527817770845,39.56044938847469
0,0,334,2529249756672,39.58286002403846
0,1,334,2530349545156,39.6000717578751
0,2,334,2531788105055,39.62258527792906
0,3,334,2532884116518,39.639737901235726
0,0,335,2533971607040,39.65675717147436
0,1,335,2534724724910,39.66854349631285
0,2,335,2535818374756,39.685659160218854
0,3,335,2536914957286,39.70282072074695
0,0,336,2538006203904,39.71989877403846
0,1,336,2539100734608,39.73702822340746
0,2,336,2540193920724,39.754136629920374
0,3,336,2541291495746,39.77131372298803
0,0,337,2542721470976,39.79369289262821
0,1,337,2544160113603,39.81620770737868
0,2,337,2545600079108,39.838743225222856
0,3,337,2546697535409,39.85591846030211
0,0,338,2547785992704,39.87295286057692
0,1,338,2548877590849,39.89003641528007
0,2,338,2549971345769,39.907153723598384
0,3,338,2551067173660,39.92430347399589
0,0,339,2552160091648,39.94140768429487
0,1,339,2553253867813,39.958525325098286
0,2,339,2554346892704,39.9756312084335
0,3,339,2555441443951,39.99276097930126
0,0,340,2556871584256,40.01514273237179
0,1,340,2557970749629,40.03234471449632
0,2,340,2559414684841,40.05494235841409
0,3,340,2560856837875,40.077512111174755
0,0,341,2562291132416,40.09995887820513
0,1,341,2563386461155,40.11710081685384
0,2,341,2564482806686,40.13425866833809
0,3,341,2565577439764,40.151389719864284
0,0,342,2566664871424,40.16840806891026
0,1,342,2567411045351,40.1800857207626
0,2,342,2568507088028,40.19723883256961
0,3,342,2569603334082,40.21439512723483
0,0,343,2572067528704,40.25295987179487
0,1,343,2573512783477,40.27557816689516
0,2,343,2574953553566,40.29812627651117
0,3,343,2576047757132,40.315250606157356
0,0,344,2577137368064,40.33230306089744
0,1,344,2578580743121,40.35489193836701
0,2,344,2579676920935,40.372047165073496
0,3,344,2580774836834,40.38922959287986
0,0,345,2581864808448,40.40628769230769
0,1,345,2582961730008,40.42345455866887
0,2,345,2584055006885,40.44056438559508
0,3,345,2585839292715,40.468488530320386
0,0,346,2586930590208,40.48556737980769
0,1,346,2588030321978,40.50277822606796
0,2,346,2589122603418,40.519872474365236
0,3,346,2590217812133,40.53701253463354
0,0,347,2591310041088,40.55410596153846
0,1,347,2592411814724,40.571348763083435
0,2,347,2593508704266,40.58851512836163
0,3,347,2594257231469,40.60022960907765
0,0,348,2595344168960,40.61724022435897
0,1,348,2596440415080,40.634396520057095
0,2,348,2597533985059,40.65151093404134
0,3,348,2599668607713,40.68491786409818
0,0,349,2600762330112,40.70203466346154
0,1,349,2602200591955,40.72454351892716
0,2,349,2603291384999,40.741614473767406
0,3,349,2604389361154,40.75879784458258
0,0,350,2605479534592,40.775859102564105
0,1,350,2606230526591,40.78761215743627
0,2,350,2607318943664,40.804645928235175
0,3,350,2608413205418,40.82177116852589
0,0,351,2609508129280,40.83890677083333
0,1,351,2610600938565,40.856009279926006
0,2,351,2611697541159,40.87317115445651
0,3,351,2613483865224,40.90112719764123
0,0,352,2614573503488,40.91818008012821
0,1,352,2615675283916,40.93542298796825
0,2,352,2616770892579,40.95256930743878
0,3,352,2618210185128,40.97509429349459
0,0,353,2618958310400,40.98680248397436
0,1,353,2620052470713,41.00392613670936
0,2,353,2621146489226,41.02104757026868
0,3,353,2622239918954,41.03815978931916
0,0,354,2623330709504,41.0552307051282
0,1,354,2624424315275,41.07234567925869
0,2,354,2625519635426,41.08948748350486
0,3,354,2626614619342,41.106624025659805
0,0,355,2627708512768,41.12374350160257
0,1,355,2629152391015,41.146340254015804
0,2,355,2630594526437,41.16890973114796
0,3,355,2631690178467,41.186056729313776
0,0,356,2632435124224,41.197715160256415
0,1,356,2633533610349,41.214906512122525
0,2,356,2634630273550,41.232069335154996
0,3,356,2635724564843,41.24919503773225
0,0,357,2636813553664,41.266237756410256
0,1,357,2637913601894,41.2834535552822
0,2,357,2639009181791,41.30059942456368
0,3,357,2640104707300,41.31774444267077
0,0,358,2641201987584,41.334916923076925
0,1,358,2642641286433,41.35744200772799
0,2,358,2643733765673,41.37453935160319
0,3,358,2645174437802,41.39708592814128
0,0,359,2646265868800,41.41416686698718
0,1,359,2647357977773,41.431258416168994
0,2,359,2648449170892,41.44833563219902
0,3,359,2649544183584,41.46547262469952
0,0,360,2650633357312,41.48251823717949
0,1,360,2651728813679,41.49966217321151
0,2,360,2652824223261,41.516805377056414
0,3,360,2653920593560,41.53396361616086
0,0,361,2655011433984,41.5510353125
0,1,361,2656110622830,41.56823766197792
0,2,361,2657207348891,41.58540146877191
0,3,361,2658647202740,41.607935239195214
0,0,362,2659739597824,41.625031266025644
0,1,362,2660838616105,41.64223094615447
0,2,362,2661933828161,41.65937105870956
0,3,362,2663032303401,41.67656224022499
0,0,363,2664119652864,41.693579302884615
0,1,363,2665219407403,41.710790505480645
0,2,363,2665969245030,41.72252549438477
0,3,363,2667062168802,41.73962979520358
0,0,364,2668150399488,41.756660649038466
0,1,364,2669248531009,41.77384645133777
0,2,364,2671041217125,41.80190206087553
0,3,364,2672825937701,41.829833009393155
0,0,365,2674256714752,41.852224727564106
0,1,365,2675355910364,41.86942718293019
0,2,365,2677133353759,41.89724424327361
0,3,365,2678226646441,41.91435431754871
0,0,366,2679318172160,41.931436738782054
0,1,366,2680413461485,41.948578060600084
0,2,366,2681506024353,41.96567671325684
0,3,366,2682601858333,41.982826558947444
0,0,367,2683349069312,41.99452044070513
0,1,367,2684795622387,42.01715905428373
0,2,367,2686235096884,42.039686887833035
0,3,367,2687332953664,42.05686839042468
0,0,368,2688425021440,42.0739592948718
0,1,368,2689865371990,42.09650083868565
0,2,368,2690962035950,42.113663673596506
0,3,368,2691714624952,42.125441721629606
0,0,369,2692804563456,42.142499302884616
0,1,369,2693900755870,42.15965475808168
0,2,369,2694996050980,42.176796170435196
0,3,369,2696090655020,42.19392676751553
0,0,370,2697179710976,42.21097053685897
0,1,370,2698271317333,42.22805422008025
0,2,370,2699711674283,42.25059586405436
0,3,370,2700806554194,42.2677307785269
0,0,371,2701902976000,42.28488982371795
0,1,371,2703347102430,42.30749046020508
0,2,371,2704441048420,42.324610758776544
0,3,371,2705535035266,42.341731696746045
0,0,372,2706625905152,42.358803854166666
0,1,372,2707723259063,42.375977486838316
0,2,372,2708818849763,42.39312352518718
0,3,372,2709917740281,42.41032120581994
0,0,373,2711007040512,42.42736879807693
0,1,373,2712452149866,42.44998481736403
0,2,373,2713892907748,42.47253273594001
0,3,373,2714991279591,42.48972229928824
0,0,374,2716088815616,42.50689878205128
0,1,374,2717531190276,42.52947200326773
0,2,374,2718624592021,42.54658378438314
0,3,374,2719718918936,42.56371004444612
0,0,375,2720811559936,42.5808099198718
0,1,375,2721911636996,42.59802616993439
0,2,375,2722658895776,42.60972079977965
0,3,375,2723754960616,42.626874258438505
0,0,376,2724847845888,42.64397795673077
0,1,376,2726633828757,42.67192866018442
0,2,376,2727728390827,42.68905860043257
0,3,376,2728822496700,42.706181401179386
0,0,377,2730257490944,42.72863911858975
0,1,377,2731697768151,42.75117951458271
0,2,377,2733138369769,42.77372498762082
0,3,377,2734235502672,42.790895161508416
0,0,378,2735327439360,42.80798401442308
0,1,378,2736425355921,42.82516645258977
0,2,378,2737171039719,42.83683643390362
0,3,378,2738266937888,42.85398728415465
0,0,379,2739701044224,42.876431105769235
0,1,379,2740794736206,42.89354742910532
0,2,379,2742572447259,42.92136867830717
0,3,379,2744013910089,42.943927629347584
0,0,380,2745451305984,42.96642293269231
0,1,380,2746545146097,42.98354157428448
0,2,380,2747638935853,43.00065942778759
0,3,380,2749080518950,43.02322026101137
0,0,381,2749834593792,43.0350215625
0,1,381,2750927643886,43.052127840263175
0,2,381,2752020438894,43.06923012592022
0,3,381,2753117727976,43.08640274401542
0,0,382,2754893532160,43.114194150641026
0,1,382,2755986183700,43.13129419101813
0,2,382,2757080060002,43.1484133989696
0,3,382,2758173986226,43.16553338820238
0,0,383,2759261365760,43.18255092147436
0,1,383,2760357817827,43.19971044025128
0,2,383,2761452370140,43.21684022780198
0,3,383,2762550082347,43.23401946782039
0,0,384,2763983083008,43.256445985576924
0,1,384,2765077259116,43.27356988550431
0,2,384,2765828259113,43.2853230655455
0,3,384,2766927152304,43.30252078801082
0,0,385,2768360649216,43.32495507211539
0,1,385,2769805547302,43.34756778504983
0,2,385,2771250675584,43.3701841005609
0,3,385,2773727304723,43.40894344581017
0,0,386,2774814734336,43.42596176282051
0,1,386,2776259789717,43.44857693742801
0,2,386,2777354190954,43.46570436063327
0,3,386,2778447404345,43.482813194001025
0,0,387,2779535187456,43.49983704326923
0,1,387,2780631038815,43.51698716094188
0,2,387,2781719518877,43.53402191752116
0,3,387,2783508755485,43.56202354212052
0,0,388,2784942297600,43.584458533653844
0,1,388,2786386930212,43.607067091909556
0,2,388,2787479986229,43.624173462367914
0,3,388,2788575594218,43.64131977129031
0,0,389,2789672730624,43.65849
0,1,389,2790770127921,43.67566431166429
0,2,389,2791867765401,43.69284238220215
0,3,389,2792961374839,43.709957413721334
0,0,390,2794054779392,43.72706923878205
0,1,390,2795146600980,43.744156290377106
0,2,390,2796239942438,43.76126712799855
0,3,390,2796990059083,43.77300648354555
0,0,391,2798764979712,43.8007840625
0,1,391,2800205278523,43.82332479659643
0,2,391,2801297522173,43.84041845347869
0,3,391,2802739350150,43.862983119084284
0,0,392,2803828790272,43.88003290064103
0,1,392,2804923488460,43.89716497114133
0,2,392,2806018032043,43.91429462206718
0,3,392,2807113127413,43.931432908481696
0,0,393,2808202084352,43.94847512820513
0,1,393,2809295266970,43.96558347997421
0,2,393,2810388008489,43.98268492852627
0,3,393,2811484860787,43.99985071093437
0,0,394,2812575261184,44.01691552083334
0,1,394,2813667764328,44.03401323880709
0,2,394,2815110875595,44.0565979879526
0,3,394,2816208358061,44.07377363251515
0,0,395,2817297334272,44.090816153846156
0,1,395,2818392109589,44.1079494314184
0,2,395,2819486221864,44.12507233235677
0,3,395,2820581951020,44.14222053754758
0,0,396,2821670024192,44.159248926282054
0,1,396,2822769584637,44.176457091299206
0,2,396,2823866996389,44.19363162918482
0,3,396,2826000062171,44.22701419413249
0,0,397,2827089504768,44.24406401442308
0,1,397,2828537468160,44.26672469951923
0,2,397,2829631846947,44.28385177138109
0,3,397,2830727925769,44.3010054488588
0,0,398,2831817530368,44.31805780448718
0,1,398,2832915249903,44.33523715918908
0,2,398,2834012378279,44.352407262228944
0,3,398,2835111313819,44.36960564745781
0,0,399,2836202289152,44.38667945512821
0,1,399,2837302158084,44.40389244797927
0,2,399,2838052468135,44.415634830337915
0,3,399,2839493743397,44.438190845931615
0,0,400,2840929310208,44.46065752403846
0,1,400,2842030074052,44.477884522298176
0,2,400,2843122452640,44.49498029096554
0,3,400,2844220788826,44.5121692962803
0,0,401,2845650754560,44.534548317307696
0,1,401,2846741532714,44.55161903911884
0,2,401,2847491870495,44.5633618554531
0,3,401,2848586193360,44.58048805213341
0,0,402,2849674054656,44.597513125
0,1,402,2850771522632,44.61468854279347
0,2,402,2851868242269,44.63185224905161
0,3,402,2853654743228,44.65981106063452
0,0,403,2854743265280,44.676846474358975
0,1,403,2855840400814,44.69401668942183
0,2,403,2857278987706,44.716530631917315
0,3,403,2858378511340,44.73373822084085
0,0,404,2859469755904,44.75081624198718
0,1,404,2860563140929,44.76792776143392
0,2,404,2861654330921,44.78500492852627
0,3,404,2862750609756,44.802161736215446
0,0,405,2863842120192,44.81924391826923
0,1,405,2864939482924,44.83641768898988
0,2,405,2866032354449,44.85352117214105
0,3,405,2867126054127,44.87063761591985
0,0,406,2868900294144,44.89840454326923
0,1,406,2871036662657,44.931838796089366
0,2,406,2872480103587,44.95442870447403
0,3,406,2874267622939,44.982403453948194
0,0,407,2875359358464,44.999489158653844
0,1,407,2876457724614,45.0166786329064
0,2,407,2877896431843,45.03919445868077
0,3,407,2878994578765,45.056380502006334
0,0,408,2880086624768,45.07347106570513
0,1,408,2881184908413,45.09065924875113
0,2,408,2882974273494,45.11866288395809
0,3,408,2884072451130,45.135849407958986
0,0,409,2885507026432,45.158300568910256
0,1,409,2886607169481,45.175517851703354
0,2,409,2887701953961,45.19265127267691
0,3,409,2888800091000,45.209837161333134
0,0,410,2889891251712,45.226913870192305
0,1,410,2890990532057,45.24411765163324
0,2,410,2892082389527,45.26120526478303
0,3,410,2893177306369,45.27834075722719
0,0,411,2893922534400,45.29000360576923
0,1,411,2895020222462,45.30718246791742
0,2,411,2896461805665,45.329743302800104
0,3,411,2897559492762,45.346922149846
0,0,412,2899338161664,45.37475838942308
0,1,412,2900435902249,45.39193807355832
0,2,412,2901532790618,45.40910442047902
0,3,412,2902627015546,45.42622908444136
0,0,413,2903717595648,45.44329670673077
0,1,413,2904470974829,45.45508712109688
0,2,413,2905568406175,45.472261965629386
0,3,413,2906663227749,45.489395967125525
0,0,414,2907753650688,45.5064611298077
0,1,414,2908847091522,45.52357352266752
0,2,414,2909941721827,45.54070453079615
0,3,414,2911386144925,45.56330981014936
0,0,415,2913505150464,45.59647233173077
0,1,415,2914950329299,45.61908943839831
0,2,415,2916046078439,45.63623795633952
0,3,415,2917139640542,45.653352247064056
0,0,416,2918227941376,45.67038419871795
0,1,416,2919322833320,45.687519301507415
0,2,416,2920071495904,45.69923590094151
0,3,416,2921168781478,45.71640846413637
0,0,417,2922259173888,45.73347314903846
0,1,417,2923354650587,45.75061740326711
0,2,417,2924794660516,45.77315361634866
0,3,417,2926579865928,45.80109215256911
0,0,418,2928011027968,45.82348989583333
0,1,418,2929449153580,45.845996619278345
0,2,418,2930888141666,45.86851684047601
0,3,418,2931985720274,45.885693989664716
0,0,419,2933075685376,45.902751987179485
0,1,419,2934168558539,45.91985549596542
0,2,419,2935263484899,45.93699113736666
0,3,419,2936361987419,45.95418274581518
0,0,420,2937450094080,45.97121165865385
0,1,420,2938199995900,45.98294765218099
0,2,420,2939295906522,46.00009869732197
0,3,420,2941085940873,46.028112806631235
0,0,421,2942178884608,46.0452174198718
0,1,421,2943616635179,46.06771827391013
0,2,421,2944713061672,46.084877392452924
0,3,421,2945808253883,46.10201719443297
0,0,422,2946897376768,46.11906201121795
0,1,422,2947988484852,46.13613789644682
0,2,422,2949083807151,46.15327973430927
0,3,422,2950178786588,46.17041620636769
0,0,423,2951270735872,46.187505256410255
0,1,423,2952365939422,46.20464523584611
0,2,423,2953805725022,46.227177938169824
0,3,423,2955249287200,46.24976974409055
0,0,424,2956336498688,46.2667846474359
0,1,424,2957777490407,46.28933622557029
0,2,424,2958870167598,46.30643666738657
0,3,424,2959967748914,46.32361385895558
0,0,425,2961058978816,46.34069165064103
0,1,425,2962154897858,46.35784282755534
0,2,425,2963251979426,46.375012198048125
0,3,425,2964347548339,46.39215789542956
0,0,426,2965438392832,46.40922965544872
0,1,426,2967571593464,46.44261433080429
0,2,426,2968667893469,46.459771469804814
0,3,426,2970110330129,46.48234566132374
0,0,427,2971545730048,46.5048097275641
0,1,427,2972984281097,46.52732310911521
0,2,427,2974079621930,46.54446523703551
0,3,427,2975176786409,46.56163590508877
0,0,428,2976264210944,46.57865414262821
0,1,428,2977014604858,46.59039783744617
0,2,428,2978104475744,46.607454360476765
0,3,428,2979203966370,46.62466143282377
0,0,429,2980295606272,46.64174564102564
0,1,429,2981386948598,46.65882519215119
0,2,429,2982827356689,46.681367636484
0,3,429,2983926406883,46.69856781605256
0,0,430,2985019322880,46.71567199519231
0,1,430,2986458371942,46.73819317066682
0,2,430,2987555435970,46.755362266657905
0,3,430,2988654171164,46.77255751646384
0,0,431,2989743355904,46.78960330128205
0,1,431,2990836660064,46.8067135551883
0,2,431,2991933178396,46.82387411101512
0,3,431,2993029998488,46.84103938939804
0,0,432,2994118766080,46.85807864583334
0,1,432,2994873220520,46.86988588804587
0,2,432,2996315297449,46.892454449760244
0,3,432,2997412817178,46.909630677490235
0,0,433,2998847123456,46.93207762820513
0,1,433,3000290098412,46.95466024407803
0,2,433,3001384721323,46.97179113649026
0,3,433,3002480290278,46.988936834529
0,0,434,3003569367552,47.0059809375
0,1,434,3004666550997,47.02315190237192
0,2,434,3005760681453,47.040275087843675
0,3,434,3006856536430,47.057425262138175
0,0,435,3007944129536,47.074446137820516
0,1,435,3009041086643,47.09161356049366
0,2,435,3010133697644,47.10871296643379
0,3,435,3011232486106,47.12590904988607
0,0,436,3013008488960,47.15370356570513
0,1,436,3014456179170,47.17635997549204
0,2,436,3015897236470,47.198912579971704
0,3,436,3016990574873,47.21602336978228
0,0,437,3018078780928,47.233053838141025
0,1,437,3019174571878,47.25020301041041
0,2,437,3020267928684,47.267314088228666
0,3,437,3021361474165,47.284428118818234
0,0,438,3022452527616,47.30150314903846
0,1,438,3023205939620,47.313294077085835
0,2,438,3024996394533,47.341314768207255
0,3,438,3026092688295,47.358471809504586
0,0,439,3027523420672,47.38086282852564
0,1,439,3028621612241,47.39804957057855
0,2,439,3029715928030,47.41517565651918
0,3,439,3030811160787,47.43231609304575
0,0,440,3031902354944,47.449393325320514
0,1,440,3032998088893,47.46654160552196
0,2,440,3034090794013,47.48364248442821
0,3,440,3035185478699,47.50077434362167
0,0,441,3036275895296,47.517839407051284
0,1,441,3037373812398,47.53502185368465
0,2,441,3039159450398,47.56296715992463
0,3,441,3040601561805,47.58553626122108
0,0,442,3042031375360,47.607912900641026
0,1,442,3043128296815,47.62507976535895
0,2,442,3044222024234,47.64219664328551
0,3,442,3045317560298,47.659341826578775
0,0,443,3046413089280,47.676486899038466
0,1,443,3047509086082,47.69363929289989
0,2,443,3048255884080,47.70532671148838
0,3,443,3049353942438,47.722511368783806
0,0,444,3050442784256,47.739551786858975
0,1,444,3051543381958,47.75677618498973
0,2,444,3052642303404,47.773974349646934
0,3,444,3054427979939,47.80192025896122
0,0,445,3055862496768,47.824370504807696
0,1,445,3057309729511,47.84701975521772
0,2,445,3058404094295,47.86414660793207
0,3,445,3059501251952,47.88131716922076
0,0,446,3060931887616,47.90370667467949
0,1,446,3062031979664,47.92092315930489
0,2,446,3063124526318,47.938021558211894
0,3,446,3064222885020,47.955210915902946
0,0,447,3065314364416,47.97229261217949
0,1,447,3066759030372,47.99490169227013
0,2,447,3067852607653,48.012016220530974
0,3,447,3069296374142,48.03461122392704
0,0,448,3071080572416,48.062533998397434
0,1,448,3072526397820,48.08516122389573
0,2,448,3073624567393,48.102347621710365
0,3,448,3075067075022,48.12492292389699
0,0,449,3076156380160,48.14197059294872
0,1,449,3077249871162,48.15908377093975
0,2,449,3078347651590,48.176264078619546
0,3,449,3079098479504,48.18801456555489
0,0,450,3080186404352,48.20504063301282
0,1,450,3081631002445,48.227648651044795
0,2,450,3083070958000,48.25018401317107
0,3,450,3084511728148,48.27273212371044
0,0,451,3085601243648,48.2897830849359
0,1,451,3086695123119,48.306902342482346
0,2,451,3087788932961,48.32402051033216
0,3,451,3088883447662,48.34114970925356
0,0,452,3089975276032,48.358236866987184
0,1,452,3091067126915,48.375324377050156
0,2,452,3092162876373,48.39247289996808
0,3,452,3093257014505,48.409596205569535
0,0,453,3094349142016,48.426688044871796
0,1,453,3095791524944,48.44926139548277
0,2,453,3097229880515,48.47177171779535
0,3,453,3098326633393,48.48893594427647
0,0,454,3099416166912,48.505987187500004
0,1,454,3100509816811,48.52310285223545
0,2,454,3101599000366,48.54014861850836
0,3,454,3102694100771,48.55728698372083
0,0,455,3103784601600,48.57435336538462
0,1,455,3104876691368,48.591444614007415
0,2,455,3105967610740,48.60851754588592
0,3,455,3107061905007,48.625643295006384
0,0,456,3108152401408,48.6427096073718
0,1,456,3109244460922,48.65980038251828
0,2,456,3110683385630,48.68231961184771
0,3,456,3111780300191,48.69948636867426
0,0,457,3113211676672,48.72188746794872
0,1,457,3113962312466,48.73363494819837
0,2,457,3115401211611,48.75615377746582
0,3,457,3116499420337,48.773340788026466
0,0,458,3117934528512,48.79580028846154
0,1,458,3119028213369,48.812916500291095
0,2,458,3120121484969,48.83002624463204
0,3,458,3121217408983,48.84717749935835
0,0,459,3122307656192,48.864239911858974
0,1,459,3123400020071,48.88133545032991
0,2,459,3125184260518,48.90925888480945
0,3,459,3126625121875,48.931808422773315
0,0,460,3127717161472,48.94889888621795
0,1,460,3128816944039,48.9661105274533
0,2,460,3130258978470,48.98867842407227
0,3,460,3131357467510,49.00586982155824
0,0,461,3132446275072,49.02290970352564
0,1,461,3133198699963,49.03468518321502
0,2,461,3134294874549,49.05184035940317
0,3,461,3135392615729,49.069020052850185
0,0,462,3136483285504,49.086089078525646
0,1,462,3137925557658,49.108660695519085
0,2,462,3139366217388,49.131207078012324
0,3,462,3140806035370,49.15374028711564
0,0,463,3141897726976,49.17082530448718
0,1,463,3142994365201,49.18798773664426
0,2,463,3144088908898,49.20511738935422
0,3,463,3145186092319,49.22228835385054
0,0,464,3146277020672,49.23936142628205
0,1,464,3147375199024,49.25654796148838
0,2,464,3148471771879,49.27370937060234
0,3,464,3149220657891,49.285429466693586
0,0,465,3150308154880,49.302448838141025
0,1,465,3151745525516,49.32494374618139
0,2,465,3152837710656,49.34203648737981
0,3,465,3153935164407,49.35921168255146
0,0,466,3155369611776,49.381660841346154
0,1,466,3156463035555,49.39877296729455
0,2,466,3157903334462,49.42131370289338
0,3,466,3158656033553,49.433093473823746
0,0,467,3160089760768,49.455531362179485
0,1,467,3161180928592,49.47260818234175
0,2,467,3162278076584,49.4897785923728
0,3,467,3163026599526,49.501493006404
0,0,468,3164116458496,49.51854934294872
0,1,468,3165909972540,49.54661790959285
0,2,468,3167353162140,49.56920388465294
0,3,468,3168452764394,49.586412703982624
0,0,469,3169886969856,49.60885807692308
0,1,469,3171326699385,49.6313899017334
0,2,469,3172423923371,49.648561501073594
0,3,469,3173522704323,49.665757466994066
0,0,470,3174611018240,49.68278962339744
0,1,470,3175704465801,49.69990212153508
0,2,470,3176801384747,49.717068946987055
0,3,470,3177554060128,49.72884834685497
0,0,471,3178641728512,49.745870400641024
0,1,471,3179735592400,49.762989414312905
0,2,471,3181513956584,49.790820885041065
0,3,471,3182610357287,49.80797959996933
0,0,472,3184046594560,49.83045677083334
0,1,472,3185141996762,49.84759985918094
0,2,472,3186577419243,49.8700642785175
0,3,472,3187326714153,49.88179077387883
0,0,473,3188415303168,49.898827235576924
0,1,473,3189509085345,49.915944970468374
0,2,473,3190603675353,49.933075347947344
0,3,473,3191698578077,49.950210619444235
0,0,474,3192790712832,49.967302572115386
0,1,474,3193887004835,49.98445958588429
0,2,474,3195329542287,50.007035354802056
0,3,474,3196774441829,50.02964809052296
0,0,475,3198205622784,50.05204612980769
0,1,475,3199300251094,50.06917710671449
0,2,475,3200395012525,50.08631016697028
0,3,475,3201492834401,50.10349112331293
0,0,476,3202584424448,50.120574551282054
0,1,476,3203679511005,50.13771269977276
0,2,476,3204775174184,50.15485987242087
0,3,476,3205527139356,50.166628157489484
0,0,477,3206614934016,50.1836521875
0,1,477,3207710704152,50.200801034029446
0,2,477,3209150910584,50.223340322390825
0,3,477,3210591605449,50.245887254748226
0,0,478,3211681018880,50.26293661858975
0,1,478,3213122796858,50.28550050170899
0,2,478,3214558350524,50.307966974096054
0,3,478,3215654727540,50.32512531832182
0,0,479,3216745532928,50.34219646634615
0,1,479,3217846392577,50.359424963957956
0,2,479,3218940481310,50.37654749646309
0,3,479,3219693285162,50.388328906907304
0,0,480,3220781284352,50.40535613782051
0,1,480,3221877241137,50.42250790541429
0,2,480,3223667251931,50.45052164605556
0,3,480,3225108408732,50.47307580772987
0,0,481,3226196163584,50.490099214743594
0,1,481,3227636154924,50.51263513690655
0,2,481,3229081610532,50.535256575082634
0,3,481,3230180149343,50.55244875148676
0,0,482,3231271801856,50.56953315705128
0,1,482,3232371330600,50.586740825946514
0,2,482,3233126006886,50.59855154005784
0,3,482,3234222637073,50.6157138464199
0,0,483,3235313315328,50.63278300480769
0,1,483,3236753862208,50.65532762119391
0,2,483,3238196355931,50.67790270575108
0,3,483,3239289873607,50.69501630119128
0,0,484,3240725179904,50.71747890224359
0,1,484,3241817990042,50.73458142468575
0,2,484,3242913820970,50.751731222612435
0,3,484,3244010983874,50.768901866016876
0,0,485,3245103219712,50.78599540064103
0,1,485,3246542480221,50.80851988526956
0,2,485,3247637580511,50.82565824868227
0,3,485,3248387706661,50.8373977529829
0,0,486,3249476702208,50.854440576923075
0,1,486,3250568732535,50.87153089529184
0,2,486,3252009357592,50.894076735151245
0,3,486,3253451188684,50.91664144950671
0,0,487,3254546614272,50.93378490384615
0,1,487,3255986913986,50.95632565207457
0,2,487,3257080224291,50.973436002150315
0,3,487,3258520415350,50.99597504992363
0,0,488,3259269420544,51.00769701121795
0,1,488,3260364913345,51.024841517443534
0,2,488,3261462729893,51.04202239040277
0,3,488,3262561733154,51.059221835468
0,0,489,3263654106112,51.07631751602564
0,1,489,3264749410541,51.09345907422188
0,2,489,3266890429676,51.12696610946264
0,3,489,3267984913567,51.144094826206306
0,0,490,3270107832832,51.17731859775641
0,1,490,3271205220706,51.19449276195037
0,2,490,3272297754934,51.21159096638998
0,3,490,3273736592557,51.234108832835666
0,0,491,3274824760832,51.2511387099359
0,1,491,3275923930887,51.26834076533391
0,2,491,3276669039015,51.2800017373892
0,3,491,3277766126145,51.29717119492751
0,0,492,3278853886976,51.314194695512825
0,1,492,3279950289713,51.33135344227326
0,2,492,3282430025038,51.370161399457885
0,3,492,3283528604760,51.3873542161208
0,0,493,3284620390400,51.40444070512821
0,1,493,3286060567557,51.42697953533466
0,2,493,3287502526557,51.44954625145545
0,3,493,3288600979733,51.4667370876684
0,0,494,3289690987520,51.48379575320513
0,1,494,3290784689609,51.500912234716175
0,2,494,3291879103150,51.51803985047952
0,3,494,3292631367343,51.529812815238756
0,0,495,3293721681920,51.54687628205129
0,1,495,3295169481725,51.56953440700433
0,2,495,3296957376974,51.5975150392816
0,3,495,3298400356044,51.62009771953876
0,0,496,3299492584960,51.637191145833334
0,1,496,3300241406854,51.64891023847531
0,2,496,3301335287331,51.6660295117657
0,3,496,3302431667817,51.6831879102971
0,0,497,3303523108352,51.70026899839744
0,1,497,3304614870385,51.717355117954355
0,2,497,3305711965867,51.734524706201796
0,3,497,3306807455154,51.75166915743314
0,0,498,3307897461760,51.76872780448718
0,1,498,3309339429174,51.79129465228741
0,2,498,3310770865579,51.81369668937488
0,3,498,3312215341599,51.836302796959515
0,0,499,3313307091456,51.85338872596154
0,1,499,3314398226034,51.87046502582257
0,2,499,3315833185441,51.89292219803248
0,3,499,3316928101138,51.91005767255734
0,0,500,3318018232832,51.92711827724359
0,1,500,3319110392317,51.94421061694023
0,2,500,3320201333507,51.96128389027131
0,3,500,3321300524134,51.978486267621946
0,0,501,3323422153216,52.011689847756415
0,1,501,3324522022187,52.02890284121783
0,2,501,3326311748574,52.05691213087815
0,3,501,3327406175775,52.07403996042105
0,0,502,3328494104576,52.09106608974359
0,1,502,3329586584714,52.108163447672524
0,2,502,3330679458911,52.1252669726406
0,3,502,3331777933165,52.14245813872509
0,0,503,3332867730944,52.159513517628206
0,1,503,3333959079018,52.17659315871019
0,2,503,3335056978106,52.19377532342373
0,3,503,3335809051414,52.20554530082507
0,0,504,3337240714752,52.22795088942308
0,1,504,3338682869818,52.250520673984624
0,2,504,3339777852516,52.267657197077824
0,3,504,3341222553454,52.290266824638174
0,0,505,3342319966720,52.30744138621795
0,1,505,3343410888719,52.32451435920911
0,2,505,3344157565159,52.33619987541003
0,3,505,3345255196443,52.353377848980244
0,0,506,3346343988736,52.37041749198718
0,1,506,3347435990573,52.387507364486304
0,2,506,3348526527303,52.40457430800218
0,3,506,3349623192672,52.42173716496394
0,0,507,3351059238400,52.444211338141024
0,1,507,3352500177799,52.46676209746532
0,2,507,3353939507621,52.48928766684508
0,3,507,3355038225066,52.50648263887846
0,0,508,3356130274816,52.52357326121795
0,1,508,3356877347207,52.535264974067886
0,2,508,3357969782949,52.55236163719764
0,3,508,3359063706706,52.56948158782177
0,0,509,3360159183872,52.586625849358974
0,1,509,3361254532997,52.603768107049405
0,2,509,3362348428068,52.62088760873648
0,3,509,3363447387049,52.63808636081794
0,0,510,3364535890944,52.655121490384616
0,1,510,3365977094989,52.677676391429415
0,2,510,3367074259179,52.694847054959816
0,3,510,3368864486403,52.72286418273926
0,0,511,3369954968576,52.7399302724359
0,1,511,3372783190972,52.78419206624349
0,2,511,3373539075367,52.79602168730907
0,3,511,3374636374048,52.81319445562901
0,0,512,3375725204480,52.83023469551282
0,1,512,3376825468481,52.84745387120956
0,2,512,3378264201957,52.869970107750525
0,3,512,3379706065097,52.89253532365848
0,0,513,3380795387392,52.90958326121795
0,1,513,3381889891238,52.926712290258166
0,2,513,3383329903066,52.94924853305915
0,3,513,3384424829871,52.96638418142466
0,0,514,3385512302080,52.983403165064104
0,1,514,3386607704404,53.00054625532101
0,2,514,3387702356064,53.01767759765625
0,3,514,3388801044228,53.034872111440805
0,0,515,3389547159040,53.04654883814103
0,1,515,3390639657369,53.06364648075984
0,2,515,3392081458390,53.086210724502955
0,3,515,3393524989421,53.10880204297188
0,0,516,3394613544448,53.125837972756415
0,1,516,3395710949169,53.143012400606594
0,2,516,3397152156647,53.16556735537798
0,3,516,3398247812838,53.182714418663615
0,0,517,3399336672256,53.19975511217949
0,1,517,3400430714088,53.216876910682096
0,2,517,3401524798529,53.23399937601725
0,3,517,3402619181096,53.25112650703626
0,0,518,3403710389760,53.26820396634616
0,1,518,3404802744011,53.285299354138495
0,2,518,3406581438297,53.313135990976185
0,3,518,3407675893930,53.33026426548102
0,0,519,3408765966336,53.347323942307696
0,1,519,3410208963051,53.369906898709814
0,2,519,3411305193233,53.38706294497759
0,3,519,3412403419554,53.40425023090069
0,0,520,3413494027776,53.42131829326923
0,1,520,3414586689000,53.438418485201325
0,2,520,3415681819012,53.45555731376452
0,3,520,3416780007647,53.47274400990022
0,0,521,3417868334080,53.48977636217949
0,1,521,3418964006903,53.50692368575659
0,2,521,3420057310179,53.5240339258282
0,3,521,3421496722349,53.54656078395746
0,0,522,3422585612800,53.563601963141025
0,1,522,3424033027959,53.58625406836877
0,2,522,3425126534908,53.60336749593099
0,3,522,3426224184489,53.62054575584999
0,0,523,3427312412672,53.63757657051282
0,1,523,3428409869199,53.65475180912898
0,2,523,3429504341860,53.6718803501227
0,3,523,3430600306654,53.689032243057646
0,0,524,3431690639360,53.70609599358975
0,1,524,3432785982344,53.72323815517328
0,2,524,3433880917465,53.74037393368452
0,3,524,3435321022632,53.76291163724459
0,0,525,3436756242432,53.785372884615384
0,1,525,3437849073917,53.80247574113895
0,2,525,3439292378134,53.82506350995969
0,3,525,3440043863971,53.83682429341634
0,0,526,3441135027200,53.85390104166667
0,1,526,3442231405859,53.871059411605444
0,2,526,3443322263910,53.888131383807846
0,3,526,3444421670108,53.90533713485327
0,0,527,3445508929536,53.92235278846154
0,1,527,3446602796797,53.939471854921
0,2,527,3447698578403,53.95662088095641
0,3,527,3449485031262,53.98457893977239
0,0,528,3450574224896,54.001624863782055
0,1,528,3452014717496,54.024168630684095
0,2,528,3453106618921,54.0412569317314
0,3,528,3454201196595,54.05838711618277
0,0,529,3454951894528,54.07013556891026
0,1,529,3456046662793,54.08726873611842
0,2,529,3457141592909,54.10440443630121
0,3,529,3458237131215,54.121549654681864
0,0,530,3459329735168,54.138648950320515
0,1,530,3460424174741,54.1557769734857
0,2,530,3461865134357,54.178328049206854
0,3,530,3462963857572,54.195523111540965
0,0,531,3464393566720,54.21789811698718
0,1,531,3465493201954,54.23510745245518
0,2,531,3466589003981,54.252256798080055
0,3,531,3468377862899,54.28025251181578
0,0,532,3469817304064,54.30277982371795
0,1,532,3470914265469,54.31994731365497
0,2,532,3472009698595,54.33709088596442
0,3,532,3472761284139,54.34885322983962
0,0,533,3473852700160,54.36593393429487
0,1,533,3475637330249,54.39386346668733
0,2,533,3477078773279,54.416422107856945
0,3,533,3478520391712,54.43898349409054
0,0,534,3479608882176,54.45601841346154
0,1,534,3480702301880,54.47313047563602
0,2,534,3481796068321,54.49024796425844
0,3,534,3482889462099,54.50735962068998
0,0,535,3483976550400,54.524372596153846
0,1,535,3485068235901,54.5414575179819
0,2,535,3486160848488,54.55855694874299
0,3,535,3487259995783,54.57575864794609
0,0,536,3488010635264,54.58750618589744
0,1,536,3489449682087,54.610027326331505
0,2,536,3490889382948,54.63255870248648
0,3,536,3491988889953,54.64976603116549
0,0,537,3493086023680,54.66693621794872
0,1,537,3494529365610,54.689524576979416
0,2,537,3495624784354,54.70666792420999
0,3,537,3496377950401,54.71845500302046
0,0,538,3497469685760,54.73554070512821
0,1,538,3498569513182,54.75275304834611
0,2,538,3499665924892,54.76991193553436
0,3,538,3500760244224,54.78703807692308
0,0,539,3501848053760,54.80406233974359
0,1,539,3503633092160,54.83199826221955
0,2,539,3505430060234,54.860120884571565
0,3,539,3506871576999,54.88268067969689
0,0,540,3508302954496,54.9050817948718
0,1,540,3509400398685,54.922256840397765
0,2,540,3510493516248,54.93936417405349
0,3,540,3511590496928,54.956531965645034
0,0,541,3512339385344,54.96825209935898
0,1,541,3513431545764,54.985344453688406
0,2,541,3514529882857,55.002533473197744
0,3,541,3515628852794,55.019732396741034
0,0,542,3517060843008,55.04214310096154
0,1,542,3518502116653,55.064699091249125
0,2,542,3520290385568,55.092685571414265
0,3,542,3521385249329,55.10982023313865
0,0,543,3522475768832,55.126886907051286
0,1,543,3523571594409,55.144036621234605
0,2,543,3524667945771,55.161194563974234
0,3,543,3525762917753,55.178330919361606
0,0,544,3526855110144,55.19542377403846
0,1,544,3527953727183,55.21261717471392
0,2,544,3529048516515,55.229750671621474
0,3,544,3530147920602,55.24695638962966
0,0,545,3531925871616,55.27478139423077
0,1,545,3533363311585,55.29727738733536
0,2,545,3534460054499,55.31444145787948
0,3,545,3535905545437,55.33706344897148
0,0,546,3537002460672,55.35423021634615
0,1,546,3538102453766,55.37144515233749
0,2,546,3539196356029,55.388564766579655
0,3,546,3540291093031,55.40569744452061
0,0,547,3541380385792,55.422744919871796
0,1,547,3542478666753,55.439933060913084
0,2,547,3543572675109,55.457054335514954
0,3,547,3544670163300,55.47423006967398
0,0,548,3545758828032,55.49126771634616
0,1,548,3546850315756,55.50834954295623
0,2,548,3548291718622,55.53090755555765
0,3,548,3549389797480,55.54809253367889
0,0,549,3550480858112,55.56516767628205
0,1,549,3551574295974,55.58228002262996
0,2,549,3552669212269,55.59941550651355
0,3,549,3553768996781,55.616627178188224
0,0,550,3554858675200,55.63368068910257
0,1,550,3555951775145,55.650787747035885
0,2,550,3557043842786,55.667878649370245
0,3,550,3558142106356,55.68506651824169
0,0,551,3559916639232,55.71283802884616
0,1,551,3561357516974,55.73538782323593
0,2,551,3562452774675,55.752528650137094
0,3,551,3563893698284,55.775079162347254
0,0,552,3564981805568,55.7921080849359
0,1,552,3566075444800,55.80922358273237
0,2,552,3567860648810,55.83716209701147
0,3,552,3569301364532,55.85970935578175
0,0,553,3570050347520,55.871430969551284
0,1,553,3571146464179,55.88858523917956
0,2,553,3572240431076,55.90570586494641
0,3,553,3573335351009,55.92284140576485
0,0,554,3574766853120,55.94524447115385
0,1,554,3575864296270,55.96241950041942
0,2,554,3577309546254,55.98503772057167
0,3,554,3578408482191,56.0022361120136
0,0,555,3579155879936,56.01393291666667
0,1,555,3580251507583,56.03107953323756
0,2,555,3581690661225,56.05360234539326
0,3,555,3582787441887,56.070767006695085
0,0,556,3583876000768,56.08780299679487
0,1,556,3584974322481,56.1049917756066
0,2,556,3585723929759,56.11672315953964
0,3,556,3587167679015,56.139317893238555
0,0,557,3589292719616,56.17257486378205
0,1,557,3590735514156,56.19515465613732
0,2,557,3591828770204,56.212264157088846
0,3,557,3592924832816,56.22941758087941
0,0,558,3594016506368,56.24650231570513
0,1,558,3595117296191,56.263729720537235
0,2,558,3596214505498,56.28090109015049
0,3,558,3597313287578,56.29809707372421
0,0,559,3598405457920,56.315189583333336
0,1,559,3599158016677,56.326967158030975
0,2,559,3600253831014,56.34411669630784
0,3,559,3602042556063,56.372110314988355
0,0,560,3603474868224,56.39452605769231
0,1,560,3604568201155,56.411636761865864
0,2,560,3606012142865,56.43423450747759
0,3,560,3607108906841,56.451398907642854
0,0,561,3607857153536,56.46310899839744
0,1,561,3608950243292,56.4802158968725
0,2,561,3610045656100,56.49735915120443
0,3,561,3611139542255,56.51447851335575
0,0,562,3612229945856,56.53154337339744
0,1,562,3613321982373,56.548633788639954
0,2,562,3614415639208,56.56574956192408
0,3,562,3615509530684,56.58286900734926
0,0,563,3616601091072,56.59995197115385
0,1,563,3618042067273,56.622503306430914
0,2,563,3619481559474,56.64503141704853
0,3,563,3620576688360,56.66217022798978
0,0,564,3621666367488,56.67922375
0,1,564,3622762779894,56.69638264808068
0,2,564,3623857908255,56.713521450805665
0,3,564,3624954226226,56.73067887097481
0,0,565,3626046135296,56.74776729166667
0,1,565,3626794903333,56.75948554144444
0,2,565,3627889037154,56.77660877957858
0,3,565,3629332422548,56.79919781882262
0,0,566,3630424962560,56.81629611378205
0,1,566,3631871557331,56.838935379904726
0,2,566,3632965536367,56.85605619564741
0,3,566,3634062360225,56.87322153296837
0,0,567,3635155033088,56.89032190705128
0,1,567,3636250253004,56.907462142615685
0,2,567,3637345666274,56.92460540417794
0,3,567,3638440089065,56.941733164704154
0,0,568,3639527352320,56.95874887820513
0,1,568,3640623834300,56.975908865121696
0,2,568,3641720995676,56.993079484612885
0,3,568,3642817159471,57.01023449192145
0,0,569,3644253059584,57.03270638621795
0,1,569,3645694915117,57.05527148307605
0,2,569,3647135153623,57.07781127339681
0,3,569,3648578377558,57.100397785801036
0,0,570,3649665203712,57.11740665865385
0,1,570,3650414102980,57.12912696220202
0,2,570,3651509842514,57.146275329808944
0,3,570,3652950887076,57.168827734938404
0,0,571,3653699755008,57.18054754807692
0,1,571,3654792634306,57.197651152875856
0,2,571,3655883957929,57.2147304112987
0,3,571,3657328660453,57.237340063680016
0,0,572,3658420386304,57.254425616987184
0,1,572,3659858849581,57.27693762490297
0,2,572,3660955034597,57.29409296432104
0,3,572,3662398560931,57.316684209281725
0,0,573,3663489246208,57.3337534775641
0,1,573,3665623325224,57.367151899664464
0,2,573,3666716028307,57.38425274669158
0,3,573,3667812241667,57.401408529694386
0,0,574,3668902928384,57.41847782051282
0,1,574,3669996226047,57.43558797274076
0,2,574,3671436658519,57.4581307986372
0,3,574,3673222474600,57.48607889185197
0,0,575,3674312522752,57.503138189102565
0,1,575,3675408568604,57.52029135059846
0,2,575,3676503278697,57.537423607412485
0,3,575,3677945059942,57.559987541660405
0,0,576,3679039543296,57.57711625
0,1,576,3680134171359,57.59424722304124
0,2,576,3681230314010,57.61140189944536
0,3,576,3682327188391,57.628568027453305
0,0,577,3683417498624,57.64563142628205
0,1,577,3684859548316,57.66819956173628
0,2,577,3686303854906,57.69080301773463
0,3,577,3687401434733,57.707980186000725
0,0,578,3688840929792,57.73050834134616
0,1,578,3689936926272,57.74766073016827
0,2,578,3691030547737,57.76477594991049
0,3,578,3692128661888,57.781961480368594
0,0,579,3693219769856,57.799037363782055
0,1,579,3694316337725,57.81619869486491
0,2,579,3695410949020,57.83332940548628
0,3,579,3696505909977,57.85046558833196
0,0,580,3697603307520,57.867639903846154
0,1,580,3699387190706,57.89555774717673
0,2,580,3700479050916,57.912645403207634
0,3,580,3701920913212,57.93521060590695
0,0,581,3703011665920,57.95228092948718
0,1,581,3704452460285,57.974829419023564
0,2,581,3705891213051,57.9973459574538
0,3,581,3706990239722,58.01454576888647
0,0,582,3707738838016,58.02626136217949
0,1,582,3708830237954,58.04334181493515
0,2,582,3709923814950,58.060456338735726
0,3,582,3711020669350,58.07762215404021
0,0,583,3712454217728,58.100057243589745
0,1,583,3714242341410,58.12804145085261
0,2,583,3715337296547,58.14517754261506
0,3,583,3716434079240,58.16234223570213
0,0,584,3717527749120,58.179458213141025
0,1,584,3718619905038,58.19655049701397
0,2,584,3719713068333,58.21365854637733
0,3,584,3720811447148,58.23084821883764
0,0,585,3721899535360,58.24787684294872
0,1,585,3722992052719,58.2649747833878
0,2,585,3724088361895,58.28213206591484
0,3,585,3725183720112,58.29927446589544
0,0,586,3726615420928,58.321680641025644
0,1,586,3727710638979,58.33882084740272
0,2,586,3728806175594,58.35596603931916
0,3,586,3730246988140,58.378514813388925
0,0,587,3731339856384,58.39561824519231
0,1,587,3732434682678,58.41275232055664
0,2,587,3733529109281,58.42988014074081
0,3,587,3734624384219,58.44702123740172
0,0,588,3735721547264,58.46419188301282
0,1,588,3736813345064,58.48127856232472
0,2,588,3737557935723,58.492931435969425
0,3,588,3738652121713,58.510055490550506
0,0,589,3740773834240,58.54326037660257
0,1,589,3741867190351,58.56037144354405
0,2,589,3742959575226,58.57746731060322
0,3,589,3744401992838,58.60004120402019
0,0,590,3745488618496,58.617046939102565
0,1,590,3746589334517,58.634273188930415
0,2,590,3747683112087,58.651390851722134
0,3,590,3748778842601,58.66853907816569
0,0,591,3749870893056,58.68562971153846
0,1,591,3750965894114,58.702766521966396
0,2,591,3752060600588,58.71989872214293
0,3,591,3753156239147,58.737045509487054
0,0,592,3754591588352,58.759508782051284
0,1,592,3755684942189,58.77661981340457
0,2,592,3757124590119,58.79915036118727
0,3,592,3758218669027,58.81627273993077
0,0,593,3759307674112,58.833315713141026
0,1,593,3760408395547,58.85054204769819
0,2,593,3761499630246,58.86761991445688
0,3,593,3762596435288,58.88478495730669
0,0,594,3763691404288,58.901921266025646
0,1,594,3764785915150,58.91905040486654
0,2,594,3765882510622,58.93621216793745
0,3,594,3766980220600,58.953391373071916
0,0,595,3768409800704,58.97576435897436
0,1,595,3770544309739,59.0091695108893
0,2,595,3771640145130,59.02631937866211
0,3,595,3773080841856,59.04886634014423
0,0,596,3774512995328,59.071279599358974
0,1,596,3775608845108,59.08842969232021
0,2,596,3776704331740,59.1055741020007
0,3,596,3777803075994,59.122769493596
0,0,597,3778900283904,59.13994084134615
0,1,597,3779996984675,59.157104252350635
0,2,597,3781088693877,59.17418954510029
0,3,597,3782185768689,59.191358809861406
0,0,598,3783625005568,59.21388292467949
0,1,598,3784725025581,59.23109828195425
0,2,598,3786167035811,59.2536657998266
0,3,598,3787264204745,59.270836537600786
0,0,599,3788351950848,59.28785980769231
0,1,599,3789443505354,59.304942679443364
0,2,599,3790536591403,59.32204951990372
0,3,599,3791630634782,59.339171342616936
0,0,600,3792717730304,59.356184431089744
0,1,600,3793809619580,59.373272542004706
0,2,600,3794907143342,59.39044883285131
0,3,600,3796002754668,59.4075951939979
0,0,601,3797089105408,59.424596626602565
0,1,601,3798181161039,59.441687340979946
0,2,601,3799624085097,59.4642691602971
0,3,601,3800720348033,59.481425719166296
0,0,602,3801813427712,59.4985324599359
0,1,602,3802905587206,59.51562479977339
0,2,602,3803999978719,59.532752070797656
0,3,602,3805097070827,59.54992160624187
0,0,603,3806190276608,59.56703032051282
0,1,603,3807283454454,59.58413859759991
0,2,603,3808375021913,59.60122167206593
0,3,603,3809469602899,59.618351908350235
0,0,604,3811589945856,59.65153536057692
0,1,604,3812684425437,59.66866400986892
0,2,604,3813781599696,59.685834830979566
0,3,604,3814879760051,59.703021084532125
0,0,605,3815972562944,59.720123493589746
0,1,605,3817069247229,59.73728664658767
0,2,605,3818163165275,59.75440650783441
0,3,605,3819257731107,59.77153650695801
0,0,606,3820354326016,59.78869826121795
0,1,606,3821447697143,59.80580956316043
0,2,606,3822544388839,59.8229728321408
0,3,606,3823640465310,59.840126472825276
0,0,607,3824737294848,59.857291899038465
0,1,607,3826178639063,59.87984899374938
0,2,607,3827620273630,59.90241063248072
0,3,607,3828715497066,59.919550923133265
0,0,608,3829806776320,59.93662948717949
0,1,608,3830903465102,59.95379271055564
0,2,608,3831996130921,59.97089297439967
0,3,608,3833093049308,59.98805979110327
0,0,609,3834184512000,60.00514122596154
0,1,609,3835277901935,60.022252822249975
0,2,609,3836371601128,60.039369258438505
0,3,609,3837469343038,60.05654896331005
0,0,610,3838899273728,60.07892743589744
0,1,610,3840685816184,60.106886896910055
0,2,610,3841782257492,60.12404624730819
0,3,610,3842877819835,60.14119184186887
0,0,611,3843967596544,60.15824689102564
0,1,611,3845059245919,60.175331247480344
0,2,611,3846152074726,60.1924340620931
0,3,611,3847250005798,60.20961672735752
0,0,612,3848344741888,60.22674939102564
0,1,612,3849437900128,60.243857361278046
0,2,612,3850532206174,60.260983294740335
0,3,612,3851627036294,60.27811742998172
0,0,613,3852722022912,60.29525401442308
0,1,613,3854162714902,60.31780090178661
0,2,613,3855600843142,60.34030766635993
0,3,613,3856696950109,60.35746178430802
0,0,614,3858133485568,60.37994362179487
0,1,614,3858882530487,60.391666204787036
0,2,614,3859978357279,60.40881593798515
0,3,614,3861075323064,60.42598349646935
0,0,615,3862171427328,60.44313757211539
0,1,615,3863266018500,60.460267967811
0,2,615,3864361539241,60.47741291129871
0,3,615,3865459561513,60.494597003846785
0,0,616,3866895945728,60.51707647435897
0,1,616,3869030522304,60.55048268329327
0,2,616,3870473051542,60.57305832366161
0,3,616,3871913194943,60.595596625585316
0,0,617,3873000724992,60.61261651442308
0,1,617,3874443123433,60.63519010781313
0,2,617,3875539860199,60.6523540821408
0,3,617,3876637427425,60.66953105320075
0,0,618,3877383262720,60.68120340544872
0,1,618,3878484693329,60.6984408386074
0,2,618,3879579949600,60.715581643129006
0,3,618,3880676430497,60.73274161309658
0,0,619,3881766838784,60.74980654647436
0,1,619,3883214449443,60.77246171128493
0,2,619,3884656558915,60.795030782298554
0,3,619,3885751890286,60.812172762138175
0,0,620,3886841956864,60.82923234775641
0,1,620,3887932983482,60.846306958039115
0,2,620,3889028868018,60.863457594933145
0,3,620,3890125269730,60.8806163256523
0,0,621,3891214548480,60.89766358173077
0,1,621,3892310854834,60.914820820093404
0,2,621,3893406995542,60.9319754660895
0,3,621,3894504687189,60.949154384343075
0,0,622,3895936030720,60.97155496794872
0,1,622,3897376390132,60.99409665045323
0,2,622,3898469948259,61.0112108789532
0,3,622,3899565542169,61.02835696753869
0,0,623,3901005872640,61.05089819711539
0,1,623,3902101064118,61.06803798762395
0,2,623,3903195021100,61.085158458220654
0,3,623,3904290390571,61.1023010343268
0,0,624,3905378088448,61.119323549679486
0,1,624,3906473867139,61.13647253009503
0,2,624,3907566988729,61.15357992677347
0,3,624,3908663672215,61.170743067267004
0,0,625,3910102775296,61.193265088141025
0,1,625,3911199010112,61.210421206931095
0,2,625,3912644389599,61.23304145381047
0,3,625,3914084796966,61.25558388681265
0,0,626,3915172451328,61.272605721153845
0,1,626,3916264166050,61.28969110029172
0,2,626,3917355193014,61.306765715989336
0,3,626,3918454527853,61.32397035026355
0,0,627,3919543737344,61.3410165224359
0,1,627,3920635339881,61.358100145874026
0,2,627,3921728692019,61.375211150637895
0,3,627,3922823358177,61.392342719867415
0,0,628,3924261946368,61.41485668269231
0,1,628,3925358530078,61.43201826168745
0,2,628,3926450948902,61.44911466004983
0,3,628,3927894899113,61.47171253870255
0,0,629,3928982135808,61.488727836538466
0,1,629,3930077681583,61.50587317180927
0,2,629,3931173887207,61.52302883374337
0,3,629,3932267728123,61.54014748790252
0,0,630,3933359791104,61.55723831730769
0,1,630,3934451996549,61.57433137628018
0,2,630,3935544728940,61.59143268197867
0,3,630,3936639197786,61.60856116326748
0,0,631,3938070457344,61.63096043269231
0,1,631,3939166232318,61.64810935493665
0,2,631,3940609591405,61.67069798247509
0,3,631,3942052795061,61.69328417751215
0,0,632,3943141253632,61.71031859775641
0,1,632,3944237387888,61.72747314277845
0,2,632,3944986614008,61.73919856157352
0,3,632,3946429303326,61.76177670720027
0,0,633,3947175375360,61.77345276442308
0,1,633,3948269813421,61.790580763925405
0,2,633,3949364677509,61.80771543076735
0,3,633,3950461791175,61.82488530359513
0,0,634,3951897591808,61.84735564102564
0,1,634,3952989208629,61.86443948800894
0,2,634,3954082736448,61.8815532421875
0,3,634,3955524589673,61.904118302925305
0,0,635,3956959000576,61.926566891025644
0,1,635,3958059248534,61.94378581564879
0,2,635,3959153935468,61.96091771002354
0,3,635,3960248435571,61.978046680485654
0,0,636,3961338295808,61.99510303685898
0,1,636,3962084224921,62.006776857362404
0,2,636,3963177731990,62.02389028680263
0,3,636,3964274510105,62.041054908243815
0,0,637,3965705336320,62.063447395833336
0,1,637,3966796716278,62.0805275359012
0,2,637,3968237622437,62.10307777501816
0,3,637,3969682035044,62.1256828901868
0,0,638,3971113244672,62.14808137820513
0,1,638,3972212350500,62.165282428448016
0,2,638,3973307175343,62.18241648110414
0,3,638,3974402994274,62.1995660912773
0,0,639,3975838861824,62.22203747596154
0,1,639,3976589945855,62.233791971138196
0,2,639,3978030012307,62.25632906880697
0,3,639,3978779765678,62.26806273910131
0,0,640,3979867864576,62.28509153044872
0,1,640,3980962389453,62.30222088862492
0,2,640,3982751252839,62.33021667228503
0,3,640,3984191214629,62.35275213198931
0,0,641,3985280652288,62.369801875
0,1,641,3986724647100,62.39240045166016
0,2,641,3987817467502,62.40950313473433
0,3,641,3988913539366,62.42665670331906
0,0,642,3990002774016,62.443703269230774
0,1,642,3991101982891,62.460905932163335
0,2,642,3991852336030,62.472648988850914
0,3,642,3992946631376,62.48977475485778
0,0,643,3994038016512,62.50685497596154
0,1,643,3995138164460,62.52407233542418
0,2,643,3997274999851,62.55751389490372
0,3,643,3998372340015,62.57468731243427
0,0,644,3999467257856,62.591822820512824
0,1,644,4000906789875,62.61435155428373
0,2,644,4001657553064,62.626101028270234
0,3,644,4003100611136,62.648684944911864
0,0,645,4004189035520,62.665718830128206
0,1,645,4005283743726,62.68285105741061
0,2,645,4006033723685,62.69458827381623
0,3,645,4007131771363,62.71177276396923
0,0,646,4008218750976,62.72878403846154
0,1,646,4009666393588,62.751439703337844
0,2,646,4011109193817,62.77401958472619
0,3,646,4012207036075,62.79120086004795
0,0,647,4013637028864,62.81358030448718
0,1,647,4014731123508,62.8307029294997
0,2,647,4015827531306,62.847861755465
0,3,647,4016924796840,62.86503400503305
0,0,648,4018016404480,62.88211770833333
0,1,648,4019107891490,62.89919952376928
0,2,648,4020200809637,62.916303736556614
0,3,648,4020950976827,62.92804388313489
0,0,649,4022041281536,62.945107195512826
0,1,649,4023132592939,62.962186262692185
0,2,649,4025613237519,63.00100844975398
0,3,649,4026712385372,63.01821015768981
0,0,650,4028486806528,63.0459799198718
0,1,650,4029933648196,63.06862304994241
0,2,650,4031028899701,63.085763779875926
0,3,650,4032128476599,63.10297220238319
0,0,651,4033220380672,63.1200605448718
0,1,651,4034315477845,63.13719885950333
0,2,651,4035408925214,63.15431135463617
0,3,651,4036506922256,63.17149505233374
0,0,652,4038628359168,63.204695625
0,1,652,4040071779357,63.22728520878719
0,2,652,4041169109466,63.24445846895658
0,3,652,4042263638291,63.261587888919145
0,0,653,4043359528448,63.27873861378205
0,1,653,4044805576190,63.30136931887896
0,2,653,4045551682148,63.31304590701372
0,3,653,4046992658972,63.33559725204077
0,0,654,4048084612608,63.35268637019231
0,1,654,4048830624776,63.364361490509815
0,2,654,4049926850275,63.38151746348846
0,3,654,4051025768359,63.398715575530225
0,0,655,4052457585664,63.42112357371795
0,1,655,4053558742472,63.43835672188001
0,2,655,4055003541494,63.46096788445889
0,3,655,4056100856429,63.478140907154575
0,0,656,4057195136000,63.49526642628205
0,1,656,4057941609935,63.50694877327161
0,2,656,4059038658863,63.52411763294709
0,3,656,4060134067223,63.54126081766765
0,0,657,4061225061888,63.558334927884616
0,1,657,4062323859927,63.57553116121733
0,2,657,4063416411052,63.59262963009566
0,3,657,4064511472482,63.60976738534781
0,0,658,4065598896640,63.626785616987185
0,1,658,4066700358594,63.64402354069637
0,2,658,4067793838153,63.661136539603994
0,3,658,4069924891562,63.69448761083358
0,0,659,4071364819968,63.717022548076926
0,1,659,4072462845601,63.734206693224785
0,2,659,4073557987837,63.751345713094075
0,3,659,4074653203642,63.768485884321166
0,0,660,4075746590720,63.78559743589744
0,1,660,4076839570555,63.80270261410445
0,2,660,4077935451797,63.819853199447245
0,3,660,4079031410199,63.83700499234713
0,0,661,4080123321344,63.854093445512824
0,1,661,4081217320040,63.8712145689353
0,2,661,4082997152158,63.89906901288938
0,3,661,4084442206827,63.92168417635404
0,0,662,4085530024960,63.93870857371795
0,1,662,4086973977896,63.96130649501703
0,2,662,4088067855065,63.97842571653709
0,3,662,4089166949224,63.99562658415966
0,0,663,4090604824064,64.01812938301282
0,1,663,4091700909800,64.03528316869492
0,2,663,4092449322860,64.04699586306842
0,3,663,4093546666692,64.06416933800331
0,0,664,4094982631424,64.08664224358975
0,1,664,4096774860398,64.1146906988369
0,2,664,4097872899047,64.13187504768567
0,3,664,4099314658521,64.15443864121657
0,0,665,4100749745664,64.1768978125
0,1,665,4101849885677,64.19411504777958
0,2,665,4102944341224,64.21124332093851
0,3,665,4104038688732,64.22836990328275
0,0,666,4105127513088,64.24541004807692
0,1,666,4106225403834,64.26259208223783
0,2,666,4107322312567,64.27975874785595
0,3,666,4108416168748,64.29687764091297
0,0,667,4109848174592,64.31928858974359
0,1,667,4111292762897,64.34189645459297
0,2,667,4112386898591,64.35901972203963
0,3,667,4113485124070,64.3762069947854
0,0,668,4114579005440,64.39332628205129
0,1,668,4115678313773,64.41053050150553
0,2,668,4116773108509,64.4276640829859
0,3,668,4117869711149,64.44482595823631
0,0,669,4118962030592,64.46192080128205
0,1,669,4120059656999,64.47909869852703
0,2,669,4121153484712,64.4962171460587
0,3,669,4122252576405,64.51341797508827
0,0,670,4123683504128,64.53581205128205
0,1,670,4125473883705,64.56383156339206
0,2,670,4126568825375,64.58096744439541
0,3,670,4127664671976,64.59811748760517
0,0,671,4128754870272,64.61517913461539
0,1,671,4130201659384,64.6378214421825
0,2,671,4131292686346,64.65489605784882
0,3,671,4132391690226,64.67209551260142
0,0,672,4133483793408,64.68918697115384
0,1,672,4134583064047,64.70639060069549
0,2,672,4135677311645,64.72351561944424
0,3,672,4136774910814,64.74069309041342
0,0,673,4137863270400,64.75772596153847
0,1,673,4138963490285,64.77494444681804
0,2,673,4140056858918,64.79205570972933
0,3,673,4141498923618,64.81462408005935
0,0,674,4142591050752,64.83171591346154
0,1,674,4143691405207,64.84893650476701
0,2,674,4144439249316,64.86064029503456
0,3,674,4145535573534,64.8777978129695
0,0,675,4146626742784,64.89487465544872
0,1,675,4147726907855,64.912092282887
0,2,675,4148820092452,64.9292006656275
0,3,675,4149919228256,64.94640218499599
0,0,676,4151010981888,64.96348817307693
0,1,676,4152454180224,64.98607428485577
0,2,676,4153548008966,65.00319274849134
0,3,676,4154988484136,65.02573624261318
0,0,677,4156075711488,65.04275139423078
0,1,677,4157176044315,65.05997164705717
0,2,677,4158274094562,65.07715617741512
0,3,677,4159025716712,65.08891909417568
0,0,678,4160464561152,65.11143706730769
0,1,678,4161557825799,65.12854670283392
0,2,678,4162655135836,65.1457196488757
0,3,678,4163753734893,65.16291276813214
0,0,679,4164500631552,65.17460173076923
0,1,679,4165944512283,65.19719852205716
0,2,679,4167389221973,65.21980828658667
0,3,679,4168833848258,65.24241674582457
0,0,680,4170954125312,65.27559916666667
0,1,680,4172051840942,65.29277846025516
0,2,680,4173145912337,65.3099007214199
0,3,680,4174590144476,65.3325030122571
0,0,681,4175336845824,65.34418891826924
0,1,681,4176433699745,65.36135472607735
0,2,681,4177875201517,65.38391428656162
0,3,681,4178972912430,65.40109350632888
0,0,682,4180067614720,65.41822564102564
0,1,682,4181162341712,65.4353581623097
0,2,682,4182603335071,65.45790976611015
0,3,682,4183700156982,65.4750750729605
0,0,683,4185130322432,65.49745721955128
0,1,683,4186226867346,65.51461819138747
0,2,683,4187320968580,65.53174091953376
0,3,683,4188416225598,65.54888173574595
0,0,684,4189507468288,65.5659597275641
0,1,684,4190598766159,65.58303858296712
0,2,684,4191692935680,65.6001623798077
0,3,684,4192788936349,65.61731483418782
0,0,685,4193536752128,65.62901818108975
0,1,685,4194635020430,65.64620612401718
0,2,685,4195729401642,65.66333323383039
0,3,685,4197517191590,65.69131221814278
0,0,686,4198952739328,65.71377859775642
0,1,686,4200390635323,65.73628172768618
0,2,686,4201829766750,65.75880419217623
0,3,686,4202580598375,65.77055473718887
0,0,687,4203676833280,65.78771085737179
0,1,687,4204777921884,65.80494293813852
0,2,687,4205869853080,65.82203170510317
0,3,687,4206965168583,65.83917343660795
0,0,688,4208053617664,65.85620770833333
0,1,688,4209154916665,65.87344308182153
0,2,688,4210939268766,65.90136826369066
0,3,688,4212036023925,65.91853252586952
0,0,689,4213466658304,65.94092201121795
0,1,689,4214563187765,65.95808274121407
0,2,689,4215660738657,65.97525945664626
0,3,689,4217102667064,65.99782569398538
0,0,690,4218192858112,66.0148872275641
0,1,690,4219285009350,66.03197943819487
0,2,690,4220375792223,66.04905023385855
0,3,690,4221471598234,66.06619964183318
0,0,691,4222559793664,66.08322994391025
0,1,691,4223659537317,66.10044097613995
0,2,691,4225097634344,66.12294725222857
0,3,691,4226883112167,66.15089005169209
0,0,692,4227978074112,66.16802625
0,1,692,4229079452907,66.1852628722675
0,2,692,4230170496342,66.20233774573693
0,3,692,4231613364250,66.22491868630433
0,0,693,4232709579264,66.24207449519231
0,1,693,4233807628973,66.25925901713053
0,2,693,4234902189345,66.27638893080491
0,3,693,4235997763456,66.29353470953527
0,0,694,4237087368704,66.31058707532051
0,1,694,4238529521732,66.33315682798728
0,2,694,4240315878317,66.3611133801113
0,3,694,4241412466157,66.37827502374111
0,0,695,4242853087744,66.40082080929487
0,1,695,4243954424744,66.41805677746895
0,2,695,4245050764158,66.43521453322191
0,3,695,4246147157271,66.45237312936636
0,0,696,4247239609344,66.46947004807693
0,1,696,4248340694469,66.48670207439716
0,2,696,4249433588776,66.50380591408754
0,3,696,4250529451112,66.52095620355068
0,0,697,4251621924864,66.53805346153847
0,1,697,4253063658339,66.56061664818397
0,2,697,4254156908513,66.57772605720716
0,3,697,4255251986806,66.59486407636594
0,0,698,4256684357632,66.61728073717948
0,1,698,4257776063686,66.6343659806628
0,2,698,4258869259720,66.65147454239283
0,3,698,4259964657288,66.66861755821814
0,0,699,4261061237760,66.68577908653846
0,1,699,4262158229715,66.70294705458421
0,2,699,4263250320478,66.7200383187788
0,3,699,4264348531692,66.73722536827674
0,0,700,4265443655168,66.75436409455128
0,1,700,4266891437752,66.77702194999499
0,2,700,4267984252449,66.79412454378568
0,3,700,4269774938726,66.82214885576298
0,0,701,4271558118400,66.85005568910256
0,1,701,4272652807569,66.86718761845516
0,2,701,4273746489841,66.88430378982936
0,3,701,4274498322282,66.89606999765249
0,0,702,4275591106560,66.91317211538461
0,1,702,4276689010664,66.93035435859876
0,2,702,4278127199903,66.95286207780887
0,3,702,4279225860244,66.97005615616236
0,0,703,4279978510848,66.98183516826923
0,1,703,4281072091118,66.99894974330805
0,2,703,4283206140346,67.03234769922501
0,3,703,4284646268684,67.05488576541217
0,0,704,4286086070272,67.07741871794872
0,1,704,4287532733554,67.10005905627129
0,2,704,4288627864616,67.11719790126703
0,3,704,4289727054817,67.13440027195075
0,0,705,4290815477760,67.15143413461539
0,1,705,4291568825526,67.16322405733548
0,2,705,4292662287199,67.1803367763265
0,3,705,4293759890321,67.19751430916028
0,0,706,4294852698112,67.2146167948718
0,1,706,4295951050938,67.23180606060322
0,2,706,4297391169376,67.25434397185496
0,3,706,4298489373859,67.2715309160125
0,0,707,4299576940544,67.28855137820513
0,1,707,4301021272102,67.31115522495368
0,2,707,4302114862888,67.3282699645683
0,3,707,4303213819296,67.34546867638221
0,0,708,4304301863936,67.36249661858974
0,1,708,4305393935842,67.37958758767152
0,2,708,4306490306467,67.39674583187788
0,3,708,4307240887649,67.40849245744754
0,0,709,4308334324224,67.42560478365385
0,1,709,4309426168348,67.4426921879382
0,2,709,4311906511911,67.4815096640719
0,3,709,4313001492346,67.49864615174906
0,0,710,4314431275008,67.5210223076923
0,1,710,4315526749820,67.53816653238933
0,2,710,4316621907420,67.55530579270584
0,3,710,4317374794982,67.5670885132149
0,0,711,4318465525248,67.58415848557692
0,1,711,4319558313138,67.601260659837
0,2,711,4320654749978,67.61841994031074
0,3,711,4321752916542,67.6356062910344
0,0,712,4322842368000,67.65265625
0,1,712,4324629265421,67.6806212662291
0,2,712,4326070376346,67.70317470994216
0,3,712,4327167062180,67.720337887182
0,0,713,4328254061568,67.73734947115385
0,1,713,4329693447499,67.7598759186417
0,2,713,4330790525310,67.7770452303373
0,3,713,4331884794300,67.79417058387169
0,0,714,4332973986816,67.81121649038462
0,1,714,4334065480971,67.8282984176401
0,2,714,4335158300164,67.84540108179337
0,3,714,4336256607013,67.8625896279829
0,0,715,4337346433024,67.87964544871795
0,1,715,4339476800013,67.91298577744705
0,2,715,4340573142125,67.9301435754238
0,3,715,4342364480745,67.95817809659518
0,0,716,4343451566080,67.97519102564102
0,1,716,4344547839846,67.99234775400015
0,2,716,4345640836007,68.00945318770971
0,3,716,4346738158677,68.02662633145846
0,0,717,4347830188544,68.04371664262821
0,1,717,4348579529621,68.05544386050494
0,2,717,4349672779490,68.07255326475486
0,3,717,4350770733579,68.08973629023626
0,0,718,4352203103232,68.11215293269231
0,1,718,4353990625426,68.14012772664388
0,2,718,4355082624343,68.1572175534449
0,3,718,4356525317162,68.17979575386244
0,0,719,4357272690688,68.19149217948718
0,1,719,4358368624757,68.20864359157464
0,2,719,4359459974114,68.22572325273563
0,3,719,4360557690324,68.24290255540114
0,0,720,4361644873216,68.25991701121795
0,1,720,4362736124448,68.27699513671875
0,2,720,4363832350816,68.29415112329728
0,3,720,4364928858404,68.31131151098008
0,0,721,4366017602560,68.32835040064103
0,1,721,4367807077749,68.3563557590426
0,2,721,4368900624219,68.37346980511005
0,3,721,4370341931945,68.39602632876665
0,0,722,4371773736960,68.41843413461538
0,1,722,4372870841017,68.43560385706192
0,2,722,4373965313699,68.45273239838428
0,3,722,4375064199346,68.4699300027857
0,0,723,4376153438720,68.4869766426282
0,1,723,4377253389993,68.50419092411921
0,2,723,4378346019625,68.52129062163525
0,3,723,4379440145960,68.53841374261319
0,0,724,4381556918784,68.57154132211538
0,1,724,4382978415802,68.59378780739809
0,2,724,4384071591134,68.61089604514098
0,3,724,4385168072735,68.62805602612617
0,0,725,4386256983552,68.64509752403846
0,1,725,4387350660215,68.66221360763159
0,2,725,4388442166623,68.67929572664701
0,3,725,4389541317485,68.6964974816738
0,0,726,4390287906304,68.70818162660257
0,1,726,4391380603529,68.72528238195174
0,2,726,4392473076384,68.74237962590145
0,3,726,4394258309260,68.7703185919346
0,0,727,4395348234752,68.78737596955128
0,1,727,4396445049287,68.80454116096692
0,2,727,4397542182834,68.82171134493315
0,3,727,4398636542952,68.8388381246244
0,0,728,4399725282816,68.85587694711539
0,1,728,4400821545893,68.87303350819123
0,2,728,4401918479414,68.89020056174255
0,3,728,4403013104985,68.90733149578388
0,0,729,4404103627776,68.92439822115385
0,1,729,4405203319707,68.94160844393217
0,2,729,4406294378206,68.9586835531538
0,3,729,4407390176428,68.97583283923026
0,0,730,4408824873472,68.99828590544872
0,1,730,4409921203989,69.01544352196326
0,2,730,4411021267108,69.03265955384866
0,3,730,4412463004026,69.05522279437726
0,0,731,4413552010240,69.0722657852564
0,1,731,4414644999860,69.08937111659905
0,2,731,4415736826507,69.10645824736767
0,3,731,4416833421032,69.12361999561799
0,0,732,4417924635648,69.14069754807693
0,1,732,4419017318004,69.15779807072566
0,2,732,4420111424782,69.17492088563577
0,3,732,4421551179241,69.19745310060159
0,0,733,4422643902464,69.21455426282051
0,1,733,4423736461309,69.23165285251716
0,2,733,4425180012077,69.25424447987092
0,3,733,4426620470454,69.27678771118164
0,0,734,4427707564032,69.29380076923077
0,1,734,4428800918838,69.31091181574895
0,2,734,4429892345878,69.32799269265199
0,3,734,4430987549729,69.3451326767985
0,0,735,4432075469824,69.3621586698718
0,1,735,4433172901632,69.37933352163462
0,2,735,4434268871336,69.39648549141125
0,3,735,4435367092106,69.41367269046098
0,0,736,4436802679808,69.43613969551282
0,1,736,4438241678417,69.45866008139586
0,2,736,4439338236351,69.47582125699557
0,3,736,4440435981403,69.49300101103954
0,0,737,4441529389568,69.5101128926282
0,1,737,4442624326221,69.52724869511532
0,2,737,4443720330846,69.544401211407
0,3,737,4444814911930,69.56153144922501
0,0,738,4445906975744,69.57862229166666
0,1,738,4447002051121,69.59576026518994
0,2,738,4448095268590,69.61286916237856
0,3,738,4450227158062,69.6462333180276
0,0,739,4451315111936,69.66325983974359
0,1,739,4453099327602,69.69118288639949
0,2,739,4454536622373,69.71367660714957
0,3,739,4455632334496,69.73082454577325
0,0,740,4456723614208,69.74790311698717
0,1,740,4457816275437,69.76500330899752
0,2,740,4458909099474,69.78210604895959
0,3,740,4460006667281,69.7992830291122
0,0,741,4461101582848,69.81641850160257
0,1,741,4462203028485,69.83365616995005
0,2,741,4463300046956,69.85082455297226
0,3,741,4464397973388,69.8680071456205
0,0,742,4466179842048,69.89589346153846
0,1,742,4467970402545,69.92391580505371
0,2,742,4468718163183,69.93561828899678
0,3,742,4469813872650,69.95276618605394
0,0,743,4471591264256,69.98058243589743
0,1,743,4473038754369,70.00323571415828
0,2,743,4474134978920,70.02039167230069
0,3,743,4475229579918,70.03752222177359
0,0,744,4476316989440,70.05454022435897
0,1,744,4477413806600,70.07170545685597
0,2,744,4478856592682,70.0942851168432
0,3,744,4479954717605,70.11147081588354
0,0,745,4481047774720,70.12857720352564
0,1,745,4482493074838,70.151196208277
0,2,745,4483930580584,70.17369323079427
0,3,745,4485029927551,70.19089805487218
0,0,746,4486117343232,70.20791615384616
0,1,746,4487216153387,70.22511257679474
0,2,746,4488311485676,70.2422545710011
0,3,746,4489409452006,70.25943778805464
0,0,747,4490501826048,70.27653348557692
0,1,747,4491593578245,70.29361945120004
0,2,747,4492686947220,70.31073071946365
0,3,747,4494129149211,70.33330123840332
0,0,748,4495560696832,70.35570501602564
0,1,748,4496657274422,70.37286649924253
0,2,748,4497751389852,70.3899894495568
0,3,748,4498847416358,70.407142308287
0,0,749,4499935635968,70.42417298878205
0,1,749,4501029703153,70.44129518406012
0,2,749,4502125021511,70.45843696024578
0,3,749,4503220471199,70.47558079175118
0,0,750,4504309122048,70.49261822115385
0,1,750,4505407066070,70.5098010890863
0,2,750,4506845587741,70.53231401087052
0,3,750,4508636547624,70.56034260479267
0,0,751,4509727408128,70.57741461538461
0,1,751,4510818681034,70.59449308008439
0,2,751,4511914397269,70.61164108306103
0,3,751,4513011327888,70.62880809119592
0,0,752,4514099846144,70.64584344551282
0,1,752,4515196053162,70.66299912926307
0,2,752,4516290138338,70.68012160610101
0,3,752,4517384172780,70.69724328894982
0,0,753,4518477459456,70.71435326923077
0,1,753,4519578257057,70.73158079578889
0,2,753,4521363655196,70.75952234819461
0,3,753,4522460521433,70.77668834874862
0,0,754,4523896088064,70.79915502403847
0,1,754,4524992966057,70.81632120857435
0,2,754,4526084134866,70.83339804415189
0,3,754,4527181201125,70.85056717505822
0,0,755,4528269189120,70.86759423076923
0,1,755,4529363994980,70.88472798634065
0,2,755,4530460506221,70.90188843119303
0,3,755,4531554685027,70.91901237334423
0,0,756,4532642003968,70.93602895833334
0,1,756,4533734593300,70.95312802515275
0,2,756,4535176524895,70.97569431238419
0,3,756,4536619566889,70.99827797740447
0,0,757,4537707551232,71.01530497596154
0,1,757,4538809019008,71.03254299078526
0,2,757,4540249445791,71.05508572764862
0,3,757,4540999098539,71.06681782318898
0,0,758,4542087421440,71.08385012019231
0,1,758,4543184614490,71.10102123538286
0,2,758,4544278941918,71.1181475034743
0,3,758,4545377843237,71.13534535314315
0,0,759,4546466275840,71.15237936698718
0,1,759,4547564830273,71.16957178787622
0,2,759,4549698841433,71.20296914802748
0,3,759,4551138106465,71.22549370344113
0,0,760,4552573127680,71.24795184294872
0,1,760,4553671662270,71.26514395329403
0,2,760,4555112795103,71.28769773986816
0,3,760,4556208334115,71.30484296929775
0,0,761,4557295137280,71.3218514823718
0,1,761,4558388692525,71.33896566576836
0,2,761,4559482455656,71.35608310258914
0,3,761,4560581032607,71.3732758758858
0,0,762,4561324915200,71.38491766826924
0,1,762,4563115968464,71.41294772360777
0,2,762,4564556901772,71.43549838760768
0,3,762,4565655958372,71.4526986674304
0,0,763,4566744481792,71.4697341025641
0,1,763,4568189781297,71.49235309772199
0,2,763,4569284860269,71.50949112750713
0,3,763,4570724669015,71.53202419206669
0,0,764,4571815535616,71.54909629807692
0,1,764,4573263061653,71.5717501385498
0,2,764,4574359356569,71.58890719790728
0,3,764,4575454454635,71.6060455265143
0,0,765,4576885825536,71.62844653846155
0,1,765,4578678166431,71.65649674527683
0,2,765,4579770342175,71.67358933942747
0,3,765,4580864517103,71.6907132208878
0,0,766,4581953583616,71.70775715544872
0,1,766,4583053971828,71.72497827505259
0,2,766,4584149605330,71.74212498325446
0,3,766,4585248230255,71.75931850734614
0,0,767,4586340342784,71.77641011217949
0,1,767,4587440495986,71.79362755386744
0,2,767,4588534427753,71.81074762984838
0,3,767,4589631424742,71.82791567667644
0,0,768,4591063143424,71.85032213141025
0,1,768,4592850064983,71.87828752540001
0,2,768,4593940919015,71.8953594347049
0,3,768,4595040414571,71.9125665842066
0,0,769,4596128218624,71.92959076121795
0,1,769,4597225792031,71.9467678290108
0,2,769,4598318329691,71.96386608716134
0,3,769,4599412542677,71.9809905642309
0,0,770,4600158871552,71.99267064102564
0,1,770,4601249533441,72.00973954328488
0,2,770,4602346998430,72.02691491433168
0,3,770,4603444955795,72.04409799108261
0,0,771,4604533303296,72.06113067307693
0,1,771,4605977173420,72.08372729836489
0,2,771,4607073709223,72.10088812761356
0,3,771,4608172722618,72.11808773127629
0,0,772,4609261550080,72.1351279246795
0,1,772,4610358485910,72.15229501436674
0,2,772,4611451295004,72.16939752047026
0,3,772,4612545965867,72.1865291633332
0,0,773,4613635490816,72.2035802724359
0,1,773,4614734763362,72.22078393182217
0,2,773,4615481641574,72.23247260576298
0,3,773,4616579669222,72.24965678244567
0,0,774,4617671929344,72.26675069711538
0,1,774,4619116059974,72.28935139933269
0,2,774,4620557836189,72.3119152548609
0,3,774,4621654980554,72.32908560812926
0,0,775,4623088172032,72.35151511217948
0,1,775,4624185802903,72.36869307928623
0,2,775,4625281031071,72.38583344399477
0,3,775,4626378541290,72.40300952289289
0,0,776,4627467118080,72.42004579326924
0,1,776,4628563175022,72.43719912832407
0,2,776,4629656705572,72.45431292524289
0,3,776,4630755413592,72.47150774977464
0,0,777,4631846049792,72.48857625000001
0,1,777,4632945533529,72.50578321453388
0,2,777,4634388533806,72.52836622668144
0,3,777,4635830080811,72.55092649506398
0,0,778,4636918192640,72.56795548878205
0,1,778,4638365565803,72.59060693677071
0,2,778,4639460149086,72.60773720900316
0,3,778,4640558270045,72.62492284600674
0,0,779,4641650892288,72.64202242788461
0,1,779,4642747429212,72.65918327467699
0,2,779,4643841107926,72.67629939036834
0,3,779,4644935757776,72.69343070437701
0,0,780,4645681383936,72.70509978365385
0,1,780,4647465408719,72.73301984298315
0,2,780,4648557613542,72.75011289222131
0,3,780,4650347143768,72.77811911195413
0,0,781,4651439639552,72.79521671474359
0,1,781,4652886232559,72.8178559532596
0,2,781,4653979652193,72.83496801433857
0,3,781,4655422788395,72.85755315371783
0,0,782,4656510441984,72.87457497596154
0,1,782,4657603447651,72.89168055844038
0,2,782,4658353181935,72.90341393002241
0,3,782,4659449455842,72.9205706605882
0,0,783,4660540032000,72.93763822115385
0,1,783,4662325824751,72.96558594925318
0,2,783,4663422806072,72.9827537508764
0,3,783,4665209340200,73.0107130815555
0,0,784,4666298116608,73.02775247596153
0,1,784,4667394448955,73.04491012111566
0,2,784,4668487078752,73.06200982121395
0,3,784,4669582226066,73.07914892055413
0,0,785,4670670102528,73.09617423076924
0,1,785,4671418841125,73.10789201980982
0,2,785,4672513848516,73.12502892934945
0,3,785,4673609381454,73.1421740637207
0,0,786,4674699231744,73.15923026442307
0,1,786,4675795003896,73.17637914250301
0,2,786,4678623508961,73.22064536009178
0,3,786,4680412181930,73.2486381637182
0,0,787,4681156371968,73.2602847676282
0,1,787,4682249653300,73.27739466427535
0,2,787,4683345735661,73.29454839713856
0,3,787,4684443210602,73.31172392393455
0,0,788,4685534051328,73.328795625
0,1,788,4686626654205,73.3458949037992
0,2,788,4687721127539,73.3630234553254
0,3,788,4688819549921,73.380213809611
0,0,789,4689912083456,73.39731200320513
0,1,789,4691355066796,73.41989475028797
0,2,789,4692447003755,73.43698360744379
0,3,789,4694232613731,73.46492847510704
0,0,790,4695324720640,73.48201999198719
0,1,790,4696418370268,73.49913565248147
0,2,790,4697516062109,73.51631457377115
0,3,790,4698613674717,73.53349225506122
0,0,791,4699706973184,73.5506024198718
0,1,791,4700806851818,73.56781556455955
0,2,791,4701901481576,73.5849465641276
0,3,791,4702995421788,73.60206677227313
0,0,792,4704089646592,73.61919143429488
0,1,792,4705881676885,73.64723678017641
0,2,792,4706975931307,73.66436190572104
0,3,792,4708761587862,73.6923075023475
0,0,793,4709853082112,73.70938943108975
0,1,793,4710950159771,73.72655874040653
0,2,793,4711700302239,73.73829850008451
0,3,793,4712794955362,73.75542986531576
0,0,794,4713883654656,73.77246805288462
0,1,794,4714984902084,73.7897026192533
0,2,794,4716077308965,73.80679883070727
0,3,794,4717173779932,73.82395864526994
0,0,795,4718263233536,73.84100863782051
0,1,795,4719707116890,73.8636054701585
0,2,795,4721151597944,73.88621165652545
0,3,795,4722249281723,73.90339045164451
0,0,796,4723683085312,73.92582953525641
0,1,796,4724781258945,73.9430159966102
0,2,796,4725870344539,73.96006022978953
0,3,796,4726966885862,73.97722114542644
0,0,797,4728057377280,73.99428737980769
0,1,797,4729157631643,74.01150640466935
0,2,797,4730252931100,74.02864788505359
0,3,797,4731351318380,74.04583768999149
0,0,798,4732442519552,74.06291503205128
0,1,798,4733884370495,74.0854800570757
0,2,798,4735326990691,74.10805712094039
0,3,798,4736425924168,74.12525547388321
0,0,799,4737513791488,74.14228064102565
0,1,799,4738612012017,74.15946783630372
0,3,799,4740803918255,74.19377125674517
0,0,800,4741894481920,74.21083862179488
0,1,800,4742646710806,74.22261103399815
0,2,800,4743741166951,74.23973931651581
0,3,800,4744834833788,74.25685524633164
0,0,801,4745926488576,74.2739396875
0,1,801,4747023009774,74.29110028817983
0,2,801,4748467941736,74.31371353127504
0,3,801,4749908282473,74.33625492151505
0,0,802,4751000497152,74.353348125
0,1,802,4752097121615,74.37051034178123
0,2,802,4753189472573,74.38760567803799
0,3,802,4754285970911,74.40476592095791
0,0,803,4755376897536,74.42183896634616
0,1,803,4756473662757,74.43900338599572
0,2,803,4757566950375,74.45611338101901
0,3,803,4758664295265,74.47328687251165
0,0,804,4759752483328,74.49031705929487
0,1,804,4761190910610,74.51282850388748
0,2,804,4762631814441,74.53537870657114
0,3,804,4763730968624,74.55258051357171
0,0,805,4765163168768,74.57499450320513
0,1,805,4766254307767,74.59207087225498
0,2,805,4767350254888,74.60922248860678
0,3,805,4768101732265,74.62098313966409
0,0,806,4769189337600,74.63800420673077
0,1,806,4770289267169,74.65521814855332
0,2,806,4771384529504,74.67235904797677
0,3,806,4772483471658,74.689557536715
0,0,807,4773573264896,74.70661284455129
0,1,807,4775017406869,74.72921372428699
0,2,807,4776457886637,74.75175729036772
0,3,807,4778940069085,74.79060354512532
0,0,808,4780370649600,74.8129921875
0,1,808,4781471379924,74.83021866117038
0,2,808,4782568433889,74.8473875996751
0,3,808,4783666505722,74.86457246785481
0,0,809,4784755031552,74.88160794070512
0,1,809,4785852759493,74.89878742696126
0,2,809,4786948911013,74.9159422421656
0,3,809,4788045123973,74.93309801890838
0,0,810,4789132818432,74.95012048076923
0,1,810,4790580121441,74.97277083084498
0,2,810,4792023070429,74.99535304031764
0,3,810,4793467701284,75.01796157107623
0,0,811,4794556106240,75.0349951522436
0,1,811,4795653500617,75.05216941820976
0,2,811,4796746352876,75.06927259984725
0,3,811,4797842012579,75.08641971809583
0,0,812,4798934357504,75.1035149599359
0,1,812,4800034844865,75.1207376312256
0,2,812,4801126134147,75.13781635221041
0,3,812,4802225698079,75.15502457179926
0,0,813,4803312817664,75.17203803685898
0,1,813,4804757361217,75.19464520133776
0,2,813,4806892534122,75.2280607428448
0,3,813,4807988408163,75.24521121549166
0,0,814,4809422756352,75.2676588221154
0,1,814,4810518406399,75.28480578924717
0,2,814,4811961897141,75.30739647719163
0,3,814,4813059240526,75.32456994513096
0,0,815,4814146656256,75.3415880448718
0,1,815,4815245573292,75.35878614051232
0,2,815,4816342082409,75.37594655212402
0,3,815,4817439849937,75.3931266579183
0,0,816,4818531960320,75.41021822916667
0,1,816,4820323295788,75.43825270100912
0,2,816,4821761551373,75.46076145853678
0,3,816,4822858035815,75.47792148398375
0,0,817,4823946993152,75.4949637099359
0,1,817,4825043982253,75.51213163331643
0,2,817,4826137817252,75.52925019487431
0,3,817,4827236663270,75.54644717908027
0,0,818,4827983047168,75.55812811698718
0,1,818,4829083167232,75.57534504006411
0,2,818,4830178530335,75.5924875165108
0,3,818,4831274966439,75.60964678546613
0,0,819,4832366364672,75.62672721153847
0,1,819,4833808927124,75.64930337170723
0,2,819,4834900177425,75.66638148263785
0,3,819,4836339773579,75.68891122012407
0,0,820,4837430858752,75.70598674679488
0,1,820,4838530094357,75.72318982805301
0,2,820,4839624286226,75.74031397464067
0,3,820,4840722687500,75.75750399858524
0,0,821,4841810973184,75.77453571314103
0,1,821,4842910713604,75.79174669477415
0,2,821,4844006147743,75.80889028293707
0,3,821,4845100594059,75.82601841163049
0,0,822,4846189009408,75.84305215544872
0,1,822,4847979056723,75.87106646764511
0,2,822,4849071456244,75.88816256391476
0,3,822,4850515622441,75.91076382275703
0,0,823,4851606993920,75.92784383012821
0,1,823,4852700412895,75.9449558808938
0,2,823,4853798596102,75.96214249208109
0,3,823,4854893051293,75.9792707596686
0,0,824,4855985622016,75.9963695352564
0,1,824,4857087277030,76.01361048036233
0,2,824,4858180787369,76.0307239609782
0,3,824,4859276654372,76.04787432348007
0,0,825,4860364020736,76.06489165064103
0,1,825,4861458648999,76.08202262681228
0,2,825,4863246711796,76.11000588122246
0,3,825,4864346022918,76.12721014432468
0,0,826,4865434291712,76.14424159455129
0,1,826,4866878515915,76.16684376118978
0,2,826,4867974307316,76.18399294051733
0,3,826,4869070882094,76.20115437972632
0,0,827,4870163018240,76.21824635416667
0,1,827,4870912968441,76.2299831048584
0,2,827,4872007803242,76.24711731335762
0,3,827,4873105756929,76.2643003325477
0,0,828,4874192915456,76.28131440705128
0,1,828,4875638692008,76.30394086801383
0,2,828,4876734882148,76.3210962876227
0,3,828,4879558598826,76.36528756676307
0,0,829,4880991836160,76.38771778846154
0,1,829,4882436701338,76.41032998638447
0,2,829,4883531404625,76.42746213668433
0,3,829,4884628596645,76.44463323575533
0,0,830,4885719568896,76.46170699519232
0,1,830,4886817405064,76.47888817520533
0,2,830,4887911397871,76.49600920646472
0,3,830,4888662269286,76.50776037419246
0,0,831,4889750585344,76.52479256410257
0,1,831,4891889469928,76.55826619353466
0,2,831,4893678747605,76.58626846086551
0,3,831,4895120333084,76.60882933136769
0,0,832,4896209418240,76.62587355769232
0,1,832,4897307873542,76.64306442717724
0,2,832,4898400600027,76.66016564044659
0,3,832,4899499379862,76.67736158888597
0,0,833,4900586738176,76.6943787900641
0,1,833,4901686623982,76.71159204699394
0,2,833,4902779987626,76.72870323182718
0,3,833,4903533233771,76.74049156417456
0,0,834,4904621417984,76.75752169070513
0,1,834,4906066797803,76.78014194278033
0,2,834,4907855396357,76.80813358180902
0,3,834,4908951486185,76.82528743153108
0,0,835,4910040467456,76.84233003205128
0,1,835,4911139302987,76.85952685213529
0,2,835,4912231727262,76.87662333580604
0,3,835,4913677013542,76.89924212399214
0,0,836,4914765921280,76.91628357371795
0,1,836,4915867485190,76.93352309304262
0,2,836,4916960214711,76.9506243538255
0,3,836,4918058028450,76.96780518282377
0,0,837,4918806201856,76.97951412660257
0,1,837,4920253799452,77.00216908697666
0,2,837,4921693314772,77.02469755940756
0,3,837,4922789044965,77.04184578082746
0,0,838,4924567164928,77.06967342948718
0,1,838,4925667801893,77.08689844208547
0,2,838,4926762088492,77.10402407120142
0,3,838,4927861566939,77.12123095294659
0,0,839,4928950842880,77.13827816506411
0,1,839,4930048980263,77.15546405910395
0,2,839,4930795890553,77.16715323506673
0,3,839,4931891271073,77.18429598409017
0,0,840,4932986073088,77.20142967948718
0,1,840,4934429067020,77.22401259233524
0,2,840,4935876649707,77.2466673193829
0,3,840,4936975015072,77.26385678135016
0,0,841,4938406191616,77.28625475160257
0,1,841,4939853192288,77.30890037009215
0,2,841,4940944534567,77.32597992048215
0,3,841,4941698034123,77.33777221872184
0,0,842,4942785350656,77.35478876602565
0,1,842,4943876243025,77.37186127530612
0,2,842,4944967479708,77.38893917311448
0,3,842,4946063310653,77.40608897130721
0,0,843,4947153617920,77.42315232371796
0,1,843,4948596795363,77.44573810852052
0,2,843,4949687876006,77.46281356429662
0,3,843,4951127847969,77.48534918320875
0,0,844,4952219789312,77.50243810897436
0,1,844,4953659286800,77.52496630233374
0,2,844,4954756314849,77.54213483525203
0,3,844,4955506987423,77.55388289111015
0,0,845,4956594671616,77.57090519230769
0,1,845,4957694595404,77.58811904365736
0,2,845,4958790192217,77.60526517767491
0,3,845,4959886383399,77.62242061359112
0,0,846,4960975672832,77.63946803685897
0,1,846,4962075659590,77.65668287369166
0,2,846,4963860297648,77.68461253079928
0,3,846,4964957609986,77.70178551285181
0,0,847,4966046986752,77.71883430288462
0,1,847,4967148555970,77.7360739052797
0,2,847,4968242724971,77.75319769398224
0,3,847,4969337284494,77.77032759436975
0,0,848,4970425986560,77.78736582532052
0,1,848,4971523536532,77.80454252635467
0,2,848,4972618775327,77.82168305737618
0,3,848,4973717317903,77.8388752927027
0,0,849,4974808357376,77.85595010416667
0,1,849,4975909289130,77.8731797302246
0,2,849,4977698085987,77.9011744727032
0,3,849,4979830934301,77.93455363426796
0,0,850,4981605901312,77.96233193910257
0,1,850,4982356365025,77.97407672627767
0,2,850,4983449154657,77.9911789278001
0,3,850,4984545186881,78.00833187601725
0,0,851,4985636631040,78.02541302083334
0,1,851,4986735851219,78.04261586067396
0,2,851,4987831467287,78.05976229603303
0,3,851,4988930834398,78.07696743536533
0,0,852,4990021478400,78.0940360576923
0,1,852,4991813794407,78.12208587500939
0,2,852,4993252623854,78.14460361350035
0,3,852,4994348751475,78.16175805468437
0,0,853,4995441108480,78.17885348557692
0,1,853,4996539928103,78.1960500567001
0,2,853,4997632786597,78.21315333591559
0,3,853,4998727928322,78.23029234778771
0,0,854,4999819488256,78.24737530448718
0,1,854,5000919979046,78.26459802944086
0,2,854,5002014871907,78.2817331465814
0,3,854,5003113437599,78.29892574367426
0,0,855,5004208381952,78.31606166666667
0,1,855,5005305704515,78.33323480874087
0,2,855,5006747840858,78.3558043002867
0,3,855,5008189561474,78.37836728568836
0,0,856,5009277992448,78.39540127403846
0,1,856,5010379043262,78.41263276339018
0,2,856,5011472498015,78.42974537408291
0,3,856,5012568653333,78.4469002487261
0,0,857,5013317488128,78.45861954326924
0,1,857,5014413802485,78.47577690687913
0,2,857,5015506000619,78.49286985143418
0,3,857,5016947032477,78.51542205774552
0,0,858,5017694983680,78.52712752403846
0,1,858,5018794902014,78.5443412900328
0,2,858,5020243321570,78.56700911411383
0,3,858,5021683094758,78.58954162218926
0,0,859,5022772498944,78.60659084134616
0,1,859,5023868478332,78.62374296267778
0,2,859,5025311028306,78.64631892756536
0,3,859,5026408579620,78.66349564960187
0,0,860,5027499909632,78.68057500801282
0,1,860,5028596261695,78.69773296172313
0,2,860,5029691397371,78.71487187892816
0,3,860,5030789076903,78.73205060758151
0,0,861,5031879029248,78.74910840544872
0,1,861,5032977759557,78.76630357880421
0,2,861,5034764755557,78.7942701377986
0,3,861,5035859247772,78.81139898481321
0,0,862,5036950381056,78.82847526442308
0,1,862,5038051781309,78.84571222250914
0,2,862,5039150705452,78.8629104293745
0,3,862,5040248472111,78.88009052156889
0,0,863,5041345926144,78.89726572115384
0,1,863,5042443644666,78.91444506000225
0,2,863,5043536969193,78.93155563265287
0,3,863,5044632009665,78.94869305991149
0,0,864,5045720131584,78.96572221153846
0,1,864,5047163497606,78.98831094760993
0,2,864,5048950524539,79.01627799070701
0,3,864,5050048570469,79.03346245350373
0,0,865,5051139775488,79.05053985576923
0,1,865,5052236214266,79.06769916657277
0,2,865,5053330524440,79.08482516463842
0,3,865,5054427338724,79.10199035212591
0,0,866,5055519230976,79.11907850961539
0,1,866,5056616031733,79.13624348540478
0,2,866,5057711330279,79.15338495153183
0,3,866,5058810021238,79.17057950905824
0,0,867,5059896792064,79.18758751602564
0,1,867,5060995541477,79.2047829883595
0,2,867,5062092042919,79.22194327985714
0,3,867,5063533745329,79.24450598033417
0,0,868,5064628549120,79.26163970352565
0,1,868,5066074887535,79.28427495766664
0,2,868,5067172577276,79.30145384609125
0,3,868,5068269870099,79.31862652273325
0,0,869,5069361400320,79.33570901442307
0,1,869,5070462238103,79.35293716983111
0,2,869,5071208517474,79.36461647188627
0,3,869,5072303304678,79.38174993549053
0,0,870,5073390793728,79.3987691826923
0,1,870,5074838271344,79.4214222653746
0,2,870,5075935120740,79.43858800236629
0,3,870,5077379422437,79.46119138178899
0,0,871,5079154278400,79.48896794871796
0,1,871,5080252590211,79.50615657256297
0,2,871,5081348437535,79.52330662708772
0,3,871,5082444517331,79.54046031980857
0,0,872,5083538506240,79.5575812900641
0,1,872,5084639612585,79.5748136484782
0,2,872,5085735434459,79.59196330470941
0,3,872,5086834119012,79.60915776198168
0,0,873,5087923611136,79.6262083573718
0,1,873,5089021399207,79.64338878466484
0,2,873,5091156786020,79.67680767384064
0,3,873,5092255137833,79.69399692371857
0,0,874,5093690037248,79.71645315705129
0,1,874,5094787849629,79.73363396479681
0,2,874,5095881345947,79.75074722598345
0,3,874,5096980319079,79.76794619952862
0,0,875,5098067109888,79.78495451923077
0,1,875,5099163747194,79.80211693700547
0,2,875,5100256489524,79.8192183982497
0,3,875,5101353938148,79.8363935131836
0,0,876,5102449926656,79.8535457772436
0,1,876,5104242918673,79.88160617414425
0,2,876,5105684044519,79.90415985137157
0,3,876,5106781650849,79.92133743441069
0,0,877,5108212646400,79.9437325721154
0,1,877,5109306484304,79.96085117913663
0,2,877,5110400366323,79.97797047655938
0,3,877,5111497235685,79.99513652601976
0,0,878,5112584572928,80.0121533974359
0,1,878,5113682661417,80.02933852628269
0,2,878,5114775631768,80.0464435560647
0,3,878,5115871646308,80.06359622752655
0,0,879,5116962721792,80.08067160256411
0,1,879,5118751979912,80.10867356382713
0,2,879,5119844332831,80.12576893077362
0,3,879,5121288981800,80.14837774501703
0,0,880,5122381388800,80.16547395833334
0,1,880,5123479322949,80.18265667175294
0,2,880,5124571206949,80.19974470009828
0,3,880,5125668660923,80.2169198987599
0,0,881,5126758755840,80.23397992788462
0,1,881,5127855016731,80.25113645474947
0,2,881,5128950534122,80.26828134580954
0,3,881,5130047149137,80.2854434147292
0,0,882,5131136921600,80.3024983974359
0,1,882,5132236578579,80.31970807321402
0,2,882,5134026640208,80.34772260942508
0,3,882,5135468863269,80.3702934581111
0,0,883,5136556418048,80.38731373397437
0,1,883,5137651237424,80.40444770107172
0,2,883,5138743722347,80.4215451338861
0,3,883,5139496933623,80.43333292053222
0,0,884,5140586420736,80.45038343750001
0,1,884,5141685690977,80.46758706081293
0,2,884,5142780251860,80.48471698248447
0,3,884,5143877234840,80.50188481007112
0,0,885,5144969296384,80.51897561698718
0,1,885,5146412397078,80.54156020066482
0,2,885,5147514867937,80.55881391377767
0,3,885,5148960443819,80.58143723424668
0,0,886,5150394738176,80.60388399839744
0,1,886,5151490764201,80.62103684959999
0,2,886,5152584919644,80.6381604261193
0,3,886,5153679307511,80.65528764008351
0,0,887,5154767910912,80.67232432692307
0,1,887,5155865470849,80.68950118390988
0,2,887,5156960431352,80.70663735965044
0,3,887,5158057108123,80.72380039505397
0,0,888,5158802064896,80.73545899839743
0,1,888,5160245827951,80.75805394805126
0,2,888,5161341427668,80.77520012751653
0,3,888,5162781172710,80.79773219510592
0,0,889,5164219642880,80.82024431089744
0,1,889,5165319232220,80.8374529281225
0,2,889,5166413265193,80.8545745879814
0,3,889,5167510632756,80.87174843430739
0,0,890,5168607325184,80.88891171474359
0,1,890,5169706273528,80.90611030035556
0,2,890,5170798583264,80.92320499148639
0,3,890,5171895594211,80.9403732567577
0,0,891,5172983055872,80.95739207532051
0,1,891,5174427189375,80.97999282250038
0,2,891,5175518950386,80.99707892606295
0,3,891,5176959301097,81.01962047239647
0,0,892,5179423772160,81.05818954326924
0,1,892,5180522138818,81.075379025472
0,2,892,5181617084263,81.09251496555426
0,3,892,5182715678799,81.10970801405686
0,0,893,5183812617728,81.1268751522436
0,1,893,5184914268904,81.14411603728466
0,2,893,5186008198183,81.1612360743283
0,3,893,5187104208875,81.17838868556879
0,0,894,5187853195776,81.19011036057692
0,1,894,5188954127163,81.2073399808913
0,2,894,5190745019481,81.2353675174185
0,3,894,5192185771285,81.25791534087352
0,0,895,5193277036032,81.27499367788462
0,1,895,5194369238617,81.29208669209798
0,2,895,5195466249837,81.30925496164176
0,3,895,5196565470375,81.32645780710074
0,0,896,5197654067200,81.34349439102564
0,1,896,5198750638159,81.36065577046712
0,2,896,5199845904157,81.37779672721668
0,3,896,5200944268892,81.39498617932442
0,0,897,5201688431616,81.40663235576923
0,1,897,5203131875392,81.42922230869391
0,2,897,5204570795843,81.45174147140112
0,3,897,5205668732833,81.46892422928248
0,0,898,5207102695936,81.49136580929488
0,1,898,5208199482766,81.50853056712616
0,2,898,5209294354795,81.52566535824506
0,3,898,5210392622839,81.5428532971348
0,0,899,5211481604608,81.55989590544873
0,1,899,5212580530057,81.57709413275303
0,2,899,5213326452962,81.58876785610101
0,3,899,5214425686250,81.605970901098
0,0,900,5215516764160,81.62304631410257
0,1,900,5216961884542,81.64566250597832
0,2,900,5218405428832,81.66825403195112
0,3,900,5219848049074,81.6908310965357
0,0,901,5220940768768,81.70793220352564
0,1,901,5222036973824,81.72508785657051
0,2,901,5223132076641,81.74222625953088
0,3,901,5224226696542,81.7593571048365
0,0,902,5225314421760,81.77638004807693
0,1,902,5226412388564,81.79356327254858
0,2,902,5227509718812,81.81073653489334
0,3,902,5228261185350,81.82249701631986
0,0,903,5229350663168,81.83954738782052
0,1,903,5230793138388,81.862122182805
0,2,903,5232580530861,81.89009494661772
0,3,903,5234025444802,81.91270790768354
0,0,904,5235122799616,81.92988155448718
0,1,904,5236222589494,81.94709331013998
0,2,904,5237314878680,81.96418767966246
0,3,904,5238412721517,81.9813689640456
0,0,905,5239501209088,81.99840383814103
0,1,905,5240592417788,82.01548129801432
0,2,905,5241685774758,82.03259237839919
0,3,905,5242781937923,82.04974737584824
0,0,906,5243873088000,82.06682391826924
0,1,906,5245318890402,82.08945078378531
0,2,906,5246756378891,82.11194753622985
0,3,906,5248543875449,82.13992192897699
0,0,907,5249638479872,82.15705253205128
0,1,907,5250738982612,82.17427544402294
0,2,907,5251832275054,82.19138551454202
0,3,907,5252929454888,82.20855642290165
0,0,908,5253678514688,82.22027923878206
0,1,908,5254773381892,82.23741395438952
0,2,908,5255864902624,82.25449629757613
0,3,908,5256961866020,82.27166381867238
0,0,909,5258051530240,82.2887171073718
0,1,909,5259840135765,82.31670885549693
0,2,909,5261625247237,82.34464592155261
0,3,909,5263068797268,82.3672375373723
0,0,910,5264155774464,82.38424877403847
0,1,910,5265252602721,82.40141418020396
0,2,910,5266347085346,82.41854287713467
0,3,910,5267442925795,82.43569282406538
0,0,911,5268532889600,82.45275080128205
0,1,911,5269633924949,82.4699820486059
0,2,911,5270726984941,82.48708848127316
0,3,911,5271821695117,82.50422073938614
0,0,912,5273597344256,82.53200971955128
0,1,912,5274696662150,82.54921408863557
0,2,912,5276484045555,82.57718671053374
0,3,912,5278273794157,82.6051963478597
0,0,913,5279713238016,82.62772370192307
0,1,913,5280809654590,82.64488266523313
0,2,913,5281904369626,82.6620149994053
0,3,913,5282653658142,82.67374139470027
0,0,914,5284086875136,82.69617129807692
0,1,914,5284838930266,82.70794099099184
0,2,914,5285930880310,82.72503005292843
0,3,914,5287372623209,82.74759338705992
0,0,915,5288804193792,82.76999752403846
0,1,915,5290246990412,82.79257734894581
0,2,915,5291342389225,82.80972038425544
0,3,915,5292441524847,82.82692190077562
0,0,916,5293532854272,82.84400125
0,1,916,5294633310815,82.86122343898676
0,2,916,5295730054882,82.87838752757537
0,3,916,5296828369440,82.89557619441106
0,0,917,5297574370816,82.90725114583334
0,1,917,5298673539252,82.92445317589393
0,2,917,5299768086627,82.94158288616474
0,3,917,5301209678794,82.96414386133439
0,0,918,5302296900608,82.98115892628205
0,1,918,5303741740022,83.00377072099735
0,2,918,5305181800748,83.02630772905398
0,3,918,5306277062355,83.04344861708421
0,0,919,5307368035840,83.06052239583333
0,1,919,5308463996305,83.07767422101927
0,2,919,5309900982574,83.10016311370067
0,3,919,5310997573156,83.1173248002429
0,0,920,5312090140160,83.1344235176282
0,1,920,5313191462205,83.15165925175593
0,2,920,5313939424404,83.16336489013672
0,3,920,5315383160777,83.18595942221617
0,0,921,5316817453568,83.20840616185897
0,1,921,5317913497814,83.2255592982209
0,2,921,5319005201965,83.24264451192221
0,3,921,5320444030161,83.26516223083496
0,0,922,5321533299712,83.28220934294872
0,1,922,5322288402608,83.29402673352364
0,2,922,5323379752163,83.31110639778333
0,3,922,5324475152056,83.328249449995
0,0,923,5325563692544,83.34528515224359
0,1,923,5326663052932,83.36249018636067
0,2,923,5327756238782,83.37959858871069
0,3,923,5328852925519,83.39676178008251
0,0,924,5330286288896,83.41919397435898
0,1,924,5331383518225,83.43636565731734
0,2,924,5332477189101,83.45348165034368
0,3,924,5333920734046,83.47607318656726
0,0,925,5335009261056,83.49310867788462
0,1,925,5335763031549,83.5049052162992
0,2,925,5336856312981,83.52201511451135
0,3,925,5337952297293,83.53916731290377
0,0,926,5339039959040,83.55618926282051
0,1,926,5340137090001,83.57335940631573
0,2,926,5341230354271,83.59046903594188
0,3,926,5342328993516,83.60766278414214
0,0,927,5343767985664,83.63018306891026
0,1,927,5345214471005,83.65282062244904
0,2,927,5346308936936,83.669949058118
0,3,927,5347404504570,83.68709473548303
0,0,928,5348838538240,83.7095374198718
0,1,928,5349930575053,83.72662783974673
0,2,928,5351372037228,83.74918678053636
0,3,928,5352122986842,83.76093917208158
0,0,929,5353212649984,83.77799244391026
0,1,929,5354312334028,83.7952025432567
0,2,929,5355406034412,83.81231899808444
0,3,929,5356500226790,83.82944315263798
0,0,930,5359308545536,83.87339345352564
0,1,930,5360369418813,83.88999616281363
0,2,930,5361461685036,83.90709017296425
0,3,930,5362558315233,83.9242524794828
0,0,931,5363648910848,83.94132034455129
0,1,931,5364749039149,83.9585373965376
0,2,931,5365840440785,83.97561787586702
0,3,931,5366937682570,83.99278975376227
0,0,932,5367684073984,84.00447080929487
0,1,932,5368781740122,84.02164932833158
0,2,932,5369876417897,84.03878107936761
0,3,932,5370975261814,84.05597803069286
0,0,933,5372406160896,84.07837165865385
0,1,933,5373502193646,84.09552461510292
0,2,933,5374593773987,84.11260789117276
0,3,933,5375687813582,84.12972965466622
0,0,934,5376779350528,84.14681225160257
0,1,934,5378571856198,84.1748650371532
0,2,934,5379668201746,84.1920228889035
0,3,934,5380762031839,84.20914137368227
0,0,935,5381849822208,84.22616533653846
0,1,935,5382947644703,84.24334630256848
0,2,935,5384045236707,84.26052366140513
0,3,935,5385488142903,84.28310520118127
0,0,936,5386920266240,84.30551798878206
0,1,936,5388011555435,84.32259670840533
0,2,936,5389108489565,84.33976377148751
0,3,936,5390548703561,84.36230317822579
0,0,937,5391635971072,84.37931895833333
0,1,937,5392729597929,84.39643426246056
0,2,937,5393823961442,84.41356109528371
0,3,937,5395264873623,84.4361114286452
0,0,938,5396353034752,84.45314119391026
0,1,938,5397450816887,84.47032152830467
0,2,938,5399238392358,84.49829715604342
0,3,938,5400679933289,84.52085732936762
0,0,939,5401768110592,84.53788734775641
0,1,939,5402864571529,84.55504700534918
0,2,939,5403961390658,84.5722122686611
0,3,939,5405058834687,84.58938731168307
0,0,940,5406146970112,84.6064166746795
0,1,940,5407245120645,84.62360277451735
0,2,940,5408337248543,84.64069461987619
0,3,940,5409430928558,84.65781075592824
0,0,941,5410519751168,84.67485087339743
0,1,941,5411615323717,84.69199662768241
0,2,941,5413400154743,84.71992930474697
0,3,941,5414499547049,84.73713483838203
0,0,942,5416282771968,84.7650423798077
0,1,942,5417383080771,84.78226225665753
0,2,942,5418478479354,84.79940528836764
0,3,942,5419573643995,84.81654465887608
0,0,943,5420666733568,84.83365155448718
0,1,943,5421417537403,84.84540166458521
0,2,943,5422511525738,84.86252262585762
0,3,943,5423605449904,84.87964258288261
0,0,944,5424697197568,84.89672847756411
0,1,944,5425798866303,84.91396963740422
0,2,944,5427240374188,84.9365292935572
0,3,944,5428338684457,84.95371789326985
0,0,945,5429431825920,84.97082560096155
0,1,945,5430878337301,84.99346356202737
0,2,945,5432320624425,85.0160354133019
0,3,945,5433417268524,85.03319793738733
0,0,946,5434509146112,85.05028586538462
0,1,946,5435610399973,85.06752053243001
0,2,946,5436706764782,85.08467868561574
0,3,946,5437802000101,85.1018191622377
0,0,947,5438894209536,85.11891228365384
0,1,947,5440337186472,85.14149493051383
0,2,947,5441774282085,85.16398553443322
0,3,947,5442872743917,85.1811765061129
0,0,948,5444303221760,85.20356354166667
0,1,948,5445745729946,85.22613885257036
0,2,948,5446836987626,85.24321707898262
0,3,948,5447586551119,85.25494777767867
0,0,949,5449019231232,85.27736927884615
0,1,949,5450111455035,85.29446262512208
0,2,949,5451207366567,85.31161368450458
0,3,949,5452307374243,85.3288288487048
0,0,950,5453402977280,85.34597508012821
0,1,950,5454850558777,85.36862978855231
0,2,950,5456292993836,85.39120395501553
0,3,950,5457736558972,85.41379580722906
0,0,951,5458826896384,85.43085963141026
0,1,951,5459918181518,85.44793828747872
0,2,951,5461011268970,85.46504514989608
0,3,951,5462110318377,85.48224531714807
0,0,952,5463201108992,85.49931623397435
0,1,952,5464299656331,85.51650854384202
0,2,952,5465394821660,85.53364792511769
0,3,952,5466489272533,85.55077612512834
0,0,953,5467580553216,85.56785471153846
0,1,953,5468681647246,85.58508687722231
0,2,953,5470465762221,85.61300834806002
0,3,953,5471563901928,85.63019427847055
0,0,954,5472994878464,85.65258911858974
0,1,954,5474096160155,85.66982422117576
0,2,954,5475882680421,85.69778333491399
0,3,954,5476978720937,85.71493641290127
0,0,955,5478070172160,85.73201766826924
0,1,955,5479165857016,85.74916518016326
0,2,955,5480257519938,85.76624974862906
0,3,955,5481354701920,85.78342069060497
0,0,956,5482442472960,85.80044435096154
0,1,956,5484229942329,85.82841831819975
0,2,956,5485322865314,85.84552260670198
0,3,956,5486762580778,85.86805421139448
0,0,957,5487511790592,85.879779375
0,1,957,5488606731288,85.89691524076022
0,2,957,5489703467921,85.91407921300643
0,3,957,5490799360295,85.93122997256548
0,0,958,5491891318272,85.94831915865385
0,1,958,5492983613943,85.96541362966684
0,2,958,5494078243942,85.98254463300657
0,3,958,5495177228493,85.99974378525954
0,0,959,5496617564672,86.02228510416667
0,1,959,5498062926217,86.04490507025304
0,2,959,5499501960490,86.06742601427909
0,3,959,5500596994468,86.08456333990635
0,0,960,5502031255040,86.10700957532052
0,1,960,5503130633442,86.12421489135743
0,2,960,5504224423227,86.14133274531439
0,3,960,5505318783737,86.15845953114045
0,0,961,5506067109888,86.17017086538462
0,1,961,5507165245712,86.18735673502604
0,2,961,5508257490109,86.20445040359888
0,3,961,5509351846629,86.2215771269813
0,0,962,5510784083968,86.24399169871795
0,1,962,5511875462251,86.261071812572
0,2,962,5513317511201,86.28363993641389
0,3,962,5514416910347,86.30084557709523
0,0,963,5515506521088,86.31789802884616
0,1,963,5516603029535,86.33505842997234
0,2,963,5517696336147,86.35216872225249
0,3,963,5518794652582,86.3693574184633
0,0,964,5519886786048,86.38644935096154
0,1,964,5520983368717,86.40361091366499
0,2,964,5522075606498,86.42070447869717
0,3,964,5523172498281,86.4378708790471
0,0,965,5524604321280,86.46027896634615
0,1,965,5526051266914,86.48292372348884
0,2,965,5527491292838,86.50546018689278
0,3,965,5528586597419,86.52260174746783
0,0,966,5529677437440,86.5396734375
0,1,966,5530768386779,86.55674683836325
0,2,966,5531860233062,86.57383427643605
0,3,966,5532955076069,86.59096861335951
0,0,967,5534045344256,86.60803135416667
0,1,967,5535144325809,86.62523045950083
0,2,967,5536238617664,86.6423561708734
0,3,967,5537337320850,86.65955091975286
0,0,968,5539116024832,86.68738770833333
0,1,968,5539871131750,86.69920516185272
0,2,968,5541310959544,86.72173852451422
0,3,968,5542407015597,86.73889184565618
0,0,969,5543494162432,86.75590573717949
0,1,969,5544592704497,86.77309796450884
0,2,969,5545685535903,86.79020081979606
0,3,969,5546780065379,86.80733024994679
0,0,970,5547866703872,86.82433618589744
0,1,970,5548966512584,86.84154823630308
0,2,970,5550059271533,86.85864995763535
0,3,970,5551157078032,86.87583067332733
0,0,971,5552249368064,86.89292505608975
0,1,971,5554039096114,86.9209343717761
0,2,971,5555133058795,86.93805493156238
0,3,971,5556230372654,86.95522793741863
0,0,972,5557323814400,86.97234034455128
0,1,972,5558420462377,86.98950292932756
0,2,972,5559513903000,87.00661531888522
0,3,972,5560612518117,87.0238086894813
0,0,973,5561702716928,87.04087034455128
0,1,973,5562796497675,87.05798805706318
0,2,973,5563893676148,87.0751589441231
0,3,973,5564989899926,87.09231489016803
0,0,974,5566080689664,87.10938579326924
0,1,974,5567869604475,87.13738238173265
0,2,974,5568966747104,87.15455270783254
0,3,974,5570064554407,87.17173343610715
0,0,975,5571157250560,87.18883417467949
0,1,975,5572251652210,87.2059616043482
0,2,975,5573347028703,87.22310429034894
0,3,975,5574443416427,87.24026280215533
0,0,976,5575874049024,87.2626522596154
0,1,976,5576973527560,87.27985914275341
0,2,976,5578067875550,87.29698573264098
0,3,976,5579166280917,87.31417582064115
0,0,977,5580257201152,87.33124876602564
0,1,977,5582044968816,87.35922740159255
0,2,977,5583141220961,87.37638379158216
0,3,977,5584585189288,87.398981953751
0,0,978,5585678347776,87.41608992788461
0,1,978,5586775494460,87.43326031744542
0,2,978,5588216815585,87.45581705079691
0,3,978,5588969041255,87.46758941266965
0,0,979,5590059136000,87.48464943910257
0,1,979,5591155547963,87.50180833025028
0,2,979,5592250527080,87.51894479730069
0,3,979,5593347291416,87.53610920309997
0,0,980,5594778797568,87.55851233173077
0,1,980,5596225968788,87.58116061930339
0,2,980,5597318321887,87.59825598906689
0,3,980,5598417726007,87.61546170759152
0,0,981,5599507573760,87.63251786858974
0,1,981,5600604884608,87.64969082732372
0,2,981,5601697385892,87.6667885161884
0,3,981,5602794991589,87.68396608932105
0,0,982,5603883056128,87.70099434294872
0,1,982,5604983658099,87.7182188078895
0,2,982,5606076335209,87.73531924843813
0,3,982,5607170188696,87.75243809933394
0,0,983,5608262836736,87.7695380849359
0,1,983,5609709029915,87.79217106612768
0,2,983,5611149717487,87.81471788434934
0,3,983,5612247992016,87.83190592472957
0,0,984,5613339523584,87.8489884375
0,1,984,5614440324595,87.86621601742476
0,2,984,5615534243998,87.8833358999086
0,3,984,5616629067908,87.90046993796324
0,0,985,5618062906368,87.9229095673077
0,1,985,5619160019316,87.94007942889874
0,2,985,5620254739175,87.95721183855106
0,3,985,5621004577326,87.9689468356558
0,0,986,5622437729792,87.99137572916666
0,1,986,5623881273617,88.01396724786221
0,2,986,5625323594820,88.03653963247446
0,3,986,5626421138727,88.05371623859112
0,0,987,5627510413824,88.0707634375
0,1,987,5628606906062,88.08792358495468
0,2,987,5629702695719,88.10507273698856
0,3,987,5630797021401,88.12219897775503
0,0,988,5631884781056,88.1392224599359
0,1,988,5632981206184,88.15638155711639
0,2,988,5633727583378,88.16806239010542
0,3,988,5634823278282,88.18521005925105
0,0,989,5636602230784,88.21305073717949
0,1,989,5637702219320,88.23026560183794
0,2,989,5639144446806,88.2528365197754
0,3,989,5640241344418,88.27000301134942
0,0,990,5641674605568,88.29243360576923
0,1,990,5642774619049,88.30964886081793
0,2,990,5643867307879,88.32674948478504
0,3,990,5644618427230,88.3385045327211
0,0,991,5645706995200,88.35554066506411
0,1,991,5646803055035,88.37269404539451
0,2,991,5647895930087,88.38979758374337
0,3,991,5648995026177,88.40699848158617
0,0,992,5650083287040,88.4240298076923
0,1,992,5651528910702,88.44665387592022
0,2,992,5652621577443,88.46375415419358
0,3,992,5653717158503,88.48090004167607
0,0,993,5654808293376,88.49797634615385
0,1,993,5656597142745,88.52597191044734
0,2,993,5657690283619,88.54307960892115
0,3,993,5659131667278,88.56563732093224
0,0,994,5660220568576,88.5826786698718
0,1,994,5661319219298,88.59987259768755
0,2,994,5662416506488,88.61704518617287
0,3,994,5663514555652,88.63422969958184
0,0,995,5664945839616,88.65662935096154
0,1,995,5666392346604,88.67926724327674
0,2,995,5667487925738,88.69641310061724
0,3,995,5668582709798,88.71354651501778
0,0,996,5669669805568,88.7305596073718
0,1,996,5670763192738,88.74767116038787
0,2,996,5672205825520,88.77024842122395
0,3,996,5673644917569,88.79277026944675
0,0,997,5674735667200,88.8098405448718
0,1,997,5675831992587,88.82699808110164
0,2,997,5676928452129,88.84415771686261
0,3,997,5678027175167,88.86135277642666
0,0,998,5679460080640,88.88377780448718
0,1,998,5681598722053,88.91724762828338
0,2,998,5683039352186,88.93979354758238
0,3,998,5684136638806,88.95696612714718
0,0,999,5686254850560,88.99011622596154
0,1,999,5688006805349,89.01753438859988
0,2,999,5689102709400,89.03468533090445
0,3,999,5690199031140,89.0518428100586
0,0,1000,5691287785984,89.06888186698718
0,1,1000,5692387530563,89.08609291370881
0,2,1000,5693483414886,89.10324354726939
0,3,1000,5694582191900,89.12043945156
0,0,1001,5695672701440,89.13750596955128
0,1,1001,5696773548386,89.15473426836063
0,2,1001,5697527666400,89.1665362454928
0,3,1001,5698970256103,89.18911283214081
0,0,1002,5700059191296,89.20615471153846
0,1,1002,5701160388985,89.22338849948981
0,2,1002,5702600172132,89.24592116342399
0,3,1002,5703696254043,89.26307488924466
0,0,1003,5704788508160,89.2801687099359
0,1,1003,5705888851263,89.29738912358211
0,2,1003,5706990802204,89.31463469995744
0,3,1003,5708088572445,89.33181484821026
0,0,1004,5709176425984,89.3488397996795
0,1,1004,5710274634073,89.36602680027106
0,2,1004,5711367335893,89.38312762753218
0,3,1004,5713155186996,89.41110756892277
0,0,1005,5714587647488,89.43352563301282
0,1,1005,5715688519281,89.45075432067871
0,2,1005,5717127664599,89.47327700256348
0,3,1005,5718225879657,89.49046411222018
0,0,1006,5719316825088,89.50753745192308
0,1,1006,5720414430747,89.52471502446102
0,2,1006,5721507378853,89.5418197061079
0,3,1006,5722604409380,89.55898827780699
0,0,1007,5723693280768,89.57602915865385
0,1,1007,5724793236996,89.59324351769081
0,2,1007,5725889805656,89.61040486115284
0,3,1007,5727332282779,89.63297968591935
0,0,1008,5728767474176,89.65544048878205
0,1,1008,5729865641357,89.67262684916179
0,2,1008,5731306115117,89.69517032121708
0,3,1008,5732054949115,89.70688960328714
0,0,1009,5733486767104,89.7292976121795
0,1,1009,5734240451952,89.7410928102464
0,2,1009,5735334154638,89.7582093011005
0,3,1009,5736433347773,89.77541171770145
0,0,1010,5737524397568,89.79248669070513
0,1,1010,5738622135660,89.80966633582483
0,2,1010,5739716049500,89.8267861312475
0,3,1010,5741502673385,89.85474686662724
0,0,1011,5742934489088,89.8771548397436
0,1,1011,5744381255768,89.899796796249
0,2,1011,5745473914460,89.91689694855519
0,3,1011,5746568530174,89.93402772833409
0,0,1012,5747313664512,89.94568911057692
0,1,1012,5748404887131,89.96276678828313
0,2,1012,5749497516958,89.97986648885092
0,3,1012,5750595998456,89.99705776830429
0,0,1013,5751687460352,90.01413919070514
0,1,1013,5752785863262,90.03132924025316
0,2,1013,5753879915099,90.04845119533441
0,3,1013,5755320248427,90.07099246962328
0,0,1014,5756753186816,90.09341801282052
0,1,1014,5757851945912,90.11061363669371
0,2,1014,5759292486432,90.13315815354568
0,3,1014,5760390390670,90.15034039885693
0,0,1015,5761481731584,90.16741992788462
0,1,1015,5762578665852,90.1845869931265
0,2,1015,5763674254309,90.20173299637233
0,3,1015,5764769931061,90.21888038143842
0,0,1016,5765860661248,90.2359503525641
0,1,1016,5766612488143,90.24771647359212
0,2,1016,5767708469044,90.26486861860226
0,3,1016,5769148721909,90.28740863364196
0,0,1017,5770583826944,90.3098680849359
0,1,1017,5772026302200,90.33244288048378
0,2,1017,5773121361886,90.34958060844227
0,3,1017,5774217995818,90.36674297341372
0,0,1018,5775305951744,90.38376952724359
0,1,1018,5776407472396,90.40100836957883
0,2,1018,5777503314581,90.41815834367802
0,3,1018,5778256665641,90.42994831794935
0,0,1019,5779347577344,90.4470211298077
0,1,1019,5780447612794,90.46423672867213
0,2,1019,5781543677484,90.48139018498348
0,3,1019,5782640335336,90.4985529243039
0,0,1020,5784414978048,90.52632615384616
0,1,1020,5785860954806,90.54895574804061
0,2,1020,5786955545301,90.56608613314116
0,3,1020,5788050430651,90.58322113273425
0,0,1021,5789140393472,90.60027909455128
0,1,1021,5790239793848,90.61748475448218
0,2,1021,5791333527923,90.6346017365754
0,3,1021,5792428524138,90.6517384712102
0,0,1022,5793521338368,90.6688410576923
0,1,1022,5794618546365,90.68601240680401
0,2,1022,5795713956407,90.70315561784794
0,3,1022,5796812586545,90.72034922352327
0,0,1023,5798587738112,90.74813041666667
0,1,1023,5800029911523,90.7707004883282
0,2,1023,5801471375403,90.79325945580116
0,3,1023,5802568629954,90.81043153348483
0,0,1024,5803660442112,90.8275184375
0,1,1024,5805106409845,90.85014789045285
0,2,1024,5806199308868,90.86725180394882
0,3,1024,5806951732339,90.87902726141515
0,0,1025,5808040631808,90.89606858173077
0,1,1025,5809138428845,90.91324914934208
0,2,1025,5810233281957,90.93038364440918
0,3,1025,5811329420330,90.94753825386243
0,0,1026,5813449986560,90.98072520032052
0,1,1026,5814548621521,90.99791888147598
0,2,1026,5815646936661,91.01510755742
0,3,1026,5816743992603,91.03227652686486
0,0,1027,5817835285504,91.04935530448718
0,1,1027,5818932418794,91.06652548443134
0,2,1027,5820027376372,91.08366161439554
0,3,1027,5821121550555,91.10078548419659
0,0,1028,5822209541120,91.1178125801282
0,1,1028,5823305468608,91.13496388922276
0,2,1028,5824400282535,91.15209777104305
0,3,1028,5826188017133,91.18007588912573
0,0,1029,5827276567552,91.19711174679487
0,1,1029,5828723408385,91.2197548637977
0,2,1029,5829815790176,91.23685068259215
0,3,1029,5830909941611,91.2539741963861
0,0,1030,5831999035392,91.27101855769232
0,1,1030,5833097233376,91.28820540014023
0,2,1030,5833849702291,91.29998156880697
0,3,1030,5835292834082,91.3225666391539
0,0,1031,5836383922688,91.33964221955128
0,1,1031,5837135496252,91.35140437593901
0,2,1031,5838231984227,91.36856445667756
0,3,1031,5840020839067,91.39656010659243
0,0,1032,5841112543744,91.41364532852565
0,1,1032,5842559363466,91.43628811514047
0,2,1032,5843656296218,91.4534551566569
0,3,1032,5844754568722,91.4706431653458
0,0,1033,5845847028736,91.48774020833334
0,1,1033,5846944671139,91.50491835591635
0,2,1033,5848040693188,91.52207114489434
0,3,1033,5849136212419,91.53921606475048
0,0,1034,5849884184576,91.55092185897436
0,1,1034,5850983903747,91.56813250805978
0,2,1034,5852077162786,91.58524205582057
0,3,1034,5853516493188,91.60776763427735
0,0,1035,5855293990400,91.63558553685898
0,1,1035,5856390675713,91.65274870594514
0,2,1035,5857488104904,91.66992351675181
0,3,1035,5858583576750,91.6870676950308
0,0,1036,5859673751040,91.70412896634616
0,1,1036,5860423907646,91.7158689472844
0,2,1036,5861866127972,91.73843975316757
0,3,1036,5862615219374,91.75016306362055
0,0,1037,5863704506368,91.76721044871795
0,1,1037,5864802271034,91.7843905097218
0,2,1037,5865895370707,91.80149756339831
0,3,1037,5866993362023,91.81868117148375
0,0,1038,5869456282112,91.85722596955128
0,1,1038,5870540114328,91.87418798715444
0,2,1038,5871981164247,91.89674047612117
0,3,1038,5873078196392,91.91390907314204
0,0,1039,5874510792192,91.93632925480769
0,1,1039,5875606269675,91.95347352130597
0,2,1039,5876359907755,91.9652679874518
0,3,1039,5877456326240,91.98242698066908
0,0,1040,5878547038720,91.99949667467949
0,1,1040,5879644302143,92.01666889121032
0,2,1040,5880735060020,92.0337392956856
0,3,1040,5883211984612,92.07250326478616
0,0,1041,5884647397888,92.0949675400641
0,1,1041,5886089714045,92.11753984570626
0,2,1041,5887184089300,92.13466686229216
0,3,1041,5888625844191,92.15723038409894
0,0,1042,5889714124288,92.17426201121795
0,1,1042,5890814075174,92.1914762866524
0,2,1042,5891560356190,92.20315561445187
0,3,1042,5892656833510,92.22031552843926
0,0,1043,5893745172992,92.2373480849359
0,1,1043,5894841303372,92.25450256929838
0,2,1043,5895937174559,92.27165299728003
0,3,1043,5897378620255,92.29421168017265
0,0,1044,5898469950464,92.31129104166666
0,1,1044,5899912893642,92.33387316021259
0,2,1044,5901007096682,92.35099748162686
0,3,1044,5902105816266,92.36819248713567
0,0,1045,5903195023872,92.38523862980769
0,1,1045,5904293210832,92.40242529972957
0,2,1045,5905389841425,92.41958761244554
0,3,1045,5906488021664,92.4367741771835
0,0,1046,5907577672704,92.45382725961538
0,1,1046,5908677774066,92.47104389000526
0,2,1046,5909772703890,92.48817958561824
0,3,1046,5911560920527,92.51616524763058
0,0,1047,5912995248128,92.53861253205129
0,1,1047,5914096160301,92.55584185166579
0,2,1047,5915188904286,92.57294333881084
0,3,1047,5916283401545,92.59007226476425
0,0,1048,5917375524352,92.60716403044871
0,1,1048,5918475673645,92.62438141096067
0,2,1048,5919569837017,92.64150511156913
0,3,1048,5920665501961,92.65865231183957
0,0,1049,5921756387328,92.67572471153846
0,1,1049,5922508839016,92.68750061060197
0,2,1049,5923605389653,92.70466167200334
0,3,1049,5925046500055,92.72721510753142
0,0,1050,5926141726720,92.74435544871795
0,1,1050,5927586101769,92.76695997610238
0,2,1050,5929028790242,92.78953810850486
0,3,1050,5930124165138,92.80668076951247
0,0,1051,5931213262336,92.82372518429487
0,1,1051,5932311632321,92.84091471856533
0,2,1051,5933411043473,92.85812054714106
0,3,1051,5934161372198,92.86986322174855
0,0,1052,5935250547200,92.88690885416666
0,1,1052,5936351341611,92.90413633080117
0,2,1052,5937445123560,92.9212540621244
0,3,1052,5938539564510,92.9383821068397
0,0,1053,5939629767168,92.95544382211538
0,1,1053,5941072186829,92.97801774759928
0,2,1053,5942162405808,92.99507971829928
0,3,1053,5943257941330,93.01222489311023
0,0,1054,5944347711488,93.0292798397436
0,1,1054,5945447023024,93.04648410932492
0,2,1054,5946538884197,93.06357178042681
0,3,1054,5947634023688,93.08071075733675
0,0,1055,5948721958912,93.09773698717949
0,1,1055,5949475613657,93.10953171413324
0,2,1055,5950568758190,93.12663946987054
0,3,1055,5951662737158,93.14376028454903
0,0,1056,5953098350080,93.16622768429488
0,1,1056,5954542041377,93.18882151093312
0,2,1056,5955985136673,93.21140601013184
0,3,1056,5957079378921,93.22853094515287
0,0,1057,5958171615744,93.24562449519232
0,1,1057,5958922371884,93.25737385886168
0,2,1057,5960014881661,93.27447168064215
0,3,1057,5961109339127,93.2915999838335
0,0,1058,5962197821952,93.30863478365384
0,1,1058,5963296525068,93.3258295314378
0,2,1058,5964391392799,93.34296425529284
0,3,1058,5965830426985,93.36548519795736
0,0,1059,5967263983616,93.38792041666667
0,1,1059,5968364037234,93.40513629986103
0,2,1059,5969807951019,93.4277336084454
0,3,1059,5970903424170,93.44487780714769
0,0,1060,5971993175040,93.46193245192308
0,1,1060,5973089508392,93.4790901128055
0,2,1060,5974183933726,93.49621791312975
0,3,1060,5975280866916,93.5133849615009
0,0,1061,5976030172160,93.52511161858975
0,1,1061,5977127621243,93.54228674070701
0,2,1061,5978221591677,93.55940742182806
0,3,1061,5979317427819,93.57655730135404
0,0,1062,5980752530944,93.59901672275642
0,1,1062,5982198919666,93.62165276420397
0,2,1062,5983642353945,93.64424256850023
0,3,1062,5984736701293,93.66136914834047
0,0,1063,5986169133568,93.68378677083334
0,1,1063,5986919445391,93.69552918092386
0,2,1063,5988012883350,93.71264152878982
0,3,1063,5989107607333,93.72977400298291
0,0,1064,5990194776576,93.7467882451923
0,1,1064,5991295208822,93.76401005393004
0,2,1064,5992389083170,93.78112923130134
0,3,1064,5993483508964,93.79825703882462
0,0,1065,5994916038144,93.82067617788462
0,1,1065,5996012137209,93.8378301721661
0,2,1065,5997449655649,93.86032739334497
0,3,1065,5998890318298,93.88287382152069
0,0,1066,5999982645248,93.89996878205129
0,1,1066,6001081297514,93.9171627340307
0,2,1066,6002174595422,93.9342728900929
0,3,1066,6003269885858,93.95141422929812
0,0,1067,6004700948480,93.97381041666667
0,1,1067,6005450938410,93.98554778911884
0,2,1067,6006545980392,94.00268524000901
0,3,1067,6007640233818,94.01981034996619
0,0,1068,6009419539456,94.04765655448718
0,1,1068,6010517737849,94.06484340333597
0,2,1068,6011957857893,94.08738133972169
0,3,1068,6013054376516,94.10454190010266
0,0,1069,6014144823296,94.12160743589745
0,1,1069,6015244431651,94.13881635070801
0,2,1069,6016340239073,94.15596578076484
0,3,1069,6017436172311,94.17311717984714
0,0,1070,6018182663168,94.18479979166666
0,1,1070,6019282890627,94.20201839547964
0,2,1070,6020380311057,94.21919306917631
0,3,1070,6021476766759,94.23635264484112
0,0,1071,6022913046528,94.25883048076923
0,1,1071,6024008427833,94.27597324207795
0,2,1071,6025103267863,94.29310753241124
0,3,1071,6026543781731,94.31565163215834
0,0,1072,6027975717376,94.3380614823718
0,1,1072,6029074051724,94.35525045892177
0,2,1072,6030169855273,94.37239982836601
0,3,1072,6031264693483,94.38953409021623
0,0,1073,6032013655552,94.40125537660256
0,1,1073,6033112706794,94.41845557257237
0,2,1073,6034206188654,94.43556860749074
0,3,1073,6035301911787,94.45271671842136
0,0,1074,6036394279424,94.46981231570513
0,1,1074,6038184937037,94.49783617908967
0,2,1074,6039276410276,94.51491777900891
0,3,1074,6040374906916,94.5321092954352
0,0,1075,6041467132416,94.54920266826923
0,1,1075,6042565074499,94.56638550585625
0,2,1075,6043657617949,94.58348385462052
0,3,1075,6044750854122,94.6005930445275
0,0,1076,6045842539520,94.61767796474359
0,1,1076,6046940189216,94.63485622646235
0,2,1076,6048032956077,94.65195807161771
0,3,1076,6049126473655,94.66907166552421
0,0,1077,6050218366464,94.68615983173078
0,1,1077,6052006843750,94.71414957291042
0,2,1077,6053101464046,94.7312804243978
0,3,1077,6054198909676,94.74845549247546
0,0,1078,6055291427328,94.7655534375
0,1,1078,6056391857014,94.78277520617362
0,2,1078,6057485211745,94.79988625151806
0,3,1078,6058579745965,94.81701575591259
0,0,1079,6059671903744,94.83410806891025
0,1,1079,6060771602787,94.85131840299167
0,2,1079,6061867849958,94.86847471513798
0,3,1079,6062966009971,94.88566096333822
0,0,1080,6064397014016,94.90805623397436
0,1,1080,6065498467081,94.92529401857034
0,2,1080,6066942120476,94.94788725204077
0,3,1080,6068039023007,94.96505382059733
0,0,1081,6069474882048,94.98752507211539
0,1,1081,6070571940982,95.00469408838516
0,2,1081,6071665415150,95.02180700292342
0,3,1081,6072760791333,95.03894968407265
0,0,1082,6073849773056,95.05599229166667
0,1,1082,6074947060824,95.07316488919771
0,2,1082,6076042622071,95.09031046660594
0,3,1082,6077137309914,95.10744237520659
0,0,1083,6078573368320,95.12991674679488
0,1,1083,6080015975847,95.15249361238921
0,2,1083,6081456616152,95.17503969088041
0,3,1083,6083240877349,95.20296345009828
0,0,1084,6084331744256,95.22003556089744
0,1,1084,6085430757052,95.2372351551858
0,2,1084,6086525378593,95.25436602615748
0,3,1084,6087623519967,95.27155198265663
0,0,1085,6088712200192,95.28858987179487
0,1,1085,6089811260066,95.30579020285582
0,2,1085,6090906315944,95.32292787121895
0,3,1085,6092000684696,95.34005478603265
0,0,1086,6093093163520,95.35715212339744
0,1,1086,6095575882640,95.39600677709335
0,2,1086,6097018398632,95.41858221016126
0,3,1086,6098112958177,95.43571211089305
0,0,1087,6099205101568,95.45280419871796
0,1,1087,6100649651460,95.47541146240235
0,2,1087,6101395295278,95.4870808180276
0,3,1087,6102489847446,95.50421060330905
0,0,1088,6103579134464,95.52125798878205
0,1,1088,6104678575893,95.53846429119403
0,2,1088,6105769889428,95.55554339173929
0,3,1088,6107903183718,95.58892953284631
0,0,1089,6108994231808,95.60600447916667
0,1,1089,6110439039977,95.62861578489647
0,2,1089,6111535157349,95.64577006568322
0,3,1089,6112630488798,95.66291204674354
0,0,1090,6114061109248,95.68530131410256
0,1,1090,6114813410229,95.69707485459548
0,2,1090,6115909795550,95.71423332879482
0,3,1090,6117005478542,95.73138081151718
0,0,1091,6118096264704,95.74845165865385
0,1,1091,6119193527718,95.7656238687838
0,2,1091,6120289760111,95.78277994965383
0,3,1091,6121386325557,95.79994124281663
0,0,1092,6122822409216,95.82241600961538
0,1,1092,6124265563927,95.84500143866124
0,2,1092,6125357741736,95.86209406512921
0,3,1092,6126452928864,95.8792337875601
0,0,1093,6127544476672,95.89631655448719
0,1,1093,6128645894408,95.9135537861829
0,2,1093,6129741853972,95.93070559726813
0,3,1093,6130840518931,95.9478997478935
0,0,1094,6131930450944,95.9649572275641
0,1,1094,6133031134488,95.9821829691256
0,2,1094,6134125139873,95.9993041972312
0,3,1094,6134877064465,96.01107184722119
0,0,1095,6136995799552,96.04423013621795
0,1,1095,6138055042931,96.06080733753694
0,2,1095,6139150408350,96.07794985022912
0,3,1095,6140245534112,96.09508861227965
0,0,1096,6141336542208,96.11216293269231
0,1,1096,6142781439768,96.13477563739484
0,2,1096,6143530337051,96.14649590987769
0,3,1096,6144626595156,96.16365239314153
0,0,1097,6145715416576,96.18069249198719
0,1,1097,6146816706892,96.19792772955479
0,2,1097,6147914424765,96.21510705824632
0,3,1097,6149008317167,96.23222651816344
0,0,1098,6150443787264,96.25469168269231
0,1,1098,6151538698981,96.27182709493002
0,2,1098,6152979691235,96.29437868143718
0,3,1098,6154075593737,96.31152959949982
0,0,1099,6155166017536,96.32859477564102
0,1,1099,6156265413260,96.34580036276793
0,2,1099,6157360138600,96.36293285819812
0,3,1099,6158455648157,96.38007762665578
0,0,1100,6159550048256,96.39720503205129
0,1,1100,6160304515295,96.40901247143869
0,2,1100,6161399489705,96.42614886482434
0,3,1100,6162495829930,96.44330663326949
0,0,1101,6163928698368,96.46573108173077
0,1,1101,6165024844387,96.48288581084422
0,2,1101,6166469913556,96.50550120123448
0,3,1101,6167567845051,96.52268387311886
0,0,1102,6168999464448,96.54508877403846
0,1,1102,6170096002493,96.56224963837452
0,2,1102,6170851226719,96.5740689277688
0,3,1102,6171949332065,96.59125432042832
0,0,1103,6173041157120,96.60834142628205
0,1,1103,6174139942956,96.62553746863732
0,2,1103,6175233237735,96.64264757573055
0,3,1103,6176329650695,96.65980648248134
0,0,1104,6177420832256,96.67688351762821
0,1,1104,6178864867267,96.69948272340433
0,2,1104,6180303545843,96.72199810075809
0,3,1104,6182782119914,96.76078788427108
0,0,1105,6183528726016,96.77247229967949
0,1,1105,6184628842672,96.78968916942108
0,2,1105,6185726979173,96.80687504965758
0,3,1105,6186823937503,96.82404249147073
0,0,1106,6187913666048,96.84109678685898
0,1,1106,6189014672569,96.85832758302347
0,2,1106,6190109829395,96.87546683122684
0,3,1106,6191205011308,96.89260647204277
0,0,1107,6192297436672,96.9097029727564
0,1,1107,6194085793298,96.93769082560222
0,2,1107,6195180912671,96.95482948766464
0,3,1107,6196275785341,96.97196428881523
0,0,1108,6197716368896,96.99450947916667
0,1,1108,6198815317957,97.01170807599972
0,2,1108,6199562634912,97.02340361628606
0,3,1108,6200656502815,97.04052269279285
0,0,1109,6201745715200,97.0575689102564
0,1,1109,6202841567693,97.0747190456762
0,2,1109,6203938254644,97.09188224039714
0,3,1109,6205031670707,97.10899424558983
0,0,1110,6206119548416,97.12601957532051
0,1,1110,6207566569840,97.14866551857973
0,2,1110,6208662182682,97.16581190345178
0,3,1110,6210103588532,97.1883699627529
0,0,1111,6211195304448,97.20545536057692
0,1,1111,6212295487775,97.22267327372234
0,2,1111,6213392192228,97.23983674235026
0,3,1111,6214491134561,97.25703523388985
0,0,1112,6215235410432,97.26868318108974
0,1,1112,6216334372207,97.28588197689741
0,2,1112,6217427251745,97.30298558545235
0,3,1112,6218521511474,97.32011079405173
0,0,1113,6219608424960,97.33712103365384
0,1,1113,6221054327535,97.35974946688138
0,2,1113,6222497993045,97.38234288995206
0,3,1113,6223592817481,97.39947693623861
0,0,1114,6225023090688,97.42186076923078
0,1,1114,6226121057831,97.4390439990078
0,2,1114,6227215772957,97.45617633458846
0,3,1114,6228314481823,97.47337117236016
0,0,1115,6229402384896,97.49039689903846
0,1,1115,6230153988691,97.50215952854255
0,2,1115,6231248952411,97.51929575462928
0,3,1115,6232345602170,97.53645836729392
0,0,1116,6233433584640,97.55348533653846
0,1,1116,6234533539895,97.57069968034793
0,2,1116,6236320919905,97.59867224911422
0,3,1116,6237763587376,97.62125005283454
0,0,1117,6238853609984,97.63830895032052
0,1,1117,6239949860663,97.65546531736716
0,2,1117,6241045329233,97.67260944437663
0,3,1117,6242486067342,97.69515705350436
0,0,1118,6243576308736,97.712219375
0,1,1118,6244328933673,97.7239979854173
0,2,1118,6245423342560,97.74112552834535
0,3,1118,6246517416560,97.75824783027845
0,0,1119,6247607656960,97.77531013621795
0,1,1119,6248708156684,97.79253300098908
0,2,1119,6250148210091,97.81506989450308
0,3,1119,6251589137791,97.83762047073756
0,0,1120,6252678063104,97.85466219551283
0,1,1120,6253775177812,97.87183208464793
0,2,1120,6255214746305,97.89436138923841
0,3,1120,6255963714857,97.90608277708397
0,0,1121,6257050901504,97.92309729166666
0,1,1121,6258495338967,97.94570279583272
0,2,1121,6259244053481,97.95742020797339
0,3,1121,6260337227463,97.97452842458873
0,0,1122,6261428868096,97.99161264423077
0,1,1122,6262874359743,98.01423464641864
0,2,1122,6265010401698,98.047663788593
0,3,1122,6266103619381,98.06477268913073
0,0,1123,6267536396288,98.08719570512821
0,1,1123,6268633740408,98.10436918457032
0,2,1123,6269728957344,98.1215093734976
0,3,1123,6270823062667,98.13863216563689
0,0,1124,6271910216192,98.15564616185898
0,1,1124,6273007648319,98.17282101861416
0,2,1124,6274101702688,98.18994301332131
0,3,1124,6275198413856,98.20710658703926
0,0,1125,6275945894400,98.2188046875
0,1,1125,6277041533039,98.23595147609613
0,2,1125,6278479783582,98.2584601547163
0,3,1125,6279575149498,98.27560267518655
0,0,1126,6281349763584,98.30337545673078
0,1,1126,6282794667256,98.32598825708634
0,2,1126,6283545787292,98.33774331574269
0,3,1126,6284643011267,98.35491491491074
0,0,1127,6285735320064,98.37200959134616
0,1,1127,6287179636471,98.39461320098094
0,2,1127,6287933179951,98.40640618663299
0,3,1127,6289027966057,98.42353963305351
0,0,1128,6290115148800,98.44055408653847
0,1,1128,6291213265185,98.45773965195876
0,2,1128,6292654680092,98.48029785300231
0,3,1128,6294438569773,98.5082157979799
0,0,1129,6295529352704,98.52528659455129
0,1,1129,6296624869902,98.5424314825909
0,2,1129,6297722585871,98.55961078148475
0,3,1129,6298818058447,98.57675497118828
0,0,1130,6299909735424,98.59383975961539
0,1,1130,6301009849868,98.61105659473908
0,2,1130,6302102928295,98.62816331591485
0,3,1130,6303197934186,98.64530020197942
0,0,1131,6304290071552,98.66239219551282
0,1,1131,6305388841959,98.67958799640363
0,2,1131,6306484090414,98.69672867860452
0,3,1131,6307925622729,98.71928871708796
0,0,1132,6309361029632,98.74175289262821
0,1,1132,6310461217095,98.75897087050218
0,2,1132,6311556158826,98.7761067524602
0,3,1132,6312653674278,98.79328291325496
0,0,1133,6313742069248,98.81031633814104
0,1,1133,6314840441648,98.82750591020633
0,2,1133,6315936431080,98.84465818872697
0,3,1133,6317030273233,98.86177686224522
0,0,1134,6318121880064,98.87886055288462
0,1,1134,6319220023050,98.89604653461163
0,2,1134,6320316050528,98.9131994085537
0,3,1134,6321757890603,98.93576426349347
0,0,1135,6322849418240,98.95284671474359
0,1,1135,6323945694380,98.97000348025591
0,2,1135,6325038277696,98.98710245292469
0,3,1135,6326134233042,99.00425419799805
0,0,1136,6327567432192,99.02668382211539
0,1,1136,6328665550895,99.04386942381248
0,2,1136,6329760175643,99.06100034497383
0,3,1136,6330853782307,99.07811533307981
0,0,1137,6331608190976,99.08992185897436
0,1,1137,6332704999535,99.10708695686536
0,2,1137,6334144642219,99.12961742254795
0,3,1137,6335583754375,99.1521395854461
0,0,1138,6336673321472,99.16919135416667
0,1,1138,6337772508075,99.18639366854154
0,2,1138,6339212472264,99.20892916579027
0,3,1138,6340309367790,99.2260956247183
0,0,1139,6341397161472,99.24311963942309
0,1,1139,6342488671001,99.26020180728229
0,2,1139,6343581848614,99.27731008072291
0,3,1139,6344335028702,99.28909737927559
0,0,1140,6345422434816,99.30611532852565
0,1,1140,6346522992961,99.32333910758777
0,2,1140,6347615940968,99.3404437876853
0,3,1140,6349056787247,99.36299308967786
0,0,1141,6350145511424,99.38003166666667
0,1,1141,6351585132132,99.40256178842398
0,2,1141,6352677337215,99.41965484173114
0,3,1141,6353774790787,99.43683003410143
0,0,1142,6354862412800,99.45385136217949
0,1,1142,6355960635939,99.47103859830416
0,2,1142,6357051538700,99.48811127021986
0,3,1142,6358148974124,99.50528617857321
0,0,1143,6359236789760,99.52231053685898
0,1,1143,6360335094243,99.53949904602051
0,2,1143,6361427397505,99.55659363583295
0,3,1143,6362523366859,99.57374560013209
0,0,1144,6364298940928,99.60153340544872
0,1,1144,6365397178101,99.61872086120606
0,2,1144,6366491041451,99.63583986645821
0,3,1144,6367933310107,99.65841142870781
0,0,1145,6369023097856,99.67546665064103
0,1,1145,6370119310966,99.69262242973133
0,2,1145,6371214248546,99.70975824672601
0,3,1145,6372307188267,99.72686279714732
0,0,1146,6373053664256,99.73854517628206
0,1,1146,6374154431139,99.75577222210224
0,2,1146,6375248517026,99.77289471006736
0,3,1146,6376342422062,99.79001436770709
0,0,1147,6377776132096,99.81245198717949
0,1,1147,6379223538663,99.83510395794208
0,2,1147,6380320377505,99.85226952976325
0,3,1147,6381415082321,99.86940170399201
0,0,1148,6383191194112,99.89719792467949
0,1,1148,6384282633450,99.91427899404673
0,2,1148,6385380555223,99.93146151378143
0,3,1148,6386478597725,99.94864592292981
0,0,1149,6387565607936,99.96565767628205
0,1,1149,6388659997369,99.98278491475423
0,2,1149,6389755282499,99.99992617092035
0,3,1149,6390848730601,100.01703867752467
0,0,1150,6391941370368,100.03413853365385
0,1,1150,6393383810617,100.05671278134078
0,2,1150,6394478757405,100.07384874244103
0,3,1150,6395921251092,100.0964238264348
0,0,1151,6397013967360,100.1135248798077
0,1,1151,6398108341704,100.13065188213642
0,2,1151,6399202939876,100.14778238738232
0,3,1151,6399951711473,100.15950069287423
0,0,1152,6401040761344,100.17654436698719
0,1,1152,6402133973425,100.1936531798534
0,2,1152,6403569656911,100.21612168392866
0,3,1152,6404667754066,100.23330694839869
0,0,1153,6406102109696,100.25575467147436
0,1,1153,6407540092540,100.27825916059446
0,2,1153,6408982939819,100.30083977831718
0,3,1153,6410079290124,100.31799770451472
0,0,1154,6411167465472,100.33502769230769
0,1,1154,6412268162079,100.35225363830567
0,2,1154,6413365402409,100.36942549343011
0,3,1154,6414460201127,100.38655913722894
0,0,1155,6415553148928,100.40366381410257
0,1,1155,6416649495026,100.42082167446038
0,2,1155,6417741843360,100.43791696965144
0,3,1155,6418835947611,100.4550397450139
0,0,1156,6420957229056,100.48823788461539
0,1,1156,6422052423341,100.50537771905361
0,2,1156,6423146076125,100.52249342893943
0,3,1156,6424589146834,100.54507754335062
0,0,1157,6425680424448,100.56215608173078
0,1,1157,6426780280385,100.57936887120957
0,2,1157,6427875335071,100.59650652091784
0,3,1157,6428973343852,100.61369040233123
0,0,1158,6429718711808,100.62535544070514
0,1,1158,6430814901350,100.64251085095528
0,2,1158,6431909661416,100.65964388984877
0,3,1158,6433351161375,100.68220342195951
0,0,1159,6435473341440,100.715415625
0,1,1159,6436564844243,100.73249768759703
0,2,1159,6437660012645,100.74963711696527
0,3,1159,6438753545420,100.76675094870544
0,0,1160,6440186301952,100.78917364583333
0,1,1160,6441282521135,100.80632951996633
0,2,1160,6442377106449,100.823459823984
0,3,1160,6443476312102,100.84066243649214
0,0,1161,6444567529472,100.85774003205128
0,1,1161,6445659925498,100.87483607362405
0,2,1161,6446752829596,100.89194006654397
0,3,1161,6448192762218,100.91447506976787
0,0,1162,6449280256000,100.93149439102564
0,1,1162,6450373006664,100.94859598269731
0,2,1162,6451465989738,100.9657012115948
0,3,1162,6452565182711,100.98290362566044
0,0,1163,6453654556160,100.99995236378206
0,1,1163,6454755593005,101.01718363451836
0,2,1163,6455853234408,101.03436176645133
0,3,1163,6456948758185,101.05150675745256
0,0,1164,6458038257152,101.0685574599359
0,1,1164,6459137304864,101.08575760066105
0,2,1164,6460233338208,101.10291056640625
0,3,1164,6461332664404,101.12011506541717
0,0,1165,6462764808704,101.14252818108974
0,1,1165,6464212108915,101.16517848737668
0,2,1165,6465308798584,101.18234172463441
0,3,1165,6466407905128,101.19954278608273
0,0,1166,6467497637888,101.2165971474359
0,1,1166,6468940134951,101.2391722842642
0,2,1166,6470031927349,101.25625887903459
0,3,1166,6470784344320,101.26803423477564
0,0,1167,6472214491136,101.29041608974359
0,1,1167,6472964882437,101.302159743668
0,2,1167,6474060622683,101.31930812241775
0,3,1167,6475154409116,101.33642592391577
0,0,1168,6476931698688,101.36424057692308
0,1,1168,6478032078132,101.3814615593074
0,2,1168,6479125914723,101.39858014578013
0,3,1168,6480566248782,101.42112143150916
0,0,1169,6481654423040,101.43815140224359
0,1,1169,6483100998253,101.46079036228278
0,2,1169,6484542499554,101.48334991539589
0,3,1169,6485637873758,101.50049256557367
0,0,1170,6486726398976,101.51752802884616
0,1,1170,6487818977244,101.53462692251352
0,2,1170,6488912047964,101.55173352307442
0,3,1170,6490354534307,101.57430849213429
0,0,1171,6491787691008,101.59673745192308
0,1,1171,6492883029242,101.61387953916892
0,2,1171,6494323794341,101.63642757069124
0,3,1171,6495422335144,101.65361977827024
0,0,1172,6496166550016,101.66526677083334
0,1,1172,6497259837114,101.6823767577186
0,2,1172,6498698648616,101.70489421536959
0,3,1172,6499792755254,101.7220170280887
0,0,1173,6500540099584,101.73371299679488
0,1,1173,6501637002372,101.7508795693735
0,2,1173,6502733633350,101.76804188811474
0,3,1173,6504519747493,101.79599464601175
0,0,1174,6505616460800,101.81315825320513
0,1,1174,6507058439593,101.83572527908717
0,2,1174,6508494739678,101.85820343296149
0,3,1174,6509937223776,101.88077836688703
0,0,1175,6511024352768,101.89779197916667
0,1,1175,6512118392494,101.91491374471029
0,2,1175,6513213837985,101.93205751053247
0,3,1175,6514312774129,101.94925590521397
0,0,1176,6515402971648,101.96631754006411
0,1,1176,6516495773818,101.98341993780674
0,2,1176,6518291153887,102.01151770781688
0,3,1176,6520076083819,102.0394519327643
0,0,1177,6521164795392,102.0564903125
0,1,1177,6522263023423,102.07367762518467
0,2,1177,6523361016037,102.09086125358387
0,3,1177,6524455857702,102.10799556950496
0,0,1178,6525547860992,102.12508546474359
0,1,1178,6526639839496,102.14217497208033
0,2,1178,6527732548441,102.15927591084798
0,3,1178,6528826091954,102.17638991063828
0,0,1179,6529914035712,102.19341627403847
0,1,1179,6531010130606,102.21057020304362
0,2,1179,6532449782036,102.23310080560147
0,3,1179,6533891228369,102.25565949846317
0,0,1180,6534978636800,102.27267748397436
0,1,1180,6536425267618,102.29531731423403
0,2,1180,6537514578961,102.31236508039426
0,3,1180,6538611756076,102.32953594620143
0,0,1181,6539704450560,102.34663665865385
0,1,1181,6540796930883,102.36373401947804
0,2,1181,6541892031123,102.38087238210825
0,3,1181,6542640826902,102.39259106604943
0,0,1182,6543728434688,102.40961217147436
0,1,1182,6544822881578,102.4267403091509
0,2,1182,6547300261088,102.46551139773638
0,3,1182,6548397300873,102.48268011432354
0,0,1183,6549485675008,102.49971321314104
0,1,1183,6550584864225,102.5169155684251
0,2,1183,6551682117969,102.53408763347919
0,3,1183,6552778369069,102.5512440071145
0,0,1184,6553873173504,102.56837774038462
0,1,1184,6555314335093,102.59093197699131
0,2,1184,6556411245323,102.60809866603753
0,3,1184,6557160677849,102.61982731509478
0,0,1185,6558255839744,102.63696664262821
0,1,1185,6559351743399,102.65411757873535
0,2,1185,6560446233118,102.67124638668746
0,3,1185,6561888860979,102.6938235705097
0,0,1186,6563320988160,102.71623641826923
0,1,1186,6564763432569,102.73881073106033
0,2,1186,6565858463871,102.75594801480807
0,3,1186,6566958047824,102.77315654772636
0,0,1187,6568047456256,102.79020583333333
0,1,1187,6569145862744,102.8073959388772
0,2,1187,6570240740061,102.82453081275354
0,3,1187,6571336017887,102.84167195461175
0,0,1188,6572426461696,102.85873744391026
0,1,1188,6573517548524,102.87581299648187
0,2,1188,6574613248875,102.89296075087327
0,3,1188,6576745471656,102.92633012282151
0,0,1189,6578178763776,102.94876120192308
0,1,1189,6579275687547,102.9659281028865
0,2,1189,6580372684517,102.9830961494172
0,3,1189,6582159500129,103.01105988533216
0,0,1190,6583935812096,103.03885923878205
0,1,1190,6585034371861,103.05605174311711
0,2,1190,6586132105876,103.07323132443159
0,3,1190,6586882635458,103.08497714245918
0,0,1191,6587971160064,103.10201259615386
0,1,1191,6589412177115,103.12456457073506
0,2,1191,6591203014055,103.15259124059433
0,3,1191,6592296553351,103.1697051743884
0,0,1192,6593734014976,103.19220150641026
0,1,1192,6594833858540,103.2094141022511
0,2,1192,6595927323469,103.22652687219865
0,3,1192,6597022672104,103.24366912222055
0,0,1193,6597769200128,103.25535231570512
0,1,1193,6598864454124,103.2724930846229
0,2,1193,6599962304603,103.28967448860364
0,3,1193,6601059149520,103.3068401554988
0,0,1194,6602148122624,103.32388262820513
0,1,1194,6603242274735,103.3410061525785
0,2,1194,6604684874270,103.36358289309771
0,3,1194,6606126247910,103.38614044831105
0,0,1195,6607218809344,103.40323907852564
0,1,1195,6608314066155,103.42037989149827
0,2,1195,6609407792109,103.43749674649753
0,3,1195,6610501706600,103.45461655210838
0,0,1196,6611591896064,103.47167806089743
0,1,1196,6612685702263,103.48879617173415
0,2,1196,6613779551313,103.50591495319074
0,3,1196,6614877655837,103.5231003329859
0,0,1197,6615964976128,103.54011693910256
0,1,1197,6617754923437,103.56812968620105
0,2,1197,6619197304488,103.5907030074369
0,3,1197,6620292023772,103.60783540809045
0,0,1198,6621383201792,103.62491238782052
0,1,1198,6622825290473,103.64748113345415
0,2,1198,6623579074304,103.65927788060898
0,3,1198,6624674976106,103.6764287877166
0,0,1199,6625772199424,103.69360037660256
0,1,1199,6626868710702,103.710760822034
0,2,1199,6627964917605,103.7279165039845
0,3,1199,6629064118052,103.74511903501853
0,0,1200,6630160830464,103.76228262820513
0,1,1200,6631603794152,103.78486506773338
0,2,1200,6632697697578,103.80198470017653
0,3,1200,6633794733180,103.81915335129958
0,0,1201,6635224914432,103.84153574519232
0,1,1201,6636317632543,103.85863682740823
0,2,1201,6637412016356,103.87576397792719
0,3,1201,6638507206589,103.89290374895145
0,0,1202,6639598470144,103.9099820673077
0,1,1202,6640694945234,103.92714194639548
0,2,1202,6641789056334,103.94426482894507
0,3,1202,6642885049192,103.96141716108274
0,0,1203,6643629070848,103.97306112980769
0,1,1203,6644726363608,103.99023380546375
0,2,1203,6646169887137,104.01282500652607
0,3,1203,6647268872976,104.0300241789363
0,0,1204,6648699198976,104.05240883814103
0,1,1204,6649791504111,104.06950345726601
0,2,1204,6650893245282,104.08674575073242
0,3,1204,6652332872215,104.10927596991124
0,0,1205,6653083159040,104.12101798878206
0,1,1205,6654175540945,104.1381138093606
0,2,1205,6655268980170,104.15522617703951
0,3,1205,6656365236717,104.1723826359206
0,0,1206,6657455066624,104.1894385176282
0,1,1206,6658896068661,104.2119902572397
0,2,1206,6660334515908,104.23450201428535
0,3,1206,6661778978992,104.25710791942107
0,0,1207,6662873622528,104.27423913461539
0,1,1207,6663968110956,104.29136792236328
0,2,1207,6665063638125,104.30851296644944
0,3,1207,6666161236577,104.32569042619754
0,0,1208,6667252014592,104.34276114583334
0,1,1208,6668346497324,104.3598898444386
0,2,1208,6669444366060,104.37707153414213
0,3,1208,6670541671943,104.39424441517366
0,0,1209,6671629680640,104.4112717948718
0,1,1209,6672725363431,104.4284192744485
0,2,1209,6675208516199,104.46728071475299
0,3,1209,6676303693427,104.48442028224848
0,0,1210,6677391219200,104.50144010416668
0,1,1210,6678485093243,104.5185592767647
0,2,1210,6679577412831,104.5356541220797
0,3,1210,6680675299355,104.55283609016614
0,0,1211,6681768586240,104.56994607371796
0,1,1211,6682868228959,104.5871555263265
0,2,1211,6683965529922,104.60432833035983
0,3,1211,6685063706564,104.62151483880459
0,0,1212,6686151399424,104.63853727564103
0,1,1212,6688631787513,104.6773554486084
0,2,1212,6690076979754,104.69997276508037
0,3,1212,6691518372776,104.7225306236228
0,0,1213,6692605473280,104.7395437900641
0,1,1213,6693707078459,104.75678395525028
0,2,1213,6695152800039,104.77940955589882
0,3,1213,6696250861812,104.79659426663912
0,0,1214,6697338096640,104.81360953525642
0,1,1214,6698090583845,104.82538599016239
0,2,1214,6699179015721,104.84241999262883
0,3,1214,6700276169442,104.85959049231896
0,0,1215,6701367882240,104.87667584134616
0,1,1215,6702809376373,104.89923528227978
0,2,1215,6703905349604,104.91638730725411
0,3,1215,6705348979686,104.93898017587516
0,0,1216,6706780533760,104.96138405448718
0,1,1216,6707873036156,104.9784817607547
0,2,1216,6708962273509,104.99552836896848
0,3,1216,6710060250922,105.0127117594714
0,0,1217,6711151883264,105.02979584935898
0,1,1217,6712244524830,105.04689573364259
0,2,1217,6713340627748,105.06404978822366
0,3,1217,6714438222566,105.08122719109952
0,0,1218,6715186858496,105.09294337339743
0,1,1218,6716631749888,105.11555598157051
0,2,1218,6717729913749,105.13274228999211
0,3,1218,6718828285591,105.1499318533247
0,0,1219,6719918181376,105.16698876602564
0,1,1219,6721014523622,105.18414656609951
0,2,1219,6722111190041,105.20130943949381
0,3,1219,6723207601191,105.21846831791805
0,0,1220,6724297029120,105.23551790865385
0,1,1220,6725391790226,105.25265096382337
0,2,1220,6726486305378,105.26978016980294
0,3,1220,6727581801933,105.28692473477878
0,0,1221,6728670628352,105.30396491185898
0,1,1221,6729767481407,105.32113070611416
0,2,1221,6731207687206,105.34366998456906
0,3,1221,6732652819670,105.3662863655286
0,0,1222,6733743453184,105.38335482371795
0,1,1222,6734842698619,105.40055805881599
0,2,1222,6735935905230,105.41766678607648
0,3,1222,6737030919273,105.43480379972019
0,0,1223,6738119040000,105.45183293269231
0,1,1223,6739218645286,105.4690417994729
0,2,1223,6740314450473,105.4861911945519
0,3,1223,6741408812573,105.50331800526155
0,0,1224,6742154897920,105.51499427083334
0,1,1224,6743253245755,105.5321834584554
0,2,1224,6744690992274,105.55468424907978
0,3,1224,6746130924899,105.57721925235064
0,0,1225,6747220532224,105.59427165064103
0,1,1225,6748667379207,105.61691486389161
0,2,1225,6749762147708,105.63404803479317
0,3,1225,6750859961020,105.65122885710888
0,0,1226,6751947820544,105.66825390224359
0,1,1226,6753047868878,105.68546970274315
0,2,1226,6754140641239,105.70257163397373
0,3,1226,6754894041769,105.71436238245255
0,0,1227,6755984099840,105.7314218349359
0,1,1227,6757081684940,105.74859908572466
0,2,1227,6758177967837,105.76575595698431
0,3,1227,6759963554726,105.79370046333509
0,0,1228,6761054548992,105.81077456730769
0,1,1228,6762149214432,105.82790612530049
0,2,1228,6763244773859,105.84505167422564
0,3,1228,6764342369118,105.86222908400316
0,0,1229,6765434162176,105.87931568910257
0,1,1229,6766535396540,105.89655005101913
0,2,1229,6767627513380,105.91364172331981
0,3,1229,6768379010374,105.92540268138397
0,0,1230,6769469839872,105.94247420673078
0,1,1230,6770565490867,105.95962118869879
0,2,1230,6772698126631,105.99299702384754
0,3,1230,6773792942073,106.01013092937764
0,0,1231,6774883256832,106.02719439903846
0,1,1231,6776322379552,106.04971672726363
0,2,1231,6777418230501,106.06686683851976
0,3,1231,6778517110099,106.08406434825409
0,0,1232,6779604238336,106.10107794871796
0,1,1232,6780703503590,106.11828149398413
0,2,1232,6781799163670,106.13542861813276
0,3,1232,6782894136036,106.15256497952976
0,0,1233,6783640027648,106.16423821314103
0,1,1233,6784737744618,106.18141752770057
0,2,1233,6786527616226,106.20942909007537
0,3,1233,6788311452582,106.23734620051458
0,0,1234,6790088757248,106.26516108974359
0,1,1234,6791531117175,106.287734080388
0,2,1234,6792623703466,106.30483309961564
0,3,1234,6793721484377,106.3220134148544
0,0,1235,6794815149056,106.33912931089743
0,1,1235,6795907130393,106.35621886257074
0,2,1235,6797000277989,106.37332666624413
0,3,1235,6798097965550,106.39050552055164
0,0,1236,6799186695168,106.4075441826923
0,1,1236,6799937685499,106.41929721146022
0,2,1236,6801728462763,106.4473229473877
0,3,1236,6802826219326,106.46450288157928
0,0,1237,6803918535680,106.48159767628205
0,1,1237,6805358961395,106.50414039643117
0,2,1237,6806451028271,106.52123128679325
0,3,1237,6807548762252,106.53841086757562
0,0,1238,6808640373248,106.55549462339744
0,1,1238,6809739265208,106.57269232659756
0,2,1238,6810836743597,106.5898679073549
0,3,1238,6811930614819,106.60698703580417
0,0,1239,6813018743808,106.62401629807692
0,1,1239,6813772921005,106.6358192014254
0,2,1239,6815213253087,106.65836045621433
0,3,1239,6816308021204,106.67549362110627
0,0,1240,6817397505024,106.69254408653846
0,1,1240,6818495211028,106.70972322947966
0,2,1240,6819588556383,106.72683412808932
0,3,1240,6820684878691,106.74399161613269
0,0,1241,6821776555008,106.76107639423077
0,1,1241,6822871025081,106.77820489472218
0,2,1241,6823964455582,106.79531712587014
0,3,1241,6825059327725,106.81245191877316
0,0,1242,6826151422464,106.82954324519231
0,1,1242,6827247254887,106.8466930665158
0,2,1242,6829377548007,106.88003223919209
0,3,1242,6830816392547,106.9025502138891
0,0,1243,6831906064896,106.9196036298077
0,1,1243,6833002489289,106.9367627154854
0,2,1243,6834097387111,106.95389791026581
0,3,1243,6835191164138,106.97101556455955
0,0,1244,6836281186816,106.98807446314103
0,1,1244,6837377203051,107.00522716112968
0,2,1244,6838471285470,107.02234959482047
0,3,1244,6839566256266,107.0394859316469
0,0,1245,6840655437824,107.05653166666667
0,1,1245,6841752616202,107.07370255223984
0,2,1245,6842846894380,107.09082804956681
0,3,1245,6843941733922,107.10796233226287
0,0,1246,6845029428224,107.12498479166668
0,1,1246,6846473576559,107.14758577096792
0,2,1246,6847914662432,107.1701388226162
0,3,1246,6849008679720,107.18726023700421
0,0,1247,6850099568128,107.20433268429487
0,1,1247,6851200412145,107.22156093726525
0,2,1247,6852296045164,107.23870763790815
0,3,1247,6853390688454,107.25583884925256
0,0,1248,6854482480640,107.27292544070514
0,1,1248,6855234814964,107.28469950301734
0,2,1248,6857022263298,107.31267314105695
0,3,1248,6858116560409,107.32979893468612
0,0,1249,6859213869568,107.34697186698719
0,1,1249,6860661256443,107.36962352956918
0,2,1249,6861757937571,107.38678663315993
0,3,1249,6863198993705,107.40933921939165
0,0,1250,6864288516096,107.42639028846155
0,1,1250,6865387995248,107.44359718124
0,2,1250,6866487370578,107.46080244919997
0,3,1250,6867240308519,107.4725859581424
0,0,1251,6868328581632,107.48961747596154
0,1,1251,6869428661929,107.50683377668332
0,2,1251,6870870760859,107.52940268271422
0,3,1251,6872312722984,107.55196944774139
0,0,1252,6873747824128,107.57442883814103
0,1,1252,6875194433348,107.59706833039112
0,2,1252,6876290706926,107.61422505580805
0,3,1252,6877384308013,107.63133995663374
0,0,1253,6878131175424,107.64302846153846
0,1,1253,6879228391231,107.66019993287698
0,2,1253,6880321529060,107.67730758369642
0,3,1253,6881420146470,107.69450099017804
0,0,1254,6882509053440,107.71154242788462
0,1,1254,6883607943931,107.72874010809483
0,2,1254,6884704109905,107.74589514950483
0,3,1254,6886146529896,107.76846908015325
0,0,1255,6887926497792,107.79632564903847
0,1,1255,6889719463253,107.82438563033666
0,2,1255,6890817297946,107.84156678726588
0,3,1255,6891565617965,107.853278025544
0,0,1256,6892652955136,107.87029489583334
0,1,1256,6893749502762,107.88745591011244
0,2,1256,6894846540561,107.90462459561861
0,3,1256,6895945102034,107.92181712668395
0,0,1257,6897036665856,107.93890014423077
0,1,1257,6898136560396,107.95611353784805
0,2,1257,6899233737043,107.97328439633101
0,3,1257,6901020758496,108.00125135366586
0,0,1258,6902111012352,108.01831387019232
0,1,1258,6903552363495,108.0408710733267
0,2,1258,6904645988254,108.05798634462015
0,3,1258,6906090176734,108.08058795219226
0,0,1259,6907180532224,108.09765205929487
0,1,1259,6908280778063,108.11487095075559
0,2,1259,6909373908753,108.13197848984939
0,3,1259,6910468869751,108.14911467333671
0,0,1260,6911215678464,108.1608022596154
0,1,1260,6912311195444,108.17794714424329
0,2,1260,6913404839970,108.19506272489107
0,3,1260,6914501775466,108.21222980935121
0,0,1261,6915936143360,108.23467772435897
0,1,1261,6917028483176,108.25177288624299
0,2,1261,6918121426378,108.26887749114208
0,3,1261,6919566377826,108.29149103919396
0,0,1262,6920661719040,108.30863317307693
0,1,1262,6921762793462,108.32586503189478
0,2,1262,6922860324693,108.34304143963153
0,3,1262,6923955215127,108.36017651878944
0,0,1263,6925049779712,108.37730649839745
0,1,1263,6926146052039,108.39446320423616
0,2,1263,6927241206206,108.41160241082608
0,3,1263,6929028384799,108.43957182740823
0,0,1264,6930118296576,108.45662899038462
0,1,1264,6931558032495,108.47916091519869
0,2,1264,6932650995694,108.49626583305164
0,3,1264,6934090577702,108.5187953491524
0,0,1265,6935182310912,108.53588101762821
0,1,1265,6936276378036,108.55300321195162
0,2,1265,6937367598955,108.57008086305277
0,3,1265,6938116179711,108.58179618187538
0,0,1266,6939210610176,108.5989240625
0,1,1266,6940301857132,108.61600212108124
0,2,1266,6941396703343,108.63313650814742
0,3,1266,6943185006596,108.66112352570363
0,0,1267,6944275103744,108.6781835897436
0,1,1267,6945371985536,108.69534983373397
0,2,1267,6946814341286,108.71792275900816
0,3,1267,6947908807519,108.73505119940343
0,0,1268,6948995411968,108.75205660256411
0,1,1268,6950093838279,108.76924701833872
0,2,1268,6951190409433,108.78640840083196
0,3,1268,6952285602020,108.80354820869641
0,0,1269,6953382414336,108.82071336538462
0,1,1269,6954130689996,108.83242390944261
0,2,1269,6955225695206,108.84956078484952
0,3,1269,6957014720049,108.87755909531813
0,0,1270,6958447146496,108.89997662660257
0,1,1270,6959888670773,108.92253653929099
0,2,1270,6960983569764,108.9396717523663
0,3,1270,6962077241137,108.9567877531707
0,0,1271,6963173146112,108.9739387099359
0,1,1271,6964265599413,108.9910356478647
0,2,1271,6965363949983,109.00822487828964
0,3,1271,6966458032342,109.02534731104141
0,0,1272,6967206538752,109.03706146634616
0,1,1272,6968306629098,109.0542779243352
0,2,1272,6969400401046,109.07139549914238
0,3,1272,6971185912374,109.09933882296049
0,0,1273,6972281508352,109.11648494391027
0,1,1273,6973726270129,109.13909552360339
0,2,1273,6974823157476,109.15626185452975
0,3,1273,6975919715230,109.17342302731245
0,0,1274,6977007309312,109.19044391826924
0,1,1274,6978101713476,109.20757138728216
0,2,1274,6979194492717,109.22467342618502
0,3,1274,6980291856672,109.24184721604567
0,0,1275,6981384875520,109.2589530048077
0,1,1275,6982482665979,109.27613346947304
0,2,1275,6983575989088,109.29324401993189
0,3,1275,6985021071478,109.31585961723133
0,0,1276,6986453678592,109.33827997596154
0,1,1276,6988243214958,109.36628629178561
0,2,1276,6989686322222,109.388870978284
0,3,1276,6990782306543,109.40602317681729
0,0,1277,6992219801088,109.42852002403846
0,1,1277,6993312832374,109.44562600745569
0,2,1277,6994410435494,109.46280354025816
0,3,1277,6995505214522,109.47993687590771
0,0,1278,6996602421760,109.49710821314103
0,1,1278,6997700755772,109.51429718443259
0,2,1278,6998793734661,109.53140234783466
0,3,1278,6999887331818,109.5485171871557
0,0,1279,7001327288832,109.57105257211539
0,1,1279,7002428740785,109.58829033930853
0,2,1279,7003869132520,109.61083252766927
0,3,1279,7004964907256,109.62798144618891
0,0,1280,7006053736448,109.64502166666666
0,1,1280,7007492834210,109.66754360429813
0,2,1280,7008586590296,109.68466093086438
0,3,1280,7009682631768,109.7018140238131
0,0,1281,7010779266560,109.7189764022436
0,1,1281,7011880829799,109.73621591106709
0,2,1281,7012977032399,109.75337152567546
0,3,1281,7014766717286,109.78138016585913
0,0,1282,7015853065728,109.7983815625
0,1,1282,7016944796253,109.81546718895545
0,2,1282,7018036323747,109.83254963796763
0,3,1282,7019132560143,109.84970578148476
0,0,1283,7020219812864,109.86672133012821
0,1,1283,7021311039905,109.88379907703889
0,2,1283,7022403902434,109.9009024194023
0,3,1283,7023498576544,109.91803411308094
0,0,1284,7024586311168,109.93505720352564
0,1,1284,7025687846188,109.95229627072065
0,2,1284,7026781603875,109.96941362234263
0,3,1284,7028222193138,109.99195890202449
0,0,1285,7029999004672,110.01976607371795
0,1,1285,7031092572597,110.03688045555703
0,2,1285,7032183999007,110.05396132260054
0,3,1285,7033280116967,110.07111561258952
0,0,1286,7034371333120,110.08819318910257
0,1,1286,7035814763249,110.11078292845114
0,2,1286,7036907903399,110.12789061559432
0,3,1286,7038001491012,110.14500530555138
0,0,1287,7039097397760,110.1621562900641
0,1,1287,7040196828320,110.1793624223758
0,2,1287,7041290367991,110.19647636203864
0,3,1287,7042386866670,110.21363661029523
0,0,1288,7043480931840,110.23075877403846
0,1,1288,7044925155313,110.25336092925244
0,2,1288,7046022699937,110.27053754659018
0,3,1288,7047119334748,110.28769992531801
0,0,1289,7048212047872,110.30480092948719
0,1,1289,7049307309480,110.32194181753306
0,2,1289,7050405326315,110.33912582499187
0,3,1289,7051499018992,110.35624215920473
0,0,1290,7052588196352,110.37328782852565
0,1,1290,7053689662282,110.3905258144594
0,2,1290,7054783229984,110.4076401928085
0,3,1290,7055879699109,110.4247999785438
0,0,1291,7057996324864,110.45792525641026
0,2,1291,7060149068829,110.49161578571027
0,3,1291,7061247773480,110.50881055751704
0,0,1292,7062336309248,110.52584618589744
0,1,1292,7063428894288,110.54294518554688
0,2,1292,7064525216872,110.56010267790965
0,3,1292,7065619650241,110.577230603982
0,0,1293,7066714063872,110.59435822115385
0,1,1293,7067805515746,110.61143948670998
0,2,1293,7068902159011,110.62860199774327
0,3,1293,7070342454302,110.65114267675156
0,0,1294,7071430043136,110.66816348557693
0,1,1294,7072528903460,110.68536069367238
0,2,1294,7073969413975,110.70790474094488
0,3,1294,7075064785250,110.72504734528371
0,0,1295,7076151512576,110.74205467147436
0,1,1295,7077251396198,110.75926789422451
0,2,1295,7078343684511,110.77636225008452
0,3,1295,7079441442574,110.79354220775116
0,0,1296,7080530109952,110.81057989583334
0,1,1296,7081627499499,110.82775408620981
0,2,1296,7082724811759,110.84492706704164
0,3,1296,7084166837862,110.86749483332707
0,0,1297,7085601095168,110.8899410176282
0,1,1297,7087741857829,110.92344403904059
0,2,1297,7089182627802,110.94599214684119
0,3,1297,7090280331938,110.96317126054814
0,0,1298,7091368202752,110.9801964823718
0,1,1298,7092459865923,110.99728105473446
0,2,1298,7093555316780,111.01442490453476
0,3,1298,7094651390004,111.03157849440355
0,0,1299,7095741028352,111.04863137820513
0,1,1299,7096836834519,111.06578078862117
0,2,1299,7097934130289,111.08295351138385
0,3,1299,7099373816729,111.10548466184959
0,0,1300,7100805991936,111.12789826121795
0,1,1300,7101905944510,111.14511256306966
0,2,1300,7103001563476,111.16225904378256
0,3,1300,7104095630569,111.17938123762082
0,0,1301,7105183676928,111.19640920673078
0,1,1301,7106281838919,111.2135954858868
0,2,1301,7107374445981,111.23069483018142
0,3,1301,7108474218126,111.24790630831205
0,0,1302,7109562242560,111.26493393429487
0,1,1302,7110663648498,111.28217098135141
0,2,1302,7111756553707,111.29927499165854
0,3,1302,7113198910441,111.32184793233236
0,0,1303,7114289559040,111.33891662660257
0,1,1303,7115731806181,111.36148785214155
0,2,1303,7117171926498,111.38402579279973
0,3,1303,7118268830438,111.4011923834072
0,0,1304,7119359437824,111.4182604326923
0,1,1304,7120455122213,111.43540793727777
0,2,1304,7121548695096,111.45252239670974
0,3,1304,7122301354213,111.4643015420454
0,0,1305,7123389535232,111.48133161858975
0,1,1305,7124485680873,111.49848634178748
0,2,1305,7125580716354,111.51562369093675
0,3,1305,7127025364020,111.53823248478817
0,0,1306,7128460981760,111.5606999599359
0,1,1306,7129906803129,111.58332712228629
0,2,1306,7131003132773,111.60048472513834
0,3,1306,7132098590544,111.61762868314304
0,0,1307,7133188070400,111.63467908653847
0,1,1307,7134288159081,111.65189551847018
0,2,1307,7135386028967,111.66907722617125
0,3,1307,7136480300264,111.6862026158103
0,0,1308,7137572481024,111.70329528846155
0,1,1308,7138323101499,111.71504252896823
0,2,1308,7139420739238,111.73222060355945
0,3,1308,7140861793438,111.75477315952399
0,0,1309,7142294470144,111.7771946073718
0,1,1309,7143390943785,111.79435446378268
0,2,1309,7144485753748,111.8114882835662
0,3,1309,7145582744552,111.82865623359876
0,0,1310,7146672954368,111.84571806089744
0,1,1310,7147766340015,111.8628295900785
0,2,1310,7148862355921,111.87998228291829
0,3,1310,7149960737156,111.8971719932517
0,0,1311,7151056801280,111.91432544070513
0,1,1311,7152148629840,111.93141260141226
0,2,1311,7153244015636,111.94855543300531
0,3,1311,7154339598625,111.96570135067671
0,0,1312,7155772957184,111.98813346955129
0,1,1312,7156870997129,112.00531783868252
0,2,1312,7157966814118,112.0224674184633
0,3,1312,7159062441579,112.03961403212328
0,0,1313,7160150859264,112.0566478125
0,1,1313,7161241567712,112.07371744340946
0,2,1313,7162339151334,112.09089467106746
0,3,1313,7163433989658,112.10802893470178
0,0,1314,7164522270720,112.12506057692308
0,1,1314,7165276659672,112.13686679424579
0,2,1314,7166369386216,112.15396800843851
0,3,1314,7167465606145,112.17112389424642
0,0,1315,7168561573376,112.18827582532052
0,1,1315,7169658120555,112.20543683260405
0,2,1315,7170753364781,112.22257744862092
0,3,1315,7171849009064,112.23972432554588
0,0,1316,7172939664384,112.256793125
0,1,1316,7174040008984,112.27401356207432
0,2,1316,7175136666472,112.29117629569812
0,3,1316,7176232718681,112.30832955668131
0,0,1317,7177323228160,112.32539607371795
0,1,1317,7178421275323,112.34258055581118
0,2,1317,7179517850011,112.35974199361166
0,3,1317,7180615802603,112.37692499566494
0,0,1318,7181706122752,112.39398854967949
0,1,1318,7182807247475,112.41122119571001
0,2,1318,7183904718300,112.42839665809045
0,3,1318,7185345187410,112.45094005737305
0,0,1319,7187805325312,112.48944131410256
0,1,1319,7189212678433,112.51146644683055
0,2,1319,7189961270887,112.52318194872734
0,3,1319,7191402897462,112.54574346238357
0,0,1320,7192493347840,112.56280905448719
0,1,1320,7193588283555,112.57994484229455
0,2,1320,7194680579552,112.59703931840946
0,3,1320,7195431062047,112.60878439952361
0,0,1321,7197208799232,112.6366060576923
0,1,1321,7198306503101,112.65378516722068
0,2,1321,7199404601747,112.67097045502491
0,3,1321,7200847275229,112.69354835281764
0,0,1322,7201935645696,112.71058139423077
0,1,1322,7203033678602,112.72776565320137
0,2,1322,7204128566565,112.74490069368802
0,3,1322,7205225446506,112.7620669087102
0,0,1323,7206315440640,112.77912536057693
0,1,1323,7207414644391,112.79632794331869
0,2,1323,7208508104549,112.81344063859989
0,3,1323,7210643026730,112.84685225626627
0,0,1324,7211735345152,112.86394708333334
0,1,1324,7213180217642,112.88655939568936
0,2,1324,7214272427160,112.90365251840446
0,3,1324,7215367212653,112.9207859552315
0,0,1325,7216457016832,112.93784143429488
0,1,1325,7217555901104,112.95503901717748
0,2,1325,7218995549225,112.97756956794935
0,3,1325,7219746180631,112.98931697952662
0,0,1326,7220835743232,113.00636867788462
0,1,1326,7221936761920,113.02359966446315
0,2,1326,7223033428769,113.04076254458697
0,3,1326,7224476464992,113.06334611929087
0,0,1327,7225907303424,113.08573879807693
0,1,1327,7227006343982,113.1029388268417
0,2,1327,7228446449999,113.12547654370431
0,3,1327,7229541786209,113.14261859927447
0,0,1328,7230630027776,113.15964962339744
0,1,1328,7231727516790,113.17682537043645
0,2,1328,7232824248215,113.19398926117726
0,3,1328,7233919879661,113.21113593720266
0,0,1329,7235009939968,113.22819542467948
0,1,1329,7236107421176,113.2453710495543
0,2,1329,7236856656518,113.25709661267403
0,3,1329,7237954743257,113.27428171413324
0,0,1330,7239389133312,113.29672997596154
0,1,1330,7240487654304,113.3139218734976
0,2,1330,7241925332832,113.3364216000601
0,3,1330,7243366662257,113.35897846330693
0,0,1331,7244796866560,113.38136121794872
0,1,1331,7245894344720,113.3985367951222
0,2,1331,7246988288045,113.4156570519863
0,3,1331,7248086663080,113.43284666528946
0,0,1332,7248836911616,113.4445880849359
0,1,1332,7249933643794,113.46175198746118
0,2,1332,7251031011109,113.47892582990598
0,3,1332,7252130200992,113.49612819561298
0,0,1333,7253563181568,113.51855439903846
0,1,1333,7255001505531,113.54106422668457
0,2,1333,7256439356696,113.56356665502304
0,3,1333,7257537538637,113.58075324639736
0,0,1334,7258627786240,113.5978156650641
0,1,1334,7259383017636,113.60963506666917
0,2,1334,7260475065895,113.62672566567446
0,3,1334,7261568739361,113.6438416992344
0,0,1335,7262656720896,113.66086865384615
0,1,1335,7263753580533,113.6780345511099
0,2,1335,7264846484587,113.69513854334123
0,3,1335,7266290701154,113.71774059047601
0,0,1336,7267721619456,113.74013451923078
0,1,1336,7268821793520,113.75735228740986
0,2,1336,7269915897629,113.77447506055
0,3,1336,7271357882974,113.7970421889711
0,0,1337,7272448427520,113.81410925480769
0,1,1337,7273542903317,113.83123784487994
0,2,1337,7274637543097,113.8483690012927
0,3,1337,7275732899814,113.86551137779823
0,0,1338,7276820928512,113.88253907051282
0,1,1338,7277918615948,113.89971792286408
0,2,1338,7279013708025,113.91685615774301
0,3,1338,7280453647145,113.93939126266089
0,0,1339,7282229245440,113.96717944711538
0,1,1339,7283323214317,113.98430010386932
0,2,1339,7284418821894,114.0014464063439
0,3,1339,7285860790719,114.02401327622634
0,0,1340,7287638582784,114.05183579326923
0,1,1340,7288734964864,114.0689942167468
0,2,1340,7289832494873,114.0861706053592
0,3,1340,7290927038110,114.10330025087015
0,0,1341,7292018272768,114.12037811698718
0,1,1341,7293117719088,114.13758449594351
0,2,1341,7294210481492,114.15468627134666
0,3,1341,7295999590306,114.1826858959648
0,0,1342,7297089530880,114.19974350961539
0,1,1342,7298529245890,114.22227510720278
0,2,1342,7299624003465,114.23940810711201
0,3,1342,7301067791524,114.26200344807943
0,0,1343,7302155517952,114.2790264102564
0,1,1343,7303252391922,114.29619253183219
0,2,1343,7304348219677,114.3133422801013
0,3,1343,7305443595294,114.33048495239258
0,0,1344,7306535866880,114.34757904647437
0,1,1344,7307633396623,114.36475543092385
0,2,1344,7308730291041,114.38192187251164
0,3,1344,7309824380842,114.39904442173102
0,0,1345,7311260385792,114.42151795673077
0,1,1345,7312355866819,114.43866227869279
0,2,1345,7313791470128,114.4611295279948
0,3,1345,7314886515863,114.47826703761957
0,0,1346,7315981802496,114.49540831730769
0,1,1346,7317078684150,114.51257455913837
0,2,1346,7317831230764,114.52435194379758
0,3,1346,7318928243300,114.54152023393681
0,0,1347,7320016631808,114.5585535576923
0,1,1347,7321108748747,114.57564523154235
0,2,1347,7322198522218,114.59270023002429
0,3,1347,7323642010020,114.61529087195764
0,0,1348,7324731629056,114.63234345352565
0,1,1348,7326177263803,114.65496769523425
0,2,1348,7327270410272,114.67207548127004
0,3,1348,7328369958630,114.68928345712516
0,0,1349,7329459579904,114.70633607371795
0,1,1349,7330558370889,114.72353219665527
0,2,1349,7331653661293,114.7406735353597
0,3,1349,7332749020267,114.75781594718738
0,0,1350,7333837067776,114.77484393429488
0,1,1350,7334928933287,114.79193167328664
0,2,1350,7336024842911,114.80908270280887
0,3,1350,7337120551409,114.82623058470115
0,0,1351,7338210804224,114.8432930849359
0,1,1351,7340003608239,114.87135053959773
0,2,1351,7340753558606,114.88308729288737
0,3,1351,7341847707457,114.90021076624161
0,0,1352,7342943892480,114.91736610576923
0,1,1352,7344044564663,114.93459166953063
0,2,1352,7345141181095,114.95175376062637
0,3,1352,7346235153122,114.96887446667793
0,0,1353,7347324103168,114.98591657852565
0,1,1353,7348070168164,114.99759252560347
0,2,1353,7349161703312,115.01467509440104
0,3,1353,7350601752157,115.03721191651955
0,0,1354,7351693674496,115.0543005448718
0,1,1354,7353135663423,115.07686772935133
0,2,1354,7354571146666,115.09933309961563
0,3,1354,7356011243770,115.12187067698943
0,0,1355,7357103730688,115.13896814102564
0,1,1355,7358205541428,115.15621152324971
0,2,1355,7359302012705,115.17337134266388
0,3,1355,7360398233755,115.1905272460155
0,0,1356,7361145694208,115.20222503205129
0,1,1356,7362241312811,115.21937150708321
0,2,1356,7363336904733,115.23651756455642
0,3,1356,7364780046376,115.25910278908755
0,0,1357,7366213699072,115.28153951121796
0,1,1357,7367304957673,115.2986177520439
0,2,1357,7368398074602,115.3157250757775
0,3,1357,7369841106719,115.33830858622234
0,0,1358,7371274130944,115.36073547275642
0,1,1358,7372373717979,115.37794405390814
0,2,1358,7373129944736,115.38977903295273
0,3,1358,7374228690097,115.40697444187262
0,0,1359,7375320594944,115.42406279647436
0,1,1359,7376419298808,115.44125755596454
0,2,1359,7377513425132,115.45838067677033
0,3,1359,7378611325019,115.47556285398827
0,0,1360,7380041831424,115.49795033653847
0,1,1360,7381141070639,115.51515347429324
0,2,1360,7382583584158,115.5377288686586
0,3,1360,7383681637708,115.55491345070864
0,0,1361,7384770080256,115.5719476201923
0,1,1361,7386908533672,115.60541450182792
0,2,1361,7388347718941,115.62793780894745
0,3,1361,7389442209189,115.64506662517842
0,0,1362,7390533221376,115.66214100961538
0,1,1362,7391284782876,115.67390297720102
0,2,1362,7392725896034,115.69645645586063
0,3,1362,7395205923876,115.73526899094801
0,0,1363,7396296415744,115.75233523237179
0,1,1363,7397397615429,115.76956905156062
0,2,1363,7398489678003,115.78665987459624
0,3,1363,7399587311012,115.80383787516277
0,0,1364,7400675902976,115.82087438301282
0,1,1364,7401768484013,115.83797332001515
0,2,1364,7402860632812,115.85506549247546
0,3,1364,7403957951284,115.87223857052534
0,0,1365,7405050181120,115.88933201121795
0,1,1365,7406150101559,115.90654581015562
0,2,1365,7407243439948,115.9236565997471
0,3,1365,7408684604548,115.94621088347607
0,0,1366,7410115342848,115.96860199519232
0,1,1366,7411208303340,115.98570687068059
0,2,1366,7412302611996,116.00283284498948
0,3,1366,7413401615804,116.02003229861529
0,0,1367,7414488740864,116.03704584935898
0,1,1367,7415589630078,116.05427480966422
0,2,1367,7416681946722,116.0713696089055
0,3,1367,7417779489630,116.08854619938778
0,0,1368,7418868308992,116.10558626602564
0,1,1368,7419964977645,116.12274917438214
0,2,1368,7421055358119,116.13981367248536
0,3,1368,7422498691220,116.16240189334185
0,0,1369,7423586728448,116.17942971955128
0,1,1369,7424681980159,116.19657045270871
0,2,1369,7425779102235,116.21374045715332
0,3,1369,7426877077029,116.2309238066688
0,0,1370,7427968581120,116.24800588942308
0,1,1370,7429063984789,116.2651490007293
0,2,1370,7429811586843,116.2768490028264
0,3,1370,7430908684288,116.29401862179488
0,0,1371,7431999399424,116.3110883573718
0,1,1371,7433098978421,116.3282968127285
0,2,1371,7434196483425,116.34547281001164
0,3,1371,7435290978209,116.3626016972312
0,0,1372,7437408158208,116.39573564903847
0,1,1372,7438816365011,116.41777414192396
0,2,1372,7439908351641,116.43486377643292
0,3,1372,7441002565045,116.4519882600442
0,0,1373,7442091664384,116.46903270833333
0,1,1373,7443191198513,116.48624046150404
0,2,1373,7444288656111,116.50341571688139
0,3,1373,7445385494884,116.5205812876227
0,0,1374,7446476522496,116.53765591346153
0,1,1374,7447577676007,116.55488901002542
0,2,1374,7448671150383,116.57200192781889
0,3,1374,7450116063394,116.59461487433018
0,0,1375,7451547557888,116.61701782051283
0,1,1375,7452991903112,116.63962188113481
0,2,1375,7454089680738,116.6568021449632
0,3,1375,7455186310568,116.67396444573818
0,0,1376,7456274882048,116.69100063301282
0,1,1376,7457372971279,116.70818577347194
0,2,1376,7458123972202,116.71993896800507
0,3,1376,7459219908983,116.73709042253543
0,0,1377,7460309682176,116.75414541666667
0,1,1377,7461407504626,116.77132638199244
0,2,1377,7462502866587,116.78846884056678
0,3,1377,7463598763291,116.8056196678905
0,0,1378,7465031598080,116.82804358974359
0,1,1378,7466128437790,116.845209175149
0,2,1378,7467224126538,116.86235674795297
0,3,1378,7468323946085,116.87956896792682
0,0,1379,7469415205376,116.89664721955128
0,1,1379,7471207114559,116.92469067005646
0,2,1379,7472296521516,116.94173993257964
0,3,1379,7473048176043,116.95350335604155
0,0,1380,7474140802560,116.9706030048077
0,1,1380,7475235823854,116.98774013192984
0,2,1380,7476674533724,117.01025599903596
0,3,1380,7477772678892,117.02744201491136
0,0,1381,7478863222784,117.04450907051283
0,1,1381,7479962550836,117.06171359857022
0,2,1381,7481063001544,117.07893569623899
0,3,1381,7482157162624,117.09605936097756
0,0,1382,7483247833088,117.1131283974359
0,1,1382,7484347086313,117.13033175444774
0,2,1382,7485787170152,117.15286912422376
0,3,1382,7486881931721,117.17000218663925
0,0,1383,7487970599424,117.1870398798077
0,1,1383,7489068186885,117.2042171675462
0,2,1383,7490167567281,117.2214225147893
0,3,1383,7492991988197,117.26562481528258
0,0,1384,7494768610304,117.2934290224359
0,1,1384,7495867411562,117.3106253061461
0,2,1384,7496958786793,117.32770537223621
0,3,1384,7498400532123,117.35026874441294
0,0,1385,7499491564032,117.3673434375
0,1,1385,7500587986829,117.38450249820025
0,2,1385,7501684249187,117.40165904802372
0,3,1385,7502778521132,117.41878444780399
0,0,1386,7503870187008,117.4358690625
0,1,1386,7504968304419,117.45305464397724
0,2,1386,7506062626987,117.47018083600949
0,3,1386,7507852303140,117.49818933950571
0,0,1387,7508941523456,117.51523568108975
0,1,1387,7510386466763,117.53784910173465
0,2,1387,7511481524449,117.55498679839306
0,3,1387,7512576546404,117.57212393585988
0,0,1388,7513674265600,117.58930328525642
0,1,1388,7514771684732,117.60647793863933
0,2,1388,7515865250592,117.62359228816106
0,3,1388,7516960790040,117.64073752441406
0,0,1389,7517708873216,117.65244505608975
0,1,1389,7518806081369,117.66961640764286
0,2,1389,7519899856417,117.68673403096517
0,3,1389,7521343864743,117.70933281911996
0,0,1390,7522439461376,117.72647895032051
0,1,1390,7523884434040,117.74909283040365
0,2,1390,7524977851171,117.76620485231058
0,3,1390,7526073345787,117.78334938694098
0,0,1391,7527160949248,117.80037042467949
0,1,1391,7528259572205,117.81756391797188
0,2,1391,7529354636127,117.83470171222393
0,3,1391,7530452151967,117.85187787909092
0,0,1392,7531543405056,117.86895603365384
0,1,1392,7532639818628,117.88611494998247
0,2,1392,7533731069852,117.90319307535808
0,3,1392,7534829308979,117.9203805616956
0,0,1393,7535916934144,117.93740193910257
0,1,1393,7537357108381,117.9599407236109
0,2,1393,7538798032021,117.98249123630622
0,3,1393,7539896959790,117.99968949991862
0,0,1394,7540988119552,118.01676619391026
0,1,1394,7542081122777,118.0338717381717
0,2,1394,7543171229405,118.05093195057405
0,3,1394,7544268227259,118.06810001093938
0,0,1395,7545356014080,118.08512391826923
0,1,1395,7546452157245,118.10227860271748
0,2,1395,7547548377386,118.11943449184321
0,3,1395,7548643785306,118.13657766967773
0,0,1396,7549735611392,118.15366479166667
0,1,1396,7551521885742,118.18162005680965
0,2,1396,7552966961503,118.20423555036496
0,3,1396,7554060694281,118.22135251216008
0,0,1397,7555150545408,118.23840872596155
0,1,1397,7556250135425,118.25561735378167
0,2,1397,7557345251237,118.27275596011431
0,3,1397,7558442085540,118.28992146089995
0,0,1398,7559529043968,118.30693240384616
0,1,1398,7560625160955,118.32408667860766
0,2,1398,7561718504428,118.34119754776393
0,3,1398,7562468171889,118.35292987356333
0,0,1399,7563903025152,118.37538538461538
0,1,1399,7565347531836,118.39799197209285
0,2,1399,7566441672554,118.41511531816532
0,3,1399,7567536550250,118.432250197973
0,0,1400,7568968941568,118.45466717948719
0,1,1400,7570069631348,118.47189301864233
0,2,1400,7571166832909,118.48906426703037
0,3,1400,7572263860421,118.5062327915446
0,0,1401,7573357163520,118.52334302884616
0,1,1401,7574452295456,118.54048188752003
0,2,1401,7575548561255,118.55763849119529
0,3,1401,7576646404707,118.5748197852032
0,0,1402,7577734300160,118.59184539262822
0,1,1402,7579180128382,118.61447266222832
0,2,1402,7580277819618,118.63165157404973
0,3,1402,7582066232604,118.6596403089318
0,0,1403,7582813990912,118.67134275641025
0,1,1403,7583913914857,118.68855661021698
0,2,1403,7585007545493,118.7056719734857
0,3,1403,7586448689320,118.72822593211639
0,0,1404,7587196804608,118.73993396634616
0,1,1404,7588295700364,118.75713172895382
0,2,1404,7589391214307,118.77427656605256
0,3,1404,7590484819101,118.79139152489296
0,0,1405,7593291173888,118.8353110897436
0,1,1405,7595041571824,118.86270488757012
0,2,1405,7596134112228,118.87980318866437
0,3,1405,7597575849868,118.90236644049229
0,0,1406,7598666706432,118.91943838942308
0,1,1406,7599759395582,118.9365390183982
0,2,1406,7600852688252,118.95364909248548
0,3,1406,7601950826792,118.97083500463242
0,0,1407,7603038664192,118.98785970352564
0,1,1407,7604131825272,119.00496771822417
0,2,1407,7605227935185,119.02212188227728
0,3,1407,7606326169259,119.03930928953514
0,0,1408,7607761017344,119.06176471955129
0,1,1408,7609547842843,119.0897286101982
0,2,1408,7610644245466,119.10688735517454
0,3,1408,7611738641763,119.12401470106859
0,0,1409,7613168500736,119.14639205128205
0,1,1409,7614269908559,119.16362912783892
0,2,1409,7615362183560,119.1807232753656
0,3,1409,7616459690147,119.19789929742275
0,0,1410,7617551779328,119.21499053685898
0,1,1410,7618299223571,119.22668806920761
0,2,1410,7619391678078,119.24378502601037
0,3,1410,7621177500131,119.27173321268718
0,0,1411,7622615592960,119.29423942307693
0,1,1411,7624054209609,119.31675383127066
0,2,1411,7625493951284,119.33928584616638
0,3,1411,7626590800030,119.35645157298553
0,0,1412,7627679228928,119.37348552884616
0,1,1412,7628771017570,119.39057206483498
0,2,1412,7629522878503,119.40233871855908
0,3,1412,7630617694873,119.4194726386124
0,0,1413,7631713268736,119.43661841346155
0,1,1413,7632811800425,119.45381047840608
0,2,1413,7633905316509,119.47092404893142
0,3,1413,7634999531568,119.48804855844351
0,0,1414,7636776510464,119.51585834935898
0,1,1414,7637869662737,119.53296622622759
0,2,1414,7639664997399,119.56106328561637
0,3,1414,7640418229491,119.57285139803373
0,0,1415,7641510015488,119.58993789262821
0,1,1415,7642603937676,119.60705781869741
0,2,1415,7643699793682,119.62420800909581
0,3,1415,7644794974874,119.64134763862806
0,0,1416,7645882546688,119.65836818108974
0,1,1416,7646975921407,119.67547953924718
0,2,1416,7648069003618,119.69258631964269
0,3,1416,7649513213921,119.71518826874562
0,0,1417,7650946913792,119.73762572916667
0,1,1417,7652045870061,119.75482443880522
0,2,1417,7653143793222,119.77200698026218
0,3,1417,7654240993105,119.78917820238945
0,0,1418,7655330482176,119.80622875
0,1,1418,7656428222868,119.8234084358098
0,2,1418,7657524122787,119.8405593134484
0,3,1418,7658622978287,119.85775644604806
0,0,1419,7659713975296,119.87483059294873
0,1,1419,7660814437712,119.89205287384816
0,2,1419,7661911347415,119.90921955464681
0,3,1419,7663351813716,119.93176290996846
0,0,1420,7664784461312,119.9541839022436
0,1,1420,7665883245120,119.97137991286058
0,2,1420,7666980960734,119.98855920619867
0,3,1420,7668421807461,120.01110851520245
0,0,1421,7669167718400,120.02278205128205
0,1,1421,7670265588207,120.03996375774678
0,2,1421,7671361296935,120.05711164323856
0,3,1421,7672458273629,120.07427937244904
0,0,1422,7673545871872,120.09130032852565
0,1,1422,7674642550638,120.10846339515099
0,2,1422,7675736770138,120.12558797416492
0,3,1422,7677867590168,120.15893539300382
0,0,1423,7678962959872,120.17607797275642
0,1,1423,7680063832640,120.1933066756811
0,2,1423,7681159857822,120.21045951369067
0,3,1423,7682256562601,120.2276229874205
0,0,1424,7683345918464,120.24467145032051
0,1,1424,7684440506822,120.26180180197692
0,2,1424,7685535526629,120.27893890582746
0,3,1424,7686634192229,120.2961330664845
0,0,1425,7687381633536,120.30783055288462
0,1,1425,7688480950729,120.32503491099823
0,2,1425,7689574030850,120.34214165868515
0,3,1425,7692055350813,120.38097441551795
0,0,1426,7693488428032,120.40340213141026
0,1,1426,7694583850953,120.42054554401105
0,2,1426,7696025333268,120.4431047999925
0,3,1426,7697122011927,120.46026786494329
0,0,1427,7698552779264,120.48265943108974
0,1,1427,7699648231585,120.49980330380171
0,2,1427,7700401505892,120.51159207688552
0,3,1427,7701496563365,120.52872977021046
0,0,1428,7702593274880,120.54589334935898
0,1,1428,7703689515187,120.5630495540834
0,2,1428,7704786785437,120.58022187745706
0,3,1428,7706573425057,120.60818285909018
0,0,1429,7708007821824,120.63063122596154
0,1,1429,7709105539929,120.64781055828388
0,2,1429,7710197280994,120.66489634969076
0,3,1429,7711293989600,120.6820598833133
0,0,1430,7712382412800,120.69909375
0,1,1430,7713476041404,120.71620908146785
0,2,1430,7714570410270,120.73333599806566
0,3,1430,7715667560548,120.7505064438727
0,0,1431,7716756021248,120.76754089743591
0,1,1431,7717506474127,120.77928551505848
0,2,1431,7718603672611,120.79645671529134
0,3,1431,7719701668411,120.81364039355157
0,0,1432,7721477487616,120.84143203525642
0,1,1432,7722574430590,120.85859923674755
0,2,1432,7724013252199,120.8811168525735
0,3,1432,7725108488928,120.89825735126202
0,0,1433,7725856718336,120.90996717147436
0,1,1433,7726951051526,120.92709352974134
0,2,1433,7728389510815,120.94960547524477
0,3,1433,7729143355044,120.9614031676307
0,0,1434,7730235389952,120.97849355769232
0,1,1434,7731333529256,120.99567948179588
0,2,1434,7732428364740,121.01281370098408
0,3,1434,7733868852707,121.03535739537949
0,0,1435,7735301619712,121.05778025641025
0,1,1435,7736749298003,121.08043647966434
0,2,1435,7738198598989,121.10311809816018
0,3,1435,7739296972428,121.12030768648589
0,0,1436,7740389224960,121.1374014823718
0,1,1436,7741482468557,121.15451078846468
0,2,1436,7742927261916,121.17712186241737
0,3,1436,7743675854329,121.1888373636725
0,0,1437,7744767672832,121.20592436698718
0,1,1437,7745869041799,121.2231608354461
0,2,1437,7746963851752,121.24029465507311
0,3,1437,7748404989231,121.26284851435734
0,0,1438,7749839120384,121.28529272435898
0,1,1438,7750938593653,121.30249952506824
0,2,1438,7752033264367,121.31963116559933
0,3,1438,7753472764942,121.34215940727039
0,0,1439,7754560562688,121.35918348557692
0,1,1439,7755316107514,121.37100779237406
0,2,1439,7756413868319,121.3881877929531
0,3,1439,7757510155236,121.40534472712591
0,0,1440,7758601440768,121.42242338942307
0,1,1440,7759698836136,121.43959767089844
0,2,1440,7760796401047,121.45677460572854
0,3,1440,7761893291355,121.47394098299468
0,0,1441,7763671214592,121.50176555288462
0,1,1441,7764768454540,121.51893740203076
0,2,1441,7765862460007,121.53605863141965
0,3,1441,7767305866216,121.55864799641927
0,0,1442,7768392679424,121.57565666666667
0,1,1442,7769485680293,121.59276217405662
0,2,1442,7770241100475,121.60458453017016
0,3,1442,7771339907496,121.62178090407151
0,0,1443,7772429568000,121.6388341346154
0,1,1443,7773520938110,121.65591412056165
0,2,1443,7774617525542,121.67307575780625
0,3,1443,7775713133848,121.6902220716897
0,0,1444,7777146567680,121.71265536858975
0,1,1444,7778589682537,121.7352401739189
0,2,1444,7779683956707,121.7523656085205
0,3,1444,7781128156060,121.77496738625551
0,0,1445,7782217492480,121.7920155448718
0,1,1445,7783317036220,121.80922344845503
0,2,1445,7784070575193,121.82101636357234
0,3,1445,7785164626781,121.83813831475673
0,0,1446,7786252106240,121.85515741185898
0,1,1446,7787351156384,121.87235759064504
0,2,1446,7788443370667,121.88945078793257
0,3,1446,7789541483720,121.90663630120693
0,0,1447,7790973551616,121.92904822115385
0,1,1447,7792765270338,121.95708869093676
0,2,1447,7794556700511,121.98512464491624
0,3,1447,7795651937455,122.00226514696953
0,0,1448,7796744625664,122.01936576121795
0,1,1448,7797839159883,122.03649526559683
0,2,1448,7798933002192,122.05361394155649
0,3,1448,7800028624418,122.07076047328852
0,0,1449,7801118444544,122.08781620192308
0,1,1449,7802215083981,122.10497865304801
0,2,1449,7803309794345,122.12211091410319
0,3,1449,7804405519249,122.13925905275003
0,0,1450,7805497535488,122.15634915064103
0,1,1450,7806596348273,122.17354561474923
0,2,1450,7808038055347,122.19610838821802
0,3,1450,7809131884710,122.21322686157227
0,0,1451,7810218996736,122.23024020833334
0,1,1451,7811317561003,122.24743278312488
0,2,1451,7812073005785,122.2592555242294
0,3,1451,7813166649960,122.27637109938402
0,0,1452,7814254030336,122.29338864583333
0,1,1452,7815351306881,122.31056106772398
0,2,1452,7816448487209,122.32773198381473
0,3,1452,7817543407080,122.34486752366287
0,0,1453,7818632075264,122.36190522435898
0,1,1453,7819732312105,122.37912397500062
0,2,1453,7821177345210,122.40173880098783
0,3,1453,7822962369639,122.42967450481709
0,0,1454,7824051902464,122.44672573717949
0,1,1454,7825152787695,122.46395463515061
0,2,1454,7826248275865,122.48109906890087
0,3,1454,7827344432095,122.49825395781689
0,0,1455,7828435388928,122.51532747596154
0,1,1455,7829534034060,122.53252131629357
0,2,1455,7830630433253,122.54968000759027
0,3,1455,7831726363985,122.56683136745356
0,0,1456,7832814062080,122.58385388621795
0,1,1456,7833910109190,122.6010070674016
0,2,1456,7835354583966,122.62361315551757
0,3,1456,7836448318568,122.64073014585837
0,0,1457,7837880339456,122.66314133012821
0,1,1457,7838977544434,122.68031263199244
0,2,1457,7839731227111,122.6921077960831
0,3,1457,7840824884197,122.7092235732954
0,0,1458,7841916248064,122.72630346153846
0,1,1458,7843017849087,122.74354356168307
0,2,1458,7844113532452,122.7606910502429
0,3,1458,7845212210522,122.77788540605594
0,0,1459,7846304724992,122.79498330128206
0,1,1459,7847400372385,122.81213022687864
0,2,1459,7849189522222,122.84013049350837
0,3,1459,7850283529769,122.85725175544935
0,0,1460,7851373437952,122.87430886217949
0,1,1460,7852474509231,122.89154067180927
0,2,1460,7853917789901,122.91412807211852
0,3,1460,7855013473631,122.93127556639061
0,0,1461,7856101524992,122.94830361378206
0,1,1461,7856855030076,122.96009599853517
0,2,1461,7857952266211,122.9772677880077
0,3,1461,7859050361627,122.9944530252623
0,0,1462,7860143031808,123.0115533573718
0,1,1462,7861587216565,123.03415490667881
0,2,1462,7863026263217,123.05667604443673
0,3,1462,7864469327778,123.07926006263146
0,0,1463,7865900733440,123.10166161858974
0,1,1463,7867001959762,123.11889585464868
0,2,1463,7868094560680,123.13599510278947
0,3,1463,7869192347839,123.15317551580968
0,0,1464,7870280032768,123.17019782852564
0,1,1464,7871378986705,123.1873965016683
0,2,1464,7872127571112,123.1991118776292
0,3,1464,7873224078452,123.21627226143079
0,0,1465,7874315458560,123.23335240384615
0,1,1465,7875760209515,123.25596281417455
0,2,1465,7877201497513,123.27851902908716
0,3,1465,7878641255683,123.30105130213029
0,0,1466,7879730501120,123.31809803685898
0,1,1466,7880823595834,123.33520501292693
0,2,1466,7881918381856,123.35233845803286
0,3,1466,7883017143405,123.3695341202956
0,0,1467,7884106471424,123.3865821474359
0,1,1467,7885200809151,123.4037085767071
0,2,1467,7886298091393,123.42088108775604
0,3,1467,7887392879074,123.43801455882537
0,0,1468,7888482229248,123.45506293269231
0,1,1468,7890274709445,123.48311531958947
0,2,1468,7892063217917,123.51110554883125
0,3,1468,7893850249598,123.53907266623473
0,0,1469,7894941485056,123.5561505448718
0,1,1469,7896036900906,123.57329384681115
0,2,1469,7897130312155,123.59040577666454
0,3,1469,7898227276524,123.60757331298828
0,0,1470,7899317831680,123.6246405448718
0,1,1470,7900062427095,123.6362934929481
0,2,1470,7901154062565,123.65337763178898
0,3,1470,7902248895659,123.6705118135736
0,0,1471,7903338536960,123.68756474358975
0,1,1471,7904780164846,123.71012627776318
0,2,1471,7906222225383,123.73269458294209
0,3,1471,7908010697441,123.76068424230331
0,0,1472,7909103062528,123.7777797996795
0,1,1472,7909849770459,123.78946580871582
0,2,1472,7910944529768,123.80659883576222
0,3,1472,7912042752670,123.82378606817784
0,0,1473,7913134899712,123.84087821314102
0,1,1473,7914227221342,123.85797309041341
0,2,1473,7915324094402,123.87513919774764
0,3,1473,7916421398541,123.8923120514855
0,0,1474,7917513477632,123.90940313301283
0,1,1474,7918609200893,123.92655124594664
0,2,1474,7920050258280,123.94910385178787
0,3,1474,7921839782554,123.97710997837164
0,0,1475,7922928350720,123.99414611378205
0,1,1475,7924019842937,124.01122801070777
0,2,1475,7924768477429,124.02294417050094
0,3,1475,7925864143957,124.04009139556102
0,0,1476,7926954733568,124.05715916666666
0,1,1476,7928046001966,124.07423756081606
0,2,1476,7929139615572,124.09135265756461
0,3,1476,7930233958824,124.10847917330229
0,0,1477,7931323567104,124.12553158653847
0,1,1477,7932418538638,124.14266793491461
0,2,1477,7933862207204,124.1652614058118
0,3,1477,7935304962696,124.1878405870643
0,0,1478,7936396180992,124.20491819711539
0,1,1478,7937492999575,124.22208345188238
0,2,1478,7938589831823,124.2392489205072
0,3,1478,7939684787186,124.25638501580654
0,0,1479,7940776782848,124.27347479166667
0,1,1479,7941868848901,124.29056566914876
0,2,1479,7942965087469,124.30772184665778
0,3,1479,7944060043624,124.32485795435197
0,0,1480,7945150267904,124.34192000801282
0,1,1480,7946245923970,124.3590670693422
0,2,1480,7947687252072,124.38162391188402
0,3,1480,7948781175417,124.39874385606032
0,0,1481,7950216029184,124.421199375
0,1,1481,7951316630901,124.43842383596568
0,2,1481,7952409457681,124.4555266188558
0,3,1481,7953502813602,124.47263768282377
0,0,1482,7954595541504,124.48973891826924
0,1,1482,7955694270701,124.50693407422189
0,2,1482,7956441525035,124.51862863448706
0,3,1482,7957539168616,124.53580680050581
0,0,1483,7958626876928,124.55282947916668
0,1,1483,7960416902688,124.58084345402645
0,2,1483,7961509868546,124.59794841349284
0,3,1483,7962953440235,124.62054036826109
0,0,1484,7964042527232,124.63758462339744
0,1,1484,7965133484323,124.6546581455798
0,2,1484,7966226258337,124.67176010267991
0,3,1484,7967322529624,124.6889167922426
0,0,1485,7968412057088,124.70596794070514
0,1,1485,7969509621903,124.72314487403283
0,2,1485,7970606810081,124.74031591297638
0,3,1485,7971703755472,124.75748315229367
0,0,1486,7972792527872,124.77452248397437
0,1,1486,7974237293022,124.79713311645509
0,2,1486,7975681233645,124.81973084505522
0,3,1486,7976775307687,124.83685314764561
0,0,1487,7977865619456,124.85391657051282
0,1,1487,7979306704572,124.876469610314
0,2,1487,7980399369330,124.89356985755335
0,3,1487,7981496031452,124.91073266369942
0,0,1488,7982584645632,124.92776951923078
0,1,1488,7983679200798,124.94489935143105
0,2,1488,7984771949791,124.9620009169515
0,3,1488,7985866495048,124.97913059407553
0,0,1489,7986959070208,124.99622943910256
0,1,1489,7988052563837,125.01334265820626
0,2,1489,7989493711957,125.03589668402256
0,3,1489,7990933315881,125.0584265431096
0,0,1490,7992711316992,125.08625233173078
0,1,1490,7993811687361,125.10347317209097
0,2,1490,7994556233063,125.11512534215683
0,3,1490,7995654342742,125.13231080262796
0,0,1491,7996741798912,125.14932953525641
0,1,1491,7997843341179,125.16656871586727
0,2,1491,7998936452522,125.18367595217974
0,3,1491,8000030618576,125.20079969476163
0,0,1492,8001120496128,125.2178563221154
0,1,1492,8002220233975,125.23506726348094
0,2,1492,8003312740886,125.25216504040841
0,3,1492,8004752071920,125.27469062875602
0,0,1493,8006185017344,125.29711628205129
0,1,1493,8007279785878,125.3142494534693
0,2,1493,8008373892330,125.3313722632775
0,3,1493,8009471267368,125.34854622658754
0,0,1494,8010558849536,125.36556693108975
0,1,1494,8011652458735,125.38268195886857
0,2,1494,8012743224130,125.39975248100086
0,3,1494,8013840220070,125.41692051141202
0,0,1495,8014931496448,125.43399903044872
0,1,1495,8015677184640,125.44566908052884
0,2,1495,8016771707998,125.46279841493265
0,3,1495,8018556304570,125.49072742278271
0,0,1496,8019992091136,125.51319754006411
0,1,1496,8021092756237,125.53042299299192
0,2,1496,8022189047446,125.54757999433468
0,3,1496,8023283314682,125.56470532041892
0,0,1497,8024370178560,125.58171478365385
0,1,1497,8025466356341,125.59887000984388
0,2,1497,8026557407982,125.61594501173754
0,3,1497,8027653550457,125.63309968538725
0,0,1498,8028400753152,125.6447934375
0,1,1498,8029492281874,125.66187590573043
0,2,1498,8030933266735,125.68442737653683
0,3,1498,8032375171747,125.70699324774327
0,0,1499,8033467427328,125.72408709134616
0,1,1499,8035255017054,125.75206294217624
0,2,1499,8036350845797,125.76921270590758
0,3,1499,8037793885021,125.79179632757726
0,0,1500,8038539193344,125.8034604326923
0,1,1500,8039633399760,125.82058480694111
0,2,1500,8040724796903,125.8376652159549
0,3,1500,8041818250013,125.85477780093463
0,0,1501,8042907529216,125.87182506410257
0,1,1501,8045038924849,125.90518149115147
0,2,1501,8046479232358,125.92772236137195
0,3,1501,8047920344859,125.95027582974947
0,0,1502,8049008191488,125.96730067307692
0,1,1502,8050102786281,125.98443112544133
0,2,1502,8051194360040,126.00151429850261
0,3,1502,8052290053273,126.01866194149703
0,0,1503,8053380521984,126.03572782051282
0,1,1503,8054474149941,126.05284314185509
0,2,1503,8055568585559,126.06997110312437
0,3,1503,8056666738199,126.08715723593687
0,0,1504,8057763503104,126.10432165064103
0,1,1504,8059553637688,126.13233732860077
0,2,1504,8061688116779,126.1657420118909
0,3,1504,8063127795173,126.18827303643643
0,0,1505,8064216479232,126.20531098557693
0,1,1505,8065315238272,126.22250660857372
0,2,1505,8066756839202,126.24506772088466
0,3,1505,8067850253082,126.26217969191332
0,0,1506,8068598524928,126.27389017628205
0,1,1506,8070043595443,126.29650558773726
0,2,1506,8070795738128,126.30827665089143
0,3,1506,8071892528868,126.32544146991437
0,0,1507,8072981844480,126.34248930288462
0,1,1507,8075116417442,126.37589545525967
0,2,1507,8076558895522,126.39847029500326
0,3,1507,8077657560907,126.41566445229554
0,0,1508,8078748852736,126.43274321314102
0,1,1508,8079503472448,126.444553041867
0,2,1508,8080594949325,126.46163469872108
0,3,1508,8081689538841,126.47876506850022
0,0,1509,8082778662400,126.49580989583333
0,1,1509,8083878702230,126.51302556324495
0,2,1509,8084974087466,126.53016838607397
0,3,1509,8086072752286,126.547362534524
0,0,1510,8087506164224,126.56979548878205
0,1,1510,8088607128000,126.58702561598558
0,2,1510,8091784695434,126.63675467363407
0,3,1510,8093225925071,126.65930997519469
0,0,1511,8094319746048,126.6764283173077
0,1,1511,8095417398078,126.69360661555363
0,2,1511,8096511091742,126.7107229652131
0,3,1511,8097607968099,126.7278891241455
0,0,1512,8098698215424,126.74495153846154
0,1,1512,8099798930624,126.7621777754407
0,2,1512,8100546743600,126.77388107847557
0,3,1512,8101644167983,126.79105581403684
0,0,1513,8103420434944,126.81885446314102
0,1,1513,8104516390319,126.83600620866825
0,2,1513,8105957006698,126.8585519127166
0,3,1513,8107397107563,126.8810895489502
0,0,1514,8108830099456,126.90351592948718
0,1,1514,8110277647838,126.92617011966021
0,2,1514,8111023850596,126.93784822271886
0,3,1514,8112118497953,126.95497949771197
0,0,1515,8113210086400,126.97206290064103
0,1,1515,8114301726060,126.9891471050556
0,2,1515,8115393654948,127.00623583589994
0,3,1515,8116489368612,127.02338379864032
0,0,1516,8117577972224,127.04042048878206
0,1,1516,8118677533884,127.057628672814
0,2,1516,8120116562015,127.08014952071753
0,3,1516,8121559937831,127.10273841006548
0,0,1517,8122648148992,127.11976895833334
0,1,1517,8123741684580,127.13688283409707
0,2,1517,8124837280234,127.15402894997622
0,3,1517,8125932843689,127.17117456193974
0,0,1518,8127022346240,127.18822532051283
0,1,1518,8128114099893,127.2053113089224
0,2,1518,8129211253832,127.22248181202424
0,3,1518,8129959589498,127.23419329517854
0,0,1519,8131048511488,127.25123496794872
0,1,1519,8132485901290,127.27373017593776
0,2,1519,8133579510944,127.29084521083735
0,3,1519,8134676281791,127.30800971853404
0,0,1520,8135765169664,127.32505085737179
0,1,1520,8136857984308,127.34215345033304
0,2,1520,8138299808787,127.3647180611948
0,3,1520,8139048193853,127.37643031746107
0,0,1521,8140140879360,127.39353088942308
0,1,1521,8141240277177,127.41073650930552
0,2,1521,8142332669738,127.4278324966509
0,3,1521,8143426716893,127.44495437845866
0,0,1522,8145545358848,127.4781112099359
0,1,1522,8146638740181,127.49522267160269
0,2,1522,8147731189094,127.51231954085912
0,3,1522,8149173771560,127.5348960142478
0,0,1523,8150606472192,127.55731783653846
0,1,1523,8151707429265,127.57454785883978
0,2,1523,8152802545247,127.59168646783291
0,3,1523,8153901702242,127.6088883188414
0,0,1524,8154990835712,127.62593330128206
0,1,1524,8156083540710,127.643034178279
0,2,1524,8157175878317,127.66012930559208
0,3,1524,8158274116067,127.67731677037949
0,0,1525,8160051271680,127.70512932692309
0,1,1525,8161142471027,127.72220664042155
0,2,1525,8162244867475,127.73945918899928
0,3,1525,8163689379497,127.76206586001666
0,0,1526,8164778979328,127.77911814102565
0,1,1526,8165871179429,127.79621111636432
0,2,1526,8166965781792,127.81334168719953
0,3,1526,8168061051433,127.83048270096216
0,0,1527,8169152790016,127.84756845352564
0,1,1527,8169906713716,127.85936738963592
0,2,1527,8170999859744,127.87647516877004
0,3,1527,8172098223620,127.8936646074344
0,0,1528,8174562490368,127.93223048076923
0,1,1528,8175982712728,127.95445701760318
0,2,1528,8177075514590,127.9715594105256
0,3,1528,8178170021869,127.9886884932924
0,0,1529,8179601079808,128.0110846073718
0,1,1529,8180700135050,128.02828486594177
0,2,1529,8181791658085,128.0453672451704
0,3,1529,8182886329119,128.06249889070952
0,0,1530,8183978875904,128.07959729166666
0,1,1530,8185071854532,128.09670245098408
0,2,1530,8186164218067,128.1137979840714
0,3,1530,8187262601892,128.1309877349384
0,0,1531,8189726018048,128.16954029647437
0,2,1531,8192570602660,128.2140581596179
0,3,1531,8194009966050,128.2365842543382
0,0,1532,8195097800192,128.2536089022436
0,1,1532,8196189757210,128.27069807332356
0,2,1532,8197282703438,128.2878027255797
0,3,1532,8198376033122,128.30491337893756
0,0,1533,8199467641856,128.32199709935898
0,1,1533,8200560753239,128.33910433629745
0,2,1533,8201653214893,128.35620140495104
0,3,1533,8203093248680,128.37873799141127
0,0,1534,8204181727744,128.3957727323718
0,1,1534,8205624098036,128.41834588522886
0,2,1534,8206718728558,128.43547689675356
0,3,1534,8207814897121,128.45263197868152
0,0,1535,8208905068544,128.4696932051282
0,1,1535,8209996333105,128.48677153922839
0,2,1535,8211093698532,128.5039453521259
0,3,1535,8212192121189,128.52113571071527
0,0,1536,8213280313344,128.53816596153845
0,1,1536,8214373488529,128.5552741969808
0,2,1536,8215469779505,128.5724311946771
0,3,1536,8217259641945,128.60044261357234
0,0,1537,8218347166208,128.61746241185898
0,1,1537,8219443628639,128.6346220928329
0,2,1537,8220535569163,128.65171100578112
0,3,1537,8221977477523,128.6742769293839
0,0,1538,8223069974528,128.69137455128205
0,1,1538,8224166327661,128.7085325217379
0,2,1538,8225258696865,128.7256281435453
0,3,1538,8226355326239,128.74279043718388
0,0,1539,8227442375680,128.75980280448718
0,1,1539,8228536923304,128.77693251865486
0,2,1539,8229634709233,128.7941129124255
0,3,1539,8230732111520,128.8112873021835
0,0,1540,8232164012032,128.83369660256412
0,1,1540,8233260305844,128.85085364464393
0,2,1540,8234355647149,128.86799577995106
0,3,1540,8235450215360,128.8851258163061
0,0,1541,8236541942272,128.90221138621794
0,1,1541,8237643001135,128.91944300153685
0,2,1541,8238735584516,128.93654197522287
0,3,1541,8239833147730,128.95371888349484
0,0,1542,8240924893184,128.97080474358975
0,1,1542,8242019865225,128.98794109990047
0,2,1542,8243116655963,129.0051059188921
0,3,1542,8244214571226,129.02228833674505
0,0,1543,8245646982656,129.04470563301282
0,1,1543,8246743572890,129.06186731410884
0,2,1543,8247838928097,129.0790096669828
0,3,1543,8248936014856,129.09617911871496
0,0,1544,8250026647040,129.11324755608976
0,1,1544,8251124787978,129.13043350576547
0,2,1544,8252569058468,129.15303639679738
0,3,1544,8253663185207,129.17015952409793
0,0,1545,8254754255360,129.18723481570512
0,1,1545,8255847715868,129.20434751646386
0,2,1545,8256602697132,129.21616300349308
0,3,1545,8257699919635,129.23333457962428
0,0,1546,8259476549120,129.2611389022436
0,1,1546,8260917911261,129.2836962774971
0,2,1546,8263054015908,129.3171264008038
0,3,1546,8264149563581,129.33427176577837
0,0,1547,8265240031232,129.35133762820513
0,1,1547,8266334149455,129.36846062222995
0,2,1547,8267428984295,129.38559483133952
0,3,1547,8268526821413,129.40277602622007
0,0,1548,8269618767872,129.4198650320513
0,1,1548,8270711165607,129.43696110036998
0,2,1548,8271463185654,129.44873024423453
0,3,1548,8272557404664,129.46585481557995
0,0,1549,8273992953856,129.4883212179487
0,1,1549,8275438199754,129.5109393741549
0,2,1549,8277223508088,129.53887952110878
0,3,1549,8278318231617,129.55601198819673
0,0,1550,8279408309248,129.57307174679488
0,1,1550,8280506941058,129.59026537863707
0,2,1550,8281598606558,129.60734998744869
0,3,1550,8282693555122,129.6244859763434
0,0,1551,8283444317184,129.6362354326923
0,1,1551,8284541011000,129.65339873485075
0,2,1551,8285637370343,129.67055680249337
0,3,1551,8286731600271,129.6876815447059
0,0,1552,8287819160064,129.70470189903847
0,1,1552,8289609494264,129.7327207009966
0,2,1552,8291397529447,129.76070352324658
0,3,1552,8293187441453,129.7887157178517
0,0,1553,8294275519488,129.8057441826923
0,1,1553,8295029736835,129.8175477143899
0,2,1553,8296470244909,129.84009172346066
0,3,1553,8297219631357,129.85181965139537
0,0,1554,8298311380480,129.86890556891026
0,1,1554,8299410597111,129.88610835322453
0,2,1554,8300507700048,129.90327805814303
0,3,1554,8301601579117,129.92039730939817
0,0,1555,8302690208256,129.93743439903847
0,1,1555,8305171186443,129.97626180706317
0,2,1555,8306266976434,129.99341096432417
0,3,1555,8307364599986,130.0105888168883
0,0,1556,8308455848448,130.02766689903848
0,1,1556,8309556970125,130.04489949739897
0,2,1556,8310649625376,130.06199959585337
0,3,1556,8311748062765,130.07919018499913
0,0,1557,8312836021760,130.09621678685897
0,1,1557,8313586737712,130.10796552158453
0,2,1557,8314682895910,130.12512044129983
0,3,1557,8315779688435,130.14228528825808
0,0,1558,8317210250752,130.16467364583335
0,1,1558,8318654599392,130.18727775991587
0,2,1558,8319745778924,130.2043547633088
0,3,1558,8321188838016,130.22693869591347
0,0,1559,8322628917760,130.24947600160257
0,1,1559,8323381600752,130.26125552058295
0,2,1559,8324472276644,130.27832464198968
0,3,1559,8325566580732,130.2954505448092
0,0,1560,8326658158592,130.31253378205128
0,1,1560,8327757345603,130.32973610281138
0,2,1560,8328849804014,130.3468331207119
0,3,1560,8329946034556,130.36398917261369
0,0,1561,8331384522752,130.38650157051282
0,1,1561,8332830204427,130.40912654664652
0,2,1561,8334269208359,130.43164701583473
0,3,1561,8335363955738,130.44877985617615
0,0,1562,8336451126272,130.46579411858974
0,1,1562,8337551090445,130.48300860196628
0,2,1562,8338643549025,130.50010562251165
0,3,1562,8339392351206,130.5118244066444
0,0,1563,8340481912320,130.52887608173077
0,1,1563,8341575498377,130.54599074733636
0,2,1563,8342671597163,130.5631447372515
0,3,1563,8343770576743,130.5803438117081
0,0,1564,8345548817408,130.608173349359
0,1,1564,8346995155723,130.63080860193497
0,2,1564,8348435863515,130.65335573660045
0,3,1564,8349531793327,130.67050708206568
0,0,1565,8350622272000,130.68757311698718
0,1,1565,8351716901901,130.7047041187932
0,2,1565,8352811637305,130.72183677172538
0,3,1565,8353905774383,130.73896006083172
0,0,1566,8354997115392,130.75603959134617
0,1,1566,8356091828063,130.773171888506
0,2,1566,8357186764964,130.79030769487431
0,3,1566,8358284700842,130.8074904353528
0,0,1567,8359372226560,130.82451025641026
0,1,1567,8360818310776,130.84714153232673
0,2,1567,8362261351816,130.86972518241686
0,3,1567,8363360134573,130.88692117658567
0,0,1568,8364449959936,130.9039769871795
0,1,1568,8365545021350,130.92111474218123
0,2,1568,8366639043047,130.93823622557028
0,3,1568,8367392666981,130.95003047033066
0,0,1569,8368481968640,130.9670780849359
0,1,1569,8369579561320,130.98425545435197
0,2,1569,8370673300711,131.0013725196408
0,3,1569,8371769796331,131.01853272002393
0,0,1570,8372857722880,131.03555881410256
0,1,1570,8374301536370,131.05815455306615
0,2,1570,8375394144915,131.0752539205698
0,3,1570,8376837287915,131.09783916633802
0,0,1571,8378273272832,131.12031238782052
0,1,1571,8379370164531,131.13747878685584
0,2,1571,8380466301276,131.15463337083082
0,3,1571,8381909737696,131.17722320863382
0,0,1572,8382998348800,131.19426001602565
0,1,1572,8384092715590,131.21138690013396
0,2,1572,8385187162919,131.22851504468088
0,3,1572,8385935892131,131.24023268684584
0,0,1573,8387368414208,131.26265171474358
0,1,1573,8388463584131,131.27979116791553
0,2,1573,8390599455063,131.3132176335731
0,3,1573,8392386915941,131.34119146792682
0,0,1574,8393476661248,131.35824602564102
0,1,1574,8394571066207,131.37537350709573
0,2,1574,8395665681963,131.39250428753192
0,3,1574,8396764425700,131.40969967103615
0,0,1575,8397855441920,131.42677411858975
0,1,1575,8398951605966,131.44392912982647
0,2,1575,8399699030864,131.45562635942508
0,3,1575,8400797385157,131.4728156481151
0,0,1576,8402916113408,131.5059738301282
0,1,1576,8403976334486,131.52256633247572
0,2,1576,8405418833577,131.5451415010423
0,3,1576,8406516959204,131.56232721110027
0,0,1577,8407606672384,131.57938126602565
0,1,1577,8409049695078,131.60196462900015
0,2,1577,8410145058871,131.61910711624537
0,3,1577,8411240230686,131.6362465990272
0,0,1578,8411986463744,131.64792517628206
0,1,1578,8413083847970,131.66509928338468
0,2,1578,8414177930076,131.68222171217698
0,3,1578,8415272249586,131.6993478563514
0,0,1579,8416707433472,131.72180854166666
0,1,1579,8418150262215,131.74438886930025
0,2,1579,8419244270616,131.76151014460638
0,3,1579,8420340558814,131.77866709882687
0,0,1580,8421430151168,131.7957192628205
0,1,1580,8422875326690,131.81833631763948
0,2,1580,8423967462880,131.83542829276843
0,3,1580,8424717191529,131.84716157616248
0,0,1581,8426152158208,131.8696188621795
0,1,1581,8426902915704,131.88136824707033
0,2,1581,8427993936091,131.89844275983762
0,3,1581,8429088702182,131.91557589302258
0,0,1582,8430519000064,131.9379601121795
0,1,1582,8431964708105,131.96058550094213
0,2,1582,8433060341166,131.97773220224235
0,3,1582,8434501437836,132.0002854228641
0,0,1583,8435589987840,132.01732127403847
0,1,1583,8436690588212,132.03454571395483
0,2,1583,8437786029417,132.05168941270094
0,3,1583,8438883234086,132.0688607097293
0,0,1584,8439970859008,132.08588208333333
0,1,1584,8441070882715,132.10309749841934
0,2,1584,8441818083426,132.1147912194824
0,3,1584,8442916767988,132.13198567689554
0,0,1585,8444351002624,132.15443150641025
0,1,1585,8446489408542,132.18789764470029
0,2,1585,8447583405017,132.205018733364
0,3,1585,8448679275866,132.22216915605594
0,0,1586,8449770733056,132.2392505048077
0,1,1586,8450868883330,132.2564366005922
0,2,1586,8451963052572,132.27356039306642
0,3,1586,8453057578727,132.29068977124336
0,0,1587,8454144938496,132.30770699519232
0,1,1587,8455243780317,132.32490391371508
0,2,1587,8455990119718,132.33658415524215
0,3,1587,8457085201575,132.35372223017765
0,0,1588,8458519319040,132.37616622596155
0,1,1588,8459964218846,132.39877896581405
0,2,1588,8461058033708,132.41589721222707
0,3,1588,8462498767710,132.43844475708008
0,0,1589,8463586501632,132.45546783653847
0,1,1589,8464684779743,132.47265593297715
0,2,1589,8465778319288,132.48976987066808
0,3,1589,8466876371169,132.50695442659818
0,0,1590,8467967063040,132.52402379807694
0,1,1590,8469065330768,132.54121173202122
0,2,1590,8470157835303,132.5583094717642
0,3,1590,8471254281849,132.57546890413724
0,0,1591,8473033653760,132.60331614583333
0,1,1591,8474132995329,132.6205208854323
0,2,1591,8475226715874,132.6376376557805
0,3,1591,8476670908713,132.66023933157115
0,0,1592,8477763185152,132.67733350160256
0,1,1592,8478863384128,132.69455165965545
0,2,1592,8479960626350,132.71172354438977
0,3,1592,8481055903420,132.72886467441657
0,0,1593,8481800629248,132.74051966346155
0,1,1593,8482897210876,132.7576812098733
0,2,1593,8483994279852,132.7748503833008
0,3,1593,8485089453219,132.79198989037147
0,0,1594,8486181687808,132.80908340544872
0,1,1594,8487974665456,132.83714357747397
0,2,1594,8489416548827,132.85970910999788
0,3,1594,8490860913439,132.88231347404286
0,0,1595,8492294864384,132.90475486378205
0,1,1595,8493393309545,132.9219455745599
0,2,1595,8494486403796,132.9390525433819
0,3,1595,8495582434910,132.95620547422752
0,0,1596,8496674210816,132.97329181089745
0,1,1596,8497773571814,132.99049685456106
0,2,1596,8498520356319,133.00218406198354
0,3,1596,8499618110530,133.01936395936625
0,0,1597,8500711099904,133.036469286859
0,1,1597,8502154638934,133.05906073051258
0,2,1597,8503247332179,133.0761614235746
0,3,1597,8505033088747,133.10410858540854
0,0,1598,8506465255424,133.12652205128205
0,1,1598,8507562854056,133.14369951384717
0,2,1598,8508660436897,133.16087672928248
0,3,1598,8509756079659,133.1780235824037
0,0,1599,8510846509568,133.19508885416667
0,1,1599,8511939762682,133.21219830920097
0,2,1599,8513039890406,133.22941535215722
0,3,1599,8513788484129,133.2411308739139
0,0,1600,8514878838272,133.2581949599359
0,1,1600,8516668269349,133.2861996279829
0,2,1600,8518113020616,133.30881004319411
0,3,1600,8519899500588,133.33676852632962
0,0,1601,8520987548672,133.3537965224359
0,1,1601,8522089216446,133.37103766723632
0,2,1601,8523183391142,133.38816154506586
0,3,1601,8524277274063,133.40528085660495
0,0,1602,8525368324608,133.42235584134616
0,1,1602,8526464903450,133.4395173441569
0,2,1602,8527560514006,133.45666369325295
0,3,1602,8528654616422,133.4737864398976
0,0,1603,8530087480320,133.49621081730768
0,1,1603,8531534159837,133.51885140970867
0,2,1603,8532630038743,133.53600195849296
0,3,1603,8534074638359,133.55861000035995
0,0,1604,8535164427264,133.5756652403846
0,1,1604,8536257369319,133.59276982733311
0,2,1604,8537349110373,133.60985561856785
0,3,1604,8538447443875,133.6270445818779
0,0,1605,8539194096128,133.6387297195513
0,1,1605,8540292925604,133.6559264448743
0,2,1605,8541388562769,133.67307321040226
0,3,1605,8542485709200,133.6902435960036
0,0,1606,8543916142592,133.71262993589744
0,1,1606,8545011019680,133.7297648061899
0,2,1606,8546453768771,133.7523438872665
0,3,1606,8548242269665,133.7803339979123
0,0,1607,8549334537728,133.79742803685897
0,1,1607,8550781943799,133.82007999985916
0,2,1607,8551529123101,133.83177338587052
0,3,1607,8552626840451,133.84895270637708
0,0,1608,8553719471104,133.8660524198718
0,1,1608,8554811381665,133.88314086389786
0,2,1608,8555905267554,133.90026022188627
0,3,1608,8556999771932,133.9173892592523
0,0,1609,8558087675904,133.934415
0,1,1609,8559880866415,133.96247850333972
0,2,1609,8560975688807,133.9796125176376
0,3,1609,8562073053733,133.99678632269445
0,0,1610,8563507287040,134.01923213141026
0,1,1610,8564598676821,134.03631242520845
0,2,1610,8565694139368,134.05345645795774
0,3,1610,8566788517221,134.07058351520246
0,0,1611,8567880310784,134.08767012820513
0,1,1611,8568629984002,134.09940254410182
0,2,1611,8569724037359,134.11652452297113
0,3,1611,8570817578797,134.13363849028758
0,0,1612,8571909719040,134.15073052884617
0,1,1612,8573699776965,134.17874500708947
0,2,1612,8575138184485,134.20125614240598
0,3,1612,8576579730855,134.22381640085075
0,0,1613,8577671670272,134.24090529647435
0,1,1613,8578768115850,134.25806471369816
0,2,1613,8579860588192,134.2751619496194
0,3,1613,8580955208496,134.29229280123198
0,0,1614,8582044490752,134.30934011217948
0,1,1614,8582792482826,134.3210462181052
0,2,1614,8583886628792,134.3381696463091
0,3,1614,8584981252896,134.35530055739184
0,0,1615,8586413019648,134.3777077644231
0,1,1615,8588542597632,134.41103574519232
0,2,1615,8590333637076,134.4390655842473
0,3,1615,8591773051046,134.46159247054663
0,0,1616,8593207934976,134.48404846153846
0,1,1616,8594308926526,134.5012790234062
0,2,1616,8595404675233,134.51842753457095
0,3,1616,8596501626853,134.53559487137233
0,0,1617,8597592622080,134.55266899038463
0,1,1617,8598690775474,134.56985513499725
0,2,1617,8599785375508,134.58698566938352
0,3,1617,8600879380370,134.60410688930415
0,0,1618,8602653916672,134.63187845352564
0,1,1618,8603753815123,134.64909190835024
0,2,1618,8605197505316,134.67168571771083
0,3,1618,8606292636230,134.68882456039037
0,0,1619,8607384504320,134.7059123397436
0,1,1619,8608476717419,134.72300551850148
0,2,1619,8609574050718,134.7401788285945
0,3,1619,8610669096424,134.75731633776542
0,0,1620,8611760092672,134.7743904727564
0,1,1620,8612859072237,134.7915895469783
0,2,1620,8613956455913,134.8087636454734
0,3,1620,8615052367245,134.82591470172588
0,0,1621,8616139886080,134.8429344150641
0,1,1621,8617582219257,134.86550698706995
0,2,1621,8618674815347,134.8826061596523
0,3,1621,8620114844823,134.9051426786452
0,0,1622,8621206496256,134.9222270673077
0,1,1622,8622305897228,134.939432736566
0,2,1622,8623397726000,134.95651990059096
0,3,1622,8624496073773,134.97370908724272
0,0,1623,8625585798144,134.9907633173077
0,1,1623,8626678625897,135.00786611542532
0,2,1623,8627774818143,135.02502156799318
0,3,1623,8628871946717,135.04219167413174
0,0,1624,8629960112128,135.05922150641027
0,1,1624,8631744136464,135.087141558744
0,2,1624,8632838863967,135.10427408802522
0,3,1624,8634278780034,135.1268088321627
0,0,1625,8635368207872,135.14385842147436
0,1,1625,8636462466572,135.16098361396985
0,2,1625,8637558565853,135.17813761163174
0,3,1625,8638655430180,135.19530358229417
0,0,1626,8639747082752,135.21238798878207
0,1,1626,8640845298578,135.229575110458
0,2,1626,8641592916714,135.24127536423904
0,3,1626,8642687319058,135.25840280476888
0,0,1627,8644120978944,135.28083963942308
0,1,1627,8645215700688,135.29797207857573
0,2,1627,8646653923805,135.3204803279779
0,3,1627,8648096136366,135.3430510123385
0,0,1628,8649187776512,135.36013522435897
0,1,1628,8649932820415,135.37179519129043
0,2,1628,8651024828959,135.3888851687544
0,3,1628,8652122750630,135.40606768689278
0,0,1629,8653213653504,135.42314036057692
0,1,1629,8654309769502,135.44029461986054
0,2,1629,8655405111398,135.45743676441683
0,3,1629,8656500259380,135.47457587421124
0,0,1630,8657932479488,135.49699017628205
0,1,1630,8659724650893,135.52503773057205
0,2,1630,8660816850022,135.54213069069888
0,3,1630,8661911231206,135.55925780007388
0,0,1631,8662999520768,135.57628957532052
0,1,1631,8664100773609,135.59352422640288
0,2,1631,8665193491110,135.61062529907227
0,3,1631,8665942171871,135.62234218297715
0,0,1632,8667030595584,135.63937605769232
0,1,1632,8668130778264,135.65659396071214
0,2,1632,8669223804821,135.67369987012032
0,3,1632,8670320782965,135.69086762202338
0,0,1633,8671409688576,135.70790903846154
0,1,1633,8673193421620,135.73582453206382
0,2,1633,8674636344808,135.75840633776542
0,3,1633,8675735142708,135.77560256892278
0,0,1634,8676824221696,135.79264669871796
0,1,1634,8677918076498,135.80976557019358
0,2,1634,8679015999530,135.82694810963167
0,3,1634,8680111199957,135.84408804019245
0,0,1635,8681207423488,135.8612439823718
0,1,1635,8682307003387,135.87845245184482
0,2,1635,8683056962855,135.8901893475655
0,3,1635,8684153587397,135.90735156558307
0,0,1636,8685585868288,135.92976681891025
0,1,1636,8687025637620,135.95229926663913
0,2,1636,8688122361825,135.96946304438666
0,3,1636,8689561561454,135.99198657624075
0,0,1637,8690651012608,136.00903653044872
0,1,1637,8691749935625,136.02623471969213
0,2,1637,8692846869383,136.0434017769525
0,3,1637,8693943012643,136.0605564628875
0,0,1638,8695031216128,136.07758689102565
0,1,1638,8696127024996,136.09473634371244
0,2,1638,8697223494623,136.11189613730406
0,3,1638,8698319159466,136.12904333599386
0,0,1639,8699406580736,136.1460615224359
0,1,1639,8701197178944,136.1740844561298
0,2,1639,8702292623020,136.1912281998072
0,3,1639,8703390961595,136.20841724250988
0,0,1640,8704479077888,136.22544630608974
0,1,1640,8705580567993,136.24268467036322
0,2,1640,8706677242077,136.25984766371508
0,3,1640,8707773090153,136.27699773000865
0,0,1641,8708864930816,136.2940850801282
0,1,1641,8709958773030,136.3112037546011
0,2,1641,8711053466396,136.32833574963692
0,3,1641,8712150024433,136.3454969268486
0,0,1642,8713239622656,136.3625491826923
0,1,1642,8715024222683,136.39047824461326
0,2,1642,8716118893543,136.40760988742926
0,3,1642,8717214059499,136.4247492785175
0,0,1643,8718993755136,136.45260158653846
0,1,1643,8720094764725,136.46983243071728
0,2,1643,8721190011614,136.48697308841022
0,3,1643,8722287951087,136.50415588515062
0,0,1644,8723379142656,136.52123307692307
0,1,1644,8724472170511,136.538339006645
0,2,1644,8725567374607,136.5554789946258
0,3,1644,8726665947794,136.57267170901568
0,0,1645,8727758623744,136.58977213141026
0,1,1645,8729546966266,136.61775976352789
0,2,1645,8730640540646,136.63487424638797
0,3,1645,8732080278832,136.6574062066807
0,0,1646,8733169154560,136.67444715544872
0,1,1646,8734264565752,136.69159038449018
0,2,1646,8735357748057,136.7086987313608
0,3,1646,8736457374945,136.72590793621356
0,0,1647,8737548171776,136.74297895032052
0,1,1647,8738646070634,136.76016111143454
0,2,1647,8739739719588,136.7772767613807
0,3,1647,8740837687912,136.79446000964043
0,0,1648,8741928647680,136.81153357371795
0,1,1648,8743027089138,136.82872422654373
0,2,1648,8744468614427,136.85128415507
0,3,1648,8745908488550,136.8738182427822
0,0,1649,8747339256832,136.89620982371795
0,1,1649,8748431192357,136.91329865843161
0,2,1649,8749525667843,136.9304272436367
0,3,1649,8750276778725,136.94218215903257
0,0,1650,8751364070912,136.95919832532053
0,1,1650,8752462441194,136.97638786423903
0,2,1650,8753554989815,136.99348629392966
0,3,1650,8754648753787,137.01060374391213
0,0,1651,8755738013696,137.0276507051282
0,1,1651,8756839284805,137.0448856421055
0,2,1651,8759318971493,137.0836928381191
0,3,1651,8760418088176,137.1008940582432
0,0,1652,8761507981312,137.1179509294872
0,1,1652,8762601478789,137.13506420881222
0,2,1652,8763698393257,137.15223096418333
0,3,1652,8764795466381,137.16940020252719
0,0,1653,8765887508992,137.18649071314104
0,1,1653,8766979475953,137.20358003982935
0,2,1653,8768073773286,137.22070583693284
0,3,1653,8769172298791,137.23789780509753
0,0,1654,8770261759488,137.25494790865386
0,1,1654,8772049710794,137.28292941822542
0,2,1654,8773147798447,137.30011453398876
0,3,1654,8774244866846,137.31728369838618
0,0,1655,8775333873664,137.33432669871794
0,1,1655,8776431946321,137.3515115797933
0,2,1655,8777525714906,137.36862910196942
0,3,1655,8778621189801,137.38577332796538
0,0,1656,8779714262528,137.4028799599359
0,1,1656,8780808846777,137.42001024728629
0,2,1656,8781903342619,137.43713915106358
0,3,1656,8782656630932,137.44892814334185
0,0,1657,8783744802816,137.46595807692307
0,1,1657,8784839378785,137.48308823469114
0,2,1657,8786622459306,137.5109935162823
0,3,1657,8787719270792,137.52815865998096
0,0,1658,8789498264064,137.55599997596156
0,1,1658,8790942687043,137.5786052534524
0,2,1658,8791696098983,137.59039618049817
0,3,1658,8792792451717,137.60755414470967
0,0,1659,8793884652032,137.62464712339744
0,1,1659,8794978380058,137.64176401082358
0,2,1659,8796073839850,137.658908000457
0,3,1659,8797168768030,137.6760436703413
0,0,1660,8798259310592,137.69311070512822
0,1,1660,8799355373186,137.71026412863708
0,2,1660,8801144660374,137.73826654481545
0,3,1660,8802588900559,137.7608689615729
0,0,1661,8803680366592,137.77795044871795
0,1,1661,8804771988745,137.79503437914727
0,2,1661,8805868885797,137.81220086195725
0,3,1661,8806967594596,137.8293956986804
0,0,1662,8808056817664,137.84644208333333
0,1,1662,8809153907358,137.86361158099834
0,2,1662,8810249611115,137.88075938869378
0,3,1662,8811344896496,137.89790064878807
0,0,1663,8812432473088,137.91492126602566
0,1,1663,8813525735413,137.93203086521248
0,2,1663,8814966104331,137.95457269648625
0,3,1663,8816409101031,137.97715565265364
0,0,1664,8817500519936,137.9942364022436
0,1,1664,8819288055847,138.02221141086676
0,2,1664,8820383971118,138.03936252876477
0,3,1664,8821480939494,138.05653012779823
0,0,1665,8822912196096,138.07892935096154
0,1,1665,8824006352190,138.09605293766901
0,2,1665,8825105547933,138.11325539508528
0,3,1665,8825856651114,138.1250101899602
0,0,1666,8826948458496,138.14209701923076
0,1,1666,8829083149888,138.17550502504008
0,2,1666,8830175076198,138.1925937155386
0,3,1666,8831272681503,138.20977128253645
0,0,1667,8832708000256,138.23223407852564
0,1,1667,8833802838870,138.24936834669847
0,2,1667,8834898832651,138.26652069328114
0,3,1667,8835997243242,138.2837108630371
0,0,1668,8837089697792,138.30080782051283
0,1,1668,8838190956802,138.31804256814027
0,2,1668,8839287095143,138.33519717709274
0,3,1668,8840382694651,138.35234335328713
0,0,1669,8841470866944,138.36937329326923
0,1,1669,8842567153779,138.38653022615873
0,2,1669,8844704235874,138.41997564656575
0,3,1669,8845797162406,138.43707999057867
0,0,1670,8846887104000,138.4541376201923
0,1,1670,8847987752736,138.47136281700722
0,2,1670,8849081150868,138.48847454157902
0,3,1670,8850175703863,138.50560433980306
0,0,1671,8851267590656,138.52269241185897
0,1,1671,8852358444145,138.53976431266588
0,2,1671,8853451549672,138.55687145795773
0,3,1671,8854549056200,138.57404747909155
0,0,1672,8855637584896,138.59108299679488
0,1,1672,8856730154940,138.60818176175633
0,2,1672,8858171628902,138.63074088701296
0,3,1672,8859268442641,138.64790606597117
0,0,1673,8860356749824,138.66493811698717
0,1,1673,8861804579005,138.6875967016758
0,2,1673,8862898295573,138.70471340978378
0,3,1673,8863993240414,138.72184934041343
0,0,1674,8865082123264,138.73889040064103
0,1,1674,8866176366101,138.75601534487993
0,2,1674,8867268020060,138.77309977307442
0,3,1674,8868361850083,138.7902182567577
0,0,1675,8869452851200,138.8072924679487
0,1,1675,8870890938643,138.82979859404736
0,2,1675,8871985793248,138.84693311247997
0,3,1675,8873427514836,138.86949611309345
0,0,1676,8874519975936,138.88659317307693
0,1,1676,8875615711300,138.90374147542317
0,2,1676,8876710785123,138.9208794246263
0,3,1676,8877806764901,138.93803155206143
0,0,1677,8878895698944,138.95507341346155
0,1,1677,8879986911130,138.97215092789088
0,2,1677,8881083361968,138.9893104274339
0,3,1677,8882180123882,139.00647479532878
0,0,1678,8883270428160,139.02353810096153
0,1,1678,8885056164476,139.05148494585086
0,2,1678,8886149684065,139.0685985712296
0,3,1678,8887244347357,139.0857300956061
0,0,1679,8889022816768,139.11356321314102
0,1,1679,8890461382878,139.1360768303974
0,2,1679,8891900218065,139.15859465871958
0,3,1679,8893339071960,139.1811127798227
0,0,1680,8894426837504,139.19813635416668
0,1,1680,8895521476481,139.21526749801245
0,2,1680,8896272213763,139.22701656655337
0,3,1680,8897369609646,139.2441908560885
0,0,1681,8899143894528,139.27195848557693
0,1,1681,8900228475486,139.28893222102238
0,2,1681,8901660248852,139.311339531563
0,3,1681,8902758278693,139.32852374256623
0,0,1682,8903851298816,139.34562955128206
0,1,1682,8904951468416,139.36284724959935
0,2,1682,8906049287007,139.38002815453163
0,3,1682,8907144802732,139.39717301951873
0,0,1683,8908238183424,139.41428447115385
0,1,1683,8909333198608,139.43142150265425
0,2,1683,8910426409893,139.44853030306302
0,3,1683,8911521427268,139.46566736885268
0,0,1684,8912956336640,139.48812375801282
0,1,1684,8914050943521,139.50525439955493
0,2,1684,8915491571817,139.5278002901048
0,3,1684,8916590508077,139.5449986866017
0,0,1685,8917678542848,139.562026474359
0,1,1685,8918774598458,139.57917978856796
0,2,1685,8919869101231,139.59630880081568
0,3,1685,8920966524851,139.61348352443596
0,0,1686,8922058022400,139.6305655048077
0,1,1686,8923155203782,139.64773643739358
0,2,1686,8924248232171,139.66484237547263
0,3,1686,8925344218429,139.68199460432004
0,0,1687,8926775546368,139.70439494391027
0,1,1687,8927876995564,139.72163266795624
0,2,1687,8929315315612,139.74414243433245
0,3,1687,8930411390502,139.76129605027418
0,0,1688,8931500185088,139.77833572916668
0,1,1688,8932597528320,139.79550919471154
0,2,1688,8933693161434,139.8126558968412
0,3,1688,8934787699631,139.82978546347593
0,0,1689,8935880672256,139.84689052884616
0,1,1689,8936978325645,139.86406884836052
0,2,1689,8938071566365,139.88117810942822
0,3,1689,8939168918324,139.898351711551
0,0,1690,8940260270592,139.91543141826924
0,1,1690,8942052022142,139.94347240181165
0,2,1690,8943494499417,139.96604722895697
0,3,1690,8944591829480,139.98322048840646
0,0,1691,8945681964032,140.0002811378205
0,1,1691,8946778218689,140.01743756712304
0,2,1691,8947873576602,140.03457996234602
0,3,1691,8948967766390,140.05170407636595
0,0,1692,8950056679424,140.06874560897435
0,1,1692,8951157234245,140.08596933601575
0,2,1692,8952252494050,140.1031101958446
0,3,1692,8953004586327,140.11488047011156
0,0,1693,8954436710400,140.13729326923078
0,1,1693,8955536948673,140.15451204228327
0,2,1693,8956978715236,140.1770757467573
0,3,1693,8958076984893,140.19426371089057
0,0,1694,8959165762560,140.211303125
0,1,1694,8960263981313,140.2284902924836
0,2,1694,8961356085923,140.2455817733843
0,3,1694,8962450873781,140.2627152472237
0,0,1695,8963545592320,140.27984763621797
0,1,1695,8964298309854,140.291627695782
0,2,1695,8965391837607,140.30874144892766
0,3,1695,8966831693144,140.33127524576824
0,0,1696,8968264497152,140.35369868589743
0,1,1696,8969365773749,140.37093370876215
0,2,1696,8970809822106,140.3935331234037
0,3,1696,8972249200111,140.41605944684935
0,0,1697,8973338238976,140.43310294871796
0,1,1697,8974434679953,140.45026229393594
0,2,1697,8975532707637,140.46744647118203
0,3,1697,8976630636433,140.48462910082696
0,0,1698,8977719142400,140.50166426282053
0,1,1698,8978816181805,140.51883297346066
0,2,1698,8979910066546,140.53595231348282
0,3,1698,8981007470365,140.55312672721666
0,0,1699,8982099143168,140.57021145032053
0,1,1699,8983890658604,140.59824873866938
0,2,1699,8985334352302,140.62084260288336
0,3,1699,8986431078363,140.63800640967736
0,0,1700,8987519493632,140.6550401522436
0,1,1700,8989306176444,140.68300180983323
0,2,1700,8990748293039,140.7055709923221
0,3,1700,8991844095097,140.7227203384321
0,0,1701,8992933484544,140.73976932692307
0,1,1701,8994030303483,140.7569345872615
0,2,1701,8995126605288,140.7740917544321
0,3,1701,8996915781488,140.80209243364382
0,0,1702,8998347937792,140.8245057371795
0,1,1702,8999441994622,140.8416277704014
0,2,1702,9000534939683,140.85873240439392
0,3,1702,9001632029874,140.87590190983698
0,0,1703,9002721800192,140.89295685897437
0,1,1703,9003814756071,140.91006166226902
0,2,1703,9004908185190,140.92717387178863
0,3,1703,9006003357760,140.9443133663862
0,0,1704,9007095597568,140.96140696314103
0,1,1704,9007846692531,140.97316162940393
0,2,1704,9008940389196,140.99027802602916
0,3,1704,9010380408283,141.01281438243376
0,0,1705,9011469031424,141.02985137820514
0,1,1705,9012908229488,141.0523748855669
0,2,1705,9014006140967,141.0695572442001
0,3,1705,9015448726734,141.09213376924956
0,0,1706,9016197064704,141.10384528846154
0,1,1706,9017292093191,141.12098252815443
0,2,1706,9018387119210,141.138119729223
0,3,1706,9019486050985,141.15531805552948
0,0,1707,9020576061440,141.1723767628205
0,1,1707,9021668746886,141.18947733382788
0,2,1707,9022763290783,141.20660698966785
0,3,1707,9023861077568,141.22378739683495
0,0,1708,9025636518912,141.251573125
0,1,1708,9026737336676,141.26880096710988
0,2,1708,9027832583006,141.28594161605443
0,3,1708,9028926824238,141.30306653517502
0,0,1709,9030016845312,141.32012540865384
0,1,1709,9031113266907,141.33728445054274
0,2,1709,9032209040801,141.35443335588505
0,3,1709,9033302675665,141.37154878532215
0,0,1710,9034391739904,141.38859268429488
0,1,1710,9035484859949,141.405700056794
0,2,1710,9036580711908,141.42285018385667
0,3,1710,9037678642787,141.44003284610065
0,0,1711,9039454585344,141.46782641826923
0,1,1711,9040900555987,141.4904559167637
0,2,1711,9042343433518,141.51303700793144
0,3,1711,9043437586117,141.53016053994205
0,0,1712,9044528391680,141.54723169070513
0,1,1712,9045282188910,141.55902864755484
0,2,1712,9046379066914,141.57619483226287
0,3,1712,9047473555622,141.59332362439278
0,0,1713,9048560675840,141.610337099359
0,1,1713,9049656880593,141.62749274766188
0,2,1713,9050751257189,141.6446197852345
0,3,1713,9052190848487,141.66714944672412
0,0,1714,9053622612480,141.68955661057691
0,1,1714,9054719079041,141.70671635618552
0,2,1714,9055814229294,141.7238555015212
0,3,1714,9057258730202,141.74646199860402
0,0,1715,9058351232000,141.7635596955128
0,1,1715,9059452805107,141.7807993587709
0,2,1715,9060540468956,141.79782134158404
0,3,1715,9061633803878,141.81493207691682
0,0,1716,9062726482944,141.83203254807694
0,1,1716,9063477421953,141.84378477365348
0,2,1716,9064566124477,141.86082301177197
0,3,1716,9066009450983,141.88341112941646
0,0,1717,9067789346304,141.9112665625
0,1,1717,9069232961459,141.9338591975129
0,2,1717,9070328856862,141.9510100044759
0,3,1717,9071427953831,141.9682109160751
0,0,1718,9072519083520,141.9852871394231
0,1,1718,9073610347310,142.0023654614571
0,2,1718,9075049127582,142.02488243035734
0,3,1718,9076144916451,142.04203157005898
0,0,1719,9077238357504,142.05914396634617
0,1,1719,9077988705460,142.07088694191958
0,2,1719,9079432505565,142.09348247140738
0,3,1719,9080872841509,142.11602378663676
0,0,1720,9081963727360,142.13309619391026
0,1,1720,9083055332731,142.1501798617006
0,2,1720,9084152076376,142.1673439436849
0,3,1720,9085247959740,142.1844945622371
0,0,1721,9086339791872,142.20158177884616
0,1,1721,9088126064758,142.22953702107748
0,2,1721,9089916265956,142.25755374154897
0,3,1721,9090666683242,142.26929780213968
0,0,1722,9092100929024,142.29174380608976
0,1,1722,9093197840742,142.30891051842323
0,2,1722,9095682210588,142.34779100604717
0,3,1722,9096776936334,142.3649235078313
0,0,1723,9097868553216,142.38200735576925
0,1,1723,9098962845630,142.39913307589018
0,2,1723,9100056700256,142.4162519446114
0,3,1723,9101153970979,142.4334242753875
0,0,1724,9102244937216,142.45049794070513
0,1,1724,9103337060143,142.4675897082676
0,2,1724,9104433133469,142.4847432997327
0,3,1724,9105529927330,142.50190816759942
0,0,1725,9106621862400,142.5189969951923
0,1,1725,9108407437332,142.54694131441556
0,2,1725,9109502256739,142.56407528199807
0,3,1725,9110598127525,142.58122570370406
0,0,1726,9111688918528,142.59829662660258
0,1,1726,9112784430981,142.61544144038274
0,2,1726,9113875578534,142.63251794330304
0,3,1726,9114969729824,142.64964145482773
0,0,1727,9116058207232,142.6666761698718
0,1,1727,9117149669569,142.6837575991743
0,2,1727,9118247527134,142.70093911405124
0,3,1727,9119346678454,142.71814087624574
0,0,1728,9120438610944,142.73522966346155
0,1,1728,9122576092064,142.7686813286258
0,2,1728,9123668136722,142.7857718712753
0,3,1728,9124765672809,142.80294835500865
0,0,1729,9125856470016,142.82001937500002
0,1,1729,9126957323050,142.8372477690868
0,2,1729,9128049906518,142.85434674413438
0,3,1729,9129147939610,142.87153100601589
0,0,1730,9130238957568,142.88860548076923
0,1,1730,9131339452609,142.90582827225123
0,2,1730,9132432505748,142.92293459766879
0,3,1730,9133529426090,142.9401014449682
0,0,1731,9134620496384,142.95717673878207
0,1,1731,9136061540845,142.97972914233085
0,2,1731,9137502042210,143.0022730464055
0,3,1731,9138941627739,143.02480261761005
0,0,1732,9140032071680,143.04186810897437
0,1,1732,9141125711021,143.0589836084767
0,2,1732,9142219743727,143.07610526415704
0,3,1732,9143317272294,143.09328163020209
0,0,1733,9144407061504,143.110336875
0,1,1733,9145502707757,143.12748378275555
0,2,1733,9146594959399,143.14457756471293
0,3,1733,9147692581002,143.1617553867751
0,0,1734,9148440062976,143.1734535096154
0,1,1734,9149534288365,143.1905781807924
0,2,1734,9150976527461,143.21314928042682
0,3,1734,9152418014181,143.23570860534667
0,0,1735,9153508298240,143.2527715945513
0,1,1735,9154604349650,143.2699248430301
0,2,1735,9155700689900,143.28708261186648
0,3,1735,9156798327141,143.30426067866398
0,0,1736,9157890803200,143.3213579727564
0,1,1736,9158982084179,143.33843656379895
0,2,1736,9160076845605,143.3555696239765
0,3,1736,9161174060827,143.37274108615972
0,0,1737,9162266188288,143.3898329246795
0,1,1737,9163705308541,143.412355214296
0,2,1737,9165842115986,143.44579633641953
0,3,1737,9166935804805,143.46291261025453
0,0,1738,9168370614784,143.48536744391026
0,1,1738,9169464079296,143.50248020733173
0,2,1738,9170560946453,143.5196462222838
0,3,1738,9171656634073,143.53679377743453
0,0,1739,9172746166272,143.553845
0,1,1739,9173841447231,143.5709861908898
0,2,1739,9174937360706,143.58813728068034
0,3,1739,9176031182943,143.6052556425124
0,0,1740,9177463398400,143.62766987179486
0,1,1740,9178910595116,143.65031855838092
0,2,1740,9180008042019,143.66749364638108
0,3,1740,9181101859181,143.6846119287892
0,0,1741,9182194336768,143.70170924679488
0,1,1741,9183293422537,143.7189099831136
0,2,1741,9185775513970,143.75775481348282
0,3,1741,9187214447007,143.78027417316144
0,0,1742,9187961089536,143.79195915865384
0,1,1742,9189056557602,143.8091032777757
0,2,1742,9190148863912,143.82619791528947
0,3,1742,9191591078705,143.84876863458095
0,0,1743,9192681668096,143.8658364022436
0,1,1743,9194468346023,143.8937979833828
0,2,1743,9195565188054,143.91096360511193
0,3,1743,9196662327348,143.92813387901893
0,0,1744,9197752290304,143.94519184294873
0,1,1744,9198845335073,143.96229803737543
0,2,1744,9199592569525,143.97399228648652
0,3,1744,9201031825886,143.99651670619866
0,0,1745,9202123749376,144.0136053525641
0,1,1745,9202875695591,144.0253733409549
0,2,1745,9203971758300,144.04252676626353
0,3,1745,9205412689774,144.06507740156124
0,0,1746,9207191268864,144.09291223557693
0,1,1746,9208983140839,144.12095510377543
0,2,1746,9210422846185,144.14348655012083
0,3,1746,9211519307169,144.16064620844915
0,0,1747,9212608316416,144.17768924679487
0,1,1747,9213705043719,144.19485307302622
0,2,1747,9214799311141,144.21197840202137
0,3,1747,9215893041982,144.22909533350236
0,0,1748,9216983954944,144.24616816506412
0,1,1748,9217735115981,144.25792386538774
0,2,1748,9219177845589,144.28050264155462
0,3,1748,9220618182299,144.3030439687719
0,0,1749,9222051854848,144.32548100160255
0,1,1749,9223145359693,144.3425943962371
0,2,1749,9224242439732,144.359763742801
0,3,1749,9225338938347,144.37692399005596
0,0,1750,9226427717120,144.39396342147435
0,1,1750,9227526813928,144.4111643305539
0,2,1750,9228620629116,144.42828258206882
0,3,1750,9229714243981,144.44539769852076
0,0,1751,9230803277824,144.46244112179488
0,1,1751,9231901281869,144.47962492908968
0,2,1751,9233691498338,144.50764188855294
0,3,1751,9234786172576,144.5247735842348
0,0,1752,9236565395456,144.55261849358976
0,1,1752,9237657395325,144.5697083352896
0,2,1752,9238746170411,144.5867477090063
0,3,1752,9239497130975,144.59850027191945
0,0,1753,9240930172416,144.62092742788462
0,1,1753,9242028083160,144.63810977501504
0,2,1753,9243121691242,144.65522478531275
0,3,1753,9244219400999,144.67240398698857
0,0,1754,9245311270912,144.6894917948718
0,1,1754,9246755993885,144.71210176728079
0,2,1754,9247847155674,144.72917849299503
0,3,1754,9249286089280,144.75169786157852
0,0,1755,9250378155520,144.76878874198718
0,1,1755,9251478038591,144.78600195611415
0,2,1755,9252574304613,144.80315856327937
0,3,1755,9253672825328,144.82035045648038
0,0,1756,9254763811840,144.83742443910256
0,1,1756,9255865086461,144.8546594310428
0,2,1756,9256615884894,144.8664094565993
0,3,1756,9257713401832,144.88358564065004
0,0,1757,9258805530624,144.9006775
0,1,1757,9259900496850,144.91781376530574
0,2,1757,9261343259665,144.9403930611635
0,3,1757,9262439092539,144.95754288954515
0,0,1758,9263872207872,144.9799712019231
0,1,1758,9264966159522,144.99709158907376
0,2,1758,9266062247332,145.01424540721405
0,3,1758,9267159204514,145.03141283106095
0,0,1759,9268247331840,145.0484420673077
0,1,1759,9269338723322,145.06552238772662
0,2,1759,9270431119335,145.08261842909593
0,3,1759,9271527134255,145.0997711065048
0,0,1760,9272616704512,145.1168229246795
0,1,1760,9273711747422,145.1339603900929
0,2,1760,9275154278250,145.15653605534482
0,3,1760,9276251040672,145.1737004311899
0,0,1761,9277339545088,145.19073556891027
0,1,1761,9278778448952,145.21325447203026
0,2,1761,9279871112424,145.23035469914365
0,3,1761,9280966367978,145.24749549244416
0,0,1762,9282057565696,145.26457278044873
0,1,1762,9283151361417,145.28169072730432
0,2,1762,9284244285224,145.29879502867087
0,3,1762,9285342412961,145.31598077175042
0,0,1763,9286088830976,145.32766224358974
0,1,1763,9287183187285,145.34478896367
0,2,1763,9288970938024,145.37276733436
0,3,1763,9290760074599,145.40076739343888
0,0,1764,9291847868416,145.41779141025643
0,1,1764,9293288641349,145.44033956438113
0,2,1764,9294034252680,145.45200841158353
0,3,1764,9295131321618,145.46917758441631
0,0,1765,9296222290432,145.4862512900641
0,1,1765,9297314534122,145.50334494757237
0,2,1765,9298409541583,145.52048185820752
0,3,1765,9299506469541,145.53764882469764
0,0,1766,9300598363648,145.55473701121795
0,1,1766,9301691680877,145.57184746965459
0,2,1766,9302784696855,145.588953213501
0,3,1766,9303880040031,145.60609537808932
0,0,1767,9305310578176,145.6284833573718
0,1,1767,9306404303702,145.64560020567282
0,2,1767,9307842120421,145.66810209493002
0,3,1767,9308939344742,145.68527369951298
0,0,1768,9310028348416,145.70231665064102
0,1,1768,9311123201645,145.7194511475392
0,2,1768,9312217652519,145.73657934756548
0,3,1768,9313314652940,145.75374744810446
0,0,1769,9314059225088,145.76540003205128
0,1,1769,9315154211880,145.78253661921576
0,2,1769,9316250751535,145.79969750874838
0,3,1769,9318039743596,145.8276953061774
0,0,1770,9319130970112,145.8447730448718
0,1,1770,9320570837699,145.86730703029536
0,2,1770,9321668527684,145.88448592253857
0,3,1770,9322766814682,145.90167415805914
0,0,1771,9323855174656,145.9187070352564
0,1,1771,9324949114433,145.93582723659418
0,2,1771,9326046842016,145.9530067172476
0,3,1771,9327144151403,145.97017965311687
0,0,1772,9328235268096,145.98725567307693
0,1,1772,9329331782621,146.00441616932406
0,2,1772,9330426278628,146.0215450756836
0,3,1772,9332558893645,146.05492058614095
0,0,1773,9333994413056,146.07738652243592
0,1,1773,9335094057517,146.09459600230682
0,2,1773,9336190113342,146.11174931988057
0,3,1773,9337287679913,146.12892628068974
0,0,1774,9338379907584,146.1460196875
0,1,1774,9339476059062,146.16317450204704
0,2,1774,9340571764888,146.1803223421224
0,3,1774,9341670843753,146.19752297039327
0,0,1775,9342759873536,146.2145663301282
0,1,1775,9343852418857,146.2316647081737
0,2,1775,9344948764389,146.2488225596736
0,3,1775,9346047784711,146.26602227174416
0,0,1776,9347482907136,146.2884819951923
0,1,1776,9348922390538,146.31100996810522
0,2,1776,9350018890139,146.32817023079116
0,3,1776,9351115832362,146.3453374205291
0,0,1777,9352205534720,146.36239130608973
0,1,1777,9353299349885,146.37950955724472
0,2,1777,9354394243052,146.3966446791742
0,3,1777,9355492546011,146.41383316448506
0,0,1778,9356580279808,146.4308562419872
0,1,1778,9357671772380,146.44793814446865
0,2,1778,9358764310058,146.4650364029009
0,3,1778,9359862276968,146.48221962903145
0,0,1779,9361297675776,146.50468367788463
0,1,1779,9362390065643,146.5217796230688
0,2,1779,9363828566311,146.54429221615524
0,3,1779,9365267889706,146.56681768495218
0,0,1780,9366357375488,146.58386818108974
0,1,1780,9367448498312,146.6009442970002
0,2,1780,9368542741159,146.6180692413956
0,3,1780,9369639500774,146.63523357331104
0,0,1781,9370727225344,146.65225650641025
0,1,1781,9371820414944,146.66936496744793
0,2,1781,9372911207139,146.6864359090013
0,3,1781,9374354746665,146.7090273604173
0,0,1782,9375445584896,146.7260990224359
0,1,1782,9376539478250,146.74321849725186
0,2,1782,9377638377067,146.7604163077643
0,3,1782,9379081570978,146.78300235029172
0,0,1783,9380169305600,146.80002544070513
0,1,1783,9380917376109,146.81173277414175
0,2,1783,9382012489437,146.8288713415997
0,3,1783,9383111271062,146.84606731805263
0,0,1784,9384201054208,146.86312246794873
0,1,1784,9385295913452,146.88025705898187
0,2,1784,9386388706583,146.8973593152638
0,3,1784,9387833829350,146.9199755444649
0,0,1785,9389268232704,146.94242401442307
0,1,1785,9390712096889,146.96502054676546
0,2,1785,9391806310718,146.982145037028
0,3,1785,9393249543866,147.00473169361604
0,0,1786,9394341386240,147.02181907051283
0,1,1786,9395436138925,147.03895199389336
0,2,1786,9396530356963,147.05607655002692
0,3,1786,9397626078828,147.07322464111328
0,0,1787,9398715851776,147.09027963141025
0,1,1787,9399808465145,147.1073790744097
0,2,1787,9400902112557,147.1244947002235
0,3,1787,9402000455718,147.14168381469727
0,0,1788,9403091042304,147.15875153846153
0,1,1788,9404536980032,147.18138052183494
0,2,1788,9405630871229,147.19849996289375
0,3,1788,9407070550314,147.22103099825347
0,0,1789,9408158946304,147.23806443910257
0,1,1789,9409254912332,147.25521635134967
0,2,1789,9410349185621,147.2723417721636
0,3,1789,9411444760808,147.28948756773337
0,0,1790,9412535021568,147.3065501923077
0,1,1790,9413281799413,147.31823729550092
0,2,1790,9414378398035,147.33539910786948
0,3,1790,9415474991828,147.35256084466397
0,0,1791,9416911168512,147.3750370673077
0,1,1791,9418353088985,147.3976031804794
0,2,1791,9419448622107,147.41474831773024
0,3,1791,9420545752556,147.43191845321263
0,0,1792,9421636606464,147.44899036057691
0,1,1792,9422730690894,147.46611282573994
0,2,1792,9423823801477,147.4832200501584
0,3,1792,9424920528804,147.50038387676534
0,0,1793,9426012643840,147.51747552083333
0,1,1793,9427104237740,147.53455900910205
0,2,1793,9428200560351,147.5517165018874
0,3,1793,9429295057730,147.5688454297188
0,0,1794,9430382579712,147.5858651923077
0,1,1794,9432169800059,147.61383526234164
0,2,1794,9433266241938,147.63099462167594
0,3,1794,9434707160093,147.6535450485308
0,0,1795,9435454714368,147.66524430288462
0,1,1795,9436893014691,147.6877537605638
0,2,1795,9437647540245,147.69956211571326
0,3,1795,9438742644237,147.71670053706242
0,0,1796,9439835334656,147.73380118589745
0,1,1796,9440929623169,147.75092684496758
0,2,1796,9442022659163,147.7680329020652
0,3,1796,9443116418472,147.78515027907153
0,0,1797,9444548967936,147.80756973557692
0,1,1797,9445993794861,147.83018133483887
0,2,1797,9447437694075,147.8527784153865
0,3,1797,9448531825776,147.86990162034255
0,0,1798,9449620717056,147.8869428125
0,1,1798,9450716484175,147.90409161181327
0,2,1798,9451810264288,147.92120931440306
0,3,1798,9452905757217,147.93835382263185
0,0,1799,9453995256832,147.9554045352564
0,1,1799,9454746561019,147.9671624758833
0,2,1799,9455838304735,147.98424830877843
0,3,1799,9456935178761,148.0014144312306
0,0,1800,9458714445312,148.02926002403848
0,1,1800,9460156784238,148.05183268601638
0,2,1800,9461247620604,148.06890431884767
0,3,1800,9462690725492,148.09148896816157
0,0,1801,9463782632448,148.10857735576923
0,1,1801,9465225833792,148.1311635146234
0,2,1801,9466317517539,148.14824840900127
0,3,1801,9467415052773,148.16542487938514
0,0,1802,9468507074048,148.18251505608976
0,1,1802,9469260330761,148.19430355382676
0,2,1802,9470355977697,148.21145047227125
0,3,1802,9472484867303,148.24476767989722
0,0,1803,9473574669312,148.261823125
0,1,1803,9475015907622,148.28437856229343
0,2,1803,9476109572450,148.30149446066832
0,3,1803,9477553206768,148.32408739558295
0,0,1804,9478642072064,148.34112818108974
0,1,1804,9479732891692,148.35819955197067
0,2,1804,9480828206850,148.37534127807618
0,3,1804,9481921064845,148.3924445494823
0,0,1805,9483012911616,148.4095319951923
0,1,1805,9484109324172,148.4266908956205
0,2,1805,9484857179151,148.43839485600398
0,3,1805,9486295927585,148.46091132663824
0,0,1806,9487388490752,148.47800998397437
0,1,1806,9489525602338,148.51145586591673
0,2,1806,9490621536652,148.52860728183845
0,3,1806,9491717773800,148.5457634371244
0,0,1807,9492805454848,148.56278568910255
0,1,1807,9493897385326,148.5798744448305
0,2,1807,9494990640619,148.59698393396621
0,3,1807,9496087125905,148.61414397262183
0,0,1808,9497179868672,148.63124544070513
0,1,1808,9498274581734,148.64837774398413
0,2,1808,9499027008229,148.66015324877617
0,3,1808,9500123392371,148.67731170452413
0,0,1809,9501553592832,148.69969439903846
0,1,1809,9503344281022,148.7277187409543
0,2,1809,9504436304174,148.74480894703402
0,3,1809,9505530397229,148.76193154717862
0,0,1810,9506620807680,148.77899651442308
0,1,1810,9507715516686,148.79612875422552
0,2,1810,9508807202656,148.81321368339343
0,3,1810,9509905556452,148.8304029643054
0,0,1811,9510995271680,148.84745705128205
0,1,1811,9512088242799,148.86456209308332
0,2,1811,9513181523890,148.88167198595877
0,3,1811,9514279695218,148.89885841123925
0,0,1812,9515370215936,148.91592510416666
0,1,1812,9517505398525,148.9493407972287
0,2,1812,9518598673376,148.96645059244793
0,3,1812,9519696633385,148.98363371057755
0,0,1813,9520785525760,149.0006749198718
0,1,1813,9521883153517,149.01785283824432
0,2,1813,9522980424287,149.03502516975598
0,3,1813,9524076691429,149.05218179444924
0,0,1814,9525165828608,149.0692268349359
0,1,1814,9525919149653,149.0810163394713
0,2,1814,9527014702956,149.0981617925556
0,3,1814,9528113108938,149.11535189018053
0,0,1815,9529544872960,149.1377590544872
0,1,1815,9530982908165,149.160264363059
0,2,1815,9532424487841,149.182825142744
0,3,1815,9533520756840,149.1999817964994
0,0,1816,9534610748416,149.21704020833334
0,1,1816,9535707175466,149.23419933559322
0,2,1816,9536457468591,149.2459414530593
0,3,1816,9537550453347,149.26304670828011
0,0,1817,9538642032640,149.2801299679487
0,1,1817,9539733426123,149.29721031968336
0,2,1817,9540827108581,149.31432649396848
0,3,1817,9541924635110,149.33150282811874
0,0,1818,9543359021056,149.35395102564104
0,1,1818,9544451125458,149.3710425032865
0,2,1818,9545548625055,149.3882184159499
0,3,1818,9546988112115,149.41074644611066
0,0,1819,9547731957760,149.42238766025642
0,1,1819,9548822840866,149.43946002457056
0,2,1819,9549918058220,149.45660022003958
0,3,1819,9551010849500,149.47370244735328
0,0,1820,9552099975168,149.49074730769232
0,1,1820,9553195704187,149.50789551073908
0,2,1820,9554288266013,149.52499414708848
0,3,1820,9555384570983,149.54215136379145
0,0,1821,9556474188288,149.55920391826925
0,1,1821,9557573135604,149.57640248779296
0,2,1821,9559015057634,149.5989686253318
0,3,1821,9560109081009,149.6160901349816
0,0,1822,9561539704832,149.63847945512822
0,1,1822,9562637130653,149.65565421319425
0,2,1822,9563731559014,149.6727820608912
0,3,1822,9564828780818,149.689953626083
0,0,1823,9565918384640,149.7070059695513
0,1,1823,9567018389275,149.72422108615973
0,2,1823,9568111557847,149.74132921810835
0,3,1823,9569209007788,149.75850435365334
0,0,1824,9570297158656,149.77553395833334
0,1,1824,9571740073013,149.79811562582947
0,2,1824,9573179357623,149.8206404876396
0,3,1824,9574277300655,149.8378233400785
0,0,1825,9576058801664,149.86570390224358
0,1,1825,9577158813392,149.88291912985778
0,2,1825,9578254518947,149.900066965692
0,3,1825,9579350277309,149.91721562795786
0,0,1826,9580785298944,149.93967377403845
0,1,1826,9581537956430,149.9514528938489
0,2,1826,9582634980640,149.9686213666867
0,3,1826,9583730763360,149.98577041015625
0,0,1827,9584820930560,150.00283157051283
0,1,1827,9586264263031,150.02541978150978
0,2,1827,9587707950576,150.0480135494291
0,3,1827,9589147560741,150.07054350618802
0,0,1828,9590923070976,150.0983303125
0,1,1828,9592019056013,150.11548252223872
0,2,1828,9593459469190,150.13802504616763
0,3,1828,9594212641309,150.14981222000515
0,0,1829,9595303946752,150.16689119391026
0,1,1829,9596400111368,150.1840462140675
0,2,1829,9597494014629,150.2011658439284
0,3,1829,9598592533424,150.21835770708134
0,0,1830,9599685256192,150.23545886217948
0,1,1830,9600786145453,150.25268782322027
0,2,1830,9602231695956,150.2753107465069
0,3,1830,9603674117336,150.29788469889323
0,0,1831,9604763901952,150.31493987179488
0,1,1831,9605864580521,150.33216553549744
0,2,1831,9607653703310,150.3601653788249
0,3,1831,9608750107105,150.37732414214307
0,0,1832,9609838744064,150.39436135416668
0,1,1832,9610936757894,150.4115453145971
0,2,1832,9612029643495,150.42864901803824
0,3,1832,9613123033448,150.4457606146084
0,0,1833,9614214976000,150.46284955929488
0,1,1833,9615315467767,150.48007229953865
0,2,1833,9616757981865,150.50264770296536
0,3,1833,9618543954981,150.53059825378418
0,0,1834,9619635721728,150.5476844471154
0,1,1834,9620733808780,150.56486955347307
0,2,1834,9621827052434,150.58197886045798
0,3,1834,9622922551743,150.59912346853403
0,0,1835,9624013610496,150.61619858173077
0,1,1835,9625114606089,150.63342920687163
0,2,1835,9625865904300,150.64518705397387
0,3,1835,9626962379688,150.66234693772537
0,0,1836,9628054671872,150.67944135416667
0,1,1836,9629495358343,150.70198815515764
0,2,1836,9630935795113,150.72453104831794
0,3,1836,9632029672621,150.74165027514337
0,0,1837,9633462374400,150.7640721153846
0,1,1837,9634562752096,150.78129307041266
0,2,1837,9635657333037,150.7984233059927
0,3,1837,9636407140441,150.81015782190568
0,0,1838,9637498587648,150.82723901442307
0,1,1838,9638597485098,150.84443680354192
0,2,1838,9639690903127,150.86154883950257
0,3,1838,9640789811174,150.8787467944649
0,0,1839,9641878384128,150.8957830048077
0,1,1839,9643325264221,150.9184267362311
0,2,1839,9644765780805,150.9409708784837
0,3,1839,9645863206649,150.95814563690968
0,0,1840,9647294069248,150.98053869391026
0,1,1840,9648388648965,150.99766891033465
0,2,1840,9649484434650,151.0148180002066
0,3,1840,9650579192382,151.03195100257287
0,0,1841,9651668180992,151.04899371794872
0,1,1841,9652764377963,151.06614924446302
0,2,1841,9653860448598,151.08330279381386
0,3,1841,9654609752613,151.0950294316688
0,0,1842,9655699523584,151.11208439102563
0,1,1842,9657141518547,151.13465166996883
0,2,1842,9658580520157,151.15717210281764
0,3,1842,9659678640940,151.1743577370668
0,0,1843,9660766947840,151.19138978365385
0,1,1843,9661858926542,151.2084792940893
0,2,1843,9663302776984,151.23107561135316
0,3,1843,9664396825187,151.24819750956217
0,0,1844,9665485774336,151.2652396073718
0,1,1844,9666582377194,151.2824014860339
0,2,1844,9667679856342,151.2995770786696
0,3,1844,9668429198912,151.31130431991187
0,0,1845,9669517387776,151.32833451923076
0,1,1845,9670960192589,151.3509144723589
0,2,1845,9672749919204,151.37892376558744
0,3,1845,9673844221676,151.3960496431165
0,0,1846,9674934350336,151.41311020032052
0,1,1846,9676030815529,151.43026992451985
0,2,1846,9677125800488,151.4474064829978
0,3,1846,9678222167195,151.4645646658873
0,0,1847,9679310776832,151.4816014503205
0,1,1847,9680408177296,151.49877581154848
0,2,1847,9681500757671,151.5158747381905
0,3,1847,9682598293033,151.53305121057755
0,0,1848,9683687982592,151.55010489583333
0,1,1848,9685130888628,151.57268643310547
0,2,1848,9686224191028,151.58979665946765
0,3,1848,9687666614561,151.6123706455485
0,0,1849,9689787590656,151.64556400641027
0,1,1849,9691232514934,151.66817712925055
0,2,1849,9692326270740,151.6852944514348
0,3,1849,9693421072239,151.7024281387564
0,0,1850,9694511091200,151.71948697916667
0,1,1850,9695608558810,151.73666239123222
0,2,1850,9696701991262,151.75377465291342
0,3,1850,9697798615831,151.77093687135354
0,0,1851,9698890769920,151.78802912660257
0,1,1851,9699986486857,151.80517714056555
0,2,1851,9701430904617,151.82778233637885
0,3,1851,9702872354853,151.85034109032264
0,0,1852,9703961335808,151.86738368589744
0,1,1852,9705057037614,151.88453146305966
0,2,1852,9706149091501,151.90162215014337
0,3,1852,9707245587878,151.91878236237355
0,0,1853,9708334924800,151.93583052884617
0,1,1853,9709429419135,151.95295940903884
0,2,1853,9710524673831,151.97010018891163
0,3,1853,9711619080503,151.98722769717486
0,0,1854,9712709433856,152.00429177083333
0,1,1854,9713801212364,152.02137814822467
0,2,1854,9715935156590,152.05477446085612
0,3,1854,9717033950202,152.0719706249061
0,0,1855,9718468476928,152.09442102564103
0,1,1855,9719565131805,152.11158371840258
0,2,1855,9720658070773,152.12868825703939
0,3,1855,9721752953165,152.14582321033967
0,0,1856,9722843548160,152.16289106570514
0,1,1856,9723591783357,152.17460097651556
0,2,1856,9724686728743,152.19173691567445
0,3,1856,9725785938217,152.2089395879814
0,0,1857,9726876275200,152.22600340544872
0,1,1857,9729008619606,152.25937468083308
0,2,1857,9730102080102,152.276487381404
0,3,1857,9731200665071,152.29368028018268
0,0,1858,9732292699136,152.31077065705128
0,1,1858,9733738117029,152.3333915049861
0,2,1858,9734832752166,152.35052258873574
0,3,1858,9735929173325,152.36768162380122
0,0,1859,9737018019840,152.38472211538462
0,1,1859,9738109174509,152.4017987296706
0,2,1859,9739204545631,152.41894133161497
0,3,1859,9740300343521,152.43609061249563
0,0,1860,9741045085696,152.44774585737179
0,1,1860,9742491740290,152.47038605972682
0,2,1860,9743929337890,152.49288451976287
0,3,1860,9744683127940,152.5046813642453
0,0,1861,9745771633152,152.52171651442308
0,1,1861,9747213884838,152.5442878110915
0,2,1861,9748309247646,152.56143028292144
0,3,1861,9749405075924,152.5785800393755
0,0,1862,9750153978880,152.59030040064104
0,1,1862,9751254680973,152.60752643249512
0,2,1862,9752350768030,152.6246802388509
0,3,1862,9753447893439,152.64185029545712
0,0,1863,9754535932416,152.65887814903846
0,1,1863,9755636107032,152.67609592585637
0,2,1863,9757425097885,152.70409370438014
0,3,1863,9758866288249,152.72664839131673
0,0,1864,9759958375936,152.7437396073718
0,1,1864,9761055716283,152.7609130277663
0,2,1864,9762152993892,152.7780854663086
0,3,1864,9763249457706,152.79524516892653
0,0,1865,9764339316736,152.81230150641025
0,1,1865,9765437170490,152.82948296164489
0,2,1865,9766534131410,152.84665044399165
0,3,1865,9767632484821,152.86383971887832
0,0,1866,9768720513024,152.88086740384617
0,1,1866,9769472569106,152.89263711165992
0,2,1866,9771267938934,152.920734721398
0,3,1866,9772711788769,152.9433310291623
0,0,1867,9773801649152,152.9603873878205
0,1,1867,9774899966949,152.97757610534669
0,2,1867,9775995461153,152.99472063352928
0,3,1867,9777093666952,153.01190759828225
0,0,1868,9778181596160,153.02893373397436
0,1,1868,9779277530451,153.04608514953614
0,2,1868,9780372460195,153.0632208438971
0,3,1868,9781468714017,153.08037726013185
0,0,1869,9782556001280,153.09739334935898
0,1,1869,9783649855657,153.11451221418332
0,2,1869,9784742884571,153.13161816047864
0,3,1869,9786184916843,153.15418602330917
0,0,1870,9787273697792,153.17122548878206
0,1,1870,9788714065750,153.1937673050318
0,2,1870,9790153169202,153.216289331712
0,3,1870,9791247680107,153.23341847122583
0,0,1871,9792335203840,153.25043826121797
0,1,1871,9793431307869,153.26759233318623
0,2,1871,9794522780579,153.2846739248266
0,3,1871,9795619368976,153.30183557717348
0,0,1872,9796709346816,153.31889377403846
0,1,1872,9797807935427,153.33608672981458
0,2,1872,9798899534327,153.3531702963335
0,3,1872,9800685611803,153.3811224803905
0,0,1873,9802120930816,153.4035852804487
0,1,1873,9803217722930,153.42075012097482
0,2,1873,9804314785865,153.4379191998604
0,3,1873,9805412334710,153.45509588325697
0,0,1874,9806500676608,153.4721284775641
0,1,1874,9807599584195,153.4893264253274
0,2,1874,9808695802034,153.50648227842674
0,3,1874,9809448200809,153.51825734939968
0,0,1875,9810537868288,153.53531068910257
0,1,1875,9811634973602,153.5524804312212
0,2,1875,9812729419235,153.56960854922565
0,3,1875,9814169185736,153.59214095264923
0,0,1876,9815603409920,153.61458661858975
0,1,1876,9816702837373,153.63179270227678
0,2,1876,9817796573933,153.64890972326035
0,3,1876,9818891250466,153.66604145485903
0,0,1877,9819983702528,153.68313837339744
0,1,1877,9821083881993,153.7003562261024
0,2,1877,9822177606964,153.71747306571766
0,3,1877,9823275262667,153.7346514214462
0,0,1878,9824019670528,153.74630143429488
0,1,1878,9825119199219,153.76350910236064
0,2,1878,9826212443232,153.78061841496395
0,3,1878,9827652426865,153.80315421651204
0,0,1879,9828742312448,153.82021096955128
0,1,1879,9829835675369,153.83732214306954
0,2,1879,9830930287652,153.85445286915314
0,3,1879,9832024075798,153.8715706974597
0,0,1880,9833116044800,153.88866005608975
0,1,1880,9834207943761,153.90574831857535
0,2,1880,9835300494946,153.9228467883927
0,3,1880,9836396189608,153.939994453751
0,0,1881,9837485600768,153.9570437820513
0,1,1881,9838580393902,153.9741773384603
0,2,1881,9839674617049,153.9913019745499
0,3,1881,9840772795236,154.00848850717398
0,0,1882,9842546684416,154.03624994391026
0,1,1882,9843639875692,154.0533584311774
0,2,1882,9845079228192,154.07588435546876
0,3,1882,9846176358950,154.09305449578702
0,0,1883,9847264178176,154.11007891025642
0,1,1883,9848358209926,154.12720055097532
0,2,1883,9849453434269,154.14434085582243
0,3,1883,9850549943738,154.16150127294296
0,0,1884,9851295234560,154.17316510416669
0,1,1884,9852388923718,154.19028138330705
0,2,1884,9853480375974,154.2073626548415
0,3,1884,9854576084906,154.2245105435259
0,0,1885,9855664921600,154.24155088141026
0,1,1885,9857106834017,154.26411686850523
0,2,1885,9858546713001,154.2866510322923
0,3,1885,9859643303093,154.303812711166
0,0,1886,9861076580352,154.32624355769232
0,1,1886,9862175863106,154.34344737683418
0,2,1886,9863268361058,154.36054501355295
0,3,1886,9864365472798,154.37771485623873
0,0,1887,9865114320384,154.38943435096155
0,1,1887,9866212134700,154.4066151889899
0,2,1887,9867308240999,154.42376929648375
0,3,1887,9868406210080,154.44095255659056
0,0,1888,9869837640192,154.4633544951923
0,1,1888,9871281809443,154.48595580182982
0,2,1888,9872376929637,154.50309447674093
0,3,1888,9873474589482,154.52027289729193
0,0,1889,9874562525184,154.53729913461538
0,1,1889,9876008913250,154.55993516579653
0,2,1889,9877450035809,154.58248879158216
0,3,1889,9878202943644,154.5942718293645
0,0,1890,9879292943872,154.61133037660258
0,1,1890,9880385672931,154.62843163015512
0,2,1890,9881478470042,154.64553394872422
0,3,1890,9882573714984,154.6626745759465
0,0,1891,9884007279616,154.6851099198718
0,1,1891,9885801656696,154.7131919930639
0,2,1891,9887243360031,154.7357547080172
0,3,1891,9888682784876,154.7582817645107
0,0,1892,9889774003712,154.7753593830128
0,1,1892,9890865651779,154.79244371899728
0,2,1892,9892308388906,154.8150226128368
0,3,1892,9893060281375,154.82678976010055
0,0,1893,9894150025728,154.84384430288463
0,1,1893,9895242089394,154.86093514301007
0,2,1893,9896337856309,154.87808393913073
0,3,1893,9897431604664,154.89520114470653
0,0,1894,9898520456192,154.9122417147436
0,1,1894,9900311254183,154.94026777504945
0,2,1894,9901407628880,154.95742608298278
0,3,1894,9902852001933,154.98003057912973
0,0,1895,9904286893568,155.00248669070513
0,1,1895,9905385440169,155.01967898902308
0,2,1895,9906476830557,155.03675929232085
0,3,1895,9907574203878,155.05393322875977
0,0,1896,9908662475264,155.07096471955128
0,1,1896,9909415091055,155.0827431868333
0,2,1896,9910508979285,155.09986258145847
0,3,1896,9911604677087,155.11701029595793
0,0,1897,9913381450752,155.144816875
0,1,1897,9914823909867,155.1673914179406
0,2,1897,9915918836917,155.18452707014035
0,3,1897,9917362141788,155.20711484919622
0,0,1898,9918454624768,155.22421225160258
0,1,1898,9919551533374,155.24137891523313
0,2,1898,9920645037159,155.25849229327864
0,3,1898,9921742507528,155.27566774852264
0,0,1899,9922830283264,155.2926914823718
0,1,1899,9923926413490,155.30984596432418
0,2,1899,9925021851359,155.32698961086174
0,3,1899,9926118666666,155.34415481435923
0,0,1900,9927893447680,155.37193020833334
0,1,1900,9929340510044,155.3945767923052
0,2,1900,9930434388249,155.41169603003868
0,3,1900,9931532566634,155.42888256576148
0,0,1901,9932623633920,155.4459578125
0,1,1901,9933716076257,155.46305457884176
0,2,1901,9934808450979,155.4801502870061
0,3,1901,9935904472609,155.49730306942672
0,0,1902,9936992988672,155.51433838942307
0,1,1902,9938086390834,155.53145017706456
0,2,1902,9939183368184,155.54861791654147
0,3,1902,9940282043332,155.5658122266251
0,0,1903,9942060237312,155.59364103365385
0,1,1903,9943501733609,155.61620050845414
0,2,1903,9944598987872,155.63337258163062
0,3,1903,9945696507524,155.65054880815555
0,0,1904,9946785334784,155.66758899839743
0,1,1904,9947877809260,155.68468626771585
0,2,1904,9948974130334,155.70184373644707
0,3,1904,9950068066343,155.7189638788155
0,0,1905,9950813235200,155.73062580128206
0,1,1905,9951914229837,155.74785641146147
0,2,1905,9953008055783,155.76497483133952
0,3,1905,9954105672230,155.7821525727101
0,0,1906,9955195867136,155.79921416666667
0,1,1906,9956984289598,155.82720304984852
0,2,1906,9958080304873,155.84435573281314
0,3,1906,9959179323179,155.8615554133332
0,0,1907,9960269020160,155.8786092147436
0,1,1907,9961365602028,155.89577076491136
0,2,1907,9962461078873,155.9129150214249
0,3,1907,9963556020953,155.93005090884478
0,0,1908,9964644769792,155.94708987179487
0,1,1908,9965741079142,155.96424715704504
0,2,1908,9966834169774,155.98135406922952
0,3,1908,9967586868404,155.9931338329452
0,0,1909,9969019759104,156.01555862980769
0,1,1909,9970810284908,156.0435804303761
0,2,1909,9971911712463,156.06081781573957
0,3,1909,9973010182030,156.0780089084723
0,0,1910,9974098849280,156.0950465945513
0,1,1910,9975192163596,156.11215700739933
0,2,1910,9976284347690,156.1292497322278
0,3,1910,9977381044524,156.1464130816181
0,0,1911,9978469513216,156.16344766025642
0,1,1911,9979567594132,156.18063267058545
0,2,1911,9980663853966,156.19778918090822
0,3,1911,9981758256846,156.2149166298265
0,0,1912,9982850642944,156.23201251602563
0,1,1912,9984988430187,156.26546897202712
0,2,1912,9986083110888,156.28260076885516
0,3,1912,9987522540358,156.30512789773013
0,0,1913,9989297904640,156.3329124198718
0,1,1913,9990743686043,156.3555389567527
0,2,1913,9991839563175,156.3726894777738
0,3,1913,9992588981331,156.38441790194
0,0,1914,9994022510080,156.40685268429488
0,1,1914,9994772915048,156.41859655210837
0,2,1914,9995868379327,156.43574061196352
0,3,1914,9997311014314,156.45831790730796
0,0,1915,9998403806720,156.4754201522436
0,1,1915,9999850650757,156.49806331938916
0,2,1915,10000944771044,156.51518634571565
0,3,1915,10002039757049,156.53232292056353
0,0,1916,10003127544832,156.54934684294872
0,1,1916,10004226350078,156.56654318907127
0,2,1916,10005316743204,156.5836078851788
0,3,1916,10006411426982,156.60073973016202
0,0,1917,10007503054336,156.6178237419872
0,1,1917,10008595666273,156.63492316257575
0,2,1917,10009689765017,156.65204585175343
0,3,1917,10011134561768,156.67465697879106
0,0,1918,10013262300672,156.70795617788463
0,1,1918,10014360841675,156.72514838859362
0,2,1918,10015805747621,156.74776122453738
0,3,1918,10016903450726,156.76494032210914
0,0,1919,10017993107456,156.78199349358974
0,1,1919,10019092677426,156.79920180767354
0,2,1919,10020187116063,156.8163298161903
0,3,1919,10021286297107,156.83353204356658
0,0,1920,10022378922496,156.8506316746795
0,1,1920,10023478693090,156.86784312853692
0,2,1920,10024569714829,156.88491766246307
0,3,1920,10026009527653,156.90745079084348
0,0,1921,10027098426368,156.924492099359
0,1,1921,10028882579264,156.95241416366187
0,2,1921,10029975272158,156.9695148512307
0,3,1921,10031071260251,156.98666710879596
0,0,1922,10032161077248,157.00372278846154
0,1,1922,10033257801407,157.02088656548915
0,2,1922,10034350646055,157.0379896280142
0,3,1922,10035101029931,157.04973316573705
0,0,1923,10036532144640,157.07213016826924
0,1,1923,10037286956147,157.08394299859464
0,2,1923,10039074825946,157.1119232325784
0,3,1923,10040169550118,157.12905570972933
0,0,1924,10042292451840,157.16227920673077
0,1,1924,10043392606843,157.17949667660446
0,2,1924,10044145103878,157.19127328535032
0,3,1924,10045243937341,157.20847007307003
0,0,1925,10046335854592,157.22555862179487
0,1,1925,10047431900796,157.2427117887996
0,2,1925,10048526250073,157.25983839882875
0,3,1925,10049621913575,157.27698557653184
0,0,1926,10050712290816,157.29405002403846
0,1,1926,10051811718157,157.3112561059727
0,2,1926,10053600765322,157.3392547657815
0,3,1926,10054695670506,157.3563900757775
0,0,1927,10056129734656,157.3788332371795
0,1,1927,10057230296260,157.3960570703751
0,2,1927,10058323086134,157.41315927568485
0,3,1927,10059417326118,157.43028417527418
0,0,1928,10060505461248,157.44731353365384
0,1,1928,10061604947514,157.46452053776667
0,2,1928,10062702471075,157.48169682546762
0,3,1928,10063798998492,157.49885752347507
0,0,1929,10064543777280,157.51051334134615
0,1,1929,10065644463669,157.52773912743203
0,2,1929,10067086011437,157.55029940775555
0,3,1929,10068525913385,157.57283393093013
0,0,1930,10069617174016,157.58991220352564
0,1,1930,10070712526106,157.60705450761844
0,2,1930,10071804943329,157.6241508809251
0,3,1930,10072901278904,157.64130857659757
0,0,1931,10073993249792,157.65839796474359
0,1,1931,10075093992620,157.67562463410206
0,2,1931,10076185098833,157.6927004900497
0,3,1931,10077282955362,157.7098819887132
0,0,1932,10078374819840,157.72696971153846
0,1,1932,10079475173453,157.7441902896666
0,2,1932,10080915473439,157.76673104215183
0,3,1932,10082011334062,157.78388130480644
0,0,1933,10083099993088,157.8009188621795
0,1,1933,10084196451696,157.81807848332332
0,2,1933,10085289350771,157.8351823976331
0,3,1933,10086387854171,157.85237401985364
0,0,1934,10087476497408,157.8694113301282
0,1,1934,10088922337981,157.89203879302195
0,2,1934,10090018843714,157.90919915167393
0,3,1934,10091114455724,157.92634552352516
0,0,1935,10092206589952,157.9434374679487
0,1,1935,10092957142696,157.95518364846254
0,2,1935,10094052161884,157.9723207426257
0,3,1935,10095842068983,158.0003328604361
0,0,1936,10097275067392,158.02275934294872
0,1,1936,10098371024690,158.03991111857096
0,2,1936,10099809811734,158.0624281934533
0,3,1936,10100905678577,158.07957855345114
0,0,1937,10101994794496,158.09662326121796
0,1,1937,10103091973741,158.1137941603597
0,2,1937,10104187227541,158.13093492621007
0,3,1937,10105281298593,158.14805718200685
0,0,1938,10106370756608,158.16510724358974
0,1,1938,10107471283704,158.1823305367338
0,2,1938,10108569092084,158.1995112818635
0,3,1938,10110008227304,158.22203380571415
0,0,1939,10111101710336,158.23914685897435
0,1,1939,10112543919355,158.26171748790253
0,2,1939,10113639888167,158.27886944371934
0,3,1939,10114735913278,158.29602228061773
0,0,1940,10115828793344,158.3131258974359
0,1,1940,10116929345205,158.33034957815318
0,2,1940,10118027336095,158.34753317957168
0,3,1940,10119123299563,158.3646850517547
0,0,1941,10120215957504,158.3817851923077
0,1,1941,10121314757221,158.39898145190116
0,2,1941,10123450913256,158.4324123794321
0,3,1941,10124893242727,158.45498489343888
0,0,1942,10126325306368,158.47739674679488
0,1,1942,10127416618572,158.49447582650993
0,2,1942,10128511462674,158.51161018057016
0,3,1942,10129610791085,158.52881471424593
0,0,1943,10130700828672,158.54587384615385
0,1,1943,10131792555465,158.56295941420336
0,2,1943,10132888548695,158.58011175216285
0,3,1943,10133982605355,158.59723378272423
0,0,1944,10134727146496,158.60888588141026
0,1,1944,10136173257581,158.63151757782765
0,2,1944,10138312400865,158.6649952559251
0,3,1944,10140098591332,158.69294920829577
0,0,1945,10141189360640,158.71001979166667
0,1,1945,10142290560432,158.72725361253006
0,2,1945,10143383778549,158.74436251985992
0,3,1945,10144481936907,158.76154874215933
0,0,1946,10145569393152,158.77856747596155
0,1,1946,10146665582372,158.79572288117237
0,2,1946,10147761931622,158.81288079085914
0,3,1946,10148859545001,158.83005848421539
0,0,1947,10149605455360,158.84173201121794
0,1,1947,10150706073389,158.85895672746707
0,2,1947,10152497308514,158.88698962893756
0,3,1947,10154284058213,158.91495233331142
0,0,1948,10155376752640,158.9320530448718
0,1,1948,10156477495211,158.9492797102082
0,2,1948,10157226170663,158.96099651102702
0,3,1948,10158321733721,158.97814211677746
0,0,1949,10159413828608,158.99523344551284
0,1,1949,10160512011665,159.0124200543526
0,2,1949,10161607060391,159.02955761078664
0,3,1949,10162704467429,159.04673207489796
0,0,1950,10163794599936,159.0637926923077
0,1,1950,10164892678445,159.08097766496707
0,2,1950,10166331314017,159.1034923693065
0,3,1950,10168118306471,159.13145887280587
0,0,1951,10169205975040,159.1484809294872
0,1,1951,10170305422761,159.16568733036922
0,2,1951,10171400381082,159.1828234719614
0,3,1951,10172496355366,159.1999755134152
0,0,1952,10173243322368,159.21166557692308
0,1,1952,10174339700097,159.2288239323073
0,2,1952,10175434052537,159.24595059183756
0,3,1952,10176528306714,159.26307571354792
0,0,1953,10177619289088,159.28014963141027
0,1,1953,10179062033585,159.30272864059057
0,2,1953,10180503631592,159.32528970715646
0,3,1953,10181601540893,159.34247203170386
0,0,1954,10182693339648,159.35955872596153
0,1,1954,10184136117167,159.38213825193748
0,2,1954,10184890079073,159.39393778597318
0,3,1954,10185988407976,159.4111266773087
0,0,1955,10187766645760,159.4389561698718
0,1,1955,10188863446778,159.45612114974585
0,2,1955,10189959809646,159.47327927255483
0,3,1955,10191055681961,159.49042971818974
0,0,1956,10191802722304,159.50212092948718
0,1,1956,10193249344174,159.5247606197103
0,2,1956,10194346247961,159.5419272079233
0,3,1956,10195443407676,159.55909780141977
0,0,1957,10196531336192,159.57612392628207
0,1,1957,10197974539241,159.59871011181954
0,2,1957,10199070751972,159.61586588497846
0,3,1957,10200165496968,159.63299868802585
0,0,1958,10201254403584,159.6500401201923
0,1,1958,10202354849651,159.66726214522924
0,2,1958,10203447453547,159.68436143997585
0,3,1958,10204542644755,159.7015012262589
0,0,1959,10205633996288,159.71858092147437
0,1,1959,10206734708484,159.7358071114408
0,2,1959,10208869182434,159.7692117142741
0,3,1959,10209963523272,159.78633819223256
0,0,1960,10211055963136,159.8034349198718
0,1,1960,10212154067892,159.82062030329777
0,2,1960,10213249749093,159.83776775799092
0,3,1960,10214347247203,159.8549436473827
0,0,1961,10215436473344,159.8719900801282
0,1,1961,10216533512505,159.88915878694974
0,2,1961,10217630293224,159.90632344914363
0,3,1961,10218724877289,159.92345373361442
0,0,1962,10219817802752,159.94055806089744
0,1,1962,10220919224561,159.95779535633577
0,2,1962,10223052531560,159.99118169633914
0,3,1962,10224494243418,160.01374454467773
0,0,1963,10225581654016,160.03076256410256
0,1,1963,10226679881011,160.0479498605738
0,2,1963,10227773867800,160.06507079765126
0,3,1963,10228869300702,160.08221436645508
0,0,1964,10229957182976,160.0992397676282
0,1,1964,10231055394990,160.1164268296462
0,2,1964,10232150502815,160.13356531098196
0,3,1964,10233244710763,160.1506897092066
0,0,1965,10234332757504,160.16771768429487
0,1,1965,10235431028772,160.18490567364032
0,2,1965,10236875477401,160.20751135255472
0,3,1965,10237973253283,160.22469158908942
0,0,1966,10239405636608,160.24710844551282
0,1,1966,10240504035097,160.26429842587203
0,2,1966,10241598548837,160.28142760975373
0,3,1966,10242696219114,160.29860619356597
0,0,1967,10243786643456,160.31567137820514
0,1,1967,10244884326062,160.3328501549667
0,2,1967,10245979875283,160.34999554416754
0,3,1967,10247078567284,160.3671901180013
0,0,1968,10248168114688,160.38424157852563
0,1,1968,10249265042984,160.4014085503055
0,2,1968,10250707216836,160.4239786288687
0,3,1968,10251801361064,160.4411020298728
0,0,1969,10253235898880,160.46355260416667
0,1,1969,10254331760894,160.48070288859049
0,2,1969,10255424560034,160.49780523891351
0,3,1969,10256869508007,160.5204187325815
0,0,1970,10257958636032,160.5374636298077
0,1,1970,10259060045395,160.5547007304656
0,2,1970,10260152800593,160.57180239309457
0,3,1970,10261248655659,160.58895256878193
0,0,1971,10262338241536,160.60600463141026
0,1,1971,10263782261623,160.62860360362518
0,2,1971,10264874761042,160.64570126330253
0,3,1971,10265973125229,160.66289070683408
0,0,1972,10267405058560,160.68530052083335
0,1,1972,10268504429223,160.7025057157546
0,2,1972,10269945002589,160.72505074664775
0,3,1972,10271041770847,160.7422152138265
0,0,1973,10272134603264,160.7593180849359
0,1,1973,10272886307898,160.77108229257436
0,2,1973,10273978170268,160.78816998240936
0,3,1973,10275074278689,160.8053241231126
0,0,1974,10277197185536,160.8385477003205
0,1,1974,10278642607730,160.86116861556616
0,2,1974,10280081298130,160.883684177966
0,3,1974,10281175841065,160.90081381875063
0,0,1975,10282609460736,160.92325002403845
0,1,1975,10283706502453,160.9404187708615
0,2,1975,10285496112920,160.9684262463692
0,3,1975,10287285200176,160.99642553360377
0,0,1976,10288375192064,161.0134839503205
0,1,1976,10289473476001,161.03067213793634
0,2,1976,10290572076126,161.047865273907
0,3,1976,10291667830474,161.06501387335362
0,0,1977,10293444060672,161.0928119471154
0,1,1977,10294889043521,161.11542598659418
0,2,1977,10295985791196,161.13259013164813
0,3,1977,10297084760941,161.14978905218663
0,0,1978,10298173367296,161.1668257852564
0,1,1978,10299270667230,161.18399857318585
0,2,1978,10300363811183,161.20110631984613
0,3,1978,10301461545188,161.21828590100412
0,0,1979,10302550018048,161.2353205448718
0,1,1979,10303646469971,161.25248006139512
0,2,1979,10304743407127,161.26964717183432
0,3,1979,10306182151208,161.29216357434396
0,0,1980,10307274924544,161.30926552083335
0,1,1980,10308369456250,161.32639498588367
0,2,1980,10309812652327,161.34898106230906
0,3,1980,10310909383024,161.36614494165664
0,0,1981,10311999111168,161.38319923076924
0,1,1981,10313444130172,161.40581383607523
0,2,1981,10314541547301,161.42298845811112
0,3,1981,10315290615019,161.43471139790853
0,0,1982,10316379623424,161.45175442307692
0,1,1982,10317475734865,161.4689086110433
0,2,1982,10318569744991,161.48602991334573
0,3,1982,10320357029857,161.5140009931046
0,0,1983,10321448073216,161.53107586538462
0,1,1983,10322887390182,161.55360123356746
0,2,1983,10323983847647,161.5707608368233
0,3,1983,10325078636812,161.5878943311173
0,0,1984,10326166095872,161.60491310897436
0,1,1984,10327259393852,161.62202326616335
0,2,1984,10328355115365,161.6391713517409
0,3,1984,10329449542778,161.6562991846016
0,0,1985,10330541305344,161.67338531250002
0,1,1985,10331636707520,161.6905284004407
0,2,1985,10332732503513,161.70767765163325
0,3,1985,10334522469749,161.73569069494005
0,0,1986,10335614375936,161.75277907051282
0,1,1986,10336713463764,161.769979839055
0,2,1986,10338152738904,161.79250455265927
0,3,1986,10339249589424,161.8096703072416
0,0,1987,10340338804736,161.82671657051281
0,1,1987,10341091125082,161.83849041406876
0,2,1987,10342187517340,161.85564899683243
0,3,1987,10343286699670,161.8728512443347
0,0,1988,10344377048064,161.88991524038462
0,1,1988,10345468553433,161.90699734313966
0,2,1988,10346560688701,161.92408930383928
0,3,1988,10348349360481,161.9520820888578
0,0,1989,10349782448128,161.97450996794873
0,1,1989,10351221711094,161.9970344910294
0,2,1989,10352322192901,162.01425707539877
0,3,1989,10353072273577,162.02599586802947
0,0,1990,10354508808192,162.0484776923077
0,1,1990,10355610496180,162.06571915345805
0,2,1990,10356356454237,162.07739342693623
0,3,1990,10357454029357,162.09457052153758
0,0,1991,10358542733312,162.1116087820513
0,1,1991,10359635377765,162.12870871151657
0,2,1991,10360726829544,162.14578997558596
0,3,1991,10362515863829,162.17378843382224
0,0,1992,10363606227456,162.19085266826923
0,1,1992,10364706237258,162.20806786574144
0,2,1992,10366494833564,162.23605946958884
0,3,1992,10367589463551,162.25319047274076
0,0,1993,10368680739328,162.2702689823718
0,1,1993,10369435225260,162.2820767174354
0,2,1993,10370877067319,162.30464160342487
0,3,1993,10371970467723,162.32175336355357
0,0,1994,10373062089728,162.33883729166666
0,1,1994,10373812589108,162.35058263703175
0,2,1994,10374905957225,162.36769389186762
0,3,1994,10376346190099,162.39023359404734
0,0,1995,10378124381696,162.41806236378207
0,1,1995,10379218511516,162.4351855393004
0,2,1995,10380310182879,162.45227023986817
0,3,1995,10381407970806,162.4694506649076
0,0,1996,10382500216320,162.48654435096154
0,1,1996,10384292465064,162.51459311560998
0,2,1996,10385735080567,162.53717010602904
0,3,1996,10386829942952,162.55430474621895
0,0,1997,10387922215936,162.57139886217948
0,1,1997,10388668175134,162.5830731535144
0,2,1997,10390109308702,162.6056269515913
0,3,1997,10391205501470,162.6227824123285
0,0,1998,10392298285568,162.6398845272436
0,1,1998,10393737586188,162.66240963961087
0,2,1998,10395176247354,162.68492474449744
0,3,1998,10396272656158,162.7020835862067
0,0,1999,10397361862144,162.71912970352565
0,1,1999,10398112560514,162.7308781630922
0,2,1999,10399205581686,162.74798398822492
0,3,1999,10400303843038,162.76517182238456
0,0,2000,10401394541568,162.78224129807694
0,1,2000,10402493910817,162.79944647086901
0,2,2000,10403586669089,162.8165481816062
0,3,2000,10405376198116,162.84455438257461
0,0,2001,10406812018688,162.8670250320513
0,1,2001,10407903050151,162.88409971815844
0,2,2001,10408994303140,162.90117787115636
0,3,2001,10410092365080,162.91836258451022
0,0,2002,10411182326272,162.93542052083333
0,1,2002,10412279081257,162.9525847802891
0,2,2002,10413375405864,162.9697423043119
0,3,2002,10414472394909,162.98691022681604
0,0,2003,10415563404288,163.0039845673077
0,1,2003,10416660108476,163.02114803178836
0,2,2003,10417752597928,163.03824553548176
0,3,2003,10419537908603,163.0661857190724
0,0,2004,10420969530368,163.0885906570513
0,1,2004,10422413973753,163.11119625389688
0,2,2004,10423515779474,163.12843955757336
0,3,2004,10424609700989,163.1455594731101
0,0,2005,10426044590592,163.1680155528846
0,1,2005,10426794501771,163.1797516928805
0,2,2005,10427891241004,163.19691570581682
0,3,2005,10428985399290,163.21403932682918
0,0,2006,10430076589568,163.23111649839743
0,1,2006,10431175403567,163.2483129815048
0,2,2006,10432268331691,163.26541735043259
0,3,2006,10433711702350,163.28800615907326
0,0,2007,10434801276416,163.30505803685898
0,1,2007,10435892426556,163.32213458026592
0,2,2007,10436986553512,163.33925771096256
0,3,2007,10438083659480,163.35642746331632
0,0,2008,10439172201472,163.37346318910258
0,1,2008,10440269956806,163.39064310406025
0,2,2008,10441366357278,163.40780181537335
0,3,2008,10442461074530,163.424934184226
0,0,2009,10443552177152,163.44200998397437
0,1,2009,10444653214839,163.459241267888
0,2,2009,10445749659603,163.47640067237268
0,3,2009,10447539366760,163.50440966108275
0,0,2010,10448631178752,163.5214965625
0,1,2010,10450069045532,163.54399923521385
0,2,2010,10451161099872,163.56108992938704
0,3,2010,10452256098469,163.57822670130022
0,0,2011,10453344864768,163.59526593750002
0,1,2011,10454445650076,163.61249327167218
0,2,2011,10455541023455,163.6296359089387
0,3,2011,10456638476331,163.64681109041655
0,0,2012,10457726037504,163.66383146634615
0,1,2012,10458821899807,163.68098175529286
0,2,2012,10459575427617,163.69277449570876
0,3,2012,10461015097772,163.71530539131362
0,0,2013,10462107159552,163.73239620192308
0,1,2013,10463544680267,163.75489345870582
0,2,2013,10464635844460,163.77197022204277
0,3,2013,10466077642408,163.7945344176933
0,0,2014,10467169347072,163.81161963942307
0,1,2014,10468612994605,163.83421278115298
0,2,2014,10469361995103,163.8459346689547
0,3,2014,10470456182838,163.8630587508451
0,0,2015,10471545124352,163.88010072916668
0,1,2015,10472641731051,163.8972626679406
0,2,2015,10473735608302,163.91438189074395
0,3,2015,10475180054413,163.93698753025154
0,0,2016,10476956975104,163.9647964102564
0,1,2016,10478051927153,163.98193245369154
0,2,2016,10479147128416,163.99907239733574
0,3,2016,10480243347059,164.0162282630177
0,0,2017,10481333102080,164.0332829727564
0,1,2017,10482429191676,164.05043681884766
0,2,2017,10483523595486,164.06756428232046
0,3,2017,10484619954702,164.08472234797551
0,0,2018,10485708103680,164.10175192307693
0,1,2018,10486800302434,164.118844877335
0,2,2018,10487895334298,164.13598216987805
0,3,2018,10488991516058,164.1531374583396
0,0,2019,10491454993408,164.1916909775641
0,1,2019,10492875819195,164.21392695805477
0,2,2019,10493970184364,164.23105381679437
0,3,2019,10495411057959,164.25360354628344
0,0,2020,10496500233728,164.27064919070514
0,1,2020,10497944911271,164.2932584521328
0,2,2020,10499038186458,164.31036825261043
0,3,2020,10499789330635,164.3221236890744
0,0,2021,10500880643584,164.33920278044872
0,1,2021,10501979828604,164.3564050700496
0,2,2021,10503074268962,164.37353310550006
