node_id,message_transmitter_id,message_id,timestamp_bit,timestamp_seconds,clock_offset(not_used)
0,0,0,160663391744,2.514388517628205,0.0
0,1,0,161403207102,2.5259666576209434,4.979373963131805e-41
0,0,1,161799795712,2.5321732852564103,0.0
0,1,1,162540498240,2.543765309495192,4.956392668316878e-41
0,0,2,162941473792,2.550040592948718,0.0
0,1,2,163339157793,2.5562643634972204,4.989323182228511e-41
0,0,3,164077453312,2.567818717948718,0.0
0,1,3,164471188619,2.57398069127792,5.013285385968466e-41
0,0,4,164871915008,2.5802520753205127,0.0
0,1,4,165608733712,2.591783317558093,5.293124689294132e-41
0,0,5,166696080384,2.6088003365384616,0.0
0,1,5,167090555201,2.614973883228791,4.932430464576924e-41
0,0,6,167831727104,2.6265732532051285,0.0
0,1,6,168227659456,2.6327696103766027,4.929347607955409e-41
0,0,7,168967431680,2.6443470753205127,0.0
0,1,7,169365186108,2.6505719480543872,4.970966172345856e-41
0,0,8,169761710080,2.656777564102564,0.0
0,1,8,170502512570,2.6683711527506513,5.047056678958694e-41
0,0,9,170902972928,2.674638373397436,0.0
0,1,9,171639870776,2.686170854241787,5.175836007830144e-41
0,0,10,172380344320,2.697759294871795,0.0
0,1,10,173126785684,2.7094411321238985,4.973068120042343e-41
0,0,11,173868950016,2.7210560336538463,0.0
0,1,11,174264205831,2.7272418029941656,5.105490824921039e-41
0,0,12,175004764160,2.738831570512821,0.0
0,1,12,175401366409,2.7450384115991837,4.980354872056832e-41
0,0,13,175799346688,2.7512668189102567,0.0
0,1,13,176538837246,2.762839875769982,4.919398388858703e-41
0,0,14,176935144960,2.769042107371795,0.0
0,1,14,177676347521,2.7806419571470604,5.102828357838821e-41
0,0,15,178076307456,2.7869013461538463,0.0
0,1,15,178469473868,2.7930544162535056,4.964239939717097e-41
0,0,16,179206482432,2.8045886298076925,0.0
0,1,16,179601197984,2.810765944010417,5.042992913412152e-41
0,0,17,180000616960,2.8170168669871796,0.0
0,1,17,180743751997,2.828646960089268,5.066394597766376e-41
0,0,18,181142519296,2.834887684294872,0.0
0,1,18,181886459107,2.8465303721423028,5.138841728371969e-41
0,0,19,182626178048,2.858107003205128,0.0
0,1,19,183023303768,2.864322036633614,5.030381227233228e-41
0,0,20,183420636672,2.8705403125,0.0
0,1,20,184160667083,2.8821218180808046,5.046636289419396e-41
0,0,21,184556479488,2.8883162980769232,0.0
0,1,21,185303549805,2.900007978468675,5.093019268588548e-41
0,0,22,185703824384,2.906272291666667,0.0
0,1,22,186096814892,2.9124226088616787,5.07844576455957e-41
0,0,23,186834477056,2.9239670512820513,0.0
0,1,23,187229184153,2.930144233163687,4.994507986546513e-41
0,0,24,187970646528,2.9417481490384616,0.0
0,1,24,188366888974,2.94794935919346,5.104930305535309e-41
0,0,25,189106481152,2.9595240064102564,0.0
0,1,25,189499413357,2.965673411160983,5.227964310703028e-41
0,0,26,189895400960,2.9718706330128204,0.0
0,1,26,190637157605,2.983479154224885,5.047056678958694e-41
0,0,27,191037025792,2.989737107371795,0.0
0,1,27,191779989122,3.001364513252454,5.032062785390418e-41
0,0,28,192867078656,3.018377508012821,0.0
0,1,28,193261637547,3.0245523704646184,5.123287315417964e-41
0,0,29,194002752000,3.0361508413461538,0.0
0,1,29,194399328558,3.0423572803673378,5.03668707032269e-41
0,0,30,194797180416,3.0485836778846154,0.0
0,1,30,195542023873,3.06024050782815,4.920519427630163e-41
0,0,31,195939001856,3.0664532291666666,0.0
0,1,31,196684505686,3.0781203939741086,5.073120830395135e-41
0,0,32,197080531456,3.084318213141026,0.0
0,1,32,197827146733,3.096002772138547,5.204002106963073e-41
0,0,33,198227443200,3.1022674278846156,0.0
0,1,33,198620321207,3.1084159844344703,5.220117039302809e-41
0,0,34,199357607936,3.1199545512820515,0.0
0,1,34,199752172818,3.126129507493239,4.953870331081093e-41
0,0,35,200493733888,3.137734967948718,0.0
0,1,35,200889552518,3.143929545366336,5.041871874640692e-41
0,0,36,201629317120,3.155506891025641,0.0
0,1,36,202371120051,3.16711613661546,5.183122759844633e-41
0,0,37,202770446848,3.1733656169871796,0.0
0,1,37,203508472117,3.1849157420153498,5.018470190286467e-41
0,0,38,203906041344,3.191137716346154,0.0
0,1,38,204651482322,3.2028038975172777,5.101847448913794e-41
0,0,39,205047188992,3.2089967227564102,0.0
0,1,39,205445002392,3.215222518404447,5.05812693682686e-41
0,0,40,206183239680,3.2267759615384617,0.0
0,1,40,206577081828,3.232939606933594,5.108573681542553e-41
0,0,41,207319020032,3.244550969551282,0.0
0,1,41,207714518362,3.250740534261068,5.088815373195573e-41
0,0,42,208455021568,3.2623294391025643,0.0
0,1,42,208851770581,3.2685385770514075,5.130013548046723e-41
0,0,43,209590899200,3.280105969551282,0.0
0,1,43,209983214632,3.286245721779848,5.140383156682726e-41
0,0,44,210379916800,3.292454126602564,0.0
0,1,44,211120438172,3.3040433157426885,5.214932234984807e-41
0,0,45,211521374208,3.3103179807692307,0.0
0,1,45,212263244087,3.3219282740979317,4.937194879355628e-41
0,0,46,213004138496,3.3335233012820513,0.0
0,1,46,213400676011,3.3397291292787212,4.983998248064077e-41
0,0,47,214140194816,3.3513026282051284,0.0
0,1,47,214537670166,3.3575231333571214,5.060088754676914e-41
0,0,48,215276066304,3.3690790625,0.0
0,1,48,215669318004,3.3752334673602764,5.247722619050007e-41
0,0,49,216406033920,3.3867631009615384,0.0
0,1,49,216801082571,3.392945628176958,4.876238396157498e-41
0,0,50,217199987712,3.3991885096153847,0.0
0,1,50,217938511415,3.410746435155624,5.11123614862477e-41
0,0,51,218335258624,3.416955544871795,0.0
0,1,51,219076319669,3.4285531799159905,5.063872260530591e-41
0,0,52,219476764160,3.43482015224359,0.0
0,1,52,220219035470,3.4464367279835235,4.992966558235756e-41
0,0,53,220618169344,3.452683189102564,0.0
0,1,53,221017627434,3.458934724214994,5.065834078380646e-41
0,0,54,222106756096,3.4759796314102567,0.0
0,1,54,222843274758,3.4875061779785157,4.919958908244433e-41
0,0,55,223243114496,3.493763685897436,0.0
0,1,55,223985961875,3.5053892771402997,4.97573058712456e-41
0,0,56,224384724480,3.5116299278846155,0.0
0,1,56,225128640303,3.523272240318885,5.035145642011933e-41
0,0,57,225526222848,3.529494423076923,0.0
0,1,57,225921726187,3.5356840661777595,5.004457205643219e-41
0,0,58,226662087680,3.547270753205128,0.0
0,1,58,227059124835,3.5534844005878155,4.994507986546513e-41
0,0,59,227797421568,3.5650387740384617,0.0
0,1,59,228190912440,3.5711969219501203,5.07115901254508e-41
0,0,60,228591390208,3.5774644150641026,0.0
0,1,60,229328322859,3.588997440576798,4.918977999319405e-41
0,0,61,229727082496,3.595238044871795,0.0
0,1,61,230465728672,3.606797887119391,4.990304091153539e-41
0,0,62,230862662144,3.6130099118589745,0.0
0,1,62,231603217944,3.624599639798678,5.072700440855838e-41
0,0,63,232692037632,3.6416397115384616,0.0
0,1,63,233084944192,3.6477887149439105,5.03612655093696e-41
0,0,64,233822188544,3.6593266185897435,0.0
0,1,64,234561352781,3.6708945685127454,5.132535885282507e-41
0,0,65,234957900800,3.677100560897436,0.0
0,1,65,235704032214,3.6887775474196216,4.950647344613146e-41
0,0,66,236104564224,3.695045889423077,0.0
0,1,66,236497166742,3.7011901345590448,5.038789018019177e-41
0,0,67,237234617856,3.7127312740384615,0.0
0,1,67,237628917491,3.7189020791234726,4.857881386274843e-41
0,0,68,238370209280,3.730503325320513,0.0
0,1,68,238766199386,3.736700586344401,5.05644537866967e-41
0,0,69,239164665344,3.7429365945512822,0.0
0,1,69,239904120786,3.7545091018442007,4.969985263420829e-41
0,0,70,240300115456,3.760706434294872,0.0
0,1,70,241042231629,3.7723205821345402,5.122726796032234e-41
0,0,71,241782961152,3.783913028846154,0.0
0,1,71,242524368502,3.795516083577474,4.984558767449807e-41
0,0,72,243265911296,3.8071212580128204,0.0
0,1,72,244006735786,3.818715190961789,5.062751221759132e-41
0,0,73,244749483520,3.8303392227564106,0.0
0,1,73,245144680219,3.8365240669289613,5.130574067432453e-41
0,0,74,245885974016,3.848125344551282,0.0
0,1,74,246282226326,3.8543267090782756,5.132535885282507e-41
0,0,75,247022345216,3.8659095993589743,0.0
0,1,75,247419811848,3.8721299680739185,4.993947467160783e-41
0,0,76,247817277952,3.878350328525641,0.0
0,1,76,248557311359,3.8899318809939656,5.123287315417964e-41
0,0,77,248953689088,3.8961352083333334,0.0
0,1,77,249695180533,3.907739579154773,5.124268224342991e-41
0,0,78,250095483392,3.9140043349358975,0.0
0,1,78,250488741559,3.9201588410049832,5.119083420024989e-41
0,0,79,251226097152,3.931698485576923,0.0
0,1,79,251621078547,3.937879960233248,5.100306020603037e-41
0,0,80,252362271744,3.949479663461539,0.0
0,1,80,253103112500,3.9610738509740586,5.107592772617526e-41
0,0,81,253845822976,3.972697299679487,0.0
0,1,81,254585216610,3.98426883967473,5.167568346890628e-41
0,0,82,254982338560,3.9904838141025643,0.0
0,1,82,255378562591,3.9966847360620745,5.165466399194141e-41
0,0,83,256118571008,4.008265897435898,0.0
0,1,83,256516064146,4.014486680970803,5.003896686257489e-41
0,0,84,256913281536,4.020703149038462,0.0
0,1,84,257653858065,4.032293201387846,4.948685526763091e-41
0,0,85,258049540608,4.038485649038462,0.0
0,1,85,258791461502,4.050096740753957,4.912672156229944e-41
0,0,86,259191687680,4.0563602964743595,0.0
0,1,86,259929176566,4.067902027087089,5.070037973773621e-41
0,0,87,260328036352,4.074144198717949,0.0
0,1,87,260722646454,4.0803198626239485,4.963679420331367e-41
0,0,88,261464599040,4.091931450320513,0.0
0,1,88,261860155186,4.098121919853015,5.074241869166595e-41
0,0,89,262601259520,4.109720232371795,0.0
0,1,89,263686449172,4.1267034939027445,5.053923041433885e-41
0,0,90,264426647552,4.138287628205128,0.0
0,1,90,264824079751,4.144507458042242,5.093019268588548e-41
0,0,91,265563031552,4.156072083333333,0.0
0,1,91,265956102362,4.162223657257862,5.020572137982955e-41
0,0,92,266693750272,4.1737678766025645,0.0
0,1,92,267087733805,4.1799337346786105,4.981475910828292e-41
0,0,93,267830382592,4.191556217948718,0.0
0,1,93,268225033628,4.197732522473458,5.027858889997444e-41
0,0,94,268625106944,4.203993685897436,0.0
0,1,94,269362708244,4.21553717579377,5.03780810909415e-41
0,0,95,269761103872,4.221772083333334,0.0
0,1,95,270500319886,4.23334084356846,4.94294020305936e-41
0,0,96,270897315328,4.239553838141026,0.0
0,1,96,271293420626,4.245752901924329,5.024215513990199e-41
0,0,97,272033248768,4.257331241987179,0.0
0,1,97,273118964000,4.274322728866186,4.875677876771769e-41
0,0,98,273516281344,4.2805407612179485,0.0
0,1,98,274256589980,4.29212662103115,5.064853169455619e-41
0,0,99,274652174336,4.298317532051282,0.0
0,1,99,275394039817,4.309927756551107,5.030941746618958e-41
0,0,100,275793930752,4.3161860657051285,0.0
0,1,100,276187860431,4.322351080963918,5.033043694315445e-41
0,0,101,276929694208,4.333960809294872,0.0
0,1,101,277325389631,4.340153458518004,4.898519041740263e-41
0,0,102,278065754624,4.351740200320513,0.0
0,1,102,278462902960,4.357955587690305,4.961157083095582e-41
0,0,103,278860108800,4.364171875,0.0
0,1,103,279600577569,4.375760240901067,5.011183438271978e-41
0,0,104,280001354240,4.382032411858974,0.0
0,1,104,280743379894,4.393645143072666,5.170090684126413e-41
0,0,105,281142798848,4.3998960657051285,0.0
0,1,105,282225220310,4.416836004951673,5.019030709672197e-41
0,0,106,282625867776,4.423106153846154,0.0
0,1,106,283363054165,4.434643150368715,4.910009689147727e-41
0,0,107,284103443968,4.446230280448718,0.0
0,1,107,284500969930,4.452451577680539,4.987221234532024e-41
0,0,108,285238992896,4.464001666666666,0.0
0,1,108,285632743193,4.470163874589969,4.877219305082526e-41
0,0,109,286374763008,4.4817765144230775,0.0
0,1,109,286770358414,4.487967598376152,5.023654994604469e-41
0,0,110,287169225728,4.494209887820513,0.0
0,1,110,287907873787,4.505769759537134,5.235811582103247e-41
0,0,111,288305441792,4.51199171474359,0.0
0,1,111,289045468525,4.5235731627635465,4.957934096627635e-41
0,0,112,289441641472,4.52977328525641,0.0
0,1,112,289838952749,4.53599122265938,5.139962767143429e-41
0,0,113,290577965056,4.547556794871795,0.0
0,1,113,290971120257,4.553709689518855,4.913653065154971e-41
0,0,114,291708355072,4.565247443910256,0.0
0,1,114,292447528330,4.57681553501227,5.140383156682726e-41
0,0,115,293186186240,4.588375560897436,0.0
0,1,115,293924229261,4.599925963745117,5.065834078380646e-41
0,0,116,294322587136,4.6061602804487185,0.0
0,1,116,295062308362,4.617736947271885,4.919398388858703e-41
0,0,117,295458496512,4.623937307692308,0.0
0,1,117,295856019404,4.630158556878506,4.998151362553758e-41
0,0,118,296595025920,4.641724038461539,0.0
0,1,118,296988558621,4.647882840998723,5.142485104379214e-41
0,0,119,297389713408,4.65416092948718,0.0
0,1,119,298131919029,4.665776477191632,5.011183438271978e-41
0,0,120,298531437568,4.672028958333334,0.0
0,1,120,299269636639,4.6835818033697665,5.117962381253529e-41
0,0,121,299667788288,4.689812892628205,0.0
0,1,121,300063079396,4.695999214305389,5.048177717730153e-41
0,0,122,300804133376,4.707596738782051,0.0
0,1,122,301200656726,4.713802345095903,4.961717602481312e-41
0,0,123,301940347904,4.725378541666667,0.0
0,1,123,302677195346,4.736910233655098,4.977832534821048e-41
0,0,124,303076810240,4.743164222756411,0.0
0,1,124,303819998181,4.754795143808218,4.988202143457051e-41
0,0,125,304218398720,4.761030128205128,0.0
0,1,125,304957885281,4.772603122511644,5.13211549574321e-41
0,0,126,305354902528,4.778816458333334,0.0
0,1,126,305751603484,4.785024844188201,5.107032253231796e-41
0,0,127,306491380736,4.796602387820513,0.0
0,1,127,306884037748,4.802747485789764,5.142485104379214e-41
0,0,128,307622086144,4.81429797275641,0.0
0,1,128,308016422853,4.820469358051007,5.07732472578811e-41
0,0,129,308416478720,4.826730248397436,0.0
0,1,129,309154472253,4.8382798767559345,4.916315532237188e-41
0,0,130,309552805376,4.8445138060897435,0.0
0,1,130,310292549300,4.85609082813752,4.978813443746075e-41
0,0,131,310688337408,4.862284927884615,0.0
0,1,131,311085932152,4.868507301557492,4.965781368027854e-41
0,0,132,311824300032,4.880062788461538,0.0
0,1,132,312562142076,4.891610046011118,5.123707704957261e-41
0,0,133,312960496128,4.897844302884615,0.0
0,1,133,313705022212,4.909496165927985,5.249404177207197e-41
0,0,134,314102516224,4.915716963141025,0.0
0,1,134,314842504823,4.927297814362355,5.074241869166595e-41
0,0,135,315238715904,4.933498533653847,0.0
0,1,135,315641185879,4.939797204887195,5.208626391895345e-41
0,0,136,316380293632,4.951364270833333,0.0
0,1,136,316773143467,4.95751238649026,5.025756942300956e-41
0,0,137,317511034368,4.969060408653847,0.0
0,1,137,317905164028,4.975228553623298,5.045094861108639e-41
0,0,138,318305616896,4.9814956570512825,0.0
0,1,138,319042864749,4.993033615487906,4.926264751333894e-41
0,0,139,319441655296,4.999274703525641,0.0
0,1,139,320180378588,5.010835752641727,5.031502266004688e-41
0,0,140,320577467904,5.017050216346154,0.0
0,1,140,320973875616,5.023254012920673,4.981475910828292e-41
0,0,141,321713539584,5.034829783653846,0.0
0,1,141,322450610347,5.046364970624875,4.945462540295144e-41
0,0,142,323191063040,5.057953084935898,0.0
0,1,142,323588178455,5.06416795709072,5.104509915996011e-41
0,0,143,324327122944,5.075732467948718,0.0
0,1,143,324720386419,5.081887057088216,5.089375892581303e-41
0,0,144,325457840128,5.093428237179487,0.0
0,1,144,325852599491,5.099606237026117,5.210728339591832e-41
0,0,145,326252619776,5.105866570512821,0.0
0,1,145,326990608435,5.117416122593024,5.102828357838821e-41
0,0,146,327388883456,5.123649142628206,0.0
0,1,146,327784208372,5.129835993401943,5.080547712256057e-41
0,0,147,328524845568,5.141426995192308,0.0
0,1,147,328922208619,5.147645742860452,5.048177717730153e-41
0,0,148,329660939264,5.159206907051282,0.0
0,1,148,330054679751,5.165368961447691,4.970545782806559e-41
0,0,149,330455565312,5.171642836538462,0.0
0,1,149,331192345143,5.183173470412035,5.018470190286467e-41
0,0,150,331591855104,5.189425817307693,0.0
0,1,150,332330072488,5.20097894894331,5.139962767143429e-41
0,0,151,333069769216,5.212555232371795,0.0
0,1,151,333811988686,5.224170996813652,4.932430464576924e-41
0,0,152,334211463168,5.230422788461539,0.0
0,1,152,334605341830,5.236587005302233,4.955411759391851e-41
0,0,153,335347853312,5.2482073397435896,0.0
0,1,153,335742605300,5.254385224171174,4.947003968605902e-41
0,0,154,336483846656,5.265985681089743,0.0
0,1,154,336880185707,5.272188403116862,5.234690543331787e-41
0,0,155,337620028928,5.283766979166667,0.0
0,1,155,338018056412,5.289996125237881,4.974749678199533e-41
0,0,156,338414676480,5.296203245192308,0.0
0,1,156,339155800652,5.307801868176583,5.085171997188329e-41
0,0,157,339556067328,5.314066057692308,0.0
0,1,157,340293537215,5.325607490969927,4.953309811695363e-41
0,0,158,340692311040,5.331848317307692,0.0
0,1,158,341087055230,5.338026079696264,4.937194879355628e-41
0,0,159,341827807744,5.349618886217949,0.0
0,1,159,342568739488,5.361214497696314,5.048177717730153e-41
0,0,160,342969141760,5.367480809294872,0.0
0,1,160,343706331157,5.379017852892754,5.235251062717517e-41
0,0,161,344105315840,5.385261979166667,0.0
0,1,161,344843839874,5.3968199098870695,4.998151362553758e-41
0,0,162,345241674752,5.403046041666667,0.0
0,1,162,345637103947,5.409234524410933,4.932990983962654e-41
0,0,163,346377837056,5.42082702724359,0.0
0,1,163,346774223027,5.427030483570588,5.067515636537836e-41
0,0,164,347513802240,5.438604927884615,0.0
0,1,164,347906261512,5.444746931214944,5.028419409383174e-41
0,0,165,348302818304,5.450953060897436,0.0
0,1,165,349043833202,5.462549973739233,5.201900159266586e-41
0,0,166,349445099008,5.4688297996794875,0.0
0,1,166,349848027507,5.475135646831806,5.109134200928283e-41
0,0,167,350586892288,5.48669891025641,0.0
0,1,167,350979726011,5.492846773759891,5.19251145955561e-41
0,0,168,351717753856,5.5043969391025644,0.0
0,1,168,352439901540,5.515698579289364,4.864747748750035e-41
0,0,169,353179104768,5.527267139423077,0.0
0,1,169,353571911353,5.53341457821577,5.220677558688538e-41
0,0,170,353968182272,5.5396162339743595,0.0
0,1,170,354714482245,5.551295858451648,5.106051344306768e-41
0,0,171,355115344384,5.557569366987179,0.0
0,1,171,355852043700,5.569098740797776,5.09147784027779e-41
0,0,172,356251481088,5.575349951923077,0.0
0,1,172,356645275516,5.581512850498298,5.199377822030801e-41
0,0,173,357388082688,5.5931378125,0.0
0,1,173,357782821611,5.5993154924598105,5.129453028660993e-41
0,0,174,358182676992,5.605573245192308,0.0
0,1,174,358925487733,5.617198263049003,5.024215513990199e-41
0,0,175,359324462080,5.6234422275641025,0.0
0,1,175,360068170247,5.635081290173653,5.042432394026422e-41
0,0,176,360466310656,5.641312203525641,0.0
0,1,176,360861318600,5.64749409367488,5.025756942300956e-41
0,0,177,361602503168,5.659093661858974,0.0
0,1,177,362342885093,5.670680668647962,4.977832534821048e-41
0,0,178,363080483328,5.682224110576923,0.0
0,1,178,363474906166,5.688396843793821,5.038228498633447e-41
0,0,179,364216731136,5.700006434294872,0.0
0,1,179,364612677542,5.7062030114120095,5.003896686257489e-41
0,0,180,365011466752,5.712444078525642,0.0
0,1,180,365750322974,5.724007208001552,5.187326655237608e-41
0,0,181,366147209216,5.730218493589744,0.0
0,1,181,366544077024,5.736429490685096,4.974749678199533e-41
0,0,182,367283062784,5.747994647435897,0.0
0,1,182,367676328492,5.754149271521936,5.123287315417964e-41
0,0,183,368413374976,5.765684078525641,0.0
0,1,183,368808661377,5.771870326538086,5.108573681542553e-41
0,0,184,369207725568,5.778115697115385,0.0
0,1,184,369946100973,5.789671301785983,5.001794738561002e-41
0,0,185,370343823360,5.795895673076923,0.0
0,1,185,371083713116,5.807474977401342,5.177937955526632e-41
0,0,186,371821024256,5.819013926282051,0.0
0,1,186,372215698859,5.825190599631285,5.175836007830144e-41
0,0,187,372956739584,5.836787916666667,0.0
0,1,187,373697599698,5.848382407132663,5.096662644595792e-41
0,0,188,374098219008,5.854652115384615,0.0
0,1,188,374835168318,5.866185401611328,5.130574067432453e-41
0,0,189,375233585152,5.872420641025641,0.0
0,1,189,375628370942,5.878599054455879,4.935092931659141e-41
0,0,190,376369077760,5.890191145833334,0.0
0,1,190,376765892461,5.896401311802008,5.002775647486029e-41
0,0,191,377163352064,5.902621570512821,0.0
0,1,191,377908617469,5.91428500395946,5.004457205643219e-41
0,0,192,378304204800,5.920475961538462,0.0
0,1,192,379051455117,5.932170458937425,4.955411759391851e-41
0,0,193,379450636800,5.938417668269231,0.0
0,1,193,379844669003,5.944584288032727,5.153975751786677e-41
0,0,194,380586374144,5.956192003205128,0.0
0,1,194,380982065595,5.962384590266301,5.149211337007973e-41
0,0,195,381721910784,5.973963197115385,0.0
0,1,195,382119510306,5.980185645564153,4.987641624071321e-41
0,0,196,382857508864,5.991735352564103,0.0
0,1,196,383251565688,5.997902357647236,4.914774103926431e-41
0,0,197,383993098240,6.009507371794872,0.0
0,1,197,384389208035,6.015706505956405,5.065413688841349e-41
0,0,198,385128781824,6.027280865384616,0.0
0,1,198,385521537851,6.033427512942583,5.119503809564287e-41
0,0,199,385917602304,6.0396259375,0.0
0,1,199,386658883243,6.051227013894105,5.079426673484597e-41
0,0,200,387059004416,6.057488926282051,0.0
0,1,200,387796329497,6.069028093339969,4.971526691731586e-41
0,0,201,388194988032,6.075267115384616,0.0
0,1,201,388589661131,6.081443765196189,5.028419409383174e-41
0,0,202,389330956800,6.093045072115385,0.0
0,1,202,389726843198,6.099240710104918,5.118522900639259e-41
0,0,203,390466871296,6.1108221794871795,0.0
0,1,203,390864100013,6.117038824822842,5.154956660711705e-41
0,0,204,391602798592,6.128599487179487,0.0
0,1,204,392345269203,6.140219181988056,5.186766135851878e-41
0,0,205,393085878272,6.151809743589744,0.0
0,1,205,393482607415,6.158018570572291,5.017349151515008e-41
0,0,206,394222069760,6.169591185897436,0.0
0,1,206,394614369936,6.175730699368991,5.139402247757699e-41
0,0,207,395010992640,6.181937860576923,0.0
0,1,207,395757016090,6.193613157458183,5.088815373195573e-41
0,0,208,396152614912,6.199804294871795,0.0
0,1,208,396894339455,6.211412313686274,5.068496545462863e-41
0,0,209,397293967360,6.217666506410256,0.0
0,1,209,397687805749,6.223830092976888,4.905945923601185e-41
0,0,210,398429817856,6.2354426121794875,0.0
0,1,210,398825179819,6.24163004274026,5.183122759844633e-41
0,0,211,399566111744,6.253225657051282,0.0
0,1,211,399962911258,6.259435585342799,5.197696263873611e-41
0,0,212,400360510976,6.265658036858975,0.0
0,1,212,401100632966,6.277240975654798,5.033604213701175e-41
0,0,213,401496562688,6.283437291666667,0.0
0,1,213,402238141174,6.295043024683244,5.080968101795354e-41
0,0,214,402979492352,6.306645200320513,0.0
0,1,214,403376086115,6.312851908600636,4.908468260836969e-41
0,0,215,404115223552,6.324419439102564,0.0
0,1,215,404508273591,6.330570687960112,5.209186911281075e-41
0,0,216,405245283840,6.342104927884615,0.0
0,1,216,405640532230,6.348290581023387,5.021132657368685e-41
0,0,217,406039538176,6.3545350400641025,0.0
0,1,217,406777967222,6.3660914842185,5.039349537404907e-41
0,0,218,407175419904,6.372311634615385,0.0
0,1,218,407915338722,6.383891393761268,5.144587052075701e-41
0,0,219,408310834176,6.390080913461539,0.0
0,1,219,408708747171,6.396308267775316,4.933971892887681e-41
0,0,220,409446385152,6.407852331730769,0.0
0,1,220,409841014517,6.414028297103491,5.100866539988767e-41
0,0,221,410240924672,6.420286907051282,0.0
0,1,221,410978455135,6.431829288345728,5.01580772320425e-41
0,0,222,411717844480,6.443400761217949,0.0
0,1,222,412454801248,6.45493416416266,5.025756942300956e-41
0,0,223,413194539520,6.466511097756411,0.0
0,1,223,413592005851,6.472731461760692,5.014266294893493e-41
0,0,224,413988260352,6.478932860576923,0.0
0,1,224,414734706270,6.4906147690993095,5.128892509275263e-41
0,0,225,415134711808,6.496874871794872,0.0
0,1,225,415877217762,6.508495119722807,5.086152906113356e-41
0,0,226,416275996672,6.514736025641025,0.0
0,1,226,416670248354,6.520906080259666,5.130574067432453e-41
0,0,227,417411724288,6.532510208333334,0.0
0,1,227,417807279889,6.5387006693365635,4.852136062571112e-41
0,0,228,418205875200,6.544938701923077,0.0
0,1,228,418949852822,6.556581981514173,4.918977999319405e-41
0,0,229,419347174912,6.562800088141026,0.0
0,1,229,420092668972,6.574467100047577,4.911551117458484e-41
0,0,230,420488354304,6.580659591346154,0.0
0,1,230,420885838818,6.586880239915114,5.033043694315445e-41
0,0,231,421624219136,6.598435921474359,0.0
0,1,231,422362027753,6.609982655890049,5.024215513990199e-41
0,0,232,423101419520,6.621554166666667,0.0
0,1,232,423494289975,6.6277026050274195,4.991845519464296e-41
0,0,233,424231384064,6.639238157051282,0.0
0,1,233,424626696081,6.6454248059551535,5.066394597766376e-41
0,0,234,425367219712,6.657014030448718,0.0
0,1,234,425764376823,6.663229555147612,5.121185367721476e-41
0,0,235,426161319424,6.66944172275641,0.0
0,1,235,426901672554,6.681028278902494,5.135758871750455e-41
0,0,236,427302131200,6.687295472756411,0.0
0,1,236,428044276217,6.698910072005835,4.973628639428073e-41
0,0,237,428443314688,6.705155040064103,0.0
0,1,237,428837132727,6.7113183081524195,4.887588913718529e-41
0,0,238,429578789376,6.722925264423077,0.0
0,1,238,429974011673,6.729110509205354,5.140943676068456e-41
0,0,239,430372993536,6.735354591346154,0.0
0,1,239,431116439725,6.746989553989509,5.005438114568247e-41
0,0,240,431513879040,6.753209495192308,0.0
0,1,240,432597977041,6.770175672341371,5.021553046907982e-41
0,0,241,433337428992,6.781748125,0.0
0,1,241,433729798423,6.7878887223150794,4.840785545010081e-41
0,0,242,434467734528,6.799437451923077,0.0
0,1,242,434861735522,6.805603583264474,5.073681349780865e-41
0,0,243,435261904384,6.81186624198718,0.0
0,1,243,435999149019,6.823404150061974,5.099184981831577e-41
0,0,244,436397790208,6.8296429006410255,0.0
0,1,244,437136793418,6.841208330485026,4.888709952489989e-41
0,0,245,437534024704,6.847425016025642,0.0
0,1,245,437930178306,6.85362483576848,4.996609934243e-41
0,0,246,438669801472,6.865199967948718,0.0
0,1,246,439067405932,6.871422493677384,5.007540062264734e-41
0,0,247,439805892096,6.882979831730769,0.0
0,1,247,440199397820,6.889138212076823,4.989323182228511e-41
0,0,248,440600361984,6.895413317307693,0.0
0,1,248,441342332753,6.907025189568936,5.005998633953977e-41
0,0,249,441741852160,6.913277684294872,0.0
0,1,249,442824735340,6.930224849446615,5.006419023493274e-41
0,0,250,443224628736,6.936483197115384,0.0
0,1,250,443962765796,6.948035071677183,4.99604941485727e-41
0,0,251,444360573440,6.95426077724359,0.0
0,1,251,444756492704,6.96045692958734,5.122726796032234e-41
0,0,252,445496281600,6.972034655448718,0.0
0,1,252,445888997620,6.9781806768955335,4.976711496049588e-41
0,0,253,446626749440,6.989726522435897,0.0
0,1,253,447021389380,6.995902653307793,5.021132657368685e-41
0,0,254,447421416960,7.002163100961539,0.0
0,1,254,448159012788,7.013706505220854,5.149771856393703e-41
0,0,255,448557474304,7.0199424439102565,0.0
0,1,255,449296811806,7.03151310543745,4.972647730503046e-41
0,0,256,449693609984,7.037723012820513,0.0
0,1,256,450090031840,7.043927030749199,4.937615268894925e-41
0,0,257,450829782016,7.055504150641026,0.0
0,1,257,451227435598,7.06172744513096,4.986660715146294e-41
0,0,258,451965714944,7.073281546474359,0.0
0,1,258,452359387038,7.0794425305175785,4.984558767449807e-41
0,0,259,453101211648,7.091052115384616,0.0
0,1,259,453497032462,7.097246726981921,5.014266294893493e-41
0,0,260,454237213696,7.108830592948718,0.0
0,1,260,454634697844,7.115051235789764,4.979934482517535e-41
0,0,261,455031818752,7.121266193910257,0.0
0,1,261,455772503014,7.132857932285407,4.966341887413584e-41
0,0,262,456173495808,7.139133485576923,0.0
0,1,262,456571381696,7.145360415665064,5.002355257946732e-41
0,0,263,457309801472,7.15691671474359,0.0
0,1,263,457703830304,7.163083281750802,4.930328516880436e-41
0,0,264,458446019584,7.174698573717949,0.0
0,1,264,458841501314,7.180887878637069,4.915755012851458e-41
0,0,265,459240733696,7.187135881410256,0.0
0,1,265,459979383286,7.19869577708709,5.115860433557042e-41
0,0,266,460376861184,7.204916322115385,0.0
0,1,266,461117119833,7.216501399630033,5.010622918886248e-41
0,0,267,461512602112,7.222690713141026,0.0
0,1,267,462249141418,7.2342175827887125,5.019451099211495e-41
0,0,268,462990319616,7.245817051282051,0.0
0,1,268,463387290648,7.252029663837139,5.094000177513575e-41
0,0,269,464126891008,7.263604439102564,0.0
0,1,269,464519679856,7.269751600310497,5.033043694315445e-41
0,0,270,464916514816,7.275962083333334,0.0
0,1,270,465657861843,7.287564194007287,5.028839798922471e-41
0,0,271,466058421248,7.29383296474359,0.0
0,1,271,466795631185,7.305370329793295,4.987641624071321e-41
0,0,272,467194603008,7.311614254807693,0.0
0,1,272,467589081613,7.317787860780374,5.070598493159351e-41
0,0,273,468330426368,7.329389935897436,0.0
0,1,273,468726858100,7.3355941083859175,5.260334305228931e-41
0,0,274,469124721152,7.341820681089744,0.0
0,1,274,469864826081,7.353403352880234,4.896977613429506e-41
0,0,275,470260650496,7.359598020833333,0.0
0,1,275,471002550868,7.371208791378706,4.945042150755847e-41
0,0,276,471743904256,7.3828110016025645,0.0
0,1,276,472485006711,7.394409284714919,4.9418191642879e-41
0,0,277,473227008000,7.406021634615385,0.0
0,1,277,473622664412,7.412213673314804,5.010062399500518e-41
0,0,278,474021754368,7.418459447115385,0.0
0,1,278,474760180312,7.430015842723358,5.130013548046723e-41
0,0,279,475157860352,7.436239551282052,0.0
0,1,279,475897473470,7.447814526210688,5.040330446329935e-41
0,0,280,476293873152,7.454018197115385,0.0
0,1,280,476690836343,7.460230686958509,4.835460610845646e-41
0,0,281,477430414336,7.471805112179488,0.0
0,1,281,477823274193,7.477953384681115,4.933971892887681e-41
0,0,282,478560675328,7.48949374198718,0.0
0,1,282,478955511324,7.495672941143329,5.123707704957261e-41
0,0,283,479355285504,7.501929423076923,0.0
0,1,283,480098290075,7.513557474380884,5.086152906113356e-41
0,0,284,480497197056,7.519800384615385,0.0
0,1,284,481235927303,7.531361542577499,5.101847448913794e-41
0,0,285,481975040000,7.5429286858974365,0.0
0,1,285,482367771221,7.54907494524051,5.062190702373402e-41
0,0,286,483105721856,7.56062390224359,0.0
0,1,286,483500039083,7.566794982644105,4.993947467160783e-41
0,0,287,484241757184,7.578402900641026,0.0
0,1,287,484637821716,7.584601326434796,5.15187380409019e-41
0,0,288,485036020224,7.5908331490384615,0.0
0,1,288,485775519880,7.602406348282252,5.026317461686686e-41
0,0,289,486172392960,7.6086174278846155,0.0
0,1,289,486913106414,7.620209623115735,5.011743957657708e-41
0,0,290,487313947136,7.62648279647436,0.0
0,1,290,487706647477,7.632628572544196,5.11067562923904e-41
0,0,291,488444442624,7.644175096153846,0.0
0,1,291,488839151868,7.650352311636118,4.997590843168028e-41
0,0,292,489580423680,7.661953245192308,0.0
0,1,292,489977295982,7.6681643126189405,4.988202143457051e-41
0,0,293,490716433408,7.679731842948718,0.0
0,1,293,491109984703,7.685890936482748,5.068496545462863e-41
0,0,294,491847066112,7.697426290064103,0.0
0,1,294,492586459325,7.708997823470678,5.027298370611714e-41
0,0,295,492982914048,7.715202355769231,0.0
0,1,295,493724422701,7.72680699589656,5.060088754676914e-41
0,0,296,494124090368,7.7330618108974365,0.0
0,1,296,494862572433,7.7446190848013075,4.974749678199533e-41
0,0,297,495259901440,7.750837299679487,0.0
0,1,297,496000643345,7.762429940169897,4.82719294990613e-41
0,0,298,496401150976,7.768697900641026,0.0
0,1,298,496794345676,7.774851413449019,5.063311741144862e-41
0,0,299,497531620864,7.786389799679488,0.0
0,1,299,497927268376,7.7925816990935495,4.940277735977143e-41
0,0,300,498326332928,7.798827075320513,0.0
0,1,300,499065641354,7.810397281807141,5.069057064848593e-41
0,0,301,499462237696,7.816604030448718,0.0
0,1,301,500203688178,7.828207760197566,4.946583579066604e-41
0,0,302,500603704832,7.834468036858975,0.0
0,1,302,500997584565,7.840632270460863,5.003896686257489e-41
0,0,303,501739645440,7.852245552884615,0.0
0,1,303,502480202199,7.863835295832708,4.977832534821048e-41
0,0,304,502881044992,7.870108501602564,0.0
0,1,304,503617831755,7.881639243962215,5.032483174929716e-41
0,0,305,504016805888,7.8878832051282055,0.0
0,1,305,504755792052,7.8994483682016226,5.059107845751887e-41
0,0,306,505152477696,7.905656514423077,0.0
0,1,306,505893478432,7.917253205629007,4.996609934243e-41
0,0,307,506293908480,7.923519951923077,0.0
0,1,307,506687065049,7.929672867979392,4.986100195760564e-41
0,0,308,507424553472,7.941214591346154,0.0
0,1,308,507819616044,7.947397336425781,4.992406038850026e-41
0,0,309,508560697856,7.9589952964743595,0.0
0,1,309,508957484182,7.9652050183731475,5.115440044017745e-41
0,0,310,509355105792,7.9714278125,0.0
0,1,310,510095308817,7.98301201949682,5.020011618597225e-41
0,0,311,510490939904,7.989203661858975,0.0
0,1,311,510888836559,7.995430760451097,4.98245681975332e-41
0,0,312,511626603520,8.006976842948719,0.0
0,1,312,512365626576,8.018542583383415,4.885486966022042e-41
0,0,313,513104020480,8.030098477564103,0.0
0,1,313,513498010138,8.036264431496646,5.014826814279223e-41
0,0,314,514239971328,8.047876153846154,0.0
0,1,314,514635841928,8.054071544596354,4.923602284251677e-41
0,0,315,515034478592,8.060310224358975,0.0
0,1,315,515773787380,8.071880436510918,5.062190702373402e-41
0,0,316,516170157056,8.078083637820512,0.0
0,1,316,516567279790,8.084298624517979,5.149211337007973e-41
0,0,317,517305857024,8.095857387820512,0.0
0,1,317,517699613185,8.10201968751565,5.072700440855838e-41
0,0,318,518441833984,8.11363547275641,0.0
0,1,318,518837473636,8.119827249161158,5.025196422915226e-41
0,0,319,519236312576,8.126069094551282,0.0
0,1,319,519975484121,8.137637158844777,5.039349537404907e-41
0,0,320,520372391424,8.143848774038462,0.0
0,1,320,521113418314,8.15544587455554,5.001234219175272e-41
0,0,321,521513701888,8.161710328525642,0.0
0,1,321,522595912033,8.178646960652669,5.05644537866967e-41
0,0,322,522996807168,8.184920985576923,0.0
0,1,322,523733971155,8.196457631507286,5.045094861108639e-41
0,0,323,524132916224,8.202701137820513,0.0
0,1,323,524871915082,8.214266499555539,4.988202143457051e-41
0,0,324,525268886016,8.220479110576923,0.0
0,1,324,525665764352,8.226690272435897,5.105490824921039e-41
0,0,325,526405172736,8.23826204326923,0.0
0,1,325,526798207315,8.244413050177158,5.008100581650464e-41
0,0,326,527194574848,8.250616217948718,0.0
0,1,326,527936237761,8.262223272251227,4.965781368027854e-41
0,0,327,528336263168,8.268483685897436,0.0
0,1,327,529074183723,8.280032172147312,5.099745501217307e-41
0,0,328,529472572416,8.286266971153847,0.0
0,1,328,529867749348,8.292451505972055,4.950647344613146e-41
0,0,329,530608628224,8.304046290064102,0.0
0,1,329,531005284702,8.310253979836489,5.03780810909415e-41
0,0,330,531744471040,8.321822275641026,0.0
0,1,330,532481707605,8.333360057419997,5.199798211570099e-41
0,0,331,532880066560,8.339594391025642,0.0
0,1,331,533619130815,8.351160776226337,5.100306020603037e-41
0,0,332,534016297472,8.357376450320514,0.0
0,1,332,534761732942,8.369042545291217,5.047617198344424e-41
0,0,333,535157874176,8.375242171474358,0.0
0,1,333,535554983697,8.381456951387845,5.124828743728721e-41
0,0,334,536294057984,8.393023493589745,0.0
0,1,334,536686920289,8.39917180440267,5.059107845751887e-41
0,0,335,537424419328,8.410713693910257,0.0
0,1,335,537818815902,8.416886016094502,4.959615654784825e-41
0,0,336,538218897408,8.423147307692307,0.0
0,1,336,538956372752,8.434688826372195,5.054483560819615e-41
0,0,337,539355064832,8.440928373397437,0.0
0,1,337,540094212224,8.452496059695513,5.001234219175272e-41
0,0,338,540491520512,8.458713950320513,0.0
0,1,338,540887773247,8.464915321498774,5.072139921470108e-41
0,0,339,541627451904,8.476491322115384,0.0
0,1,339,542713868049,8.493493778310922,4.868811514296577e-41
0,0,340,543451820544,8.505042764423077,0.0
0,1,340,543846462550,8.511218927627954,5.01580772320425e-41
0,0,341,544586867200,8.522806290064104,0.0
0,1,341,544983929806,8.529020335755959,5.020572137982955e-41
0,0,342,545381157888,8.535236971153846,0.0
0,1,342,546121457461,8.546822689130735,5.187326655237608e-41
0,0,343,546517005312,8.553013028846154,0.0
0,1,343,546909537497,8.559156173267853,4.973068120042343e-41
0,0,344,547647285248,8.570701955128206,0.0
0,1,344,548042006559,8.576879359459511,5.012164347197006e-41
0,0,345,548783430656,8.588482676282052,0.0
0,1,345,549179295116,8.594677970941007,4.947003968605902e-41
0,0,346,549577727488,8.60091345352564,0.0
0,1,346,550316709633,8.612478553701548,5.22586236300654e-41
0,0,347,550713302528,8.618685248397437,0.0
0,1,347,551454250082,8.630281107302935,5.076343816863082e-41
0,0,348,552542217216,8.647307836538461,0.0
0,1,348,552936054658,8.653471408284506,5.032062785390418e-41
0,0,349,553678127616,8.665084879807692,0.0
0,1,349,554073573620,8.671273625613482,5.142485104379214e-41
0,0,350,554814075904,8.682862516025642,0.0
0,1,350,555211104863,8.6890760351406,4.97573058712456e-41
0,0,351,555608599040,8.695296834935897,0.0
0,1,351,556348769240,8.706880528220152,4.968443835110071e-41
0,0,352,556745048576,8.713082315705128,0.0
0,1,352,557142309261,8.71929946134127,5.095541605824332e-41
0,0,353,557881438720,8.73086686698718,0.0
0,1,353,558274426585,8.737017142819136,5.108153292003256e-41
0,0,354,559011874304,8.748558229166667,0.0
0,1,354,559406237230,8.754730024758363,4.94237968367363e-41
0,0,355,560147675136,8.766333557692308,0.0
0,1,355,560543635862,8.772530358918019,5.032483174929716e-41
0,0,356,560941916672,8.778763469551283,0.0
0,1,356,561681152779,8.790332544242663,4.990304091153539e-41
0,0,357,562419134976,8.801881995192307,0.0
0,1,357,563162440223,8.813514752087716,5.05812693682686e-41
0,0,358,563561067008,8.81975327724359,0.0
0,1,358,564299811730,8.831314661740034,4.969424744035099e-41
0,0,359,564697094144,8.837532147435898,0.0
0,1,359,565093288782,8.843732609393781,5.005438114568247e-41
0,0,360,565832751616,8.855305232371796,0.0
0,1,360,566225317524,8.861448904559795,5.163924970883383e-41
0,0,361,566962953216,8.872992932692307,0.0
0,1,361,567357330403,8.879164951469226,4.990864610539268e-41
0,0,362,567757224960,8.885423317307692,0.0
0,1,362,568500293494,8.897052369635167,4.98301733913905e-41
0,0,363,568898005504,8.903276578525642,0.0
0,1,363,569643090176,8.91493718349359,5.079987192870327e-41
0,0,364,570039004672,8.92113326121795,0.0
0,1,364,570780662898,8.93274024216872,4.911551117458484e-41
0,0,365,571179938304,8.938988918269231,0.0
0,1,365,571574226989,8.945159551986304,5.213390806674049e-41
0,0,366,572315680768,8.956763333333333,0.0
0,1,366,572711993239,8.962965639382388,4.990304091153539e-41
0,0,367,573451425280,8.974537780448719,0.0
0,1,367,573848766728,8.980756190029046,5.066955117152106e-41
0,0,368,574587552256,8.992318213141026,0.0
0,1,368,574980446809,8.998467028636444,5.082089140566814e-41
0,0,369,575376793600,9.004669871794873,0.0
0,1,369,576123235294,9.016351714211488,5.014826814279223e-41
0,0,370,576524106752,9.022625368589743,0.0
0,1,370,577260690766,9.034152937919421,5.124828743728721e-41
0,0,371,577660532224,9.04041047275641,0.0
0,1,371,578398278839,9.051956236838317,5.01692876197571e-41
0,0,372,578796665344,9.058191001602564,0.0
0,1,372,579191556213,9.064371059523364,5.28681884620467e-41
0,0,373,579932564992,9.075967876602565,0.0
0,1,373,580329023458,9.082172467479216,5.055464469744643e-41
0,0,374,581068788224,9.093749815705129,0.0
0,1,374,581805392603,9.105277703747872,5.101286929528064e-41
0,0,375,582204519424,9.11152405448718,0.0
0,1,375,582948020843,9.123159881482247,4.912111636844214e-41
0,0,376,583686658560,9.134719591346155,0.0
0,1,376,584079878067,9.14087349238469,5.240435867035518e-41
0,0,377,584480730624,9.147146850961539,0.0
0,1,377,585227828574,9.158838963810847,4.911130727919186e-41
0,0,378,585627073536,9.16508716346154,0.0
0,1,378,586370570473,9.176722920313127,5.119503809564287e-41
0,0,379,586768247808,9.182946586538462,0.0
0,1,379,587163752095,9.189136244475536,4.948125007377362e-41
0,0,380,587903648256,9.200715649038461,0.0
0,1,380,588301175303,9.206936963250577,5.075222778091622e-41
0,0,381,589039186432,9.21848686698718,0.0
0,1,381,589433163608,9.224652625575922,4.987641624071321e-41
0,0,382,589833230848,9.230913693910257,0.0
0,1,382,590570556621,9.242452871798003,4.949105916302389e-41
0,0,383,590968980992,9.248688229166667,0.0
0,1,383,591707904052,9.260252404659957,5.039769926944205e-41
0,0,384,592446664192,9.271814030448718,0.0
0,1,384,593184260413,9.283357440858499,5.034164733086905e-41
0,0,385,593923757568,9.29493060096154,0.0
0,1,385,594316420737,9.301075795288087,5.09035680150633e-41
0,0,386,594712698880,9.307277564102565,0.0
0,1,386,595454275565,9.31888326893342,5.044534341722909e-41
0,0,387,595854224384,9.325142483974359,0.0
0,1,387,596592093535,9.336690165749575,4.966902406799314e-41
0,0,388,596989829632,9.342914751602564,0.0
0,1,388,597385571605,9.349108129335061,5.07732472578811e-41
0,0,389,598125637632,9.360690192307693,0.0
0,1,389,598523191430,9.366911925174028,4.960036044324123e-41
0,0,390,599261560832,9.378467435897436,0.0
0,1,390,599655336397,9.38463003926595,5.09147784027779e-41
0,0,391,600397404672,9.3962434375,0.0
0,1,391,600793016649,9.40243478078989,5.019030709672197e-41
0,0,392,601191744000,9.408674879807693,0.0
0,1,392,601930539187,9.420237054083408,5.147249519157918e-41
0,0,393,602668992512,9.431793878205129,0.0
0,1,393,603062589442,9.437953685928736,4.969985263420829e-41
0,0,394,603804873728,9.44957046474359,0.0
0,1,394,604200009590,9.455754356814653,4.938736307666385e-41
0,0,395,604599136256,9.462000705128206,0.0
0,1,395,605337640151,9.473558320672451,4.977272015435318e-41
0,0,396,605735086592,9.479778373397437,0.0
0,1,396,606480660076,9.491446628292769,5.122166276646504e-41
0,0,397,606876395520,9.497639903846155,0.0
0,1,397,607274081312,9.503863702423878,5.18634574631258e-41
0,0,398,608012292096,9.515416730769232,0.0
0,1,398,608406030708,9.521578755821816,5.183122759844633e-41
0,0,399,609148080640,9.53319186698718,0.0
0,1,399,609543434972,9.539379178122497,4.965781368027854e-41
0,0,400,609942222336,9.545620216346155,0.0
0,1,400,610681207897,9.557185369982598,5.006979542879004e-41
0,0,401,611077964288,9.563394623397436,0.0
0,1,401,611818786237,9.574988516579653,5.012724866582736e-41
0,0,402,612560337408,9.586593822115384,0.0
0,1,402,612956530476,9.592794259502705,5.021553046907982e-41
0,0,403,613695808512,9.604363990384616,0.0
0,1,403,614089124988,9.610519408991888,5.062751221759132e-41
0,0,404,614831217664,9.622133189102565,0.0
0,1,404,615227089386,9.628328597412109,5.162243412726194e-41
0,0,405,615625442816,9.634562844551283,0.0
0,1,405,616364875090,9.646134989264073,5.009081490575491e-41
0,0,406,616761555456,9.652343052884616,0.0
0,1,406,617502806739,9.663943665161133,4.935092931659141e-41
0,0,407,617903432192,9.670213469551282,0.0
0,1,407,618296307329,9.676361981185522,4.992966558235756e-41
0,0,408,619034471936,9.687914286858975,0.0
0,1,408,619428798936,9.694085520207333,4.951207863998876e-41
0,0,409,620170662400,9.705695713141026,0.0
0,1,409,620566765892,9.711894748660358,5.050279665426641e-41
0,0,410,620965020672,9.718127451923078,0.0
0,1,410,621704871095,9.72970614068447,5.017909670900737e-41
0,0,411,622100921856,9.735904350961539,0.0
0,1,411,622842833441,9.74751529699081,5.047056678958694e-41
0,0,412,623583724032,9.759110264423077,0.0
0,1,412,623980674460,9.76532255452474,4.989323182228511e-41
0,0,413,624725395968,9.776977475961539,0.0
0,1,413,625118658311,9.783132047385191,4.995068505932243e-41
0,0,414,625514451968,9.789326233974359,0.0
0,1,414,626256662649,9.800941860868013,4.940277735977143e-41
0,0,415,626656035840,9.807192067307692,0.0
0,1,415,627050347063,9.813363053745368,5.182702370305336e-41
0,0,416,627792114176,9.824971738782052,0.0
0,1,416,628188125600,9.831169333433493,5.107032253231796e-41
0,0,417,628927968256,9.842747900641026,0.0
0,1,417,629320620788,9.848892928498097,4.979934482517535e-41
0,0,418,629716726784,9.855092003205128,0.0
0,1,418,630458310242,9.866697814033705,5.030941746618958e-41
0,0,419,630858030592,9.872953453525641,0.0
0,1,419,631596248538,9.88450659395658,5.177377436140902e-41
0,0,420,632335221248,9.89607154647436,0.0
0,1,420,633072761555,9.9076140818278,5.125249133268018e-41
0,0,421,633470662656,9.91384125,0.0
0,1,421,634210636870,9.925421876095504,5.100306020603037e-41
0,0,422,634611386368,9.931693621794873,0.0
0,1,422,635004294158,9.93784264444987,4.950647344613146e-41
0,0,423,635741944320,9.949386899038462,0.0
0,1,423,636136610131,9.955563434792543,5.07788524517384e-41
0,0,424,636536437248,9.961820745192307,0.0
0,1,424,637274412740,9.973370091208434,4.972647730503046e-41
0,0,425,637672195584,9.979595408653847,0.0
0,1,425,638412524599,9.991181587399215,5.081528621181084e-41
0,0,426,638808303616,9.997375544871796,0.0
0,1,426,639206219253,10.003602940532978,4.934532412273411e-41
0,0,427,639944389120,10.01515532852564,0.0
0,1,427,640339308362,10.021335830485027,4.906926832526212e-41
0,0,428,641080214016,10.032931033653847,0.0
0,1,428,641477909179,10.039154978888096,5.045094861108639e-41
0,0,429,642216158720,10.050708613782051,0.0
0,1,429,642955260353,10.062275583949946,5.054483560819615e-41
0,0,430,643352535552,10.06849295673077,0.0
0,1,430,644093921589,10.080095677912785,5.139402247757699e-41
0,0,431,644494021632,10.086357259615385,0.0
0,1,431,644887938803,10.092522079123473,4.979934482517535e-41
0,0,432,645629855744,10.10413310897436,0.0
0,1,432,646026384481,10.110338799594977,4.923041764865947e-41
0,0,433,646424003584,10.11656155448718,0.0
0,1,433,647165007836,10.12815830071865,5.01692876197571e-41
0,0,434,647565425152,10.13442484775641,0.0
0,1,434,648303959895,10.145982946073092,4.961157083095582e-41
0,0,435,648701609984,10.152206185897436,0.0
0,1,435,649097967376,10.158409194961939,5.149771856393703e-41
0,0,436,649837424128,10.169981722756411,0.0
0,1,436,650230801501,10.176138094404171,4.99604941485727e-41
0,0,437,650973638144,10.187763517628206,0.0
0,1,437,651369079773,10.19395219496507,5.073120830395135e-41
0,0,438,652109867008,10.205545544871795,0.0
0,1,438,652851815163,10.217157063223032,5.204002106963073e-41
0,0,439,653251414016,10.223410801282052,0.0
0,1,439,653989905515,10.234968222828401,4.996609934243e-41
0,0,440,654386931200,10.241181690705128,0.0
0,1,440,655128303581,10.252784198170197,5.105490824921039e-41
0,0,441,655528296960,10.259044110576923,0.0
0,1,441,655922252700,10.265209533691406,4.964239939717097e-41
0,0,442,656663857664,10.276815681089744,0.0
0,1,442,657060208411,10.28301858615973,5.014826814279223e-41
0,0,443,657799394304,10.294586875,0.0
0,1,443,658193086561,10.300748174594977,4.896557223890208e-41
0,0,444,658593555968,10.307015536858975,0.0
0,1,444,659331175898,10.318559318315556,5.074241869166595e-41
0,0,445,659729459712,10.324792475961539,0.0
0,1,445,660469181778,10.33636915593074,5.014266294893493e-41
0,0,446,660864837120,10.342561177884615,0.0
0,1,446,661607113913,10.354177839433719,4.8266324305204e-41
0,0,447,662005690368,10.360415576923078,0.0
0,1,447,662745049121,10.371986571029272,5.038228498633447e-41
0,0,448,663141541376,10.378191690705128,0.0
0,1,448,663883370400,10.389801344651442,4.983998248064077e-41
0,0,449,664283346432,10.396060985576923,0.0
0,1,449,665021240601,10.407609058884841,4.859983333971331e-41
0,0,450,665419920384,10.413848413461539,0.0
0,1,450,665814892758,10.420029746938852,5.039349537404907e-41
0,0,451,666555854336,10.431625825320513,0.0
0,1,451,666952570945,10.437834456145458,4.948685526763091e-41
0,0,452,667350423040,10.444060857371795,0.0
0,1,452,668090201004,10.455638412146936,5.010062399500518e-41
0,0,453,668486559744,10.461841442307692,0.0
0,1,453,669228157215,10.473447472440279,5.059107845751887e-41
0,0,454,669628375040,10.479710897435897,0.0
0,1,454,670021638875,10.48586549220941,4.915334623312161e-41
0,0,455,670759359488,10.497410849358975,0.0
0,1,455,671498195425,10.508973661373824,4.939717216591413e-41
0,0,456,671895879680,10.515197435897436,0.0
0,1,456,672636187992,10.526783290640024,4.839664506238621e-41
0,0,457,673373774848,10.53832655448718,0.0
0,1,457,673768829604,10.544509177246095,4.957513707088338e-41
0,0,458,674510348288,10.556113974358974,0.0
0,1,458,674907089426,10.562322989063752,4.96213799202061e-41
0,0,459,675305066496,10.568551346153846,0.0
0,1,459,676045381531,10.580137306111654,4.985679806221267e-41
0,0,460,676446284288,10.586411450320513,0.0
0,1,460,677183559941,10.59794984382825,4.959055135399095e-41
0,0,461,677582748160,10.604197155448718,0.0
0,1,461,677977327299,10.610372334782527,5.043973822337179e-41
0,0,462,678719045632,10.621980256410257,0.0
0,1,462,679115507764,10.628184904659957,5.163924970883383e-41
0,0,463,679854778368,10.63975451923077,0.0
0,1,463,680248270736,10.645912690554889,5.051260574351668e-41
0,0,464,680643940352,10.652104935897436,0.0
0,1,464,681381062366,10.663640924948668,4.970545782806559e-41
0,0,465,682121756672,10.675232820512822,0.0
0,1,465,682519439967,10.681456580012394,4.946583579066604e-41
0,0,466,682916251648,10.68766669871795,0.0
0,1,466,683657787342,10.699271762038011,4.911551117458484e-41
0,0,467,684057472000,10.705526842948718,0.0
0,1,467,684795877180,10.71708291359926,5.011743957657708e-41
0,0,468,685193611264,10.723307467948718,0.0
0,1,468,685589522688,10.729503497596154,4.932430464576924e-41
0,0,469,686330020864,10.741092323717949,0.0
0,1,469,686727699571,10.747316011415139,5.080968101795354e-41
0,0,470,687466562560,10.758879246794873,0.0
0,1,470,687860201414,10.76503971063076,4.985679806221267e-41
0,0,471,688260987392,10.77131202724359,0.0
0,1,471,688998377268,10.782852208345854,5.278551185265153e-41
0,0,472,689397255680,10.78909467147436,0.0
0,1,472,690136625837,10.800665844053611,4.893894756807991e-41
0,0,473,690533615104,10.80687874198718,0.0
0,1,473,690930494060,10.81308991354918,4.940838255362873e-41
0,0,474,691675779584,10.824753661858974,0.0
0,1,474,692413130638,10.836293235395383,5.165886788733438e-41
0,0,475,693153240576,10.847875985576923,0.0
0,1,475,693551230736,10.854104547526042,5.122726796032234e-41
0,0,476,694289023488,10.865651033653846,0.0
0,1,476,694683910737,10.871831034921499,5.053362522048155e-41
0,0,477,695083288576,10.878081314102564,0.0
0,1,477,695822072279,10.88964330865322,5.117962381253529e-41
0,0,478,696219411456,10.895861682692308,0.0
0,1,478,696960354124,10.907457465131712,5.064853169455619e-41
0,0,479,697361216512,10.913730977564104,0.0
0,1,479,697753990417,10.919877904913488,5.187887174623338e-41
0,0,480,698491266560,10.931416306089744,0.0
0,1,480,698886669920,10.937604384515225,5.012724866582736e-41
0,0,481,699626982400,10.94919030448718,0.0
0,1,481,700024482258,10.955411193190354,4.992966558235756e-41
0,0,482,700762832896,10.966966410256411,0.0
0,1,482,701156867869,10.973133073370517,4.992966558235756e-41
0,0,483,701898540544,10.984740280448719,0.0
0,1,483,702638580291,10.996321932138297,5.183683279230363e-41
0,0,484,703375771648,11.007859006410257,0.0
0,1,484,703771047323,11.014045086560373,5.092458749202818e-41
0,0,485,704170200064,11.020291842948719,0.0
0,1,485,704909225234,11.0318576164676,4.973628639428073e-41
0,0,486,705306314240,11.038072075320514,0.0
0,1,486,706047273087,11.049668110961914,5.043973822337179e-41
0,0,487,706447891456,11.05593780448718,0.0
0,1,487,706841285184,11.062094432091346,5.127911600350236e-41
0,0,488,707583529472,11.073710584935897,0.0
0,1,488,707979792312,11.079912114257812,5.142485104379214e-41
0,0,489,708377907712,11.086142636217948,0.0
0,1,489,709117774626,11.097721583064153,4.967322796338612e-41
0,0,490,709513721344,11.103918165064103,0.0
0,1,490,710256140957,11.115537061751928,4.960596563709852e-41
0,0,491,710654927872,11.121778092948718,0.0
0,1,491,711394475034,11.13335203566331,5.121605757260774e-41
0,0,492,712131979264,11.144894006410256,0.0
0,1,492,712527324010,11.15108116752429,5.099745501217307e-41
0,0,493,713268087296,11.162674142628205,0.0
0,1,493,713665405148,11.168892182930188,5.108573681542553e-41
0,0,494,714403410432,11.180441995192307,0.0
0,1,494,714798081589,11.186618614611504,5.220117039302809e-41
0,0,495,715197753344,11.192873493589744,0.0
0,1,495,715936370084,11.20443287516276,4.907487351911942e-41
0,0,496,716333824512,11.210653052884616,0.0
0,1,496,717074711316,11.222247961050181,4.977272015435318e-41
0,0,497,717474924032,11.228511306089745,0.0
0,1,497,717868711140,11.23467409010667,4.928787088569679e-41
0,0,498,718610467840,11.246282612179488,0.0
0,1,498,719007009368,11.252488502979768,4.966341887413584e-41
0,0,499,719404830720,11.258714423076924,0.0
0,1,499,720145403857,11.270304422341372,5.156077699483164e-41
0,0,500,720546131968,11.276575833333334,0.0
0,1,500,721283245377,11.28811168771597,4.969985263420829e-41
0,0,501,722023566336,11.299697740384616,0.0
0,1,501,722765479517,11.311308711391352,5.089375892581303e-41
0,0,502,723165221376,11.3175646875,0.0
0,1,502,723903181776,11.329113797325721,5.1117966680105e-41
0,0,503,724301015040,11.335339903846155,0.0
0,1,503,725041040709,11.346921335214468,4.920519427630163e-41
0,0,504,725436765696,11.353114447115384,0.0
0,1,504,725834695937,11.359342071329753,5.104930305535309e-41
0,0,505,726572876288,11.370894623397437,0.0
0,1,505,726967376482,11.377068567238833,5.065834078380646e-41
0,0,506,727367306240,11.383327483974359,0.0
0,1,506,728105127372,11.394874414250301,5.072139921470108e-41
0,0,507,728503552000,11.401109775641025,0.0
0,1,507,729243163963,11.412684732493865,5.034585122626203e-41
0,0,508,729638948352,11.418878774038461,0.0
0,1,508,730036926206,11.425107143398188,5.082509530106112e-41
0,0,509,730774270464,11.436646610576924,0.0
0,1,509,731513707017,11.448218822256235,5.079987192870327e-41
0,0,510,732251761152,11.459769399038462,0.0
0,1,510,732645925723,11.465938090366462,5.021132657368685e-41
0,0,511,733046215680,11.47220264423077,0.0
0,1,511,733784010950,11.483749169765375,5.078866154098867e-41
0,0,512,734181877248,11.489975793269231,0.0
0,1,512,734921888827,11.50155700412848,5.102828357838821e-41
0,0,513,735318011904,11.507756346153846,0.0
0,1,513,735715609085,11.513978757965871,4.948685526763091e-41
0,0,514,736453829632,11.525531939102564,0.0
0,1,514,736848109397,11.531702433221279,5.112777576935528e-41
0,0,515,737589496832,11.543305176282052,0.0
0,1,515,737986054847,11.549511325104543,4.946023059680874e-41
0,0,516,738724954624,11.56107513621795,0.0
0,1,516,739118593555,11.56723560125889,5.085732516574059e-41
0,0,517,739519043584,11.57350266025641,0.0
0,1,517,740257117590,11.585053548020584,5.024215513990199e-41
0,0,518,740654237184,11.591268485576924,0.0
0,1,518,741395387647,11.602867520016401,4.895996704504478e-41
0,0,519,742136608256,11.61446765224359,0.0
0,1,519,742533673080,11.620681732647236,4.892353328497234e-41
0,0,520,743272336384,11.632241842948718,0.0
0,1,520,743666525648,11.638410920723157,5.09147784027779e-41
0,0,521,744066696192,11.644673605769231,0.0
0,1,521,744804848447,11.656225718133388,4.951768383384606e-41
0,0,522,745203290112,11.662461346153847,0.0
0,1,522,745942910644,11.67403643711188,4.874136448461011e-41
0,0,523,746339457024,11.680242403846155,0.0
0,1,523,746736775801,11.686460458624424,5.081528621181084e-41
0,0,524,747475894784,11.698027700320512,0.0
0,1,524,747869683669,11.704190512147562,5.065834078380646e-41
0,0,525,748617704960,11.715897075320512,0.0
0,1,525,749013964641,11.722098555203951,5.035145642011933e-41
0,0,526,749412028416,11.72832826923077,0.0
0,1,526,750152607962,11.739918368796324,5.13155497635748e-41
0,0,527,750548041728,11.746106923076923,0.0
0,1,527,751285497390,11.757648133732722,4.960596563709852e-41
0,0,528,751683852800,11.763882411858974,0.0
0,1,528,752768435040,11.780856167367789,5.01636824258998e-41
0,0,529,753166825984,11.787091001602564,0.0
0,1,529,753907116247,11.798676573877579,4.910570208533456e-41
0,0,530,754303109120,11.804873878205129,0.0
0,1,530,755045917269,11.81649885549692,5.067936026077133e-41
0,0,531,755444584960,11.822738020833334,0.0
0,1,531,755840150038,11.828928630151994,5.160701984415436e-41
0,0,532,756581273600,11.840527243589744,0.0
0,1,532,756978544013,11.846744541469477,5.061770312834104e-41
0,0,533,757717808640,11.8583140625,0.0
0,1,533,758111579865,11.864476597947341,5.065834078380646e-41
0,0,534,758512297984,11.870747852564103,0.0
0,1,534,759250107995,11.882294608795949,5.020011618597225e-41
0,0,535,759648954880,11.888536578525642,0.0
0,1,535,760388599762,11.90011205056215,5.098764592292279e-41
0,0,536,760785474560,11.906323157051283,0.0
0,1,536,761182602646,11.912538227507763,4.933971892887681e-41
0,0,537,761921920512,11.924108581730769,0.0
0,1,537,762660204699,11.935662758836013,5.018470190286467e-41
0,0,538,763399565824,11.947233790064104,0.0
0,1,538,763793377271,11.953396954987355,5.344692472781285e-41
0,0,539,764535160320,11.965005889423077,0.0
0,1,539,764931779942,11.971213002397587,5.012724866582736e-41
0,0,540,765670895104,11.982780184294873,0.0
0,1,540,766064729278,11.988943704896585,4.966341887413584e-41
0,0,541,766465025024,11.995208349358975,0.0
0,1,541,767202932280,12.006756627478966,5.168549255815655e-41
0,0,542,767600814080,12.012983493589743,0.0
0,1,542,767997068280,12.019184887695312,5.05812693682686e-41
0,0,543,768736590336,12.030758437500001,0.0
0,1,543,769130355551,12.0369208788906,4.946023059680874e-41
0,0,544,769872693760,12.048538501602565,0.0
0,1,544,770269189843,12.054743681186775,5.071579402084378e-41
0,0,545,770667017728,12.060969703525641,0.0
0,1,545,771407415359,12.072556956114157,5.023094475218739e-41
0,0,546,772144639488,12.08409454326923,0.0
0,1,546,772539957149,12.090281280501928,5.110255239699743e-41
0,0,547,773280419840,12.101869551282052,0.0
0,1,547,773677916942,12.108090396853717,5.075222778091622e-41
0,0,548,774074443264,12.114296049679487,0.0
0,1,548,774816072824,12.12590258200621,5.117962381253529e-41
0,0,549,775215814144,12.132158549679488,0.0
0,1,549,775609920065,12.138326323132638,5.047617198344424e-41
0,0,550,776351463424,12.149931506410256,0.0
0,1,550,776748250040,12.156141232847556,5.141504195454186e-41
0,0,551,777487323648,12.167707764423078,0.0
0,1,551,777881176340,12.173871574832232,4.940277735977143e-41
0,0,552,778628353024,12.185564919871796,0.0
0,1,552,779024689820,12.191767606608073,5.002775647486029e-41
0,0,553,779423077376,12.198002387820512,0.0
0,1,553,780162551319,12.209575184654824,5.183683279230363e-41
0,0,554,780559511552,12.21578762820513,0.0
0,1,554,781300504963,12.227384204774514,4.995068505932243e-41
0,0,555,782042894336,12.239002628205128,0.0
0,1,555,782782601899,12.250579081201797,5.070598493159351e-41
0,0,556,783179055616,12.25678359775641,0.0
0,1,556,783920324122,12.268384479573568,5.084191088263301e-41
0,0,557,784320453120,12.274646514423077,0.0
0,1,557,784713882585,12.280803701312726,4.969985263420829e-41
0,0,558,785451230208,12.292343221153846,0.0
0,1,558,785846562104,12.298530181164864,5.045094861108639e-41
0,0,559,786587592704,12.31012733974359,0.0
0,1,559,786984918180,12.316345499361478,5.059668365137617e-41
0,0,560,787382025728,12.322560248397437,0.0
0,1,560,788123080219,12.33415778087127,5.053362522048155e-41
0,0,561,788523407872,12.340422924679487,0.0
0,1,561,789261305238,12.351971048020584,5.026737851225984e-41
0,0,562,789659501568,12.358202836538462,0.0
0,1,562,790055330139,12.364397569533129,5.015387333664953e-41
0,0,563,790795230720,12.37597704326923,0.0
0,1,563,791532194396,12.38751055432442,5.050279665426641e-41
0,0,564,792272449024,12.399095568910257,0.0
0,1,564,792670365656,12.405322980143229,5.011743957657708e-41
0,0,565,793066764288,12.411526634615385,0.0
0,1,565,793808353106,12.423132529328175,4.911130727919186e-41
0,0,566,794208039936,12.42938764423077,0.0
0,1,566,794946248890,12.440940643936548,4.929347607955409e-41
0,0,567,795343471104,12.4471571875,0.0
0,1,567,795739946621,12.453362045225486,4.909028780222699e-41
0,0,568,796479511552,12.464936266025642,0.0
0,1,568,796872828370,12.471091689985228,5.053923041433885e-41
0,0,569,797615233024,12.482710352564103,0.0
0,1,569,798011195721,12.488907184636043,4.84751177763884e-41
0,0,570,798409361408,12.495138493589744,0.0
0,1,570,799149575362,12.506722871625852,4.918417479933675e-41
0,0,571,799545302016,12.512916009615385,0.0
0,1,571,800282427418,12.524452051688952,5.038789018019177e-41
0,0,572,800681420800,12.530696314102565,0.0
0,1,572,801420677007,12.542265703359751,4.956392668316878e-41
0,0,573,802158886400,12.553818709935898,0.0
0,1,573,802553584860,12.559995756648137,4.991425129924998e-41
0,0,574,803294823936,12.571596177884615,0.0
0,1,574,803691830872,12.577809352338742,5.023094475218739e-41
0,0,575,804430825472,12.589374647435898,0.0
0,1,575,804824520099,12.59553598412147,5.05756641744113e-41
0,0,576,805225415168,12.601810008012821,0.0
0,1,576,805962666268,12.613348017265125,5.19307197894134e-41
0,0,577,806361261056,12.619586041666667,0.0
0,1,577,807100565138,12.631156180169521,5.028419409383174e-41
0,0,578,807497472000,12.637367788461539,0.0
0,1,578,807894328406,12.643578607115135,5.089796282120601e-41
0,0,579,808633420800,12.655145432692308,0.0
0,1,579,809026793374,12.661301729235527,4.994507986546513e-41
0,0,580,809763709952,12.672834503205129,0.0
0,1,580,810159275254,12.679025116029397,5.020011618597225e-41
0,0,581,810558222336,12.685268653846155,0.0
0,1,581,811297292899,12.696835137767303,5.038228498633447e-41
0,0,582,812035321856,12.708385320512821,0.0
0,1,582,812774491501,12.719953355071238,5.089375892581303e-41
0,0,583,813171100160,12.72616029647436,0.0
0,1,583,813568360749,12.732377440608099,4.92150033655519e-41
0,0,584,814307323392,12.743942235576924,0.0
0,1,584,814701042302,12.750103952292418,5.050279665426641e-41
0,0,585,815443317760,12.761720592948718,0.0
0,1,585,815839189997,12.767916009318034,5.066955117152106e-41
0,0,586,816237666816,12.7741521875,0.0
0,1,586,816977420641,12.785729364498824,5.089796282120601e-41
0,0,587,817373239808,12.791923950320513,0.0
0,1,587,818115753178,12.803544314309145,4.949666435688119e-41
0,0,588,818514823168,12.809789775641025,0.0
0,1,588,819254222929,12.821361411524064,4.977832534821048e-41
0,0,589,819650818560,12.827568149038463,0.0
0,1,589,820047914519,12.833782716706105,5.03724758970842e-41
0,0,590,820786582528,12.845342900641025,0.0
0,1,590,821180502873,12.85150776982234,5.065834078380646e-41
0,0,591,821922293248,12.863116818910257,0.0
0,1,591,822662864513,12.87470678887783,4.811498407105692e-41
0,0,592,823063653888,12.880979158653847,0.0
0,1,592,823800992752,12.892518541416266,5.028419409383174e-41
0,0,593,824199376384,12.89875326121795,0.0
0,1,593,824594835383,12.904942210396008,4.998711881939487e-41
0,0,594,825335077888,12.916527035256411,0.0
0,1,594,825732756257,12.922750717663888,5.000673699789542e-41
0,0,595,826476135936,12.934384639423078,0.0
0,1,595,826871009947,12.940564433515501,5.050279665426641e-41
0,0,596,827270244352,12.946812467948718,0.0
0,1,596,828009268751,12.958378229401418,5.105490824921039e-41
0,0,597,828406340096,12.964592411858975,0.0
0,1,597,829147500406,12.976191600404398,5.09764355352082e-41
0,0,598,829547938304,12.982458469551283,0.0
0,1,598,829941182261,12.988612753233298,5.042992913412152e-41
0,0,599,830678566912,13.000152852564103,0.0
0,1,599,831417716287,13.011720569896209,5.139402247757699e-41
0,0,600,832156264448,13.02327887820513,0.0
0,1,600,832550267288,13.0294450384365,4.963679420331367e-41
0,0,601,833292333056,13.041058397435897,0.0
0,1,601,833688369411,13.047256382258489,5.127911600350236e-41
0,0,602,834428094464,13.05883310897436,0.0
0,1,602,834820755035,13.064978262642104,5.000253310250245e-41
0,0,603,835216815104,13.071176618589744,0.0
0,1,603,835958648255,13.082786337123773,5.041451485101394e-41
0,0,604,836357831680,13.089033573717948,0.0
0,1,604,837096610603,13.100595493461414,4.960596563709852e-41
0,0,605,837493574144,13.106807988782052,0.0
0,1,605,837890389749,13.113018168898362,5.212409897749022e-41
0,0,606,838629586944,13.124586634615385,0.0
0,1,606,839023313486,13.130748470771985,4.972087211117316e-41
0,0,607,839765484032,13.142363469551283,0.0
0,1,607,840161650102,13.14856348441882,5.198817302645071e-41
0,0,608,840560184320,13.154800560897437,0.0
0,1,608,841644326622,13.171767431358925,5.033043694315445e-41
0,0,609,842384876544,13.183357067307693,0.0
0,1,609,842782615637,13.189581700048203,4.913232675615674e-41
0,0,610,843521027584,13.201137876602564,0.0
0,1,610,843915426716,13.207310238819613,4.936634359969898e-41
0,0,611,844315586560,13.213572756410256,0.0
0,1,611,845053731611,13.225124756031526,4.96213799202061e-41
0,0,612,845451182592,13.231344879807693,0.0
0,1,612,846192385171,13.242944729864659,5.000253310250245e-41
0,0,613,846592289792,13.24920325320513,0.0
0,1,613,846986528341,13.255373102291792,5.117962381253529e-41
0,0,614,847728244736,13.266980993589744,0.0
0,1,614,848124409275,13.27318098449707,5.099184981831577e-41
0,0,615,848522629632,13.279413149038461,0.0
0,1,615,849262478125,13.290991807595278,4.956953187702608e-41
0,0,616,849658435072,13.297188549679488,0.0
0,1,616,850400467616,13.308801388721955,5.035145642011933e-41
0,0,617,850799328768,13.31504358173077,0.0
0,1,617,851193765982,13.321216539932642,4.957513707088338e-41
0,0,618,852281614336,13.33824141025641,0.0
0,1,618,853019890487,13.349795461597932,5.098764592292279e-41
0,0,619,853758697984,13.361357828525641,0.0
0,1,619,854152073346,13.367514168701172,5.047056678958694e-41
0,0,620,854553134592,13.373790793269231,0.0
0,1,620,855295329823,13.385406178369767,5.062751221759132e-41
0,0,621,855694584832,13.39165453525641,0.0
0,1,621,856432950673,13.403209990250025,5.134217443439697e-41
0,0,622,856830408704,13.409430224358974,0.0
0,1,622,857226345796,13.41562665571164,5.011743957657708e-41
0,0,623,857965864960,13.42720016025641,0.0
0,1,623,858358332576,13.433342294170673,4.940277735977143e-41
0,0,624,859096564736,13.444895657051282,0.0
0,1,624,859490631137,13.451062812014849,4.958494616013365e-41
0,0,625,859891367424,13.457334350961538,0.0
0,1,625,860628441949,13.468869596808018,4.928787088569679e-41
0,0,626,861027445760,13.475114022435898,0.0
0,1,626,862110651512,13.492066235852365,5.255569890450226e-41
0,0,627,862510885888,13.498329919871795,0.0
0,1,627,863248718307,13.50987702678974,5.018470190286467e-41
0,0,628,863647324160,13.516115224358975,0.0
0,1,628,864386917723,13.527689893251077,4.872034500764524e-41
0,0,629,864783767040,13.53390060096154,0.0
0,1,629,865524659929,13.545495604357598,5.033043694315445e-41
0,0,630,865925977088,13.55177623397436,0.0
0,1,630,866323764398,13.558001621312851,5.120624848335747e-41
0,0,631,867062767616,13.569567051282052,0.0
0,1,631,867456339968,13.575726474358975,4.992966558235756e-41
0,0,632,868193830400,13.587268229166668,0.0
0,1,632,868588644700,13.593447088779548,5.062751221759132e-41
0,0,633,868988607488,13.599706522435898,0.0
0,1,633,869726307007,13.611251549463518,4.970966172345856e-41
0,0,634,870124994048,13.617491017628206,0.0
0,1,634,870864304184,13.629061250876402,5.003896686257489e-41
0,0,635,871602978304,13.640621530448719,0.0
0,1,635,872341478196,13.652179083345853,5.092458749202818e-41
0,0,636,873080566784,13.663745849358975,0.0
0,1,636,873474440340,13.669909986290564,4.925143712562435e-41
0,0,637,874216976896,13.681530713141026,0.0
0,1,637,874612688894,13.687723621763572,5.080968101795354e-41
0,0,638,875353243648,13.699313333333334,0.0
0,1,638,875750865780,13.705536135629508,5.05756641744113e-41
0,0,639,876148245504,13.71175514423077,0.0
0,1,639,876889055968,13.723348857672276,4.913232675615674e-41
0,0,640,877290156032,13.72962608974359,0.0
0,1,640,878027201626,13.741160882818761,5.084611477802599e-41
0,0,641,878426630656,13.747411963141026,0.0
0,1,641,878821187605,13.753586795200446,5.073120830395135e-41
0,0,642,879562514432,13.76518858974359,0.0
0,1,642,879959380374,13.771399557635968,4.969004354495801e-41
0,0,643,880357038592,13.777622924679488,0.0
0,1,643,881441866932,13.79460053166316,5.095121216285035e-41
0,0,644,882181805568,13.80618060096154,0.0
0,1,644,882574723591,13.812329783763397,4.930889036266166e-41
0,0,645,883312346112,13.823873605769231,0.0
0,1,645,883707464030,13.830057217015977,4.913232675615674e-41
0,0,646,884106948096,13.836309158653847,0.0
0,1,646,884845413068,13.847866165051583,5.121185367721476e-41
0,0,647,885243243008,13.854092219551282,0.0
0,1,647,885983640634,13.865679472061549,4.954851240006121e-41
0,0,648,886379431936,13.871873621794872,0.0
0,1,648,886777464310,13.878102844394782,5.021553046907982e-41
0,0,649,887515730944,13.889656746794872,0.0
0,1,649,887910196554,13.895830149395282,5.039349537404907e-41
0,0,650,888310291968,13.902091658653847,0.0
0,1,650,889048405186,13.91364316008739,5.005998633953977e-41
0,0,651,889446133760,13.919867628205129,0.0
0,1,651,890186397739,13.931452789134491,5.066955117152106e-41
0,0,652,890582554624,13.937652660256411,0.0
0,1,652,891324333468,13.949261528883714,5.044534341722909e-41
0,0,653,892065971200,13.960868189102564,0.0
0,1,653,892462396689,13.967072263887847,4.957934096627635e-41
0,0,654,893201639936,13.978641450320513,0.0
0,1,654,893595073629,13.984798703378532,5.038228498633447e-41
0,0,655,894337601536,13.996419294871796,0.0
0,1,655,894732871134,14.002605279916617,5.020011618597225e-41
0,0,656,895132235264,14.008855344551282,0.0
0,1,656,895870551874,14.020410029077775,4.859983333971331e-41
0,0,657,896268505088,14.026638012820513,0.0
0,1,657,897008354484,14.038216685509315,5.07844576455957e-41
0,0,658,897404717568,14.044419783653847,0.0
0,1,658,897802070128,14.05063836713742,5.011183438271978e-41
0,0,659,898540626432,14.062196802884616,0.0
0,1,659,898934599107,14.068362491032527,5.014826814279223e-41
0,0,660,899335065088,14.074629799679487,0.0
0,1,660,900072823604,14.08617575001252,4.938175788280655e-41
0,0,661,900470827008,14.092404519230769,0.0
0,1,661,901210910370,14.103986853496846,5.065834078380646e-41
0,0,662,901948853760,14.115535697115385,0.0
0,1,662,902687971235,14.127102915211214,5.005438114568247e-41
0,0,663,903085045760,14.133317147435898,0.0
0,1,663,903825882902,14.144911278389174,5.071579402084378e-41
0,0,664,904226789376,14.15118548076923,0.0
0,1,664,904619504867,14.157331493937175,5.196154835562854e-41
0,0,665,905357868544,14.168886915064103,0.0
0,1,665,905752032805,14.17505560154059,4.946583579066604e-41
0,0,666,906493738496,14.186663325320513,0.0
0,1,666,906889770904,14.192861248372397,5.102828357838821e-41
0,0,667,907288537600,14.199101963141025,0.0
0,1,667,908028077331,14.210675789560172,4.981475910828292e-41
0,0,668,908425036800,14.216888221153846,0.0
0,1,668,909166019711,14.228484633397812,5.000253310250245e-41
0,0,669,909566973952,14.234759583333334,0.0
0,1,669,909959787062,14.240907124242538,5.048738237115883e-41
0,0,670,910697609728,14.252454078525641,0.0
0,1,670,911092455316,14.258633427796976,4.952328902770336e-41
0,0,671,912180847104,14.275666802884615,0.0
0,1,671,912574922412,14.28183409724309,5.03668707032269e-41
0,0,672,912975618560,14.28810500801282,0.0
0,1,672,913713102365,14.299646659107697,5.083630568877571e-41
0,0,673,914111823872,14.305886666666668,0.0
0,1,673,914851184533,14.31745769063314,5.034585122626203e-41
0,0,674,915247780864,14.323664439102565,0.0
0,1,674,915645220187,14.329884380430565,5.053923041433885e-41
0,0,675,916383885824,14.34144452724359,0.0
0,1,675,916778156708,14.3476148823743,5.050279665426641e-41
0,0,676,917525527040,14.359311258012822,0.0
0,1,676,917921915966,14.365514760585688,5.041451485101394e-41
0,0,677,918320376832,14.371750689102564,0.0
0,1,677,919060061100,14.38332677753155,5.148230428082945e-41
0,0,678,919456972800,14.389538461538462,0.0
0,1,678,920198440217,14.401142456320738,5.120064328950017e-41
0,0,679,920598703104,14.407406586538462,0.0
0,1,679,921336585363,14.418954473454402,5.059668365137617e-41
0,0,680,922076594176,14.430535641025642,0.0
0,1,680,922469353942,14.43668234709911,5.227403791317298e-41
0,0,681,923207498240,14.448234334935897,0.0
0,1,681,923602310453,14.454413161887144,5.073120830395135e-41
0,0,682,924002333696,14.460673541666667,0.0
0,1,682,924740159135,14.472220539347331,5.075783297477352e-41
0,0,683,925138522112,14.478454935897437,0.0
0,1,683,925877583381,14.490021274367113,4.956392668316878e-41
0,0,684,926274582016,14.496234318910258,0.0
0,1,684,926671064020,14.502439278157553,5.096102125210062e-41
0,0,685,927410551296,14.514012283653846,0.0
0,1,685,927803388696,14.520160204702524,4.989743571767809e-41
0,0,686,928541395456,14.531710040064103,0.0
0,1,686,928935579755,14.537879040136094,5.042992913412152e-41
0,0,687,929336427520,14.544152323717949,0.0
0,1,687,930073280987,14.555684109997872,5.048738237115883e-41
0,0,688,930472944128,14.561938854166668,0.0
0,1,688,931210945875,14.573488611074595,4.985679806221267e-41
0,0,689,931951690240,14.585081290064103,0.0
0,1,689,932693062254,14.596683791785608,5.073681349780865e-41
0,0,690,933093517312,14.60295092948718,0.0
0,1,690,933486640166,14.609103317902393,4.97573058712456e-41
0,0,691,934223924224,14.620641842948718,0.0
0,1,691,934619072885,14.626825935324645,4.992966558235756e-41
0,0,692,935360505344,14.638429383012822,0.0
0,1,692,935756826858,14.644631830585187,4.929908127341139e-41
0,0,693,936154847744,14.650860873397436,0.0
0,1,693,936894285403,14.662433102385693,5.104930305535309e-41
0,0,694,937290789888,14.668638413461538,0.0
0,1,694,938032192458,14.680241393385668,5.099745501217307e-41
0,0,695,938432382464,14.68650438301282,0.0
0,1,695,938825947024,14.692663684144632,5.005438114568247e-41
0,0,696,939568290816,14.704281394230769,0.0
0,1,696,939963582197,14.710467720180414,5.067515636537836e-41
0,0,697,940704440320,14.72206217948718,0.0
0,1,697,941101426787,14.728275033600637,4.966341887413584e-41
0,0,698,941840819712,14.7398465625,0.0
0,1,698,942577890658,14.751381752334986,5.104509915996011e-41
0,0,699,942976694272,14.757623044871796,0.0
0,1,699,943715607776,14.769187070813302,4.970966172345856e-41
0,0,700,944112820736,14.775403469551282,0.0
0,1,700,944509072019,14.781604818005684,5.15131328470446e-41
0,0,701,945249168896,14.793187363782051,0.0
0,1,701,945646759933,14.79940967944023,4.948685526763091e-41
0,0,702,946385463808,14.810970424679487,0.0
0,1,702,946778993495,14.817129180047452,4.972647730503046e-41
0,0,703,947180024320,14.823405328525642,0.0
0,1,703,947916697280,14.834934289863783,4.969424744035099e-41
0,0,704,948315938304,14.841182427884617,0.0
0,1,704,949054224429,14.852736635319637,4.96325903079207e-41
0,0,705,949452005376,14.858961923076924,0.0
0,1,705,949847714787,14.865154791212817,4.905385404215455e-41
0,0,706,950588282880,14.876744711538462,0.0
0,1,706,951329743118,14.8883485939691,5.13211549574321e-41
0,0,707,952418877952,14.90539359775641,0.0
0,1,707,953155737051,14.91692547217736,5.013705775507763e-41
0,0,708,953554821120,14.923171153846154,0.0
0,1,708,953949230996,14.929343684207232,4.99548889547154e-41
0,0,709,954690555904,14.94094544871795,0.0
0,1,709,955086774021,14.947146278123123,5.012724866582736e-41
0,0,710,955826545152,14.958723725961539,0.0
0,1,710,956224330861,14.964949088244316,5.025756942300956e-41
0,0,711,956620858880,14.971154767628205,0.0
0,1,711,957361912796,14.982752291103266,4.936634359969898e-41
0,0,712,957762090496,14.989015088141025,0.0
0,1,712,958499305804,15.000552537247096,5.020572137982955e-41
0,0,713,958897989120,15.006791947115385,0.0
0,1,713,959292675844,15.012968810158755,5.061209793448374e-41
0,0,714,960033859584,15.024568365384615,0.0
0,1,714,960430231151,15.030771596288437,5.079426673484597e-41
0,0,715,961170023424,15.042349375,0.0
0,1,715,961917164461,15.054042162162586,5.112217057549798e-41
0,0,716,962659051520,15.065652724358975,0.0
0,1,716,963054609179,15.071843217569988,5.116981472328502e-41
0,0,717,963795186176,15.083433277243591,0.0
0,1,717,964192237204,15.089647141739283,4.98245681975332e-41
0,0,718,964589494784,15.095864238782053,0.0
0,1,718,965329688565,15.107448301109901,5.091898229817088e-41
0,0,719,965725486080,15.113642548076923,0.0
0,1,719,966467191646,15.125250269900592,5.005998633953977e-41
0,0,720,966867111936,15.13150903846154,0.0
0,1,720,967260744479,15.137669403530024,5.068496545462863e-41
0,0,721,968003445248,15.149292700320514,0.0
0,1,721,968398002831,15.155467542302059,5.009642009961221e-41
0,0,722,969139755008,15.167075993589744,0.0
0,1,722,969535546362,15.17327014413687,5.014266294893493e-41
0,0,723,969934188032,15.17950890224359,0.0
0,1,723,970673254754,15.191075326052935,5.01692876197571e-41
0,0,724,971069923840,15.197283213141025,0.0
0,1,724,972154899586,15.214263127034506,4.961157083095582e-41
0,0,725,972552521216,15.22048592147436,0.0
0,1,725,973292163559,15.232061353775416,5.034164733086905e-41
0,0,726,973688522752,15.238264391025641,0.0
0,1,726,974429579614,15.24986196060572,4.966902406799314e-41
0,0,727,974830000640,15.25612856570513,0.0
0,1,727,975222844695,15.262276590904824,4.975170067738831e-41
0,0,728,975960592896,15.273822379807692,0.0
0,1,728,976354704481,15.27999024190267,5.07676420640238e-41
0,0,729,977096658432,15.29160185096154,0.0
0,1,729,977492633035,15.297798869362856,5.163924970883383e-41
0,0,730,977891449856,15.304040368589744,0.0
0,1,730,978630370622,15.315604508181842,5.004877595182517e-41
0,0,731,979028070912,15.321828533653846,0.0
0,1,731,979423883512,15.328023016701723,5.109134200928283e-41
0,0,732,980164157440,15.339608333333334,0.0
0,1,732,980561841765,15.345832108952449,5.115440044017745e-41
0,0,733,981299884544,15.35738250801282,0.0
0,1,733,982038246241,15.36893789815267,4.977832534821048e-41
0,0,734,982435698688,15.375158044871796,0.0
0,1,734,983175921374,15.386742559564054,5.087273944884816e-41
0,0,735,983571707392,15.392936626602564,0.0
0,1,735,983969378966,15.39916020266802,5.040330446329935e-41
0,0,736,984707673600,15.410714543269231,0.0
0,1,736,985101815260,15.416882876039162,5.134217443439697e-41
0,0,737,985843580928,15.42849153846154,0.0
0,1,737,986239998804,15.434695494103066,5.034585122626203e-41
0,0,738,986638490624,15.440931907051283,0.0
0,1,738,987378200768,15.452508400440706,5.025756942300956e-41
0,0,739,987774592512,15.458711947115384,0.0
0,1,739,988516523571,15.470323197913537,5.108573681542553e-41
0,0,740,988916009984,15.476575176282052,0.0
0,1,740,989310221285,15.482744598936424,4.970966172345856e-41
0,0,741,990051887616,15.49435170673077,0.0
0,1,741,990447965018,15.500550333940556,5.030381227233228e-41
0,0,742,991187572736,15.512125224358975,0.0
0,1,742,991924446298,15.523657325126452,5.095121216285035e-41
0,0,743,992323351040,15.529900200320514,0.0
0,1,743,993062374863,15.54146595275879,5.017349151515008e-41
0,0,744,993459652608,15.547683365384616,0.0
0,1,744,994200145206,15.559272104210487,5.169109775201385e-41
0,0,745,994595904512,15.565465753205128,0.0
0,1,745,994993447667,15.571687319508088,5.164345360422681e-41
0,0,746,995732128256,15.583247700320513,0.0
0,1,746,996125721664,15.58940745292468,5.099184981831577e-41
0,0,747,996526455808,15.595678958333334,0.0
0,1,747,997263229354,15.607209493846405,5.060649274062644e-41
0,0,748,997662373376,15.613456113782052,0.0
0,1,748,998401250583,15.625019571674054,5.020011618597225e-41
0,0,749,998798573056,15.631237684294872,0.0
0,1,749,999194686166,15.63743687033629,4.954290720620391e-41
0,0,750,999934717952,15.649018397435897,0.0
0,1,750,1000332338756,15.655241178948819,4.986660715146294e-41
0,0,751,1001070451200,15.666792668269231,0.0
0,1,751,1001808611648,15.678344908854168,5.003896686257489e-41
0,0,752,1002547651072,15.689910905448718,0.0
0,1,752,1002940732562,15.696062646515676,5.150892895165163e-41
0,0,753,1003336495616,15.702256354166668,0.0
0,1,753,1004078561792,15.713869719551283,5.041451485101394e-41
0,0,754,1004477534720,15.720113661858974,0.0
0,1,754,1005216213357,15.731674012122522,4.954851240006121e-41
0,0,755,1005613308416,15.737888565705129,0.0
0,1,755,1006009551661,15.744089788364509,5.027858889997444e-41
0,0,756,1006749271040,15.755666426282051,0.0
0,1,756,1007141866615,15.761810562759791,5.170090684126413e-41
0,0,757,1007538093568,15.76801153044872,0.0
0,1,757,1008279613412,15.779616345715645,5.103949396610281e-41
0,0,758,1008679355904,15.78587233173077,0.0
0,1,758,1009417406806,15.797422857916416,5.003896686257489e-41
0,0,759,1009815261696,15.803649302884615,0.0
0,1,759,1010211085083,15.809843954749475,5.062751221759132e-41
0,0,760,1010951384064,15.821429663461538,0.0
0,1,760,1011693204534,15.83303918353741,5.196715354948584e-41
0,0,761,1012435177472,15.844651089743591,0.0
0,1,761,1012831178147,15.850848516172752,5.087273944884816e-41
0,0,762,1013571564544,15.862435592948719,0.0
0,1,762,1013969177372,15.868658249636919,4.998151362553758e-41
0,0,763,1014366128640,15.874870552884616,0.0
0,1,763,1015107065985,15.886466252018856,5.153415232400947e-41
0,0,764,1015507770880,15.892737299679487,0.0
0,1,764,1016244908528,15.904273533403446,5.1117966680105e-41
0,0,765,1016644021760,15.91051967147436,0.0
0,1,765,1017038512051,15.91669346033341,5.009081490575491e-41
0,0,766,1017780320256,15.928302788461538,0.0
0,1,766,1018160446148,15.934251773900742,4.986660715146294e-41
0,0,767,1018900302848,15.945830560897436,0.0
0,1,767,1019298211895,15.952057853424856,5.054483560819615e-41
0,0,768,1020036696064,15.963615160256412,0.0
0,1,768,1020430224765,15.969773900193434,4.884506057097015e-41
0,0,769,1021167421952,15.981311065705128,0.0
0,1,769,1021906638975,15.992879841731146,5.025196422915226e-41
0,0,770,1022303465472,15.999090192307692,0.0
0,1,770,1023044076515,16.01068078480256,5.07788524517384e-41
0,0,771,1023439753216,16.01687314102564,0.0
0,1,771,1024186805623,16.028564541125174,4.978393054206778e-41
0,0,772,1024587041792,16.034828253205127,0.0
0,1,772,1025324228321,16.046365251918694,4.96213799202061e-41
0,0,773,1025723314176,16.052610961538463,0.0
0,1,773,1026117837465,16.058785266817534,5.003336166871759e-41
0,0,774,1026859612672,16.07039407852564,0.0
0,1,774,1027255433743,16.07658869414501,5.083070049491841e-41
0,0,775,1027654245888,16.08283012019231,0.0
0,1,775,1028393323895,16.094396720612355,5.189428602934095e-41
0,0,776,1028790088704,16.10060610576923,0.0
0,1,776,1029531246316,16.112205252090845,5.024215513990199e-41
0,0,777,1029931866112,16.118474967948718,0.0
0,1,777,1030669062746,16.13001212480594,5.041451485101394e-41
0,0,778,1031410040320,16.14160845352564,0.0
0,1,778,1032150792055,16.153201247855947,5.113338096321257e-41
0,0,779,1032893616640,16.164826482371794,0.0
0,1,779,1033288622826,16.171008345008264,5.061209793448374e-41
0,0,780,1034030294016,16.182615528846153,0.0
0,1,780,1034426291802,16.18881291006235,4.978393054206778e-41
0,0,781,1034825384960,16.19505873397436,0.0
0,1,781,1035564151237,16.206620455807418,5.025756942300956e-41
0,0,782,1035962167808,16.212849431089744,0.0
0,1,782,1036702200117,16.224430966374324,5.063311741144862e-41
0,0,783,1037098413056,16.23063171474359,0.0
0,1,783,1037495789301,16.236850668898363,4.935092931659141e-41
0,0,784,1038234860544,16.24841716346154,0.0
0,1,784,1038628041796,16.25457046580779,5.128892509275263e-41
0,0,785,1039024382464,16.260773213141025,0.0
0,1,785,1039766128556,16.272381569198217,5.079426673484597e-41
0,0,786,1040166459392,16.278646762820514,0.0
0,1,786,1040904064282,16.290190308900492,5.029960837693931e-41
0,0,787,1041644236800,16.301774038461538,0.0
0,1,787,1042386287683,16.313387164510093,5.114319005246285e-41
0,0,788,1042786236416,16.319646378205128,0.0
0,1,788,1043524311467,16.331197282323593,5.055464469744643e-41
0,0,789,1043922391552,16.337427251602566,0.0
0,1,789,1044318023019,16.343618899911736,5.049158626655181e-41
0,0,790,1045058734080,16.35521105769231,0.0
0,1,790,1045455687385,16.361423392819137,5.088254853809843e-41
0,0,791,1046194897920,16.372992067307692,0.0
0,1,791,1046588096546,16.37914564155774,4.945462540295144e-41
0,0,792,1046983597568,16.385335248397435,0.0
0,1,792,1047720550773,16.396868595581054,4.884506057097015e-41
0,0,793,1048119871488,16.40311798076923,0.0
0,1,793,1048858363626,16.414675412315955,5.000673699789542e-41
0,0,794,1049256068096,16.420899503205128,0.0
0,1,794,1049652047517,16.42709659700834,5.100866539988767e-41
0,0,795,1050391830016,16.43867422275641,0.0
0,1,795,1050789643794,16.444900024320162,5.167007827504898e-41
0,0,796,1051874991616,16.46188576121795,0.0
0,1,796,1052271612715,16.468092897307567,4.964800459102827e-41
0,0,797,1053011494400,16.479672075320515,0.0
0,1,797,1053409310364,16.485897911095254,5.174294579519387e-41
0,0,798,1054147362304,16.497448453525642,0.0
0,1,798,1054541442028,16.503615816994692,5.040330446329935e-41
0,0,799,1055283019776,16.51522153846154,0.0
0,1,799,1055679080795,16.52141990927672,5.214932234984807e-41
0,0,800,1056077661184,16.527657708333333,0.0
0,1,800,1056816710340,16.539223857234074,4.992966558235756e-41
0,0,801,1057213879296,16.545439567307692,0.0
0,1,801,1057610179203,16.55164167672964,5.046075770033666e-41
0,0,802,1058350339072,16.563225208333336,0.0
0,1,802,1058748035044,16.569449166228466,5.115860433557042e-41
0,0,803,1059486614016,16.58100795673077,0.0
0,1,803,1059880383285,16.587170461566632,4.972087211117316e-41
0,0,804,1060281095680,16.593441626602566,0.0
0,1,804,1061018327724,16.604979337627704,5.068496545462863e-41
0,0,805,1061758632960,16.61656514423077,0.0
0,1,805,1062156120093,16.622785833787184,5.065413688841349e-41
0,0,806,1062894171648,16.634336370192308,0.0
0,1,806,1063288531804,16.640508122433395,4.983998248064077e-41
0,0,807,1064029762560,16.65210841346154,0.0
0,1,807,1064426663123,16.658319923173952,5.096102125210062e-41
0,0,808,1064824190976,16.66454125,0.0
0,1,808,1065564779586,16.676131491417518,5.101286929528064e-41
0,0,809,1065965585408,16.682404118589744,0.0
0,1,809,1066703012790,16.69394488666241,5.121185367721476e-41
0,0,810,1067101454336,16.700180512820513,0.0
0,1,810,1067496821611,16.706368026514298,5.134637832978995e-41
0,0,811,1068237397504,16.717958068910256,0.0
0,1,811,1068634949337,16.724179771024264,5.114319005246285e-41
0,0,812,1069372991488,16.73573016025641,0.0
0,1,812,1069767693867,16.74190726830116,5.025196422915226e-41
0,0,813,1070167126528,16.74815840544872,0.0
0,1,813,1070905685920,16.759716889523236,5.004457205643219e-41
0,0,814,1071644390400,16.77127764423077,0.0
0,1,814,1072383008418,16.782837045804538,5.102407968299524e-41
0,0,815,1072780475904,16.789057427884615,0.0
0,1,815,1073177000543,16.795263054371368,5.144587052075701e-41
0,0,816,1073916917760,16.806842788461537,0.0
0,1,816,1074310043576,16.81299522323217,5.230626777785245e-41
0,0,817,1075047622656,16.824538365384615,0.0
0,1,817,1075443072267,16.8307271676401,5.074241869166595e-41
0,0,818,1075842229248,16.836973990384617,0.0
0,1,818,1076581460599,16.848542990644408,5.074241869166595e-41
0,0,819,1076978373632,16.85475469551282,0.0
0,1,819,1077719807970,16.866358172607423,5.142485104379214e-41
0,0,820,1078120076800,16.872622395833332,0.0
0,1,820,1078513524638,16.87877987026117,5.085171997188329e-41
0,0,821,1079256183296,16.89040250801282,0.0
0,1,821,1079651422997,16.896588025168395,5.196715354948584e-41
0,0,822,1080392357888,16.908183685897438,0.0
0,1,822,1080789422722,16.914397766457583,4.972087211117316e-41
0,0,823,1081528101376,16.92595811698718,0.0
0,1,823,1082266057597,16.937507161411382,4.986100195760564e-41
0,0,824,1083005838336,16.949084759615385,0.0
0,1,824,1083398436057,16.95522892967811,5.079987192870327e-41
0,0,825,1084136563712,16.96678065705128,0.0
0,1,825,1084530790937,16.97295032891689,5.094000177513575e-41
0,0,826,1084931392512,16.979219759615386,0.0
0,1,826,1085668617613,16.990757361982297,5.025756942300956e-41
0,0,827,1086067629056,16.99700190705128,0.0
0,1,827,1086806348026,17.008562888527894,5.159721075490409e-41
0,0,828,1087204077568,17.01478737179487,0.0
0,1,828,1087599653034,17.020978143686147,4.976711496049588e-41
0,0,829,1088340779520,17.032576802884616,0.0
0,1,829,1088737576472,17.03878669108073,4.952328902770336e-41
0,0,830,1089477196288,17.050361770833334,0.0
0,1,830,1089870348652,17.05651462108123,4.886047485407772e-41
0,0,831,1090266339840,17.06271189903846,0.0
0,1,831,1091008360670,17.07432455475636,4.978813443746075e-41
0,0,832,1091407859712,17.08057673076923,0.0
0,1,832,1092490758134,17.097524134458883,5.138281208986239e-41
0,0,833,1092891169280,17.103790584935897,0.0
0,1,833,1093284683702,17.109949101406,4.978813443746075e-41
0,0,834,1094022342144,17.121493485576924,0.0
0,1,834,1094417309963,17.127674747768303,5.034164733086905e-41
0,0,835,1094817294848,17.13393452724359,0.0
0,1,835,1095555325046,17.145484729410807,5.207645482970318e-41
0,0,836,1095954146816,17.151726306089746,0.0
0,1,836,1096693459937,17.16329658605331,5.013705775507763e-41
0,0,837,1097090805760,17.169515064102566,0.0
0,1,837,1097487136675,17.175717658800956,5.085171997188329e-41
0,0,838,1098227234816,17.187300224358975,0.0
0,1,838,1098625221911,17.19352873834072,5.045094861108639e-41
0,0,839,1099363507712,17.20508294070513,0.0
0,1,839,1099758161506,17.21125928839268,4.970545782806559e-41
0,0,840,1100500106240,17.22287075320513,0.0
0,1,840,1101240520580,17.234458267290165,5.079426673484597e-41
0,0,841,1101636683264,17.240658229166666,0.0
0,1,841,1102378124022,17.252261806734527,5.145147571461431e-41
0,0,842,1102778703360,17.258530889423078,0.0
0,1,842,1103515996251,17.270069552706204,4.94237968367363e-41
0,0,843,1103915052032,17.276314791666668,0.0
0,1,843,1104653828042,17.287876665821564,5.043973822337179e-41
0,0,844,1105051365888,17.29409814903846,0.0
0,1,844,1105447443854,17.30029678507487,5.023094475218739e-41
0,0,845,1106187173376,17.31187358173077,0.0
0,1,845,1106585153778,17.3181019909668,5.01692876197571e-41
0,0,846,1107323316224,17.32965426282051,0.0
0,1,846,1107717660234,17.335825762376054,5.07115901254508e-41
0,0,847,1108118194176,17.342094134615387,0.0
0,1,847,1108855497141,17.353632955557018,4.935092931659141e-41
0,0,848,1109254940672,17.359884262820515,0.0
0,1,848,1109993041695,17.37143557340182,4.845970349328082e-41
0,0,849,1110391494656,17.37767137820513,0.0
0,1,849,1111130391696,17.389235146484374,5.061770312834104e-41
0,0,850,1112216764928,17.406236931089744,0.0
0,1,850,1112612056993,17.412423267744018,5.150332375779433e-41
0,0,851,1113353284096,17.424023501602566,0.0
0,1,851,1113749693711,17.43022732795911,4.965781368027854e-41
0,0,852,1114489636864,17.441807467948717,0.0
0,1,852,1114887304321,17.44803097958296,5.132535885282507e-41
0,0,853,1115284405248,17.454245625000002,0.0
0,1,853,1116024902629,17.465834438680012,5.067936026077133e-41
0,0,854,1116420955648,17.472032684294874,0.0
0,1,854,1117162477908,17.483637537372296,4.92206085594092e-41
0,0,855,1117562712576,17.48990122596154,0.0
0,1,855,1117955738897,17.496052103631435,4.869932553068037e-41
0,0,856,1118693760000,17.507602163461538,0.0
0,1,856,1119088057435,17.51377293411646,5.047056678958694e-41
0,0,857,1119830311936,17.525389246794873,0.0
0,1,857,1120225819081,17.53157894945976,5.119083420024989e-41
0,0,858,1120966647296,17.54317294070513,0.0
0,1,858,1121707501277,17.554767335189428,4.972087211117316e-41
0,0,859,1122103058432,17.560957820512822,0.0
0,1,859,1122845070410,17.572570337696565,5.119503809564287e-41
0,0,860,1123244722688,17.578824911858973,0.0
0,1,860,1123982661048,17.590373676757814,4.980354872056832e-41
0,0,861,1124722608640,17.60195388621795,0.0
0,1,861,1125120150307,17.60817542923365,5.253047553214442e-41
0,0,862,1125517731840,17.614397596153847,0.0
0,1,862,1126258014363,17.625983047297552,5.021553046907982e-41
0,0,863,1126654284800,17.63218469551282,0.0
0,1,863,1127395686915,17.643787668316183,5.091898229817088e-41
0,0,864,1127796297216,17.650057235576924,0.0
0,1,864,1128189217725,17.65620645728478,5.086152906113356e-41
0,0,865,1128927074304,17.667753942307694,0.0
0,1,865,1129321311503,17.673923770266804,4.97629110651029e-41
0,0,866,1130063319040,17.68553621794872,0.0
0,1,866,1130459130484,17.69173068290515,5.050279665426641e-41
0,0,867,1131199765504,17.703321650641026,0.0
0,1,867,1131941205909,17.71492522268442,4.914213584540701e-41
0,0,868,1132683256832,17.726538349358975,0.0
0,1,868,1133078767359,17.7327281049523,5.094000177513575e-41
0,0,869,1133819488256,17.744320416666667,0.0
0,1,869,1134216573538,17.750534817238833,4.938175788280655e-41
0,0,870,1134955498496,17.762099022435898,0.0
0,1,870,1135348948917,17.768256537287787,5.182702370305336e-41
0,0,871,1135744627712,17.77444892628205,0.0
0,1,871,1136486813472,17.786064163161058,5.05644537866967e-41
0,0,872,1136886507520,17.792319391025643,0.0
0,1,872,1137280557277,17.79848628550994,4.929347607955409e-41
0,0,873,1138022501376,17.810097740384617,0.0
0,1,873,1138418477135,17.816294776877378,5.078866154098867e-41
0,0,874,1139158238720,17.827872075320514,0.0
0,1,874,1139551277980,17.83402315548628,5.022113566293712e-41
0,0,875,1139947375616,17.840222099358975,0.0
0,1,875,1141033952447,17.85722707029685,5.055464469744643e-41
0,0,876,1141430484992,17.86343282051282,0.0
0,1,876,1142171980334,17.875037252322468,5.05812693682686e-41
0,0,877,1142572232192,17.8813012099359,0.0
0,1,877,1143310255513,17.89285130447779,5.281634041886668e-41
0,0,878,1143708479488,17.899083525641025,0.0
0,1,878,1144103955291,17.90527273780236,5.000253310250245e-41
0,0,879,1144844736000,17.916865985576923,0.0
0,1,879,1145242590929,17.923092431155474,5.021553046907982e-41
0,0,880,1145980849152,17.934646201923076,0.0
0,1,880,1146375830546,17.940827676563753,4.990864610539268e-41
0,0,881,1146775264768,17.947078838141024,0.0
0,1,881,1147514235786,17.958643764178937,5.009642009961221e-41
0,0,882,1147911273472,17.964857419871795,0.0
0,1,882,1148652710135,17.97646093335274,5.147669908697216e-41
0,0,883,1149052576768,17.98271886217949,0.0
0,1,883,1149446753974,17.988887751245745,5.136179261289752e-41
0,0,884,1150188808192,18.00050092948718,0.0
0,1,884,1150929896409,18.012098989774266,5.028839798922471e-41
0,0,885,1151329624064,18.018354743589743,0.0
0,1,885,1152412675319,18.03530453912197,5.166447308119168e-41
0,0,886,1152812544512,18.04156250801282,0.0
0,1,886,1153550642275,18.053113767574995,4.969004354495801e-41
0,0,887,1153948628992,18.059342275641026,0.0
0,1,887,1154344639012,18.065539848319812,5.1117966680105e-41
0,0,888,1155084260352,18.07711495192308,0.0
0,1,888,1155477247351,18.0832652142021,4.956392668316878e-41
0,0,889,1156214188544,18.094798373397435,0.0
0,1,889,1156609697982,18.100988111947867,5.050279665426641e-41
0,0,890,1157008527872,18.10722981570513,0.0
0,1,890,1157747640875,18.118796963813978,5.001234219175272e-41
0,0,891,1158144322048,18.125005040064103,0.0
0,1,891,1158885683092,18.136607370104667,5.194052887866367e-41
0,0,892,1159285581312,18.14286579326923,0.0
0,1,892,1159679439699,18.149029692805364,4.948685526763091e-41
0,0,893,1160421305344,18.160639919871794,0.0
0,1,893,1160817700540,18.166843520570414,5.035706161397663e-41
0,0,894,1161556964864,18.178413036858974,0.0
0,1,894,1162295092160,18.189964758613783,5.168549255815655e-41
0,0,895,1162692750848,18.19618813301282,0.0
0,1,895,1163433568054,18.207781951966897,5.026317461686686e-41
0,0,896,1163834592768,18.214058004807693,0.0
0,1,896,1164572181151,18.225601292552458,5.119503809564287e-41
0,0,897,1164970641920,18.231837219551284,0.0
0,1,897,1165366245978,18.238028438908504,5.038789018019177e-41
0,0,898,1166107004416,18.249621338141026,0.0
0,1,898,1166504922580,18.25584877334986,5.053923041433885e-41
0,0,899,1167243409408,18.267406121794874,0.0
0,1,899,1167637963038,18.27358090191181,4.936634359969898e-41
0,0,900,1168038116352,18.279843317307694,0.0
0,1,900,1168776714400,18.291402406350162,4.865168138289332e-41
0,0,901,1169174022656,18.29762029647436,0.0
0,1,901,1169915065353,18.30921764437162,4.936073840584168e-41
0,0,902,1170316029952,18.315492756410258,0.0
0,1,902,1170709150654,18.321645111146584,4.987641624071321e-41
0,0,903,1171793591296,18.338616650641026,0.0
0,1,903,1172186756289,18.34476969853328,5.095541605824332e-41
0,0,904,1172923936256,18.35630659455128,0.0
0,1,904,1173664525267,18.367896842244466,4.983577858524779e-41
0,0,905,1174065268224,18.374168485576924,0.0
0,1,905,1174458997647,18.38033036682129,4.882964628786258e-41
0,0,906,1175200994816,18.39194265224359,0.0
0,1,906,1175598140670,18.398158000769982,5.07115901254508e-41
0,0,907,1175995261952,18.40437296474359,0.0
0,1,907,1176737015405,18.415981436000727,5.053923041433885e-41
0,0,908,1177137234944,18.422244887820515,0.0
0,1,908,1177875493857,18.433798669386643,5.046636289419396e-41
0,0,909,1178272960512,18.44001903846154,0.0
0,1,909,1178669372830,18.44622290712014,4.991425129924998e-41
0,0,910,1179409009664,18.45779825320513,0.0
0,1,910,1179802045675,18.463949282523913,4.967883315724341e-41
0,0,911,1180539055104,18.475483509615387,0.0
0,1,911,1180934641719,18.48167445598896,5.024215513990199e-41
0,0,912,1181674654720,18.493255689102565,0.0
0,1,912,1182072608673,18.499483684410684,4.909028780222699e-41
0,0,913,1182810379264,18.511029823717948,0.0
0,1,913,1183205159671,18.517208152904022,4.994507986546513e-41
0,0,914,1183945992192,18.528802211538462,0.0
0,1,914,1184343328860,18.5350205463116,4.931449555651896e-41
0,0,915,1184740085248,18.54122979967949,0.0
0,1,915,1185481621971,18.55283487910344,5.084191088263301e-41
0,0,916,1185881453568,18.559092259615387,0.0
0,1,916,1186619812158,18.57064760113056,5.060649274062644e-41
0,0,917,1187017176064,18.576866362179487,0.0
0,1,917,1187413779200,18.583073217147437,5.061209793448374e-41
0,0,918,1188153302528,18.594646786858974,0.0
0,1,918,1188546841176,18.600805682466948,4.924583193176705e-41
0,0,919,1188947762176,18.60708011217949,0.0
0,1,919,1189685141439,18.618620127187874,4.930889036266166e-41
0,0,920,1190083529216,18.624854911858975,0.0
0,1,920,1190823459628,18.636434852451423,5.07788524517384e-41
0,0,921,1191560724992,18.6479730849359,0.0
0,1,921,1192300501035,18.65955060964731,5.002775647486029e-41
0,0,922,1193038299136,18.67109717948718,0.0
0,1,922,1193433378684,18.677280190241888,4.991845519464296e-41
0,0,923,1194174373376,18.688876786858973,0.0
0,1,923,1194571255020,18.695088000488283,5.09091732089206e-41
0,0,924,1195311061504,18.706666001602564,0.0
0,1,924,1195703760952,18.712811763696916,4.985119286835537e-41
0,0,925,1196100203520,18.71901610576923,0.0
0,1,925,1196841872800,18.730623259715546,5.010622918886248e-41
0,0,926,1197241269760,18.736873838141026,0.0
0,1,926,1197980143382,18.748437239927636,5.013285385968466e-41
0,0,927,1198377083392,18.75464936698718,0.0
0,1,927,1199118511742,18.766252750369343,5.085171997188329e-41
0,0,928,1199518627328,18.772514575320514,0.0
0,1,928,1199912572990,18.77867984071389,5.064853169455619e-41
0,0,929,1200654409728,18.790289615384616,0.0
0,1,929,1201395406170,18.801886239389273,5.1117966680105e-41
0,0,930,1202137686016,18.81350294871795,0.0
0,1,930,1202878121091,18.825090787306568,5.108153292003256e-41
0,0,931,1203278824448,18.831361810897437,0.0
0,1,931,1203671749176,18.837511098632813,4.953870331081093e-41
0,0,932,1204409097728,18.849050633012823,0.0
0,1,932,1204804179340,18.85523367606921,5.014826814279223e-41
0,0,933,1205203603456,18.86148467948718,0.0
0,1,933,1205942363382,18.873046301926834,5.042432394026422e-41
0,0,934,1206339651584,18.87926387820513,0.0
0,1,934,1207080303198,18.890855105637772,5.027298370611714e-41
0,0,935,1207480910336,18.897124623397435,0.0
0,1,935,1207873866266,18.903274399445362,5.162243412726194e-41
0,0,936,1208611702272,18.914821562500002,0.0
0,1,936,1209006297442,18.9209969927196,4.935653451044871e-41
0,0,937,1209747427840,18.932595713141026,0.0
0,1,937,1210144317655,18.938807054646812,5.017909670900737e-41
0,0,938,1210883346432,18.950372884615387,0.0
0,1,938,1211621110748,18.96191892571865,5.056024989130372e-41
0,0,939,1212019238400,18.96814963942308,0.0
0,1,939,1212758873406,18.97972495689979,4.967883315724341e-41
0,0,940,1213154981376,18.9859240625,0.0
0,1,940,1213552393463,18.99214357758351,4.911130727919186e-41
0,0,941,1214290441216,19.00369405448718,0.0
0,1,941,1214685124169,19.009870858514248,4.945042150755847e-41
0,0,942,1215431912960,19.02155813301282,0.0
0,1,942,1215828743134,19.027768541134567,4.866849696446522e-41
0,0,943,1216225976832,19.033985264423077,0.0
0,1,943,1216966677312,19.045577256610578,5.03780810909415e-41
0,0,944,1217367235072,19.051846001602566,0.0
0,1,944,1217760465665,19.058000076137446,5.170090684126413e-41
0,0,945,1218497596416,19.06953620192308,0.0
0,1,945,1218893315665,19.075729224024062,5.130574067432453e-41
0,0,946,1219633231360,19.08730893429487,0.0
0,1,946,1220026006939,19.093455887842424,5.084191088263301e-41
0,0,947,1220421764096,19.09964950320513,0.0
0,1,947,1221508104375,19.116650772094726,5.156077699483164e-41
0,0,948,1222244977152,19.128182860576924,0.0
0,1,948,1222985034675,19.139764790461616,5.089375892581303e-41
0,0,949,1223727505920,19.151384495192307,0.0
0,1,949,1224123085089,19.157575325035683,4.989743571767809e-41
0,0,950,1224862950912,19.169154254807694,0.0
0,1,950,1225260959887,19.175383111212316,4.894455276193721e-41
0,0,951,1225998694400,19.186928685897435,0.0
0,1,951,1226393578968,19.19310864520733,4.906926832526212e-41
0,0,952,1226792996352,19.19935954326923,0.0
0,1,952,1227531581252,19.21091842654497,4.98245681975332e-41
0,0,953,1227928696832,19.21713330128205,0.0
0,1,953,1228669393070,19.228725227082084,5.03668707032269e-41
0,0,954,1229069788672,19.234991434294873,0.0
0,1,954,1229463223406,19.241148703644583,4.905385404215455e-41
0,0,955,1230205332992,19.252762748397437,0.0
0,1,955,1230601382877,19.258960944965068,4.989323182228511e-41
0,0,956,1231341160448,19.270538493589743,0.0
0,1,956,1231734167340,19.27668906719501,5.017349151515008e-41
0,0,957,1232471217664,19.288223934294873,0.0
0,1,957,1232866839671,19.29441543455466,4.917856960547946e-41
0,0,958,1233606643712,19.3059933974359,0.0
0,1,958,1233999549387,19.312142386991063,5.008520971189761e-41
0,0,959,1234395483648,19.318338774038462,0.0
0,1,959,1235137703222,19.329954540107924,4.932990983962654e-41
0,0,960,1235536716800,19.336199118589743,0.0
0,1,960,1236275633821,19.34776319957244,4.949105916302389e-41
0,0,961,1236672561664,19.35397513621795,0.0
0,1,961,1237069341788,19.360184761055187,5.094000177513575e-41
0,0,962,1237808277504,19.371749134615385,0.0
0,1,962,1238201884076,19.377909093236678,5.05644537866967e-41
0,0,963,1238943707648,19.389518661858975,0.0
0,1,963,1239340172574,19.395723353834885,5.060088754676914e-41
0,0,964,1239738115584,19.401951177884616,0.0
0,1,964,1240477786244,19.413527053347856,5.012724866582736e-41
0,0,965,1240873967104,19.419727299679487,0.0
0,1,965,1241615513583,19.43133253178523,5.063311741144862e-41
0,0,966,1242015106560,19.437586177884615,0.0
0,1,966,1242753366870,19.449139981313852,4.940277735977143e-41
0,0,967,1243150543872,19.455355817307694,0.0
0,1,967,1243891031743,19.466944482155824,5.107592772617526e-41
0,0,968,1244286655488,19.473136009615384,0.0
0,1,968,1245028555818,19.484746779503457,4.914774103926431e-41
0,0,969,1245428089344,19.49099949519231,0.0
0,1,969,1245822378977,19.497170143745617,5.082089140566814e-41
0,0,970,1246563760640,19.50877279647436,0.0
0,1,970,1246960405333,19.514980301811022,5.09091732089206e-41
0,0,971,1247699795456,19.526551786858974,0.0
0,1,971,1248092838556,19.532702927120894,4.954851240006121e-41
0,0,972,1248489029120,19.538903325320515,0.0
0,1,972,1249230857744,19.55051297300681,4.937194879355628e-41
0,0,973,1249630876160,19.55677327724359,0.0
0,1,973,1250024544191,19.562934197700695,4.981475910828292e-41
0,0,974,1251114572800,19.579993189102563,0.0
0,1,974,1251512510723,19.58622093354054,4.888709952489989e-41
0,0,975,1252250854400,19.597776041666666,0.0
0,1,975,1252989339139,19.609333357418745,5.019030709672197e-41
0,0,976,1253386838016,19.61555423076923,0.0
0,1,976,1254127236458,19.62714149604993,5.167007827504898e-41
0,0,977,1254522960384,19.633334591346156,0.0
0,1,977,1254920795424,19.63956072566106,4.884506057097015e-41
0,0,978,1255659214848,19.65111701923077,0.0
0,1,978,1256053265525,19.657283928113106,5.032062785390418e-41
0,0,979,1256794988032,19.668891915064105,0.0
0,1,979,1257191286230,19.675093997740134,4.959615654784825e-41
0,0,980,1257589171712,19.68132092147436,0.0
0,1,980,1258329717578,19.692910493946567,4.866289177060792e-41
0,0,981,1258725130240,19.69909871794872,0.0
0,1,981,1259462387861,19.710636829254934,5.069477454387891e-41
0,0,982,1259860962816,19.71687454326923,0.0
0,1,982,1260256079965,19.723058142481094,5.15299484286165e-41
0,0,983,1260996928000,19.734652443910257,0.0
0,1,983,1261738464619,19.746257521706607,4.993947467160783e-41
0,0,984,1262137947648,19.752509447115386,0.0
0,1,984,1262876179669,19.76406280782064,5.087273944884816e-41
0,0,985,1263273638912,19.770283060897437,0.0
0,1,985,1264014066238,19.781870778213893,5.102828357838821e-41
0,0,986,1264414862336,19.788143253205128,0.0
0,1,986,1264807818240,19.794293028846155,4.990864610539268e-41
0,0,987,1265545283584,19.80583439102564,0.0
0,1,987,1265940486997,19.812019340272563,5.012724866582736e-41
0,0,988,1266681549824,19.82361700320513,0.0
0,1,988,1267078870712,19.829835091020634,4.97573058712456e-41
0,0,989,1267476311552,19.836055056089744,0.0
0,1,989,1268217048097,19.84764761269594,5.082089140566814e-41
0,0,990,1268618283520,19.853926963141028,0.0
0,1,990,1269360443316,19.865541793682393,4.943360592598657e-41
0,0,991,1269760068608,19.871795945512822,0.0
0,1,991,1270154150772,19.87796334716797,5.013285385968466e-41
0,0,992,1270896140800,19.889575520833333,0.0
0,1,992,1271636915347,19.90116867217235,4.993947467160783e-41
0,0,993,1272379203072,19.912785504807694,0.0
0,1,993,1272775172604,19.918982443847657,5.027858889997444e-41
0,0,994,1273173500416,19.925216290064103,0.0
0,1,994,1273913425772,19.936796151529947,5.066955117152106e-41
0,0,995,1274309321728,19.942991939102566,0.0
0,1,995,1275051563225,19.954608048267854,5.059668365137617e-41
0,0,996,1275451058688,19.96086016826923,0.0
0,1,996,1276189955139,19.972423927330606,5.079426673484597e-41
0,0,997,1276587298816,19.978642371794873,0.0
0,1,997,1276983749120,19.984846834935897,5.084191088263301e-41
0,0,998,1277723314176,19.99642105769231,0.0
0,1,998,1278116428114,20.002573306571765,4.976711496049588e-41
0,0,999,1278512239104,20.008767764423077,0.0
0,1,999,1279254661812,20.020386709547775,5.092458749202818e-41
0,0,1000,1279653663232,20.02663109775641,0.0
0,1,1000,1280392523801,20.038194295263047,4.994507986546513e-41
0,0,1001,1280789693440,20.04441001602564,0.0
0,1,1001,1281530236303,20.05599954150078,4.917296441162216e-41
0,0,1002,1282272667648,20.06761862179487,0.0
0,1,1002,1282668202227,20.07380875380296,4.936634359969898e-41
0,0,1003,1283408738816,20.085398181089744,0.0
0,1,1003,1283806237274,20.091619047882862,5.073681349780865e-41
0,0,1004,1284203289088,20.097832924679487,0.0
0,1,1004,1284944378323,20.10943100089831,5.011183438271978e-41
0,0,1005,1285344557568,20.115693822115386,0.0
0,1,1005,1286082711871,20.127245966530825,4.989743571767809e-41
0,0,1006,1286480314368,20.133468461538463,0.0
0,1,1006,1286876583159,20.139670083993767,4.906926832526212e-41
0,0,1007,1287616183808,20.15124486378205,0.0
0,1,1007,1288009634374,20.157402380903196,5.031502266004688e-41
0,0,1008,1288751823872,20.169017676282053,0.0
0,1,1008,1289147804087,20.175214782511393,4.988762662842781e-41
0,0,1009,1289887463936,20.18679048878205,0.0
0,1,1009,1290280676096,20.192944274839743,5.000253310250245e-41
0,0,1010,1291017442816,20.20447470352564,0.0
0,1,1010,1291413485648,20.21067278971354,5.034585122626203e-41
0,0,1011,1292499704832,20.227672163461538,0.0
0,1,1011,1292895771498,20.233870622652496,4.960596563709852e-41
0,0,1012,1293635431936,20.245446338141026,0.0
0,1,1012,1294033326796,20.251673408641327,5.002775647486029e-41
0,0,1013,1294429416960,20.257872235576922,0.0
0,1,1013,1295171427384,20.269484728440506,4.99548889547154e-41
0,0,1014,1295570486784,20.275730024038463,0.0
0,1,1014,1295965107694,20.281905857090095,4.924583193176705e-41
0,0,1015,1296706344448,20.29350624198718,0.0
0,1,1015,1297103042398,20.299714580798028,5.017349151515008e-41
0,0,1016,1297842277376,20.311283637820512,0.0
0,1,1016,1298235254957,20.31743375270746,4.971526691731586e-41
0,0,1017,1298972457472,20.328971001602564,0.0
0,1,1017,1299367791092,20.33515798859425,5.289481313286887e-41
0,0,1018,1299766750720,20.341401722756412,0.0
0,1,1018,1300505760090,20.352967249004656,5.067936026077133e-41
0,0,1019,1300902572544,20.359177379807694,0.0
0,1,1019,1301643433674,20.37077188617413,4.961717602481312e-41
0,0,1020,1302386229248,20.38239666666667,0.0
0,1,1020,1302780750893,20.388570946217072,4.952749292309633e-41
0,0,1021,1303522695680,20.400182411858975,0.0
0,1,1021,1303918484385,20.406376520949145,4.964239939717097e-41
0,0,1022,1304317537280,20.41262171474359,0.0
0,1,1022,1305056220926,20.424182143398188,5.020572137982955e-41
0,0,1023,1305453915136,20.43040607371795,0.0
0,1,1023,1306193965667,20.44198789417756,5.107592772617526e-41
0,0,1024,1306590177792,20.448188629807692,0.0
0,1,1024,1307331804123,20.459795111600435,4.90230254759394e-41
0,0,1025,1307731832832,20.46605557692308,0.0
0,1,1025,1308125131665,20.472210719416694,5.058547326366157e-41
0,0,1026,1308862217216,20.483746137820514,0.0
0,1,1026,1309257187543,20.489927439262196,4.99548889547154e-41
0,0,1027,1309998240768,20.501524951923077,0.0
0,1,1027,1310394747445,20.507730297303812,5.068496545462863e-41
0,0,1028,1311134275072,20.51930393429487,0.0
0,1,1028,1311871079732,20.53083495674329,5.027858889997444e-41
0,0,1029,1312270512640,20.53708609775641,0.0
0,1,1029,1313009032347,20.54864396075909,5.096102125210062e-41
0,0,1030,1313406208000,20.554859775641027,0.0
0,1,1030,1314147165195,20.566455785428563,5.054903950358913e-41
0,0,1031,1314547911168,20.57272747596154,0.0
0,1,1031,1314940912578,20.578877963773287,5.113898615706987e-41
0,0,1032,1315678158336,20.590415889423078,0.0
0,1,1032,1316073705747,20.59660622225248,5.045515250647936e-41
0,0,1033,1316814045696,20.608192572115385,0.0
0,1,1033,1317211719799,20.61441618775979,5.095541605824332e-41
0,0,1034,1317608512512,20.620626009615385,0.0
0,1,1034,1318349780447,20.63222688249637,4.955411759391851e-41
0,0,1035,1318750056448,20.63849121794872,0.0
0,1,1035,1319487951698,20.65003930817433,5.135198352364725e-41
0,0,1036,1319885848064,20.656266402243592,0.0
0,1,1036,1320625675956,20.66784473839393,5.144026532689971e-41
0,0,1037,1321363493888,20.679391618589744,0.0
0,1,1037,1321758129663,20.68556768427922,5.000673699789542e-41
0,0,1038,1322499766784,20.697174334935898,0.0
0,1,1038,1323240122643,20.70876093379094,4.971526691731586e-41
0,0,1039,1323641223168,20.715038173076923,0.0
0,1,1039,1324039065843,20.721264426879884,5.099745501217307e-41
0,0,1040,1324777873920,20.732826802884617,0.0
0,1,1040,1325171847235,20.738992501048553,5.127351080964506e-41
0,0,1041,1325913910272,20.750605817307694,0.0
0,1,1041,1326310013866,20.75680485442333,5.120624848335747e-41
0,0,1042,1327050094080,20.768387139423076,0.0
0,1,1042,1327448086297,20.77461573356433,5.084611477802599e-41
0,0,1043,1327844194304,20.78081483974359,0.0
0,1,1043,1328585926274,20.792422974790917,4.991845519464296e-41
0,0,1044,1328985436672,20.798675328525643,0.0
0,1,1044,1329723605989,20.810227707910784,4.96325903079207e-41
0,0,1045,1330121576448,20.816455961538463,0.0
0,1,1045,1330517087647,20.822645727648613,4.950226955073849e-41
0,0,1046,1331257424896,20.83423203525641,0.0
0,1,1046,1331999010494,20.845837879576074,4.929908127341139e-41
0,0,1047,1332740302848,20.857439134615387,0.0
0,1,1047,1333136614431,20.863641426767202,5.124828743728721e-41
0,0,1048,1333534692864,20.869871370192307,0.0
0,1,1048,1334274155922,20.881443996675934,5.030381227233228e-41
0,0,1049,1334670671360,20.88764947916667,0.0
0,1,1049,1335411659508,20.899245973369894,4.917856960547946e-41
0,0,1050,1335812627456,20.905521137820514,0.0
0,1,1050,1336210363594,20.911745724315153,5.067936026077133e-41
0,0,1051,1336949332480,20.92331061698718,0.0
0,1,1051,1337342252064,20.92945982421875,5.021132657368685e-41
0,0,1052,1338080209408,20.94100888621795,0.0
0,1,1052,1338474145629,20.9471740038593,4.997590843168028e-41
0,0,1053,1338874586624,20.95344092147436,0.0
0,1,1053,1339611695307,20.96497670189491,4.904824884829725e-41
0,0,1054,1340010536448,20.97121858173077,0.0
0,1,1054,1340405134976,20.977394064503205,5.05812693682686e-41
0,0,1055,1341146578432,20.988997684294873,0.0
0,1,1055,1341887340441,21.000590639413687,5.164905879808411e-41
0,0,1056,1342287956992,21.00686030448718,0.0
0,1,1056,1343025237252,21.018398770094652,4.849613725335327e-41
0,0,1057,1343423664128,21.02463416666667,0.0
0,1,1057,1344162915435,21.036203479238658,4.92262137532665e-41
0,0,1058,1344901028864,21.04775498397436,0.0
0,1,1058,1345295028659,21.053921096551356,5.158600036718949e-41
0,0,1059,1345695522304,21.060188838141027,0.0
0,1,1059,1346432648992,21.071724900340545,5.15187380409019e-41
0,0,1060,1346831593984,21.07796840544872,0.0
0,1,1060,1347570309267,21.089529329223634,5.053923041433885e-41
0,0,1061,1347967570432,21.095746482371794,0.0
0,1,1061,1348363815490,21.1019477334047,4.997590843168028e-41
0,0,1062,1349103869440,21.113529607371795,0.0
0,1,1062,1349501868971,21.11975831597744,5.065413688841349e-41
0,0,1063,1349898655744,21.125968044871797,0.0
0,1,1063,1350639945495,21.137569259174054,5.030941746618958e-41
0,0,1064,1351040901632,21.14384423878205,0.0
0,1,1064,1351777994379,21.155379769803563,4.972087211117316e-41
0,0,1065,1352177484800,21.161631810897436,0.0
0,1,1065,1352915955694,21.17318890997471,5.03668707032269e-41
0,0,1066,1353656244224,21.184774455128206,0.0
0,1,1066,1354397731588,21.19637876208183,4.96213799202061e-41
0,0,1067,1355139680768,21.20799029647436,0.0
0,1,1067,1355535284332,21.214181508100463,4.933551503348383e-41
0,0,1068,1356275942912,21.225772844551283,0.0
0,1,1068,1356673177053,21.23198957477276,5.031502266004688e-41
0,0,1069,1357412163584,21.243554743589744,0.0
0,1,1069,1357805582620,21.249711767265126,4.959615654784825e-41
0,0,1070,1358201352192,21.255905576923077,0.0
0,1,1070,1358943472773,21.26751979374812,5.051821093737398e-41
0,0,1071,1359684398592,21.2791153125,0.0
0,1,1071,1360081419765,21.285328709763746,5.032483174929716e-41
0,0,1072,1360478873088,21.291548870192308,0.0
0,1,1072,1361219040601,21.303132521424907,5.050840184812371e-41
0,0,1073,1361956862464,21.314679463141026,0.0
0,1,1073,1363039616516,21.331624607434396,5.104930305535309e-41
0,0,1074,1363781219840,21.343230729166667,0.0
0,1,1074,1364521847581,21.354821582985902,5.055464469744643e-41
0,0,1075,1364922738688,21.361095544871795,0.0
0,1,1075,1365315459793,21.367241645899064,5.181020812148146e-41
0,0,1076,1366053133824,21.37878627403846,0.0
0,1,1076,1366447955487,21.384965248882587,4.92262137532665e-41
0,0,1077,1367189196800,21.396565705128207,0.0
0,1,1077,1367585730957,21.402771480572042,4.911130727919186e-41
0,0,1078,1368325579264,21.414350136217948,0.0
0,1,1078,1368718154451,21.42049395362267,4.875677876771769e-41
0,0,1079,1369114505728,21.42669686698718,0.0
0,1,1079,1369855811638,21.438298334178437,4.966341887413584e-41
0,0,1080,1370256304128,21.44456605769231,0.0
0,1,1080,1370993387933,21.45610144877116,5.083630568877571e-41
0,0,1081,1371734309888,21.467696907051284,0.0
0,1,1081,1372130688781,21.473900252607297,4.969004354495801e-41
0,0,1082,1372870615040,21.48548012820513,0.0
0,1,1082,1373267950699,21.491698447187375,4.963679420331367e-41
0,0,1083,1374006623744,21.5032587099359,0.0
0,1,1083,1374399837622,21.50941252288036,4.978393054206778e-41
0,0,1084,1375137090048,21.520950552884617,0.0
0,1,1084,1375531618036,21.527124931703227,4.840225025624351e-41
0,0,1085,1375931169792,21.533377932692307,0.0
0,1,1085,1376669244510,21.54492883159931,4.955411759391851e-41
0,0,1086,1377066822144,21.5511509375,0.0
0,1,1086,1377806912453,21.562733380486904,5.038228498633447e-41
0,0,1087,1378202788352,21.568928854166668,0.0
0,1,1087,1378949690195,21.580617897933568,5.009081490575491e-41
0,0,1088,1379349773312,21.58687921474359,0.0
0,1,1088,1379742933249,21.59303218350924,4.959055135399095e-41
0,0,1089,1380480852992,21.604580657051283,0.0
0,1,1089,1380874672202,21.610743943465796,4.944481631370117e-41
0,0,1090,1381964482560,21.62779951923077,0.0
0,1,1090,1382361724289,21.634016368204755,5.030381227233228e-41
0,0,1091,1382759270400,21.640237980769232,0.0
0,1,1091,1383499324140,21.65181985144982,5.05756641744113e-41
0,0,1092,1384237049856,21.663365288461538,0.0
0,1,1092,1384631214637,21.669533983076047,5.126930691425208e-41
0,0,1093,1385373328896,21.68114810096154,0.0
0,1,1093,1385768922521,21.687339157041894,4.928226569183949e-41
0,0,1094,1386509359616,21.69892702724359,0.0
0,1,1094,1386906188020,21.705137407664765,5.106471733846066e-41
0,0,1095,1387304184320,21.71136606570513,0.0
0,1,1095,1388048939136,21.723021508413463,5.010062399500518e-41
0,0,1096,1388446020096,21.729235841346153,0.0
0,1,1096,1389191764490,21.740906770989834,5.078866154098867e-41
0,0,1097,1389587954176,21.74710715544872,0.0
0,1,1097,1389984926657,21.753319790680713,4.953870331081093e-41
0,0,1098,1391071376896,21.77032278044872,0.0
0,1,1098,1391472011507,21.776592728161933,5.187887174623338e-41
0,0,1099,1392213071360,21.788190344551282,0.0
0,1,1099,1392614839923,21.79447803865873,5.110255239699743e-41
0,0,1100,1393354699264,21.80605686698718,0.0
0,1,1100,1393751954394,21.81227392568735,4.932010075037626e-41
0,0,1101,1394490554880,21.823833052884616,0.0
0,1,1101,1394883842844,21.829988025277945,4.951207863998876e-41
0,0,1102,1395279409664,21.836178661858973,0.0
0,1,1102,1396021434511,21.847791380443084,5.001794738561002e-41
0,0,1103,1396420791808,21.854041338141027,0.0
0,1,1103,1397158996973,21.865594278548805,5.058547326366157e-41
0,0,1104,1397556950528,21.871822267628207,0.0
0,1,1104,1397952361378,21.878010463272485,5.070037973773621e-41
0,0,1105,1398693637120,21.889611458333334,0.0
0,1,1105,1399089674003,21.895809451419147,5.003336166871759e-41
0,0,1106,1399488588800,21.90205248397436,0.0
0,1,1106,1400227167340,21.913611267715847,4.96213799202061e-41
0,0,1107,1400966387712,21.92518009615385,0.0
0,1,1107,1401708599678,21.936795743157802,4.972087211117316e-41
0,0,1108,1402108127744,21.943048373397435,0.0
0,1,1108,1402851459331,21.954681542514898,4.987641624071321e-41
0,0,1109,1403249836544,21.960916161858975,0.0
0,1,1109,1403989188717,21.972487052987905,5.026737851225984e-41
0,0,1110,1404385872384,21.97869516826923,0.0
0,1,1110,1404782652453,21.984904792245718,5.11067562923904e-41
0,0,1111,1405522145280,21.996477884615384,0.0
0,1,1111,1405914866549,22.002623988209262,4.936634359969898e-41
0,0,1112,1406652937216,22.014174823717948,0.0
0,1,1112,1407031095390,22.020093014291618,4.920519427630163e-41
0,0,1113,1407431158784,22.0263540224359,0.0
0,1,1113,1408169144769,22.037903532667894,5.008100581650464e-41
0,0,1114,1408567482368,22.044137532051284,0.0
0,1,1114,1409306828067,22.055708321861854,5.100866539988767e-41
0,0,1115,1409703382016,22.061914407051283,0.0
0,1,1115,1410444457618,22.073512269913113,5.127351080964506e-41
0,0,1116,1410844859392,22.07977857371795,0.0
0,1,1116,1411582238712,22.09131858961839,4.986660715146294e-41
0,0,1117,1412323090944,22.10291295673077,0.0
0,1,1117,1412720155992,22.109127040640026,4.916315532237188e-41
0,0,1118,1413459319296,22.120694975961538,0.0
0,1,1118,1413852338336,22.126845739683493,5.002355257946732e-41
0,0,1119,1414590187520,22.13839310897436,0.0
0,1,1119,1414984642021,22.144566337718476,5.007540062264734e-41
0,0,1120,1415384949760,22.150831169871797,0.0
0,1,1120,1416122173790,22.162368755477516,4.966902406799314e-41
0,0,1121,1416521634304,22.16862032852564,0.0
0,1,1121,1417259825843,22.180173055685973,4.98245681975332e-41
0,0,1122,1417659009024,22.186420288461537,0.0
0,1,1122,1418053215341,22.19258963311611,4.981475910828292e-41
0,0,1123,1418796138496,22.20421641025641,0.0
0,1,1123,1419190419419,22.21038692249787,5.002355257946732e-41
0,0,1124,1419591204864,22.21665923076923,0.0
0,1,1124,1420328009523,22.228190253201998,5.031502266004688e-41
0,0,1125,1420727969280,22.234449639423076,0.0
0,1,1125,1421465947804,22.245999032890126,5.013705775507763e-41
0,0,1126,1422206461440,22.257588100961538,0.0
0,1,1126,1422603766802,22.263805945794523,5.109134200928283e-41
0,0,1127,1423342794240,22.275371754807693,0.0
0,1,1127,1423736508767,22.28153340292906,5.03668707032269e-41
0,0,1128,1424137830400,22.287814102564102,0.0
0,1,1128,1424879969494,22.29942860911834,5.060649274062644e-41
0,0,1129,1425279839744,22.305686594551283,0.0
0,1,1129,1426017865789,22.317236731723884,5.014826814279223e-41
0,0,1130,1426416221184,22.323471009615385,0.0
0,1,1130,1426811291639,22.329653878064278,5.071579402084378e-41
0,0,1131,1427553104384,22.34126327724359,0.0
0,1,1131,1427949104475,22.34746069453313,4.958494616013365e-41
0,0,1132,1428689665024,22.35905049679487,0.0
0,1,1132,1429086894281,22.365267150581555,4.940838255362873e-41
0,0,1133,1429826252288,22.37683813301282,0.0
0,1,1133,1430219069462,22.38298573752379,5.017909670900737e-41
0,0,1134,1430615571456,22.389191009615384,0.0
0,1,1134,1431701087008,22.406179371494392,4.970545782806559e-41
0,0,1135,1432099077632,22.41240794070513,0.0
0,1,1135,1432838753422,22.423983896453077,5.021132657368685e-41
0,0,1136,1433235473408,22.430192580128207,0.0
0,1,1136,1433976602095,22.441791273772413,4.910009689147727e-41
0,0,1137,1434377728512,22.448068918269232,0.0
0,1,1137,1434775602636,22.454295664250303,5.089375892581303e-41
0,0,1138,1435514736640,22.465863141025643,0.0
0,1,1138,1435908079383,22.472018970712515,4.981475910828292e-41
0,0,1139,1436304476672,22.478222604166668,0.0
0,1,1139,1437045860469,22.489825290292593,5.106051344306768e-41
0,0,1140,1437446054912,22.496088349358974,0.0
0,1,1140,1438183910870,22.50763582466321,4.920519427630163e-41
0,0,1141,1438582342656,22.513871298076925,0.0
0,1,1141,1438977365909,22.520053427812627,4.957934096627635e-41
0,0,1142,1439719176192,22.53166278846154,0.0
0,1,1142,1440115268339,22.537861646431164,5.09035680150633e-41
0,0,1143,1440855998976,22.549454110576924,0.0
0,1,1143,1441597581851,22.561059912281525,5.07732472578811e-41
0,0,1144,1442339281920,22.572667548076925,0.0
0,1,1144,1442735505788,22.578868467485478,4.989323182228511e-41
0,0,1145,1443133932544,22.585103862179487,0.0
0,1,1145,1443873519327,22.596678424964317,4.94294020305936e-41
0,0,1146,1444270477824,22.602890841346156,0.0
0,1,1146,1445011361872,22.614485706380208,5.091898229817088e-41
0,0,1147,1445412457984,22.620762876602566,0.0
0,1,1147,1445804962316,22.626905585123698,5.012164347197006e-41
0,0,1148,1446543737344,22.63846744391026,0.0
0,1,1148,1446937399120,22.644628266476364,5.045094861108639e-41
0,0,1149,1447675272704,22.656176017628205,0.0
0,1,1149,1448069724820,22.662349209046976,4.992406038850026e-41
0,0,1150,1448470402048,22.66861982371795,0.0
0,1,1150,1449207494143,22.68015534453563,5.200358730955829e-41
0,0,1151,1449607232000,22.68641125801282,0.0
0,1,1151,1450345063769,22.69795835475824,5.09147784027779e-41
0,0,1152,1450743877632,22.70419980769231,0.0
0,1,1152,1451482744524,22.715763104154146,5.027298370611714e-41
0,0,1153,1452222686720,22.727343229166667,0.0
0,1,1153,1452620180011,22.73356401509603,4.978393054206778e-41
0,0,1154,1453359687168,22.74513733173077,0.0
0,1,1154,1453752150387,22.751279396831805,5.294105598219159e-41
0,0,1155,1454149104128,22.75749173878205,0.0
0,1,1155,1454895112948,22.769166806703225,5.031502266004688e-41
0,0,1156,1455291228672,22.775366033653846,0.0
0,1,1156,1456032467034,22.786966443716196,5.128472119735966e-41
0,0,1157,1456433270272,22.793239030448717,0.0
0,1,1157,1456830998573,22.799463494293995,5.020572137982955e-41
0,0,1158,1457569816576,22.811026025641027,0.0
0,1,1158,1457962767733,22.817175726991312,5.117541991714232e-41
0,0,1159,1458700900352,22.828727532051282,0.0
0,1,1159,1459094693045,22.834890403473683,4.953870331081093e-41
0,0,1160,1459837152256,22.846509919871796,0.0
0,1,1160,1460231970330,22.852688838547927,5.052802002662425e-41
0,0,1161,1460973683712,22.86429668269231,0.0
0,1,1161,1461713436979,22.87587385095841,4.972087211117316e-41
0,0,1162,1462451723264,22.887428060897438,0.0
0,1,1162,1462845498487,22.893590658913638,4.917856960547946e-41
0,0,1163,1463587878912,22.90520894230769,0.0
0,1,1163,1463983001562,22.91139262761043,4.996609934243e-41
0,0,1164,1464382429696,22.917643693910257,0.0
0,1,1164,1465120570701,22.929195630211463,5.029400318308201e-41
0,0,1165,1465518328320,22.935420552884615,0.0
0,1,1165,1466263434445,22.947081493592876,4.888149433104259e-41
0,0,1166,1466659672064,22.95328262820513,0.0
0,1,1166,1467056580220,22.959494256748297,5.010622918886248e-41
0,0,1167,1467795817472,22.971063349358975,0.0
0,1,1167,1468172722031,22.976961920807668,5.091898229817088e-41
0,0,1168,1468910505984,22.98850826923077,0.0
0,1,1168,1469304834741,22.994679530076247,5.1721926318229e-41
0,0,1169,1470046910976,23.006293052884615,0.0
0,1,1169,1470442300959,23.01248092195951,5.187326655237608e-41
0,0,1170,1471183102464,23.02407449519231,0.0
0,1,1170,1471924138293,23.035671735605092,5.140383156682726e-41
0,0,1171,1472324304384,23.04193435096154,0.0
0,1,1171,1473061573268,23.053472638534156,5.19307197894134e-41
0,0,1172,1473460526080,23.059716266025642,0.0
0,1,1172,1474199145992,23.071275697240587,4.913232675615674e-41
0,0,1173,1474597202944,23.07750530448718,0.0
0,1,1173,1474992742844,23.08369551976913,4.992966558235756e-41
0,0,1174,1475733451264,23.09528763621795,0.0
0,1,1174,1476130292004,23.10149820969802,5.042992913412152e-41
0,0,1175,1476869578752,23.113068076923078,0.0
0,1,1175,1477262809195,23.119222149110453,4.997590843168028e-41
0,0,1176,1477658347008,23.12541233173077,0.0
0,1,1176,1478395247547,23.13694485468938,5.009081490575491e-41
0,0,1177,1478794630144,23.143195208333335,0.0
0,1,1177,1479532764954,23.15474704768254,4.92206085594092e-41
0,0,1178,1479931063808,23.160980440705128,0.0
0,1,1178,1480670522514,23.172552999079777,5.030941746618958e-41
0,0,1179,1481067331072,23.178763068910257,0.0
0,1,1179,1481808309236,23.190359406863482,5.052802002662425e-41
0,0,1180,1482209294336,23.19663483974359,0.0
0,1,1180,1482946113371,23.208166087161334,5.085732516574059e-41
0,0,1181,1483345915392,23.214423004807692,0.0
0,1,1181,1484083817166,23.225971197134164,4.96269851140634e-41
0,0,1182,1484482471424,23.23221015224359,0.0
0,1,1182,1485221633591,23.24377806977101,4.94125864490217e-41
0,0,1183,1485619173888,23.249999591346153,0.0
0,1,1183,1486014947307,23.25619346120981,5.130013548046723e-41
0,0,1184,1486755416064,23.267781826923077,0.0
0,1,1184,1487152217937,23.27399179213304,5.104509915996011e-41
0,0,1185,1487891328000,23.28555889423077,0.0
0,1,1185,1488284294294,23.291708832475713,5.005998633953977e-41
0,0,1186,1489022178816,23.30325675480769,0.0
0,1,1186,1489416446942,23.30942706677559,5.083630568877571e-41
0,0,1187,1489817070080,23.3156968349359,0.0
0,1,1187,1490554075974,23.327231006704476,4.953870331081093e-41
0,0,1188,1491294708736,23.338821939102566,0.0
0,1,1188,1492041033856,23.35050195713141,4.992406038850026e-41
0,0,1189,1492441405440,23.35676778846154,0.0
0,0,1190,1493539220480,23.373948637820515,0.0
0,1,1190,1493933820614,23.380124145726914,5.067515636537836e-41
0,0,1191,1494675513856,23.391731674679487,0.0
0,1,1191,1495071315499,23.397925986249877,5.023654994604469e-41
0,0,1192,1495811297280,23.40950673076923,0.0
0,1,1192,1496208770958,23.41572720975436,5.01636824258998e-41
0,0,1193,1496606129152,23.421945881410256,0.0
0,1,1193,1497351606041,23.43361262458997,5.162243412726194e-41
0,0,1194,1497747295232,23.439805176282054,0.0
0,1,1194,1498144773328,23.446025724409054,4.989323182228511e-41
0,0,1195,1498883528192,23.457587267628206,0.0
0,1,1195,1499276698139,23.463740393050756,4.986660715146294e-41
0,0,1196,1500014072832,23.47528033653846,0.0
0,1,1196,1500408619355,23.481455005430565,5.238894438724761e-41
0,0,1197,1500808560128,23.487714094551283,0.0
0,1,1197,1501546092747,23.499256509587216,5.013285385968466e-41
0,0,1198,1502285587456,23.510829631410257,0.0
0,1,1198,1502683412532,23.517055609788162,5.124828743728721e-41
0,0,1199,1503421896192,23.528612908653848,0.0
0,1,1199,1503815582580,23.53477411639874,5.060649274062644e-41
0,0,1200,1504558185984,23.546395889423078,0.0
0,1,1200,1504953598686,23.552584114051232,5.083070049491841e-41
0,0,1201,1505353210368,23.558838052884617,0.0
0,1,1201,1506091563089,23.570393302549704,4.948685526763091e-41
0,0,1202,1506490203136,23.57663203525641,0.0
0,1,1202,1506885075457,23.582811802900267,4.985679806221267e-41
0,0,1203,1507626806272,23.594419919871797,0.0
0,1,1203,1508022887787,23.600618611450194,4.940838255362873e-41
0,0,1204,1508763197952,23.61220449519231,0.0
0,1,1204,1509160197848,23.618417559470153,4.936634359969898e-41
0,0,1205,1509905322496,23.630078790064104,0.0
0,1,1205,1510302905430,23.636300978910008,5.149771856393703e-41
0,0,1206,1511042082816,23.647869134615384,0.0
0,1,1206,1511434906526,23.654016841415014,5.115860433557042e-41
0,0,1207,1512526074368,23.671093661858976,0.0
0,1,1207,1512921926353,23.67728876128368,4.954290720620391e-41
0,0,1208,1513662815744,23.688883709935897,0.0
0,1,1208,1514059348533,23.69508946397048,5.100866539988767e-41
0,0,1209,1514799751680,23.706676802884616,0.0
0,1,1209,1515196903317,23.71289224191519,5.0570058980554e-41
0,0,1210,1515594804736,23.719119415064103,0.0
0,1,1210,1516334193405,23.730690877356896,4.953870331081093e-41
0,0,1211,1516731386880,23.736906971153847,0.0
0,1,1211,1517127700660,23.743109297688804,5.053362522048155e-41
0,0,1212,1517868381696,23.754700985576925,0.0
0,1,1212,1518265420319,23.76091465593387,5.024776033375929e-41
0,0,1213,1519005374976,23.77249497596154,0.0
0,1,1213,1519402966402,23.778717297707583,4.966341887413584e-41
0,0,1214,1519800492544,23.784938597756412,0.0
0,1,1214,1520540559596,23.79652067677033,5.09764355352082e-41
0,0,1215,1520937421312,23.80273157852564,0.0
0,1,1215,1521678479446,23.81432916801257,5.020011618597225e-41
0,0,1216,1522421067776,23.825950705128207,0.0
0,1,1216,1522816157626,23.832133877109626,5.053362522048155e-41
0,0,1217,1523216048128,23.83839217948718,0.0
0,1,1217,1523953804062,23.84993808941181,5.004877595182517e-41
0,0,1218,1524352808448,23.856182524038463,0.0
0,1,1218,1525091257994,23.86773928901868,4.960036044324123e-41
0,0,1219,1525489194496,23.87396701121795,0.0
0,1,1219,1525884290624,23.88015028145032,5.01580772320425e-41
0,0,1220,1526625682432,23.89175309294872,0.0
0,1,1220,1527021761439,23.897951745276817,5.008520971189761e-41
0,0,1221,1527762549760,23.909545112179487,0.0
0,1,1221,1528159327502,23.915754699738333,5.113898615706987e-41
0,0,1222,1528557327360,23.92198341346154,0.0
0,1,1222,1529297263215,23.933563439237155,5.112777576935528e-41
0,0,1223,1529693888000,23.93977063301282,0.0
0,1,1223,1530435149268,23.95137140155499,5.01692876197571e-41
0,0,1224,1530835640832,23.957639110576924,0.0
0,1,1224,1531572659008,23.969173474559295,4.984558767449807e-41
0,0,1225,1532313755648,23.980771666666666,0.0
0,1,1225,1532710502562,23.986980771766078,5.07732472578811e-41
0,0,1226,1533450264064,23.998558068910256,0.0
0,1,1226,1533848234005,24.004786314431215,4.990304091153539e-41
0,0,1227,1534586563584,24.016341201923076,0.0
0,1,1227,1534980523863,24.022506696073094,5.211288858977562e-41
0,0,1228,1535381126144,24.028776137820515,0.0
0,1,1228,1536118116541,24.04031006706042,4.961717602481312e-41
0,0,1229,1536517536256,24.046561001602566,0.0
0,1,1229,1537255643676,24.058112412297177,5.099745501217307e-41
0,0,1230,1537653962752,24.064346121794873,0.0
0,1,1230,1538049075667,24.070529654744465,5.010622918886248e-41
0,0,1231,1538789895680,24.082123517628204,0.0
0,1,1231,1539186788171,24.088334901013496,5.106051344306768e-41
0,0,1232,1539925879808,24.09990171474359,0.0
0,1,1232,1540318542988,24.106046909242288,5.049719146040911e-41
0,0,1233,1541056435712,24.117594959935897,0.0
0,1,1233,1541800004507,24.129231841368064,5.069057064848593e-41
0,0,1234,1542197842432,24.135458020833333,0.0
0,1,1234,1542937548041,24.147034443249826,4.992966558235756e-41
0,0,1235,1543333936128,24.15323793269231,0.0
0,1,1235,1544075337326,24.164840891144582,4.92262137532665e-41
0,0,1236,1544475614720,24.171105248397435,0.0
0,1,1236,1545212772305,24.182641794136245,4.977832534821048e-41
0,0,1237,1545611651072,24.188884262820512,0.0
0,1,1237,1546006035351,24.195056392587517,5.072139921470108e-41
0,0,1238,1546747707392,24.20666358974359,0.0
0,1,1238,1547143547636,24.212858505421174,4.931449555651896e-41
0,0,1239,1547542587904,24.219103501602564,0.0
0,1,1239,1548281214040,24.230663030223358,4.97573058712456e-41
0,0,1240,1548679252480,24.23689234775641,0.0
0,1,1240,1549418812365,24.248466489586463,5.035145642011933e-41
0,0,1241,1549815637504,24.25467681891026,0.0
0,1,1241,1550212179326,24.26088271431165,5.008520971189761e-41
0,0,1242,1550951590912,24.27245453525641,0.0
0,1,1242,1551688868473,24.283992958624424,5.068496545462863e-41
0,0,1243,1552429344256,24.295581434294874,0.0
0,1,1243,1552826547674,24.301797683700173,5.102828357838821e-41
0,0,1244,1553223890432,24.308016113782053,0.0
0,1,1244,1553964342089,24.319604211879632,5.11123614862477e-41
0,0,1245,1554360132096,24.325798341346154,0.0
0,1,1245,1555101974195,24.33740819991674,4.957513707088338e-41
0,0,1246,1555502088192,24.34367,0.0
0,1,1246,1555895495276,24.349826836626104,5.144587052075701e-41
0,0,1247,1556632867840,24.36136674679487,0.0
0,1,1247,1557027557301,24.367543652672403,5.173734060133657e-41
0,0,1248,1557769208832,24.379150528846154,0.0
0,1,1248,1558164825368,24.385341943484576,4.924162803637407e-41
0,0,1249,1558564029440,24.39158950320513,0.0
0,1,1249,1559302290567,24.403143319420447,4.90230254759394e-41
0,0,1250,1559700173312,24.409370200320513,0.0
0,1,1250,1560439970287,24.420948052618566,5.027858889997444e-41
0,0,1251,1560836533760,24.427154286858975,0.0
0,1,1251,1561577502043,24.438750470174153,5.140383156682726e-41
0,0,1252,1561978522112,24.445026450320512,0.0
0,1,1252,1562720556253,24.456639314356096,5.100306020603037e-41
0,0,1253,1563461864960,24.468240825320514,0.0
0,1,1253,1563858353225,24.47444588255271,5.104930305535309e-41
0,0,1254,1564256480256,24.48067658653846,0.0
0,1,1254,1564995946423,24.49224926167806,5.163924970883383e-41
0,0,1255,1565392585728,24.498456682692307,0.0
0,1,1255,1566133773599,24.510056302568486,4.967883315724341e-41
0,0,1256,1566533473792,24.516311626602565,0.0
0,1,1256,1566927371478,24.522476141169623,4.96213799202061e-41
0,0,1257,1567669100032,24.534084222756412,0.0
0,1,1257,1568064794177,24.540276851978792,5.096102125210062e-41
0,0,1258,1568805391872,24.551867235576925,0.0
0,1,1258,1569202238891,24.558077907323593,5.063872260530591e-41
0,0,1259,1569599835136,24.56430030448718,0.0
0,1,1259,1570345109813,24.57596388304099,4.993386947775053e-41
0,0,1260,1570741184512,24.58216246794872,0.0
0,1,1260,1571487870645,24.59384813584548,5.225441973467243e-41
0,0,1261,1572229286400,24.605451322115385,0.0
0,1,1261,1572974761968,24.617118044621396,5.035706161397663e-41
0,0,1262,1573370790912,24.62331591346154,0.0
0,1,1262,1574112140118,24.63491805823693,4.896977613429506e-41
0,0,1263,1574512520704,24.64118403044872,0.0
0,1,1263,1574905460506,24.6473335540928,5.056024989130372e-41
0,0,1264,1575643167744,24.65887870192308,0.0
0,1,1264,1576037544546,24.66505071467473,5.169670294587115e-41
0,0,1265,1576437216768,24.67130560096154,0.0
0,1,1265,1577175039423,24.682852555072493,4.980915391442562e-41
0,0,1266,1577573339648,24.689085969551282,0.0
0,1,1266,1578317601107,24.7007336912028,4.997030323782298e-41
0,0,1267,1578714894336,24.706951346153847,0.0
0,1,1267,1579110846718,24.713148016795625,5.071579402084378e-41
0,0,1268,1579851022336,24.724731794871797,0.0
0,1,1268,1580248436325,24.73095133972168,5.060088754676914e-41
0,0,1269,1580986825728,24.74250716346154,0.0
0,1,1269,1581729881474,24.7541360156563,5.092458749202818e-41
0,0,1270,1582128342016,24.760371939102566,0.0
0,1,1270,1582867286250,24.771936445969803,5.126930691425208e-41
0,0,1271,1583264663040,24.77815540865385,0.0
0,1,1271,1584010179692,24.7898227741261,5.072139921470108e-41
0,0,1272,1584406284288,24.796021826923077,0.0
0,1,1272,1585147610071,24.80762360512758,5.136739780675482e-41
0,0,1273,1585548147712,24.813892035256412,0.0
0,1,1273,1585941229456,24.820043780298477,5.147669908697216e-41
0,0,1274,1586679199232,24.831593036858976,0.0
0,1,1274,1587073194197,24.83775907384628,4.986660715146294e-41
0,0,1275,1587815719424,24.849379623397436,0.0
0,1,1275,1588210906695,24.85556432002141,4.999132271478785e-41
0,0,1276,1588957637632,24.867250689102566,0.0
0,1,1276,1589353807314,24.87345076049805,5.029400318308201e-41
0,0,1277,1589752224256,24.879686001602565,0.0
0,1,1277,1590491639605,24.891257881438428,5.050840184812371e-41
0,0,1278,1591229732352,24.9028090625,0.0
0,1,1278,1591967905835,24.91436150708321,5.1117966680105e-41
0,0,1279,1593054094848,24.93136040865385,0.0
0,1,1279,1593449587015,24.937549876912435,5.019451099211495e-41
0,0,1280,1593848524288,24.943793261217948,0.0
0,1,1280,1594592137431,24.955430836698092,5.101847448913794e-41
0,0,1281,1594989849600,24.961655048076924,0.0
0,1,1281,1595729693239,24.973233630668446,5.217594702067024e-41
0,0,1282,1596125343744,24.979425576923077,0.0
0,1,1282,1596522913765,24.985647563680015,5.025756942300956e-41
0,0,1283,1597261081088,24.997199911858974,0.0
0,1,1283,1597655084851,25.003366086535333,5.059668365137617e-41
0,0,1284,1598397011968,25.014977275641026,0.0
0,1,1284,1598792261786,25.021162951128055,5.042432394026422e-41
0,0,1285,1599191493632,25.02741094551282,0.0
0,1,1285,1599935151640,25.03904922313201,5.025756942300956e-41
0,0,1286,1600674439168,25.050619102564102,0.0
0,1,1286,1601416595255,25.06223387505947,5.107032253231796e-41
0,0,1287,1601815877632,25.06848266025641,0.0
0,1,1287,1602554163355,25.080036861400117,5.146688999772188e-41
0,0,1288,1602951941120,25.086262099358976,0.0
0,1,1288,1603697026077,25.097922708787184,5.204002106963073e-41
0,0,1289,1604093405184,25.10412605769231,0.0
0,1,1289,1604490487261,25.110340408106097,5.09764355352082e-41
0,0,1290,1605229310464,25.121903020833333,0.0
0,1,1290,1605622737694,25.128060172745144,5.029400318308201e-41
0,0,1291,1606359875584,25.13959641025641,0.0
0,1,1291,1606754741357,25.145776075423804,4.987221234532024e-41
0,0,1292,1607154102272,25.15202608974359,0.0
0,1,1292,1607892444124,25.163581169308394,5.091898229817088e-41
0,0,1293,1608289903616,25.169801426282053,0.0
0,1,1293,1609030257470,25.181387993758765,5.098764592292279e-41
0,0,1294,1609426146816,25.187583677884618,0.0
0,1,1294,1609823887094,25.193808329170423,4.964800459102827e-41
0,0,1295,1610562381824,25.205365801282053,0.0
0,1,1295,1611300112364,25.216911313789563,5.010622918886248e-41
0,0,1296,1612039844352,25.228488149038462,0.0
0,1,1296,1612437576542,25.234712673746746,4.939717216591413e-41
0,0,1297,1613176407040,25.246275400641025,0.0
0,1,1297,1613569845403,25.252432726784733,4.965360978488557e-41
0,0,1298,1614306976768,25.26396886217949,0.0
0,1,1298,1614701967326,25.27015048023713,4.973068120042343e-41
0,0,1299,1615101509120,25.276403325320512,0.0
0,1,1299,1615839558991,25.28795383537097,4.931449555651896e-41
0,0,1300,1616237290496,25.294178349358976,0.0
0,1,1300,1616977032886,25.30575534739959,4.934532412273411e-41
0,0,1301,1617373215232,25.31195561698718,0.0
0,1,1301,1617770600037,25.318174705106294,5.039769926944205e-41
0,0,1302,1618509292032,25.32973526442308,0.0
0,1,1302,1618902853554,25.33589451801007,4.980354872056832e-41
0,0,1303,1619645346304,25.347514559294872,0.0
0,1,1303,1620040831257,25.353703914654073,4.977272015435318e-41
0,0,1304,1620781582336,25.36529669871795,0.0
0,1,1304,1621866972130,25.382283092479216,5.023654994604469e-41
0,0,1305,1622265004032,25.38851230769231,0.0
0,1,1305,1623004904281,25.400091776232596,4.925143712562435e-41
0,0,1306,1623401372672,25.4062965224359,0.0
0,1,1306,1624142467767,25.41789469036396,5.212409897749022e-41
0,0,1307,1624542765568,25.42415936698718,0.0
0,1,1307,1624935933549,25.43031246164175,5.142485104379214e-41
0,0,1308,1625673265152,25.44185173076923,0.0
0,1,1308,1626068051384,25.448030151116786,5.097223163981522e-41
0,0,1309,1626468038656,25.454289967948718,0.0
0,1,1309,1627206207778,25.465842344282102,5.085732516574059e-41
0,0,1310,1627604221952,25.47207128205128,0.0
0,1,1310,1628344231061,25.483652454254933,4.946583579066604e-41
0,0,1311,1628740228096,25.48984982371795,0.0
0,1,1311,1629138001993,25.496075001142454,5.050279665426641e-41
0,0,1312,1629877126144,25.50764232371795,0.0
0,1,1312,1630270609813,25.51380035890237,4.968443835110071e-41
0,0,1313,1631008391168,25.525346666666668,0.0
0,1,1313,1631747380370,25.536911877284908,4.905385404215455e-41
0,0,1314,1632145112064,25.54313639423077,0.0
0,1,1314,1632885136884,25.5547178123122,5.03668707032269e-41
0,0,1315,1633282186752,25.560931658653846,0.0
0,1,1315,1634023197023,25.572528499082907,5.042992913412152e-41
0,0,1316,1634765926400,25.584152243589745,0.0
0,1,1316,1635161007312,25.590335275691107,4.887168524179232e-41
0,0,1317,1635560783360,25.596591786858976,0.0
0,1,1317,1636298787379,25.608141579323792,4.968443835110071e-41
0,0,1318,1636697576448,25.61438264423077,0.0
0,1,1318,1637436598164,25.625948363694413,5.140383156682726e-41
0,0,1319,1637834103296,25.6321693349359,0.0
0,1,1319,1638230331732,25.638370325833836,4.822428535127425e-41
0,0,1320,1638970667520,25.649956610576925,0.0
0,1,1320,1639368215232,25.656178248197115,5.029960837693931e-41
0,0,1321,1639765466624,25.662395248397438,0.0
0,1,1321,1640506151460,25.67398699575571,5.023654994604469e-41
0,0,1322,1641243832832,25.685531738782053,0.0
0,1,1322,1641982813469,25.6970968153577,5.116420952942772e-41
0,0,1323,1642722319360,25.708670112179487,0.0
0,1,1323,1643115230826,25.714819192364033,5.006979542879004e-41
0,0,1324,1643853315072,25.726370240384615,0.0
0,1,1324,1644247529906,25.732539718330578,5.026317461686686e-41
0,0,1325,1644648352256,25.738812604166668,0.0
0,1,1325,1645385117465,25.750343009205356,4.997030323782298e-41
0,0,1326,1645784942080,25.75660028044872,0.0
0,1,1326,1646522642573,25.768145322719477,5.000253310250245e-41
0,0,1327,1646921202688,25.774382804487182,0.0
0,1,1327,1647316069436,25.78056248491336,5.114319005246285e-41
0,0,1328,1648057615872,25.792167716346153,0.0
0,1,1328,1648454036909,25.798371721457457,5.026737851225984e-41
0,0,1329,1648852167168,25.804602475961538,0.0
0,1,1329,1649592138005,25.816183049206856,4.976711496049588e-41
0,0,1330,1650330434048,25.827737411858976,0.0
0,1,1330,1651068516364,25.83928842967498,4.952328902770336e-41
0,0,1331,1651466909184,25.84552329326923,0.0
0,1,1331,1652206477181,25.85709756205241,5.086713425499086e-41
0,0,1332,1652603407360,25.863309535256413,0.0
0,1,1332,1653344184035,25.874902719898714,5.013285385968466e-41
0,0,1333,1653745334784,25.88118074519231,0.0
0,1,1333,1654487430250,25.892794568966597,5.043973822337179e-41
0,0,1334,1654887166464,25.89905045673077,0.0
0,1,1334,1655281187876,25.905216907614683,5.068496545462863e-41
0,0,1335,1656023945216,25.916841089743592,0.0
0,1,1335,1656419150230,25.923026064046226,5.034585122626203e-41
0,0,1336,1656818739200,25.929279647435898,0.0
0,1,1336,1657557026558,25.940833874167417,4.967322796338612e-41
0,0,1337,1657955308032,25.94706699519231,0.0
0,1,1337,1658695027820,25.95864363951072,5.135198352364725e-41
0,0,1338,1659092172288,25.964858966346153,0.0
0,1,1338,1659488695843,25.971064575868265,5.055464469744643e-41
0,0,1339,1660228927488,25.98264923076923,0.0
0,1,1339,1660626459020,25.988870615171777,5.040330446329935e-41
0,0,1340,1661365408256,26.000435200320513,0.0
0,1,1340,1662102912655,26.011977173712314,4.951207863998876e-41
0,0,1341,1662501926912,26.018221762820513,0.0
0,1,1341,1662896476230,26.024396475454477,5.030381227233228e-41
0,0,1342,1663638343168,26.03600672275641,0.0
0,1,1342,1664034401201,26.04220504684057,5.19307197894134e-41
0,0,1343,1664775274496,26.053799743589746,0.0
0,1,1343,1665172615451,26.060018145454602,4.932010075037626e-41
0,0,1344,1665570290176,26.066241770833333,0.0
0,1,1344,1666310428287,26.077824961923454,4.951768383384606e-41
0,0,1345,1666706997760,26.084031290064104,0.0
0,1,1345,1667448006644,26.09562810878656,5.097223163981522e-41
0,0,1346,1667849189376,26.101906634615386,0.0
0,1,1346,1668247015371,26.108132627375678,4.999692790864515e-41
0,0,1347,1668986125824,26.119699735576923,0.0
0,1,1347,1669379290385,26.12585277670836,5.065413688841349e-41
0,0,1348,1670117472768,26.137405360576924,0.0
0,1,1348,1670855935503,26.14896233196552,4.938736307666385e-41
0,0,1349,1671595406336,26.160535080128206,0.0
0,1,1349,1671988480349,26.166686704179813,5.033604213701175e-41
0,0,1350,1672384639488,26.172886610576924,0.0
0,1,1350,1673126188752,26.18449188626803,4.949105916302389e-41
0,0,1351,1673527256064,26.190768605769232,0.0
0,1,1351,1673925106847,26.196994986462716,4.913653065154971e-41
0,0,1352,1674664128000,26.208560697115384,0.0
0,1,1352,1675057257453,26.214713188805213,5.128892509275263e-41
0,0,1353,1675795218944,26.226262315705128,0.0
0,1,1353,1676189413171,26.23243147115072,5.07115901254508e-41
0,0,1354,1676590054400,26.2387015224359,0.0
0,1,1354,1677326809762,26.25023177336864,4.975170067738831e-41
0,0,1355,1677726390272,26.256485224358975,0.0
0,1,1355,1678464218127,26.268032259850138,5.061209793448374e-41
0,0,1356,1678862283264,26.274261995192308,0.0
0,1,1356,1679262922207,26.2805320107015,5.09035680150633e-41
0,0,1357,1680004744192,26.29214155448718,0.0
0,1,1357,1680745058559,26.30372750399076,4.999692790864515e-41
0,0,1358,1681482847232,26.315273926282053,0.0
0,1,1358,1681877538889,26.32145086652707,5.1117966680105e-41
0,0,1359,1682619612672,26.33306435096154,0.0
0,1,1359,1683015201716,26.33925533534906,4.907487351911942e-41
0,0,1360,1683414829568,26.34550952724359,0.0
0,1,1360,1684152408854,26.357052672619943,5.137300300061212e-41
0,0,1361,1684551662592,26.363301009615384,0.0
0,1,1361,1685289734273,26.374851860993214,4.92206085594092e-41
0,0,1362,1685688425984,26.38109140224359,0.0
0,1,1362,1686083199548,26.38726962433644,4.999132271478785e-41
0,0,1363,1686825088000,26.398880208333335,0.0
0,1,1363,1687220712359,26.40507174540202,5.290462222211914e-41
0,0,1364,1687961409024,26.416663677884618,0.0
0,1,1364,1688358326028,26.42287544489934,5.109694720314013e-41
0,0,1365,1688756122624,26.429100977564104,0.0
0,1,1365,1689495766130,26.44067642806616,5.006979542879004e-41
0,0,1366,1689892455936,26.44688463942308,0.0
0,1,1366,1690633238494,26.458477916134566,5.003336166871759e-41
0,0,1367,1691375826944,26.470099455128207,0.0
0,1,1367,1691770577223,26.47627731280987,5.039349537404907e-41
0,0,1368,1692512328192,26.487885745192308,0.0
0,1,1368,1692907834538,26.494075435352816,5.145147571461431e-41
0,0,1369,1693307212800,26.500325721153846,0.0
0,1,1369,1694045125651,26.511874086835814,5.047056678958694e-41
0,0,1370,1694443811328,26.518113533653846,0.0
0,1,1370,1694843622381,26.52437059265137,5.13155497635748e-41
0,0,1371,1695585556480,26.535981891025642,0.0
0,1,1371,1695980720460,26.54216622314453,5.182702370305336e-41
0,0,1372,1696721514496,26.55375967948718,0.0
0,1,1372,1697118090419,26.55996610857059,5.175275488444414e-41
0,0,1373,1697516040192,26.56619403846154,0.0
0,1,1373,1698260772412,26.57784912754157,5.109694720314013e-41
0,0,1374,1698657907712,26.584064310897435,0.0
0,1,1374,1699403428796,26.59573174573067,4.980915391442562e-41
0,0,1375,1700141611008,26.60728432692308,0.0
0,1,1375,1700879536823,26.61883289549216,5.010062399500518e-41
0,0,1376,1701278492160,26.625076562500002,0.0
0,1,1376,1702017244190,26.636638061366938,5.187326655237608e-41
0,0,1377,1702414904832,26.642861466346154,0.0
0,1,1377,1702815935477,26.649137612007337,5.135758871750455e-41
0,0,1378,1703556737024,26.660731185897436,0.0
0,1,1378,1703953628512,26.666942553585738,5.010622918886248e-41
0,0,1379,1704693467136,26.678521057692308,0.0
0,1,1379,1705086143144,26.68466645294972,4.898519041740263e-41
0,0,1380,1705482860032,26.690875088141027,0.0
0,1,1380,1706223883290,26.702472131817157,4.979373963131805e-41
0,0,1381,1706624844800,26.70874719551282,0.0
0,1,1381,1707361772927,26.720280150224735,4.973068120042343e-41
0,0,1382,1707761360896,26.72653371794872,0.0
0,1,1382,1708155136306,26.732696318891477,5.17331367059436e-41
0,0,1383,1708898262528,26.744326274038464,0.0
0,1,1383,1709292415644,26.750494786095253,5.062751221759132e-41
0,0,1384,1710035113984,26.762118044871794,0.0
0,1,1384,1710779593681,26.773769181956755,5.096662644595792e-41
0,0,1385,1711177515520,26.779996674679488,0.0
0,1,1385,1711917196095,26.791572705312877,5.052802002662425e-41
0,0,1386,1712314010112,26.797782860576923,0.0
0,1,1386,1713054575776,26.809372742888623,4.914774103926431e-41
0,0,1387,1713450614272,26.81557076121795,0.0
0,1,1387,1714197117995,26.8272535743909,4.951768383384606e-41
0,0,1388,1714592970240,26.833448677884615,0.0
0,1,1388,1714990187992,26.839665151617588,5.005438114568247e-41
0,0,1389,1715729441792,26.85123450320513,0.0
0,1,1389,1716122185517,26.857380958236305,5.002775647486029e-41
0,0,1390,1716860284416,26.868932235576924,0.0
0,1,1390,1717254012527,26.875094096288436,4.964239939717097e-41
0,0,1391,1717654942720,26.881368669871797,0.0
0,1,1391,1718396997620,26.89298185878656,5.115860433557042e-41
0,0,1392,1718796872704,26.899239919871796,0.0
0,1,1392,1719534445402,26.910782962145685,5.012724866582736e-41
0,0,1393,1719933474816,26.91702778846154,0.0
0,1,1393,1720672022225,26.92858608500163,4.914774103926431e-41
0,0,1394,1721411689472,26.940161907051284,0.0
0,1,1394,1722148231613,26.95168882106683,5.03724758970842e-41
0,0,1395,1722548048384,26.957945969551282,0.0
0,1,1395,1723285815074,26.969492047807744,4.975170067738831e-41
0,0,1396,1723684678144,26.975734270833335,0.0
0,1,1396,1724079250653,26.981909346407377,5.203021198038046e-41
0,0,1397,1724821463040,26.993525,0.0
0,1,1397,1725216309832,26.99970436811398,5.124268224342991e-41
0,0,1398,1725957890560,27.01131013621795,0.0
0,1,1398,1726353391018,27.01749973423102,4.984558767449807e-41
0,0,1399,1726752797184,27.02375045673077,0.0
0,1,1399,1727495504170,27.03537385081756,5.095121216285035e-41
0,0,1400,1727894923776,27.041624783653848,0.0
0,1,1400,1728288345319,27.04778184656388,4.949666435688119e-41
0,0,1401,1729026055680,27.05932704326923,0.0
0,1,1401,1729419901988,27.06549075376853,5.130574067432453e-41
0,0,1402,1730162654720,27.077114863782054,0.0
0,1,1402,1730901457726,27.08867716042543,5.026317461686686e-41
0,0,1403,1731299007488,27.094898830128205,0.0
0,1,1403,1731694509814,27.101088457375553,5.002355257946732e-41
0,0,1404,1732435645440,27.112687259615385,0.0
0,1,1404,1732831624277,27.11888434427897,4.945042150755847e-41
0,0,1405,1733572355072,27.130476810897438,0.0
0,1,1405,1733968850878,27.136681986146584,4.987221234532024e-41
0,0,1406,1734366983168,27.1429127724359,0.0
0,1,1406,1735106162988,27.154480966233475,5.010622918886248e-41
0,0,1407,1735503911936,27.16070575320513,0.0
0,1,1407,1735904630006,27.16697700705504,5.204562626348803e-41
0,0,1408,1736646029824,27.178579943910258,0.0
0,1,1408,1737041263714,27.184765370123447,5.13155497635748e-41
0,0,1409,1737782803456,27.196370496794874,0.0
0,1,1409,1738177819582,27.20255251499274,5.109694720314013e-41
0,0,1410,1738577584640,27.208808854166666,0.0
0,1,1410,1739319937344,27.220426703725963,5.092458749202818e-41
0,0,1411,1739719434752,27.226678854166668,0.0
0,1,1411,1740805899372,27.2436820689979,5.195734446023557e-41
0,0,1412,1741203988992,27.2499121875,0.0
0,1,1412,1741947912175,27.261554615118566,4.981475910828292e-41
0,0,1413,1742346734592,27.267796201923076,0.0
0,1,1413,1743090139509,27.27943051865798,4.995068505932243e-41
0,0,1414,1743489221632,27.285676169871795,0.0
0,1,1414,1743882642730,27.29183322581756,4.980915391442562e-41
0,0,1415,1744620870144,27.303386514423078,0.0
0,1,1415,1745013293666,27.309527958264475,5.042992913412152e-41
0,0,1416,1745410607104,27.31574592948718,0.0
0,1,1416,1746155546085,27.327404254385144,5.088254853809843e-41
0,0,1417,1746552780800,27.333620993589744,0.0
0,1,1417,1747297862506,27.345281552139674,5.169670294587115e-41
0,0,1418,1747695086080,27.35149811698718,0.0
0,1,1418,1748090771230,27.35769060543745,5.085171997188329e-41
0,0,1419,1748831265280,27.36927936698718,0.0
0,1,1419,1749227483267,27.37548019435785,4.977832534821048e-41
0,0,1420,1749967529984,27.387061955128207,0.0
0,1,1420,1750713978802,27.39874390903571,5.264958590161203e-41
0,0,1421,1751115072000,27.405021033653846,0.0
0,1,1421,1751862086999,27.416711848316684,4.996609934243e-41
0,0,1422,1752262724608,27.42298184294872,0.0
0,1,1422,1753004872926,27.434596493858926,4.974189158813803e-41
0,0,1423,1753404344320,27.440848237179488,0.0
0,1,1423,1753803382965,27.44709320796086,4.940838255362873e-41
0,0,1424,1754546336256,27.45872045673077,0.0
0,1,1424,1754940722713,27.46489262058356,5.024215513990199e-41
0,0,1425,1755682569728,27.476502556089745,0.0
0,1,1425,1756077942660,27.482690158315805,5.025756942300956e-41
0,0,1426,1756476853760,27.48893313301282,0.0
0,1,1426,1757220580628,27.50057248829377,4.946583579066604e-41
0,0,1427,1757618314240,27.50679703525641,0.0
0,1,1427,1758362938521,27.518450435086766,5.009081490575491e-41
0,0,1428,1758759140864,27.524651017628205,0.0
0,1,1428,1759156185669,27.5308647847337,4.990864610539268e-41
0,0,1429,1759895072256,27.542428389423076,0.0
0,1,1429,1760637129561,27.55404161597619,5.169109775201385e-41
0,0,1430,1761037089792,27.560301009615387,0.0
0,1,1430,1761774277823,27.571838031835313,4.910570208533456e-41
0,0,1431,1762173767168,27.578090056089746,0.0
0,1,1431,1762916433482,27.589712813658103,5.034585122626203e-41
0,0,1432,1763315789312,27.595962748397437,0.0
0,1,1432,1764058622408,27.60758811611078,5.050840184812371e-41
0,0,1433,1764457726976,27.613834118589743,0.0
0,1,1433,1764851655037,27.61999910852677,5.023094475218739e-41
0,0,1434,1765593916928,27.631615536858977,0.0
0,1,1434,1765988237534,27.637786670140976,5.01636824258998e-41
0,0,1435,1766388729856,27.64405439102564,0.0
0,1,1435,1767130631267,27.655665177831406,5.046636289419396e-41
0,0,1436,1767530783232,27.661927572115385,0.0
0,1,1436,1768272977891,27.6735429482641,5.07732472578811e-41
0,0,1437,1768672708096,27.67979874198718,0.0
0,1,1437,1769065729437,27.68594954171988,4.948685526763091e-41
0,0,1438,1769803506688,27.69749578525641,0.0
0,1,1438,1770546566324,27.709124698329827,5.112217057549798e-41
0,0,1439,1770945698304,27.715371129807693,0.0
0,1,1439,1771688867382,27.727001755652797,5.148230428082945e-41
0,0,1440,1772087475712,27.73323999198718,0.0
0,1,1440,1772830753207,27.744872314562677,4.96325903079207e-41
0,0,1441,1773229485568,27.75111249198718,0.0
0,1,1441,1773623670134,27.75728149623773,5.19195094016988e-41
0,0,1442,1774365713920,27.76889451121795,0.0
0,1,1442,1774760859868,27.775078561135317,4.980915391442562e-41
0,0,1443,1775501966848,27.786676915064103,0.0
0,1,1443,1775897715774,27.792870401611328,5.127911600350236e-41
0,0,1444,1776296406016,27.799109919871796,0.0
0,1,1444,1777040057281,27.810748091962765,5.024215513990199e-41
0,0,1445,1777438353920,27.816981450320515,0.0
0,1,1445,1778182617930,27.828629211895283,5.020011618597225e-41
0,0,1446,1778580460544,27.83485546474359,0.0
0,1,1446,1778975426812,27.84103670266176,5.020011618597225e-41
0,0,1447,1779716938240,27.85264138621795,0.0
0,1,1447,1780461760555,27.864297885288337,5.049719146040911e-41
0,0,1448,1780858767360,27.87051105769231,0.0
0,1,1448,1781604231093,27.882177594980092,5.125249133268018e-41
0,0,1449,1782000573952,27.888380376602566,0.0
0,1,1449,1782741359895,27.89997370628944,5.061209793448374e-41
0,0,1450,1783137118720,27.906167347756412,0.0
0,1,1450,1783539834101,27.91246985960349,4.985119286835537e-41
0,0,1451,1784278680064,27.924032828525643,0.0
0,1,1451,1784671394868,27.93017883094201,5.314564555798301e-41
0,0,1452,1785409368576,27.94172814903846,0.0
0,1,1452,1785802682747,27.94788353157239,5.126370172039478e-41
0,0,1453,1786540192768,27.95942559294872,0.0
0,1,1453,1786934141129,27.965590900581557,5.099745501217307e-41
0,0,1454,1787334824960,27.971861618589745,0.0
0,1,1454,1788076632147,27.983470930786133,5.083070049491841e-41
0,0,1455,1788476525056,27.989729270833333,0.0
0,1,1455,1789219254730,28.001353019988233,5.066394597766376e-41
0,0,1456,1789960013824,28.01294592948718,0.0
0,1,1456,1790705412362,28.024611446470605,4.984558767449807e-41
0,0,1457,1791101874688,28.03081609775641,0.0
0,1,1457,1791826723854,28.042160016244743,5.07115901254508e-41
0,0,1458,1792227233280,28.048428004807693,0.0
0,1,1458,1792619786194,28.054571473639072,4.999132271478785e-41
0,0,1459,1793357679616,28.066119535256412,0.0
0,1,1459,1793751514383,28.0722830651386,5.060649274062644e-41
0,0,1460,1794151692800,28.078545873397438,0.0
0,1,1460,1794894078626,28.090164241317357,4.972087211117316e-41
0,0,1461,1795293002240,28.096407411858976,0.0
0,1,1461,1796036506133,28.108043277572243,5.15187380409019e-41
0,0,1462,1796434353664,28.114269607371796,0.0
0,1,1462,1796829532126,28.120454166134564,5.088254853809843e-41
0,0,1463,1797570458624,28.132049695512823,0.0
0,1,1463,1797966627132,28.138249748535156,5.047617198344424e-41
0,0,1464,1798706211840,28.149824278846154,0.0
0,1,1464,1799103456922,28.15604118029472,4.936073840584168e-41
0,0,1465,1799842206208,28.16760263621795,0.0
0,1,1465,1800584712630,28.179222891470104,5.113898615706987e-41
0,0,1466,1801325259264,28.19081247596154,0.0
0,1,1466,1801721570068,28.197014755921977,5.041451485101394e-41
0,0,1467,1802461237248,28.20859057692308,0.0
0,1,1467,1802858440831,28.214806828910632,5.003336166871759e-41
0,0,1468,1803255434752,28.22101979967949,0.0
0,1,1468,1804001006593,28.232688028861805,5.028839798922471e-41
0,0,1469,1804396719616,28.23888095352564,0.0
0,1,1469,1804794243521,28.24510221856533,5.039769926944205e-41
0,0,1470,1805532548096,28.256656714743592,0.0
0,1,1470,1805925948683,28.262813449691382,4.992406038850026e-41
0,0,1471,1806668538880,28.27443501602564,0.0
0,1,1471,1807063217262,28.280611748516378,5.112777576935528e-41
0,0,1472,1807804666368,28.29221545673077,0.0
0,1,1472,1808200706519,28.298413500960912,4.953870331081093e-41
0,0,1473,1808599100928,28.30464838942308,0.0
0,1,1473,1809338237245,28.316215902396962,4.98301733913905e-41
0,0,1474,1809734889984,28.322423533653847,0.0
0,1,1474,1810480939709,28.33409924173991,5.082089140566814e-41
0,0,1475,1811223526912,28.34572076121795,0.0
0,1,1475,1811967259125,28.357360200148364,5.000253310250245e-41
0,0,1476,1812364783616,28.363581474358977,0.0
0,1,1476,1813109716855,28.375239709394407,5.050840184812371e-41
0,0,1477,1813506464768,28.381448830128207,0.0
0,1,1477,1813902852402,28.387652312481222,4.890811900186477e-41
0,0,1478,1814642745344,28.39923166666667,0.0
0,1,1478,1815040232600,28.405452358148036,5.046636289419396e-41
0,0,1479,1815779117568,28.4170159375,0.0
0,1,1479,1816171834332,28.423161970590446,5.003336166871759e-41
0,0,1480,1816568472064,28.42936936698718,0.0
0,1,1480,1817314372444,28.44104273781801,5.190970031244852e-41
0,0,1481,1817710352896,28.44723984775641,0.0
0,1,1481,1818456616681,28.45891890589005,4.933551503348383e-41
0,0,1482,1818852576256,28.465115689102564,0.0
0,1,1482,1819249669275,28.471330210759092,5.070037973773621e-41
0,0,1483,1820336199680,28.488334455128207,0.0
0,1,1483,1821080099196,28.49997651235727,5.081528621181084e-41
0,0,1484,1821478120960,28.506205568910257,0.0
0,1,1484,1821872874292,28.512383474371497,5.087273944884816e-41
0,0,1485,1822614498816,28.523989927884617,0.0
0,1,1485,1823009891477,28.53017783887032,5.103388877224551e-41
0,0,1486,1823750365696,28.541766290064103,0.0
0,1,1486,1824146899456,28.54797205929487,5.03724758970842e-41
0,0,1487,1824544987136,28.5542021474359,0.0
0,1,1487,1825289329545,28.56585113595816,5.075783297477352e-41
0,0,1488,1825686615040,28.572068669871797,0.0
0,1,1488,1826082386750,28.578262512989536,5.000673699789542e-41
0,0,1489,1826822894080,28.589851482371795,0.0
0,1,1489,1827219323039,28.596055611462717,4.957513707088338e-41
0,0,1490,1827959154688,28.607634006410258,0.0
0,1,1490,1828356444173,28.613851602767554,4.965781368027854e-41
0,0,1491,1828753429504,28.620064439102563,0.0
0,1,1491,1829498833293,28.631730038264347,5.013705775507763e-41
0,0,1492,1829894819840,28.637927243589743,0.0
0,1,1492,1830985494203,28.654996341067584,4.951207863998876e-41
0,0,1493,1831383331328,28.66122250801282,0.0
0,1,1493,1832128250431,28.672880521819287,5.208206002356048e-41
0,0,1494,1832525135872,28.679091794871795,0.0
0,1,1494,1833265681324,28.690681360864886,4.978813443746075e-41
0,0,1495,1833661393408,28.696874270833334,0.0
0,1,1495,1834058926941,28.70309568655161,4.911551117458484e-41
0,0,1496,1834797615104,28.714656185897436,0.0
0,1,1496,1835190499500,28.7208048424354,5.028419409383174e-41
0,0,1497,1835927934976,28.73234573717949,0.0
0,1,1497,1836321919474,28.738511610357822,5.022113566293712e-41
0,0,1498,1836722398208,28.744779118589744,0.0
0,1,1498,1837464259956,28.756389284667968,5.011183438271978e-41
0,0,1499,1837863559168,28.762638333333335,0.0
0,1,1499,1838606345462,28.7742629685935,5.024776033375929e-41
0,0,1500,1839005097472,28.780503453525643,0.0
0,1,1500,1839748556414,28.792138615753956,5.248283138435737e-41
0,0,1501,1840146539520,28.798367067307694,0.0
0,1,1501,1840891065854,28.81001893426357,5.156077699483164e-41
0,0,1502,1841287771136,28.816227387820515,0.0
0,1,1502,1842033316222,28.827895198286008,5.117962381253529e-41
0,0,1503,1842429199360,28.83409078525641,0.0
0,1,1503,1842826296124,28.840305365522337,4.946583579066604e-41
0,0,1504,1843565248512,28.85187,0.0
0,1,1504,1843957687933,28.858011692661385,4.891232289725774e-41
0,0,1505,1844695435264,28.86955746794872,0.0
0,1,1505,1845089055687,28.875717643338717,4.94237968367363e-41
0,0,1506,1845489722368,28.88198809294872,0.0
0,1,1506,1846236929900,28.893681920760717,5.087273944884816e-41
0,0,1507,1846636675072,28.899937948717948,0.0
0,1,1507,1847374368469,28.911482879936024,4.964800459102827e-41
0,0,1508,1847772909568,28.917720064102564,0.0
0,1,1508,1848167685272,28.9238983196865,5.01692876197571e-41
0,0,1509,1848909254656,28.93550391025641,0.0
0,1,1509,1849305049078,28.94169810881786,4.86783060537155e-41
0,0,1510,1850045443584,28.9532853125,0.0
0,1,1510,1850786550541,28.964883666068836,5.008520971189761e-41
0,0,1511,1851186995200,28.97115064102564,0.0
0,1,1511,1851929295505,28.982767670538486,5.153415232400947e-41
0,0,1512,1852328745984,28.989019086538462,0.0
0,1,1512,1853071999003,29.00065102606358,5.053923041433885e-41
0,0,1513,1853470435328,29.006886570512822,0.0
0,1,1513,1853865334743,29.013066762178862,4.986100195760564e-41
0,0,1514,1854606856704,29.024671610576924,0.0
0,1,1514,1855002082100,29.030856903858673,5.005438114568247e-41
0,0,1515,1855742879744,29.042450416666668,0.0
0,1,1515,1856139024028,29.048650090582434,5.034585122626203e-41
0,0,1516,1856537205760,29.054881650641025,0.0
0,1,1516,1857281371166,29.066527869059247,5.011743957657708e-41
0,0,1517,1857678572544,29.072744086538464,0.0
0,1,1517,1858418615699,29.084325791563376,5.083630568877571e-41
0,0,1518,1858814599680,29.09052295673077,0.0
0,1,1518,1859555795188,29.102122696126305,5.187326655237608e-41
0,0,1519,1860297767424,29.113734591346155,0.0
0,1,1519,1861042707491,29.12539293324006,5.107032253231796e-41
0,0,1520,1861439264256,29.1315990625,0.0
0,1,1520,1862185281964,29.14327426951873,4.98245681975332e-41
0,0,1521,1862580834816,29.1494646875,0.0
0,1,1521,1862978352477,29.155685854820838,5.025756942300956e-41
0,0,1522,1863717157376,29.167248181089743,0.0
0,1,1522,1864110091946,29.173397622852814,4.985679806221267e-41
0,0,1523,1864847971840,29.18494547275641,0.0
0,1,1523,1865242124277,29.191113974186823,5.17163211243717e-41
0,0,1524,1865642775552,29.197384182692307,0.0
0,1,1524,1866384596853,29.208993715773364,5.040330446329935e-41
0,0,1525,1866784930304,29.215258950320514,0.0
0,1,1525,1867527238399,29.22687610174717,5.055464469744643e-41
0,0,1526,1867926930432,29.233131298076923,0.0
0,1,1526,1868320088246,29.23928423361754,5.169109775201385e-41
0,0,1527,1869057495552,29.2508246875,0.0
0,1,1527,1869800831936,29.262457931690705,5.079426673484597e-41
0,0,1528,1870199302656,29.268694014423076,0.0
0,1,1528,1870943460174,29.28034010939378,4.902722937133237e-41
0,0,1529,1871340983808,29.28656137019231,0.0
0,1,1529,1872086201040,29.29822404972957,5.119503809564287e-41
0,0,1530,1872482809856,29.304430993589744,0.0
0,1,1530,1873223572020,29.316023951134316,5.060088754676914e-41
0,0,1531,1873619509248,29.322220384615385,0.0
0,1,1531,1874016692716,29.328436321802386,5.021132657368685e-41
0,0,1532,1874755671552,29.340001370192308,0.0
0,1,1532,1875148066101,29.346142360605093,5.07676420640238e-41
0,0,1533,1875886664192,29.357701450320512,0.0
0,1,1533,1876279506552,29.363849448993392,5.138281208986239e-41
0,0,1534,1876675618816,29.370048621794872,0.0
0,1,1534,1877421769213,29.38172590540177,5.19251145955561e-41
0,0,1535,1877817244672,29.38791511217949,0.0
0,1,1535,1878220137426,29.394220399921124,5.001234219175272e-41
0,0,1536,1878959000064,29.405783629807694,0.0
0,1,1536,1879701186793,29.41739888185159,4.978813443746075e-41
0,0,1537,1880442086912,29.428993998397438,0.0
0,1,1537,1880837983309,29.43518979287172,5.092458749202818e-41
0,0,1538,1881577841664,29.446768605769233,0.0
0,1,1538,1881975226805,29.45298769914676,5.03780810909415e-41
0,0,1539,1882372228608,29.459200793269233,0.0
0,1,1539,1883112446733,29.470785236581655,4.909028780222699e-41
0,0,1540,1883508001280,29.476975681089744,0.0
0,1,1540,1883911112948,29.48328439484425,5.020011618597225e-41
0,0,1541,1884649800704,29.494844887820513,0.0
0,1,1541,1885043187765,29.501001411085863,5.156638218868894e-41
0,0,1542,1885780589568,29.512541778846156,0.0
0,1,1542,1886175331708,29.518719509152145,4.952328902770336e-41
0,0,1543,1886575134208,29.524976434294874,0.0
0,1,1543,1887312990441,29.53652391390287,5.031502266004688e-41
0,0,1544,1887711060480,29.54275372596154,0.0
0,1,1544,1888450278483,29.554322517324596,5.109694720314013e-41
0,0,1545,1888847390208,29.56053733173077,0.0
0,1,1545,1889243496971,29.566736418441383,5.03612655093696e-41
0,0,1546,1889983738368,29.57832122596154,0.0
0,1,1546,1890380631412,29.584532618001305,5.068496545462863e-41
0,0,1547,1891120473600,29.596111177884616,0.0
0,1,1547,1891857187946,29.607640786915315,5.051260574351668e-41
0,0,1548,1892598717952,29.61924576121795,0.0
0,1,1548,1893000162291,29.625528381206806,5.189428602934095e-41
0,0,1549,1893741077504,29.63712373397436,0.0
0,1,1549,1894137340769,29.643325269947542,5.008520971189761e-41
0,0,1550,1894877521920,29.654909134615387,0.0
0,1,1550,1895274121403,29.661115932413736,4.971526691731586e-41
0,0,1551,1896013627392,29.672689230769233,0.0
0,1,1551,1896411359772,29.67891375845102,4.947003968605902e-41
0,0,1552,1896808474112,29.68512861378205,0.0
0,1,1552,1897553931179,29.696795046746672,5.061209793448374e-41
0,0,1553,1897950706688,29.703004599358977,0.0
0,1,1553,1898352394114,29.70929102366912,5.006979542879004e-41
0,0,1554,1899092988416,29.720881354166668,0.0
0,1,1554,1899839370933,29.732562270460864,5.114879524632015e-41
0,0,1555,1900582243840,29.74418826121795,0.0
0,1,1555,1901326103534,29.75582969523112,5.046075770033666e-41
0,0,1556,1901724021248,29.762057123397437,0.0
0,1,1556,1902468617587,29.773710085934372,5.046636289419396e-41
0,0,1557,1902865876992,29.779927211538464,0.0
0,1,1557,1903261664554,29.786121302740636,5.039349537404907e-41
0,0,1558,1904002057216,29.797708477564104,0.0
0,1,1558,1904398912666,29.80391928125626,4.97573058712456e-41
0,0,1559,1904796739584,29.810145288461538,0.0
0,1,1559,1905536264182,29.821718878048628,5.065834078380646e-41
0,0,1560,1905932844032,29.827925368589746,0.0
0,1,1560,1906678938996,29.83960178466797,5.210728339591832e-41
0,0,1561,1907074872832,29.845798165064103,0.0
0,1,1561,1907472190262,29.85201619876177,5.052802002662425e-41
0,0,1562,1908211076608,29.86357979967949,0.0
0,1,1562,1908604390015,29.869735170256785,4.975170067738831e-41
0,0,1563,1909342191616,29.881281794871796,0.0
0,1,1563,1910080729462,29.89283994175055,5.060088754676914e-41
0,0,1564,1910820356096,29.90441512820513,0.0
0,1,1564,1911218183900,29.910641149276344,5.092458749202818e-41
0,0,1565,1911956987904,29.922203461538462,0.0
0,1,1565,1912350031904,29.928354615885418,4.993947467160783e-41
0,0,1566,1913087866880,29.939901762820515,0.0
0,1,1566,1913482146164,29.94607224941156,5.091898229817088e-41
0,0,1567,1913882820096,29.9523428125,0.0
0,1,1567,1914619688158,29.96387482719226,5.050279665426641e-41
0,0,1568,1915019616768,29.97013372596154,0.0
0,1,1568,1915757081157,29.981675073195238,4.986100195760564e-41
0,0,1569,1916156127744,29.98792016826923,0.0
0,1,1569,1916550298105,29.994088950210962,5.139402247757699e-41
0,0,1570,1917292489728,30.005704278846153,0.0
0,1,1570,1917687710047,30.01188949267265,4.944481631370117e-41
0,0,1571,1918429354496,30.02349625801282,0.0
0,1,1571,1918825043152,30.02968880133213,5.134217443439697e-41
0,0,1572,1919224210944,30.035935793269232,0.0
0,1,1572,1919962543672,30.04749073004307,5.183122759844633e-41
0,0,1573,1920702230528,30.05906685897436,0.0
0,1,1573,1921099822997,30.065289197043395,5.108153292003256e-41
0,0,1574,1921838900224,30.076855785256413,0.0
0,1,1574,1922231494368,30.082999899338944,5.065413688841349e-41
0,0,1575,1922628323840,30.08921029647436,0.0
0,1,1575,1923374092908,30.100881612267127,4.991845519464296e-41
0,0,1576,1923770167296,30.107080192307695,0.0
0,1,1576,1924516949996,30.118767371481873,5.072700440855838e-41
0,0,1577,1924917313024,30.12503306891026,0.0
0,1,1577,1925310128556,30.13118064772386,5.060088754676914e-41
0,0,1578,1926048001024,30.142728381410258,0.0
0,1,1578,1926442040052,30.14889510798528,5.171211722897872e-41
0,0,1579,1927184643072,30.160516875000003,0.0
0,1,1579,1927579527776,30.1666968364383,5.05756641744113e-41
0,0,1580,1927979344384,30.172953982371794,0.0
0,1,1580,1928722228704,30.18458015174279,5.01692876197571e-41
0,0,1581,1929462893056,30.196171578525643,0.0
0,1,1581,1930203808501,30.207766934924003,5.065834078380646e-41
0,0,1582,1930604741120,30.21404154647436,0.0
0,1,1582,1931346775685,30.22565441714556,4.980354872056832e-41
0,0,1583,1931746723328,30.23191361378205,0.0
0,1,1583,1932489497109,30.243538053213268,5.001234219175272e-41
0,0,1584,1932888393728,30.249780801282053,0.0
0,1,1584,1933632014237,30.26141849204039,5.050279665426641e-41
0,0,1585,1934030105600,30.267648637820514,0.0
0,1,1585,1934424978762,30.273828418626053,5.010062399500518e-41
0,0,1586,1935166269440,30.285429647435897,0.0
0,1,1586,1935562441911,30.291629762479342,5.025196422915226e-41
0,0,1587,1936302333440,30.30320909455128,0.0
0,1,1587,1936699701276,30.30942791710487,5.059668365137617e-41
0,0,1588,1937096863232,30.315643517628207,0.0
0,1,1588,1937842278813,30.327309301335262,5.07115901254508e-41
0,0,1589,1938238219776,30.333505793269232,0.0
0,1,1589,1938979663122,30.345109411339394,5.052381613123128e-41
0,0,1590,1939380002816,30.351374743589744,0.0
0,1,1590,1940461493283,30.36830011272724,4.991845519464296e-41
0,0,1591,1941198812160,30.379839182692308,0.0
0,1,1591,1941593556853,30.38601695295285,5.005998633953977e-41
0,0,1592,1942335024128,30.39762094551282,0.0
0,1,1592,1942731558621,30.40382672621507,5.018470190286467e-41
0,0,1593,1943471015936,30.415399262820515,0.0
0,1,1593,1943863754795,30.421545641698593,4.977272015435318e-41
0,0,1594,1944259962368,30.427746306089745,0.0
0,1,1594,1945006477749,30.439429301710863,5.218575610992051e-41
0,0,1595,1945407535616,30.445705873397436,0.0
0,1,1595,1946149244735,30.457313650825697,5.118522900639259e-41
0,0,1596,1946549332992,30.463575048076923,0.0
0,1,1596,1946942585589,30.469729466975288,5.170651203512143e-41
0,0,1597,1947679911424,30.481268645833335,0.0
0,1,1597,1948074196559,30.487439223992766,5.070037973773621e-41
0,0,1598,1948816044032,30.49904916666667,0.0
0,1,1598,1949211257771,30.5052342775159,5.171211722897872e-41
0,0,1599,1950299345408,30.522262892628206,0.0
0,1,1599,1951042002579,30.53388550710825,5.115860433557042e-41
0,0,1600,1951441410048,30.54013625,0.0
0,1,1600,1951840283756,30.546378639510717,5.048177717730153e-41
0,0,1601,1952578004992,30.557924006410257,0.0
0,1,1601,1953321237373,30.569555622949846,5.017909670900737e-41
0,0,1602,1953720242688,30.575800072115385,0.0
0,1,1602,1954114360117,30.581968025669198,5.002355257946732e-41
0,0,1603,1954857174528,30.593593100961538,0.0
0,1,1603,1955251281057,30.599760883929914,4.96325903079207e-41
0,0,1604,1955651741696,30.60602810897436,0.0
0,1,1604,1956393588254,30.617638037328476,5.062190702373402e-41
0,0,1605,1956794023424,30.62390486378205,0.0
0,1,1605,1957536151981,30.635519205431816,5.085171997188329e-41
0,0,1606,1957936134656,30.641778950320514,0.0
0,1,1606,1958329211743,30.647930622480345,4.9418191642879e-41
0,0,1607,1959066814464,30.659474134615387,0.0
0,1,1607,1959809681529,30.67110003394494,4.994507986546513e-41
0,0,1608,1960208494080,30.677341466346153,0.0
0,1,1608,1960952221188,30.688980825383116,5.021553046907982e-41
0,0,1609,1961349638144,30.69520041666667,0.0
0,1,1609,1962095043466,30.706866039819964,5.049158626655181e-41
0,0,1610,1962490982400,30.7130625,0.0
0,1,1610,1962888434493,30.719282641179014,5.072139921470108e-41
0,0,1611,1963626759168,30.73083745192308,0.0
0,1,1611,1964020519576,30.736999818083934,4.897538132815236e-41
0,0,1612,1964421487616,30.74327498397436,0.0
0,1,1612,1965163390499,30.75488579381698,5.062190702373402e-41
0,0,1613,1965563381248,30.761145665064102,0.0
0,1,1613,1966306027421,30.772768107425005,4.98301733913905e-41
0,0,1614,1966704979968,30.77901173076923,0.0
0,1,1614,1967099008341,30.785178290593073,4.987221234532024e-41
0,0,1615,1967841069056,30.79679157051282,0.0
0,1,1615,1968236064958,30.802973272204277,5.049158626655181e-41
0,0,1616,1968977542144,30.814577419871796,0.0
0,1,1616,1970061420432,30.831540158503607,5.050279665426641e-41
0,0,1617,1970461557760,30.83780232371795,0.0
0,1,1617,1971199016180,30.84934357753656,4.945462540295144e-41
0,0,1618,1971597837824,30.85558515224359,0.0
0,1,1618,1971992413355,30.861760275112054,5.207645482970318e-41
0,0,1619,1972733886976,30.87336436698718,0.0
0,1,1619,1973129861654,30.87956138656225,5.073681349780865e-41
0,0,1620,1973869930496,30.891143493589745,0.0
0,1,1620,1974267185539,30.89736055092836,5.006979542879004e-41
0,0,1621,1974664560128,30.903579479166666,0.0
0,1,1621,1975409857295,30.91524340968988,5.006979542879004e-41
0,0,1622,1975806540288,30.92145151442308,0.0
0,1,1622,1976203016893,30.92765638917581,5.035706161397663e-41
0,0,1623,1976942491136,30.939229190705127,0.0
0,1,1623,1977340352555,30.94545573785244,5.030941746618958e-41
0,0,1624,1978078333952,30.957005176282053,0.0
0,1,1624,1978471936373,30.96316506994003,5.046636289419396e-41
0,0,1625,1979214534656,30.974786762820514,0.0
0,1,1625,1979953550992,30.98635239808694,4.857881386274843e-41
0,0,1626,1980350833152,30.992569879807693,0.0
0,1,1626,1981096415250,31.00423826951247,5.087273944884816e-41
0,0,1627,1981492401152,31.01043546474359,0.0
0,1,1627,1982238980500,31.02211946145082,5.069057064848593e-41
0,0,1628,1982639387136,31.028385841346154,0.0
0,1,1628,1983031933779,31.034529212036134,4.932990983962654e-41
0,0,1629,1983769612800,31.046073918269233,0.0
0,1,1629,1984163416226,31.052236957663514,5.053362522048155e-41
0,0,1630,1984564200960,31.058509254807692,0.0
0,1,1630,1985311506495,31.070204616370567,4.971526691731586e-41
0,0,1631,1985711077376,31.07645791666667,0.0
0,1,1631,1986454038472,31.088085287585137,5.086152906113356e-41
0,0,1632,1986852768768,31.094325432692308,0.0
0,1,1632,1987247015800,31.100495414538262,5.05812693682686e-41
0,0,1633,1987989000192,31.1121075,0.0
0,1,1633,1988383963869,31.118288697368918,5.080968101795354e-41
0,0,1634,1989124877312,31.1298840224359,0.0
0,1,1634,1989870834207,31.14155827772874,4.950226955073849e-41
0,0,1635,1990608451584,31.15310201923077,0.0
0,1,1635,1991002871641,31.159274708924904,5.079426673484597e-41
0,0,1636,1991403049984,31.16553751602564,0.0
0,1,1636,1992140345553,31.177076221219576,4.861524762282088e-41
0,0,1637,1992539020288,31.183315496794872,0.0
0,1,1637,1993283129436,31.194960834773138,5.130574067432453e-41
0,0,1638,1993680941568,31.201186610576922,0.0
0,1,1638,1994076182545,31.20737214770195,4.997030323782298e-41
0,0,1639,1994816858624,31.218963758012823,0.0
0,1,1639,1995213176684,31.225166151529947,4.990864610539268e-41
0,0,1640,1995952660992,31.236739110576924,0.0
0,1,1640,1996350154459,31.242959899260693,5.084191088263301e-41
0,0,1641,1996747304960,31.249175320512823,0.0
0,1,1641,1997492286034,31.26083430416792,5.008520971189761e-41
0,0,1642,1997888783872,31.26703951121795,0.0
0,1,1642,1998634615259,31.278711802305565,5.088815373195573e-41
0,0,1643,1999035488256,31.284985480769233,0.0
0,1,1643,1999782587764,31.296677618001304,4.90118150882248e-41
0,0,1644,2000182405632,31.302934783653846,0.0
0,1,1644,2000919767777,31.31447453076485,5.120064328950017e-41
0,0,1645,2001318332416,31.320712083333333,0.0
0,1,1645,2002062462044,31.33235774182442,4.938175788280655e-41
0,0,1646,2002459882496,31.338577387820514,0.0
0,1,1646,2002855562270,31.34476979213617,5.079987192870327e-41
0,0,1647,2003595831808,31.356355040064102,0.0
0,1,1647,2003992625537,31.362564877820137,5.024776033375929e-41
0,0,1648,2004390621184,31.368793525641028,0.0
0,1,1648,2005129981164,31.38036453894982,4.956953187702608e-41
0,0,1649,2005527119360,31.386579767628206,0.0
0,1,1649,2006267272270,31.398163190323267,5.01636824258998e-41
0,0,1650,2006662947840,31.404355528846153,0.0
0,1,1650,2007060572166,31.410578365478518,4.971526691731586e-41
0,0,1651,2007799223296,31.422138285256413,0.0
0,1,1651,2008192448332,31.42829227282402,5.075783297477352e-41
0,0,1652,2008930018304,31.4398352724359,0.0
0,1,1652,2009673320541,31.451467982224685,5.018470190286467e-41
0,0,1653,2010413156864,31.463046450320515,0.0
0,1,1653,2010810681794,31.469267731401494,5.022674085679442e-41
0,0,1654,2011549323264,31.4808275,0.0
0,1,1654,2011942573331,31.486981879303762,4.967322796338612e-41
0,0,1655,2012338395648,31.493176514423077,0.0
0,1,1655,2013085199511,31.504864024799055,5.01636824258998e-41
0,0,1656,2013485241856,31.511124703525642,0.0
0,1,1656,2013878374466,31.517277244622647,4.984558767449807e-41
0,0,1657,2014616151040,31.528823477564103,0.0
0,1,1657,2015010268567,31.53499143265162,4.899079561125993e-41
0,0,1658,2015752595456,31.54660887820513,0.0
0,1,1658,2016147477236,31.552788793882712,5.169109775201385e-41
0,0,1659,2016547399168,31.559047588141027,0.0
0,1,1659,2017290000501,31.570669328754132,4.992966558235756e-41
0,0,1660,2017688974336,31.57691328525641,0.0
0,1,1660,2018432534517,31.588550031879134,5.051260574351668e-41
0,0,1661,2018830467584,31.594777700320513,0.0
0,1,1661,2019575081856,31.606430943509615,4.988762662842781e-41
0,0,1662,2020314045440,31.61799575320513,0.0
0,1,1662,2020706799296,31.62414236678686,5.047617198344424e-41
0,0,1663,2021445465600,31.63570252403846,0.0
0,1,1663,2021838416398,31.641852219770385,5.042432394026422e-41
0,0,1664,2022576410624,31.65340185897436,0.0
0,1,1664,2022970167125,31.65956416399051,5.048738237115883e-41
0,0,1665,2023370884608,31.665835408653848,0.0
0,1,1665,2024107483320,31.677363208007815,5.089375892581303e-41
0,0,1666,2024506930176,31.683614567307693,0.0
0,1,1666,2024905885831,31.689858239292242,5.039349537404907e-41
0,0,1667,2025643004928,31.701394182692308,0.0
0,1,1667,2026037588433,31.707569430354194,5.047056678958694e-41
0,0,1668,2026779627520,31.719182371794872,0.0
0,1,1668,2027174879029,31.725368073746118,5.038228498633447e-41
0,0,1669,2027574339584,31.7316196474359,0.0
0,1,1669,2028317450935,31.74324936985114,5.107032253231796e-41
0,0,1670,2029058328576,31.754844134615386,0.0
0,1,1670,2029798777799,31.76643219462077,5.09035680150633e-41
0,0,1671,2030195435008,31.772639895833333,0.0
0,1,1671,2030941650777,31.78431820251465,4.961717602481312e-41
0,0,1672,2031337949696,31.79052029647436,0.0
0,1,1672,2031734865161,31.796732039403672,5.005998633953977e-41
0,0,1673,2032474820608,31.808312371794873,0.0
0,1,1673,2032872631918,31.814538134734327,4.926685140873192e-41
0,0,1674,2033610949632,31.82609283653846,0.0
0,1,1674,2034004429750,31.83225081614959,5.100306020603037e-41
0,0,1675,2034400256512,31.838445520833336,0.0
0,1,1675,2035147112247,31.850133843008187,4.989323182228511e-41
0,0,1676,2035547862016,31.856405592948718,0.0
0,1,1676,2035945565964,31.862629675668572,4.975170067738831e-41
0,0,1677,2036684329472,31.87419135416667,0.0
0,1,1677,2037076835927,31.880334095912836,5.006979542879004e-41
0,0,1678,2037815683072,31.891897083333333,0.0
0,1,1678,2038208190354,31.898039838022086,4.996609934243e-41
0,0,1679,2038946534912,31.909594959935898,0.0
0,1,1679,2039688973472,31.921214153145034,4.994507986546513e-41
0,0,1680,2040088494080,31.927466666666668,0.0
0,1,1680,2040831080482,31.939088173609026,5.141924584993484e-41
0,0,1681,2041230340608,31.945336610576923,0.0
0,1,1681,2041973217700,31.95696266682943,5.101847448913794e-41
0,0,1682,2042372060160,31.96320456730769,0.0
0,1,1682,2043115590444,31.974840846041168,5.03780810909415e-41
0,0,1683,2043513248256,31.98106420673077,0.0
0,1,1683,2043908630745,31.987251958524265,5.104930305535309e-41
0,0,1684,2044649327616,31.99884389423077,0.0
0,1,1684,2045045711937,32.0050473247352,4.987221234532024e-41
0,0,1685,2045785319424,32.01662221153846,0.0
0,1,1685,2046182857121,32.02284369242351,5.001794738561002e-41
0,0,1686,2046580077056,32.029060200320515,0.0
0,1,1686,2047325307693,32.04072308964656,5.001794738561002e-41
0,0,1687,2047722010624,32.04693150641026,0.0
0,1,1687,2048118096605,32.053130267881734,5.0570058980554e-41
0,0,1688,2048858241024,32.06471355769231,0.0
0,1,1688,2049604780568,32.07639693146535,4.979373963131805e-41
0,0,1689,2050347707904,32.08802377403846,0.0
0,1,1689,2050742081397,32.094195735004135,5.089796282120601e-41
0,0,1690,2051483853312,32.10580449519231,0.0
0,1,1690,2051879553249,32.11199721505972,5.052381613123128e-41
0,0,1691,2052278453248,32.118240016025645,0.0
0,1,1691,2053016818257,32.129795457998426,4.993386947775053e-41
0,0,1692,2053414412800,32.136017828525645,0.0
0,1,1692,2054159266773,32.147674823045,5.070598493159351e-41
0,0,1693,2054555830272,32.15388105769231,0.0
0,1,1693,2054952016255,32.160081384199096,5.106051344306768e-41
0,0,1694,2055691834368,32.17165956730769,0.0
0,1,1694,2056088895200,32.17787358523638,5.081528621181084e-41
0,0,1695,2056827749376,32.18943668269231,0.0
0,1,1695,2057220332069,32.19558061756623,5.033043694315445e-41
0,0,1696,2057616798720,32.201785336538464,0.0
0,1,1696,2058362961844,32.21346281932342,5.122166276646504e-41
0,0,1697,2059105424896,32.22508239583333,0.0
0,1,1697,2059849488092,32.23672701466096,5.008520971189761e-41
0,0,1698,2060246902272,32.2429465625,0.0
0,1,1698,2060991602271,32.25460114732009,5.032062785390418e-41
0,0,1699,2061388395008,32.26081096955128,0.0
0,1,1699,2061784561179,32.26701098599948,5.013285385968466e-41
0,0,1700,2062524661248,32.27859358173077,0.0
0,1,1700,2062921154935,32.28479872381748,5.086152906113356e-41
0,0,1701,2063660355072,32.29636723557692,0.0
0,1,1701,2064057926362,32.30258924219376,5.027858889997444e-41
0,0,1702,2064454898688,32.308801875,0.0
0,1,1702,2065200306266,32.320467533459784,5.006979542879004e-41
0,0,1703,2065596616704,32.32666980769231,0.0
0,1,1703,2065993200146,32.332876354448366,4.872595020150254e-41
0,0,1704,2066732343296,32.344443974358974,0.0
0,1,1704,2067124637017,32.35058338680952,4.994507986546513e-41
0,0,1705,2067862596608,32.36213248397436,0.0
0,1,1705,2068256085143,32.368290595311876,4.909589299608429e-41
0,0,1706,2068993252864,32.37982729967949,0.0
0,1,1706,2069387694564,32.38600032808744,4.98301733913905e-41
0,0,1707,2070128780288,32.39759834935897,0.0
0,1,1707,2070524668749,32.40379401963454,4.981475910828292e-41
0,0,1708,2071264558592,32.415373325320516,0.0
0,1,1708,2071661706924,32.4215887126277,5.070598493159351e-41
0,0,1709,2072400285696,32.433147500000004,0.0
0,1,1709,2072793351661,32.439298998100085,4.917296441162216e-41
0,0,1710,2073189208576,32.44549417467949,0.0
0,1,1710,2073935925107,32.457180318306165,4.973628639428073e-41
0,0,1711,2074335839232,32.46343899038462,0.0
0,1,1711,2075078306043,32.47505862572303,4.97629110651029e-41
0,0,1712,2075477208064,32.481301458333334,0.0
0,1,1712,2075871216812,32.48746771102514,5.134637832978995e-41
0,0,1713,2076613171712,32.4990793349359,0.0
0,1,1713,2077007812118,32.50525547310071,5.161823023186896e-41
0,0,1714,2077749540352,32.516863549679485,0.0
0,1,1714,2078144468852,32.523044196526946,5.104930305535309e-41
0,0,1715,2078885910528,32.53464778846154,0.0
0,1,1715,2079630479518,32.54630032298553,5.004877595182517e-41
0,0,1716,2080027757056,32.5525177323718,0.0
0,1,1716,2080772331038,32.564170345020784,5.108573681542553e-41
0,0,1717,2081169876992,32.57039195512821,0.0
0,1,1717,2081914574757,32.5820465049861,5.043973822337179e-41
0,0,1718,2082312267776,32.58827041666667,0.0
0,1,1718,2082707458398,32.594455165733926,4.92206085594092e-41
0,0,1719,2083448609280,32.60605420673077,0.0
0,1,1719,2083844183229,32.612244954880936,5.019451099211495e-41
0,0,1720,2084585260032,32.623842836538465,0.0
0,1,1720,2084981072923,32.6300373241405,5.088254853809843e-41
0,0,1721,2085380015104,32.63628078525641,0.0
0,1,1721,2086123429791,32.647915254892204,5.063311741144862e-41
0,0,1722,2086522110464,32.65415462339744,0.0
0,1,1722,2087265777952,32.665793049379005,4.949105916302389e-41
0,0,1723,2087664282624,32.67202966346154,0.0
0,1,1723,2088058747609,32.67820305628067,5.050840184812371e-41
0,0,1724,2088800582144,32.68981279647436,0.0
0,1,1724,2089545093652,32.70146443140275,5.087834464270546e-41
0,0,1725,2089942351360,32.70768153044872,0.0
0,1,1725,2090687266198,32.719339477507766,4.965781368027854e-41
0,0,1726,2091084474368,32.725555801282056,0.0
0,1,1726,2091829489423,32.737215316741164,5.023094475218739e-41
0,0,1727,2092226401792,32.743427011217946,0.0
0,1,1727,2092622377677,32.749624049682616,4.916315532237188e-41
0,0,1728,2093363142144,32.761217043269234,0.0
0,1,1728,2093759177761,32.767415016542095,4.915755012851458e-41
0,0,1729,2094499210752,32.7789965625,0.0
0,1,1729,2094896529296,32.78521461363181,4.905945923601185e-41
0,0,1730,2095293827584,32.79143234775641,0.0
0,1,1730,2096038714649,32.80308986016689,4.974749678199533e-41
0,0,1731,2096435960320,32.80930677083333,0.0
0,1,1731,2097181153435,32.820969072938574,4.980354872056832e-41
0,0,1732,2097577832448,32.827177115384615,0.0
0,1,1732,2097974148694,32.83337948051257,5.069057064848593e-41
0,0,1733,2098714216448,32.84496157051282,0.0
0,1,1733,2099455373661,32.85656071059007,5.050279665426641e-41
0,0,1734,2099856199680,32.86283365384615,0.0
0,1,1734,2100253621047,32.86905331416204,5.153415232400947e-41
0,0,1735,2100992595968,32.880618301282055,0.0
0,1,1735,2101384945782,32.886758591590294,5.123287315417964e-41
0,0,1736,2101781852672,32.89297020032051,0.0
0,1,1736,2102527315964,32.904636730706635,5.11123614862477e-41
0,0,1737,2102923920384,32.91084360576923,0.0
0,1,1737,2103669464445,32.922511400193436,4.998151362553758e-41
0,0,1738,2104065824768,32.92871445512821,0.0
0,1,1738,2104462209331,32.93491788941995,5.136179261289752e-41
0,0,1739,2105202105856,32.946497299679486,0.0
0,1,1739,2105599160472,32.95271122032752,5.104509915996011e-41
0,0,1740,2105996770816,32.95893383814103,0.0
0,1,1740,2106741587995,32.97059025683281,5.15243432347592e-41
0,0,1741,2107138870272,32.976807740384615,0.0
0,1,1741,2107883663257,32.98846378043933,5.104509915996011e-41
0,0,1742,2108280692224,32.99467729967949,0.0
0,1,1742,2109025823516,33.0063386342523,4.997030323782298e-41
0,0,1743,2109422731776,33.012550264423076,0.0
0,1,1743,2110168116380,33.02421556333884,5.150332375779433e-41
0,0,1744,2110564924928,33.03042563301282,0.0
0,1,1744,2110960886349,33.03662244511531,5.134637832978995e-41
0,0,1745,2111700967936,33.04820475160256,0.0
0,1,1745,2112097640890,33.05441269922501,5.005438114568247e-41
0,0,1746,2112495585792,33.060640552884614,0.0
0,1,1746,2113239693623,33.072285870251775,4.927806179644652e-41
0,0,1747,2113637210624,33.07850702724359,0.0
0,1,1747,2114382031041,33.0901634966102,5.002355257946732e-41
0,0,1748,2114778909184,33.09637465544872,0.0
0,1,1748,2115175172728,33.10257619578826,4.977832534821048e-41
0,0,1749,2115914857984,33.11415229967949,0.0
0,1,1749,2116312171987,33.12037027974447,4.959055135399095e-41
0,0,1750,2117051013632,33.13193318108974,0.0
0,1,1750,2117443929379,33.13808232827211,5.020011618597225e-41
0,0,1751,2117840251904,33.14428479166667,0.0
0,1,1751,2118586471581,33.15596315950834,5.025756942300956e-41
0,0,1752,2119329218048,33.16758717147436,0.0
0,1,1752,2119723404812,33.1737562101237,5.100866539988767e-41
0,0,1753,2120465596416,33.18537153846154,0.0
0,1,1753,2121210342203,33.197026839865664,4.891232289725774e-41
0,0,1754,2121607394816,33.203240729166666,0.0
0,1,1754,2122003279090,33.20943633391551,5.020572137982955e-41
0,0,1755,2122743872512,33.22102665064103,0.0
0,1,1755,2123140544602,33.227234584741836,5.089796282120601e-41
0,0,1756,2123538138112,33.23345693910257,0.0
0,1,1756,2124283226079,33.245117595637396,5.038228498633447e-41
0,0,1757,2124680267264,33.251331306089746,0.0
0,1,1757,2125420793168,33.26292056615585,4.966341887413584e-41
0,0,1758,2125816726016,33.26911693108975,0.0
0,1,1758,2126213969150,33.27533380205203,4.857460996735546e-41
0,0,1759,2126953113088,33.286901434294876,0.0
0,1,1759,2127345487947,33.29304211655837,4.966902406799314e-41
0,0,1760,2128083832320,33.30459723557692,0.0
0,1,1760,2128826452306,33.316219268110224,4.946023059680874e-41
0,0,1761,2129566224384,33.32779673076923,0.0
0,1,1761,2129963553976,33.33401495480268,4.946583579066604e-41
0,0,1762,2130702403072,33.34557797275641,0.0
0,1,1762,2131094973441,33.35172171475924,5.083630568877571e-41
0,0,1763,2131832990720,33.36327171474359,0.0
0,1,1763,2132226568509,33.36943122290978,5.027298370611714e-41
0,0,1764,2132963966976,33.38097153846154,0.0
0,1,1764,2133358236816,33.387141877253605,4.887168524179232e-41
0,0,1765,2133758409216,33.393404591346155,0.0
0,1,1765,2134500822036,33.40502338172326,5.040330446329935e-41
0,0,1766,2134900376064,33.41127641826923,0.0
0,1,1766,2135293905346,33.417435167298926,5.088254853809843e-41
0,0,1767,2136036561408,33.42905776442308,0.0
0,1,1767,2136430977322,33.4352303892791,5.118522900639259e-41
0,0,1768,2137172952576,33.44684233173077,0.0
0,1,1768,2137568315030,33.453029769975714,4.998711881939487e-41
0,0,1769,2138314585600,33.464708934294876,0.0
0,1,1769,2138711109644,33.47091455146985,5.13099445697175e-41
0,0,1770,2139450640896,33.48248824519231,0.0
0,1,1770,2140197709634,33.494179900872645,5.024215513990199e-41
0,0,1771,2140597982720,33.50044419070513,0.0
0,1,1771,2141335352492,33.511984057178985,5.030381227233228e-41
0,0,1772,2141733968384,33.51822241185898,0.0
0,1,1772,2142128754779,33.524400834757486,5.033043694315445e-41
0,0,1773,2142869950464,33.53600057692308,0.0
0,1,1773,2143266412493,33.54220522356082,5.001234219175272e-41
0,0,1774,2144006110720,33.55378153044872,0.0
0,1,1774,2144403951931,33.56000776134002,5.052802002662425e-41
0,0,1775,2144800603136,33.566215368589745,0.0
0,1,1775,2145541457565,33.57780977008526,5.17331367059436e-41
0,0,1776,2145942216704,33.58408166666667,0.0
0,1,1776,2146679192069,33.595615360655174,5.054483560819615e-41
0,0,1777,2147078096896,33.601858237179485,0.0
0,1,1777,2147472335290,33.608028083840395,4.885486966022042e-41
0,0,1778,2148214289408,33.619639695512824,0.0
0,1,1778,2148959154925,33.63129687069624,4.973628639428073e-41
0,0,1779,2149355963392,33.637506939102565,0.0
0,1,1779,2150101825650,33.64917971332257,5.023654994604469e-41
0,0,1780,2150839580160,33.66072560096154,0.0
0,1,1780,2151233913786,33.66689693800706,5.113898615706987e-41
0,0,1781,2151976213504,33.67851395833333,0.0
0,1,1781,2152371946291,33.684707192304565,5.13099445697175e-41
0,0,1782,2152771056128,33.690953277243594,0.0
0,1,1782,2153509663884,33.70251251821665,5.069057064848593e-41
0,0,1783,2153907244032,33.70873466346154,0.0
0,1,1783,2154647557615,33.72032060069549,4.988762662842781e-41
0,0,1784,2155043416064,33.726515801282055,0.0
0,1,1784,2155440892327,33.73273632072253,4.959615654784825e-41
0,0,1785,2156179816960,33.744300520833335,0.0
0,1,1785,2156573063934,33.75045485173152,4.956392668316878e-41
0,0,1786,2157311030272,33.76200405448718,0.0
0,1,1786,2157704994883,33.76816961643317,4.904264365443995e-41
0,0,1787,2158105871872,33.774443357371794,0.0
0,1,1787,2158842612133,33.785973371973284,5.168549255815655e-41
0,0,1788,2159242055680,33.792224679487184,0.0
0,1,1788,2159980018949,33.80377383421287,4.979934482517535e-41
0,0,1789,2160378223616,33.81000575320513,0.0
0,1,1789,2161122696852,33.82165678917518,4.888149433104259e-41
0,0,1790,2161519863808,33.827872467948715,0.0
0,1,1790,2162260087283,33.83945699498886,5.008100581650464e-41
0,0,1791,2162656729600,33.84566446314103,0.0
0,1,1791,2163053293998,33.85187071185772,4.961157083095582e-41
0,0,1792,2163793078784,33.86344837339744,0.0
0,1,1792,2164190404380,33.869666534893334,4.970545782806559e-41
0,0,1793,2164929408000,33.881231971153845,0.0
0,1,1793,2165322406485,33.88738241318923,5.047056678958694e-41
0,0,1794,2165718734336,33.8935849599359,0.0
0,1,1794,2166465230811,33.90526765967736,4.94125864490217e-41
0,0,1795,2166866001920,33.91153974358974,0.0
0,1,1795,2167602690882,33.923068955359824,5.014266294893493e-41
0,0,1796,2168002271232,33.92932240384616,0.0
0,1,1796,2168740114603,33.94086968216334,5.035145642011933e-41
0,0,1797,2169480304640,33.95245368589744,0.0
0,1,1797,2170226882532,33.96413765981821,5.072139921470108e-41
0,0,1798,2170627654656,33.970409759615386,0.0
0,1,1798,2171369542501,33.982020334112704,5.087834464270546e-41
0,0,1799,2171769590272,33.98828109775641,0.0
0,1,1799,2172162755355,33.99443414705717,5.038228498633447e-41
0,0,1800,2172900701184,34.00598302884615,0.0
0,1,1800,2173294585956,34.0121473413086,5.136739780675482e-41
0,0,1801,2173695278080,34.01841818910256,0.0
0,1,1801,2174432371148,34.029953725147735,5.032062785390418e-41
0,0,1802,2174831350272,34.03619776442308,0.0
0,1,1802,2175569754936,34.047753826998196,5.075783297477352e-41
0,0,1803,2175967675904,34.053981306089746,0.0
0,1,1803,2176363141364,34.06017035638271,5.147669908697216e-41
0,0,1804,2177103800320,34.07176169871795,0.0
0,1,1804,2177500669009,34.077972709600985,4.992966558235756e-41
0,0,1805,2178240475648,34.08955071314103,0.0
0,1,1805,2178982249844,34.10115950902694,5.025196422915226e-41
0,0,1806,2179382695424,34.10742649839744,0.0
0,1,1806,2180119695580,34.118960580366085,5.124828743728721e-41
0,0,1807,2180519266816,34.12521388621795,0.0
0,1,1807,2181262527070,34.136845938971106,5.094000177513575e-41
0,0,1808,2181661302272,34.14308678685897,0.0
0,1,1808,2182399780804,34.154644005471255,4.969985263420829e-41
0,0,1809,2182797898752,34.160874567307694,0.0
0,1,1809,2183192812412,34.16705498190856,4.973068120042343e-41
0,0,1810,2183934604800,34.1786640625,0.0
0,1,1810,2184330187489,34.18485494743152,4.896977613429506e-41
0,0,1811,2184729973248,34.191111610576925,0.0
0,1,1811,2185467525707,34.20265433610965,5.088254853809843e-41
0,0,1812,2185866946048,34.20890528044872,0.0
0,1,1812,2186604785589,34.22045249882625,4.997030323782298e-41
0,0,1813,2187003650048,34.226694743589746,0.0
0,1,1813,2187398071659,34.232867457604044,4.991425129924998e-41
0,0,1814,2188140206592,34.24448189903846,0.0
0,1,1814,2188884693666,34.25613315157377,4.92150033655519e-41
0,0,1815,2189623792640,34.26770008012821,0.0
0,1,1815,2190016018404,34.27383842904898,5.003336166871759e-41
0,0,1816,2190754397184,34.28539408653846,0.0
0,1,1816,2191147203363,34.29154151897724,4.977272015435318e-41
0,0,1817,2191543629824,34.29774560897436,0.0
0,1,1817,2192289808563,34.30942333613469,5.082509530106112e-41
0,0,1818,2192685622272,34.315617836538465,0.0
0,1,1818,2193083142755,34.32183904802371,5.030941746618958e-41
0,0,1819,2193822376960,34.333408092948716,0.0
0,1,1819,2194215236529,34.339556360943135,5.24618119073925e-41
0,0,1820,2194953256448,34.35110640224359,0.0
0,1,1820,2195347482354,34.3572760534668,4.983998248064077e-41
0,0,1821,2195747977216,34.36354381410256,0.0
0,1,1821,2196484888678,34.375076508006565,5.150332375779433e-41
0,0,1822,2196884990464,34.38133811698718,0.0
0,1,1822,2197622141889,34.392874566321744,5.082089140566814e-41
0,0,1823,2198021422592,34.39912332532052,0.0
0,1,1823,2198759446832,34.41067343424479,5.148790947468675e-41
0,0,1824,2199499674624,34.42225802884615,0.0
0,1,1824,2200240861771,34.433857637391704,5.006419023493274e-41
0,0,1825,2200641806848,34.44013244391026,0.0
0,1,1825,2201388943330,34.45182515978691,5.054483560819615e-41
0,0,1826,2201789232128,34.45808969551282,0.0
0,1,1826,2202182538660,34.464244958496096,4.964239939717097e-41
0,0,1827,2202920247808,34.47579013621795,0.0
0,1,1827,2203314579186,34.48196143808218,5.002775647486029e-41
0,0,1828,2203715010560,34.48822820512821,0.0
0,1,1828,2204451945041,34.499761259280476,5.05756641744113e-41
0,0,1829,2204851706880,34.506017548076926,0.0
0,1,1829,2205589565876,34.51756507092598,5.178918864451659e-41
0,0,1830,2205988403200,34.52380689102564,0.0
0,1,1830,2206382647147,34.52997682459122,4.947564487991632e-41
0,0,1831,2207124720640,34.54159030448718,0.0
0,1,1831,2207519971040,34.54777598908253,4.916315532237188e-41
0,0,1832,2207919571456,34.55402975160256,0.0
0,1,1832,2208662796889,34.56566125940567,5.035706161397663e-41
0,0,1833,2209403185152,34.57724836538462,0.0
0,1,1833,2210144355188,34.58884770614233,5.05644537866967e-41
0,0,1834,2210544832512,34.595115192307695,0.0
0,1,1834,2211287159030,34.60673263205504,5.097223163981522e-41
0,0,1835,2211686786560,34.61298681891026,0.0
0,1,1835,2212080264877,34.619144770335666,5.087834464270546e-41
0,0,1836,2212817910272,34.63068895032051,0.0
0,1,1836,2213211615734,34.63685045657427,5.162243412726194e-41
0,0,1837,2213612813824,34.643129222756414,0.0
0,1,1837,2214359538074,34.65481548718575,4.965360978488557e-41
0,0,1838,2214760718848,34.661093982371796,0.0
0,1,1838,2215507278134,34.67277766510792,5.198817302645071e-41
0,0,1839,2215908300800,34.679053685897436,0.0
0,1,1839,2216305355023,34.68526760039501,5.017349151515008e-41
0,0,1840,2217044943360,34.6968421875,0.0
0,1,1840,2217442017394,34.70305641204052,4.956392668316878e-41
0,0,1841,2217839730176,34.709280633012824,0.0
0,1,1841,2218584054764,34.72092934263572,5.124828743728721e-41
0,0,1842,2219670846976,34.73793768429487,0.0
0,1,1842,2220064827140,34.74410348964594,4.927806179644652e-41
0,0,1843,2220465897984,34.75038026442308,0.0
0,1,1843,2221212562597,34.76206559553098,5.09035680150633e-41
0,0,1844,2221613846528,34.768345705128205,0.0
0,1,1844,2222360588354,34.780032244622646,4.955411759391851e-41
0,0,1845,2222761428992,34.786305416666664,0.0
0,1,1845,2223158875670,34.79252547310071,5.032483174929716e-41
0,0,1846,2223898174464,34.804095528846155,0.0
0,1,1846,2224295862655,34.81031936496832,4.990864610539268e-41
0,0,1847,2224693271552,34.81653883012821,0.0
0,1,1847,2225438226176,34.828197399839745,5.138841728371969e-41
0,0,1848,2225834948096,34.83440611378205,0.0
0,1,1848,2226580585083,34.84607536250188,5.149771856393703e-41
0,0,1849,2226976636416,34.85227358173077,0.0
0,1,1849,2227722630672,34.863948421724764,5.15243432347592e-41
0,0,1850,2228118440448,34.87014286057693,0.0
0,1,1850,2228515370427,34.87635483065092,5.013285385968466e-41
0,0,1851,2229255162368,34.887932604166664,0.0
0,1,1851,2230001459939,34.89961219105256,5.07732472578811e-41
0,0,1852,2230397533184,34.90581075320513,0.0
0,1,1852,2230794267302,34.912019658046624,5.129453028660993e-41
0,0,1853,2231534167552,34.92359912660257,0.0
0,1,1853,2231931204102,34.92981276451698,4.905385404215455e-41
0,0,1854,2232670431744,34.94138170673077,0.0
0,1,1854,2233062827854,34.94752272157327,4.96325903079207e-41
0,0,1855,2233459584512,34.95373197916667,0.0
0,1,1855,2234205302988,34.96540250319261,4.99604941485727e-41
0,0,1856,2234601669632,34.971605657051285,0.0
0,1,1856,2234998303364,34.97781299084786,4.96213799202061e-41
0,0,1857,2235738232832,34.98939291666667,0.0
0,1,1857,2236135803875,34.995614919417946,5.009081490575491e-41
0,0,1858,2236874614784,35.00717733974359,0.0
0,1,1858,2237267501365,35.01332603047689,5.041871874640692e-41
0,0,1859,2237663738368,35.01952715544872,0.0
0,1,1859,2238410068662,35.03120725445087,5.166447308119168e-41
0,0,1860,2239147306496,35.04274505608974,0.0
0,1,1860,2239541808119,35.048919022295046,4.948685526763091e-41
0,0,1861,2240283346432,35.060524126602566,0.0
0,1,1861,2240679096160,35.06671762570112,5.139962767143429e-41
0,0,1862,2241419629568,35.07830700320513,0.0
0,1,1862,2241816496329,35.08451798391489,5.005998633953977e-41
0,0,1863,2242556269568,35.09609546474359,0.0
0,1,1863,2242953984045,35.10231971224272,4.955411759391851e-41
0,0,1864,2243350921728,35.10853180288461,0.0
0,1,1864,2244091454369,35.12012116838504,5.059668365137617e-41
0,0,1865,2244487435264,35.12631828525641,0.0
0,1,1865,2245229128957,35.13792582126715,4.935092931659141e-41
0,0,1866,2245629801984,35.14419637019231,0.0
0,1,1866,2246022636734,35.15034424976838,4.965781368027854e-41
0,0,1867,2246761223168,35.161903157051285,0.0
0,1,1867,2247154628106,35.1680599600924,4.998711881939487e-41
0,0,1868,2247892403200,35.179606169871796,0.0
0,1,1868,2248630607608,35.19115909843249,5.028839798922471e-41
0,0,1869,2249370733056,35.20274209134615,0.0
0,1,1869,2250112135685,35.21434507219364,4.943360592598657e-41
0,0,1870,2250512589824,35.22061219551282,0.0
0,1,1870,2250905419716,35.226759999060995,4.979373963131805e-41
0,0,1871,2251643876864,35.23831688301282,0.0
0,1,1871,2252037361422,35.24447493211013,4.960596563709852e-41
0,0,1872,2252774694912,35.25601423076923,0.0
0,1,1872,2253169533514,35.262193470709384,5.033043694315445e-41
0,0,1873,2253569517056,35.26845322916667,0.0
0,1,1873,2254312331729,35.28007830855932,5.081528621181084e-41
0,0,1874,2254712016384,35.28633338942308,0.0
0,1,1874,2255455243099,35.29796491728954,5.054483560819615e-41
0,0,1875,2255854306816,35.30421028044872,0.0
0,1,1875,2256248557321,35.31038031664726,4.928787088569679e-41
0,0,1876,2256990969856,35.32199910256411,0.0
0,1,1876,2257386207874,35.32818459338066,4.90230254759394e-41
0,0,1877,2258127297024,35.33978266826923,0.0
0,1,1877,2258523607016,35.345984935521834,5.022674085679442e-41
0,0,1878,2259263756288,35.35756830128205,0.0
0,1,1878,2260005584129,35.36917793671437,5.03724758970842e-41
0,0,1879,2260405908992,35.375443036858975,0.0
0,1,1879,2261143080042,35.38697979332557,5.030381227233228e-41
0,0,1880,2261541870080,35.39322087339744,0.0
0,1,1880,2261936260634,35.39939310136844,5.049158626655181e-41
0,0,1881,2262677646336,35.41099581730769,0.0
0,1,1881,2263073816962,35.41719590347682,5.018470190286467e-41
0,0,1882,2263472081408,35.42342875801282,0.0
0,1,1882,2264211297520,35.43499751978165,5.01692876197571e-41
0,0,1883,2264608147456,35.44120823717949,0.0
0,1,1883,2265348708940,35.452798054074016,4.97629110651029e-41
0,0,1884,2265749450240,35.45906967147436,0.0
0,1,1884,2266142154771,35.46521551311786,5.029400318308201e-41
0,0,1885,2266880316928,35.47676778044872,0.0
0,1,1885,2267274025299,35.482929332228444,5.003896686257489e-41
0,0,1886,2268016635392,35.4945512099359,0.0
0,1,1886,2268755672687,35.506117173211514,4.906366313140482e-41
0,0,1887,2269494215168,35.517675392628206,0.0
0,1,1887,2269888064439,35.52383914949857,4.949105916302389e-41
0,0,1888,2270630341120,35.535455809294874,0.0
0,1,1888,2271025780518,35.5416444517165,4.929908127341139e-41
0,0,1889,2271425327616,35.547897379807694,0.0
0,1,1889,2272163734155,35.55945347172664,4.937194879355628e-41
0,0,1890,2272561272832,35.565674967948716,0.0
0,1,1890,2273301491194,35.5772594149702,5.003336166871759e-41
0,0,1891,2273697744896,35.58346080128205,0.0
0,1,1891,2274095062967,35.58967884501139,4.932990983962654e-41
0,0,1892,2274834182656,35.60124609775641,0.0
0,1,1892,2275227325178,35.607398793976614,4.96325903079207e-41
0,0,1893,2275964831232,35.61894079326923,0.0
0,1,1893,2276359753286,35.62512133923653,5.060649274062644e-41
0,0,1894,2277100790272,35.63671859775641,0.0
0,1,1894,2277497422256,35.642925904196716,4.990304091153539e-41
0,0,1895,2277895354368,35.64915355769231,0.0
0,1,1895,2278634882840,35.660727207907655,4.923041764865947e-41
0,0,1896,2279373184512,35.672281658653844,0.0
0,1,1896,2280110786571,35.68382516042856,5.028419409383174e-41
0,0,1897,2280509700608,35.69006818108974,0.0
0,1,1897,2281253349252,35.70170631216196,5.123287315417964e-41
0,0,1898,2281651319296,35.70793455929487,0.0
0,1,1898,2282046417733,35.714117865663184,5.130574067432453e-41
0,0,1899,2282787338240,35.72571330128205,0.0
0,1,1899,2283183774385,35.73191754283416,4.938736307666385e-41
0,0,1900,2283581840896,35.73814729967949,0.0
0,1,1900,2284326518316,35.74980153113732,4.953309811695363e-41
0,0,1901,2284723372032,35.75601230769231,0.0
0,1,1901,2285464094619,35.76760464585524,5.091898229817088e-41
0,0,1902,2285859898368,35.77379899038462,0.0
0,1,1902,2286257437016,35.78002048615284,4.862645801053548e-41
0,0,1903,2286995997696,35.791578990384615,0.0
0,1,1903,2287389282466,35.79773391279172,5.012164347197006e-41
0,0,1904,2288131742208,35.8093534375,0.0
0,1,1904,2288526517249,35.815531682707956,5.048177717730153e-41
0,0,1905,2289267842048,35.82713344551282,0.0
0,1,1905,2290013237040,35.838798907001205,4.990864610539268e-41
0,0,1906,2290409464320,35.844999879807695,0.0
0,1,1906,2290806490861,35.85121336108085,4.926264751333894e-41
0,0,1907,2291545600512,35.86278045673077,0.0
0,1,1907,2291938441775,35.86892843823555,4.878760733393283e-41
0,0,1908,2292334550016,35.875127548076925,0.0
0,1,1908,2293081258936,35.886813572591144,4.992406038850026e-41
0,0,1909,2293481437696,35.89307638621795,0.0
0,1,1909,2294224106305,35.90469917970315,4.99604941485727e-41
0,0,1910,2294623135744,35.910944006410254,0.0
0,1,1910,2295017166581,35.9171106047958,5.059107845751887e-41
0,0,1911,2295759464960,35.92872760416667,0.0
0,1,1911,2296154352216,35.93490760554387,5.005998633953977e-41
0,0,1912,2296895604224,35.94650822916667,0.0
0,1,1912,2297291558341,35.95270492696127,5.012724866582736e-41
0,0,1913,2297690015744,35.958940801282054,0.0
0,1,1913,2298773116636,35.97589137363532,4.983998248064077e-41
0,0,1914,2299514417664,35.98749276442308,0.0
0,1,1914,2299910524480,35.99369185196314,5.125809652653748e-41
0,0,1915,2300649896960,36.005263060897434,0.0
0,1,1915,2301386783550,36.016795365553634,4.953309811695363e-41
0,0,1916,2301785510912,36.02303546474359,0.0
0,1,1916,2302179937523,36.02920825700809,5.136739780675482e-41
0,0,1917,2302921187328,36.040808846153844,0.0
0,1,1917,2303317186138,36.047006243395685,4.985679806221267e-41
0,0,1918,2304056806912,36.058581338141025,0.0
0,1,1918,2304454565822,36.06480628101838,5.025196422915226e-41
0,0,1919,2304850791936,36.07100723557692,0.0
0,1,1919,2305592013606,36.0826073844088,5.049158626655181e-41
0,0,1920,2305991648256,36.08886168269231,0.0
0,1,1920,2306729319578,36.10040626843575,5.085732516574059e-41
0,0,1921,2307127048704,36.106630745192305,0.0
0,1,1921,2307522528842,36.11282002519656,4.929347607955409e-41
0,0,1922,2308262502400,36.124400641025645,0.0
0,1,1922,2308659762609,36.130617779212365,5.063872260530591e-41
0,0,1923,2309398129152,36.14217324519231,0.0
0,1,1923,2310135801507,36.15371784710224,5.053362522048155e-41
0,0,1924,2310533855744,36.15994741185897,0.0
0,1,1924,2311278264354,36.171597436429536,4.945042150755847e-41
0,0,1925,2311675104768,36.177808004807694,0.0
0,1,1925,2312071385580,36.18400981539213,5.060088754676914e-41
0,0,1926,2312811064320,36.195585817307695,0.0
0,1,1926,2313208368962,36.20180365087265,4.92093981716946e-41
0,0,1927,2313605655552,36.20802120192308,0.0
0,1,1927,2314350528199,36.21967848869128,4.927806179644652e-41
0,0,1928,2314747361792,36.22588895032052,0.0
0,1,1928,2315492847690,36.23755583449144,4.969985263420829e-41
0,0,1929,2315889371648,36.24376145032051,0.0
0,1,1929,2316286136322,36.249970833364635,5.034585122626203e-41
0,0,1930,2317025654784,36.26154432692308,0.0
0,1,1930,2317423208803,36.267766063248075,5.01692876197571e-41
0,0,1931,2318162093056,36.279329631410256,0.0
0,1,1931,2318904441986,36.2909474219063,5.050279665426641e-41
0,0,1932,2319645451776,36.30254425480769,0.0
0,1,1932,2320041858531,36.30874803640513,5.099184981831577e-41
0,0,1933,2320782115328,36.320333084935896,0.0
0,1,1933,2321179474265,36.32655176821978,4.818364769580883e-41
0,0,1934,2321918300672,36.33811443108974,0.0
0,1,1934,2322311071899,36.344261316528325,5.178918864451659e-41
0,0,1935,2322707432448,36.350464375,0.0
0,1,1935,2323453856275,36.36214593779735,4.952328902770336e-41
0,0,1936,2323854741504,36.368419807692305,0.0
0,1,1936,2324601813429,36.380111513249325,5.235811582103247e-41
0,0,1937,2325002135040,36.386376562500004,0.0
0,1,1937,2325394985327,36.39252468523075,5.039349537404907e-41
0,0,1938,2326133095424,36.40407613782051,0.0
0,1,1938,2326526701752,36.4102360926232,4.96325903079207e-41
0,0,1939,2327269003776,36.42185314903846,0.0
0,1,1939,2327663751710,36.428030970020785,5.046075770033666e-41
0,0,1940,2328404927488,36.43963040064103,0.0
0,1,1940,2329150289232,36.45129534179688,5.122166276646504e-41
0,0,1941,2329887993856,36.46284044871795,0.0
0,1,1941,2330282216609,36.46901005059658,5.083630568877571e-41
0,0,1942,2331024415744,36.48062549679487,0.0
0,1,1942,2331419216889,36.486804150531476,4.896557223890208e-41
0,0,1943,2331818980864,36.49306047275641,0.0
0,1,1943,2332561940865,36.50468782653809,5.011743957657708e-41
0,0,1944,2332960958464,36.51093246794872,0.0
0,1,1944,2333704740609,36.522572688316934,5.105490824921039e-41
0,0,1945,2334102523904,36.528798012820516,0.0
0,1,1945,2334497988788,36.53498705409906,5.079987192870327e-41
0,0,1946,2335238456832,36.546575408653844,0.0
0,1,1946,2335635335710,36.552786578995146,4.965360978488557e-41
0,0,1947,2336374576128,36.564355721153845,0.0
0,1,1947,2336766992736,36.57049705679086,4.917856960547946e-41
0,0,1948,2337163611136,36.57670415064103,0.0
0,1,1948,2337904253646,36.5882952355957,5.106051344306768e-41
0,0,1949,2338299986432,36.59448846955128,0.0
0,1,1949,2339041873464,36.60609903132512,5.170651203512143e-41
0,0,1950,2339782995968,36.61769762820513,0.0
0,1,1950,2340179380129,36.623901056205554,5.250385086132225e-41
0,0,1951,2340919002624,36.63547617788462,0.0
0,1,1951,2341316925185,36.64170368190668,5.012724866582736e-41
0,0,1952,2341713362944,36.64790794871795,0.0
0,1,1952,2342454708333,36.65951003375714,5.001794738561002e-41
0,0,1953,2342854792192,36.66577136217949,0.0
0,1,1953,2343592554456,36.67731737116887,4.928787088569679e-41
0,0,1954,2343990437376,36.68354425480769,0.0
0,1,1954,2344386153362,36.6897372258426,4.954290720620391e-41
0,0,1955,2345126184448,36.70131874198718,0.0
0,1,1955,2345523745524,36.70754058875451,5.209186911281075e-41
0,0,1956,2346262619648,36.719103998397436,0.0
0,1,1956,2346655307319,36.72524957618127,4.957934096627635e-41
0,0,1957,2347393421824,36.73680109775641,0.0
0,1,1957,2347787270017,36.742964837756034,4.925143712562435e-41
0,0,1958,2348529908224,36.75458715544872,0.0
0,1,1958,2349268948115,36.76615315935184,5.124268224342991e-41
0,0,1959,2350007351808,36.77770920673077,0.0
0,1,1959,2350745520011,36.789261568681766,5.106471733846066e-41
0,0,1960,2351143569920,36.79549106570513,0.0
0,1,1960,2351883065082,36.80706419461764,5.095121216285035e-41
0,0,1961,2352279597568,36.81326994391026,0.0
0,1,1961,2352676492467,36.819481364980845,5.15299484286165e-41
0,0,1962,2353415379456,36.83104497596154,0.0
0,1,1962,2353808530935,36.83719781235915,5.196715354948584e-41
0,0,1963,2354545755648,36.848735408653845,0.0
0,1,1963,2354940847422,36.85491861074595,5.15299484286165e-41
0,0,1964,2355340312064,36.861170248397436,0.0
0,1,1964,2356078472862,36.872722494459886,5.11067562923904e-41
0,0,1965,2356476193280,36.878946834935896,0.0
0,1,1965,2357221272099,36.890607348304165,5.087834464270546e-41
0,0,1966,2357617680384,36.89681115384615,0.0
0,1,1966,2358014584791,36.90302272371732,4.966341887413584e-41
0,0,1967,2358753739264,36.914590520833336,0.0
0,1,1967,2359495919347,36.92620566886706,5.102828357838821e-41
0,0,1968,2360236887040,36.937801842948716,0.0
0,1,1968,2360633495632,36.94400878330329,5.140943676068456e-41
0,0,1969,2361373012992,36.95558225961538,0.0
0,1,1969,2361765524888,36.961725086513425,5.055464469744643e-41
0,0,1970,2362503361024,36.973272251602566,0.0
0,1,1970,2362897582814,36.97944183841021,5.035145642011933e-41
0,0,1971,2363639058432,36.99104596153846,0.0
0,1,1971,2364034862663,36.99724031361115,5.079987192870327e-41
0,0,1972,2364433336320,37.003476442307694,0.0
0,1,1972,2365172216747,37.01503995059282,5.040890965715664e-41
0,0,1973,2365569311232,37.02125449519231,0.0
0,1,1973,2366314967852,37.032924051169374,5.150892895165163e-41
0,0,1974,2366710382080,37.03911229967949,0.0
0,1,1974,2367108122342,37.0453369507149,5.093579787974278e-41
0,0,1975,2367846509568,37.05689274038462,0.0
0,1,1975,2368239762981,37.06304717205341,5.026317461686686e-41
0,0,1976,2368977257984,37.07458899839744,0.0
0,1,1976,2369715565852,37.08614354611128,5.219136130377781e-41
0,0,1977,2370113103872,37.09236503205128,0.0
0,1,1977,2370858358943,37.104028303770406,4.946583579066604e-41
0,0,1978,2371254025728,37.11022050480769,0.0
0,1,1978,2371995513344,37.12182481570513,4.949666435688119e-41
0,0,1979,2372395087872,37.12807817307692,0.0
0,1,1979,2372788548531,37.13423584815392,5.034164733086905e-41
0,0,1980,2373530846720,37.145852844551285,0.0
0,1,1980,2373925587230,37.15203054934771,4.883945537711285e-41
0,0,1981,2374666365952,37.163623766025644,0.0
0,1,1981,2375062817913,37.169828255098786,4.992406038850026e-41
0,0,1982,2375460466688,37.17605147435898,0.0
0,1,1982,2376205559805,37.187712211491515,4.929908127341139e-41
0,0,1983,2376601852928,37.19391421474359,0.0
0,1,1983,2377348036480,37.205592017227566,4.888149433104259e-41
0,0,1984,2377748744192,37.21186310897436,0.0
0,1,1984,2378490560256,37.223472560096155,4.996609934243e-41
0,0,1985,2379231664640,37.23507087339744,0.0
0,1,1985,2379971724324,37.24665283710186,5.094000177513575e-41
0,0,1986,2380367818752,37.25285173076923,0.0
0,1,1986,2381113989023,37.26452932540502,5.160701984415436e-41
0,0,1987,2381515068416,37.27080623397436,0.0
0,1,1987,2381912441195,37.27702513388609,5.109134200928283e-41
0,0,1988,2382651324928,37.288588693910256,0.0
0,1,1988,2383043800745,37.2947309561705,5.03668707032269e-41
0,0,1989,2383782601728,37.306293221153844,0.0
0,1,1989,2384175468012,37.31244159423828,5.028419409383174e-41
0,0,1990,2384571910656,37.3186459375,0.0
0,1,1990,2385317951853,37.330321512122524,5.030381227233228e-41
0,0,1991,2385714010112,37.33651983974359,0.0
0,1,1991,2386455733454,37.34812783976237,4.970966172345856e-41
0,0,1992,2386856015872,37.354392275641025,0.0
0,1,1992,2387248984704,37.36054225360577,5.010622918886248e-41
0,0,1993,2387987301888,37.37209694711539,0.0
0,1,1993,2388381054926,37.37825919793545,5.083070049491841e-41
0,0,1994,2389118455296,37.389799543269234,0.0
0,1,1994,2389857210550,37.4013610925919,4.974189158813803e-41
0,0,1995,2390255080960,37.40758778044872,0.0
0,1,1995,2390994765863,37.41916387881548,5.052802002662425e-41
0,0,1996,2391391293952,37.42536955929487,0.0
0,1,1996,2391787942876,37.431577130846854,5.041451485101394e-41
0,0,1997,2392527310336,37.44314826121795,0.0
0,1,1997,2392920231196,37.44929748841897,4.965360978488557e-41
0,0,1998,2393657953280,37.460842868589744,0.0
0,1,1998,2394052329574,37.46701487339118,4.978813443746075e-41
0,0,1999,2394452620800,37.47327944711539,0.0
0,1,1999,2395194915298,37.48489638574845,4.983577858524779e-41
0,0,2000,2395594395136,37.49114826121795,0.0
0,1,2000,2395993501623,37.49739429372934,5.018470190286467e-41
0,0,2001,2396736090624,37.509015841346155,0.0
0,1,2001,2397130669351,37.515191014232144,4.983577858524779e-41
0,0,2002,2397872046080,37.52679358974359,0.0
0,1,2002,2398617329227,37.53845730085324,5.09091732089206e-41
0,0,2003,2399013283840,37.544654006410255,0.0
0,1,2003,2399759751108,37.556336249061,5.027298370611714e-41
0,0,2004,2400501720064,37.56794809294872,0.0
0,1,2004,2400896438061,37.57412544541579,4.988762662842781e-41
0,0,2005,2401637763072,37.58572721153846,0.0
0,1,2005,2402033231502,37.59191630831205,5.065834078380646e-41
0,0,2006,2402432368640,37.59816282051282,0.0
0,1,2006,2403175855638,37.60979842181866,5.149771856393703e-41
0,0,2007,2403574197760,37.616032491987184,0.0
0,1,2007,2404318360466,37.62767866815029,5.047617198344424e-41
0,0,2008,2404716288000,37.63390625,0.0
0,1,2008,2405111419200,37.64009006911058,4.970966172345856e-41
0,0,2009,2405852588032,37.65168939102564,0.0
0,1,2009,2406248598178,37.65788696567633,5.098764592292279e-41
0,0,2010,2406993995264,37.6695524599359,0.0
0,1,2010,2407391107619,37.6757672842016,5.22586236300654e-41
0,0,2011,2407788265472,37.68198282051282,0.0
0,1,2011,2408533425055,37.69364459784092,4.991845519464296e-41
0,0,2012,2409270905344,37.70518619391026,0.0
0,1,2012,2409665125602,37.71135575674204,4.940838255362873e-41
0,0,2013,2410406417920,37.72295701121795,0.0
0,1,2013,2410802477134,37.729155353784805,5.13155497635748e-41
0,0,2014,2411200505856,37.73538451923077,0.0
0,1,2014,2411939962806,37.746957050123946,5.011743957657708e-41
0,0,2015,2412336249344,37.75315895032051,0.0
0,1,2015,2412733283177,37.75937254571377,4.998711881939487e-41
0,0,2016,2413472246784,37.770937355769235,0.0
0,1,2016,2413865369779,37.7770897463911,4.999132271478785e-41
0,0,2017,2414602421760,37.78862463942308,0.0
0,1,2017,2414997430770,37.79480654625526,5.076343816863082e-41
0,0,2018,2415396762624,37.801056105769234,0.0
0,1,2018,2416135034705,37.81261009341509,5.145147571461431e-41
0,0,2019,2416532502528,37.81883048076923,0.0
0,1,2019,2417272686770,37.83041439381135,5.275468328643639e-41
0,0,2020,2417673605120,37.83668878205128,0.0
0,1,2020,2418410604059,37.84822284497383,5.034164733086905e-41
0,0,2021,2418808968704,37.854457267628206,0.0
0,1,2021,2419892271411,37.87141099839431,4.935653451044871e-41
0,0,2022,2420291906560,37.87766530448718,0.0
0,1,2022,2421029717133,37.88921206951435,5.047617198344424e-41
0,0,2023,2421426971136,37.89542911057693,0.0
0,1,2023,2422167051258,37.90701139413687,4.97629110651029e-41
0,0,2024,2422562722816,37.9132036698718,0.0
0,1,2024,2422960344495,37.9194264650785,5.123707704957261e-41
0,0,2025,2423698758656,37.93098267628205,0.0
0,1,2025,2424092550394,37.93714553275866,5.010062399500518e-41
0,0,2026,2424834850304,37.94876255608975,0.0
0,1,2026,2425230055000,37.95494752541567,5.062190702373402e-41
0,0,2027,2425629340672,37.961196362179486,0.0
0,1,2027,2426372805089,37.972831610091774,5.060088754676914e-41
0,0,2028,2426771141632,37.97906559294872,0.0
0,1,2028,2427510141754,37.9906309744654,5.078866154098867e-41
0,0,2029,2427907325952,37.99684692307692,0.0
0,1,2029,2428652837566,38.00851420970428,5.163924970883383e-41
0,0,2030,2429048757248,38.014710368589746,0.0
0,1,2030,2429790267950,38.026315040784006,5.260334305228931e-41
0,0,2031,2430190215680,38.032574238782054,0.0
0,1,2031,2430933094826,38.04420032717974,5.071579402084378e-41
0,0,2032,2431331460608,38.050434767628204,0.0
0,1,2032,2432070614795,38.062002560268304,5.07844576455957e-41
0,0,2033,2432467244032,38.06820982371795,0.0
0,1,2033,2432863959239,38.07441843260154,5.141504195454186e-41
0,0,2034,2433603522048,38.08599262019231,0.0
0,1,2034,2433995941898,38.09213400656676,5.166447308119168e-41
0,0,2035,2434734091264,38.10368607371795,0.0
0,1,2035,2435127900999,38.109849211848335,4.977832534821048e-41
0,0,2036,2435528748032,38.11612248397436,0.0
0,1,2036,2436265587883,38.12765405716334,5.032483174929716e-41
0,0,2037,2436665001984,38.13390490384616,0.0
0,1,2037,2437403220506,38.14545805329152,5.107032253231796e-41
0,0,2038,2437801077760,38.151684535256415,0.0
0,1,2038,2438540527478,38.1632569529685,5.039769926944205e-41
0,0,2039,2439278464000,38.17480568910256,0.0
0,1,2039,2439672374460,38.18097040358323,4.862645801053548e-41
0,0,2040,2440414201344,38.19258002403846,0.0
0,1,2040,2440810036771,38.198774864329806,5.015387333664953e-41
0,0,2041,2441550109184,38.21035702724359,0.0
0,1,2041,2441947702150,38.216579373090696,4.992406038850026e-41
0,0,2042,2442344689152,38.222792235576925,0.0
0,1,2042,2443090319121,38.23446137446477,4.957934096627635e-41
0,0,2043,2443486258176,38.24065783653846,0.0
0,1,2043,2444232987275,38.25234417685484,5.006419023493274e-41
0,0,2044,2444633338880,38.258609695512824,0.0
0,1,2044,2445026258497,38.26475890326084,4.980354872056832e-41
0,0,2045,2445763581440,38.276298036858975,0.0
0,1,2045,2446158329733,38.28247586345966,4.953309811695363e-41
0,0,2046,2446898991104,38.294067243589744,0.0
0,1,2046,2447295532780,38.30027313670623,5.13211549574321e-41
0,0,2047,2447693124608,38.30649546474359,0.0
0,1,2047,2448432922704,38.318073334585335,5.144587052075701e-41
0,0,2048,2449170068992,38.32960970352564,0.0
0,1,2048,2449914169183,38.3412549013265,5.175275488444414e-41
0,0,2049,2450311066624,38.34746636217949,0.0
0,1,2049,2451056522986,38.35913278411083,5.023654994604469e-41
0,0,2050,2451457093120,38.36540172275641,0.0
0,1,2050,2451849494682,38.371542822922926,4.960596563709852e-41
0,0,2051,2452587136512,38.38308694711539,0.0
0,1,2051,2452981111262,38.38925266773713,5.011183438271978e-41
0,0,2052,2453381357568,38.39551653846154,0.0
0,1,2052,2454123764057,38.40713522975824,4.98301733913905e-41
0,0,2053,2454522549760,38.41337624198718,0.0
0,1,2053,2455266313437,38.425016173330455,4.877219305082526e-41
0,0,2054,2455663664640,38.43123473557692,0.0
0,1,2054,2456059352199,38.43742726172814,4.950226955073849e-41
0,0,2055,2456799400448,38.44900904647436,0.0
0,1,2055,2457196336608,38.455221113281254,5.01580772320425e-41
0,0,2056,2457593941504,38.461443645833334,0.0
0,1,2056,2458338925414,38.47310267387195,5.098204072906549e-41
0,0,2057,2459077283328,38.48465800480769,0.0
0,1,2057,2459820043363,38.496282229113454,5.032483174929716e-41
0,0,2058,2460219226624,38.50252946314102,0.0
0,1,2058,2460613296164,38.50869666723007,4.988762662842781e-41
0,0,2059,2461355579392,38.52031342948718,0.0
0,1,2059,2461750687616,38.52649688902244,5.089375892581303e-41
0,0,2060,2462150248960,38.5327500400641,0.0
0,1,2060,2462893080322,38.544375380640275,4.993386947775053e-41
0,0,2061,2463291921920,38.550617267628205,0.0
0,1,2061,2464035669635,38.562256949165544,5.010622918886248e-41
0,0,2062,2464433380864,38.56848114583333,0.0
0,1,2062,2464828891696,38.57467090619992,4.998711881939487e-41
0,0,2063,2465569202176,38.586256794871794,0.0
0,1,2063,2465966085023,38.5924680273281,4.964239939717097e-41
0,0,2064,2466705170944,38.60403475160256,0.0
0,1,2064,2467097686749,38.61017763967661,4.959055135399095e-41
0,0,2065,2467493860864,38.61637778044872,0.0
0,1,2065,2468240434783,38.628061692191885,4.998711881939487e-41
0,0,2066,2468982253056,38.639671177884615,0.0
0,1,2066,2469727129984,38.65132853165064,5.051260574351668e-41
0,0,2067,2470123474432,38.65753133814103,0.0
0,1,2067,2470520113462,38.663738754851515,5.040890965715664e-41
0,0,2068,2471259575808,38.67531137019231,0.0
0,1,2068,2471657278622,38.68153543516502,4.98245681975332e-41
0,0,2069,2472395619328,38.69309049679487,0.0
0,1,2069,2472789311446,38.6992517942145,5.006419023493274e-41
0,0,2070,2473190106624,38.70552425480769,0.0
0,1,2070,2473926768441,38.71705304175744,5.063311741144862e-41
0,0,2071,2474326625792,38.72331082532052,0.0
0,1,2071,2474720116979,38.72946897816193,4.991425129924998e-41
0,0,2072,2475462780416,38.741091690705126,0.0
0,1,2072,2475857614423,38.74727085873335,5.053362522048155e-41
0,0,2073,2476598847488,38.75887118589743,0.0
0,1,2073,2476995523508,38.765079181502905,4.94237968367363e-41
0,0,2074,2477393524224,38.771307908653846,0.0
0,1,2074,2478138285365,38.78296345034868,5.124268224342991e-41
0,0,2075,2478877130240,38.79452640224359,0.0
0,1,2075,2479614394409,38.80606461602627,4.999132271478785e-41
0,0,2076,2480013766144,38.81231479967949,0.0
0,0,2077,2481111970304,38.82950173878205,0.0
0,1,2077,2481835385778,38.84082321993314,5.187887174623338e-41
0,0,2078,2482231874560,38.847028285256414,0.0
0,1,2078,2482972693277,38.8586221278577,4.974749678199533e-41
0,0,2079,2483373420032,38.864893517628204,0.0
0,1,2079,2483766053070,38.871038240403394,5.025196422915226e-41
0,0,2080,2484503951360,38.88258637820513,0.0
0,1,2080,2484898117659,38.888755096576396,5.083630568877571e-41
0,0,2081,2485639635456,38.900359879807695,0.0
0,1,2081,2486035611508,38.90655692088592,5.163924970883383e-41
0,0,2082,2486433924096,38.91279052884615,0.0
0,1,2082,2487173099739,38.924358657273515,5.047617198344424e-41
0,0,2083,2487569892864,38.93056848557693,0.0
0,1,2083,2488310370361,38.94215698807154,5.086152906113356e-41
0,0,2084,2488711275008,38.94843116185898,0.0
0,1,2084,2489447677344,38.95995588792067,4.904264365443995e-41
0,0,2085,2489847205376,38.9662085176282,0.0
0,1,2085,2490585434369,38.97776183094514,5.002355257946732e-41
0,0,2086,2490982746624,38.983979783653844,0.0
0,1,2086,2491723169894,38.99556743749374,5.020572137982955e-41
0,0,2087,2492123873792,39.00183846955128,0.0
0,1,2087,2492860977095,39.013374165774614,5.184243798616093e-41
0,0,2088,2493259510784,39.01961123397436,0.0
0,1,2088,2493654264701,39.025789148590874,5.108153292003256e-41
0,0,2089,2494395284480,39.03738613782051,0.0
0,1,2089,2494791560927,39.043587880092524,5.094000177513575e-41
0,0,2090,2495530830848,39.05515748397436,0.0
0,1,2090,2495923557931,39.06130367855757,5.005998633953977e-41
0,0,2091,2496319435776,39.06749918269231,0.0
0,1,2091,2497061041558,39.079105342892376,4.998711881939487e-41
0,0,2092,2497460561408,39.08535784455128,0.0
0,1,2092,2498198566638,39.0969076559683,5.034585122626203e-41
0,0,2093,2498937919488,39.10847855769231,0.0
0,1,2093,2499674498007,39.120006041025015,4.977272015435318e-41
0,0,2094,2500074232832,39.12626190705128,0.0
0,1,2094,2500811817795,39.13780514127291,5.049158626655181e-41
0,0,2095,2501210136576,39.14403884615385,0.0
0,1,2095,2501604975354,39.15021808884841,5.070037973773621e-41
0,0,2096,2502346314752,39.16182008012821,0.0
0,1,2096,2502742013533,39.168012781904174,4.947564487991632e-41
0,0,2097,2503482561536,39.179602387820516,0.0
0,1,2097,2503879065015,39.18580768315242,5.088254853809843e-41
0,0,2098,2504276975616,39.192035000000004,0.0
0,1,2098,2505021366587,39.20368474851951,5.052802002662425e-41
0,0,2099,2505418399232,39.209898325320516,0.0
0,1,2099,2505814342895,39.21609485950959,5.124268224342991e-41
0,0,2100,2506554254848,39.22767451121795,0.0
0,1,2100,2506951579737,39.233892661649264,4.974189158813803e-41
0,0,2101,2507690251264,39.24545290064103,0.0
0,1,2101,2508083149206,39.25160176917443,4.936073840584168e-41
0,0,2102,2508820527104,39.26314176282052,0.0
0,1,2102,2509564543645,39.27478565149552,5.024215513990199e-41
0,0,2103,2510303476224,39.28634997596154,0.0
0,1,2103,2510696409054,39.29249939049354,5.032483174929716e-41
0,0,2104,2511433624576,39.30403684294872,0.0
0,1,2104,2511828102429,39.31021043715257,4.905945923601185e-41
0,0,2105,2512227984384,39.31646860576923,0.0
0,1,2105,2512970695839,39.32809206979605,5.028839798922471e-41
0,0,2106,2513369468416,39.334332876602566,0.0
0,1,2106,2514113086490,39.34597052925306,4.92093981716946e-41
0,0,2107,2514510913024,39.35219653044872,0.0
0,1,2107,2514906014684,39.358379887257115,4.982036430214022e-41
0,0,2108,2515646771200,39.369972756410256,0.0
0,1,2108,2516043179311,39.376176559229144,5.026317461686686e-41
0,0,2109,2516782743552,39.38775076923077,0.0
0,1,2109,2517180647575,39.39397798313239,5.086713425499086e-41
0,0,2110,2517577325056,39.40018600160256,0.0
0,1,2110,2518323091990,39.411857283998145,4.995068505932243e-41
0,0,2111,2519060466176,39.42339721955128,0.0
0,1,2111,2519803851554,39.43503123050005,5.159160556104679e-41
0,0,2112,2520201973760,39.44126185897436,0.0
0,1,2112,2520946388130,39.452911973689154,4.893894756807991e-41
0,0,2113,2521343588864,39.459128181089746,0.0
0,1,2113,2522088739871,39.4707898242031,4.948685526763091e-41
0,0,2114,2522484814848,39.47698841346154,0.0
0,1,2114,2522881762768,39.4832006643129,4.997590843168028e-41
0,0,2115,2523620617216,39.49476376602564,0.0
0,1,2115,2524013375766,39.50091045306866,4.947003968605902e-41
0,0,2116,2524750645248,39.512448750000004,0.0
0,1,2116,2525145280600,39.518624809069514,4.999692790864515e-41
0,0,2117,2525545019904,39.524880745192306,0.0
0,1,2117,2526282703279,39.53642551956568,5.095541605824332e-41
0,0,2118,2526681625088,39.542668661858976,0.0
0,1,2118,2527425449777,39.5543095480425,5.107032253231796e-41
0,0,2119,2527823336448,39.560536490384614,0.0
0,1,2119,2528568087728,39.572191877754406,5.138281208986239e-41
0,0,2120,2529306728448,39.58375163461539,0.0
0,1,2120,2530049015226,39.59536845243014,5.055464469744643e-41
0,0,2121,2530448806912,39.60162520833333,0.0
0,1,2121,2530847436171,39.60786377220741,5.000253310250245e-41
0,0,2122,2531585270784,39.61941091346154,0.0
0,1,2122,2531979096279,39.62557429823656,4.937615268894925e-41
0,0,2123,2532721897472,39.63719916666667,0.0
0,1,2123,2533116121650,39.64336879084661,5.083070049491841e-41
0,0,2124,2533516690944,39.649637716346156,0.0
0,1,2124,2534258768311,39.66125125687037,4.96325903079207e-41
0,0,2125,2534658241536,39.667503028846156,0.0
0,1,2125,2535401316154,39.67913217638847,5.087273944884816e-41
0,0,2126,2535799628288,39.68536577724359,0.0
0,1,2126,2536194254582,39.69154169455504,4.969424744035099e-41
0,0,2127,2536935378944,39.70314032051282,0.0
0,1,2127,2537330938429,39.70933084230081,5.011743957657708e-41
0,0,2128,2538071405568,39.720919182692306,0.0
0,1,2128,2538817632130,39.732597658284504,5.054483560819615e-41
0,0,2129,2539555107840,39.74413918269231,0.0
0,1,2129,2539949048508,39.75030436992939,5.210728339591832e-41
0,0,2130,2540349646848,39.75657375,0.0
0,1,2130,2541091579450,39.76818502494616,4.974189158813803e-41
0,0,2131,2541491054592,39.77443682692308,0.0
0,1,2131,2542234301883,39.78606867680477,5.053923041433885e-41
0,0,2132,2542632039936,39.79229329326923,0.0
0,1,2132,2543027562358,39.79848323501978,5.029960837693931e-41
0,0,2133,2543767533056,39.810063806089744,0.0
0,1,2133,2544164620501,39.81627824051294,5.156077699483164e-41
0,0,2134,2544902931456,39.82783283653846,0.0
0,1,2134,2545296363032,39.833990056465346,5.115440044017745e-41
0,0,2135,2545697363456,39.84026572916667,0.0
0,1,2135,2546439149466,39.85187470994216,5.075222778091622e-41
0,0,2136,2546838964736,39.8581318349359,0.0
0,1,2136,2547576799993,39.86967898626865,5.183122759844633e-41
0,0,2137,2548316272128,39.88125175480769,0.0
0,1,2137,2548708917819,39.887396675602844,5.298870012997863e-41
0,0,2138,2549446611968,39.898941618589745,0.0
0,1,2138,2549840709003,39.90510925297664,4.9418191642879e-41
0,0,2139,2550582042112,39.91671114583333,0.0
0,1,2139,2550977774309,39.92290437057104,5.086152906113356e-41
0,0,2140,2551376422912,39.92914323717949,0.0
0,1,2140,2552120537191,39.94078865545811,5.074802388552325e-41
0,0,2141,2552517638656,39.94700330929487,0.0
0,1,2141,2553257837010,39.95858744319035,4.991845519464296e-41
0,0,2142,2553653449728,39.96477879807692,0.0
0,1,2142,2554051094402,39.9710019531563,4.92262137532665e-41
0,0,2143,2554789178880,39.98255300480769,0.0
0,1,2143,2555183092933,39.98871777551896,5.021132657368685e-41
0,0,2144,2555924564480,40.000321834935896,0.0
0,1,2144,2556320891438,40.00652436770708,4.985119286835537e-41
0,0,2145,2556719194112,40.012757820512824,0.0
0,1,2145,2557458557345,40.0243288847312,5.040890965715664e-41
0,0,2146,2557854962176,40.03053263621795,0.0
0,1,2146,2558596076790,40.04213110961914,4.989323182228511e-41
0,0,2147,2559337808896,40.053739246794876,0.0
0,1,2147,2559733693531,40.05993485719338,5.091898229817088e-41
0,0,2148,2560132083712,40.06616967948718,0.0
0,1,2148,2560871454154,40.077740856526695,5.067515636537836e-41
0,0,2149,2561267420672,40.08393774839744,0.0
0,1,2149,2562009138479,40.095545661793246,5.040890965715664e-41
0,0,2150,2562408601600,40.101797275641026,0.0
0,1,2150,2562802586854,40.10796316065079,4.945462540295144e-41
0,0,2151,2563544032768,40.11956681891026,0.0
0,1,2151,2563940181578,40.125766563658104,5.063872260530591e-41
0,0,2152,2564679328768,40.13733424679487,0.0
0,1,2152,2565072137616,40.14348172100361,5.148790947468675e-41
0,0,2153,2565468282880,40.14968141025641,0.0
0,1,2153,2566209521911,40.16128183078864,5.032062785390418e-41
0,0,2154,2566609806336,40.16754629807692,0.0
0,1,2154,2567352028286,40.17916210133088,4.993386947775053e-41
0,0,2155,2567751455744,40.185413157051286,0.0
0,1,2155,2568494469626,40.197041354072766,5.035706161397663e-41
0,0,2156,2569234618368,40.20862471153846,0.0
0,1,2156,2569981137706,40.22030776908679,4.973068120042343e-41
0,0,2157,2570381354496,40.226571177884615,0.0
0,1,2157,2570773928169,40.23271497159518,5.059107845751887e-41
0,0,2158,2571511592448,40.24425944711538,0.0
0,1,2158,2571905400358,40.25042255668445,5.343151044470527e-41
0,0,2159,2572652370432,40.26211266826923,0.0
0,1,2159,2573048076708,40.268305487342246,5.161262503801166e-41
0,0,2160,2573446063616,40.27453399839744,0.0
0,1,2160,2574169536683,40.285856380881285,5.105490824921039e-41
0,0,2161,2574565151744,40.2920477724359,0.0
0,1,2161,2574962825826,40.298271387751655,5.003896686257489e-41
0,0,2162,2575700893696,40.30982217948718,0.0
0,1,2162,2576094808495,40.31598696187337,5.115860433557042e-41
0,0,2163,2576836506112,40.32759455929487,0.0
0,1,2163,2577232291094,40.333788610119946,4.940277735977143e-41
0,0,2164,2577972076544,40.34536628205128,0.0
0,1,2164,2578713686047,40.35697250048515,4.926685140873192e-41
0,0,2165,2579454827520,40.36857139423077,0.0
0,1,2165,2579851150212,40.37477386023888,5.144587052075701e-41
0,0,2166,2580590236672,40.38634059294872,0.0
0,1,2166,2580983117514,40.39248919386644,5.110255239699743e-41
0,0,2167,2581378865664,40.39868266826923,0.0
0,1,2167,2582120640561,40.410291475125824,5.01580772320425e-41
0,0,2168,2582520161792,40.41654399839744,0.0
0,1,2168,2583263497138,40.4281772263434,4.90118150882248e-41
0,0,2169,2583661404160,40.434404487179485,0.0
0,1,2169,2584056501097,40.440587770072746,5.044534341722909e-41
0,0,2170,2584796636672,40.45217092147436,0.0
0,1,2170,2585194000069,40.45838967455742,4.926685140873192e-41
0,0,2171,2585590990336,40.46460258814103,0.0
0,1,2171,2586336625732,40.47627181196164,4.920519427630163e-41
0,0,2172,2586732466176,40.48246673076923,0.0
0,1,2172,2587479486926,40.49415763543545,4.96213799202061e-41
0,0,2173,2588221203456,40.505765528846155,0.0
0,1,2173,2588616778028,40.5119562867463,5.060649274062644e-41
0,0,2174,2589356885504,40.523538998397434,0.0
0,1,2174,2589753836685,40.52975130028358,4.947564487991632e-41
0,0,2175,2590493184512,40.541322123397435,0.0
0,1,2175,2590890848746,40.547545584591596,5.054903950358913e-41
0,0,2176,2591287607296,40.55375487179487,0.0
0,1,2176,2592033353073,40.565425823082556,5.062190702373402e-41
0,0,2177,2592428942336,40.57161681089744,0.0
0,1,2177,2593170772677,40.58322648545485,5.060088754676914e-41
0,0,2178,2593570143232,40.589476650641025,0.0
0,1,2178,2593963859075,40.595638319357846,5.03724758970842e-41
0,0,2179,2594706360832,40.607258501602566,0.0
0,1,2179,2595101067232,40.613435672576124,5.126370172039478e-41
0,0,2180,2595842100224,40.62503286858974,0.0
0,1,2180,2596238488898,40.631236367218804,5.076343816863082e-41
0,0,2181,2596636134912,40.63745954326923,0.0
0,1,2181,2597375922864,40.64903725435697,4.996609934243e-41
0,0,2182,2598113247232,40.66057641025641,0.0
0,1,2182,2598852015515,40.67213816348345,4.882404109400528e-41
0,0,2183,2599249116160,40.67835280448718,0.0
0,1,2183,2599989381371,40.689937984697394,4.964239939717097e-41
0,0,2184,2600384682496,40.696124463141025,0.0
0,1,2184,2601121354817,40.70765341447879,5.051260574351668e-41
0,0,2185,2601520158720,40.713894711538465,0.0
0,1,2185,2601914473459,40.72006575300168,5.065834078380646e-41
0,0,2186,2602655855616,40.73166841346154,0.0
0,1,2186,2603051652934,40.7378626573455,5.021132657368685e-41
0,0,2187,2603791125504,40.74943543269231,0.0
0,1,2187,2604188988082,40.75566199797802,4.938175788280655e-41
0,0,2188,2604585367552,40.7618653525641,0.0
0,1,2188,2605326503946,40.77346416682317,4.999692790864515e-41
0,0,2189,2605726869504,40.77972990384615,0.0
0,1,2189,2606463925624,40.791264861653644,4.957513707088338e-41
0,0,2190,2606862624768,40.79750451923077,0.0
0,1,2190,2607256959281,40.80367587015788,5.009642009961221e-41
0,0,2191,2607998215168,40.815276554487184,0.0
0,1,2191,2608743467602,40.82693978493715,4.991425129924998e-41
0,0,2192,2609480681984,40.83847721955129,0.0
0,1,2192,2609875313548,40.84465321933844,4.943921111984387e-41
0,0,2193,2610615961088,40.85624438301282,0.0
0,1,2193,2611012446458,40.86244939493815,4.90230254759394e-41
0,0,2194,2611410248704,40.86867501602564,0.0
0,1,2194,2612154889338,40.8803286717811,4.985119286835537e-41
0,0,2195,2612551403520,40.88653413461539,0.0
0,1,2195,2612948058657,40.892741803401066,4.936634359969898e-41
0,0,2196,2613687200768,40.90430940705129,0.0
0,1,2196,2614080176490,40.9104594928448,4.824530482823913e-41
0,0,2197,2614817192960,40.92199383012821,0.0
0,1,2197,2615212364977,40.928178288026466,5.106471733846066e-41
0,0,2198,2615611560448,40.934425713141025,0.0
0,1,2198,2616350066700,40.94598336557242,5.019030709672197e-41
0,0,2199,2616747407360,40.952201762820515,0.0
0,1,2199,2617487469931,40.96378377170661,4.935092931659141e-41
0,0,2200,2617883198976,40.969976947115384,0.0
0,1,2200,2618625101014,40.981587743733726,4.892913847882964e-41
0,0,2201,2619024167424,40.987833149038465,0.0
0,1,2201,2619762576940,40.99938928754758,4.992406038850026e-41
0,0,2202,2620160212992,41.00561230769231,0.0
0,1,2202,2620555780058,41.01180294812325,5.013705775507763e-41
0,0,2203,2621296493056,41.02339513621795,0.0
0,1,2203,2621693297461,41.029605141053814,4.956953187702608e-41
0,0,2204,2622432920576,41.0411802724359,0.0
0,1,2204,2622830682784,41.047405266927086,4.902722937133237e-41
0,0,2205,2623227605504,41.05361712339744,0.0
0,1,2205,2623968094202,41.06520580118815,5.078866154098867e-41
0,0,2206,2624363756544,41.07139793269231,0.0
0,1,2206,2625105598806,41.083007793813856,5.092458749202818e-41
0,0,2207,2625505173504,41.08926115384615,0.0
0,1,2207,2625898933016,41.09542350598458,4.856339957964086e-41
0,0,2208,2626641113088,41.10703865384615,0.0
0,1,2208,2627036345452,41.11322405617739,5.05644537866967e-41
0,0,2209,2627435462144,41.119470248397434,0.0
0,1,2209,2628174038989,41.131029005612106,5.011183438271978e-41
0,0,2210,2628912291328,41.14258268429487,0.0
0,1,2210,2629306073879,41.14874539699457,5.185224707541121e-41
0,0,2211,2630047962624,41.16035598557693,0.0
0,1,2211,2630443329646,41.16654349531125,5.040330446329935e-41
0,0,2212,2630842582016,41.17279181089744,0.0
0,1,2212,2631585727982,41.18442207503881,5.043413302951449e-41
0,0,2213,2631984110080,41.190656770833336,0.0
0,1,2213,2632722947923,41.20221961267716,4.949666435688119e-41
0,0,2214,2633119933952,41.2084324599359,0.0
0,1,2214,2633516103422,41.214632528013574,5.000253310250245e-41
0,0,2215,2634255624704,41.22620606570513,0.0
0,1,2215,2634653229660,41.23242859919622,5.013705775507763e-41
0,0,2216,2635391016448,41.24397499198718,0.0
0,1,2216,2635784972188,41.25014041510166,5.09035680150633e-41
0,0,2217,2636185120768,41.25640275641026,0.0
0,1,2217,2636927598881,41.268022568625426,5.028839798922471e-41
0,0,2218,2637326247936,41.27426144230769,0.0
0,1,2218,2638064951930,41.28582218940931,5.066955117152106e-41
0,0,2219,2638802952704,41.29737193108974,0.0
0,1,2219,2639196661182,41.30353348454402,5.045094861108639e-41
0,0,2220,2639938433536,41.315142251602566,0.0
0,1,2220,2640683248354,41.3267986333446,5.0570058980554e-41
0,0,2221,2641079481856,41.332999703525644,0.0
0,1,2221,2641476507297,41.33921316758376,4.881843590014798e-41
0,0,2222,2642215115776,41.350772419871795,0.0
0,1,2222,2642607938522,41.356920111584785,4.945042150755847e-41
0,0,2223,2643003804672,41.36311543269231,0.0
0,1,2223,2643750280530,41.374797809776894,5.092458749202818e-41
0,0,2224,2644150477824,41.38106091346154,0.0
0,1,2224,2644892767950,41.392677783672625,4.900200599897453e-41
0,0,2225,2645291647488,41.398920264423076,0.0
0,1,2225,2645691182755,41.40517300735865,5.138281208986239e-41
0,0,2226,2646432909824,41.41678106570513,0.0
0,1,2226,2646828070392,41.42296534442608,5.043413302951449e-41
0,0,2227,2647568440320,41.43455216346154,0.0
0,1,2227,2647965161312,41.44076086288061,5.127351080964506e-41
0,0,2228,2648703684096,41.45231877403846,0.0
0,1,2228,2649441087555,41.46385916771522,5.080547712256057e-41
0,0,2229,2649838918144,41.470085232371794,0.0
0,1,2229,2650578571169,41.48166083184658,5.003336166871759e-41
0,0,2230,2650973843456,41.48784685897436,0.0
0,1,2230,2651715688194,41.499456758845405,4.9418191642879e-41
0,0,2231,2652114584576,41.50569950320513,0.0
0,1,2231,2652508834997,41.511869538089066,5.070037973773621e-41
0,0,2232,2653249838592,41.52346627403846,0.0
0,1,2232,2653646341149,41.52967155494103,5.141504195454186e-41
0,0,2233,2654385511424,41.541239599358974,0.0
0,1,2233,2654778368352,41.547387826021634,5.19307197894134e-41
0,0,2234,2655174243840,41.553583293269234,0.0
0,1,2234,2655916004533,41.56519187783266,5.013285385968466e-41
0,0,2235,2656315390976,41.57144229166667,0.0
0,1,2235,2657053506586,41.58299383053511,5.24618119073925e-41
0,0,2236,2657451055616,41.58921548878205,0.0
0,1,2236,2657852182507,41.595493140696995,5.003896686257489e-41
0,0,2237,2658592148992,41.60707364583333,0.0
0,1,2237,2659338568987,41.61875514865973,5.19363249832707e-41
0,0,2238,2660079765504,41.630354903846154,0.0
0,1,2238,2660475456120,41.63654747783954,4.973068120042343e-41
0,0,2239,2661214894592,41.64811971955128,0.0
0,1,2239,2661607290808,41.654260736052684,5.103388877224551e-41
0,0,2240,2662003472896,41.66046100160256,0.0
0,1,2240,2662749915959,41.67214286544409,5.064853169455619e-41
0,0,2241,2663150268416,41.6784083974359,0.0
0,1,2241,2663887326870,41.68994339177058,5.072700440855838e-41
0,0,2242,2664285892096,41.69618095352564,0.0
0,1,2242,2664680558161,41.70235749325484,5.085732516574059e-41
0,0,2243,2665421555712,41.713954134615385,0.0
0,1,2243,2665817988523,41.72015832399026,5.004457205643219e-41
0,0,2244,2666557285376,41.731728349358974,0.0
0,1,2244,2666950073582,41.737875500519586,4.983998248064077e-41
0,0,2245,2667345984512,41.744071522435895,0.0
0,1,2245,2668087493721,41.755676171264646,5.125809652653748e-41
0,0,2246,2668486881792,41.76192661057692,0.0
0,1,2246,2669224892855,41.77347651328063,5.047056678958694e-41
0,0,2247,2669622843392,41.779704455128204,0.0
0,1,2247,2670362503963,41.791280172698194,5.113898615706987e-41
0,0,2248,2671099793408,41.80281878205128,0.0
0,1,2248,2671494004312,41.80898819849259,5.034585122626203e-41
0,0,2249,2672235765248,41.82059678685898,0.0
0,1,2249,2672630953908,41.82678150522086,5.028839798922471e-41
0,0,2250,2673371709440,41.83837435897436,0.0
0,1,2250,2673768210711,41.84457961975098,5.045094861108639e-41
0,0,2251,2674166230016,41.85080863782051,0.0
0,1,2251,2674910944918,41.86246345587315,5.009642009961221e-41
0,0,2252,2675307479040,41.868669230769235,0.0
0,1,2252,2675704109129,41.87487650755271,4.877779824468256e-41
0,0,2253,2676443282944,41.88644460737179,0.0
0,1,2253,2676835943296,41.89258975761218,5.039349537404907e-41
0,0,2254,2677573387264,41.90413078525641,0.0
0,1,2254,2677967670464,41.91030133313301,5.043973822337179e-41
0,0,2255,2678709387776,41.92190923878205,0.0
0,1,2255,2679110271041,41.92818307794033,4.940838255362873e-41
0,0,2256,2679851147776,41.93977782852564,0.0
0,1,2256,2680247603104,41.94598237029247,5.154536271172407e-41
0,0,2257,2680987335680,41.95755921474359,0.0
0,1,2257,2681384731392,41.963778473557696,5.005438114568247e-41
0,0,2258,2682123546112,41.975340953525645,0.0
0,1,2258,2682516188234,41.9814858184658,5.158179647179652e-41
0,0,2259,2682912653824,41.98769052083333,0.0
0,1,2259,2683653302693,41.999281705306615,5.013705775507763e-41
0,0,2260,2684049144320,42.0054766426282,0.0
0,1,2260,2684795932452,42.0171639068134,5.09764355352082e-41
0,0,2261,2685196675584,42.023435552884614,0.0
0,1,2261,2685594288885,42.029658216975285,5.159160556104679e-41
0,0,2262,2686333208064,42.04122233173077,0.0
0,1,2262,2686726166070,42.04737214026818,4.986660715146294e-41
0,0,2263,2687463840768,42.058916778846154,0.0
0,1,2263,2688202212653,42.070472328428615,4.904824884829725e-41
0,0,2264,2688941585408,42.08204354166667,0.0
0,1,2264,2689334249589,42.088188751831055,5.025756942300956e-41
0,0,2265,2690071910400,42.09973317307693,0.0
0,1,2265,2690466515384,42.105908756886016,5.136739780675482e-41
0,0,2266,2690866089984,42.11216211538461,0.0
0,1,2266,2691603903775,42.12370893077362,5.050279665426641e-41
0,0,2267,2692001596928,42.129932844551284,0.0
0,1,2267,2692741537921,42.141512950736804,5.045094861108639e-41
0,0,2268,2693137312256,42.147706834935896,0.0
0,1,2268,2693534849077,42.1539283021115,5.000253310250245e-41
0,0,2269,2694273169920,42.16548305288462,0.0
0,1,2269,2694666790265,42.17164322705391,4.970545782806559e-41
0,0,2270,2695409314304,42.18326375801282,0.0
0,1,2270,2695804405469,42.189446950574045,4.992966558235756e-41
0,0,2271,2696204047872,42.19570137019231,0.0
0,1,2271,2696947126367,42.20733057840983,5.159721075490409e-41
0,0,2272,2697345939456,42.21357201923077,0.0
0,1,2272,2698084553157,42.22513135324331,4.930328516880436e-41
0,0,2273,2698823735296,42.23669958333333,0.0
0,1,2273,2699560879292,42.24823591640375,4.998711881939487e-41
0,0,2274,2699959690240,42.25447732371795,0.0
0,1,2274,2700354408557,42.26065468119304,4.94294020305936e-41
0,0,2275,2701096307712,42.27226543269231,0.0
0,1,2275,2701492026322,42.27845844479292,5.176396527215874e-41
0,0,2276,2702232683008,42.29004975160257,0.0
0,1,2276,2702629610802,42.29626168748122,5.116981472328502e-41
0,0,2277,2703026876416,42.30247891025641,0.0
0,1,2277,2703767226526,42.314065419139375,4.969985263420829e-41
0,0,2278,2704168177152,42.3203403125,0.0
0,1,2278,2704904933378,42.33187057695438,5.049158626655181e-41
0,0,2279,2705304436224,42.3381228125,0.0
0,1,2279,2705698248116,42.34428598438752,5.050279665426641e-41
0,0,2280,2706440479744,42.355901939102566,0.0
0,1,2280,2706835925793,42.36209068561261,5.07788524517384e-41
0,0,2281,2707576152576,42.37367526442308,0.0
0,1,2281,2707973465735,42.379893231279425,5.059107845751887e-41
0,0,2282,2708712203776,42.39145451121795,0.0
0,1,2282,2709449595254,42.40299471739158,4.900200599897453e-41
0,0,2283,2709847570432,42.409223044871794,0.0
0,1,2283,2710587279578,42.420799522642476,5.065413688841349e-41
0,0,2284,2710983144448,42.42699482371795,0.0
0,1,2284,2711380404387,42.43321195767916,5.041871874640692e-41
0,0,2285,2712119187456,42.44477394230769,0.0
0,1,2285,2712512016339,42.450921730064984,5.238333919339031e-41
0,0,2286,2712908160512,42.457121402243594,0.0
0,1,2286,2713654699359,42.46880476510855,5.116981472328502e-41
0,0,2287,2714054822912,42.47506671474359,0.0
0,1,2287,2714792318142,42.48660854464018,5.100866539988767e-41
0,0,2288,2715190715904,42.49284348557693,0.0
0,1,2288,2715929863201,42.504411170388245,5.153975751786677e-41
0,0,2289,2716326954496,42.510625665064104,0.0
0,1,2289,2716723087836,42.51682516770583,5.226983401778e-41
0,0,2290,2717463115776,42.528406634615386,0.0
0,1,2290,2718204762347,42.54001343316494,5.015387333664953e-41
0,0,2291,2718946464256,42.55162109775641,0.0
0,1,2291,2719341776462,42.55780774961814,5.296207545915646e-41
0,0,2292,2720082632192,42.56940217147436,0.0
0,1,2292,2720479100341,42.575606913890354,4.909589299608429e-41
0,0,2293,2721218777088,42.58718288461539,0.0
0,1,2293,2721616322836,42.5934044914989,5.066955117152106e-41
0,0,2294,2722013258752,42.59961655448718,0.0
0,1,2294,2722754205310,42.61121239780524,5.029960837693931e-41
0,0,2295,2723154946560,42.61748401442308,0.0
0,1,2295,2723547565108,42.623628510429185,4.950226955073849e-41
0,0,2296,2724284902912,42.635167876602566,0.0
0,1,2296,2724679551349,42.64134414045285,5.061209793448374e-41
0,0,2297,2725419982848,42.65293192307693,0.0
0,1,2297,2725817013466,42.6591454681553,5.099745501217307e-41
0,0,2298,2726213849088,42.66535596153846,0.0
0,1,2298,2726954615868,42.67694899132362,5.061770312834104e-41
0,0,2299,2727354620928,42.68320908653846,0.0
0,1,2299,2728092491165,42.69475678530962,5.069057064848593e-41
0,0,2300,2728831289856,42.70631901442308,0.0
0,1,2300,2729224717037,42.712476165568035,5.081528621181084e-41
0,0,2301,2729966662144,42.72408763621795,0.0
0,1,2301,2730362039889,42.730275313767656,5.07788524517384e-41
0,0,2302,2731102409216,42.74186212339744,0.0
0,1,2302,2731499077034,42.74806999064128,4.985119286835537e-41
0,0,2303,2731896646656,42.75429197115385,0.0
0,1,2303,2732641753390,42.76595292139298,4.952328902770336e-41
0,0,2304,2733037850624,42.77215185897436,0.0
0,1,2304,2733784278187,42.78383348024026,5.117541991714232e-41
0,0,2305,2734184767488,42.79010115384615,0.0
0,1,2305,2734577389151,42.79624569860214,5.019451099211495e-41
0,0,2306,2735315227136,42.80779289262821,0.0
0,1,2306,2735709256093,42.81395946159167,5.032062785390418e-41
0,0,2307,2736451271168,42.82557202724359,0.0
0,1,2307,2736846327551,42.83175467546512,5.025756942300956e-41
0,0,2308,2737246072320,42.83801069711539,0.0
0,1,2308,2737983481439,42.84955117937137,5.01580772320425e-41
0,0,2309,2738723781120,42.86113689903846,0.0
0,1,2309,2739469628808,42.87280944523738,4.997590843168028e-41
0,0,2310,2739865396736,42.87900322916667,0.0
0,1,2310,2740607205613,42.89061256781162,4.969004354495801e-41
0,0,2311,2741007223296,42.89687286057693,0.0
0,1,2311,2741400310429,42.90302468995706,4.989323182228511e-41
0,0,2312,2742137845248,42.91456713942308,0.0
0,1,2312,2742531964382,42.92073511966021,5.045094861108639e-41
0,0,2313,2742932217856,42.9269991025641,0.0
0,1,2313,2743674495330,42.93861577477089,5.023094475218739e-41
0,0,2314,2744074016768,42.94486830128205,0.0
0,1,2314,2744817237735,42.95649973919208,5.147669908697216e-41
0,0,2315,2745215344640,42.96273012820513,0.0
0,1,2315,2745610153110,42.96890889657828,4.979373963131805e-41
0,0,2316,2746351055360,42.98050404647436,0.0
0,1,2316,2746746886642,42.98669882189628,4.965781368027854e-41
0,0,2317,2747145365504,42.992935032051285,0.0
0,1,2317,2747889338736,43.004578242938706,5.026317461686686e-41
0,0,2318,2748628248064,43.01614220352564,0.0
0,1,2318,2749020575917,43.022282150143354,5.240015477496221e-41
0,0,2319,2749758936064,43.03383751602564,0.0
0,1,2319,2750151815141,43.03998608932104,4.930328516880436e-41
0,0,2320,2750889429504,43.05152978365385,0.0
0,1,2320,2751283128621,43.0576911906081,4.92150033655519e-41
0,0,2321,2752025674752,43.06931206730769,0.0
0,1,2321,2752419640458,43.075477646390475,4.971526691731586e-41
0,0,2322,2752820089856,43.081744695512825,0.0
0,1,2322,2753562152458,43.093358004964195,5.000673699789542e-41
0,0,2323,2753961526272,43.09960822115385,0.0
0,1,2323,2754704317317,43.11123293076735,4.980915391442562e-41
0,0,2324,2755103360512,43.11747797275641,0.0
0,1,2324,2755497193784,43.12364147924179,5.019030709672197e-41
0,0,2325,2756239213568,43.13525411858974,0.0
0,1,2325,2756634429087,43.14143925729605,5.008100581650464e-41
0,0,2326,2757375260672,43.15303330128205,0.0
0,1,2326,2758115822508,43.164623123685395,4.917856960547946e-41
0,0,2327,2758516803072,43.17089848557693,0.0
0,1,2327,2759258540324,43.182506703287764,4.985679806221267e-41
0,0,2328,2759658331136,43.18876344551282,0.0
0,1,2328,2760401153703,43.20038864844689,5.053362522048155e-41
0,0,2329,2760799998464,43.2066305849359,0.0
0,1,2329,2761543466530,43.21826588995518,5.13099445697175e-41
0,0,2330,2761941624832,43.22449708333333,0.0
0,1,2330,2762336541665,43.230677547591775,5.15243432347592e-41
0,0,2331,2763077721088,43.242277035256414,0.0
0,1,2331,2763473786172,43.248475469689005,4.94294020305936e-41
0,0,2332,2763872440832,43.254714431089745,0.0
0,1,2332,2764616233658,43.26635481861604,5.028839798922471e-41
0,0,2333,2765014270464,43.27258411057692,0.0
0,1,2333,2765758487099,43.284231130731044,5.275888718182936e-41
0,0,2334,2766156256256,43.29045623397436,0.0
0,1,2334,2766551486440,43.2966416021885,5.117541991714232e-41
0,0,2335,2767292654080,43.30824090544872,0.0
0,1,2335,2767688254292,43.314432064615886,4.97629110651029e-41
0,0,2336,2768775536128,43.331448068910255,0.0
0,1,2336,2769169279586,43.337610169802936,5.044534341722909e-41
0,0,2337,2769911502336,43.34922598557692,0.0
0,1,2337,2770306694588,43.355410760153745,5.099184981831577e-41
0,0,2338,2770706168832,43.36166254807692,0.0
0,1,2338,2771443917094,43.37320833793444,5.039769926944205e-41
0,0,2339,2771843015680,43.37945424679487,0.0
0,1,2339,2772586289315,43.391086508961216,5.047056678958694e-41
0,0,2340,2772984945152,43.39732548878205,0.0
0,1,2340,2773379110985,43.403494199860404,5.047617198344424e-41
0,0,2341,2774121189376,43.41510775641026,0.0
0,1,2341,2774516100003,43.42128812354455,4.999692790864515e-41
0,0,2342,2775257135104,43.43288535256411,0.0
0,1,2342,2775653366043,43.43908638263409,4.956392668316878e-41
0,0,2343,2776051707904,43.44532044871795,0.0
0,1,2343,2776790802025,43.456887301322745,4.993947467160783e-41
0,0,2344,2777187707392,43.46309888621795,0.0
0,1,2344,2777933267946,43.474766938758265,5.135758871750455e-41
0,0,2345,2778670747136,43.48630851762821,0.0
0,1,2345,2779064968485,43.49247809753418,4.994507986546513e-41
0,0,2346,2779806307840,43.50408008814102,0.0
0,1,2346,2780202065049,43.510273704317534,5.007540062264734e-41
0,0,2347,2780942413312,43.52186018429487,0.0
0,1,2347,2781339398633,43.528073020473386,5.20610405465956e-41
0,0,2348,2782078592000,43.53964142628205,0.0
0,1,2348,2782471359791,43.545788257947095,5.093579787974278e-41
0,0,2349,2782867700224,43.551991001602566,0.0
0,1,2349,2783608723609,43.56358804726625,5.138841728371969e-41
0,0,2350,2784009307648,43.56985720352564,0.0
0,1,2350,2784402029641,43.57600331845015,5.100306020603037e-41
0,0,2351,2785139954176,43.587551866987184,0.0
0,1,2351,2785533519751,43.59371118400378,5.033604213701175e-41
0,0,2352,2786271043584,43.60525346153846,0.0
0,1,2352,2786665090769,43.61142031577086,5.080547712256057e-41
0,0,2353,2787065535488,43.61768729166667,0.0
0,1,2353,2787807483978,43.62929881526067,5.002355257946732e-41
0,0,2354,2788548961792,43.640902972756415,0.0
0,1,2354,2789293764464,43.65255916441306,5.104509915996011e-41
0,0,2355,2789690953216,43.658775184294875,0.0
0,1,2355,2790086799145,43.66497018894294,5.048177717730153e-41
0,0,2356,2790827641344,43.67656439903846,0.0
0,1,2356,2791223928454,43.68276630818685,4.96213799202061e-41
0,0,2357,2791963768832,43.69434483974359,0.0
0,1,2357,2792361065444,43.700562547638725,5.013705775507763e-41
0,0,2358,2792758510080,43.70678257211539,0.0
0,1,2358,2793498141517,43.71835783373711,4.84751177763884e-41
0,0,2359,2793895246336,43.7245725400641,0.0
0,1,2359,2794296764705,43.73085631862543,5.052381613123128e-41
0,0,2360,2795037376000,43.74244691506411,0.0
0,1,2360,2795434044028,43.748654785594454,5.220677558688538e-41
0,0,2361,2796173798912,43.76023197916667,0.0
0,1,2361,2796571422176,43.76645479917869,5.183683279230363e-41
0,0,2362,2796968820224,43.772674094551284,0.0
0,1,2362,2797713995616,43.78433611929086,5.212409897749022e-41
0,0,2363,2798452484096,43.795893493589745,0.0
0,1,2363,2798845727905,43.802047774955554,5.003336166871759e-41
0,0,2364,2799583277056,43.81359044871795,0.0
0,1,2364,2799977566175,43.81976108922714,5.204562626348803e-41
0,0,2365,2800719060992,43.83136551282051,0.0
0,1,2365,2801115030341,43.83756244899652,5.029960837693931e-41
0,0,2366,2801513732608,43.84380215544872,0.0
0,1,2366,2802257694407,43.85544518740923,4.881843590014798e-41
0,0,2367,2802655854592,43.861676410256415,0.0
0,1,2367,2803056212641,43.86794202976325,4.924583193176705e-41
0,0,2368,2803797990912,43.87955088942308,0.0
0,1,2368,2804193495554,43.88574055291592,5.019451099211495e-41
0,0,2369,2804934445056,43.89733644230769,0.0
0,1,2369,2805330777440,43.90353905999599,4.954851240006121e-41
0,0,2370,2805729318912,43.90977625,0.0
0,1,2370,2806468151482,43.921339009321166,4.877219305082526e-41
0,0,2371,2806866008064,43.92756548076923,0.0
0,1,2371,2807610647103,43.93921911156288,4.98301733913905e-41
0,0,2372,2808008187392,43.94544063301282,0.0
0,1,2372,2809097105255,43.96248224119529,4.925143712562435e-41
0,0,2373,2809497519616,43.968748741987184,0.0
0,1,2373,2810239687400,43.980363697541065,4.812619445877152e-41
0,0,2374,2810639832576,43.98662598557692,0.0
0,1,2374,2811382165097,43.99824351927146,5.113338096321257e-41
0,0,2375,2811782169088,44.00450359775641,0.0
0,1,2375,2812175140390,44.01065361437676,4.96325903079207e-41
0,0,2376,2812913063936,44.0222021474359,0.0
0,1,2376,2813306789231,44.0283639640769,5.215492754370537e-41
0,0,2377,2813707742208,44.034638894230774,0.0
0,1,2377,2814454653184,44.04632808092949,5.004877595182517e-41
0,0,2378,2814855314432,44.05259844551282,0.0
0,1,2378,2815597141124,44.064208062963246,5.144026532689971e-41
0,0,2379,2815997521920,44.07047403846154,0.0
0,1,2379,2816390122546,44.07661825398763,4.927806179644652e-41
0,0,2380,2817128666624,44.08817649839744,0.0
0,1,2380,2817521679227,44.094327161380086,5.055464469744643e-41
0,0,2381,2818606475264,44.11130426282051,0.0
0,1,2381,2819002495101,44.11750198913575,4.917296441162216e-41
0,0,2382,2819742705664,44.129086314102565,0.0
0,1,2382,2820139495391,44.13529608922714,5.07732472578811e-41
0,0,2383,2820879173632,44.146872083333335,0.0
0,1,2383,2821276277045,44.153086767656376,4.932990983962654e-41
0,0,2384,2822015564800,44.16465665064103,0.0
0,1,2384,2822408078966,44.17079951306466,5.07676420640238e-41
0,0,2385,2822804874752,44.17700938301282,0.0
0,1,2385,2823545640928,44.18860240334536,5.095121216285035e-41
0,0,2386,2823946775040,44.19488016826923,0.0
0,1,2386,2824688639841,44.20649038212703,5.087834464270546e-41
0,0,2387,2825088492032,44.212748084935896,0.0
0,1,2387,2825481894172,44.2189048441882,4.97629110651029e-41
0,0,2388,2826224778752,44.23053101762821,0.0
0,1,2388,2826619314804,44.23670552264874,4.907487351911942e-41
0,0,2389,2827360955904,44.248312235576925,0.0
0,1,2389,2827756816864,44.25450747546074,5.035145642011933e-41
0,0,2390,2828497839616,44.26610451121795,0.0
0,1,2390,2829238585070,44.27769720725035,4.898098652200966e-41
0,0,2391,2829634386432,44.283891514423075,0.0
0,1,2391,2830375972429,44.295497364987106,5.130013548046723e-41
0,0,2392,2830776326144,44.30176291666667,0.0
0,1,2392,2831169415172,44.30791477570363,5.055464469744643e-41
0,0,2393,2831907282432,44.319462427884616,0.0
0,1,2393,2832301696838,44.32563502914038,4.952749292309633e-41
0,0,2394,2833043379200,44.33724238782052,0.0
0,1,2394,2833439334059,44.34343909722744,5.136739780675482e-41
0,0,2395,2833838204928,44.34968144230769,0.0
0,1,2395,2834576890389,44.361241899367116,5.086713425499086e-41
0,0,2396,2834974592000,44.36746594551282,0.0
0,1,2396,2835714521459,44.37904587119078,5.061770312834104e-41
0,0,2397,2836111139840,44.38525296474359,0.0
0,1,2397,2836507843369,44.39146139086601,4.969985263420829e-41
0,0,2398,2837247623680,44.4030389823718,0.0
0,1,2398,2837989645879,44.4146516595146,5.020572137982955e-41
0,0,2399,2838389477888,44.42090904647436,0.0
0,1,2399,2839132406715,44.43253591238169,4.997590843168028e-41
0,0,2400,2839531424768,44.438780560897435,0.0
0,1,2400,2840270142235,44.45034151885204,5.142485104379214e-41
0,0,2401,2840667986944,44.45656780448718,0.0
0,1,2401,2841407988866,44.468148864213994,5.005438114568247e-41
0,0,2402,2841804404224,44.47435278044872,0.0
0,1,2402,2842201560630,44.480568294114335,5.167007827504898e-41
0,0,2403,2842941043200,44.49214122596154,0.0
0,1,2403,2843333700471,44.498286327984154,5.067515636537836e-41
0,0,2404,2843730289664,44.50449296474359,0.0
0,1,2404,2844471268071,44.51608930649978,5.001234219175272e-41
0,0,2405,2844872223232,44.522364270833336,0.0
0,1,2405,2845619262584,44.534055466621595,5.099745501217307e-41
0,0,2406,2846019617792,44.540321041666665,0.0
0,1,2406,2846412374062,44.546467693027594,5.002775647486029e-41
0,0,2407,2847150498816,44.558019375,0.0
0,1,2407,2847888108837,44.56956300138034,4.939717216591413e-41
0,0,2408,2848628082176,44.581143613782054,0.0
0,1,2408,2849025638008,44.58736537848057,5.038228498633447e-41
0,0,2409,2849763875328,44.59891882211539,0.0
0,1,2409,2850157722558,44.60508254704402,5.059107845751887e-41
0,0,2410,2850899676672,44.61669415865385,0.0
0,1,2410,2851295224609,44.62288449971517,4.957934096627635e-41
0,0,2411,2852041425408,44.634562572115385,0.0
0,1,2411,2852438248612,44.64077287115635,5.07676420640238e-41
0,0,2412,2852836124160,44.64699963942308,0.0
0,1,2412,2853581225509,44.65866050538674,4.997030323782298e-41
0,0,2413,2853978030080,44.664870512820514,0.0
0,1,2413,2854374753757,44.67107925425994,5.002355257946732e-41
0,0,2414,2855114080768,44.68264975160257,0.0
0,1,2414,2855506665760,44.688793722455934,4.977832534821048e-41
0,0,2415,2856245111808,44.70035043269231,0.0
0,1,2415,2856638455390,44.70650627550957,5.240015477496221e-41
0,0,2416,2857376190464,44.71805185897436,0.0
0,1,2416,2857770298270,44.72421966192783,4.99548889547154e-41
0,0,2417,2858512771072,44.73583939102564,0.0
0,1,2417,2859256767690,44.7474829679049,5.108153292003256e-41
0,0,2418,2859654914048,44.75371397435897,0.0
0,1,2418,2860055172253,44.75997803130321,5.113898615706987e-41
0,0,2419,2860797295616,44.77159229166667,0.0
0,1,2419,2861192115710,44.77777124195588,5.117962381253529e-41
0,0,2420,2861933633536,44.789376025641026,0.0
0,1,2420,2862328998235,44.79556349902031,5.025756942300956e-41
0,0,2421,2862728243200,44.80181169871795,0.0
0,1,2421,2863471253719,44.81343984310835,5.05812693682686e-41
0,0,2422,2863870169600,44.81968289262821,0.0
0,1,2422,2864613424209,44.83131485703689,5.214371715599077e-41
0,0,2423,2865011990016,44.83755242788462,0.0
0,1,2423,2865406437892,44.84372555294722,5.047056678958694e-41
0,0,2424,2866148696576,44.85534193108975,0.0
0,1,2424,2866543366505,44.86151853129069,4.874556838000309e-41
0,0,2425,2867285172736,44.87312782852564,0.0
0,1,2425,2868030233745,44.884788063166695,5.103388877224551e-41
0,0,2426,2868427247104,44.891001338141024,0.0
0,1,2426,2869511554977,44.9079707997953,5.11067562923904e-41
0,0,2427,2869911026176,44.9142225400641,0.0
0,1,2427,2870648996100,44.92577179894081,5.066955117152106e-41
0,0,2428,2871047846400,44.93201382211539,0.0
0,1,2428,2871442387639,44.938188408312676,5.058547326366157e-41
0,0,2429,2872184108544,44.94979637019231,0.0
0,1,2429,2872580176424,44.95599484838241,4.97629110651029e-41
0,0,2430,2872978855424,44.96223419070513,0.0
0,1,2430,2873722971548,44.973879637858076,5.202460678652316e-41
0,0,2431,2874120649216,44.980103309294876,0.0
0,1,2431,2874860373241,44.991680019922505,5.105490824921039e-41
0,0,2432,2875256881152,44.99788538461539,0.0
0,1,2432,2875653643945,45.00409473822178,5.013285385968466e-41
0,0,2433,2876393667072,45.015676129807694,0.0
0,1,2433,2876791309328,45.021899247045276,4.987221234532024e-41
0,0,2434,2877530462720,45.03346702724359,0.0
0,1,2434,2877923405644,45.0396165997471,5.09764355352082e-41
0,0,2435,2879008669184,45.0566010176282,0.0
0,1,2435,2879404996720,45.062803559445115,4.987641624071321e-41
0,0,2436,2880144731136,45.07438043269231,0.0
0,1,2436,2880542162365,45.08060024734888,5.008100581650464e-41
0,0,2437,2880939308544,45.08681560096154,0.0
0,1,2437,2881684485945,45.098477657142055,5.258792876918174e-41
0,0,2438,2882080741888,45.10467907852564,0.0
0,1,2438,2882477311226,45.110885404553535,5.133096404668237e-41
0,0,2439,2883217012224,45.122461754807695,0.0
0,1,2439,2883614441565,45.128681539917,5.098764592292279e-41
0,0,2440,2884353269760,45.140244230769234,0.0
0,1,2440,2884746454955,45.1463975948236,4.969985263420829e-41
0,0,2441,2885142346752,45.15259331730769,0.0
0,1,2441,2885889093915,45.164279940326395,5.067936026077133e-41
0,0,2442,2886289589248,45.17054770833334,0.0
0,1,2442,2887031825055,45.18216372844989,5.044534341722909e-41
0,0,2443,2887431246336,45.1884146875,0.0
0,1,2443,2887825053779,45.194577789760494,5.113338096321257e-41
0,0,2444,2889267540480,45.217152764423076,0.0
0,1,2444,2890010814731,45.228785036229844,5.067515636537836e-41
0,0,2445,2890409513984,45.23502469551282,0.0
0,1,2445,2891153178761,45.24666307906713,4.944481631370117e-41
0,0,2446,2891551780864,45.25290121794872,0.0
0,1,2446,2892295471620,45.26454000807542,5.074802388552325e-41
0,0,2447,2892693958656,45.270776346153845,0.0
0,1,2447,2893088262592,45.27694721854968,5.296768065301376e-41
0,0,2448,2893830431232,45.2885621875,0.0
0,1,2448,2894224710428,45.29473267271384,5.22642288239227e-41
0,0,2449,2894967052800,45.30635036057692,0.0
0,1,2449,2895361605242,45.31252512210161,4.938736307666385e-41
0,0,2450,2895761912832,45.31878995192308,0.0
0,1,2450,2896503819255,45.33040081716684,5.010622918886248e-41
0,0,2451,2896904095232,45.33666515224359,0.0
0,1,2451,2897646042487,45.34827665650979,5.183122759844633e-41
0,0,2452,2898046078976,45.354537243589746,0.0
0,1,2452,2898788538617,45.366156766717374,5.035706161397663e-41
0,0,2453,2899530105344,45.37776231570513,0.0
0,1,2453,2900275088429,45.389421330832455,4.919398388858703e-41
0,0,2454,2900672471040,45.39564038461538,0.0
0,1,2454,2901068096984,45.40183194648939,5.038228498633447e-41
0,0,2455,2901809125376,45.41342907051282,0.0
0,1,2455,2902205134126,45.419626623316056,4.981475910828292e-41
0,0,2456,2902603917824,45.42586760416667,0.0
0,1,2456,2903347584176,45.437506012369795,5.059107845751887e-41
0,0,2457,2903746194432,45.443744278846154,0.0
0,1,2457,2904489917486,45.45538357443785,5.233709634406759e-41
0,0,2458,2904888141312,45.46161579326923,0.0
0,1,2458,2905282702810,45.46779069652069,4.995068505932243e-41
0,0,2459,2906024354304,45.47939757211539,0.0
0,1,2459,2906419297590,45.485578450364336,4.886047485407772e-41
0,0,2460,2907161043456,45.49718680288462,0.0
0,1,2460,2907556067489,45.50336894482735,5.072700440855838e-41
0,0,2461,2907955904512,45.50962641025641,0.0
0,1,2461,2909042363326,45.52662953422351,4.987641624071321e-41
0,0,2462,2909439653376,45.532847139423076,0.0
0,1,2462,2910184697659,45.54450711230156,5.102828357838821e-41
0,0,2463,2910581732864,45.55072072916667,0.0
0,1,2463,2911327137976,45.56238634903345,5.160701984415436e-41
0,0,2464,2911723922944,45.56859604967949,0.0
0,1,2464,2912469767226,45.58026854257437,5.153975751786677e-41
0,0,2465,2912865718272,45.58646519230769,0.0
0,1,2465,2913262893037,45.5926809932924,5.060088754676914e-41
0,0,2466,2914002221568,45.604251514423076,0.0
0,1,2466,2914399733068,45.61047258532402,5.09091732089206e-41
0,0,2467,2915138629120,45.62203633814103,0.0
0,1,2467,2915531446915,45.62818395237067,4.954290720620391e-41
0,0,2468,2915928233984,45.634393685897436,0.0
0,1,2468,2916674080257,45.64606620995155,5.033043694315445e-41
0,0,2469,2917070161408,45.65226489583333,0.0
0,1,2469,2917816569727,45.66394621592986,5.170651203512143e-41
0,0,2470,2918559048192,45.675566033653844,0.0
0,1,2470,2919303188646,45.687211861572266,5.088254853809843e-41
0,0,2471,2919700890112,45.693435905448716,0.0
0,1,2471,2920445508130,45.70508920726287,5.087273944884816e-41
0,0,2472,2920842837504,45.71130742788462,0.0
0,1,2472,2921587870110,45.72296721801758,5.103949396610281e-41
0,0,2473,2921984976384,45.729181947115386,0.0
0,1,2473,2922380845911,45.735377321073095,4.84807229702457e-41
0,0,2474,2923121149952,45.74696310897436,0.0
0,1,2474,2923518081701,45.75317510674893,4.913232675615674e-41
0,0,2475,2924257701376,45.764750184294876,0.0
0,1,2475,2924655403018,45.77097423092573,5.031502266004688e-41
0,0,2476,2925052696576,45.777191891025645,0.0
0,1,2476,2925792836459,45.788775109847634,4.96213799202061e-41
0,0,2477,2926189011456,45.79497526442308,0.0
0,1,2477,2926935458022,45.80665718308669,5.051260574351668e-41
0,0,2478,2927336326656,45.81293079326923,0.0
0,1,2478,2928083276414,45.824620586907805,5.083630568877571e-41
0,0,2479,2928483343872,45.830881658653844,0.0
0,1,2479,2929225527288,45.84249685884916,4.930889036266166e-41
0,0,2480,2929624732160,45.84874443108974,0.0
0,1,2480,2930367885681,45.860374813467175,5.014266294893493e-41
0,0,2481,2930766593024,45.866614599358975,0.0
0,1,2481,2931510279918,45.87825332904522,5.020011618597225e-41
0,0,2482,2931908281856,45.88448207532051,0.0
0,1,2482,2932308919490,45.8907520703438,4.926685140873192e-41
0,0,2483,2933049884672,45.902348205128206,0.0
0,1,2483,2933446510106,45.908555409060746,5.122166276646504e-41
0,0,2484,2934186080768,45.920129719551284,0.0
0,1,2484,2934578683747,45.92627397190192,5.09764355352082e-41
0,0,2485,2935316925440,45.93782748397436,0.0
0,1,2485,2935710886046,45.94399298324194,5.109694720314013e-41
0,0,2486,2936453162496,45.95560963942308,0.0
0,1,2486,2936848378875,45.96179479158842,5.1117966680105e-41
0,0,2487,2937247870464,45.96804685096154,0.0
0,1,2487,2938335190823,45.985063458142406,4.932010075037626e-41
0,0,2488,2939073599488,45.996619583333334,0.0
0,1,2488,2939816202795,46.00824135483962,5.087273944884816e-41
0,0,2489,2940215261184,46.01448663461539,0.0
0,1,2489,2940609305567,46.02065344499637,4.900200599897453e-41
0,0,2490,2941351596544,46.03227032852564,0.0
0,1,2490,2941746643764,46.03845283334586,5.119083420024989e-41
0,0,2491,2942487913984,46.05005374198718,0.0
0,1,2491,2942884031650,46.05625299933018,4.882964628786258e-41
0,0,2492,2943282354176,46.06248676282051,0.0
0,1,2492,2944021552111,46.07405524011857,4.973068120042343e-41
0,0,2493,2944418330112,46.08026483173077,0.0
0,1,2493,2945158768991,46.09185272985214,4.991425129924998e-41
0,0,2494,2945554715136,46.09804930288462,0.0
0,1,2494,2946296085177,46.109651773728594,4.938175788280655e-41
0,0,2495,2946696480768,46.11591798076923,0.0
0,1,2495,2947438824493,46.12753568980682,5.046075770033666e-41
0,0,2496,2947838216704,46.13378619391026,0.0
0,1,2496,2948581414830,46.145417274357726,5.038789018019177e-41
0,0,2497,2949321943552,46.15700657852564,0.0
0,1,2497,2949718829831,46.16321786469288,5.043413302951449e-41
0,0,2498,2950458094080,46.1747873798077,0.0
0,1,2498,2950850678862,46.18093134737455,5.043413302951449e-41
0,0,2499,2951247221760,46.18713725961538,0.0
0,1,2499,2951993311169,46.19881358875764,5.122726796032234e-41
0,0,2500,2952388973568,46.205005721153846,0.0
0,1,2500,2953130661659,46.216613169493066,4.966341887413584e-41
0,0,2501,2953530863104,46.22287633814103,0.0
0,1,2501,2954268226685,46.23441610772549,4.92150033655519e-41
0,0,2502,2954667418112,46.240663469551286,0.0
0,1,2502,2955066867803,46.246914873219026,4.956953187702608e-41
0,0,2503,2955809099264,46.25853082532051,0.0
0,1,2503,2956204305836,46.26471582400591,5.052381613123128e-41
0,0,2504,2956944774144,46.27630418269231,0.0
0,1,2504,2957341811976,46.282517840670074,5.143045623764944e-41
0,0,2505,2958080650752,46.29408069711538,0.0
0,1,2505,2958473621061,46.300230698195236,4.99548889547154e-41
0,0,2506,2959211012608,46.31177090544872,0.0
0,1,2506,2959605233030,46.317940470847105,4.916876051622918e-41
0,0,2507,2960346846208,46.329546746794875,0.0
0,1,2507,2960742299871,46.33573561246432,5.099184981831577e-41
0,0,2508,2961482539520,46.347320392628205,0.0
0,1,2508,2961879569973,46.353533935124325,4.961717602481312e-41
0,0,2509,2962277065728,46.359754759615385,0.0
0,1,2509,2963022436277,46.371419838569835,4.991845519464296e-41
0,0,2510,2963418858496,46.37762386217949,0.0
0,1,2510,2964165029682,46.38930147113507,5.114879524632015e-41
0,0,2511,2964560652288,46.395492980769234,0.0
0,1,2511,2964958253798,46.40171546033028,4.965360978488557e-41
0,0,2512,2965696928768,46.41327575320513,0.0
0,1,2512,2966090182175,46.419430184780026,4.90174202820821e-41
0,0,2513,2966827545600,46.430969951923075,0.0
0,1,2513,2967221674849,46.437138090460365,4.874556838000309e-41
0,0,2514,2967963934720,46.448754487179485,0.0
0,1,2514,2968358674614,46.45493218233549,4.977832534821048e-41
0,0,2515,2969100205568,46.46653717147436,0.0
0,1,2515,2969839958458,46.478114333840395,4.993947467160783e-41
0,0,2516,2970236207104,46.484315641025646,0.0
0,1,2516,2970982385463,46.495993362238956,4.80631360278769e-41
0,0,2517,2971383380480,46.50226895032051,0.0
0,1,2517,2971780641548,46.50848610195062,5.014266294893493e-41
0,0,2518,2972519753728,46.52005323717949,0.0
0,1,2518,2972912143940,46.52619415971805,5.083070049491841e-41
0,0,2519,2973650484224,46.53774921474359,0.0
0,1,2519,2974043647362,46.54390223360502,5.073120830395135e-41
0,0,2520,2974439787520,46.55010184294872,0.0
0,1,2520,2975186061566,46.56178106166742,5.114319005246285e-41
0,0,2521,2975587097088,46.56805728365385,0.0
0,1,2521,2976334136992,46.57974848808093,5.140943676068456e-41
0,0,2522,2976734342656,46.58601172275641,0.0
0,1,2522,2977132737120,46.59224661207933,4.92093981716946e-41
0,0,2523,2977870515712,46.60379287660257,0.0
0,1,2523,2978613753709,46.61542458103278,5.096662644595792e-41
0,0,2524,2979012528128,46.621665416666666,0.0
0,1,2524,2979756458220,46.63330795241136,4.836021130231376e-41
0,0,2525,2980154721280,46.639540785256415,0.0
0,1,2525,2980899062368,46.65118975310497,5.046636289419396e-41
0,0,2526,2981297053696,46.65741833333333,0.0
0,1,2526,2981692163596,46.663601819098055,5.086713425499086e-41
0,0,2527,2982433342464,46.67520129807693,0.0
0,1,2527,2982829740909,46.681404949622525,5.074241869166595e-41
0,0,2528,2983569407488,46.69298076121795,0.0
0,1,2528,2983967166168,46.699205700495796,4.973068120042343e-41
0,0,2529,2984364119040,46.705418028846154,0.0
0,1,2529,2985104797739,46.71700968016013,5.065834078380646e-41
0,0,2530,2985505861120,46.72328633814103,0.0
0,1,2530,2986247898542,46.73489925352439,5.051260574351668e-41
0,0,2531,2986647415296,46.74115170673077,0.0
0,1,2531,2987041213786,46.747314668876456,4.999692790864515e-41
0,0,2532,2987783757824,46.758935512820514,0.0
0,1,2532,2988522565732,46.77049788618039,4.856900477349816e-41
0,0,2533,2989261317632,46.78205938301282,0.0
0,1,2533,2989654298530,46.78820954981095,5.073120830395135e-41
0,0,2534,2990050662912,46.79441266826923,0.0
0,1,2534,2990791734020,46.80601046079978,4.905945923601185e-41
0,0,2535,2991193043456,46.812290969551285,0.0
0,1,2535,2991595777271,46.8185937698912,4.844428921017325e-41
0,0,2536,2992335535104,46.830171009615384,0.0
0,1,2536,2992733062733,46.83639233293582,4.961717602481312e-41
0,0,2537,2993472084992,46.84795806089744,0.0
0,1,2537,2993864894865,46.85410555114746,4.998151362553758e-41
0,0,2538,2994261470208,46.86031197115385,0.0
0,1,2538,2995007555328,46.87198823317308,4.891792809111504e-41
0,0,2539,2995403976704,46.878192243589744,0.0
0,1,2539,2995800732853,46.884401493217275,4.910570208533456e-41
0,0,2540,2996540506112,46.895978974358975,0.0
0,1,2540,2996937915413,46.90219844584147,4.912111636844214e-41
0,0,2541,2997677025280,46.913765544871794,0.0
0,1,2541,2998419077395,46.9253786902012,5.09091732089206e-41
0,0,2542,2998819119616,46.931639366987184,0.0
0,1,2542,2999561637006,46.94325979388898,5.087834464270546e-41
0,0,2543,2999960787968,46.9495065224359,0.0
0,1,2543,3000704125458,46.96113978393555,5.042432394026422e-41
0,0,2544,3001102562816,46.967375344551286,0.0
0,1,2544,3001497029570,46.97354876505534,5.030941746618958e-41
0,0,2545,3002238909952,46.98515922275641,0.0
0,1,2545,3002634158869,46.991344884142755,4.866849696446522e-41
0,0,2546,3003375540736,47.002947540064106,0.0
0,1,2546,3003771403381,47.00914280631824,4.950226955073849e-41
0,0,2547,3004170460672,47.015388068910255,0.0
0,1,2547,3004914017773,47.02702476733086,5.05644537866967e-41
0,0,2548,3005311967744,47.03325270032052,0.0
0,1,2548,3005707373982,47.03944082378681,4.937615268894925e-41
0,0,2549,3006448584704,47.05104080128205,0.0
0,1,2549,3006844904195,47.05724321719439,5.009081490575491e-41
0,0,2550,3007584864256,47.06882362179487,0.0
0,1,2550,3008326343179,47.08042779664651,5.025196422915226e-41
0,0,2551,3008726325760,47.086687540064105,0.0
0,1,2551,3009463777132,47.09822868358123,5.006419023493274e-41
0,0,2552,3009862560768,47.104469663461536,0.0
0,1,2552,3010256995606,47.11064258447892,5.028839798922471e-41
0,0,2553,3010998540800,47.12224779647436,0.0
0,1,2553,3011394472565,47.12844414445926,4.917296441162216e-41
0,0,2554,3012134853120,47.140031129807696,0.0
0,1,2554,3012532187096,47.14624942245092,5.177937955526632e-41
0,0,2555,3012929446912,47.152466554487184,0.0
0,1,2555,3013670047024,47.16405697591146,5.194052887866367e-41
0,0,2556,3014070968832,47.170331418269235,0.0
0,1,2556,3014808070300,47.18186708577474,5.110255239699743e-41
0,0,2557,3015207034368,47.18811088942308,0.0
0,1,2557,3015945894396,47.19967407846304,4.94125864490217e-41
0,0,2558,3016342909440,47.20588737980769,0.0
0,1,2558,3016739285932,47.21209068778796,5.006979542879004e-41
0,0,2559,3017479218688,47.223670665064105,0.0
0,1,2559,3018221021875,47.23527991466033,5.092458749202818e-41
0,0,2560,3018962507264,47.24688419070513,0.0
0,1,2560,3019358561815,47.25308246029585,4.936073840584168e-41
0,0,2561,3020098469888,47.26466205128205,0.0
0,1,2561,3020496044914,47.27088411636744,4.991845519464296e-41
0,0,2562,3020892915712,47.27709516025641,0.0
0,1,2562,3021633368792,47.288683280624,5.05812693682686e-41
0,0,2563,3022034386944,47.29495923076923,0.0
0,1,2563,3022431922846,47.30118068356245,4.918977999319405e-41
0,0,2564,3023170079744,47.31273286858975,0.0
0,1,2564,3023564064226,47.31889874151768,4.948125007377362e-41
0,0,2565,3024306015232,47.330510304487184,0.0
0,1,2565,3024701517120,47.33669992487981,4.8814232004755e-41
0,0,2566,3025100694016,47.34294705929487,0.0
0,1,2566,3025838929056,47.3545004672476,5.01580772320425e-41
0,0,2567,3026236672512,47.360725168269234,0.0
0,1,2567,3026976378356,47.372301594363485,4.892353328497234e-41
0,0,2568,3027372321280,47.37849811698718,0.0
0,1,2568,3028119100282,47.390185238287515,4.870913461993064e-41
0,0,2569,3028860893696,47.4017943349359,0.0
0,1,2569,3029256199380,47.40798088472807,5.033604213701175e-41
0,0,2570,3029996997120,47.41957439903846,0.0
0,1,2570,3030393300010,47.42577655514448,5.023094475218739e-41
0,0,2571,3030791137280,47.43200272435897,0.0
0,1,2571,3031535710120,47.443655319135615,4.930889036266166e-41
0,0,2572,3031932916736,47.449871618589746,0.0
0,1,2572,3032677994771,47.46153211968838,4.780809970736978e-41
0,0,2573,3033074494464,47.46773735576923,0.0
0,1,2573,3033470663369,47.473937415004634,4.937615268894925e-41
0,0,2574,3034210480640,47.4855155849359,0.0
0,1,2574,3034607803425,47.49173370243953,4.954851240006121e-41
0,0,2575,3035346805760,47.503299118589744,0.0
0,1,2575,3035739467612,47.50944429230519,5.052381613123128e-41
0,0,2576,3036135650816,47.515644575320515,0.0
0,1,2576,3036882220757,47.52732842480782,5.014266294893493e-41
0,0,2577,3037282711040,47.53359611378205,0.0
0,1,2577,3038019762740,47.54513100241637,5.113338096321257e-41
0,0,2578,3038760128000,47.55671774839744,0.0
0,1,2578,3039157043605,47.56292949351776,5.059668365137617e-41
0,0,2579,3039554563584,47.56915069711538,0.0
0,1,2579,3040294317293,47.5807278722988,4.97573058712456e-41
0,0,2580,3040690748416,47.58693203525641,0.0
0,1,2580,3041431720521,47.59852827838604,4.960036044324123e-41
0,0,2581,3041832143360,47.604794911858974,0.0
0,1,2581,3042230222370,47.61102486431415,4.979373963131805e-41
0,0,2582,3042967829504,47.62256844551282,0.0
0,1,2582,3043362013530,47.62873744131235,4.854798529653329e-41
0,0,2583,3044103951360,47.64034879807692,0.0
0,1,2583,3044499225775,47.64653485850799,4.990304091153539e-41
0,0,2584,3045239943168,47.658127115384616,0.0
0,1,2584,3045636326413,47.66433052904961,4.920519427630163e-41
0,0,2585,3046034485248,47.67056173076923,0.0
0,1,2585,3046779018115,47.68221369996682,4.80687412217342e-41
0,0,2586,3047517893120,47.69377712339744,0.0
0,1,2586,3047916193509,47.70001054044283,5.025756942300956e-41
0,0,2587,3048654697472,47.71156815705128,0.0
0,1,2587,3049397549025,47.723193813617414,5.063872260530591e-41
0,0,2588,3049796857344,47.72944300480769,0.0
0,1,2588,3050540270428,47.741077449356474,5.143045623764944e-41
0,0,2589,3050938723328,47.74731325320513,0.0
0,1,2589,3051333356810,47.75348928300907,5.073120830395135e-41
0,0,2590,3052075271168,47.7651002724359,0.0
0,1,2590,3052470684261,47.77128850318322,4.98301733913905e-41
0,0,2591,3053211596288,47.78288380608974,0.0
0,1,2591,3053608487877,47.7890951753587,5.114879524632015e-41
0,0,2592,3054006037504,47.79531684294872,0.0
0,1,2592,3054751230275,47.80697913967035,5.115860433557042e-41
0,0,2593,3055147438592,47.813179815705126,0.0
0,1,2593,3055888740002,47.82478121247121,5.15299484286165e-41
0,0,2594,3056289164288,47.83104786858974,0.0
0,1,2594,3056682193482,47.83719879122221,4.994507986546513e-41
0,0,2595,3057419949056,47.84874469551282,0.0
0,1,2595,3058158405429,47.86030156733587,5.089796282120601e-41
0,0,2596,3058555799040,47.86652079326923,0.0
0,1,2596,3059300941998,47.87818231041542,5.154536271172407e-41
0,0,2597,3059697421312,47.884387227564105,0.0
0,1,2597,3060438451208,47.8959843751252,5.006419023493274e-41
0,0,2598,3060838956544,47.90225229967949,0.0
0,1,2598,3061575771497,47.91378348321377,5.175836007830144e-41
0,0,2599,3061975238144,47.92003515224359,0.0
0,1,2599,3062368932114,47.926196478647086,5.055464469744643e-41
0,0,2600,3063111461888,47.93781709935897,0.0
0,1,2600,3063506152054,47.943994016269784,5.084611477802599e-41
0,0,2601,3064248090112,47.95560537660256,0.0
0,1,2601,3064643539919,47.961794181925455,5.177377436140902e-41
0,0,2602,3065042771968,47.96804217948718,0.0
0,1,2602,3065786281282,47.97967813003932,5.13099445697175e-41
0,0,2603,3066184513024,47.98591047275641,0.0
0,1,2603,3066928896701,47.99756010712453,5.027298370611714e-41
0,0,2604,3067326126080,48.003776762820515,0.0
0,1,2604,3068071499316,48.015441883826625,5.167988736429925e-41
0,0,2605,3068467902464,48.02164560897436,0.0
0,1,2605,3069208844188,48.03324137664013,4.933971892887681e-41
0,0,2606,3069609500160,48.03951165865385,0.0
0,1,2606,3070351737113,48.05112769670536,4.959055135399095e-41
0,0,2607,3070750897152,48.0573745673077,0.0
0,1,2607,3071489530477,48.06893420843662,5.129453028660993e-41
0,0,2608,3071886325248,48.0751440625,0.0
0,1,2608,3072283205155,48.08135524894519,4.916315532237188e-41
0,0,2609,3073022127616,48.0929194150641,0.0
0,1,2609,3073415353699,48.0990734190173,5.084611477802599e-41
0,0,2610,3074152703488,48.110612972756414,0.0
0,1,2610,3074547322525,48.11678877649552,5.175275488444414e-41
0,0,2611,3074947089920,48.12304515224359,0.0
0,1,2611,3075684767219,48.13458983152732,5.09764355352082e-41
0,0,2612,3076083108864,48.14082389423077,0.0
0,1,2612,3076822342484,48.1523929300005,5.002355257946732e-41
0,0,2613,3077560445440,48.16394427083333,0.0
0,1,2613,3078298841659,48.175500201243864,5.107032253231796e-41
0,0,2614,3078695974912,48.181715352564105,0.0
0,1,2614,3079436353447,48.19330230629946,4.857881386274843e-41
0,0,2615,3079832164864,48.199496770833335,0.0
0,1,2615,3080573861630,48.21110435493665,5.118522900639259e-41
0,0,2616,3080973768704,48.217362916666666,0.0
0,1,2616,3081367091374,48.22351843221029,5.072700440855838e-41
0,0,2617,3082103961088,48.23505047275641,0.0
0,1,2617,3082498651621,48.24122739541078,4.985679806221267e-41
0,0,2618,3083239293952,48.252818477564105,0.0
0,1,2618,3083635799878,48.25902381119166,4.820887106816668e-41
0,0,2619,3084033425408,48.26524666666667,0.0
0,1,2619,3084778333372,48.27690450614734,5.055464469744643e-41
0,0,2620,3085174537216,48.28310511217949,0.0
0,1,2620,3085576829078,48.28940099593725,5.017349151515008e-41
0,0,2621,3086315941376,48.30096813301282,0.0
0,1,2621,3086708539335,48.307112306800256,4.924583193176705e-41
0,0,2622,3087445964800,48.318653044871795,0.0
0,1,2622,3088184517304,48.33021142114884,4.859562944432033e-41
0,0,2623,3088923172352,48.341771402243594,0.0
0,1,2623,3089316378087,48.34792508774978,4.909589299608429e-41
0,0,2624,3090053457408,48.359460408653845,0.0
0,1,2624,3090448042797,48.365635685800406,5.030941746618958e-41
0,0,2625,3091189462528,48.37723893429487,0.0
0,1,2625,3091585362564,48.38343478571965,5.065413688841349e-41
0,0,2626,3091983946752,48.38967264423077,0.0
0,1,2626,3092722740193,48.401234791181516,4.849053205949597e-41
0,0,2627,3093119356416,48.40744185096154,0.0
0,1,2627,3093521307064,48.41373239470653,4.990864610539268e-41
0,0,2628,3094260851712,48.425306298076926,0.0
0,1,2628,3094653465847,48.43145072501941,5.177937955526632e-41
0,0,2629,3095391269376,48.44299737980769,0.0
0,1,2629,3095785289774,48.44916381482247,5.044534341722909e-41
0,0,2630,3096527540224,48.460780064102565,0.0
0,1,2630,3096922488710,48.46696102373172,5.002775647486029e-41
0,0,2631,3097663617536,48.478559719551285,0.0
0,1,2631,3098403979420,48.49014641269782,4.916876051622918e-41
0,0,2632,3099141283328,48.501685248397436,0.0
0,1,2632,3099535747542,48.50785862915039,5.022674085679442e-41
0,0,2633,3100277123072,48.519461185897434,0.0
0,1,2633,3100673176880,48.52565944386018,5.097223163981522e-41
0,0,2634,3101412662784,48.53723242788462,0.0
0,1,2634,3101805395056,48.543378703675884,5.144587052075701e-41
0,0,2635,3102542661632,48.554916955128206,0.0
0,1,2635,3102937357736,48.561093964968954,4.868811514296577e-41
0,0,2636,3103337079808,48.56734963141026,0.0
0,1,2636,3104075077910,48.57889933127379,4.913653065154971e-41
0,0,2637,3104472910336,48.58512542467949,0.0
0,1,2637,3105212743266,48.59670383967473,4.937615268894925e-41
0,0,2638,3105608948224,48.60290446314103,0.0
0,1,2638,3106006315043,48.60912326977852,4.963679420331367e-41
0,0,2639,3106745423360,48.620690344551285,0.0
0,1,2639,3107482701063,48.6322287701416,4.961157083095582e-41
0,0,2640,3108222828544,48.643811794871795,0.0
0,1,2640,3108964441117,48.65541806135129,4.983577858524779e-41
0,0,2641,3109364606976,48.66168067307692,0.0
0,1,2641,3110102197103,48.67322398811536,4.895996704504478e-41
0,0,2642,3110500805120,48.67946221955128,0.0
0,1,2642,3110895902497,48.685645509330556,5.120064328950017e-41
0,0,2643,3111637034496,48.69724425480769,0.0
0,1,2643,3112033776261,48.703453279325046,5.011743957657708e-41
0,0,2644,3112773227520,48.71502572115385,0.0
0,1,2644,3113165974469,48.72117222664075,5.010062399500518e-41
0,0,2645,3113561977856,48.72736969551282,0.0
0,1,2645,3114303640350,48.738976743257965,5.075783297477352e-41
0,0,2646,3114703595008,48.74523604967949,0.0
0,1,2646,3115441296002,48.75678109979091,5.051821093737398e-41
0,0,2647,3115839385600,48.76301121794872,0.0
0,1,2647,3116579007963,48.77458633756198,5.088254853809843e-41
0,0,2648,3116975315456,48.78078856570513,0.0
0,1,2648,3117372262803,48.78700080758902,5.042992913412152e-41
0,0,2649,3118110990848,48.79856193108974,0.0
0,1,2649,3118853757084,48.810186252441405,5.050279665426641e-41
0,0,2650,3119252302848,48.81642350961538,0.0
0,1,2650,3119991023603,48.82798451902732,5.166447308119168e-41
0,0,2651,3120388163072,48.834199767628206,0.0
0,1,2651,3121133957487,48.84587148010254,5.03612655093696e-41
0,0,2652,3121534752256,48.85214393429487,0.0
0,1,2652,3121927027489,48.858283057407476,5.051821093737398e-41
0,0,2653,3122665126400,48.8698343349359,0.0
0,1,2653,3123058696292,48.87599371951372,5.19251145955561e-41
0,0,2654,3123459452928,48.882265576923075,0.0
0,1,2654,3124201558492,48.89387955873147,5.012724866582736e-41
0,0,2655,3124600734208,48.90012667467949,0.0
0,1,2655,3125339019063,48.91168086223896,5.045515250647936e-41
0,0,2656,3125736506880,48.9179015625,0.0
0,1,2656,3126132328161,48.92409618140588,4.8814232004755e-41
0,0,2657,3126872059392,48.9356730048077,0.0
0,1,2657,3127614087154,48.94728576901167,5.07788524517384e-41
0,0,2658,3128013300736,48.9535334775641,0.0
0,1,2658,3128751614795,48.965088122167344,5.002355257946732e-41
0,0,2659,3129490404864,48.97665021634616,0.0
0,1,2659,3129883470468,48.98280170879658,5.078866154098867e-41
0,0,2660,3130620743680,48.994340064102566,0.0
0,1,2660,3131015296965,49.00051483882024,5.018470190286467e-41
0,0,2661,3131415429120,49.00677692307693,0.0
0,1,2661,3132157894973,49.018396543422604,5.067515636537836e-41
0,0,2662,3132557056512,49.0246434375,0.0
0,1,2662,3132951066353,49.0308097072973,4.97573058712456e-41
0,0,2663,3133692631040,49.042415224358976,0.0
0,1,2663,3134088441417,49.04860967261681,5.067515636537836e-41
0,0,2664,3134828391424,49.060189919871796,0.0
0,1,2664,3135226011559,49.06641269091484,5.035706161397663e-41
0,0,2665,3135622479872,49.072617435897435,0.0
0,1,2665,3136368828193,49.084297817022865,5.054483560819615e-41
0,0,2666,3136769352192,49.09056603365385,0.0
0,1,2666,3137511500970,49.102180691763074,5.01580772320425e-41
0,0,2667,3137910800896,49.108429751602564,0.0
0,1,2667,3138654029340,49.120061306527944,5.084191088263301e-41
0,0,2668,3139394059264,49.13164280448718,0.0
0,1,2668,3139791104369,49.13785657628769,5.075783297477352e-41
0,0,2669,3140188481024,49.14407553685898,0.0
0,1,2669,3140928280783,49.15565343272674,4.997590843168028e-41
0,0,2670,3141324634112,49.16185637820513,0.0
0,1,2670,3141726695589,49.168148656428414,5.038228498633447e-41
0,0,2671,3142466443264,49.17972573717949,0.0
0,1,2671,3142863692784,49.18594270808293,4.937194879355628e-41
0,0,2672,3143602224128,49.19750075320513,0.0
0,1,2672,3143995488559,49.20365535730607,4.97573058712456e-41
0,0,2673,3144732776960,49.21519395032051,0.0
0,1,2673,3145127280738,49.221367950251654,5.094560696899305e-41
0,0,2674,3145527350784,49.2276290625,0.0
0,1,2674,3146264467913,49.239164975100785,5.032062785390418e-41
0,0,2675,3146663534080,49.245410376602564,0.0
0,1,2675,3147407065403,49.25704667159643,5.093019268588548e-41
0,0,2676,3148147055104,49.2686275400641,0.0
0,1,2676,3148893368422,49.280307373391175,5.158179647179652e-41
0,0,2677,3149630619648,49.291845384615385,0.0
0,1,2677,3150024879006,49.29801555936373,4.99604941485727e-41
0,0,2678,3150767135232,49.309631899038465,0.0
0,1,2678,3151161904374,49.31581005192683,5.124828743728721e-41
0,0,2679,3151561979392,49.32207124198718,0.0
0,1,2679,3152304317542,49.33368886377579,5.080968101795354e-41
0,0,2680,3152703853568,49.33994161858975,0.0
0,1,2680,3153446884319,49.351570079611754,4.925704231948164e-41
0,0,2681,3153845879296,49.35781436698718,0.0
0,1,2681,3154239765404,49.363978700358075,5.084611477802599e-41
0,0,2682,3154981765120,49.37559102564103,0.0
0,1,2682,3155376570094,49.38176973930163,4.969424744035099e-41
0,0,2683,3156117403136,49.393363806089745,0.0
0,1,2683,3156513204803,49.399558118035735,5.149211337007973e-41
0,0,2684,3156911881216,49.405797419871796,0.0
0,1,2684,3157655550394,49.41743587230194,5.021553046907982e-41
0,0,2685,3158395710464,49.429019407051285,0.0
0,1,2685,3158792536854,49.43522975595328,5.099184981831577e-41
0,0,2686,3159532000256,49.44680238782051,0.0
0,1,2686,3159924593244,49.4529464838116,5.153975751786677e-41
0,0,2687,3160321169408,49.45915291666667,0.0
0,1,2687,3161067357132,49.47083078444261,5.005438114568247e-41
0,0,2688,3161468136960,49.477103004807695,0.0
0,1,2688,3162205058349,49.488635854069635,4.977272015435318e-41
0,0,2689,3162603703808,49.49487467147436,0.0
0,1,2689,3162998405343,49.501051766310475,5.03612655093696e-41
0,0,2690,3163739400704,49.51264837339744,0.0
0,1,2690,3164135864380,49.5188530458108,5.107592772617526e-41
0,0,2691,3164875214336,49.53042390224359,0.0
0,1,2691,3165267646841,49.536565486669296,5.07676420640238e-41
0,0,2692,3165664001536,49.54276845352564,0.0
0,1,2692,3166410042095,49.55444401816344,4.954851240006121e-41
0,0,2693,3166810513920,49.560711418269236,0.0
0,1,2693,3167552782437,49.57232795029861,4.863206320439278e-41
0,0,2694,3168293768192,49.583924407051285,0.0
0,1,2694,3168689821640,49.59012265938001,5.01580772320425e-41
0,0,2695,3169429478400,49.601698317307694,0.0
0,1,2695,3169827228964,49.60792312956981,4.924162803637407e-41
0,0,2696,3170565785600,49.619481570512825,0.0
0,1,2696,3170959191148,49.625638383100465,5.014826814279223e-41
0,0,2697,3171354836992,49.63183025641026,0.0
0,1,2697,3172096553397,49.64343814786471,5.005438114568247e-41
0,0,2698,3172496357888,49.64969510416667,0.0
0,1,2698,3172895217545,49.65593727377867,5.070598493159351e-41
0,0,2699,3173637721600,49.66755749198718,0.0
0,1,2699,3174032556772,49.6737366782477,4.987221234532024e-41
0,0,2700,3174773694976,49.685335520833334,0.0
0,1,2700,3175169425469,49.69152871890337,5.211288858977562e-41
0,0,2701,3175568125440,49.697768389423075,0.0
0,1,2701,3176311657913,49.70940470241449,5.124268224342991e-41
0,0,2702,3176709563904,49.715631947115384,0.0
0,1,2702,3177453934896,49.727281382962744,5.283735989583155e-41
0,0,2703,3178192567808,49.738841017628204,0.0
0,1,2703,3178585465446,49.744989881403995,5.010622918886248e-41
0,0,2704,3179323461632,49.75653955128205,0.0
0,1,2704,3179717156258,49.76270088795197,5.067515636537836e-41
0,0,2705,3180459598848,49.77432014423077,0.0
0,1,2705,3180854502657,49.78050040466309,5.001794738561002e-41
0,0,2706,3181253910528,49.786751153846154,0.0
0,1,2706,3181991882335,49.79830044219188,4.890251380800747e-41
0,0,2707,3182390242816,49.80453479967949,0.0
0,1,2707,3183134603235,49.81618407005897,5.01692876197571e-41
0,0,2708,3183532363264,49.82240903044872,0.0
0,1,2708,3184277432159,49.83406938850599,4.940277735977143e-41
0,0,2709,3184674367488,49.84028144230769,0.0
0,1,2709,3185070472967,49.846480508923655,4.973068120042343e-41
0,0,2710,3185810718208,49.85806537660257,0.0
0,1,2710,3186207704672,49.86427823066907,4.964239939717097e-41
0,0,2711,3186605557760,49.8705046474359,0.0
0,1,2711,3187350184418,49.8821580844664,4.950647344613146e-41
0,0,2712,3188089134080,49.89372267628205,0.0
0,1,2712,3188831258336,49.90533695062099,4.977832534821048e-41
0,0,2713,3189230647808,49.911587411858974,0.0
0,1,2713,3189624482969,49.91775094790728,5.017349151515008e-41
0,0,2714,3190366384128,49.92936173076923,0.0
0,1,2714,3190761714153,49.93554866149903,4.949666435688119e-41
0,0,2715,3191502379520,49.94714010416667,0.0
0,1,2715,3191898983765,49.95334697649051,4.955972278777581e-41
0,0,2716,3192296967168,49.95957543269231,0.0
0,1,2716,3193041477833,49.97122705442771,4.935653451044871e-41
0,0,2717,3193438557184,49.97744136217949,0.0
0,1,2717,3193834468977,49.98363739760179,4.960036044324123e-41
0,0,2718,3194574509056,49.99521905448718,0.0
0,1,2718,3194971549128,50.00143274752104,4.960036044324123e-41
0,0,2719,3195710815744,50.01300229967949,0.0
0,1,2719,3196108442915,50.019225180836216,5.002355257946732e-41
0,0,2720,3196505294336,50.02543592147436,0.0
0,1,2720,3197250697891,50.03710151697403,4.960596563709852e-41
0,0,2721,3197988528640,50.04864859775641,0.0
0,1,2721,3198382112228,50.054808196677186,5.033604213701175e-41
0,0,2722,3199124534784,50.06642713942308,0.0
0,1,2722,3199868720379,50.078073673799956,4.963679420331367e-41
0,0,2723,3200266198016,50.08429421474359,0.0
0,1,2723,3200661909671,50.09048711799817,4.955972278777581e-41
0,0,2724,3201402194432,50.102072604166665,0.0
0,1,2724,3201799137285,50.10828477571928,4.940277735977143e-41
0,0,2725,3202196682240,50.11450637019231,0.0
0,1,2725,3202936440675,50.12608361933782,5.093579787974278e-41
0,0,2726,3203332947968,50.13228897435898,0.0
0,1,2726,3204079047904,50.1439654682492,5.013705775507763e-41
0,0,2727,3204474591744,50.15015574519231,0.0
0,1,2727,3204872436371,50.15638202954415,5.068496545462863e-41
0,0,2728,3205610611712,50.16793450320513,0.0
0,1,2728,3206004598725,50.17410041574332,4.930328516880436e-41
0,0,2729,3206404857856,50.18036448717949,0.0
0,1,2729,3207486331097,50.19728958672939,4.99548889547154e-41
0,0,2730,3207882627584,50.20349164262821,0.0
0,1,2730,3208623625767,50.21508829387958,5.054483560819615e-41
0,0,2731,3209366058496,50.22670739583334,0.0
0,1,2731,3209760955785,50.23288755422739,5.080547712256057e-41
0,0,2732,3210501942272,50.2444840224359,0.0
0,1,2732,3210898452707,50.250689426629485,5.045515250647936e-41
0,0,2733,3211638222336,50.26226685096154,0.0
0,1,2733,3212035716665,50.268487653135644,5.097223163981522e-41
0,0,2734,3212432907776,50.2747037099359,0.0
0,1,2734,3213178378170,50.2863703514686,4.874556838000309e-41
0,0,2735,3213574142464,50.29256407852564,0.0
0,1,2735,3214320931635,50.30425135897123,4.980354872056832e-41
0,0,2736,3214721373184,50.310518285256414,0.0
0,1,2736,3215114365155,50.31666862534743,5.007540062264734e-41
0,0,2737,3215852040192,50.32821326923077,0.0
0,1,2737,3216246274590,50.33438305335412,4.985679806221267e-41
0,0,2738,3216646594560,50.34064807692308,0.0
0,1,2738,3217389124000,50.352268692407854,4.914213584540701e-41
0,0,2739,3217788219904,50.358514559294875,0.0
0,1,2739,3218526836988,50.3700739462515,5.056024989130372e-41
0,0,2740,3218924257792,50.37629359775641,0.0
0,1,2740,3219664324701,50.38787567453238,5.103388877224551e-41
0,0,2741,3220059894784,50.39406636217949,0.0
0,1,2741,3220801672632,50.405675215219354,5.137300300061212e-41
0,0,2742,3221201543680,50.411933213141026,0.0
0,1,2742,3221594919264,50.41808955679087,4.835040221306349e-41
0,0,2743,3222332380160,50.42963084935898,0.0
0,1,2743,3222726759071,50.435802895116566,4.920519427630163e-41
0,0,2744,3223468403200,50.447409655448716,0.0
0,1,2744,3223864018426,50.453601049585586,5.227964310703028e-41
0,0,2745,3224610338304,50.465280985576925,0.0
0,1,2745,3225006784888,50.4714853904998,4.896977613429506e-41
0,0,2746,3225404854272,50.47771519230769,0.0
0,1,2746,3226149337327,50.48936638194549,4.940277735977143e-41
0,0,2747,3226546448896,50.495581193910255,0.0
0,1,2747,3227286846031,50.50716843873636,5.231607686710272e-41
0,0,2748,3228024136704,50.518707067307695,0.0
0,1,2748,3228768437081,50.53035539802747,4.888149433104259e-41
0,0,2749,3229165493248,50.53656934294872,0.0
0,1,2749,3229905816232,50.54815542730869,4.983998248064077e-41
0,0,2750,3230301636096,50.55435002403846,0.0
0,1,2750,3231043402260,50.56595869422326,5.029960837693931e-41
0,0,2751,3231442807296,50.572209399038464,0.0
0,1,2751,3231836698557,50.578373813054014,4.84807229702457e-41
0,0,2752,3232578561024,50.58998399038462,0.0
0,1,2752,3232974000919,50.596172640584314,4.887168524179232e-41
0,0,2753,3233714455552,50.60776078525641,0.0
0,1,2753,3234111228530,50.613970298258465,5.123287315417964e-41
0,0,2754,3234508774912,50.620191915064105,0.0
0,1,2754,3235248636887,50.63177078461476,5.120064328950017e-41
0,0,2755,3235644697088,50.63796914262821,0.0
0,1,2755,3236047323549,50.644270262873725,5.157058608408192e-41
0,0,2756,3236785614336,50.65582454326923,0.0
0,1,2756,3237179115747,50.661982856116666,5.187326655237608e-41
0,0,2757,3237921315328,50.673598309294874,0.0
0,1,2757,3238660756954,50.68517060036684,5.145147571461431e-41
0,0,2758,3239056706560,50.6913672275641,0.0
0,1,2758,3239453793679,50.69758165688539,5.022674085679442e-41
0,0,2759,3240192532992,50.70914295673077,0.0
0,1,2759,3240585624790,50.71529485911834,5.099184981831577e-41
0,0,2760,3241323005952,50.726834903846154,0.0
0,1,2760,3241717442053,50.73300784462953,5.104509915996011e-41
0,0,2761,3242117468160,50.73926826923077,0.0
0,1,2761,3242860337028,50.750894196777345,4.954290720620391e-41
0,0,2762,3243258531328,50.757125953525644,0.0
0,1,2762,3244003238150,50.76878064512595,4.929908127341139e-41
0,0,2763,3244399265280,50.77497848557692,0.0
0,1,2763,3244796311728,50.78119227839544,4.923041764865947e-41
0,0,2764,3245535041536,50.79275342948718,0.0
0,1,2764,3245928456167,50.798910384224136,5.108153292003256e-41
0,0,2765,3246665764864,50.810449294871795,0.0
0,1,2765,3247060295971,50.81662372250288,5.039769926944205e-41
0,0,2766,3247801516544,50.828223854166666,0.0
0,1,2766,3248541996080,50.839812388571715,5.000253310250245e-41
0,0,2767,3248942837760,50.84608557692308,0.0
0,1,2767,3249679870356,50.857620166579025,5.029960837693931e-41
0,0,2768,3250078589440,50.86386013621795,0.0
0,1,2768,3250817512680,50.875424314528246,5.055464469744643e-41
0,0,2769,3251214307840,50.88163417467949,0.0
0,1,2769,3251955121735,50.893227941816285,5.085732516574059e-41
0,0,2770,3252355581952,50.899495160256414,0.0
0,1,2770,3252748418036,50.905643060709636,4.887588913718529e-41
0,0,2771,3253485862400,50.91718409455128,0.0
0,1,2771,3253880460083,50.923359564099435,4.975170067738831e-41
0,0,2772,3254280271872,50.929616634615385,0.0
0,1,2772,3255018201241,50.941165258804716,5.046636289419396e-41
0,0,2773,3255416176128,50.94739358173077,0.0
0,1,2773,3256156075495,50.958973036467725,4.977272015435318e-41
0,0,2774,3256552287744,50.96517377403846,0.0
0,1,2774,3257294094676,50.97678308224409,5.045094861108639e-41
0,0,2775,3257693538816,50.983034399038466,0.0
0,1,2775,3258432005287,50.99459142889561,4.948685526763091e-41
0,0,2776,3258829072896,51.000805552884614,0.0
0,1,2776,3259570064407,51.012402099718926,5.012164347197006e-41
0,0,2777,3259970274304,51.01866540064103,0.0
0,1,2777,3260708233581,51.03021449289175,4.998711881939487e-41
0,0,2778,3261106324480,51.036444631410255,0.0
0,1,2778,3261502105886,51.04263862627079,5.002775647486029e-41
0,0,2779,3262242566144,51.05422685897436,0.0
0,1,2779,3262639881339,51.060444857694186,5.023654994604469e-41
0,0,2780,3263378134528,51.07199854967949,0.0
0,1,2780,3263772409275,51.0781689652663,5.089796282120601e-41
0,0,2781,3264513899520,51.089773317307696,0.0
0,1,2781,3264910751514,51.09598406691331,5.098204072906549e-41
0,0,2782,3265308142592,51.10220325320513,0.0
0,1,2782,3266048972921,51.11379727753468,5.007540062264734e-41
0,0,2783,3266449633792,51.120067636217954,0.0
0,1,2783,3267187021286,51.13160778004182,5.130013548046723e-41
0,0,2784,3267927324160,51.14319354967949,0.0
0,1,2784,3268669068012,51.15480187068059,5.180039903223119e-41
0,0,2785,3269068770816,51.161057235576926,0.0
0,1,2785,3269462700197,51.167222246172,5.039349537404907e-41
0,0,2786,3270204488704,51.17883126602564,0.0
0,1,2786,3270600559608,51.18502979154147,5.215492754370537e-41
0,0,2787,3271340232704,51.196605705128206,0.0
0,1,2787,3271732860727,51.202750349418444,5.164905879808411e-41
0,0,2788,3272129084416,51.20895126602564,0.0
0,1,2788,3272870837397,51.22055972989596,5.083070049491841e-41
0,0,2789,3273270222336,51.22681012019231,0.0
0,1,2789,3274008410617,51.23836279636481,5.110255239699743e-41
0,0,2790,3274405938176,51.24458411858974,0.0
0,1,2790,3274801667495,51.250777298286636,5.023654994604469e-41
0,0,2791,3275542061056,51.26236448717949,0.0
0,1,2791,3275939395844,51.26858279253055,4.923602284251677e-41
0,0,2792,3276677536256,51.280134719551285,0.0
0,1,2792,3277071438916,51.28629931196164,5.213951326059779e-41
0,0,2793,3277812966912,51.29790425480769,0.0
0,1,2793,3278558404956,51.3095703900616,5.123287315417964e-41
0,0,2794,3278954359808,51.31576709935898,0.0
0,1,2794,3279351663382,51.321984916209686,4.961157083095582e-41
0,0,2795,3280090063872,51.33354091346154,0.0
0,1,2795,3280483890775,51.339704320271814,5.011743957657708e-41
0,0,2796,3281225060352,51.35130365384615,0.0
0,1,2796,3281621339558,51.357505439296624,4.955411759391851e-41
0,0,2797,3282019215360,51.36373221153846,0.0
0,1,2797,3282764314911,51.37539304936336,5.050279665426641e-41
0,0,2798,3283160210944,51.38158883814103,0.0
0,1,2798,3283901918335,51.39319658852602,5.113898615706987e-41
0,0,2799,3284301110784,51.399443966346155,0.0
0,1,2799,3284695112237,51.40561010487092,4.885066576482745e-41
0,0,2800,3285436867072,51.41721859775641,0.0
0,1,2800,3285832584585,51.42341159268893,5.042432394026422e-41
0,0,2801,3286572665856,51.43499389423077,0.0
0,1,2801,3286969891042,51.44121048430614,5.054903950358913e-41
0,0,2802,3287708255744,51.45276592147436,0.0
0,1,2802,3288446065625,51.4643126756717,5.041451485101394e-41
0,0,2803,3288843879936,51.470538485576924,0.0
0,1,2803,3289583595819,51.48211506878193,4.910570208533456e-41
0,0,2804,3289979432448,51.488309927884615,0.0
0,1,2804,3290721278601,51.499919849900465,5.24730222951071e-41
0,0,2805,3291120187904,51.506162796474364,0.0
0,1,2805,3291514656311,51.51233624284793,5.033043694315445e-41
0,0,2806,3292255872000,51.523936298076926,0.0
0,1,2806,3292652523421,51.53014390870706,4.957934096627635e-41
0,0,2807,3293391245312,51.541704935897435,0.0
0,1,2807,3293784841948,51.547864739019936,5.006419023493274e-41
0,0,2808,3294185461760,51.55413445512821,0.0
0,1,2808,3294927824472,51.5657524613131,5.029960837693931e-41
0,0,2809,3295326179328,51.57198673076923,0.0
0,1,2809,3296065379245,51.58355523908566,5.047056678958694e-41
0,0,2810,3296461946880,51.58976153846154,0.0
0,1,2810,3297208314149,51.60144221612393,4.964239939717097e-41
0,0,2811,3297950497792,51.613057419871794,0.0
0,1,2811,3298695481942,51.624716451666416,5.058547326366157e-41
0,0,2812,3299091530240,51.63091462339744,0.0
0,1,2812,3299489084413,51.63713636213254,4.919958908244433e-41
0,0,2813,3300226917888,51.648683485576925,0.0
0,1,2813,3300621393206,51.65485704010793,5.001794738561002e-41
0,0,2814,3301362798080,51.66646005608975,0.0
0,1,2814,3301758945942,51.672659786001354,5.066955117152106e-41
0,0,2815,3302157083136,51.678890649038465,0.0
0,1,2815,3302901451793,51.690540048342974,5.011183438271978e-41
0,0,2816,3303298557440,51.69675476762821,0.0
0,1,2816,3304039115118,51.70834452495868,4.959055135399095e-41
0,0,2817,3304439640576,51.71461276442308,0.0
0,1,2817,3304832685858,51.720763938833386,4.895996704504478e-41
0,0,2818,3305569844224,51.73230049679487,0.0
0,1,2818,3305964806745,51.73848167607234,4.913232675615674e-41
0,0,2819,3306705803776,51.75007830929487,0.0
0,1,2819,3307102522810,51.75628697807117,5.128472119735966e-41
0,0,2820,3307841445888,51.76785115384615,0.0
0,1,2820,3308234703097,51.774005644922504,5.121185367721476e-41
0,0,2821,3308977071616,51.78562374198718,0.0
0,1,2821,3309372127829,51.791806387548206,4.99604941485727e-41
0,0,2822,3310112801280,51.80339795673077,0.0
0,1,2822,3310509833135,51.80961152116824,4.968443835110071e-41
0,0,2823,3310906932736,51.815826145833334,0.0
0,1,2823,3311647435026,51.827415036339396,4.912111636844214e-41
0,0,2824,3312048446464,51.833690881410256,0.0
0,1,2824,3312446234849,51.83991628557254,5.027298370611714e-41
0,0,2825,3313184567296,51.85147121794872,0.0
0,1,2825,3313578492960,51.8576361703726,4.980915391442562e-41
0,0,2826,3314321064960,51.869257451923076,0.0
0,1,2826,3314716008818,51.875438339123846,4.983998248064077e-41
0,0,2827,3315115764224,51.88169452724359,0.0
0,1,2827,3315859004142,51.893326261737535,5.083070049491841e-41
0,0,2828,3316257549824,51.89956351762821,0.0
0,1,2828,3316996520017,51.911128430754836,5.053923041433885e-41
0,0,2829,3317393883648,51.9173471875,0.0
0,1,2829,3318133994405,51.928929950498926,5.118522900639259e-41
0,0,2830,3318530531328,51.93513576923077,0.0
0,1,2830,3319271778056,51.946736310221354,5.170090684126413e-41
0,0,2831,3319672362496,51.95300547275641,0.0
0,1,2831,3320065185457,51.95915316783416,5.083070049491841e-41
0,0,2832,3320803269632,51.97070421474359,0.0
0,1,2832,3321197223400,51.976869606996196,5.162243412726194e-41
0,0,2833,3321597759488,51.98313801282051,0.0
0,1,2833,3322334853461,51.994673563028975,4.917856960547946e-41
0,0,2834,3322733855232,52.000917956730774,0.0
0,1,2834,3323472001696,52.012469978465546,5.029400318308201e-41
0,0,2835,3323869966336,52.018698141025645,0.0
0,1,2835,3324265033820,52.024880962978266,4.905945923601185e-41
0,0,2836,3325005921280,52.036475881410254,0.0
0,1,2836,3325402122670,52.04267644903721,4.985679806221267e-41
0,0,2837,3326141750272,52.05425165064103,0.0
0,1,2837,3326539207426,52.060471871024895,4.96213799202061e-41
0,0,2838,3327277541888,52.0720268349359,0.0
0,1,2838,3327670842939,52.078182012141305,5.108153292003256e-41
0,0,2839,3328407838208,52.089716017628206,0.0
0,1,2839,3328802444664,52.09589162447416,4.911130727919186e-41
0,0,2840,3329543604224,52.107490801282054,0.0
0,1,2840,3329939517655,52.11368686233912,5.026317461686686e-41
0,0,2841,3330338087424,52.11992449519231,0.0
0,1,2841,3331082226257,52.131570297742016,5.046636289419396e-41
0,0,2842,3331479449088,52.13778685096154,0.0
0,1,2842,3332219686815,52.14937160104605,5.080547712256057e-41
0,0,2843,3332615172608,52.15556096955128,0.0
0,1,2843,3333007696687,52.16170398711376,5.051821093737398e-41
0,0,2844,3333745278464,52.17324717147436,0.0
0,1,2844,3334139581549,52.17941803055201,4.948125007377362e-41
0,0,2845,3334539451392,52.185676009615385,0.0
0,1,2845,3335282438108,52.19730378148788,5.145147571461431e-41
0,0,2846,3335680543744,52.203534150641026,0.0
0,1,2846,3336425309537,52.21518976513985,5.09035680150633e-41
0,0,2847,3336821528576,52.22139060897436,0.0
0,1,2847,3337562951862,52.23299391310472,4.873015409689551e-41
0,0,2848,3338304609792,52.244600889423076,0.0
0,1,2848,3339044281798,52.256176785951276,5.028839798922471e-41
0,0,2849,3339440376832,52.26237568910256,0.0
0,1,2849,3340186781498,52.2740569520295,4.868811514296577e-41
0,0,2850,3340587402752,52.28032669070513,0.0
0,1,2850,3340979969764,52.286470380170776,5.07788524517384e-41
0,0,2851,3341717863936,52.29801845352564,0.0
0,1,2851,3342111762463,52.304182981254385,5.101286929528064e-41
0,0,2852,3342853932544,52.315797972756414,0.0
0,1,2852,3343248863609,52.32197865974622,5.160701984415436e-41
0,0,2853,3343648382976,52.328231153846154,0.0
0,1,2853,3344386186965,52.33977781583346,5.01692876197571e-41
0,0,2854,3344783552000,52.34599659455128,0.0
0,1,2854,3345179600013,52.35219476182204,4.987641624071321e-41
0,0,2855,3345919381504,52.36377237179487,0.0
0,1,2855,3346317143009,52.369997355284085,4.997030323782298e-41
0,0,2856,3347055414784,52.38155133814103,0.0
0,1,2856,3347793456841,52.39310172590207,5.059107845751887e-41
0,0,2857,3348533267456,52.404679791666666,0.0
0,1,2857,3348930752545,52.410900449234404,5.0570058980554e-41
0,0,2858,3349669106176,52.42245571314103,0.0
0,1,2858,3350062771042,52.42861658406576,4.982036430214022e-41
0,0,2859,3350805330944,52.44023767628205,0.0
0,1,2859,3351200094390,52.446415740027795,5.229085349474487e-41
0,0,2860,3351941228032,52.458014511217954,0.0
0,1,2860,3352337192983,52.46421137856508,5.019451099211495e-41
0,0,2861,3352736162304,52.47045526442308,0.0
0,1,2861,3353480040837,52.482096993267355,5.098764592292279e-41
0,0,2862,3353878119424,52.48832693910256,0.0
0,1,2862,3354278528332,52.49459335455479,4.985679806221267e-41
0,0,2863,3355020288000,52.50620192307692,0.0
0,1,2863,3355415897765,52.51239323174892,5.022113566293712e-41
0,0,2864,3356156346368,52.52398128205128,0.0
0,1,2864,3356553262598,52.53019303695287,5.01636824258998e-41
0,0,2865,3357292700160,52.54176526442308,0.0
0,1,2865,3358029850860,52.55330170241136,4.932430464576924e-41
0,0,2866,3358428597760,52.5595421073718,0.0
0,1,2866,3359167664208,52.57110852689303,4.940838255362873e-41
0,0,2867,3359565042688,52.57732751602564,0.0
0,1,2867,3360305433505,52.58891466197478,5.03780810909415e-41
0,0,2868,3360701199872,52.59510842147436,0.0
0,1,2868,3361098836304,52.60133144756611,4.920519427630163e-41
0,0,2869,3361837143552,52.61288598557692,0.0
0,1,2869,3362230986389,52.619049641754934,5.01692876197571e-41
0,0,2870,3362973314048,52.63066709935897,0.0
0,1,2870,3363368572902,52.63685291625977,4.973628639428073e-41
0,0,2871,3363767949312,52.64310317307692,0.0
0,1,2871,3364506104644,52.65465533359625,5.039769926944205e-41
0,0,2872,3364904019456,52.66088271634616,0.0
0,1,2872,3365644079774,52.672464689972706,4.856900477349816e-41
0,0,2873,3366040291840,52.67866542467949,0.0
0,1,2873,3366437566545,52.684882789729194,5.026737851225984e-41
0,0,2874,3367176699904,52.69645025641026,0.0
0,1,2874,3367914003250,52.70798908331456,4.990304091153539e-41
0,0,2875,3368312743936,52.71422939102564,0.0
0,1,2875,3369051579020,52.725792189691006,5.091898229817088e-41
0,0,2876,3369448927744,52.73201071314103,0.0
0,1,2876,3370189085154,52.74359420626127,4.916315532237188e-41
0,0,2877,3370585138688,52.7497924599359,0.0
0,1,2877,3370982356888,52.75600894068009,5.000673699789542e-41
0,0,2878,3371721572352,52.7675776923077,0.0
0,1,2878,3372114355924,52.77372477094602,5.158600036718949e-41
0,0,2879,3372510511104,52.779924615384616,0.0
0,1,2879,3373256991297,52.791607060312124,5.177377436140902e-41
0,0,2880,3373657740800,52.79787880608975,0.0
0,1,2880,3374399639481,52.8094895501709,5.027858889997444e-41
0,0,2881,3374799353344,52.81574508814103,0.0
0,1,2881,3375192928103,52.821904548887595,4.904824884829725e-41
0,0,2882,3375935717888,52.833529238782056,0.0
0,1,2882,3376330182328,52.839702623071915,5.033043694315445e-41
0,0,2883,3377071799296,52.851308958333334,0.0
0,1,2883,3377817161182,52.86297390171149,4.925143712562435e-41
0,0,2884,3378555129344,52.87452313301282,0.0
0,1,2884,3378949005590,52.88068731204302,4.906366313140482e-41
0,0,2885,3379349707264,52.886958309294876,0.0
0,1,2885,3380086284912,52.898485778996395,5.019030709672197e-41
0,0,2886,3380486019584,52.90474164262821,0.0
0,1,2886,3381229073890,52.91637047228691,4.988762662842781e-41
0,0,2887,3381627728384,52.92260943108975,0.0
0,1,2887,3382022344600,52.92878519068009,4.882404109400528e-41
0,0,2888,3382763673600,52.94038701923077,0.0
0,1,2888,3383159782637,52.94658614152957,5.029960837693931e-41
0,0,2889,3383558023168,52.952818621794876,0.0
0,1,2889,3384302440544,52.964468783553684,4.891792809111504e-41
0,0,2890,3384699459584,52.9706821474359,0.0
0,1,2890,3385445118935,52.98235174615322,4.970545782806559e-41
0,0,2891,3385840730112,52.98854307692308,0.0
0,1,2891,3386238498692,52.99476817113632,4.923602284251677e-41
0,0,2892,3386976608256,53.00631961538462,0.0
0,1,2892,3387714455139,53.01786694866474,5.110255239699743e-41
0,0,2893,3388454214144,53.02944420673077,0.0
0,1,2893,3388851757502,53.03566577621069,5.169670294587115e-41
0,0,2894,3389248914944,53.04188130608974,0.0
0,1,2894,3389989502754,53.05347153498723,4.877779824468256e-41
0,0,2895,3390390190592,53.05974231570513,0.0
0,1,2895,3391127142009,53.07127563490648,4.900200599897453e-41
0,0,2896,3391525589504,53.07751135416667,0.0
0,1,2896,3391920670754,53.08369439155774,5.025756942300956e-41
0,0,2897,3392661302784,53.0952853125,0.0
0,1,2897,3393058956162,53.10150860379733,4.884506057097015e-41
0,0,2898,3393455236608,53.10771040865385,0.0
0,1,2898,3394196715238,53.119314578920026,4.986660715146294e-41
0,0,2899,3394596017664,53.125563677884614,0.0
0,1,2899,3395334564921,53.1371219720459,5.216473663295564e-41
0,0,2900,3395731553792,53.14333486378205,0.0
0,1,2900,3396128266727,53.149543437108754,4.930889036266166e-41
0,0,2901,3396867487232,53.161112267628205,0.0
0,1,2901,3397948869755,53.17803594743778,5.063872260530591e-41
0,0,2902,3398344792576,53.18423215544872,0.0
0,1,2902,3399086673885,53.19584262765738,4.950647344613146e-41
0,0,2903,3399486071808,53.202093221153845,0.0
0,1,2903,3399880248712,53.208262105493795,5.089375892581303e-41
0,0,2904,3400622259200,53.219874599358974,0.0
0,1,2904,3401018808544,53.22608061247997,4.966902406799314e-41
0,0,2905,3401758009856,53.23764914262821,0.0
0,1,2905,3402151119389,53.24380132256924,4.949666435688119e-41
0,0,2906,3402547076608,53.24999806891026,0.0
0,1,2906,3403288678778,53.26160417258238,5.100306020603037e-41
0,0,2907,3403688375296,53.267859439102565,0.0
0,1,2907,3404426392279,53.27940943445451,4.981475910828292e-41
0,0,2908,3404824295424,53.285636634615386,0.0
0,1,2908,3405219799685,53.29182629214556,5.011743957657708e-41
0,0,2909,3405960552448,53.303419102564106,0.0
0,1,2909,3406356994521,53.30962343688965,5.186766135851878e-41
0,0,2910,3407096927744,53.32120342147436,0.0
0,1,2910,3407838480091,53.33280874541454,5.127911600350236e-41
0,0,2911,3408238728704,53.339072652243594,0.0
0,1,2911,3408981279313,53.35069359902406,5.113898615706987e-41
0,0,2912,3409380088832,53.35693498397436,0.0
0,1,2912,3410118611373,53.368492891329254,5.188868083548365e-41
0,0,2913,3410515792896,53.374708798076924,0.0
0,1,2913,3410911806813,53.38090643174392,4.862645801053548e-41
0,0,2914,3411651708416,53.39248592147436,0.0
0,1,2914,3412049307821,53.39870836809207,4.94237968367363e-41
0,0,2915,3412446205952,53.40491983974359,0.0
0,1,2915,3413186964495,53.41651274061937,4.951207863998876e-41
0,0,2916,3413587770368,53.42278536858974,0.0
0,1,2916,3414324514660,53.43431544627654,4.844849310556623e-41
0,0,2917,3414723819008,53.440564575320515,0.0
0,1,2917,3415118137624,53.44673567745894,4.927806179644652e-41
0,0,2918,3415859746304,53.45834188301282,0.0
0,1,2918,3416255991406,53.46454313473433,4.90062098943675e-41
0,0,2919,3416995538432,53.476117075320516,0.0
0,1,2919,3417732251486,53.48764666413136,5.105490824921039e-41
0,0,2920,3418131728896,53.493898501602565,0.0
0,1,2920,3418869899439,53.50545090017466,4.953870331081093e-41
0,0,2921,3419267646976,53.511675665064104,0.0
0,1,2921,3419663291997,53.51786752549392,5.078866154098867e-41
0,0,2922,3420403361280,53.52944963942308,0.0
0,1,2922,3420800815031,53.535669806549855,5.028839798922471e-41
0,0,2923,3421539574784,53.54723142628205,0.0
0,1,2923,3421933325559,53.55339364168607,4.896977613429506e-41
0,0,2924,3422334307840,53.55966903044872,0.0
0,1,2924,3423081528978,53.571363071195165,4.90230254759394e-41
0,0,2925,3423481278976,53.57761917467949,0.0
0,1,2925,3424219222498,53.589168020363836,5.088254853809843e-41
0,0,2926,3424617147904,53.595395568910256,0.0
0,1,2926,3425012675488,53.601585591446316,4.919398388858703e-41
0,0,2927,3425752968704,53.6131712099359,0.0
0,1,2927,3426150221559,53.619388233032225,5.046075770033666e-41
0,0,2928,3426888869888,53.63094810897436,0.0
0,1,2928,3427631681521,53.642573140790894,5.076343816863082e-41
0,0,2929,3428030048768,53.64880760416667,0.0
0,1,2929,3428769084755,53.66037354697203,4.984558767449807e-41
0,0,2930,3429166093824,53.666586754807696,0.0
0,1,2930,3429911872197,53.67825821622409,4.954851240006121e-41
0,0,2931,3430307412480,53.6844484375,0.0
0,1,2931,3430705342063,53.690676051416645,5.040890965715664e-41
0,0,2932,3431443310080,53.70222528044872,0.0
0,1,2932,3431837368742,53.708392314296624,5.198256783259341e-41
0,0,2933,3432237854208,53.71465992788462,0.0
0,1,2933,3432980168480,53.72627717598157,4.988202143457051e-41
0,0,2934,3433379625472,53.73252869391026,0.0
0,1,2934,3434117544067,53.74407714948605,5.028839798922471e-41
0,0,2935,3434515949056,53.750312203525645,0.0
0,1,2935,3434910787110,53.756491434889575,5.024776033375929e-41
0,0,2936,3435652405248,53.76809778846154,0.0
0,1,2936,3436048032133,53.774289365062224,5.094000177513575e-41
0,0,2937,3436788629504,53.785879743589746,0.0
0,1,2937,3437534664869,53.797555226941235,5.09147784027779e-41
0,0,2938,3437930529792,53.80375052884616,0.0
0,1,2938,3438677333545,53.81543803750063,5.021132657368685e-41
0,0,2939,3439078173696,53.82171120192308,0.0
0,1,2939,3439825421742,53.8334056637808,5.183122759844633e-41
0,0,2940,3440225555968,53.83966778044872,0.0
0,1,2940,3440618463586,53.84581680041191,5.104509915996011e-41
0,0,2941,3441356136960,53.857361418269235,0.0
0,1,2941,3441750187160,53.8635283196865,4.980915391442562e-41
0,0,2942,3442150936064,53.869800056089744,0.0
0,1,2942,3442898180645,53.88149446372008,5.006419023493274e-41
0,0,2943,3443298728960,53.887763060897434,0.0
0,1,2943,3444040991134,53.89937949365861,4.912672156229944e-41
0,0,2944,3444440338944,53.90562930288462,0.0
0,1,2944,3444834274136,53.911794404422075,5.005998633953977e-41
0,0,2945,3445576507392,53.92341038461539,0.0
0,1,2945,3445971508897,53.92959217399402,5.021132657368685e-41
0,0,2946,3446712417280,53.941187419871795,0.0
0,1,2946,3447458318791,53.95286080840282,5.067936026077133e-41
0,0,2947,3448200854016,53.96448151442308,0.0
0,1,2947,3448595591454,53.97065917114258,4.947003968605902e-41
0,0,2948,3449336832000,53.98225961538461,0.0
0,1,2948,3449732987003,53.98845945705316,5.17275315120863e-41
0,0,2949,3450131300352,53.99469307692308,0.0
0,1,2949,3450870622166,54.00626349293244,4.971526691731586e-41
0,0,2950,3451267295232,54.01247144230769,0.0
0,1,2950,3452007940398,54.024062568828874,5.042432394026422e-41
0,0,2951,3452408663040,54.03033389423077,0.0
0,1,2951,3452801381595,54.03647995535044,4.933551503348383e-41
0,0,2952,3453539029504,54.04802417467949,0.0
0,1,2952,3453933478939,54.0541973241405,4.975170067738831e-41
0,0,2953,3454675047936,54.06580290865385,0.0
0,1,2953,3455071152500,54.07200196095002,5.073120830395135e-41
0,0,2954,3455469846016,54.07824153044872,0.0
0,1,2954,3456208621258,54.089803392584386,4.913653065154971e-41
0,0,2955,3456605730304,54.0960181650641,0.0
0,1,2955,3457346375205,54.10760928743803,5.176396527215874e-41
0,0,2956,3458088648704,54.119225897435896,0.0
0,1,2956,3458484331398,54.125418347449674,4.947564487991632e-41
0,0,2957,3459224754688,54.137006001602565,0.0
0,1,2957,3459622207706,54.143226157257864,5.051821093737398e-41
0,0,2958,3460366457344,54.15487369391026,0.0
0,1,2958,3460759599671,54.1610263870787,4.992406038850026e-41
0,0,2959,3461155460096,54.16722161858974,0.0
0,1,2959,3461902497721,54.178912787350384,4.996609934243e-41
0,0,2960,3462302633984,54.185174935897436,0.0
0,1,2960,3462695793505,54.19132789815267,5.000253310250245e-41
0,0,2961,3463433169920,54.20286786858974,0.0
0,1,2961,3463827563177,54.209040138862804,4.954290720620391e-41
0,0,2962,3464569221632,54.220647123397434,0.0
0,1,2962,3464964957683,54.2268404084504,5.019030709672197e-41
0,0,2963,3465363793408,54.23308220352564,0.0
0,1,2963,3466102387540,54.24464123128255,5.181020812148146e-41
0,0,2964,3466499427328,54.2508549198718,0.0
0,1,2964,3467240000173,54.26244491456643,4.875677876771769e-41
0,0,2965,3467640698368,54.268715857371795,0.0
0,1,2965,3468377374220,54.280244863969855,4.967883315724341e-41
0,0,2966,3468777010176,54.28649918269231,0.0
0,1,2966,3469514888542,54.298047008682644,5.018470190286467e-41
0,0,2967,3469913213952,54.30428081730769,0.0
0,1,2967,3470308398872,54.31046547713842,5.006979542879004e-41
0,0,2968,3471049486848,54.322063533653846,0.0
0,1,2968,3471446102634,54.328270586594805,4.947003968605902e-41
0,0,2969,3472185584128,54.339843501602566,0.0
0,1,2969,3472578229155,54.345988412006086,4.96269851140634e-41
0,0,2970,3472974321152,54.35218726762821,0.0
0,1,2970,3473715468037,54.36378624607184,4.932990983962654e-41
0,0,2971,3474115768320,54.37005096153846,0.0
0,1,2971,3474852929622,54.38158756544847,5.013285385968466e-41
0,0,2972,3475251553792,54.38782604967949,0.0
0,1,2972,3475646325270,54.39400423912635,5.032062785390418e-41
0,0,2973,3476387309056,54.40560066506411,0.0
0,1,2973,3476783744357,54.41180489340758,4.996609934243e-41
0,0,2974,3477870473216,54.428812243589746,0.0
0,1,2974,3478265893997,54.435000594654575,5.029400318308201e-41
0,0,2975,3479006604288,54.44659274038462,0.0
0,1,2975,3479403673043,54.45280688230857,4.965781368027854e-41
0,0,2976,3479801306624,54.45902986378205,0.0
0,1,2976,3480541288237,54.4706106056722,4.86783060537155e-41
0,0,2977,3480937287680,54.47680801282051,0.0
0,1,2977,3481678993544,54.4884157393079,5.026737851225984e-41
0,0,2978,3482078481408,54.494667740384614,0.0
0,1,2978,3482472368697,54.500832092238205,5.219696649763511e-41
0,0,2979,3483214263296,54.5124427724359,0.0
0,1,2979,3483610203542,54.51863925314879,5.013705775507763e-41
0,0,2980,3484350339584,54.53022241185898,0.0
0,1,2980,3484747865838,54.53644371366061,5.216053273756267e-41
0,0,2981,3485144659968,54.54265355769231,0.0
0,1,2981,3485885518418,54.55424802211664,5.014266294893493e-41
0,0,2982,3486286359040,54.560521193910255,0.0
0,1,2982,3487023155630,54.572052090062854,4.952749292309633e-41
0,0,2983,3487764005888,54.58364642628205,0.0
0,1,2983,3488160816392,54.58985652656751,4.990304091153539e-41
0,0,2984,3488899812352,54.60142184294872,0.0
0,1,2984,3489292997697,54.607575209350586,5.123707704957261e-41
0,0,2985,3489688686080,54.613767748397436,0.0
0,1,2985,3490430725026,54.62538068763146,4.936634359969898e-41
0,0,2986,3490830313984,54.63163427083334,0.0
0,1,2986,3491568287489,54.64318358575283,5.098204072906549e-41
0,0,2987,3491966174208,54.649410528846154,0.0
0,1,2987,3492361584813,54.65559872065618,5.006979542879004e-41
0,0,2988,3493102202368,54.6671894150641,0.0
0,1,2988,3493499043340,54.67339999217498,5.086152906113356e-41
0,0,2989,3494238548480,54.68497327724359,0.0
0,1,2989,3494631250754,54.691119083564956,5.014266294893493e-41
0,0,2990,3495027392512,54.69731871794872,0.0
0,1,2990,3495768731806,54.70892070760091,4.888149433104259e-41
0,0,2991,3496510166528,54.72052419070513,0.0
0,1,2991,3497250082207,54.73210390072554,5.050840184812371e-41
0,0,2992,3497645406208,54.73829073717949,0.0
0,1,2992,3498382009565,54.749818609227894,5.025756942300956e-41
0,0,2993,3498780853760,54.756060536858975,0.0
0,1,2993,3499175208082,54.76223219779773,4.90174202820821e-41
0,0,2994,3499916576768,54.7738346474359,0.0
0,1,2994,3500312426977,54.780029719066135,4.899640080511723e-41
0,0,2995,3501052432896,54.791610841346156,0.0
0,1,2995,3501449840951,54.7978302933287,4.972087211117316e-41
0,0,2996,3501846453760,54.804037299679486,0.0
0,1,2996,3502592566455,54.81571399324857,4.937615268894925e-41
0,0,2997,3502993100288,54.821982363782055,0.0
0,1,2997,3503386209886,54.82813454474034,4.955972278777581e-41
0,0,2998,3504123117056,54.83966717147436,0.0
0,1,2998,3504518201755,54.845850262842426,5.042992913412152e-41
0,0,2999,3505258980864,54.85744348557692,0.0
0,1,2999,3505655527669,54.86364945896246,4.868811514296577e-41
0,0,3000,3506053606912,54.869879415064105,0.0
0,1,3000,3506798214766,54.88153255781125,4.906366313140482e-41
0,0,3001,3507536651264,54.89308911858974,0.0
0,1,3001,3507935787971,54.89933562404535,4.863206320439278e-41
0,0,3002,3508677879808,54.910949391025646,0.0
0,1,3002,3509073092894,54.9171344916554,4.86054385335706e-41
0,0,3003,3509813548544,54.92872265224359,0.0
0,1,3003,3510211107967,54.9349444731414,5.220117039302809e-41
0,0,3004,3510949161984,54.946495048076926,0.0
0,1,3004,3511343783352,54.952670888296275,4.994507986546513e-41
0,0,3005,3512084631552,54.96426519230769,0.0
0,1,3005,3512481817366,54.97048116620969,5.031502266004688e-41
0,0,3006,3512878943744,54.9766962099359,0.0
0,1,3006,3513619909232,54.988292349509216,5.01692876197571e-41
0,0,3007,3514020294144,54.99455838942308,0.0
0,1,3007,3514757679569,55.00609850086701,5.03724758970842e-41
0,0,3008,3515155897344,55.012330625000004,0.0
0,1,3008,3515551125376,55.01851595953526,4.889270471875719e-41
0,0,3009,3516638505984,55.035533509615384,0.0
0,1,3009,3517377556012,55.047099672162965,5.043973822337179e-41
0,0,3010,3517774018560,55.053304326923076,0.0
0,1,3010,3518515314571,55.064905639194585,4.918977999319405e-41
0,0,3011,3518915078656,55.07116196314103,0.0
0,1,3011,3519653108964,55.08271216702975,4.988762662842781e-41
0,0,3012,3520050846208,55.088936770833335,0.0
0,1,3012,3520446642334,55.09513099606245,4.888149433104259e-41
0,0,3013,3521186642944,55.106712035256415,0.0
0,1,3013,3521584071150,55.112931802602915,4.919958908244433e-41
0,0,3014,3522322137600,55.12448257211538,0.0
0,1,3014,3522716480301,55.130654051185026,4.977272015435318e-41
0,0,3015,3523116579328,55.13691561698718,0.0
0,1,3015,3523854390407,55.14846238993327,5.000253310250245e-41
0,0,3016,3524252256256,55.15468900641026,0.0
0,1,3016,3524992303076,55.16627076879257,5.054483560819615e-41
0,0,3017,3525388075520,55.17246462339744,0.0
0,1,3017,3525785991065,55.178692017618815,5.012164347197006e-41
0,0,3018,3526523674112,55.190236786858975,0.0
0,1,3018,3527262839424,55.20180475360577,5.125809652653748e-41
0,0,3019,3527659650048,55.208014855769235,0.0
0,1,3019,3528400926175,55.21961585685535,5.161262503801166e-41
0,0,3020,3528801092096,55.22587846955128,0.0
0,1,3020,3529194447747,55.232034501248876,5.080968101795354e-41
0,0,3021,3529931707904,55.24357265224359,0.0
0,1,3021,3530326962880,55.24975840845353,5.027858889997444e-41
0,0,3022,3531067612672,55.2613496073718,0.0
0,1,3022,3531464947742,55.26756791713617,4.886608004793502e-41
0,0,3023,3531862198784,55.273784911858975,0.0
0,1,3023,3532602705270,55.2853738680326,5.070037973773621e-41
0,0,3024,3532998186496,55.291563165064105,0.0
0,1,3024,3533390935812,55.297709707594656,5.086713425499086e-41
0,0,3025,3534128450560,55.30925184294872,0.0
0,1,3025,3534523468353,55.3154338872352,5.064292650069889e-41
0,0,3026,3535264049152,55.327024006410255,0.0
0,1,3026,3535661024154,55.333236681096004,4.974189158813803e-41
0,0,3027,3536399998976,55.34480166666667,0.0
0,1,3027,3536793410274,55.35095856924204,4.953870331081093e-41
0,0,3028,3537535526912,55.36257272435898,0.0
0,1,3028,3537931595322,55.368771210843605,5.043973822337179e-41
0,0,3029,3538671457792,55.38035008814103,0.0
0,1,3029,3539063939440,55.38649244165665,5.059668365137617e-41
0,0,3030,3539460429312,55.39269752403846,0.0
0,1,3030,3540201873605,55.404301156929215,4.926685140873192e-41
0,0,3031,3540601940992,55.41056222756411,0.0
0,1,3031,3541339559451,55.42210598599947,4.895436185118748e-41
0,0,3032,3541737742848,55.42833757211539,0.0
0,1,3032,3542133071318,55.43452447850937,4.97573058712456e-41
0,0,3033,3542873861632,55.446117876602564,0.0
0,1,3033,3543270600996,55.45232686354417,5.054903950358913e-41
0,0,3034,3544009447936,55.46388984775641,0.0
0,1,3034,3544402629214,55.47004315050957,4.980915391442562e-41
0,0,3035,3544798430208,55.476237451923076,0.0
0,1,3035,3545540438453,55.48784991068522,5.243658853503465e-41
0,0,3036,3545939796480,55.49409987980769,0.0
0,1,3036,3546683333423,55.50573626275479,5.095121216285035e-41
0,0,3037,3547081118208,55.511961610576925,0.0
0,1,3037,3547821049480,55.52354156462841,5.080968101795354e-41
0,0,3038,3548216780800,55.529734775641025,0.0
0,1,3038,3548959035875,55.54135109730256,4.964800459102827e-41
0,0,3039,3549358212608,55.54759822916667,0.0
0,1,3039,3550096827192,55.559157576998196,5.122726796032234e-41
0,0,3040,3550494144000,55.56537560096154,0.0
0,1,3040,3550890312430,55.57157565276317,4.984558767449807e-41
0,0,3041,3551630004736,55.58315186698718,0.0
0,1,3041,3552022884385,55.5893004492344,5.007540062264734e-41
0,0,3042,3552760110592,55.60083806891026,0.0
0,1,3042,3553155085147,55.60701943652031,5.185224707541121e-41
0,0,3043,3553554405376,55.61326881410257,0.0
0,1,3043,3554292838074,55.62482531541091,4.978813443746075e-41
0,0,3044,3554689994240,55.63104082532051,0.0
0,1,3044,3555430505487,55.642629856003985,5.000253310250245e-41
0,0,3045,3555831046656,55.648898341346154,0.0
0,1,3045,3556568461168,55.6604389080028,4.845409829942352e-41
0,0,3046,3557307966464,55.67201219551282,0.0
0,1,3046,3557700760739,55.67815944165352,5.041451485101394e-41
0,0,3047,3558438658048,55.68970756410256,0.0
0,1,3047,3558833043422,55.69587971100636,4.975170067738831e-41
0,0,3048,3559233077248,55.70214025641026,0.0
0,1,3048,3559970816310,55.71368590228741,5.064292650069889e-41
0,0,3049,3560369005056,55.719917572115385,0.0
0,1,3049,3561108507799,55.73149081967085,5.047056678958694e-41
0,0,3050,3561504997376,55.7376958974359,0.0
0,1,3050,3561902194752,55.743912052283655,5.041871874640692e-41
0,0,3051,3562641124864,55.75547633814103,0.0
0,1,3051,3563034088313,55.761626231861605,5.145567961000728e-41
0,0,3052,3563771342848,55.7731642948718,0.0
0,1,3052,3564165772976,55.77933714217748,4.959055135399095e-41
0,0,3053,3564907410432,55.790943798076924,0.0
0,1,3053,3565303149575,55.79713713151981,5.066394597766376e-41
0,0,3054,3565701708800,55.803374599358975,0.0
0,1,3054,3566445975414,55.81502240168645,5.13211549574321e-41
0,0,3055,3567184010752,55.826572684294874,0.0
0,1,3055,3567577899192,55.83273705416166,5.171211722897872e-41
0,0,3056,3568319462912,55.84434255608974,0.0
0,1,3056,3568715370516,55.85053852595403,5.000673699789542e-41
0,0,3057,3569113621504,55.8567711698718,0.0
0,1,3057,3569852926306,55.86834131964268,5.007540062264734e-41
0,0,3058,3570248650752,55.87453442307692,0.0
0,1,3058,3570990530753,55.88614487481533,5.011183438271978e-41
0,0,3059,3571389578240,55.89238998397436,0.0
0,1,3059,3571783917678,55.898561411977916,5.052381613123128e-41
0,0,3060,3572525020160,55.910159695512824,0.0
0,1,3060,3572921524171,55.91636499917055,5.018470190286467e-41
0,0,3061,3573660761088,55.927934086538464,0.0
0,1,3061,3574053804290,55.93408522839669,4.835040221306349e-41
0,0,3062,3574790584832,55.945615873397436,0.0
0,1,3062,3575186065471,55.95180516124236,5.013705775507763e-41
0,0,3063,3575925913088,55.963383806089745,0.0
0,1,3063,3576323671458,55.96960874051608,5.029960837693931e-41
0,0,3064,3577061264896,55.9811521073718,0.0
0,1,3064,3577800159876,55.99271584341196,5.085171997188329e-41
0,0,3065,3578538365952,56.00426879807692,0.0
0,1,3065,3578932694462,56.01044005505684,4.928787088569679e-41
0,0,3066,3579332508160,56.01669715544872,0.0
0,1,3066,3580070584594,56.02824808121119,5.126930691425208e-41
0,0,3067,3580468313088,56.03447254807693,0.0
0,1,3067,3581208565366,56.04605752588517,4.963679420331367e-41
0,0,3068,3581604193280,56.05224911858974,0.0
0,1,3068,3582002089505,56.05847621045235,5.184243798616093e-41
0,0,3069,3582739745280,56.070020552884614,0.0
0,1,3069,3583134070115,56.07619175235064,5.014826814279223e-41
0,0,3070,3583875162112,56.087789871794875,0.0
0,1,3070,3584271603895,56.09399420158191,5.124268224342991e-41
0,0,3071,3584669160960,56.100215985576924,0.0
0,1,3071,3585409478680,56.11180198755509,5.001794738561002e-41
0,0,3072,3585810254848,56.11807415064103,0.0
0,1,3072,3586546982251,56.1296039640143,4.892353328497234e-41
0,0,3073,3587287225344,56.141188798076925,0.0
0,1,3073,3587684680903,56.14740899349898,4.94125864490217e-41
0,0,3074,3588422547456,56.158956634615386,0.0
0,1,3074,3588816997380,56.16512979172927,5.098764592292279e-41
0,0,3075,3589557949440,56.17672572115385,0.0
0,1,3075,3589954597209,56.18293327463004,5.089375892581303e-41
0,0,3076,3590693331456,56.19449449519231,0.0
0,1,3076,3591086586007,56.20064894467085,5.232168206096002e-41
0,0,3077,3591487548416,56.2069240224359,0.0
0,1,3077,3592224387570,56.2184555847168,5.114879524632015e-41
0,0,3078,3592623929344,56.22470842948718,0.0
0,1,3078,3593361966416,56.236258739232774,4.932430464576924e-41
0,0,3079,3593760658432,56.24249828525641,0.0
0,1,3079,3594155314425,56.2486746673584,4.887168524179232e-41
0,0,3080,3594897101824,56.2602836698718,0.0
0,1,3080,3595293085787,56.26648083475749,5.065834078380646e-41
0,0,3081,3595691922432,56.27272264423077,0.0
0,1,3081,3596430801849,56.28428613670936,5.070037973773621e-41
0,0,3082,3597169987072,56.295854415064106,0.0
0,1,3082,3597907312795,56.30739359216935,5.048738237115883e-41
0,0,3083,3598306356736,56.313638645833336,0.0
0,1,3083,3599045435897,56.32520526431353,5.046636289419396e-41
0,0,3084,3599442655232,56.33142176282051,0.0
0,1,3084,3600183490906,56.34301587079953,4.949666435688119e-41
0,0,3085,3600584176640,56.349286618589744,0.0
0,1,3085,3600977258247,56.35543836148776,5.072139921470108e-41
0,0,3086,3601714424832,56.366975048076924,0.0
0,1,3086,3602109698115,56.373161090792145,5.079426673484597e-41
0,0,3087,3602850174976,56.38474958333334,0.0
0,1,3087,3603247474593,56.390967338256836,4.945462540295144e-41
0,0,3088,3603644730880,56.3971844150641,0.0
0,1,3088,3604385438975,56.40877652642666,4.987221234532024e-41
0,0,3089,3604786385408,56.41505135416667,0.0
0,1,3089,3605528488569,56.426665298368015,5.081528621181084e-41
0,0,3090,3605928115200,56.432919471153845,0.0
0,1,3090,3606671444974,56.44455261189779,4.895436185118748e-41
0,0,3091,3607411184640,56.45612956730769,0.0
0,1,3091,3608153433848,56.46774579715044,4.888149433104259e-41
0,0,3092,3608552502784,56.47399124198718,0.0
0,1,3092,3609291073103,56.48554989706969,4.959055135399095e-41
0,0,3093,3609688286720,56.491766306089744,0.0
0,1,3093,3610084640261,56.497969254885945,5.119083420024989e-41
0,0,3094,3610823811584,56.50953731570513,0.0
0,1,3094,3611216976695,56.51569036544409,4.957934096627635e-41
0,0,3095,3611954081280,56.527226081730774,0.0
0,1,3095,3612349439098,56.53341344742213,4.983577858524779e-41
0,0,3096,3612748378624,56.53965686698718,0.0
0,1,3096,3613487309785,56.551221169261446,5.05812693682686e-41
0,0,3097,3613884070400,56.55743048878205,0.0
0,1,3097,3614624941358,56.56902514895708,4.990304091153539e-41
0,0,3098,3615025362944,56.57529176282051,0.0
0,1,3098,3615762760847,56.58683206954565,4.946023059680874e-41
0,0,3099,3616502991872,56.59841671474359,0.0
0,1,3099,3616900910566,56.60464415824695,4.978393054206778e-41
0,0,3100,3617638936064,56.61619428685898,0.0
0,1,3100,3618377782494,56.6277572630897,5.143606143150674e-41
0,0,3101,3618774930944,56.63397265224359,0.0
0,1,3101,3619520573005,56.64564198037172,4.999132271478785e-41
0,0,3102,3619916082688,56.65183172275641,0.0
0,1,3102,3620658033580,56.66344328394181,5.024215513990199e-41
0,0,3103,3621057693184,56.66969797275641,0.0
0,1,3103,3621451195231,56.67585629555727,5.101847448913794e-41
0,0,3104,3622188322304,56.68739236378205,0.0
0,1,3104,3622583127707,56.693571084156524,4.965781368027854e-41
0,0,3105,3623324084224,56.705167083333336,0.0
0,1,3105,3623720526308,56.71137141783103,5.11123614862477e-41
0,0,3106,3624118409728,56.71759830929487,0.0
0,1,3106,3624858325317,56.729178017906776,5.003336166871759e-41
0,0,3107,3625254123008,56.73537226762821,0.0
0,1,3107,3626001086656,56.747062278645835,4.88030216170404e-41
0,0,3108,3626401148928,56.75332326923077,0.0
0,1,3108,3627482569153,56.77024753907815,5.076343816863082e-41
0,0,3109,3628219321344,56.78177774038462,0.0
0,1,3109,3628614882564,56.78796828932542,5.014266294893493e-41
0,0,3110,3629355057664,56.799552059294875,0.0
0,1,3110,3629752786015,56.80577652392265,4.977832534821048e-41
0,0,3111,3630149601792,56.81198670673077,0.0
0,1,3111,3630890763199,56.82358591244429,4.949105916302389e-41
0,0,3112,3631290430464,56.82984072115385,0.0
0,1,3112,3632028663574,56.84139409890199,4.967883315724341e-41
0,0,3113,3632426411008,56.84761886217949,0.0
0,1,3113,3632821987525,56.853809650518954,4.983577858524779e-41
0,0,3114,3633562463744,56.865398133012825,0.0
0,1,3114,3633959484958,56.87161153091822,5.094000177513575e-41
0,0,3115,3634356868096,56.87783059294872,0.0
0,1,3115,3635097165687,56.88941627990723,5.138281208986239e-41
0,0,3116,3635493118464,56.89561295673077,0.0
0,1,3116,3636579036289,56.91260761419834,5.039349537404907e-41
0,0,3117,3636976347136,56.918825544871794,0.0
0,1,3117,3637716622813,56.93041088887533,5.017349151515008e-41
0,0,3118,3638453910528,56.94194947115385,0.0
0,1,3118,3638848895771,56.948131006031524,4.948685526763091e-41
0,0,3119,3639248331264,56.9543821875,0.0
0,1,3119,3639991579290,56.96601404888447,4.978393054206778e-41
0,0,3120,3640389557760,56.972242427884616,0.0
0,1,3120,3640785019966,56.97843142725235,4.973068120042343e-41
0,0,3121,3641525026304,56.990012556089745,0.0
0,1,3121,3641922432921,56.99623198556753,5.003896686257489e-41
0,0,3122,3642660564480,57.007783774038465,0.0
0,1,3122,3643053731022,57.013936846172626,4.885066576482745e-41
0,0,3123,3643449336832,57.02012809294872,0.0
0,1,3123,3644196282950,57.03181782962115,4.956392668316878e-41
0,0,3124,3644596171776,57.038076105769235,0.0
0,1,3124,3645338969017,57.04970091235039,5.220677558688538e-41
0,0,3125,3645737631744,57.05594,0.0
0,1,3125,3646132095855,57.062113379141,5.043413302951449e-41
0,0,3126,3646873126912,57.073710544871794,0.0
0,1,3126,3647613367918,57.08529534627279,5.013285385968466e-41
0,0,3127,3648008774144,57.091483469551285,0.0
0,1,3127,3648406456856,57.09770721992688,5.256690929221686e-41
0,0,3128,3649144697344,57.109260713141026,0.0
0,1,3128,3649538308954,57.11542075060722,4.96269851140634e-41
0,0,3129,3650280356864,57.127033830128205,0.0
0,1,3129,3650675633838,57.13321993060772,5.091898229817088e-41
0,0,3130,3651075185152,57.13947292467949,0.0
0,1,3130,3651818233378,57.15110165918595,5.045094861108639e-41
0,0,3131,3652216765440,57.15733870192308,0.0
0,1,3131,3652611483101,57.16351604913174,5.148790947468675e-41
0,0,3132,3653352923648,57.175119623397435,0.0
0,1,3132,3653748798254,57.1813150768417,4.99604941485727e-41
0,0,3133,3654489535488,57.19290764423077,0.0
0,1,3133,3654885982349,57.19911205348871,5.032483174929716e-41
0,0,3134,3655284482560,57.20534859775641,0.0
0,1,3134,3656023429597,57.21691314849071,4.948125007377362e-41
0,0,3135,3656762626560,57.22848161057693,0.0
0,1,3135,3657499086533,57.240007238659985,5.11123614862477e-41
0,0,3136,3657898998784,57.24626588141026,0.0
0,1,3136,3658636421153,57.25780657102927,5.072139921470108e-41
0,0,3137,3659035142144,57.264046570512825,0.0
0,1,3137,3659773840759,57.27560723343287,5.134217443439697e-41
0,0,3138,3660171526144,57.281831025641026,0.0
0,1,3138,3660911022808,57.293404178059895,4.859562944432033e-41
0,0,3139,3661307424768,57.299607884615384,0.0
0,1,3139,3661704293509,57.305818896312225,4.937615268894925e-41
0,0,3140,3662443320320,57.31738469551282,0.0
0,1,3140,3662836325312,57.32353523938301,4.986660715146294e-41
0,0,3141,3663573849600,57.33507752403846,0.0
0,1,3141,3663968230647,57.34124960322453,4.863206320439278e-41
0,0,3142,3664368374272,57.34751186698718,0.0
0,1,3142,3665105908318,57.35905430435572,5.045515250647936e-41
0,0,3143,3665505223168,57.36530359775641,0.0
0,1,3143,3666243263915,57.376853965015904,5.027858889997444e-41
0,0,3144,3666641756672,57.383090392628205,0.0
0,1,3144,3667386159903,57.394740333017204,5.025196422915226e-41
0,0,3145,3667783242752,57.40095469551282,0.0
0,1,3145,3668523733123,57.412543399486054,4.94237968367363e-41
0,0,3146,3668919567872,57.41873822916667,0.0
0,1,3146,3669661241309,57.4303454481702,5.030941746618958e-41
0,0,3147,3670061572608,57.436610649038464,0.0
0,1,3147,3670454395779,57.44275834740272,4.845409829942352e-41
0,0,3148,3671192553472,57.454310544871795,0.0
0,1,3148,3671586412735,57.46047445811737,5.004457205643219e-41
0,0,3149,3672328662528,57.472090697115384,0.0
0,1,3149,3672723969055,57.47827726010054,5.006979542879004e-41
0,0,3150,3673123355648,57.484527676282056,0.0
0,1,3150,3673861911417,57.496086103656474,5.101286929528064e-41
0,0,3151,3674259584000,57.50230969551282,0.0
0,1,3151,3674999583450,57.51389071655274,4.954290720620391e-41
0,0,3152,3675395616768,57.52008865384616,0.0
0,1,3152,3676136772140,57.53168776511168,4.9418191642879e-41
0,0,3153,3676878255104,57.54329200320513,0.0
0,1,3153,3677618755382,57.55488086222331,4.960596563709852e-41
0,0,3154,3678019752448,57.5611564823718,0.0
0,1,3154,3678417257214,57.56737744788537,5.03612655093696e-41
0,0,3155,3679155575296,57.57893215544872,0.0
0,1,3155,3679548928055,57.585088141886395,5.100306020603037e-41
0,0,3156,3680286228992,57.596626931089745,0.0
0,1,3156,3680680467312,57.60279677659255,4.961157083095582e-41
0,0,3157,3681081007616,57.609065248397435,0.0
0,1,3157,3681822945512,57.62067660619491,5.023654994604469e-41
0,0,3158,3682223147008,57.62693977564103,0.0
0,1,3158,3682615913114,57.633086580935746,5.012724866582736e-41
0,0,3159,3683353864704,57.644635552884615,0.0
0,1,3159,3683747248068,57.65079201829177,4.889270471875719e-41
0,0,3160,3684484889088,57.66233612980769,0.0
0,1,3160,3684878912770,57.6685026162172,4.866849696446522e-41
0,0,3161,3685279684608,57.67477471153846,0.0
0,1,3161,3686021524077,57.686384528949446,5.128892509275263e-41
0,0,3162,3686762885120,57.69798685897436,0.0
0,1,3162,3687508389788,57.70965403689654,4.908468260836969e-41
0,0,3163,3687904592384,57.71585462339744,0.0
0,1,3163,3688651054864,57.72753679111579,4.970966172345856e-41
0,0,3164,3689051876352,57.73380966346154,0.0
0,1,3164,3689449743576,57.74003630145733,4.926685140873192e-41
0,0,3165,3690187952128,57.7515892948718,0.0
0,1,3165,3690581789715,57.757752868887096,5.101847448913794e-41
0,0,3166,3691323556352,57.76936154647436,0.0
0,1,3166,3691718654820,57.77554485332782,5.002355257946732e-41
0,0,3167,3692465097728,57.78722671474359,0.0
0,1,3167,3692861422300,57.79342921017378,4.870913461993064e-41
0,0,3168,3693259706368,57.799662371794874,0.0
0,1,3168,3693998701113,57.81122766916128,5.013285385968466e-41
0,0,3169,3694396052992,57.817446241987184,0.0
0,1,3169,3695141457314,57.82911184949044,4.910570208533456e-41
0,0,3170,3695537866240,57.8353156650641,0.0
0,1,3170,3695940127093,57.841611063529776,4.914213584540701e-41
0,0,3171,3696679300608,57.853179158653845,0.0
0,1,3171,3697421209713,57.86479006587102,5.046636289419396e-41
0,0,3172,3697820492800,57.87103886217949,0.0
0,1,3172,3698563766756,57.88267112936949,4.946583579066604e-41
0,0,3173,3698961730048,57.888899270833335,0.0
0,1,3173,3699706158933,57.90054961270846,4.933551503348383e-41
0,0,3174,3700103044096,57.90676088141026,0.0
0,1,3174,3700499166981,57.91296022043082,4.903843975904697e-41
0,0,3175,3701238759936,57.924534879807695,0.0
0,1,3175,3701636435548,57.93075851906801,4.952749292309633e-41
0,0,3176,3702374995968,57.94231701923077,0.0
0,1,3176,3702768204692,57.948470751514925,4.953309811695363e-41
0,0,3177,3703164145664,57.954667243589746,0.0
0,1,3177,3703910595331,57.96634921078413,4.884506057097015e-41
0,0,3178,3704311410176,57.97262197916667,0.0
0,1,3178,3704714619117,57.978932215247525,5.147249519157918e-41
0,0,3179,3705453024256,57.99048828525641,0.0
0,1,3179,3705851969089,57.99673178787623,5.001234219175272e-41
0,0,3180,3706594408960,58.00835100160256,0.0
0,1,3180,3707338547039,58.01999679235214,5.183683279230363e-41
0,0,3181,3707735745536,58.02621296474359,0.0
0,1,3181,3708475901111,58.03779642914601,5.094000177513575e-41
0,0,3182,3708871400448,58.04398600961539,0.0
0,1,3182,3709269289568,58.05021299028446,4.842887492706568e-41
0,0,3183,3710007070720,58.0617592948718,0.0
0,1,3183,3710401515414,58.06793237013597,5.082509530106112e-41
0,0,3184,3711142586880,58.07953016826923,0.0
0,1,3184,3711538659568,58.085728721704726,5.013285385968466e-41
0,0,3185,3711937005568,58.0919628525641,0.0
0,1,3185,3712675969605,58.103527669349084,5.038789018019177e-41
0,0,3186,3713073004544,58.10974128205128,0.0
0,1,3186,3713818750900,58.12141224240034,4.975170067738831e-41
0,0,3187,3714214457856,58.12760507211539,0.0
0,1,3187,3714612129634,58.13382865137345,4.957934096627635e-41
0,0,3188,3715350108672,58.14537805288462,0.0
0,1,3188,3715744406686,58.151548832600916,4.951768383384606e-41
0,0,3189,3716486103552,58.16315641826923,0.0
0,1,3189,3717226117536,58.17473766676683,5.082089140566814e-41
0,0,3190,3717963323904,58.18627497596154,0.0
0,1,3190,3718357984989,58.19245143775353,4.944481631370117e-41
0,0,3191,3718757741568,58.19870764423077,0.0
0,1,3191,3719495430199,58.210252500860754,4.953309811695363e-41
0,0,3192,3719893263360,58.21647860576923,0.0
0,1,3192,3720632905106,58.228054028727215,4.98301733913905e-41
0,0,3193,3721029326848,58.234258044871794,0.0
0,1,3193,3721426209589,58.2404692756692,5.083070049491841e-41
0,0,3194,3722165072896,58.25203251602564,0.0
0,1,3194,3722558113898,58.258183623453775,5.022674085679442e-41
0,0,3195,3723295527936,58.26972418269231,0.0
0,1,3195,3723690069923,58.27589878059583,5.088815373195573e-41
0,0,3196,3724089950208,58.282156923076926,0.0
0,1,3196,3724827535615,58.29370016424717,4.990864610539268e-41
0,0,3197,3725226249216,58.29994004807693,0.0
0,1,3197,3725964921936,58.31150030573919,5.03780810909415e-41
0,0,3198,3726704304128,58.32307166666667,0.0
0,1,3198,3727102072227,58.32929675335224,5.074802388552325e-41
0,0,3199,3727840313344,58.340850256410256,0.0
0,1,3199,3728233749210,58.34700754347581,5.165466399194141e-41
0,0,3200,3728976014336,58.3586240224359,0.0
0,1,3200,3729371136559,58.364807701056066,5.086713425499086e-41
0,0,3201,3729770263040,58.37105404647436,0.0
0,1,3201,3730508479874,58.38260716950246,5.092458749202818e-41
0,0,3202,3730906317312,58.38883334134616,0.0
0,1,3202,3731651065079,58.40048867373736,4.886047485407772e-41
0,0,3203,3732047848960,58.406698357371795,0.0
0,1,3203,3732444138658,58.41290030702249,5.120624848335747e-41
0,0,3204,3733184313344,58.424484070512825,0.0
0,1,3204,3733581791737,58.43070462328789,5.109694720314013e-41
0,0,3205,3734320526848,58.442265857371794,0.0
0,1,3205,3734713961773,58.44842312971066,5.102407968299524e-41
0,0,3206,3735115068928,58.454700472756414,0.0
0,1,3206,3735862408386,58.466396365215594,5.158179647179652e-41
0,0,3207,3736603291648,58.47799121794872,0.0
0,1,3207,3736999805472,58.48419667518029,4.918977999319405e-41
0,0,3208,3737738932224,58.49576403846154,0.0
0,1,3208,3738131619143,58.50190960447654,4.923041764865947e-41
0,0,3209,3738869873152,58.51346330929487,0.0
0,1,3209,3739263832199,58.51962878416404,4.978393054206778e-41
0,0,3210,3740005703168,58.53123909455128,0.0
0,1,3210,3740401363423,58.53743119339381,5.114879524632015e-41
0,0,3211,3740800265728,58.54367403044872,0.0
0,1,3211,3741538851630,58.555232929405804,5.070598493159351e-41
0,0,3212,3741936001536,58.56144834134616,0.0
0,1,3212,3742676366989,58.57303509034768,5.063311741144862e-41
0,0,3213,3743072192000,58.579229767628206,0.0
0,1,3213,3743469732918,58.585451298922024,5.07732472578811e-41
0,0,3214,3744208350720,58.59701069711539,0.0
0,1,3214,3744601702253,58.603166664366114,5.073681349780865e-41
0,0,3215,3745338982400,58.61470512820513,0.0
0,1,3215,3745734089891,58.620888576268904,5.061770312834104e-41
0,0,3216,3746474485760,58.632475801282055,0.0
0,1,3216,3747220875202,58.64415682595278,5.03780810909415e-41
0,0,3217,3747621014528,58.6504190224359,0.0
0,1,3217,3748358455067,58.661959996416144,5.001234219175272e-41
0,0,3218,3748756492800,58.66818930288462,0.0
0,1,3218,3749151968461,58.674378512823644,4.957934096627635e-41
0,0,3219,3749891926528,58.68595888621795,0.0
0,1,3219,3750289573403,58.69218207574306,5.030941746618958e-41
0,0,3220,3750685738496,58.69838207532052,0.0
0,1,3220,3751426960758,58.70998223341722,5.064292650069889e-41
0,0,3221,3751826758144,58.71623907852564,0.0
0,1,3221,3752569555179,58.72786388188289,5.09035680150633e-41
0,0,3222,3752967987712,58.73409936698718,0.0
0,1,3222,3753362869393,58.74027928111541,5.011743957657708e-41
0,0,3223,3754103541760,58.751870833333335,0.0
0,1,3223,3754500035045,58.75807596912873,5.160281594876139e-41
0,0,3224,3755239243776,58.769644615384614,0.0
0,1,3224,3755981112555,58.78125489149827,5.040890965715664e-41
0,0,3225,3756380542976,58.78750599358975,0.0
0,1,3225,3757118487104,58.79905484875801,5.103388877224551e-41
0,0,3226,3757858094080,58.810629727564105,0.0
0,1,3226,3758255877010,58.81685504635542,5.001794738561002e-41
0,0,3227,3758994000384,58.82840670673077,0.0
0,1,3227,3759388015303,58.83457305599897,4.875117357386039e-41
0,0,3228,3759788388864,58.840838918269235,0.0
0,1,3228,3760530922563,58.85245960040753,5.086152906113356e-41
0,0,3229,3760929828352,58.85870249198718,0.0
0,1,3229,3761329584652,58.86495869409806,5.05756641744113e-41
0,0,3230,3762071662592,58.87657224358975,0.0
0,1,3230,3762466856797,58.882757048731094,5.119503809564287e-41
0,0,3231,3763207894016,58.89435431089744,0.0
0,1,3231,3763604056245,58.90055426565317,4.951768383384606e-41
0,0,3232,3764002639360,58.9067921073718,0.0
0,1,3232,3764741429763,58.91835420677772,5.133656924053967e-41
0,0,3233,3765139103232,58.924577812500004,0.0
0,1,3233,3765883987322,58.93623527835162,5.238333919339031e-41
0,0,3234,3766622589952,58.947794439102566,0.0
0,1,3234,3767015287469,58.953940170976686,5.096102125210062e-41
0,0,3235,3767753688064,58.9654961698718,0.0
0,1,3235,3768146696154,58.97164676222582,4.975170067738831e-41
0,0,3236,3768884143616,58.98318784455128,0.0
0,1,3236,3769278000413,58.98935171920385,5.135758871750455e-41
0,0,3237,3770020118528,59.0009658974359,0.0
0,1,3237,3770414640222,59.00714017775316,5.095541605824332e-41
0,0,3238,3770814610944,59.013399735576925,0.0
0,1,3238,3771557182421,59.02502100894243,5.033604213701175e-41
0,0,3239,3771956044288,59.031263213141024,0.0
0,1,3239,3772699692355,59.04290133518317,4.929908127341139e-41
0,0,3240,3773097435648,59.04912603365385,0.0
0,1,3240,3773492616430,59.05531062872471,4.964800459102827e-41
0,0,3241,3774233532416,59.06690599358974,0.0
0,1,3241,3774629542979,59.073103574766506,4.998151362553758e-41
0,0,3242,3775369861632,59.084689591346155,0.0
0,1,3242,3775766564761,59.09089801120856,5.062190702373402e-41
0,0,3243,3777200269312,59.113335544871795,0.0
0,1,3243,3777946939931,59.12502096997383,4.904264365443995e-41
0,0,3244,3778347293696,59.1312865224359,0.0
0,1,3244,3778740256201,59.13743640138284,4.950226955073849e-41
0,0,3245,3779477614592,59.14897608974359,0.0
0,1,3245,3779872036099,59.155148802130284,5.095541605824332e-41
0,0,3246,3780613477376,59.166752387820516,0.0
0,1,3246,3781009491542,59.17295002538437,4.975170067738831e-41
0,0,3247,3781407668736,59.17918151442308,0.0
0,1,3247,3782146945445,59.19075122453739,4.960596563709852e-41
0,0,3248,3782543764480,59.196961458333334,0.0
0,1,3248,3783284483842,59.20855374602489,5.081528621181084e-41
0,0,3249,3783685292032,59.214826410256414,0.0
0,1,3249,3784077913764,59.22097095609225,4.86054385335706e-41
0,0,3250,3784815462400,59.23251362179487,0.0
0,1,3250,3785210027996,59.23868858918019,4.973068120042343e-41
0,0,3251,3785951041024,59.25028547275641,0.0
0,1,3251,3786347683127,59.25649293755947,5.009642009961221e-41
0,0,3252,3787092469248,59.26814887019231,0.0
0,1,3252,3787485298315,59.2742966608292,4.923602284251677e-41
0,0,3253,3787881272320,59.280493669871795,0.0
0,1,3253,3788622930399,59.29210064852201,5.019451099211495e-41
0,0,3254,3789022807552,59.29835874198718,0.0
0,1,3254,3789760472382,59.30990322613056,4.983998248064077e-41
0,0,3255,3790158448128,59.316131562500004,0.0
0,1,3255,3790553971938,59.32232152597281,4.933971892887681e-41
0,0,3256,3791294259712,59.33390705929487,0.0
0,1,3256,3791691843138,59.340129255840594,5.060649274062644e-41
0,0,3257,3792430300672,59.351686145833334,0.0
0,1,3257,3792824181623,59.35785039849697,4.820887106816668e-41
0,0,3258,3793224411136,59.36411400641026,0.0
0,1,3258,3793961835220,59.37565472286909,5.059107845751887e-41
0,0,3259,3794360588288,59.38189522435898,0.0
0,1,3259,3795099359267,59.39345701977852,5.291583260983374e-41
0,0,3260,3795496783360,59.39967672275641,0.0
0,1,3260,3796237387649,59.41126720955091,4.918977999319405e-41
0,0,3261,3796638168064,59.41753943910257,0.0
0,1,3261,3797375617238,59.4290805482209,5.051260574351668e-41
0,0,3262,3797774353408,59.435320785256415,0.0
0,1,3262,3798513703984,59.44689165139223,5.082509530106112e-41
0,0,3263,3798910597632,59.453103052884614,0.0
0,1,3263,3799307234782,59.45931044017303,4.970966172345856e-41
0,0,3264,3800046633984,59.47088206730769,0.0
0,1,3264,3800439370003,59.47702840173966,4.990304091153539e-41
0,0,3265,3801176820736,59.48856953525641,0.0
0,1,3265,3801571582545,59.49474757338304,5.124268224342991e-41
0,0,3266,3801971179008,59.501001274038465,0.0
0,1,3266,3802709399973,59.512554461716874,5.106471733846066e-41
0,0,3267,3803106927104,59.51877577724359,0.0
0,1,3267,3803847252732,59.53036190298227,4.966902406799314e-41
0,0,3268,3804248025600,59.53663401442308,0.0
0,1,3268,3804640585382,59.542777590738936,5.01692876197571e-41
0,0,3269,3805377758720,59.55431438301282,0.0
0,1,3269,3806116896641,59.56588192108937,4.837562558542133e-41
0,0,3270,3806854550016,59.57742622596154,0.0
0,1,3270,3807249230526,59.58360299175556,4.919398388858703e-41
0,0,3271,3807989463552,59.59518766826923,0.0
0,1,3271,3808386999319,59.6014091189497,4.961157083095582e-41
0,0,3272,3808783343616,59.607611923076924,0.0
0,1,3272,3809524572524,59.6192121851838,5.064292650069889e-41
0,0,3273,3809924102144,59.62546483974359,0.0
0,1,3273,3810662147266,59.63701527547201,5.004457205643219e-41
0,0,3274,3811059398144,59.64323226762821,0.0
0,1,3274,3811455408753,59.649429849524864,4.965781368027854e-41
0,0,3275,3812194962432,59.661003894230774,0.0
0,1,3275,3812587600802,59.667148700451975,5.120624848335747e-41
0,0,3276,3812983734272,59.67334820512821,0.0
0,1,3276,3813725429502,59.68495576519306,5.024776033375929e-41
0,0,3277,3814125303808,59.69121381410257,0.0
0,1,3277,3814862869079,59.702756740143606,4.966341887413584e-41
0,0,3278,3815602499072,59.714331979166666,0.0
0,1,3278,3816000184737,59.720555775756836,5.034585122626203e-41
0,0,3279,3816738327040,59.732107732371794,0.0
0,1,3279,3817476233351,59.743655995702504,5.07732472578811e-41
0,0,3280,3818215424512,59.75522436698718,0.0
0,1,3280,3818607924159,59.761367002187875,4.996609934243e-41
0,0,3281,3819345869824,59.772915881410256,0.0
0,1,3281,3819740147446,59.77908634199094,4.960596563709852e-41
0,0,3282,3820140278272,59.78534840544872,0.0
0,1,3282,3820877569606,59.79688704436474,5.09035680150633e-41
0,0,3283,3821276420096,59.803129070512824,0.0
0,1,3283,3822015333277,59.81469309139936,4.871473981378794e-41
0,0,3284,3822412841472,59.82091411057692,0.0
0,1,3284,3822808740172,59.82710994109325,5.033043694315445e-41
0,0,3285,3823549233152,59.83869868589744,0.0
0,1,3285,3823946603171,59.84491754261506,5.143045623764944e-41
0,0,3286,3824343406592,59.85112753205129,0.0
0,1,3286,3825084467711,59.86272516825358,4.902722937133237e-41
0,0,3287,3825826386944,59.87433623397436,0.0
0,1,3287,3826222589790,59.880536824387775,4.903843975904697e-41
0,0,3288,3826962351616,59.892114126602564,0.0
0,1,3288,3827355005075,59.89825916896722,4.989323182228511e-41
0,0,3289,3827751384576,59.904462524038465,0.0
0,1,3289,3828492918756,59.91606756366436,5.014826814279223e-41
0,0,3290,3828892978176,59.92232850961538,0.0
0,1,3290,3829630382910,59.933868923245946,4.944481631370117e-41
0,0,3291,3830029051904,59.940108108974364,0.0
0,1,3291,3830423876333,59.946287127106494,5.058547326366157e-41
0,0,3292,3831164661248,59.95788044070513,0.0
0,1,3292,3831561751617,59.964094920889046,5.045094861108639e-41
0,0,3293,3832300622848,59.975658285256415,0.0
0,1,3293,3832694022010,59.981814997902895,5.014826814279223e-41
0,0,3294,3833094653440,59.98808489583333,0.0
0,1,3294,3833831844052,59.99962195844601,4.960036044324123e-41
0,0,3295,3834230102016,60.00585471153846,0.0
0,1,3295,3834969426476,60.017425168957836,5.106471733846066e-41
0,0,3296,3835364942336,60.023615008012825,0.0
0,1,3296,3836101704034,60.03514535810422,4.905945923601185e-41
0,0,3297,3836846544384,60.04680213942308,0.0
0,1,3297,3837239228602,60.052947663167316,4.94125864490217e-41
0,0,3298,3837976665600,60.06448858173077,0.0
0,1,3298,3838371487726,60.07066756382086,5.034585122626203e-41
0,0,3299,3838771047936,60.07692069711538,0.0
0,1,3299,3839509219151,60.088473106204304,4.999692790864515e-41
0,0,3300,3839906612224,60.09469232371795,0.0
0,1,3300,3840646586016,60.106272943209134,5.079987192870327e-41
0,0,3301,3841042397184,60.11246740384615,0.0
0,1,3301,3841439827022,60.118687196733525,4.944481631370117e-41
0,0,3302,3842177896960,60.13023802083333,0.0
0,1,3302,3842571741568,60.13640170472757,4.996609934243e-41
0,0,3303,3842972042240,60.142666426282055,0.0
0,1,3303,3843714719478,60.15428935481145,5.028419409383174e-41
0,0,3304,3844112838144,60.160519927884614,0.0
0,1,3304,3844852513867,60.17209588258401,5.144587052075701e-41
0,0,3305,3845248276992,60.17828959134616,0.0
0,1,3305,3845990177699,60.18990036713429,5.150332375779433e-41
0,0,3306,3846388762112,60.19613822916667,0.0
0,1,3306,3847128385283,60.20771336142516,4.899640080511723e-41
0,0,3307,3847865955328,60.219256362179486,0.0
0,1,3307,3848260854336,60.225436547475965,5.124828743728721e-41
0,0,3308,3849001317376,60.23702482371795,0.0
0,1,3308,3849398279566,60.243237297895384,5.001794738561002e-41
0,0,3309,3849795713024,60.2494571474359,0.0
0,1,3309,3850535874285,60.261040700824445,4.979373963131805e-41
0,0,3310,3850931458560,60.26723161057693,0.0
0,1,3310,3851329327768,60.273458279622396,5.164345360422681e-41
0,0,3311,3852066867712,60.28500080929487,0.0
0,1,3311,3852461653960,60.29117922989283,5.040330446329935e-41
0,0,3312,3853202457088,60.30277282852564,0.0
0,1,3312,3853599370019,60.308984531797755,5.045094861108639e-41
0,0,3313,3853996865024,60.31520534455128,0.0
0,1,3313,3854736876161,60.32678654849322,5.170651203512143e-41
0,0,3314,3855474101248,60.33832415064103,0.0
0,1,3314,3856213394778,60.349894124004656,5.015387333664953e-41
0,0,3315,3856610284544,60.35610546474359,0.0
0,1,3315,3857351122615,60.36769961023575,5.134637832978995e-41
0,0,3316,3857751678464,60.37396832532051,0.0
0,1,3316,3858488757783,60.385503646193285,5.118522900639259e-41
0,0,3317,3858887368704,60.39174192307693,0.0
0,1,3317,3859626536299,60.40330992555276,4.831396845299104e-41
0,0,3318,3860022793728,60.40951137019231,0.0
0,1,3318,3860420114711,60.41572945949457,5.095121216285035e-41
0,0,3319,3861158398464,60.4272836298077,0.0
0,1,3319,3861552145999,60.43344579450559,4.989323182228511e-41
0,0,3320,3862294046720,60.445056570512826,0.0
0,1,3320,3862689991584,60.4512531234976,4.982036430214022e-41
0,0,3321,3863088464896,60.45748924679487,0.0
0,1,3321,3863827686654,60.46905809692383,5.196154835562854e-41
0,0,3322,3864224251392,60.47526435096154,0.0
0,1,3322,3864965681751,60.48686776578463,4.994507986546513e-41
0,0,3323,3865706698752,60.49846471153846,0.0
0,1,3323,3866447946590,60.51006526990059,5.030381227233228e-41
0,0,3324,3866848082432,60.516327411858974,0.0
0,1,3324,3867585419441,60.52786676559057,5.007540062264734e-41
0,0,3325,3867983784448,60.53410119391026,0.0
0,1,3325,3868378841178,60.54028384756235,4.966341887413584e-41
0,0,3326,3869119111168,60.551869102564105,0.0
0,1,3326,3869516540853,60.55808889305702,5.009642009961221e-41
0,0,3327,3869913331200,60.564298677884615,0.0
0,1,3327,3870659421480,60.575975020658056,4.855779438578356e-41
0,0,3328,3871060201984,60.58224725160257,0.0
0,1,3328,3871797396610,60.59378437703451,5.137300300061212e-41
0,0,3329,3872195390464,60.600012996794874,0.0
0,1,3329,3872590969391,60.60620382285094,5.130013548046723e-41
0,0,3330,3873331335680,60.6177905849359,0.0
0,1,3330,3873728818053,60.62401119999812,4.932430464576924e-41
0,0,3331,3874467518976,60.63557189903846,0.0
0,1,3331,3874860756163,60.64172607676971,5.025756942300956e-41
0,0,3332,3875598298624,60.653268645833336,0.0
0,1,3332,3876337140635,60.66483155290653,5.080547712256057e-41
0,0,3333,3876734050816,60.671043213141026,0.0
0,1,3333,3877479959829,60.682716719078655,5.079987192870327e-41
0,0,3334,3877880748544,60.688989078525644,0.0
0,1,3334,3878622772356,60.70060178091196,5.094000177513575e-41
0,0,3335,3879021619712,60.70684375801282,0.0
0,1,3335,3879765577211,60.718486722678165,5.167007827504898e-41
0,0,3336,3880162585088,60.72469991185898,0.0
0,1,3336,3880558802856,60.73090073580229,4.963679420331367e-41
0,0,3337,3881298115584,60.742471009615386,0.0
0,1,3337,3881690840796,60.74861717491737,5.008520971189761e-41
0,0,3338,3882428389376,60.760159839743594,0.0
0,1,3338,3882822866459,60.76633342189691,5.039769926944205e-41
0,0,3339,3883222480384,60.772587395833334,0.0
0,1,3339,3883965503873,60.784215743204754,4.874556838000309e-41
0,0,3340,3884363628544,60.790446410256415,0.0
0,1,3340,3885102973146,60.80201718289889,4.937194879355628e-41
0,0,3341,3885499083776,60.808216330128204,0.0
0,1,3341,3886585145820,60.825213244628905,4.925704231948164e-41
0,0,3342,3887323080192,60.836761947115384,0.0
0,1,3342,3888061396662,60.84831662945087,5.175836007830144e-41
0,0,3343,3888458684928,60.85453420673077,0.0
0,1,3343,3889199231506,60.8661237903458,5.120624848335747e-41
0,0,3344,3889599508992,60.872388149038464,0.0
0,1,3344,3890337043810,60.88393059848883,4.97629110651029e-41
0,0,3345,3890734899712,60.89015705929487,0.0
0,1,3345,3891130454806,60.89634751236353,5.083070049491841e-41
0,0,3346,3891870686208,60.90793216346154,0.0
0,1,3346,3892268143715,60.91415238936987,4.959615654784825e-41
0,0,3347,3893006521344,60.92570802884615,0.0
0,1,3347,3893400459671,60.93187317944649,5.160701984415436e-41
0,0,3348,3893801026560,60.938142067307695,0.0
0,1,3348,3894538279157,60.94968009998811,5.053362522048155e-41
0,0,3349,3894936935936,60.955919094551284,0.0
0,1,3349,3895676183626,60.96748835051708,5.03668707032269e-41
0,0,3350,3897107600384,60.989890080128205,0.0
0,1,3350,3897502102252,60.99606405016777,5.116420952942772e-41
0,0,3351,3898243065344,61.00766015224359,0.0
0,1,3351,3898639630911,61.01386641925519,5.07844576455957e-41
0,0,3352,3899378332672,61.02542713141026,0.0
0,1,3352,3899771990390,61.0315878904685,5.09091732089206e-41
0,0,3353,3900172704256,61.03785907852564,0.0
0,1,3353,3900909588685,61.049391349362104,5.074802388552325e-41
0,0,3354,3901308482048,61.05563404647436,0.0
0,1,3354,3902047520802,61.067200032583386,4.972087211117316e-41
0,0,3355,3902444570112,61.07341387019231,0.0
0,1,3355,3903185573750,61.085010606814656,5.15187380409019e-41
0,0,3356,3903586280960,61.09128169070513,0.0
0,1,3356,3903978941216,61.09742683944311,5.071579402084378e-41
0,0,3357,3904716455424,61.108968966346154,0.0
0,1,3357,3905111056986,61.11514449660081,5.216053273756267e-41
0,0,3358,3905852562432,61.12674908653846,0.0
0,1,3358,3906597975415,61.138414829586715,5.082089140566814e-41
0,0,3359,3906993871872,61.144610625,0.0
0,1,3359,3907735573196,61.1562182804362,4.910009689147727e-41
0,0,3360,3908135309312,61.16247416666667,0.0
0,1,3360,3908873043989,61.17401974391839,5.254028462139469e-41
0,0,3361,3909270940672,61.18024684294872,0.0
0,1,3361,3909666374595,61.186435399686374,4.972087211117316e-41
0,0,3362,3910406229504,61.19801415865385,0.0
0,1,3362,3910803867928,61.20423721592047,5.05812693682686e-41
0,0,3363,3911542151168,61.21579137820513,0.0
0,1,3363,3911935826001,61.22195240511381,4.873575929075281e-41
0,0,3364,3912336545792,61.22822368589744,0.0
0,1,3364,3913073243033,61.2397530272342,4.938736307666385e-41
0,0,3365,3913472477184,61.24600105769231,0.0
0,1,3365,3914210939636,61.25755802465194,5.196715354948584e-41
0,0,3366,3914608668672,61.263782500000005,0.0
0,1,3366,3915692898287,61.28075073691344,5.146128480386458e-41
0,0,3367,3916091534336,61.28698940705129,0.0
0,1,3367,3916830767431,61.29855843460474,4.908468260836969e-41
0,0,3368,3917569476096,61.310119254807695,0.0
0,1,3368,3918307244581,61.32166536115598,5.043413302951449e-41
0,0,3369,3918705635328,61.327900192307695,0.0
0,1,3369,3919100747224,61.334083709309894,5.013705775507763e-41
0,0,3370,3919841760768,61.34568060096154,0.0
0,1,3370,3920238336290,61.35188702376928,5.060649274062644e-41
0,0,3371,3920983237632,61.36354475961539,0.0
0,1,3371,3921375831682,61.36968887222682,5.107592772617526e-41
0,0,3372,3921772495872,61.37589668269231,0.0
0,1,3372,3922513386961,61.3874916579183,4.912111636844214e-41
0,0,3373,3922914135552,61.39376338942308,0.0
0,1,3373,3923306821497,61.39990894019494,5.200358730955829e-41
0,0,3374,3924044471296,61.411453189102566,0.0
0,1,3374,3924438655660,61.41762219019181,5.021553046907982e-41
0,0,3375,3925180424192,61.4292308974359,0.0
0,1,3375,3925920362925,61.44081096825233,4.955972278777581e-41
0,0,3376,3926657883648,61.452353197115386,0.0
0,1,3376,3927401791652,61.463995387181996,5.167007827504898e-41
0,0,3377,3927799488000,61.47021935096154,0.0
0,1,3377,3928544555039,61.48187967997233,4.96213799202061e-41
0,0,3378,3928940777984,61.4880805849359,0.0
0,1,3378,3929681975661,61.49968035827637,5.002775647486029e-41
0,0,3379,3930082207232,61.505943998397434,0.0
0,1,3379,3930475368729,61.51209699157715,5.050279665426641e-41
0,0,3380,3931212897792,61.52363935096154,0.0
0,1,3380,3931607636552,61.529817028370395,5.031502266004688e-41
0,0,3381,3932348685824,61.54141447916667,0.0
0,1,3381,3932745244061,61.54762063146347,4.97573058712456e-41
0,0,3382,3933142941696,61.55384461538462,0.0
0,1,3382,3933882709229,61.56542200691419,4.874136448461011e-41
0,0,3383,3934278893568,61.57162230769231,0.0
0,1,3383,3935020227138,61.58322420776367,4.981475910828292e-41
0,0,3384,3935420133888,61.58948276442308,0.0
0,1,3384,3936157826967,61.60102769066444,5.026317461686686e-41
0,0,3385,3936897246208,61.612599631410255,0.0
0,1,3385,3937290148033,61.61874856071277,5.094560696899305e-41
0,0,3386,3938027650048,61.63029049679487,0.0
0,1,3386,3938422093306,61.63646354958559,4.99548889547154e-41
0,0,3387,3939163374080,61.64806462339744,0.0
0,1,3387,3939559693127,61.654267032361155,4.991845519464296e-41
0,0,3388,3939957702656,61.6604958974359,0.0
0,1,3388,3940697184421,61.67206881668482,5.064853169455619e-41
0,0,3389,3941093079552,61.67826459134616,0.0
0,1,3389,3941490469954,61.684483767058545,5.03780810909415e-41
0,0,3390,3942228676608,61.69603673076923,0.0
0,1,3390,3942622324601,61.702197337630835,4.856900477349816e-41
0,0,3391,3943364486144,61.71381219551282,0.0
0,1,3391,3943759848654,61.71999963463416,4.924583193176705e-41
0,0,3392,3944158621696,61.72624044871795,0.0
0,1,3392,3944902722104,61.737885649914865,5.020572137982955e-41
0,0,3393,3945640970752,61.749439270833335,0.0
0,1,3393,3946384146223,61.76106999672914,5.140383156682726e-41
0,0,3394,3946782110208,61.76729814903846,0.0
0,1,3394,3947521517195,61.77886989800869,4.835460610845646e-41
0,0,3395,3947917702656,61.785070216346156,0.0
0,1,3395,3948314949678,61.7912871481558,5.169670294587115e-41
0,0,3396,3949053248000,61.80284154647436,0.0
0,1,3396,3949446977885,61.80900343494905,5.161262503801166e-41
0,0,3397,3950189235712,61.82061979967949,0.0
0,1,3397,3950584298169,61.82680254295936,5.075222778091622e-41
0,0,3398,3950983619072,61.83305193108975,0.0
0,1,3398,3951721663493,61.844602355847485,5.044534341722909e-41
0,0,3399,3952119781888,61.85083292467949,0.0
0,1,3399,3952520315849,61.857101297216175,4.92206085594092e-41
0,0,3400,3953261256704,61.868697051282055,0.0
0,1,3400,3953657645848,61.87490055726663,5.042432394026422e-41
0,0,3401,3954396965888,61.88647094551282,0.0
0,1,3401,3954789739595,61.8926178697635,5.050279665426641e-41
0,0,3402,3955526821888,61.904153237179486,0.0
0,1,3402,3956266102062,61.91572300152119,4.969424744035099e-41
0,0,3403,3956662476288,61.92192627403846,0.0
0,1,3403,3957403681407,61.93352616384653,5.0570058980554e-41
0,0,3404,3957803595776,61.939784839743595,0.0
0,1,3404,3958541161936,61.951327779697515,4.935092931659141e-41
0,0,3405,3958939566080,61.95756282051282,0.0
0,1,3405,3959334334839,61.963740967407226,4.849053205949597e-41
0,0,3406,3960075252736,61.97533636217949,0.0
0,1,3406,3960471641799,61.98153986689641,5.094560696899305e-41
0,0,3407,3961211042304,61.99311151442308,0.0
0,1,3407,3961608682527,61.999334599844126,4.988202143457051e-41
0,0,3408,3962005325824,62.00554208333334,0.0
0,1,3408,3962750913415,62.017210559003786,5.005998633953977e-41
0,0,3409,3963146431488,62.02340043269231,0.0
0,1,3409,3963543667493,62.02961719208546,5.065834078380646e-41
0,0,3410,3964282183168,62.041174991987184,0.0
0,1,3410,3964675063898,62.04732359115209,4.938736307666385e-41
0,0,3411,3965413117440,62.05887415865385,0.0
0,1,3411,3966155728201,62.070496046815535,5.095121216285035e-41
0,0,3412,3966896325632,62.08208642628205,0.0
0,1,3412,3967292829341,62.088291725213466,5.148230428082945e-41
0,0,3413,3968032076800,62.099860977564106,0.0
0,1,3413,3968424295882,62.10599922191131,5.155517180097434e-41
0,0,3414,3968820773888,62.112204118589744,0.0
0,1,3414,3969566417720,62.1238734744341,5.200919250341559e-41
0,0,3415,3969967119872,62.13014447916667,0.0
0,1,3415,3970708973730,62.141754521766075,5.006979542879004e-41
0,0,3416,3971107827712,62.147996602564106,0.0
0,1,3416,3971507452525,62.154250746898164,5.039349537404907e-41
0,0,3417,3972248928768,62.165854879807696,0.0
0,1,3417,3972644629952,62.17204761919071,4.96325903079207e-41
0,0,3418,3973384793600,62.183631209935896,0.0
0,1,3418,3973782177548,62.18985028464293,5.130013548046723e-41
0,0,3419,3974179043840,62.196061258012826,0.0
0,1,3419,3974919662170,62.207651964549534,5.049719146040911e-41
0,0,3420,3975320158208,62.21391974358975,0.0
0,1,3420,3976057160632,62.225453861052685,4.964800459102827e-41
0,0,3421,3976797185536,62.23703528044872,0.0
0,1,3421,3977194667265,62.24325588543232,4.92150033655519e-41
0,0,3422,3977932968960,62.25481033653846,0.0
0,1,3422,3978326493233,62.26096900717711,5.033043694315445e-41
0,0,3423,3978727635456,62.26724689903846,0.0
0,1,3423,3979469433249,62.278856064218374,4.96269851140634e-41
0,0,3424,3979869198336,62.285112403846156,0.0
0,1,3424,3980612183325,62.29674014869103,4.943360592598657e-41
0,0,3425,3981010746368,62.302977676282055,0.0
0,1,3425,3981405134009,62.30914985866449,5.022674085679442e-41
0,0,3426,3982146159104,62.320746931089744,0.0
0,1,3426,3982542579213,62.32695092167781,4.980354872056832e-41
0,0,3427,3983281976320,62.33852251602564,0.0
0,1,3427,3983674391866,62.34466383504232,4.926264751333894e-41
0,0,3428,3984070631424,62.350865,0.0
0,1,3428,3984817012396,62.36254589211489,5.006419023493274e-41
0,0,3429,3985558920192,62.37415677884616,0.0
0,1,3429,3985953882617,62.38033795662122,5.159721075490409e-41
0,0,3430,3986694564864,62.39192966346154,0.0
0,1,3430,3987435234551,62.40352117373736,5.050840184812371e-41
0,0,3431,3987835971072,62.40979271634615,0.0
0,1,3431,3988572914245,62.42132590652857,4.871473981378794e-41
0,0,3432,3988971971584,62.4275711698718,0.0
0,1,3432,3989366545399,62.43374626588479,5.087834464270546e-41
0,0,3433,3990107655168,62.44534466346154,0.0
0,1,3433,3990504354116,62.45155301789113,5.064853169455619e-41
0,0,3434,3990901908480,62.45777475961539,0.0
0,1,3434,3991641960595,62.46935660486466,5.017909670900737e-41
0,0,3435,3992037721600,62.47555028044872,0.0
0,1,3435,3992784646661,62.48723968757825,5.075783297477352e-41
0,0,3436,3993184992256,62.49350511217949,0.0
0,1,3436,3993577888694,62.499653957175234,5.180600422608849e-41
0,0,3437,3994315380224,62.511195729166666,0.0
0,1,3437,3994710053602,62.5173723833446,4.955972278777581e-41
0,0,3438,3995451343872,62.52897360576923,0.0
0,1,3438,3996192287713,62.540569406566135,5.101286929528064e-41
0,0,3439,3996933789696,62.5521739423077,0.0
0,1,3439,3997330143543,62.558376895892806,5.248843657821467e-41
0,0,3440,3998069414912,62.5699465224359,0.0
0,1,3440,3998462436453,62.576097325298605,5.040890965715664e-41
0,0,3441,3999200043520,62.58764090544872,0.0
0,1,3441,3999594823582,62.59381922923553,5.039769926944205e-41
0,0,3442,3999994404352,62.60007268429487,0.0
0,1,3442,4000732618999,62.61162577309633,5.024215513990199e-41
0,0,3443,4001130497024,62.61785258012821,0.0
0,1,3443,4001526010019,62.624042374345834,4.852136062571112e-41
0,0,3444,4002266385920,62.63562928685898,0.0
0,1,3444,4002663508978,62.641844278627055,5.116981472328502e-41
0,0,3445,4003401822208,62.65339891025641,0.0
0,1,3445,4003795801380,62.65956470008263,5.040890965715664e-41
0,0,3446,4004542572544,62.67125169871795,0.0
0,1,3446,4004939066019,62.67745683748686,4.976711496049588e-41
0,0,3447,4005336851968,62.68368220352564,0.0
0,1,3447,4006077193711,62.69526858146472,4.96269851140634e-41
0,0,3448,4006819444736,62.706884839743594,0.0
0,1,3448,4007559211757,62.718462223260346,4.953870331081093e-41
0,0,3449,4007955109888,62.724658044871795,0.0
0,1,3449,4008697125449,62.73627061812964,4.906926832526212e-41
0,0,3450,4009096235008,62.74251669871795,0.0
0,1,3450,4009490860528,62.74869260391627,5.128892509275263e-41
0,0,3451,4010231670272,62.760286306089746,0.0
0,1,3451,4010628949316,62.76650373904497,4.866849696446522e-41
0,0,3452,4011025671168,62.77271245192308,0.0
0,1,3452,4011766998699,62.78431425748385,5.162803932111924e-41
0,0,3453,4012166764032,62.79057060096154,0.0
0,1,3453,4012904986095,62.8021238058237,5.13099445697175e-41
0,0,3454,4013302276608,62.80834141826923,0.0
0,1,3454,4014043218758,62.81993719260191,4.908468260836969e-41
0,0,3455,4014443036672,62.82619435897436,0.0
0,1,3455,4014837038840,62.83236050868891,4.895996704504478e-41
0,0,3456,4015578550272,62.84396519230769,0.0
0,1,3456,4016319561208,62.85556204314403,4.945462540295144e-41
0,0,3457,4016719689216,62.8618240625,0.0
0,1,3457,4017457566041,62.873371864373624,4.97573058712456e-41
0,0,3458,4017855400960,62.87959799679487,0.0
0,1,3458,4018251132152,62.88579120580429,4.937615268894925e-41
0,0,3459,4018991056896,62.89737105769231,0.0
0,1,3459,4019389121626,62.90360078666492,5.107032253231796e-41
0,0,3460,4019785020416,62.909796618589745,0.0
0,1,3460,4020527078299,62.92140985418858,5.022113566293712e-41
0,0,3461,4020925896704,62.92765137820513,0.0
0,1,3461,4021664805112,62.939215324394034,4.938175788280655e-41
0,0,3462,4022061467136,62.94542310096154,0.0
0,1,3462,4022458540191,62.951637310180665,4.92262137532665e-41
0,0,3463,4023197135360,62.96319635416667,0.0
0,1,3463,4023590883294,62.96935852510892,4.913653065154971e-41
0,0,3464,4024332538368,62.98096545673077,0.0
0,1,3464,4024728274210,62.987158738512875,4.836021130231376e-41
0,0,3465,4025467963392,62.998734903846156,0.0
0,1,3465,4026204912136,63.01026818121495,4.933551503348383e-41
0,0,3466,4026944805376,63.0218475400641,0.0
0,1,3466,4027687048968,63.033463682016226,5.019451099211495e-41
0,0,3467,4028086366720,63.03971302083333,0.0
0,1,3467,4028824740953,63.051268607162086,4.957934096627635e-41
0,0,3468,4029222007296,63.05748584134616,0.0
0,1,3468,4029618427900,63.06368983968099,5.061770312834104e-41
0,0,3469,4030357645312,63.07525862179487,0.0
0,1,3469,4030750804783,63.0814115832676,4.856339957964086e-41
0,0,3470,4031487302144,63.09293779647436,0.0
0,1,3470,4031883349093,63.09913594709348,5.035706161397663e-41
0,0,3471,4032628476416,63.11079721955129,0.0
0,1,3471,4033021150137,63.116942579017056,4.872595020150254e-41
0,0,3472,4033416726016,63.1231333573718,0.0
0,1,3472,4034153522415,63.13466425053523,5.130574067432453e-41
0,0,3473,4034552414720,63.140906931089745,0.0
0,1,3473,4034947077794,63.147083424009665,5.203441587577343e-41
0,0,3474,4036035272192,63.1641137099359,0.0
0,1,3474,4036429107106,63.170277242118644,4.90118150882248e-41
0,0,3475,4037171533312,63.18189624198718,0.0
0,1,3475,4037566685423,63.18808038835574,5.011183438271978e-41
0,0,3476,4038307621888,63.19967607371795,0.0
0,1,3476,4038704393282,63.20588556193034,5.048738237115883e-41
0,0,3477,4039102119424,63.212109991987184,0.0
0,1,3477,4039842400672,63.223695423177084,5.029960837693931e-41
0,0,3478,4040238275584,63.229890881410256,0.0
0,1,3478,4040980194542,63.24150194282728,5.159721075490409e-41
0,0,3479,4041379930624,63.24775782852564,0.0
0,1,3479,4041773774503,63.25392150101099,4.998151362553758e-41
0,0,3480,4042516393984,63.26554352564103,0.0
0,1,3480,4042911664104,63.27172951885517,5.063872260530591e-41
0,0,3481,4043652539904,63.283324254807695,0.0
0,1,3481,4044049700161,63.28953982874161,5.087273944884816e-41
0,0,3482,4044447147520,63.295759895833335,0.0
0,1,3482,4045531917379,63.31273658758702,5.100866539988767e-41
0,0,3483,4046271629824,63.324313116987184,0.0
0,1,3483,4046664170871,63.330456400099536,5.129453028660993e-41
0,0,3484,4047060457472,63.33665830128205,0.0
0,1,3484,4047801687757,63.34825858493903,5.03612655093696e-41
0,0,3485,4048201807872,63.35452048076923,0.0
0,1,3485,4048939323938,63.36606263675005,5.054903950358913e-41
0,0,3486,4049337756672,63.372298125,0.0
0,1,3486,4049732752337,63.3784798229824,5.119083420024989e-41
0,0,3487,4050473728000,63.39007612179488,0.0
0,1,3487,4050870424349,63.39628443555001,5.221658467613566e-41
0,0,3488,4051609654784,63.407853421474364,0.0
0,1,3488,4052002624597,63.41400341479179,4.993386947775053e-41
0,0,3489,4052398369280,63.4201968349359,0.0
0,1,3489,4053140305838,63.43180817179362,5.046636289419396e-41
0,0,3490,4053539625984,63.43805754807693,0.0
0,1,3490,4053933690193,63.4442246687356,5.127351080964506e-41
0,0,3491,4054675543552,63.455834703525646,0.0
0,1,3491,4055415666265,63.467417653636446,5.012724866582736e-41
0,0,3492,4055811607040,63.47361414262821,0.0
0,1,3492,4056553639854,63.48522698589618,5.120064328950017e-41
0,0,3493,4056953425408,63.491483645833334,0.0
0,1,3493,4057347300691,63.49764780979255,5.194613407252097e-41
0,0,3494,4058089562624,63.50926423878205,0.0
0,1,3494,4058485114538,63.51545464208358,4.948125007377362e-41
0,0,3495,4058884327424,63.52170233974359,0.0
0,1,3495,4059622714875,63.53325813293457,5.020572137982955e-41
0,0,3496,4060020585984,63.53948483173077,0.0
0,1,3496,4060760293204,63.55106127935948,4.951768383384606e-41
0,0,3497,4061156598272,63.55726346955128,0.0
0,1,3497,4061553847544,63.56348043657352,5.07732472578811e-41
0,0,3498,4062292617728,63.575042219551285,0.0
0,1,3498,4062685988907,63.5811984942627,5.122726796032234e-41
0,0,3499,4063422995968,63.59273268429487,0.0
0,1,3499,4063817952604,63.59891377147186,4.979373963131805e-41
0,0,3500,4064559147008,63.61051349358974,0.0
0,1,3500,4064955574967,63.61671760703062,4.874136448461011e-41
0,0,3501,4065694998528,63.62828961538462,0.0
0,1,3501,4066432084875,63.63982504624587,5.104930305535309e-41
0,0,3502,4067171891200,63.6514030448718,0.0
0,1,3502,4067569663196,63.65762819254557,5.072139921470108e-41
0,0,3503,4067966140416,63.663833076923076,0.0
0,1,3503,4068706951222,63.6754267957169,4.885486966022042e-41
0,0,3504,4069107446272,63.681694559294876,0.0
0,1,3504,4069844495234,63.69322940507938,5.052381613123128e-41
0,0,3505,4070243798528,63.69947851762821,0.0
0,1,3505,4070638034743,63.70564833018768,4.994507986546513e-41
0,0,3506,4071380337152,63.71726539262821,0.0
0,1,3506,4071775776898,63.723454040496044,4.988202143457051e-41
0,0,3507,4072174833152,63.729699286858974,0.0
0,1,3507,4072913568735,63.741260528329704,5.088815373195573e-41
0,0,3508,4073311102464,63.74748194711539,0.0
0,1,3508,4074051323693,63.75906643900554,4.939717216591413e-41
0,0,3509,4074446844928,63.76525636217949,0.0
0,1,3509,4074839503027,63.77140147716033,5.210307950052535e-41
0,0,3510,4075576834048,63.78294073717949,0.0
0,1,3510,4076316004245,63.79450878037673,4.960596563709852e-41
0,0,3511,4076712388096,63.80071220352564,0.0
0,1,3511,4077453693163,63.812313657523916,5.050840184812371e-41
0,0,3512,4077853608448,63.818572347756415,0.0
0,1,3512,4078591292473,63.83011713230231,4.930328516880436e-41
0,0,3513,4078989693440,63.83635212339744,0.0
0,1,3513,4079384821215,63.842535888906625,4.896557223890208e-41
0,0,3514,4080126133248,63.85413745192308,0.0
0,1,3514,4080522812735,63.860345501787236,4.967883315724341e-41
0,0,3515,4081262181376,63.871916650641026,0.0
0,1,3515,4081654936685,63.878063286962266,5.024776033375929e-41
0,0,3516,4082051017216,63.88426196314103,0.0
0,1,3516,4082793062339,63.89587499904535,5.098204072906549e-41
0,0,3517,4083192375296,63.902124262820514,0.0
0,1,3517,4083930735380,63.913679627716846,5.027858889997444e-41
0,0,3518,4084328227840,63.919900400641026,0.0
0,1,3518,4085068187743,63.93148080276881,4.926264751333894e-41
0,0,3519,4085805444608,63.943018902243594,0.0
0,1,3519,4086200054682,63.94919456571139,4.945042150755847e-41
0,0,3520,4086941202944,63.96079356570513,0.0
0,1,3520,4087337618152,63.96699747959235,5.019030709672197e-41
0,0,3521,4088076887552,63.97856707532051,0.0
0,1,3521,4088469576731,63.9847126767046,5.03668707032269e-41
0,0,3522,4088865717248,63.99091229166667,0.0
0,1,3522,4089606928739,64.00251228119679,4.998151362553758e-41
0,0,3523,4090006928896,64.00877229967949,0.0
0,1,3523,4090749627597,64.0203955641057,5.195734446023557e-41
0,0,3524,4091148712960,64.02664126602565,0.0
0,1,3524,4091542802558,64.03280878402319,4.914213584540701e-41
0,0,3525,4092285066752,64.04442524839743,0.0
0,1,3525,4092679969223,64.05060548789,5.117962381253529e-41
0,0,3526,4093421474816,64.06221008012821,0.0
0,1,3526,4093817534231,64.06840842584072,4.935092931659141e-41
0,0,3527,4094557347328,64.07998653044872,0.0
0,1,3527,4094949950034,64.0861307785269,5.004457205643219e-41
0,0,3528,4095687967744,64.09768078525641,0.0
0,1,3528,4096426239276,64.1092347643104,4.898098652200966e-41
0,0,3529,4096824269312,64.11546395032052,0.0
0,1,3529,4097564243070,64.1270445692796,5.113898615706987e-41
0,0,3530,4097960182272,64.13324103365385,0.0
0,1,3530,4098357879342,64.13946500873273,4.996609934243e-41
0,0,3531,4099095906304,64.1510151602564,0.0
0,1,3531,4099489987422,64.15718254554162,5.121605757260774e-41
0,0,3532,4100231598080,64.16878878205128,0.0
0,1,3532,4100627810988,64.1749895299354,5.066394597766376e-41
0,0,3533,4101025789952,64.18121791666667,0.0
0,1,3533,4101765513218,64.19279461541592,5.153415232400947e-41
0,0,3534,4102161248256,64.19898788461539,0.0
0,1,3534,4102903278417,64.2106006863638,4.943921111984387e-41
0,0,3535,4103302359552,64.21684632211539,0.0
0,1,3535,4103696824054,64.22301970737556,5.011183438271978e-41
0,0,3536,4104437995520,64.23461907051282,0.0
0,1,3536,4105179055609,64.24621669059557,4.899640080511723e-41
0,0,3537,4105579300352,64.25248053685898,0.0
0,1,3537,4106316626765,64.26401972476275,4.985679806221267e-41
0,0,3538,4106715189248,64.27025724358974,0.0
0,1,3538,4107459711158,64.28190904130985,5.17163211243717e-41
0,0,3539,4107856122880,64.28811290064102,0.0
0,1,3539,4108597265929,64.29971181905111,4.996609934243e-41
0,0,3540,4108997006336,64.3059677724359,0.0
0,1,3540,4109735074138,64.31751856310723,5.024776033375929e-41
0,0,3541,4110132745216,64.32374213141026,0.0
0,1,3541,4110528745734,64.32993955538237,5.062751221759132e-41
0,0,3542,4111268295168,64.34151353365385,0.0
0,1,3542,4111660787765,64.34765605852176,5.196154835562854e-41
0,0,3543,4112398825472,64.35920637820513,0.0
0,1,3543,4112792811371,64.36537227330918,4.923041764865947e-41
0,0,3544,4113193033728,64.37163576923078,0.0
0,1,3544,4113930656959,64.38317960234814,4.887168524179232e-41
0,0,3545,4114328524800,64.38940625000001,0.0
0,1,3545,4115068745234,64.40099072944837,5.099745501217307e-41
0,0,3546,4115811327488,64.41261217147436,0.0
0,1,3546,4116551120651,64.42418996411446,4.955411759391851e-41
0,0,3547,4116947002880,64.43038553685898,0.0
0,1,3547,4117344611006,64.4366081199607,4.991425129924998e-41
0,0,3548,4118082779648,64.44816048878205,0.0
0,1,3548,4118476881894,64.4543282047213,4.969004354495801e-41
0,0,3549,4118876854272,64.46058778846154,0.0
0,1,3549,4119614527296,64.47213240084135,4.905385404215455e-41
0,0,3550,4120012560384,64.47836163461538,0.0
0,1,3550,4120752055447,64.48993476197855,5.232168206096002e-41
0,0,3551,4121148193280,64.4961343349359,0.0
0,1,3551,4121889542626,64.5077364819023,5.017909670900737e-41
0,0,3552,4122289537024,64.51399641025641,0.0
0,1,3552,4122682979222,64.52015379641801,4.968443835110071e-41
0,0,3553,4123420099584,64.53168975961539,0.0
0,1,3553,4123815019200,64.53787026742789,4.969985263420829e-41
0,0,3554,4124214366720,64.54412007211539,0.0
0,1,3554,4124952702490,64.55567505649665,5.081528621181084e-41
0,0,3555,4125691959808,64.56724446314102,0.0
0,1,3555,4126433837330,64.57885487608299,5.029400318308201e-41
0,0,3556,4126833214464,64.58510514423077,0.0
0,1,3556,4127226900143,64.59126634087978,5.002355257946732e-41
0,0,3557,4127969401344,64.60288651442308,0.0
0,1,3557,4128363896320,64.60906037660257,4.982036430214022e-41
0,0,3558,4129105399296,64.62066492788462,0.0
0,1,3558,4129501114709,64.62685788995205,4.939296827052115e-41
0,0,3559,4129899940864,64.6330995352564,0.0
0,1,3559,4130643820226,64.64474127707457,4.968443835110071e-41
0,0,3560,4131041488896,64.6509648076923,0.0
0,1,3560,4131786354221,64.66262197987092,5.239454958110491e-41
0,0,3561,4132183170560,64.66883217147436,0.0
0,1,3561,4132928699807,64.68049973405887,5.204983015888101e-41
0,0,3562,4133324708864,64.68669729166668,0.0
0,1,3562,4133721890623,64.69291320210775,4.933971892887681e-41
0,0,3563,4134460640768,64.70447467147436,0.0
0,1,3563,4134853760629,64.710627013049,4.869372033682307e-41
0,0,3564,4135591172096,64.72216753205129,0.0
0,1,3564,4136329968986,64.73372973297901,4.929908127341139e-41
0,0,3565,4136727144448,64.7399455448718,0.0
0,1,3565,4137467380894,64.7515302749086,5.041871874640692e-41
0,0,3566,4137863306752,64.75772653044872,0.0
0,1,3566,4138260810821,64.76394748505422,5.063872260530591e-41
0,0,3567,4138999254016,64.77550415064103,0.0
0,1,3567,4139392720256,64.7816619130609,5.130013548046723e-41
0,0,3568,4140134879744,64.79327673878205,0.0
0,1,3568,4140530354905,64.79946594089606,5.031502266004688e-41
0,0,3569,4140929068032,64.8057058173077,0.0
0,1,3569,4141667880477,64.8172682616718,4.950647344613146e-41
0,0,3570,4142064549376,64.82347614583334,0.0
0,1,3570,4142805385079,64.8350702542662,5.13211549574321e-41
0,0,3571,4143205668352,64.84133470352565,0.0
0,1,3571,4143598713110,64.84748586973532,4.888709952489989e-41
0,0,3572,4144335632896,64.85901869391026,0.0
0,1,3572,4145075288058,64.87059432682918,5.126930691425208e-41
0,0,3573,4145471479808,64.87679474358974,0.0
0,1,3573,4146212984657,64.88839932418432,5.051260574351668e-41
0,0,3574,4146954489856,64.90000391025642,0.0
0,1,3574,4147350655134,64.90620391272911,4.913653065154971e-41
0,0,3575,4147749019648,64.91243833333334,0.0
0,1,3575,4148488284654,64.92400786029522,5.079987192870327e-41
0,0,3576,4148885138432,64.93021863782052,0.0
0,1,3576,4149625921857,64.94181192810059,5.112217057549798e-41
0,0,3577,4150026607104,64.94808266826924,0.0
0,1,3577,4150419373300,64.95422947497246,5.158600036718949e-41
0,0,3578,4151157126144,64.96577533653846,0.0
0,1,3578,4151551585823,64.97194864631848,4.88030216170404e-41
0,0,3579,4151951386624,64.9782055448718,0.0
0,1,3579,4152689271156,64.98975346736027,4.993386947775053e-41
0,0,3580,4153086705664,64.99597333333334,0.0
0,1,3580,4153826949313,65.00755817609738,5.001794738561002e-41
0,0,3581,4154227664384,65.01382938301282,0.0
0,1,3581,4154964611611,65.02536263664051,5.014826814279223e-41
0,0,3582,4155704797184,65.03694657051282,0.0
0,1,3582,4156451265835,65.04862883480757,5.078866154098867e-41
0,0,3583,4156851523072,65.05489287660257,0.0
0,1,3583,4157593875095,65.06651071550418,5.11067562923904e-41
0,0,3584,4157992779776,65.0727535897436,0.0
0,1,3584,4158387212360,65.07892647548577,4.954290720620391e-41
0,0,3585,4159128715264,65.09053102564103,0.0
0,1,3585,4159524464537,65.09672451761881,4.918417479933675e-41
0,0,3586,4159922897920,65.10296001602565,0.0
0,1,3586,4160661851363,65.1145246670141,5.140383156682726e-41
0,0,3587,4161058663936,65.12073479967948,0.0
0,1,3587,4161804681814,65.13241000935872,5.108573681542553e-41
0,0,3588,4162200231936,65.13860038461539,0.0
0,1,3588,4162597821944,65.14482268416967,4.92206085594092e-41
0,0,3589,4163336035840,65.15637576121794,0.0
0,1,3589,4163729488682,65.16253331395859,4.948125007377362e-41
0,0,3590,4164472022016,65.17415399038461,0.0
0,1,3590,4165216519229,65.18580540159569,4.904264365443995e-41
0,0,3591,4165613326848,65.19201545673077,0.0
0,1,3591,4166353977232,65.20360666491386,5.046636289419396e-41
0,0,3592,4166754766848,65.20987903846154,0.0
0,1,3592,4167491531489,65.221409434611,5.011743957657708e-41
0,0,3593,4167890936320,65.22766013621795,0.0
0,1,3593,4168284849297,65.23382489008976,4.858441905660573e-41
0,0,3594,4169026968576,65.24543908653847,0.0
0,1,3594,4169422462428,65.25162858116737,5.20666457404529e-41
0,0,3595,4170168830464,65.26330927083333,0.0
0,1,3595,4170565395797,65.26951553418282,5.050840184812371e-41
0,0,3596,4170963428352,65.27574475961539,0.0
0,1,3596,4171702876311,65.28731714979905,4.947564487991632e-41
0,0,3597,4172099385344,65.29352253205128,0.0
0,1,3597,4172496270922,65.29973380724785,5.034164733086905e-41
0,0,3598,4173235498496,65.31130274839744,0.0
0,1,3598,4173628456819,65.3174525618959,4.98245681975332e-41
0,0,3599,4174365813760,65.3289922275641,0.0
0,1,3599,4174760780460,65.33517347224308,5.139962767143429e-41
0,0,3600,4175848664576,65.35219890224359,0.0
0,1,3600,4176242636198,65.35836457391201,4.955972278777581e-41
0,0,3601,4176984250368,65.36997086538462,0.0
0,1,3601,4177380028152,65.3761648035607,5.100306020603037e-41
0,0,3602,4177778417664,65.38239961538461,0.0
0,1,3602,4178517638739,65.3939684548246,5.055464469744643e-41
0,0,3603,4178914076672,65.40017272435898,0.0
0,1,3603,4179655165850,65.41177079968575,5.243098334117736e-41
0,0,3604,4180055041024,65.41802886217948,0.0
0,1,3604,4180448470350,65.42418604689378,5.117541991714232e-41
0,0,3605,4181190908416,65.43580523237179,0.0
0,1,3605,4181586171037,65.44199110822629,5.109694720314013e-41
0,0,3606,4182326854656,65.45358283653846,0.0
0,1,3606,4182723672037,65.45979304444924,5.103949396610281e-41
0,0,3607,4183121316352,65.46601619391026,0.0
0,1,3607,4183861313855,65.47759718447955,4.918977999319405e-41
0,0,3608,4184257166848,65.4837922996795,0.0
0,1,3608,4184999113362,65.49540379234901,5.028839798922471e-41
0,0,3609,4185739807744,65.50699568910257,0.0
0,1,3609,4186486176174,65.51867638493465,4.852136062571112e-41
0,0,3610,4186886819840,65.52494647435897,0.0
0,1,3610,4187279479633,65.53109161585098,5.114879524632015e-41
0,0,3611,4188017067520,65.54263489583333,0.0
0,1,3611,4188411859597,65.54881340765537,4.909589299608429e-41
0,0,3612,4189152927232,65.56041114583334,0.0
0,1,3612,4189549627869,65.56661952669585,5.109694720314013e-41
0,0,3613,4189947348992,65.57284387820513,0.0
0,1,3613,4190687159596,65.58442194379758,5.015387333664953e-41
0,0,3614,4191083139072,65.59061903846154,0.0
0,1,3614,4191824842881,65.60222673278808,5.052802002662425e-41
0,0,3615,4192224491520,65.60848125,0.0
0,1,3615,4192618260013,65.61464374269143,4.936073840584168e-41
0,0,3616,4193360562688,65.62626080929488,0.0
0,1,3616,4193755709309,65.63244486974472,5.03724758970842e-41
0,0,3617,4194496239616,65.64403419871795,0.0
0,1,3617,4195237546104,65.65563567495494,5.032483174929716e-41
0,0,3618,4195637692928,65.66189798878206,0.0
0,1,3618,4196375441869,65.67344378926595,5.053923041433885e-41
0,0,3619,4197115231744,65.68502153044872,0.0
0,1,3619,4197513118497,65.69124847407414,4.881843590014798e-41
0,0,3620,4197909712896,65.6974551923077,0.0
0,1,3620,4198650653295,65.70905093923716,4.92262137532665e-41
0,0,3621,4199051416576,65.71532290064103,0.0
0,1,3621,4199444156446,65.7214692953413,5.060088754676914e-41
0,0,3622,4200181941760,65.7330156650641,0.0
0,1,3622,4200576372561,65.73918852290227,4.96269851140634e-41
0,0,3623,4201318156800,65.75079747596153,0.0
0,1,3623,4201714353315,65.75699796729455,5.033043694315445e-41
0,0,3624,4202112502272,65.76322901442308,0.0
0,1,3624,4202852159482,65.77480467939328,5.110255239699743e-41
0,0,3625,4203248170496,65.78100226762821,0.0
0,1,3625,4203990018388,65.79261221685948,5.021132657368685e-41
0,0,3626,4204389686272,65.79886703525641,0.0
0,1,3626,4204783724286,65.80503374596229,5.162243412726194e-41
0,0,3627,4205525447680,65.81664174679487,0.0
0,1,3627,4206266288630,65.8282359373435,5.001794738561002e-41
0,0,3628,4206666949632,65.83450629807693,0.0
0,1,3628,4207060106156,65.84065921342899,5.109694720314013e-41
0,0,3629,4207797370880,65.85219743589744,0.0
0,1,3629,4208192551132,65.85838202267378,4.876658785696796e-41
0,0,3630,4208933498880,65.86997788461538,0.0
0,1,3630,4209330558004,65.8761918758138,5.018470190286467e-41
0,0,3631,4210069426176,65.8877551923077,0.0
0,1,3631,4210462721379,65.89391027799167,5.110255239699743e-41
0,0,3632,4210858536960,65.90010480769232,0.0
0,1,3632,4211600197817,65.91171182981833,4.904824884829725e-41
0,0,3633,4212000091136,65.91797017628205,0.0
0,1,3633,4212737842704,65.92951601787861,4.94125864490217e-41
0,0,3634,4213136635904,65.9357571474359,0.0
0,1,3634,4213531310521,65.94193382100423,4.895996704504478e-41
0,0,3635,4214272833024,65.95353867788462,0.0
0,1,3635,4214668869898,65.95973667082959,5.100866539988767e-41
0,0,3636,4215408837120,65.9713171875,0.0
0,1,3636,4215806464605,65.97754007357084,5.094000177513575e-41
0,0,3637,4216545112576,65.98909994391026,0.0
0,1,3637,4216938627984,65.9952584758113,5.033604213701175e-41
0,0,3638,4217675647488,66.00679286057692,0.0
0,1,3638,4218070790355,66.01297686227652,4.967322796338612e-41
0,0,3639,4218469936128,66.01922350961539,0.0
0,1,3639,4219208298015,66.03077890272874,4.953870331081093e-41
0,0,3640,4219606243840,66.03700677083333,0.0
0,1,3640,4220346018165,66.04858426865798,4.947003968605902e-41
0,0,3641,4220742165504,66.05478399038462,0.0
0,1,3641,4221139533081,66.06100280888484,5.137860819446942e-41
0,0,3642,4221877858304,66.07255762820513,0.0
0,1,3642,4222271608405,66.07871983306103,4.88030216170404e-41
0,0,3643,4223013670912,66.09033314102564,0.0
0,1,3643,4223409377706,66.09652596820538,5.188307564162635e-41
0,0,3644,4223807667712,66.10275922275642,0.0
0,1,3644,4224546959101,66.1143291626133,5.087834464270546e-41
0,0,3645,4224943245312,66.1205310576923,0.0
0,1,3645,4225684436558,66.13213073038737,5.038228498633447e-41
0,0,3646,4226426015744,66.14373647435897,0.0
0,1,3646,4227165971783,66.155316816015,5.009081490575491e-41
0,0,3647,4227561802240,66.16151157852565,0.0
0,1,3647,4228303424161,66.17311799130171,4.80743464155915e-41
0,0,3648,4228703020544,66.17937169070512,0.0
0,1,3648,4229097042507,66.18553815021221,5.01580772320425e-41
0,0,3649,4229839009792,66.19714996794872,0.0
0,1,3649,4230234496926,66.20333935744065,4.969424744035099e-41
0,0,3650,4230975061504,66.21492922275641,0.0
0,1,3650,4231372229878,66.22114492372171,4.932430464576924e-41
0,0,3651,4231769800192,66.22736691506411,0.0
0,1,3651,4232510012499,66.2389512673246,5.011743957657708e-41
0,0,3652,4232905811968,66.2451455448718,0.0
0,1,3652,4233647738781,66.25675672921987,4.961717602481312e-41
0,0,3653,4234047049728,66.26300596153847,0.0
0,1,3653,4234785477365,66.27456238364195,4.905945923601185e-41
0,0,3654,4235182391808,66.28077411057693,0.0
0,1,3654,4235923248720,66.2923685509315,5.102407968299524e-41
0,0,3655,4236664940032,66.30397604967949,0.0
0,1,3655,4237061315485,66.31017934139936,5.062751221759132e-41
0,0,3656,4237800634368,66.32174971153846,0.0
0,1,3656,4238193611480,66.32789981908554,4.943921111984387e-41
0,0,3657,4238589614080,66.33409727564103,0.0
0,1,3657,4239331574828,66.34570899107322,5.025196422915226e-41
0,0,3658,4239730846208,66.35195760416667,0.0
0,1,3658,4240469573513,66.36351871608636,4.859002425046303e-41
0,0,3659,4240866723840,66.36973413461538,0.0
0,1,3659,4241263286580,66.37594035738432,5.076343816863082e-41
0,0,3660,4242002523648,66.38750944711539,0.0
0,1,3660,4242395804770,66.39366431243114,5.03724758970842e-41
0,0,3661,4243138456064,66.4052868349359,0.0
0,1,3661,4243533376447,66.41146735475198,5.051821093737398e-41
0,0,3662,4243932847104,66.41771908653847,0.0
0,1,3662,4244671082263,66.42927249635355,5.104930305535309e-41
0,0,3663,4245068540416,66.4354927323718,0.0
0,1,3663,4245809029732,66.44708141983423,4.854238010267599e-41
0,0,3664,4246550960128,66.45869266025642,0.0
0,1,3664,4246947080130,66.4648919541579,5.03724758970842e-41
0,0,3665,4247686765056,66.47646805288461,0.0
0,1,3665,4248079562998,66.48261535641402,5.176396527215874e-41
0,0,3666,4248475790848,66.48881633814102,0.0
0,1,3666,4249217593423,66.50042557815944,4.915755012851458e-41
0,0,3667,4249617365504,66.50668202724358,0.0
0,1,3667,4250355579293,66.51823510261731,5.121185367721476e-41
0,0,3668,4250753495552,66.52446250801282,0.0
0,1,3668,4251149209936,66.53065545397637,4.859983333971331e-41
0,0,3669,4251889337856,66.54223848557693,0.0
0,1,3669,4252287127710,66.54846391272912,4.926685140873192e-41
0,0,3670,4252683809280,66.55467199519231,0.0
0,1,3670,4253425324537,66.5662767386725,4.910570208533456e-41
0,0,3671,4253825443328,66.57253861378206,0.0
0,1,3671,4254562907471,66.58407995716584,4.977272015435318e-41
0,0,3672,4255302912000,66.59566105769231,0.0
0,1,3672,4256045131857,66.60727682819073,5.001794738561002e-41
0,0,3673,4256444679168,66.61352975961539,0.0
0,1,3673,4257183128992,66.62508652894631,4.933551503348383e-41
0,0,3674,4257580786176,66.63130987980769,0.0
0,1,3674,4257976596806,66.63750433202499,5.013705775507763e-41
0,0,3675,4258716866560,66.64908958333334,0.0
0,1,3675,4259114227875,66.65530830383301,4.868811514296577e-41
0,0,3676,4259852965888,66.66686958333334,0.0
0,1,3676,4260246509526,66.67302855703501,4.90174202820821e-41
0,0,3677,4260647288320,66.67930076121795,0.0
0,1,3677,4261384157988,66.69083280104417,5.026317461686686e-41
0,0,3678,4261783544320,66.69708321314103,0.0
0,1,3678,4262521784442,66.70863670062725,5.002355257946732e-41
0,0,3679,4262919589376,66.71486236378205,0.0
0,1,3679,4263315396132,66.7210567553711,5.000673699789542e-41
0,0,3680,4264055686144,66.73264232371795,0.0
0,1,3680,4264453107067,66.73886197708521,5.114319005246285e-41
0,0,3681,4265191867392,66.75042360576923,0.0
0,1,3681,4265929280605,66.76196415209648,4.965781368027854e-41
0,0,3682,4266327568896,66.76819737980769,0.0
0,1,3682,4267066823586,66.77976674532377,5.135198352364725e-41
0,0,3683,4267804877312,66.79131731570513,0.0
0,1,3683,4268199124707,66.79748730323205,4.793281527069469e-41
0,0,3684,4268940606464,66.80909152243589,0.0
0,1,3684,4269336918575,66.81529382285093,4.985119286835537e-41
0,0,3685,4269734617600,66.82151782852564,0.0
0,1,3685,4270474444162,66.83309614386143,5.13211549574321e-41
0,0,3686,4270870546432,66.83929516025641,0.0
0,1,3686,4271611984078,66.85089868912135,4.933971892887681e-41
0,0,3687,4272012161024,66.85716147435897,0.0
0,1,3687,4272405366392,66.8633151541216,4.94294020305936e-41
0,0,3688,4273142920704,66.87485790865385,0.0
0,1,3688,4273537607599,66.88103477437338,5.104930305535309e-41
0,0,3689,4273937589760,66.88729451121795,0.0
0,1,3689,4274675204346,66.89883820904072,4.937615268894925e-41
0,0,3690,4275415161856,66.91041857371795,0.0
0,1,3690,4275812896855,66.9166431423872,4.800568279083958e-41
0,0,3691,4276551409664,66.9282008974359,0.0
0,1,3691,4277289451820,66.9397512867463,5.019451099211495e-41
0,0,3692,4277687643648,66.9459830048077,0.0
0,1,3692,4278082963161,66.95216977102426,4.973068120042343e-41
0,0,3693,4278823671296,66.96376188301282,0.0
0,1,3693,4279220958255,66.96997943983811,5.167988736429925e-41
0,0,3694,4279618351104,66.97619865384615,0.0
0,1,3694,4280358753663,66.98778598355807,4.989743571767809e-41
0,0,3695,4280754497024,66.99397938301283,0.0
0,1,3695,4281496379617,67.00558987531613,5.104930305535309e-41
0,0,3696,4281896151552,67.01184632211539,0.0
0,1,3696,4282289805438,67.01800702120268,4.82719294990613e-41
0,0,3697,4283032679936,67.02963303685898,0.0
0,1,3697,4283428070878,67.03582092094226,5.047056678958694e-41
0,0,3698,4283827624960,67.04207395833333,0.0
0,1,3698,4284565779748,67.05362611033904,4.965781368027854e-41
0,0,3699,4285305552896,67.06520358974359,0.0
0,1,3699,4285703303287,67.07142839929826,5.120624848335747e-41
0,0,3700,4286441666560,67.08298381410256,0.0
0,1,3700,4287179647839,67.09453325068547,4.948125007377362e-41
0,0,3701,4287577547776,67.10076040064102,0.0
0,1,3701,4287973098756,67.10695078932542,5.019451099211495e-41
0,0,3702,4288713518592,67.11853838942308,0.0
0,1,3702,4289110734937,67.12475484113645,5.003896686257489e-41
0,0,3703,4289849671168,67.13631922275641,0.0
0,1,3703,4290243060617,67.14247578339406,5.05644537866967e-41
0,0,3704,4290638799360,67.14866911057692,0.0
0,1,3704,4291380802778,67.16028149379633,4.843868401631595e-41
0,0,3705,4291780647936,67.16653908653846,0.0
0,1,3705,4292518705201,67.17808971230532,5.027858889997444e-41
0,0,3706,4292917414912,67.18432953525641,0.0
0,1,3706,4293312384483,67.19051082486666,5.080547712256057e-41
0,0,3707,4294053843968,67.20211469551282,0.0
0,1,3707,4294450259249,67.20831861054249,5.092458749202818e-41
0,0,3708,4295190707200,67.21990665064102,0.0
0,1,3708,4295932395052,67.23151409523989,4.904824884829725e-41
0,0,3709,4296332545024,67.23777645833333,0.0
0,1,3709,4297070243719,67.24932147246533,4.997590843168028e-41
0,0,3710,4297468700160,67.25555733173077,0.0
0,1,3710,4298208074974,67.26712857719225,5.083630568877571e-41
0,0,3711,4298605246464,67.27334432692308,0.0
0,1,3711,4299001478274,67.27954537062425,5.014826814279223e-41
0,0,3712,4299741339648,67.29112423076923,0.0
0,1,3712,4300139245021,67.2973514657984,5.05644537866967e-41
0,0,3713,4300877321216,67.30890238782051,0.0
0,1,3713,4301271315218,67.31506840973682,5.013705775507763e-41
0,0,3714,4301671926272,67.32133798878205,0.0
0,1,3714,4302409005153,67.33287330280011,5.072700440855838e-41
0,0,3715,4302808453632,67.3391246875,0.0
0,1,3715,4303546308013,67.35067213812412,5.072700440855838e-41
0,0,3716,4303944183808,67.35689891025642,0.0
0,1,3716,4304339605342,67.36308727310572,5.017349151515008e-41
0,0,3717,4305080083456,67.37467578525641,0.0
0,1,3717,4305826121327,67.3863513078269,5.006979542879004e-41
0,0,3718,4306222019584,67.39254713141025,0.0
0,1,3718,4306968687075,67.40423250755897,5.006419023493274e-41
0,0,3719,4307369273344,67.41050169871795,0.0
0,1,3719,4308106049328,67.42203227238582,5.03668707032269e-41
0,0,3720,4308505489408,67.42828352564102,0.0
0,1,3720,4309243714178,67.43983677286784,4.954290720620391e-41
0,0,3721,4309641669632,67.44606479166667,0.0
0,1,3721,4310037161517,67.45225425551195,5.046075770033666e-41
0,0,3722,4310778282496,67.46385282852565,0.0
0,1,3722,4311174329720,67.47005098344852,5.07115901254508e-41
0,0,3723,4311914596864,67.48163619391026,0.0
0,1,3723,4312311577808,67.48784896158854,5.084191088263301e-41
0,0,3724,4312709943808,67.49408340544872,0.0
0,1,3724,4313448759837,67.50564590590257,5.012164347197006e-41
0,0,3725,4313846641664,67.5118727724359,0.0
0,1,3725,4314591607702,67.523531520777,4.977272015435318e-41
0,0,3726,4314989063168,67.5297517147436,0.0
0,1,3726,4315734408440,67.54141639811198,5.144026532689971e-41
0,0,3727,4316472672768,67.55297026442308,0.0
0,1,3727,4316866410029,67.55913226833246,5.295787156376349e-41
0,0,3728,4317609476096,67.57076128205128,0.0
0,1,3728,4318003808642,67.57693260219476,4.8814232004755e-41
0,0,3729,4318746175488,67.58855067307692,0.0
0,1,3729,4319141318364,67.59473467491738,4.918977999319405e-41
0,0,3730,4319541167616,67.60099233173077,0.0
0,1,3730,4320278921762,67.61253821367313,5.087273944884816e-41
0,0,3731,4320677978624,67.61878346955129,0.0
0,1,3731,4321416541048,67.63034200107673,5.085732516574059e-41
0,0,3732,4321814625280,67.6365720352564,0.0
0,1,3732,4322209770270,67.64275607018104,5.043413302951449e-41
0,0,3733,4322951428096,67.6543630448718,0.0
0,1,3733,4323346870904,67.66055174066005,5.025756942300956e-41
0,0,3734,4324088071168,67.67215155448719,0.0
0,1,3734,4324483948489,67.6783470504213,5.010062399500518e-41
0,0,3735,4325224797696,67.68994137019232,0.0
0,1,3735,4325621095201,67.69614344202286,5.112217057549798e-41
0,0,3736,4326361284096,67.70772742788462,0.0
0,1,3736,4326758200419,67.71393918424167,5.013705775507763e-41
0,0,3737,4327498083840,67.72551838942307,0.0
0,1,3737,4327895257018,67.73173416557117,4.957513707088338e-41
0,0,3738,4328292973056,67.7379584375,0.0
0,1,3738,4329037806891,67.74961511685885,4.944481631370117e-41
0,0,3739,4329434856960,67.75582896634616,0.0
0,1,3739,4330180372637,67.76749631655962,5.025196422915226e-41
0,0,3740,4330576906752,67.77370209134615,0.0
0,1,3740,4331317822961,67.78529745970116,5.040890965715664e-41
0,0,3741,4331719032832,67.79157641025641,0.0
0,1,3741,4332116451254,67.79779602448292,5.187326655237608e-41
0,0,3742,4332856041472,67.80937064102564,0.0
0,1,3742,4333253652746,67.81559327339369,4.911551117458484e-41
0,0,3743,4333998483968,67.82724991185897,0.0
0,1,3743,4334390759523,67.8333890400109,4.964800459102827e-41
0,0,3744,4335130104320,67.84495981570512,0.0
0,1,3744,4335872039777,67.85657113533216,5.039349537404907e-41
0,0,3745,4336614737408,67.86819438301282,0.0
0,1,3745,4337353357404,67.87975381554237,4.96269851140634e-41
0,0,3746,4337751334400,67.88598217147437,0.0
0,1,3746,4338496005568,67.89763630508814,4.972647730503046e-41
0,0,3747,4338893727232,67.9038606650641,0.0
0,1,3747,4339289463660,67.91005395601712,5.047056678958694e-41
0,0,3748,4340030993408,67.92165892628205,0.0
0,1,3748,4340427028672,67.92785689403046,5.213951326059779e-41
0,0,3749,4340826392576,67.9341069551282,0.0
0,1,3749,4341569981998,67.94574415937375,5.009642009961221e-41
0,0,3750,4341969425408,67.95199546474359,0.0
0,1,3750,4342707816329,67.96355131224021,5.021132657368685e-41
0,0,3751,4343106801664,67.96979544871795,0.0
0,1,3751,4343501408049,67.97597105445276,4.960596563709852e-41
0,0,3752,4344243863552,67.98759051282052,0.0
0,1,3752,4344638714505,67.99376994605431,5.177377436140902e-41
0,0,3753,4345380815872,68.00538386217949,0.0
0,1,3753,4346125343647,68.01703575168708,4.982036430214022e-41
0,0,3754,4346523498496,68.02326689102564,0.0
0,1,3754,4347268020502,68.03491869024815,5.114879524632015e-41
0,0,3755,4347666204160,68.04115028044872,0.0
0,1,3755,4348405285475,68.0527169326391,5.053362522048155e-41
0,0,3756,4348803496448,68.05894895032051,0.0
0,1,3756,4349198451226,68.06513000841973,4.980354872056832e-41
0,0,3757,4349940937216,68.07674994391026,0.0
0,1,3757,4350335876962,68.08293076675807,5.013285385968466e-41
0,0,3758,4350735934976,68.08919169070514,0.0
0,1,3758,4351478766813,68.10081703871506,4.856339957964086e-41
0,0,3759,4351878678528,68.10707567307692,0.0
0,1,3759,4352621633107,68.11870294200408,5.09035680150633e-41
0,0,3760,4353021782016,68.12496528846154,0.0
0,1,3760,4353414992366,68.13111904619267,5.104509915996011e-41
0,0,3761,4354153740800,68.14268048878205,0.0
0,1,3761,4354546890528,68.14883329777645,4.912672156229944e-41
0,0,3762,4354943435264,68.15503923878205,0.0
0,1,3762,4355684395643,68.16663529839931,5.119083420024989e-41
0,0,3763,4356427252224,68.17826103365385,0.0
0,1,3763,4356821998549,68.18443882945526,5.049719146040911e-41
0,0,3764,4357564169728,68.19605383814103,0.0
0,1,3764,4357959415585,68.20223945163825,5.047056678958694e-41
0,0,3765,4358359315456,68.20849790064102,0.0
0,1,3765,4359097031281,68.2200431828582,5.15187380409019e-41
0,0,3766,4359495744512,68.22628306089744,0.0
0,1,3766,4360234903506,68.23785092876727,5.029960837693931e-41
0,0,3767,4360632050688,68.24406629807693,0.0
0,1,3767,4361028678010,68.25027353155674,5.124268224342991e-41
0,0,3768,4361768308224,68.26184877403847,0.0
0,1,3768,4362160843940,68.26799197372046,4.924583193176705e-41
0,0,3769,4362557614080,68.2742014423077,0.0
0,1,3769,4363303642655,68.28587681939541,5.040890965715664e-41
0,0,3770,4363699463168,68.29207142628205,0.0
0,1,3770,4364441376624,68.30368240159255,5.089796282120601e-41
0,0,3771,4365183285248,68.31529330128205,0.0
0,1,3771,4365923454567,68.32687698077862,4.90062098943675e-41
0,0,3772,4366319795200,68.3330797275641,0.0
0,1,3772,4367061068740,68.34468068816356,5.116981472328502e-41
0,0,3773,4367461462016,68.35094685897437,0.0
0,1,3773,4367854497135,68.3570978743333,5.164345360422681e-41
0,0,3774,4368592197632,68.36864291666667,0.0
0,1,3774,4368986629791,68.37481579575758,5.064292650069889e-41
0,0,3775,4369728644096,68.38642834935898,0.0
0,1,3775,4370124167153,68.3926183010473,5.047056678958694e-41
0,0,3776,4370523392512,68.39886619391025,0.0
0,1,3776,4371261897553,68.41042382738945,4.954851240006121e-41
0,0,3777,4371660139520,68.4166563301282,0.0
0,1,3777,4372399728800,68.4282309319912,5.001794738561002e-41
0,0,3778,4372796901376,68.43444669871795,0.0
0,1,3778,4373193038921,68.44064626716809,4.928787088569679e-41
0,0,3779,4373933774848,68.45223881410257,0.0
0,1,3779,4374330682274,68.45845043122121,4.997030323782298e-41
0,0,3780,4375070689280,68.47003157051282,0.0
0,1,3780,4375468380399,68.4762554524583,5.027858889997444e-41
0,0,3781,4376207122944,68.48781680288462,0.0
0,1,3781,4376944677333,68.49935955862192,5.002775647486029e-41
0,0,3782,4377343315968,68.50559826923077,0.0
0,1,3782,4377738082680,68.51177638408954,5.061209793448374e-41
0,0,3783,4378479936000,68.52338641826923,0.0
0,1,3783,4378875723981,68.52958051602877,5.046075770033666e-41
0,0,3784,4379274428416,68.53582025641026,0.0
0,1,3784,4380013376033,68.54738481622158,5.020572137982955e-41
0,0,3785,4380410898432,68.5536060576923,0.0
0,1,3785,4381150814574,68.56518577495869,5.064853169455619e-41
0,0,3786,4381547431936,68.5713928525641,0.0
0,1,3786,4381944346399,68.57760457981207,5.001234219175272e-41
0,0,3787,4382683738624,68.58917609775641,0.0
0,1,3787,4383076542047,68.59532348706368,5.051821093737398e-41
0,0,3788,4383814302720,68.60686947115384,0.0
0,1,3788,4384208498575,68.6130386520777,4.90174202820821e-41
0,0,3789,4384950348288,68.6246486298077,0.0
0,1,3789,4385345777380,68.63083711094,5.107032253231796e-41
0,0,3790,4386086480896,68.64242915064102,0.0
0,1,3790,4386482933806,68.64863365456605,4.954290720620391e-41
0,0,3791,4387222987264,68.66021552083333,0.0
0,1,3791,4387620194680,68.66643183280749,5.084191088263301e-41
0,0,3792,4388018012672,68.67265770032051,0.0
0,1,3792,4388762830063,68.68431412233011,4.972087211117316e-41
0,0,3793,4389160501248,68.6905376923077,0.0
0,1,3793,4389905205340,68.70219234118339,5.132535885282507e-41
0,0,3794,4390303021568,68.70841818108974,0.0
0,1,3794,4390698359820,68.71460524057242,5.079426673484597e-41
0,0,3795,4391439851008,68.7262096073718,0.0
0,1,3795,4391835796826,68.73240617528671,4.996609934243e-41
0,0,3796,4392576769024,68.74400241987179,0.0
0,1,3796,4392973316271,68.75020840017466,5.013285385968466e-41
0,0,3797,4393371764736,68.75644413461539,0.0
0,1,3797,4394110685201,68.76800826949682,4.938175788280655e-41
0,0,3798,4394508559360,68.77423501602564,0.0
0,1,3798,4395592382214,68.79119688711313,4.924162803637407e-41
0,0,3799,4395992749568,68.7974626522436,0.0
0,1,3799,4396730101855,68.8090022450765,4.953309811695363e-41
0,0,3800,4397129825792,68.81525794070512,0.0
0,1,3800,4397523562512,68.82141993614783,5.196715354948584e-41
0,0,3801,4398261324288,68.8329659375,0.0
0,1,3801,4398655682873,68.83913766515488,5.0570058980554e-41
0,0,3802,4399397729280,68.85075072115384,0.0
0,1,3802,4399792994972,68.85693664506961,5.03668707032269e-41
0,0,3803,4400192498688,68.86318889423077,0.0
0,1,3803,4400935552007,68.87481770844289,5.027858889997444e-41
0,0,3804,4401334648320,68.88106358173077,0.0
0,1,3804,4402072825693,68.89261608719264,5.070598493159351e-41
0,0,3805,4402470848000,68.8988451522436,0.0
0,1,3805,4402866210564,68.90503259221003,4.841766453935108e-41
0,0,3806,4403607018496,68.91662626602565,0.0
0,1,3806,4404003764830,68.92283536204803,5.034585122626203e-41
0,0,3807,4404743000064,68.93440442307693,0.0
0,1,3807,4405824201436,68.95132526786608,5.153975751786677e-41
0,0,3808,4406220988416,68.95753500000001,0.0
0,1,3808,4406617400463,68.96373886441745,4.983577858524779e-41
0,0,3809,4407357490176,68.97532129807692,0.0
0,1,3809,4407754793435,68.98153910999787,5.040330446329935e-41
0,0,3810,4408493504512,68.99309996794872,0.0
0,1,3810,4408886961439,68.99925758461977,5.086152906113356e-41
0,0,3811,4409287850496,69.00553151442308,0.0
0,1,3811,4410024453731,69.01705938456217,4.895436185118748e-41
0,0,3812,4410424075776,69.02331348557692,0.0
0,1,3812,4411167278046,69.03494463087816,5.064292650069889e-41
0,0,3813,4411565792256,69.04118139423078,0.0
0,1,3813,4411960725381,69.04736211345966,4.987221234532024e-41
0,0,3814,4412702260224,69.05896716346155,0.0
0,1,3814,4413098237148,69.0651642181866,5.006419023493274e-41
0,0,3815,4413497352192,69.07141038461539,0.0
0,1,3815,4414235622439,69.08296434355907,5.026317461686686e-41
0,0,3816,4414633743872,69.0891949599359,0.0
0,1,3816,4415373238657,69.10076808294835,5.049158626655181e-41
0,0,3817,4416111734784,69.11232557692308,0.0
0,1,3817,4416505390262,69.11848630092523,5.158600036718949e-41
0,0,3818,4416901143040,69.12467984775641,0.0
0,1,3818,4417643119631,69.13629181113218,4.965781368027854e-41
0,0,3819,4418043343872,69.14255533653846,0.0
0,1,3819,4418781155678,69.15410212086213,5.030381227233228e-41
0,0,3820,4419179742208,69.16034001602564,0.0
0,1,3820,4419918779576,69.17190598044371,5.054903950358913e-41
0,0,3821,4420316078592,69.17812372596154,0.0
0,1,3821,4420712053861,69.18432075478579,5.05812693682686e-41
0,0,3822,4421452160000,69.19590344551283,0.0
0,1,3822,4421849443760,69.20212095227365,5.150892895165163e-41
0,0,3823,4422246871040,69.20834070512821,0.0
0,1,3823,4422986713348,69.21991926688952,4.931449555651896e-41
0,0,3824,4423382947840,69.22612035256411,0.0
0,1,3824,4424129354353,69.23780164439667,5.140383156682726e-41
0,0,3825,4424530128384,69.24407377403847,0.0
0,1,3825,4425266927555,69.25560471058381,5.074802388552325e-41
0,0,3826,4426007716352,69.2671980849359,0.0
0,1,3826,4426404777756,69.27341211181641,4.97573058712456e-41
0,0,3827,4427143740416,69.28497690705129,0.0
0,1,3827,4427537245263,69.29113527367225,4.966341887413584e-41
0,0,3828,4427938374144,69.29741295673077,0.0
0,1,3828,4428680549827,69.30902803590432,5.149211337007973e-41
0,0,3829,4429080087040,69.31528080929488,0.0
0,1,3829,4429818227998,69.32683274486052,5.004877595182517e-41
0,0,3830,4430216464896,69.33306516826923,0.0
0,1,3830,4430611699385,69.3392506038568,4.876238396157498e-41
0,0,3831,4431352911872,69.35085060897435,0.0
0,1,3831,4431749316623,69.35705435920912,4.890251380800747e-41
0,0,3832,4432147588096,69.36328732371796,0.0
0,1,3832,4432886634841,69.37485343488645,5.115860433557042e-41
0,0,3833,4433283592704,69.38106584134616,0.0
0,1,3833,4434024061102,69.39265420144106,5.039349537404907e-41
0,0,3834,4434424774144,69.39892537660256,0.0
0,1,3834,4434817603172,69.40507316662911,5.198256783259341e-41
0,0,3835,4435555352576,69.41661897435898,0.0
0,1,3835,4436299057505,69.4282579862937,5.027298370611714e-41
0,0,3836,4436696925184,69.43448463141026,0.0
0,1,3836,4437436619937,69.44606088392992,5.03668707032269e-41
0,0,3837,4437832425472,69.45225525641025,0.0
0,1,3837,4438230183509,69.45848018562512,4.898098652200966e-41
0,0,3838,4438968453632,69.47003414262821,0.0
0,1,3838,4439362264976,69.47619730593951,5.122166276646504e-41
0,0,3839,4439762793984,69.48246560096155,0.0
0,1,3839,4440499841757,69.49400042813815,5.07676420640238e-41
0,0,3840,4440898703872,69.50024263621795,0.0
0,1,3840,4441637279789,69.51180137890938,5.122726796032234e-41
0,0,3841,4442034973696,69.51802530448718,0.0
0,1,3841,4442430472150,69.52421487113757,4.857881386274843e-41
0,0,3842,4443171066880,69.53580520833333,0.0
0,1,3842,4443567697187,69.54201248852853,5.170090684126413e-41
0,0,3843,4444307361792,69.55358826923077,0.0
0,1,3843,4444704937591,69.55981034641364,5.001234219175272e-41
0,0,3844,4445443620864,69.57137076923077,0.0
0,1,3844,4446186209646,69.58299231342022,4.896977613429506e-41
0,0,3845,4446584798720,69.58923024839744,0.0
0,1,3845,4447328642779,69.60087143772223,5.130013548046723e-41
0,0,3846,4447725844480,69.60708766025641,0.0
0,1,3846,4448471262798,69.61875348679763,5.009081490575491e-41
0,0,3847,4448867299840,69.6249514823718,0.0
0,1,3847,4449264457208,69.63116701109276,4.980915391442562e-41
0,0,3848,4450003239936,69.64272899038461,0.0
0,1,3848,4450396442927,69.64888263294709,4.977832534821048e-41
0,0,3849,4450792016384,69.65507337339744,0.0
0,1,3849,4451534075512,69.66668662848058,5.214932234984807e-41
0,0,3850,4451933618688,69.67293949519231,0.0
0,1,3850,4452671786974,69.68449185844226,4.909028780222699e-41
0,0,3851,4453069801984,69.69072080929487,0.0
0,1,3851,4453465048952,69.69690644017929,4.990304091153539e-41
0,0,3852,4454206080000,69.70850360576924,0.0
0,1,3852,4454946628727,69.7200932230162,4.898098652200966e-41
0,0,3853,4455689442816,69.73171829326924,0.0
0,1,3853,4456083965384,69.73789258726462,4.964800459102827e-41
0,0,3854,4456825677824,69.74950041666666,0.0
0,1,3854,4457221429021,69.75569393875513,5.108573681542553e-41
0,0,3855,4457961797120,69.76728072916667,0.0
0,1,3855,4458358785134,69.77349360749074,4.996609934243e-41
0,0,3856,4459097838080,69.78505981570513,0.0
0,1,3856,4459490724765,69.79120850806603,5.072700440855838e-41
0,0,3857,4459887036416,69.79741080128206,0.0
0,1,3857,4460633131288,69.80908721592047,4.904264365443995e-41
0,0,3858,4461029105152,69.81528422275642,0.0
0,1,3858,4461426184890,69.82149853656476,4.873015409689551e-41
0,0,3859,4462164983808,69.83306076923077,0.0
0,1,3859,4462558103016,69.83921310058594,5.108153292003256e-41
0,0,3860,4463295655424,69.85075582532052,0.0
0,1,3860,4463689688863,69.85692246442746,4.934532412273411e-41
0,0,3861,4464090234368,69.86319101762821,0.0
0,1,3861,4464832172697,69.87480238220215,4.984558767449807e-41
0,0,3862,4465231892992,69.88105802083334,0.0
0,1,3862,4465974728706,69.89268342951848,5.009081490575491e-41
0,0,3863,4466715058176,69.90426961538462,0.0
0,1,3863,4467112000861,69.91048178430802,4.883945537711285e-41
0,0,3864,4467509500928,69.91670267628206,0.0
0,1,3864,4468249336995,69.92828114037147,5.089375892581303e-41
0,0,3865,4468645705216,69.93448431891026,0.0
0,1,3865,4469047566442,69.94077346319737,5.062751221759132e-41
0,0,3866,4469787689472,69.95235641826923,0.0
0,1,3866,4470184574904,69.95856769118089,4.876658785696796e-41
0,0,3867,4470924133888,69.97014181891026,0.0
0,1,3867,4471321631503,69.97636267251039,5.028419409383174e-41
0,0,3868,4472060698112,69.98792909455129,0.0
0,1,3868,4472453465158,69.99407591455704,5.075222778091622e-41
0,0,3869,4472849910784,70.00028030448718,0.0
0,1,3869,4473590962072,70.01187778683394,4.810517498180665e-41
0,0,3870,4473991734784,70.01814989583333,0.0
0,1,3870,4474733734159,70.02976221577963,5.082509530106112e-41
0,0,3871,4475475264512,70.04136719551282,0.0
0,1,3871,4476220222497,70.05302581782415,4.950226955073849e-41
0,0,3872,4476616951808,70.0592346474359,0.0
0,1,3872,4477362627995,70.0709045096373,4.885486966022042e-41
0,0,3873,4477758259712,70.07709616185898,0.0
0,1,3873,4478155857216,70.08331857872597,4.82719294990613e-41
0,0,3874,4478894414848,70.09487703525642,0.0
0,1,3874,4479287911034,70.10103526633239,4.988202143457051e-41
0,0,3875,4479689073664,70.1073134775641,0.0
0,1,3875,4480436122119,70.11900481581468,5.023654994604469e-41
0,0,3876,4480836406784,70.12526928685898,0.0
0,1,3876,4481578841464,70.13688841934595,5.049719146040911e-41
0,0,3877,4481977823744,70.14313250801283,0.0
0,1,3877,4482371814688,70.14929848207132,5.061209793448374e-41
0,0,3878,4483114098688,70.16091525641026,0.0
0,1,3878,4483508863097,70.167093335227,5.088254853809843e-41
0,0,3879,4484250371584,70.17869797275641,0.0
0,1,3879,4484646076882,70.18489077652369,5.049158626655181e-41
0,0,3880,4485387089408,70.19648765224359,0.0
0,1,3880,4486127663830,70.20807767161834,5.039349537404907e-41
0,0,3881,4486523799552,70.21427721153846,0.0
0,1,3881,4487265248798,70.22588092194387,4.932430464576924e-41
0,0,3882,4487666230784,70.23215630608975,0.0
0,1,3882,4488402631033,70.24368099948981,5.115860433557042e-41
0,0,3883,4488802788352,70.2499434775641,0.0
0,1,3883,4489195854624,70.25609498046875,5.153975751786677e-41
0,0,3884,4489933844992,70.26764455929488,0.0
0,1,3884,4490328087648,70.27381447265626,5.155517180097434e-41
0,0,3885,4491070436864,70.28543226762821,0.0
0,1,3885,4491465249199,70.29161109648877,5.098204072906549e-41
0,0,3886,4491865188352,70.29787016025641,0.0
0,1,3886,4492607656224,70.30948981219952,4.899079561125993e-41
0,0,3887,4493006938112,70.31573858974359,0.0
0,1,3887,4493750185116,70.32737043513372,5.188868083548365e-41
0,0,3888,4494148690432,70.33360705929488,0.0
0,1,3888,4494892768772,70.34525191512671,4.993947467160783e-41
0,0,3889,4495631667200,70.35681570512821,0.0
0,1,3889,4496024193334,70.36295875485152,5.181581331533876e-41
0,0,3890,4496420320768,70.3691581650641,0.0
0,1,3890,4497166722213,70.38083937758226,4.973628639428073e-41
0,0,3891,4497567133184,70.38710582532052,0.0
0,1,3891,4498309041692,70.39871672319461,5.097223163981522e-41
0,0,3892,4498708685312,70.40497116185898,0.0
0,1,3892,4499101898690,70.41112496697842,5.034585122626203e-41
0,0,3893,4499838993408,70.42266052884615,0.0
0,1,3893,4500233797366,70.42883922660633,4.990864610539268e-41
0,0,3894,4500974777344,70.44043559294872,0.0
0,1,3894,4501371017286,70.44663676391602,4.964239939717097e-41
0,0,3895,4501769268736,70.4528694150641,0.0
0,1,3895,4502508668831,70.46444105617425,5.114319005246285e-41
0,0,3896,4502905248256,70.4706475400641,0.0
0,1,3896,4503651398935,70.48232482808432,4.993386947775053e-41
0,0,3897,4504052067328,70.48859530448718,0.0
0,1,3897,4504788707937,70.50012375953088,5.045515250647936e-41
0,0,3898,4505534784000,70.5117998798077,0.0
0,1,3898,4505931405785,70.51800702663324,4.959615654784825e-41
0,0,3899,4506670585856,70.52957522435898,0.0
0,1,3899,4507063357207,70.53572211173815,5.043973822337179e-41
0,0,3900,4507800367104,70.54725634615384,0.0
0,1,3900,4508195314757,70.55343729274652,5.117962381253529e-41
0,0,3901,4508594523648,70.55968492788462,0.0
0,1,3901,4509338003375,70.57132041539901,5.007540062264734e-41
0,0,3902,4509735876096,70.57754713942307,0.0
0,1,3902,4510475176199,70.58911721565443,4.977272015435318e-41
0,0,3903,4510871923712,70.5953263301282,0.0
0,1,3903,4511268166831,70.60152755081569,5.102407968299524e-41
0,0,3904,4512008176640,70.61310873397436,0.0
0,1,3904,4512405399559,70.61932528857109,4.938175788280655e-41
0,0,3905,4512802486784,70.62553971955128,0.0
0,1,3905,4513542920027,70.63712752946903,5.104509915996011e-41
0,0,3906,4513943859200,70.64340224358975,0.0
0,1,3906,4514691022569,70.65509538024902,4.890251380800747e-41
0,0,3907,4515431912448,70.66669033653847,0.0
0,1,3907,4516177743361,70.67836262020796,4.946023059680874e-41
0,0,3908,4516573302784,70.68455314102565,0.0
0,1,3908,4517320386938,70.696245037967,4.919958908244433e-41
0,0,3909,4517719807488,70.70249598557693,0.0
0,1,3909,4518113496860,70.70865724002154,5.067936026077133e-41
0,0,3910,4518855559680,70.72027055288461,0.0
0,1,3910,4519250601583,70.72645297449357,5.07844576455957e-41
0,0,3911,4519991968256,70.73805539262821,0.0
0,1,3911,4520387762112,70.74424958233173,5.035145642011933e-41
0,0,3912,4520786902528,70.75049614583334,0.0
0,1,3912,4521525208866,70.76205066960262,5.094000177513575e-41
0,0,3913,4521923175936,70.7682788701923,0.0
0,1,3913,4522662571108,70.77985043425731,4.999132271478785e-41
0,0,3914,4523059427328,70.78606125,0.0
0,1,3914,4523455851536,70.79226530473758,5.01636824258998e-41
0,0,3915,4524195449856,70.80384004807692,0.0
0,1,3915,4524932530424,70.81537538849659,5.108153292003256e-41
0,0,3916,4525331309056,70.8216162900641,0.0
0,1,3916,4526070079054,70.83317807013096,4.974189158813803e-41
0,0,3917,4526809094656,70.84474369391026,0.0
0,1,3917,4527201928056,70.85089155235877,5.162243412726194e-41
0,0,3918,4527597894144,70.8570884375,0.0
0,1,3918,4528339529436,70.86869505953275,4.966902406799314e-41
0,0,3919,4528739875328,70.87496048878205,0.0
0,1,3919,4529482279494,70.88657914372371,5.003896686257489e-41
0,0,3920,4529881510912,70.89282713141026,0.0
0,1,3920,4530275732976,70.89899672250601,4.987641624071321e-41
0,0,3921,4531017495040,70.91060532852565,0.0
0,1,3921,4531413420356,70.91680157558343,5.017349151515008e-41
0,0,3922,4531811762176,70.92303564102565,0.0
0,1,3922,4532551086245,70.93460609232585,4.943360592598657e-41
0,0,3923,4532947430912,70.94080890224359,0.0
0,1,3923,4533688908783,70.95241306063139,5.025196422915226e-41
0,0,3924,4534089055232,70.95867536858975,0.0
0,1,3924,4534826639181,70.97021858694224,4.933551503348383e-41
0,0,3925,4535225217024,70.97645634615385,0.0
0,1,3925,4535964304546,70.98802309548402,4.992406038850026e-41
0,0,3926,4536702900224,70.9995821474359,0.0
0,1,3926,4537096571872,71.0057431244992,5.008520971189761e-41
0,0,3927,4537497184256,71.01201272435898,0.0
0,1,3927,4538239572823,71.02363113517566,4.993947467160783e-41
0,0,3928,4538638754816,71.02987834935898,0.0
0,1,3928,4539033006841,71.03604840934558,5.148790947468675e-41
0,0,3929,4539775123968,71.04766257211539,0.0
0,1,3929,4540170634838,71.05385233307668,5.140943676068456e-41
0,0,3930,4540911510016,71.06544705929487,0.0
0,1,3930,4541308453281,71.0716592372953,5.104930305535309e-41
0,0,3931,4541705893888,71.07787919871795,0.0
0,1,3931,4542430402203,71.08921778287447,4.948685526763091e-41
0,0,3932,4542830350336,71.0954769871795,0.0
0,1,3932,4543568104953,71.10702287649302,5.017349151515008e-41
0,0,3933,4543966178304,71.11325274038462,0.0
0,1,3933,4544705918800,71.12482970878406,4.916876051622918e-41
0,0,3934,4545101943808,71.13102751602564,0.0
0,1,3934,4546193036385,71.14810315856934,4.792300618144442e-41
0,0,3935,4546589860864,71.1543134775641,0.0
0,1,3935,4547330763708,71.16590863675631,4.994507986546513e-41
0,0,3936,4547731455488,71.17217947916667,0.0
0,1,3936,4548124133220,71.17832490140475,5.098204072906549e-41
0,0,3937,4548862192128,71.18987555288462,0.0
0,1,3937,4549256068772,71.19603973814353,4.973068120042343e-41
0,0,3938,4549656711680,71.20230981570514,0.0
0,1,3938,4550393687026,71.21384350939628,5.228524830088757e-41
0,0,3939,4550792647680,71.22008725961538,0.0
0,1,3939,4551531289425,71.23164703251766,4.861524762282088e-41
0,0,3940,4551928676352,71.23786615384616,0.0
0,1,3940,4552324409590,71.24405939487555,5.014266294893493e-41
0,0,3941,4553064331264,71.25563919871794,0.0
0,1,3941,4553462114897,71.26186452851124,5.052381613123128e-41
0,0,3942,4554200136192,71.27341459134615,0.0
0,1,3942,4554938166563,71.28496479622083,4.991845519464296e-41
0,0,3943,4555336155648,71.29119334134616,0.0
0,1,3943,4556075511419,71.30276428878393,5.055464469744643e-41
0,0,3944,4556472342016,71.30897470352565,0.0
0,1,3944,4557218150372,71.32064663417718,5.046636289419396e-41
0,0,3945,4557614075392,71.32684287660257,0.0
0,1,3945,4558011319706,71.33305976603191,4.923041764865947e-41
0,0,3946,4558750035456,71.34462069711539,0.0
0,1,3946,4559143745744,71.35078227889623,4.999692790864515e-41
0,0,3947,4559885928960,71.36239747596154,0.0
0,1,3947,4560281533984,71.3685887104367,5.135198352364725e-41
0,0,3948,4560680314880,71.3748296474359,0.0
0,1,3948,4561419043191,71.38639077509954,4.968443835110071e-41
0,0,3949,4561816450048,71.39261020833334,0.0
0,1,3949,4562212344095,71.39880596603003,4.959055135399095e-41
0,0,3950,4562952783360,71.41039387019231,0.0
0,1,3950,4563349994104,71.4166102342498,4.929908127341139e-41
0,0,3951,4564088590848,71.42816930288461,0.0
0,1,3951,4564482430381,71.4343329073549,5.082089140566814e-41
0,0,3952,4565224666624,71.44594893429488,0.0
0,1,3952,4565969538258,71.45760620520959,4.965360978488557e-41
0,0,3953,4566707239936,71.46915126602565,0.0
0,1,3953,4567101453314,71.47532072118514,5.047617198344424e-41
0,0,3954,4567501728256,71.4815850400641,0.0
0,1,3954,4568244140399,71.49320381984613,4.907907741451239e-41
0,0,3955,4568643260416,71.49945006410256,0.0
0,1,3955,4569037570838,71.50562103800456,5.009081490575491e-41
0,0,3956,4569779521024,71.51723258814103,0.0
0,1,3956,4570175061091,71.52342280603654,5.002775647486029e-41
0,0,3957,4570915945472,71.53501767628205,0.0
0,1,3957,4571312387001,71.54122200209397,4.964239939717097e-41
0,0,3958,4571710476800,71.54745212339743,0.0
0,1,3958,4572455097135,71.55910546147274,5.106051344306768e-41
0,0,3959,4572852269568,71.56532122596154,0.0
0,1,3959,4573592489592,71.57690569899339,4.975170067738831e-41
0,0,3960,4573988692992,71.58310629807693,0.0
0,1,3960,4574386054694,71.58932502463317,4.86054385335706e-41
0,0,3961,4575472655360,71.60633036858975,0.0
0,1,3961,4576211869395,71.61789909785344,5.139402247757699e-41
0,0,3962,4576609468928,71.62412154647436,0.0
0,1,3962,4577349568033,71.63570412711901,5.047056678958694e-41
0,0,3963,4577745673216,71.64190318910256,0.0
0,1,3963,4578143203803,71.64812455871582,5.074802388552325e-41
0,0,3964,4578882020864,71.65968707532052,0.0
0,1,3964,4579275464460,71.66584448336089,4.958494616013365e-41
0,0,3965,4580013006336,71.67738704326923,0.0
0,1,3965,4580407665211,71.68356347047464,5.042432394026422e-41
0,0,3966,4580807415808,71.68981958333333,0.0
0,1,3966,4581550587821,71.70145025511131,4.991425129924998e-41
0,0,3967,4581948839424,71.70768290865385,0.0
0,1,3967,4582688224001,71.71925430690668,4.890251380800747e-41
0,0,3968,4583085392896,71.72547001602564,0.0
0,1,3968,4583481813164,71.73167400910206,4.956953187702608e-41
0,0,3969,4584221861888,71.74325580128205,0.0
0,1,3969,4584964003236,71.75487034311148,5.043413302951449e-41
0,0,3970,4585705270784,71.7664712099359,0.0
0,1,3970,4586445924001,71.77806246245555,5.001234219175272e-41
0,0,3971,4586841581568,71.78425451923077,0.0
0,1,3971,4587234209334,71.79039915949895,5.099184981831577e-41
0,0,3972,4587972518400,71.80195372596154,0.0
0,1,3972,4588366686575,71.80812247369228,5.065834078380646e-41
0,0,3973,4589114378752,71.81982388621795,0.0
0,1,3973,4589510518499,71.82602348912948,5.079987192870327e-41
0,0,3974,4589908995072,71.83225966346154,0.0
0,1,3974,4590648536632,71.84383351850461,5.20610405465956e-41
0,0,3975,4591045319168,71.85004318108975,0.0
0,1,3975,4591442319323,71.85625624942095,4.965781368027854e-41
0,0,3976,4592181548544,71.86782521634616,0.0
0,1,3976,4592574932246,71.87398168704303,5.000253310250245e-41
0,0,3977,4593312250368,71.88552074519231,0.0
0,1,3977,4593707624544,71.89170836688702,5.096662644595792e-41
0,0,3978,4594107178496,71.8979614022436,0.0
0,1,3978,4594845799333,71.90952084793483,4.928226569183949e-41
0,0,3979,4595585486848,71.9210969871795,0.0
0,1,3979,4596322687126,71.93263420106545,4.92150033655519e-41
0,0,3980,4596721701376,71.93887879006411,0.0
0,1,3980,4597116580921,71.94505867076384,4.999132271478785e-41
0,0,3981,4597857678848,71.95665688301283,0.0
0,1,3981,4598254753688,71.96287112016726,5.153975751786677e-41
0,0,3982,4598652487168,71.9690956650641,0.0
0,1,3982,4599393082592,71.980686013121,4.933971892887681e-41
0,0,3983,4599788658176,71.98687678685897,0.0
0,1,3983,4600525883931,71.99841439946101,4.955972278777581e-41
0,0,3984,4600924979200,72.00466025641026,0.0
0,1,3984,4601319855565,72.01084008734287,5.083070049491841e-41
0,0,3985,4602061381120,72.02244499198719,0.0
0,1,3985,4602458098466,72.0286536343462,5.01692876197571e-41
0,0,3986,4603197837824,72.0402305849359,0.0
0,1,3986,4603590820451,72.04638077879295,5.050279665426641e-41
0,0,3987,4603987331072,72.05258618589744,0.0
0,1,3987,4604729142198,72.06419555973933,5.15187380409019e-41
0,0,3988,4605470813184,72.07580274038462,0.0
0,1,3988,4606211843253,72.08739989065317,5.179479383837389e-41
0,0,3989,4606612583936,72.09367149839744,0.0
0,1,3989,4607005807200,72.09982545823317,5.133096404668237e-41
0,0,3990,4607743170560,72.11136522435898,0.0
0,1,3990,4608138590108,72.1175535561273,5.021553046907982e-41
0,0,3991,4608879431168,72.12914774839744,0.0
0,1,3991,4609277042422,72.13537038045247,5.197696263873611e-41
0,0,3992,4609674106368,72.14158444711539,0.0
0,1,3992,4610415310916,72.15318432798728,5.012164347197006e-41
0,0,3993,4610815960064,72.15945450320513,0.0
0,1,3993,4611209279994,72.16560997586764,4.919398388858703e-41
0,0,3994,4611946452480,72.1771467548077,0.0
0,1,3994,4612341967660,72.18333658322065,4.979934482517535e-41
0,0,3995,4613082445824,72.19492509615385,0.0
0,1,3995,4613480080011,72.20114808711125,4.928226569183949e-41
0,0,3996,4613876986880,72.20735969551282,0.0
0,1,3996,4614618212829,72.21895991131123,5.174294579519387e-41
0,0,3997,4615359889408,72.23056717948718,0.0
0,1,3997,4616100830431,72.24216293618227,4.821447626202398e-41
0,0,3998,4616848357376,72.25386176282052,0.0
0,1,3998,4617244771926,72.26006566641001,5.133096404668237e-41
0,0,3999,4617642943488,72.26629706730769,0.0
0,1,3999,4618382971820,72.27787854035206,4.916876051622918e-41
0,0,4000,4618778945024,72.28407553685898,0.0
0,1,4000,4619176629585,72.2902993161715,5.065834078380646e-41
0,0,4001,4619915478528,72.30186233173077,0.0
0,1,4001,4620309566102,72.30802981805263,5.009642009961221e-41
0,0,4002,4621051434496,72.31964008814103,0.0
0,1,4002,4621447903712,72.32584484725561,4.8266324305204e-41
0,0,4003,4621846202368,72.33207823717949,0.0
0,1,4003,4622586099512,72.3436576571264,4.937194879355628e-41
0,0,4004,4622982157824,72.34985598557692,0.0
0,1,4004,4623379944682,72.3560813658416,5.101286929528064e-41
0,0,4005,4624117814784,72.3676290625,0.0
0,1,4005,4624856699337,72.3791926353572,4.96269851140634e-41
0,0,4006,4625595148800,72.39074939903847,0.0
0,1,4006,4625989151999,72.3969155648882,4.927245660258922e-41
0,0,4007,4626730722304,72.40852116987179,0.0
0,1,4007,4627127042130,72.4147235910269,5.004457205643219e-41
0,0,4008,4627525280768,72.42095604166667,0.0
0,1,4008,4628264844199,72.43253023899176,5.004877595182517e-41
0,0,4009,4628661426688,72.43873677083333,0.0
0,1,4009,4629402561277,72.45033555684408,4.899079561125993e-41
0,0,4010,4629803399680,72.45660869391025,0.0
0,1,4010,4630196181671,72.46275574780587,4.992406038850026e-41
0,0,4011,4630934704128,72.47431365384615,0.0
0,1,4011,4631328679384,72.48047938238682,4.984558767449807e-41
0,0,4012,4631729257472,72.48674844551282,0.0
0,1,4012,4632466543926,72.49828700805664,4.890251380800747e-41
0,0,4013,4632865544704,72.50453138621795,0.0
0,1,4013,4633604127884,72.51609024257563,5.052802002662425e-41
0,0,4014,4634001716224,72.52231251602565,0.0
0,1,4014,4634741680091,72.53389298019019,5.022113566293712e-41
0,0,4015,4635479325696,72.54543716346154,0.0
0,1,4015,4636223376094,72.55708158199995,5.076343816863082e-41
0,0,4016,4636621066752,72.56330545673077,0.0
0,1,4016,4637360510508,72.57487778113732,5.008100581650464e-41
0,0,4017,4637756771840,72.58107928685898,0.0
0,1,4017,4638153881043,72.58729406179575,5.116420952942772e-41
0,0,4018,4638892553728,72.59885431891026,0.0
0,1,4018,4639285861650,72.60500960364709,4.970966172345856e-41
0,0,4019,4639686790656,72.61128415865385,0.0
0,1,4019,4640428676215,72.62289469737517,5.148790947468675e-41
0,0,4020,4640827955200,72.62914342948719,0.0
0,1,4020,4641566086098,72.64069520761343,5.080547712256057e-41
0,0,4021,4641963807744,72.64691956730769,0.0
0,1,4021,4642359456118,72.65311148021209,5.067515636537836e-41
0,0,4022,4643098845184,72.66468294871795,0.0
0,1,4022,4643491803821,72.67083276713053,4.985119286835537e-41
0,0,4023,4644228661248,72.68236461538461,0.0
0,1,4023,4644624521186,72.68855983927409,4.938736307666385e-41
0,0,4024,4645364326400,72.70013782051282,0.0
0,1,4024,4646101311182,72.71167166187776,4.888149433104259e-41
0,0,4025,4646500006912,72.71791126602564,0.0
0,1,4025,4647239254557,72.72948052128719,5.167988736429925e-41
0,0,4026,4647635842048,72.73568713141026,0.0
0,1,4026,4648032744389,72.74189866894845,4.982036430214022e-41
0,0,4027,4648771518976,72.75346052083333,0.0
0,1,4027,4649165126406,72.75962049288236,5.149771856393703e-41
0,0,4028,4649907168256,72.77123347756411,0.0
0,1,4028,4650302628434,72.77742244519357,5.314004036412571e-41
0,0,4029,4650701289984,72.78366151442307,0.0
0,1,4029,4651440586157,72.79523152914976,4.898098652200966e-41
0,0,4030,4651836725760,72.8014311298077,0.0
0,1,4030,4652578444545,72.81303905850925,4.911551117458484e-41
0,0,4031,4652978338304,72.81929741185898,0.0
0,1,4031,4653372015789,72.82545848027156,5.183122759844633e-41
0,0,4032,4654114398720,72.83707680288462,0.0
0,1,4032,4654853776812,72.84864809964694,5.041871874640692e-41
0,0,4033,4655591309824,72.86019052083334,0.0
0,1,4033,4655985847519,72.86636505156689,4.973068120042343e-41
0,0,4034,4656726968832,72.8779636298077,0.0
0,1,4034,4657123489848,72.88416919959435,5.112777576935528e-41
0,0,4035,4657863112192,72.89574431891026,0.0
0,1,4035,4658255597933,72.9018867364815,5.086713425499086e-41
0,0,4036,4658993480704,72.91343463141025,0.0
0,1,4036,4659387607195,72.91960272678473,4.938175788280655e-41
0,0,4037,4659787805184,72.92586584134615,0.0
0,1,4037,4660525661686,72.93741332516402,5.05812693682686e-41
0,0,4038,4660923812864,72.94364440705128,0.0
0,1,4038,4661663312203,72.95521760133401,5.041871874640692e-41
0,0,4039,4662059818496,72.96142294070513,0.0
0,1,4039,4662801248926,72.97302635663938,5.115440044017745e-41
0,0,4040,4663201137152,72.97928462339743,0.0
0,1,4040,4663594833498,72.98544598698543,4.935092931659141e-41
0,0,4041,4664336748544,72.99705698717949,0.0
0,1,4041,4665076741453,73.0086379058525,5.019451099211495e-41
0,0,4042,4665814581760,73.02018513621795,0.0
0,1,4042,4666553046575,73.03174214015863,5.025756942300956e-41
0,0,4043,4666950524928,73.0379626923077,0.0
0,1,4043,4667690669450,73.04954598373023,4.90118150882248e-41
0,0,4044,4668086626816,73.0557427323718,0.0
0,1,4044,4668828295384,73.06734987517528,5.153415232400947e-41
0,0,4045,4669228193280,73.07360829326923,0.0
0,1,4045,4669966069805,73.08515609044784,4.991845519464296e-41
0,0,4046,4670364195328,73.09138677083334,0.0
0,1,4046,4670759568865,73.09757438252767,5.002355257946732e-41
0,0,4047,4671500318208,73.10916713942308,0.0
0,1,4047,4671897079599,73.11537647108811,5.158179647179652e-41
0,0,4048,4672636161024,73.126943125,0.0
0,1,4048,4673029407841,73.13309745344114,4.910570208533456e-41
0,0,4049,4673425031680,73.1392889823718,0.0
0,1,4049,4674057558864,73.14918805814303,4.903843975904697e-41
0,0,4050,4674798478336,73.16078347756411,0.0
0,1,4050,4675195190943,73.1669920457576,4.932990983962654e-41
0,0,4051,4676281075200,73.18398617788462,0.0
0,1,4051,4676676851097,73.19018008652907,5.088815373195573e-41
0,0,4052,4677416623616,73.20175755608975,0.0
0,1,4052,4677814499568,73.20798433067908,5.061770312834104e-41
0,0,4053,4678210854400,73.2141872996795,0.0
0,1,4053,4678952370239,73.225792052268,5.187887174623338e-41
0,0,4054,4679352532992,73.23205461538461,0.0
0,1,4054,4680090123165,73.24359793114296,4.970966172345856e-41
0,0,4055,4680488889344,73.24983863782052,0.0
0,1,4055,4680883545413,73.2560150211119,4.997590843168028e-41
0,0,4056,4681625445888,73.26762579326923,0.0
0,1,4056,4682021201057,73.27381937751966,4.989743571767809e-41
0,0,4057,4682419996672,73.2800605448718,0.0
0,1,4057,4683158912998,73.29162461497772,4.956953187702608e-41
0,0,4058,4683556096512,73.29784055288462,0.0
0,1,4058,4684296584516,73.3094292198142,5.075222778091622e-41
0,0,4059,4684692293120,73.31562207532052,0.0
0,1,4059,4685778662467,73.33262379912547,5.211288858977562e-41
0,0,4060,4686517263872,73.34418294070512,0.0
0,1,4060,4686911030650,73.35034540655674,4.974189158813803e-41
0,0,4061,4687653170688,73.36195992788461,0.0
0,1,4061,4688033282162,73.36790868768155,5.083630568877571e-41
0,0,4062,4688430827008,73.37413028044872,0.0
0,1,4062,4689170957260,73.38571334854518,5.002775647486029e-41
0,0,4063,4689566673408,73.39190632211539,0.0
0,1,4063,4689964369775,73.39813028619228,4.981475910828292e-41
0,0,4064,4690702835200,73.40968729967949,0.0
0,1,4064,4691096293024,73.41584493038863,5.027858889997444e-41
0,0,4065,4691838709248,73.42746377403846,0.0
0,1,4065,4692233701367,73.43364541652582,4.94125864490217e-41
0,0,4066,4692633431552,73.4399012099359,0.0
0,1,4066,4693376591724,73.45153169640174,5.09764355352082e-41
0,0,4067,4693775170048,73.45776946314103,0.0
0,1,4067,4694514537153,73.46934058795635,5.007540062264734e-41
0,0,4068,4694911414272,73.47555173076923,0.0
0,1,4068,4695652490270,73.48714959982848,4.912672156229944e-41
0,0,4069,4696053349888,73.49342306891026,0.0
0,1,4069,4696790230889,73.50495528609838,5.204983015888101e-41
0,0,4070,4697189568000,73.51120492788462,0.0
0,1,4070,4697583635743,73.51737210385053,5.019451099211495e-41
0,0,4071,4698325845504,73.52898771634615,0.0
0,1,4071,4698721234531,73.53517557045961,4.977272015435318e-41
0,0,4072,4699461858304,73.54676636217948,0.0
0,1,4072,4699858700729,73.55297696202987,5.088254853809843e-41
0,0,4073,4700256510464,73.55920270032051,0.0
0,1,4073,4700996391181,73.57078186318422,4.946023059680874e-41
0,0,4074,4701392461312,73.57698037660256,0.0
0,1,4074,4701768386624,73.58286362279648,5.174855098905117e-41
0,0,4075,4702506134528,73.59440940705129,0.0
0,1,4075,4702900119925,73.600575294299,4.90230254759394e-41
0,0,4076,4703641786368,73.61218240384616,0.0
0,1,4076,4704037337791,73.61837279946351,5.126370172039478e-41
0,0,4077,4704777462784,73.62995578525641,0.0
0,1,4077,4705519215034,73.64156423768655,4.980915391442562e-41
0,0,4078,4706260454912,73.65316467147436,0.0
0,1,4078,4706656721687,73.65936626237918,5.171211722897872e-41
0,0,4079,4707396128768,73.67093801282051,0.0
0,1,4079,4707788696642,73.6770817157765,4.997590843168028e-41
0,0,4080,4708184969728,73.68328340544872,0.0
0,1,4080,4708926194071,73.69488359611316,5.158600036718949e-41
0,0,4081,4709327085056,73.70115755608974,0.0
0,1,4081,4709719715652,73.70730224064754,5.07676420640238e-41
0,0,4082,4710457773056,73.71885286858975,0.0
0,1,4082,4710851911789,73.72502115555201,4.841205934549378e-41
0,0,4083,4711594022912,73.73663522435898,0.0
0,1,4083,4711989364672,73.74282233874199,5.000673699789542e-41
0,0,4084,4712388372992,73.7490668349359,0.0
0,1,4084,4713127248663,73.76063026878944,4.988762662842781e-41
0,0,4085,4713524413952,73.76684592147436,0.0
0,1,4085,4714264939109,73.77843516984989,5.07115901254508e-41
0,0,4086,4714660629504,73.78462774038462,0.0
0,1,4086,4715402395575,73.79623640911396,4.927245660258922e-41
0,0,4087,4715802502144,73.80249809294872,0.0
0,1,4087,4716539841807,73.81403748821552,4.950226955073849e-41
0,0,4088,4716938433536,73.82027546474359,0.0
0,1,4088,4717677933154,73.83184866339268,5.004457205643219e-41
0,0,4089,4718074114560,73.83804891826924,0.0
0,1,4089,4718471524374,73.8442683977802,5.089796282120601e-41
0,0,4090,4719210021376,73.85582590544873,0.0
0,1,4090,4719603818304,73.86198884314904,5.11067562923904e-41
0,0,4091,4720346023936,73.87360439102564,0.0
0,1,4091,4720741571227,73.87979472197704,5.096102125210062e-41
0,0,4092,4721140564992,73.88603899038462,0.0
0,1,4092,4721879233507,73.89759918223847,4.965360978488557e-41
0,0,4093,4722276450816,73.90381564903846,0.0
0,1,4093,4723016912697,73.91540390714205,5.052381613123128e-41
0,0,4094,4723412496384,73.92159480769232,0.0
0,1,4094,4723810226401,73.92781929839306,4.911551117458484e-41
0,0,4095,4724894875648,73.9447941025641,0.0
0,1,4095,4725636331916,73.95639792286408,4.930889036266166e-41
0,0,4096,4726035622400,73.9626468349359,0.0
0,1,4096,4726429762350,73.96881514094426,5.046636289419396e-41
0,0,4097,4727171181056,73.98041837339744,0.0
0,1,4097,4727567723653,73.98662428092761,4.895436185118748e-41
0,0,4098,4728306950656,73.99819321314102,0.0
0,1,4098,4728700250041,74.00434836427347,5.042432394026422e-41
0,0,4099,4729095881728,74.01054001602564,0.0
0,1,4099,4729838059284,74.02215512451173,4.929347607955409e-41
0,0,4100,4730237607936,74.02840807692309,0.0
0,1,4100,4730631555255,74.03457336824857,5.19363249832707e-41
0,0,4101,4731373540864,74.0461854727564,0.0
0,1,4101,4731769745944,74.05238609813202,4.939717216591413e-41
0,0,4102,4732509310976,74.06396032051282,0.0
0,1,4102,4732902694211,74.07011678390111,5.050840184812371e-41
0,0,4103,4733639768064,74.08165201923077,0.0
0,1,4103,4734035744889,74.08784907240647,5.132535885282507e-41
0,0,4104,4734434262528,74.09408588942308,0.0
0,1,4104,4735518237059,74.1110501342617,5.048177717730153e-41
0,0,4105,4735917800448,74.11730331730769,0.0
0,1,4105,4736656552666,74.12886481911684,5.146128480386458e-41
0,0,4106,4737054066688,74.13508592948718,0.0
0,1,4106,4737794640933,74.14667594609188,5.123707704957261e-41
0,0,4107,4738190235648,74.15286701923077,0.0
0,1,4107,4738588110816,74.15909378155048,4.98301733913905e-41
0,0,4108,4739326076416,74.17064297275641,0.0
0,1,4108,4739720220931,74.1768113502072,4.854798529653329e-41
0,0,4109,4740462047232,74.18842096153847,0.0
0,1,4109,4740857743450,74.19461362320338,5.067936026077133e-41
0,0,4110,4741256474624,74.20085378205128,0.0
0,1,4110,4741995721133,74.21242301953438,5.075783297477352e-41
0,0,4111,4742392432640,74.21863157051283,0.0
0,1,4111,4743133930241,74.23023603767591,4.953309811695363e-41
0,0,4112,4743534092288,74.23649858974359,0.0
0,1,4112,4743927707308,74.24265868057643,5.080968101795354e-41
0,0,4113,4744665099264,74.25419889423077,0.0
0,1,4113,4745749224250,74.27116549369616,5.109694720314013e-41
0,0,4114,4746490110464,74.2827603926282,0.0
0,1,4114,4746887219846,74.28897517036634,5.163364451497653e-41
0,0,4115,4747284841472,74.2951979647436,0.0
0,1,4115,4748025293788,74.30678607315456,5.060088754676914e-41
0,0,4116,4748420846592,74.31297649038461,0.0
0,1,4116,4749158108440,74.32451466784356,4.985679806221267e-41
0,0,4117,4749556601856,74.33075110576924,0.0
0,1,4117,4749951921859,74.33693787965433,4.907907741451239e-41
0,0,4118,4750692412928,74.34852659455129,0.0
0,1,4118,4751090031132,74.3547493353741,5.059668365137617e-41
0,0,4119,4751828181504,74.36630141826923,0.0
0,1,4119,4752222391620,74.3724708223783,4.957513707088338e-41
0,0,4120,4752622781952,74.37873694711539,0.0
0,1,4120,4753360512664,74.3902824623147,4.992406038850026e-41
0,0,4121,4753759089664,74.39652020833334,0.0
0,1,4121,4754498440678,74.40809108132387,4.927245660258922e-41
0,0,4122,4755236616192,74.41964355769231,0.0
0,1,4122,4755630657309,74.42581031696027,4.887168524179232e-41
0,0,4123,4756372295168,74.43741697916667,0.0
0,1,4123,4756768353902,74.4436153142215,4.964800459102827e-41
0,0,4124,4757508221952,74.45519427884615,0.0
0,1,4124,4757905868737,74.46141746696277,4.916876051622918e-41
0,0,4125,4758302592000,74.46762620192308,0.0
0,1,4125,4759027561657,74.47897200610039,5.063872260530591e-41
0,0,4126,4759427575296,74.48523223557693,0.0
0,1,4126,4760165578769,74.49678201949682,5.027858889997444e-41
0,0,4127,4760563888128,74.50301557692308,0.0
0,1,4127,4761303302495,74.5145874413906,4.915755012851458e-41
0,0,4128,4761699757056,74.52079197115386,0.0
0,1,4128,4762097002759,74.52700888232108,4.917856960547946e-41
0,0,4129,4762835240960,74.53856233974359,0.0
0,1,4129,4763229184065,74.54472756511981,5.123707704957261e-41
0,0,4130,4763971043840,74.55633770032051,0.0
0,1,4130,4764711470394,74.56792540555514,4.978393054206778e-41
0,0,4131,4765448768512,74.57946415064103,0.0
0,1,4131,4765844212847,74.5856528703269,5.039769926944205e-41
0,0,4132,4766584768000,74.59724258814103,0.0
0,1,4132,4766982285762,74.60346375704252,5.007540062264734e-41
0,0,4133,4767379502592,74.60968021634615,0.0
0,1,4133,4768120088867,74.62127042122083,4.97573058712456e-41
0,0,4134,4768515627008,74.62746060897436,0.0
0,1,4134,4769252488781,74.63899252524352,5.007540062264734e-41
0,0,4135,4769651316736,74.64523419871796,0.0
0,1,4135,4770390261663,74.65679871643067,5.05756641744113e-41
0,0,4136,4770787411968,74.66301413461538,0.0
0,1,4136,4771183663427,74.6692154858242,4.986100195760564e-41
0,0,4137,4771923360768,74.68079177884616,0.0
0,1,4137,4772316021881,74.68693694099622,5.086713425499086e-41
0,0,4138,4773054031872,74.69848682692307,0.0
0,1,4138,4773448032161,74.7046529472312,4.894455276193721e-41
0,0,4139,4774190267392,74.71626895833333,0.0
0,1,4139,4774585919227,74.72246092540252,5.340068187849013e-41
0,0,4140,4775326593024,74.7340525,0.0
0,1,4140,4776067955697,74.74565485553448,5.032483174929716e-41
0,0,4141,4776809645568,74.75726233173077,0.0
0,1,4141,4777205976910,74.76346493311173,4.983577858524779e-41
0,0,4142,4777945584128,74.77503981570513,0.0
0,1,4142,4778338583161,74.78119026631673,5.1117966680105e-41
0,0,4143,4778734653952,74.7873887900641,0.0
0,1,4143,4779476431323,74.7989976356389,5.022113566293712e-41
0,0,4144,4779876469248,74.8052582451923,0.0
0,1,4144,4780270120320,74.81141890024038,4.919958908244433e-41
0,0,4145,4781012638720,74.82303934294872,0.0
0,1,4145,4781408277724,74.82923110921224,5.010062399500518e-41
0,0,4146,4782148855296,74.84082117788462,0.0
0,1,4146,4782545921567,74.84703528093387,5.108153292003256e-41
0,0,4147,4782943255552,74.85325357371795,0.0
0,1,4147,4783683301233,74.86483531827487,4.985679806221267e-41
0,0,4148,4784078916096,74.87102670673077,0.0
0,1,4148,4784820886216,74.88263856883513,4.983998248064077e-41
0,0,4149,4785219966976,74.88888419871795,0.0
0,1,4149,4786302581187,74.90582715449406,4.968443835110071e-41
0,0,4150,4787043407360,74.91742111378205,0.0
0,1,4150,4787440460563,74.92363501231658,5.102407968299524e-41
0,0,4151,4787837755904,74.92985270032051,0.0
0,1,4151,4788578278498,74.94144190858499,4.952749292309633e-41
0,0,4152,4788979312640,74.94771810897436,0.0
0,1,4152,4789715847606,74.95924491070087,5.175836007830144e-41
0,0,4153,4790115499520,74.96549947916667,0.0
0,1,4153,4790509004130,74.97165784207857,4.966341887413584e-41
0,0,4154,4791251332096,74.98327530448718,0.0
0,1,4154,4791646579884,74.98946094820462,4.886608004793502e-41
0,0,4155,4792045562880,74.99570504807693,0.0
0,1,4155,4792784215042,75.00726498400566,5.001234219175272e-41
0,0,4156,4793181275136,75.01347899038461,0.0
0,1,4156,4793921925472,75.0250701978165,4.902722937133237e-41
0,0,4157,4794322524672,75.03133959134615,0.0
0,1,4157,4795059734689,75.04287695764786,5.146128480386458e-41
0,0,4158,4795800224256,75.05446564903846,0.0
0,1,4158,4796197533179,75.06068354960124,5.066955117152106e-41
0,0,4159,4796594768384,75.06690029647436,0.0
0,1,4159,4797335081801,75.0784862311104,5.042992913412152e-41
0,0,4160,4797730585088,75.08467587339744,0.0
0,1,4160,4798467269240,75.09620500989082,5.006419023493274e-41
0,0,4161,4798865947648,75.10244434294871,0.0
0,1,4161,4799260858914,75.10862472008338,4.927806179644652e-41
0,0,4162,4800001508352,75.12021591346154,0.0
0,1,4162,4800398827886,75.12643398008689,4.917296441162216e-41
0,0,4163,4801137192960,75.13798942307693,0.0
0,1,4163,4801531174052,75.14415524295123,5.09147784027779e-41
0,0,4164,4801931457536,75.15041969551282,0.0
0,1,4164,4802669215737,75.1619656409161,5.039769926944205e-41
0,0,4165,4803067136000,75.16819310897436,0.0
0,1,4165,4803807195473,75.17977506937663,4.94125864490217e-41
0,0,4166,4804202937344,75.18596844551283,0.0
0,1,4166,4804945186977,75.19758468200683,4.881843590014798e-41
0,0,4167,4805344209408,75.20382939903847,0.0
0,1,4167,4805738590290,75.21000147564229,5.030381227233228e-41
0,0,4168,4806480409600,75.22161097756411,0.0
0,1,4168,4806876271004,75.22780622439653,4.971526691731586e-41
0,0,4169,4807616359424,75.23938863782051,0.0
0,1,4169,4808013908201,75.245610292108,4.825651521595373e-41
0,0,4170,4808410700800,75.25182011217949,0.0
0,1,4170,4809151530552,75.26341412747897,5.081528621181084e-41
0,0,4171,4809552424448,75.26968813301282,0.0
0,1,4171,4810289287565,75.28122007031563,4.965781368027854e-41
0,0,4172,4810688394240,75.28746610576923,0.0
0,1,4172,4811083083577,75.29364300970616,5.09035680150633e-41
0,0,4173,4811824444416,75.30524533653846,0.0
0,1,4173,4812221134480,75.3114535519331,4.934532412273411e-41
0,0,4174,4812960453632,75.32302392628205,0.0
0,1,4174,4813353758659,75.32917916571202,4.896977613429506e-41
0,0,4175,4814090918400,75.34071574519231,0.0
0,1,4175,4814486076663,75.34689998783992,4.953309811695363e-41
0,0,4176,4815227172864,75.35849817307692,0.0
0,1,4176,4815968016358,75.37009240343926,4.966341887413584e-41
0,0,4177,4816368939008,75.37636685897436,0.0
0,1,4177,4817111020375,75.38798046209874,4.895436185118748e-41
0,0,4178,4817510687744,75.39423527243589,0.0
0,1,4178,4817904744201,75.40040227177546,4.948125007377362e-41
0,0,4179,4818646958592,75.41201795673076,0.0
0,1,4179,4819043138153,75.418218182733,4.961717602481312e-41
0,0,4180,4819783031296,75.4297975400641,0.0
0,1,4180,4820176203670,75.4359507034693,4.879881772164743e-41
0,0,4181,4820572110848,75.44214666666667,0.0
0,1,4181,4821314374372,75.4537631205554,5.003336166871759e-41
0,0,4182,4821713685504,75.46001235576924,0.0
0,1,4182,4822452447790,75.47157401514298,4.887168524179232e-41
0,0,4183,4822849597952,75.47778943108975,0.0
0,1,4183,4823246311907,75.48399802037949,5.100306020603037e-41
0,0,4184,4823985708032,75.49556959935897,0.0
0,1,4184,4824378652434,75.50171919499324,5.050279665426641e-41
0,0,4185,4825116477440,75.51326618589744,0.0
0,1,4185,4825855063013,75.52482507970565,4.94294020305936e-41
0,0,4186,4826252838400,75.53105028044872,0.0
0,1,4186,4826993056569,75.54263472444974,4.94294020305936e-41
0,0,4187,4827389153280,75.54883365384616,0.0
0,1,4187,4828130675852,75.5604385118064,4.919958908244433e-41
0,0,4188,4828530629632,75.56669780448718,0.0
0,1,4188,4828924149808,75.57285641100762,5.09764355352082e-41
0,0,4189,4829661753856,75.58439994391026,0.0
0,1,4189,4830056224098,75.59057341900166,5.161823023186896e-41
0,0,4190,4830798165504,75.60218483173077,0.0
0,1,4190,4831193990844,75.60837951416016,5.217034182681294e-41
0,0,4191,4831592867840,75.61462195512821,0.0
0,1,4191,4832331539463,75.62618219562238,4.957934096627635e-41
0,0,4192,4832729090048,75.63240387820512,0.0
0,1,4192,4833474341754,75.64406709726187,5.105490824921039e-41
0,0,4193,4833870894592,75.6502731650641,0.0
0,1,4193,4834612164301,75.66187406570826,4.911130727919186e-41
0,0,4194,4835353834496,75.67348123397436,0.0
0,1,4194,4835750111264,75.67968298127003,5.088815373195573e-41
0,0,4195,4836489846784,75.69125987179487,0.0
0,1,4195,4836882672469,75.69740760950333,4.902722937133237e-41
0,0,4196,4837620190720,75.70894979967949,0.0
0,1,4196,4838015156348,75.71513102758163,4.887168524179232e-41
0,0,4197,4838414733824,75.72138443108975,0.0
0,1,4197,4839153136096,75.73294045622997,5.019030709672197e-41
0,0,4198,4839550360064,75.73915702724359,0.0
0,1,4198,4840290642720,75.75074248046876,5.013285385968466e-41
0,0,4199,4840686339072,75.75693514423077,0.0
0,1,4199,4841083991751,75.76315842458872,4.977832534821048e-41
0,0,4200,4841822048256,75.77470903846154,0.0
0,1,4200,4842215889919,75.7808726762664,5.075222778091622e-41
0,0,4201,4842957727744,75.79248246794872,0.0
0,1,4201,4843353210194,75.79867178413586,5.117962381253529e-41
0,0,4202,4843751870464,75.80491083333334,0.0
0,1,4202,4844490606237,75.81647207777758,5.005438114568247e-41
0,0,4203,4845229095936,75.82802947115385,0.0
0,1,4203,4845622471127,75.83418580865322,5.116981472328502e-41
0,0,4204,4846364846592,75.84580401442308,0.0
0,1,4204,4847109097701,75.85745157409669,4.97573058712456e-41
0,0,4205,4847505921024,75.863661875,0.0
0,1,4205,4847902166161,75.86986312726926,5.086713425499086e-41
0,0,4206,4848641593344,75.88143519230769,0.0
0,1,4206,4849039326690,75.88765973510742,4.861524762282088e-41
0,0,4207,4849782209024,75.89928587339743,0.0
0,1,4207,4850176448805,75.90545574176495,4.925143712562435e-41
0,0,4208,4850576461312,75.91171595352564,0.0
0,1,4208,4851319107224,75.92333839180189,4.889690861415017e-41
0,0,4209,4851717449216,75.9295724599359,0.0
0,1,4209,4852117645401,75.93583554626466,4.940277735977143e-41
0,0,4210,4852858144768,75.94742439102565,0.0
0,1,4210,4853254649767,75.9536297101456,5.107032253231796e-41
0,0,4211,4853993320448,75.96518993589744,0.0
0,1,4211,4854736173218,75.97681561150966,4.923041764865947e-41
0,0,4212,4855480980480,75.988471875,0.0
0,1,4212,4855873815536,75.99461975936498,4.953870331081093e-41
0,0,4213,4856269245440,76.00080825320514,0.0
0,1,4213,4857005892389,76.01233680747008,4.998151362553758e-41
0,0,4214,4857404378112,76.018573125,0.0
0,1,4214,4858148781717,76.03022307124212,4.993947467160783e-41
0,0,4215,4858544841216,76.03642141826923,0.0
0,1,4215,4859286392294,76.0480267223495,5.133656924053967e-41
0,0,4216,4859685666304,76.05427537660256,0.0
0,1,4216,4860079903129,76.06044519870856,5.020572137982955e-41
0,0,4217,4860820997632,76.0720433573718,0.0
0,1,4217,4861217296094,76.07824544417944,4.965781368027854e-41
0,0,4218,4861956502016,76.08981404647436,0.0
0,1,4218,4862349510686,76.0959646479054,5.048738237115883e-41
0,0,4219,4863086612480,76.10750032051283,0.0
0,1,4219,4863481627470,76.11368232093224,4.956953187702608e-41
0,0,4220,4863880581120,76.11992596153847,0.0
0,1,4220,4864624374457,76.13156635706193,5.140383156682726e-41
0,0,4221,4865361939456,76.14310927884615,0.0
0,1,4221,4865756481504,76.14928387770433,4.948125007377362e-41
0,0,4222,4866496755200,76.16086919070513,0.0
0,1,4222,4866893951797,76.1670853333615,5.042992913412152e-41
0,0,4223,4867631753216,76.17863195512821,0.0
0,1,4223,4868026031717,76.18480242946526,4.98301733913905e-41
0,0,4224,4868425446912,76.19105329326923,0.0
0,1,4224,4869168877528,76.20268801219451,4.997030323782298e-41
0,0,4225,4869565883392,76.2089011698718,0.0
0,1,4225,4870311573837,76.22057125521147,5.053923041433885e-41
0,0,4226,4870712125952,76.22683991185897,0.0
0,1,4226,4871110258957,76.23307070933807,4.998711881939487e-41
0,0,4227,4871847353856,76.24460627403846,0.0
0,1,4227,4872242071614,76.25078362276517,5.084191088263301e-41
0,0,4228,4872982789632,76.26237588942308,0.0
0,1,4228,4873379442072,76.2685835160006,4.99604941485727e-41
0,0,4229,4874118052864,76.28014280448718,0.0
0,1,4229,4874511486659,76.28630005914151,4.936634359969898e-41
0,0,4230,4875253112832,76.29790653846155,0.0
0,1,4230,4875998381016,76.30957001539964,5.024776033375929e-41
0,0,4231,4876393858560,76.31575925480769,0.0
0,1,4231,4877140853058,76.32744974862906,5.075222778091622e-41
0,0,4232,4877540659200,76.33370673076924,0.0
0,1,4232,4877933863661,76.33986039633727,4.970545782806559e-41
0,0,4233,4878670549504,76.35138955929487,0.0
0,1,4233,4879065801757,76.35757527288975,5.021553046907982e-41
0,0,4234,4879805910016,76.36915799679487,0.0
0,1,4234,4880202745707,76.37536849125789,5.209186911281075e-41
0,0,4235,4880600000512,76.3815855448718,0.0
0,1,4235,4881345527000,76.39325306427784,5.019451099211495e-41
0,0,4236,4881740973056,76.39944181089744,0.0
0,1,4236,4882138589311,76.40566452121833,5.011743957657708e-41
0,0,4237,4882876009984,76.41720518429487,0.0
0,1,4237,4883270297003,76.42337579193898,5.034164733086905e-41
0,0,4238,4884011448320,76.43497483974359,0.0
0,1,4238,4884756737726,76.44663864880684,4.889270471875719e-41
0,0,4239,4885493488640,76.4581688301282,0.0
0,1,4239,4885888148461,76.46434527213854,5.183122759844633e-41
0,0,4240,4886628493312,76.47593169871796,0.0
0,1,4240,4887025196342,76.48214011703101,5.005998633953977e-41
0,0,4241,4887422515200,76.48835817307693,0.0
0,1,4241,4888167629988,76.50001924936149,4.980915391442562e-41
0,0,4242,4888563550208,76.50621541666666,0.0
0,1,4242,4889310254618,76.5179013705992,4.884506057097015e-41
0,0,4243,4889710175232,76.52416014423078,0.0
0,1,4243,4890103555010,76.53031655351688,5.069057064848593e-41
0,0,4244,4890845712896,76.54193135416666,0.0
0,1,4244,4891240675601,76.54811253632374,5.125249133268018e-41
0,0,4245,4891981192704,76.55970165865385,0.0
0,1,4245,4892377627744,76.56590588291266,4.994507986546513e-41
0,0,4246,4892775332352,76.57212997596154,0.0
0,1,4246,4893520188354,76.58378700223483,5.052802002662425e-41
0,0,4247,4893916059648,76.58998240384615,0.0
0,1,4247,4894663036725,76.60167262502817,4.949666435688119e-41
0,0,4248,4895404475904,76.61327617788461,0.0
0,1,4248,4895800109697,76.61946786259578,5.047056678958694e-41
0,0,4249,4896540180480,76.63105,0.0
0,1,4249,4896937352658,76.63726576049805,5.042992913412152e-41
0,0,4250,4897675783168,76.64882222756411,0.0
0,1,4250,4898069012732,76.65497628599509,5.029400318308201e-41
0,0,4251,4898464345088,76.66116325320513,0.0
0,1,4251,4899200789549,76.67268863852476,5.114319005246285e-41
0,0,4252,4899600011776,76.6789364823718,0.0
0,1,4252,4900338173312,76.69048873998398,4.978393054206778e-41
0,0,4253,4900735280640,76.69670348557692,0.0
0,1,4253,4901131316002,76.70290145485903,4.935653451044871e-41
0,0,4254,4901870424064,76.71446852564102,0.0
0,1,4254,4902263473747,76.72061976892716,4.917296441162216e-41
0,0,4255,4902659082240,76.72681105769232,0.0
0,1,4255,4903401157034,76.73842455794897,5.011183438271978e-41
0,0,4256,4903800099840,76.74466802884615,0.0
0,1,4256,4904538721533,76.75622748793383,5.185785226926851e-41
0,0,4257,4905277241856,76.76778536057692,0.0
0,1,4257,4906014764492,76.7793276193785,4.99604941485727e-41
0,0,4258,4906412705792,76.78555541666667,0.0
0,1,4258,4907152168731,76.79712804128793,4.913232675615674e-41
0,0,4259,4907548184064,76.80332569711538,0.0
0,1,4259,4907945419467,76.80954244708721,4.925143712562435e-41
0,0,4260,4908683839488,76.82109875,0.0
0,1,4260,4909077379063,76.82725766011556,5.154956660711705e-41
0,0,4261,4909819288064,76.83886856570513,0.0
0,1,4261,4910215177553,76.84506425206894,5.019451099211495e-41
0,0,4262,4910613461504,76.85129741185898,0.0
0,1,4262,4911352903318,76.86286970587315,5.086713425499086e-41
0,0,4263,4911749358080,76.86907423878205,0.0
0,1,4263,4912146123329,76.87528363082495,4.917296441162216e-41
0,0,4264,4912885038080,76.88684767628206,0.0
0,1,4264,4913278070134,76.89299864367364,4.998151362553758e-41
0,0,4265,4914015277056,76.90453596153846,0.0
0,1,4265,4914759677035,76.91618585103353,5.073120830395135e-41
0,0,4266,4915156588544,76.92239753205128,0.0
0,1,4266,4915897195453,76.93398805984889,4.99604941485727e-41
0,0,4267,4916639761920,76.94560925480769,0.0
0,1,4267,4917034619142,76.9517887861516,4.927245660258922e-41
0,0,4268,4917433931776,76.9580380448718,0.0
0,1,4268,4918171971158,76.96958839076898,4.934532412273411e-41
0,0,4269,4918569336832,76.97580717948718,0.0
0,1,4269,4919314809801,76.98747386131873,5.002355257946732e-41
0,0,4270,4919710393856,76.9936647676282,0.0
0,1,4270,4920108183919,76.99989019805126,5.018470190286467e-41
0,0,4271,4920846297088,77.01144169871795,0.0
0,1,4271,4921239955611,77.01760247037447,5.009081490575491e-41
0,0,4272,4921981912064,77.02921411858975,0.0
0,1,4272,4922377194991,77.03540031223395,4.977832534821048e-41
0,0,4273,4922776113664,77.04164340544872,0.0
0,1,4273,4923514502461,77.05319921970465,5.025756942300956e-41
0,0,4274,4923911491584,77.05941211538462,0.0
0,1,4274,4924657078444,77.07108057961489,4.96213799202061e-41
0,0,4275,4925057874944,77.07735306089744,0.0
0,1,4275,4926143720895,77.09434659353403,5.000253310250245e-41
0,0,4276,4926540524544,77.10055658653846,0.0
0,1,4276,4926936905057,77.10675995744754,4.935092931659141e-41
0,0,4277,4927676187136,77.11832975160257,0.0
0,1,4277,4928068980373,77.12447698149853,4.869932553068037e-41
0,0,4278,4928806731776,77.13602282051282,0.0
0,1,4278,4929200790470,77.14218985486153,5.133656924053967e-41
0,0,4279,4929600604160,77.14844695512821,0.0
0,1,4279,4930338333975,77.15999245628944,4.984558767449807e-41
0,0,4280,4930736088576,77.16621733173078,0.0
0,1,4280,4931475969125,77.17779649196527,4.937615268894925e-41
0,0,4281,4931872136704,77.18399653044872,0.0
0,1,4281,4932269459475,77.19021464773326,5.03668707032269e-41
0,0,4282,4933007980032,77.20177252403846,0.0
0,1,4282,4933401464129,77.2079305659211,4.943360592598657e-41
0,0,4283,4934143868928,77.21954923076923,0.0
0,1,4283,4934888136799,77.2311970527688,5.079426673484597e-41
0,0,4284,4935626817536,77.24275743589743,0.0
0,1,4284,4936020055948,77.24891163279999,5.023094475218739e-41
0,0,4285,4936757236224,77.26044853365384,0.0
0,1,4285,4937157156571,77.26670730310684,4.935653451044871e-41
0,0,4286,4937898253312,77.27830549679487,0.0
0,1,4286,4938294542366,77.28450743636694,5.072139921470108e-41
0,0,4287,4939033795584,77.29607677884616,0.0
0,1,4287,4939426729309,77.30222620738495,4.99604941485727e-41
0,0,4288,4940164045824,77.31376524038461,0.0
0,1,4288,4940558732931,77.31994210942196,5.041871874640692e-41
0,0,4289,4940958511616,77.32619866185898,0.0
0,1,4289,4941696269787,77.33774460679274,5.05812693682686e-41
0,0,4290,4942094288896,77.34397362179487,0.0
0,1,4290,4942834107694,77.35555181562376,4.929908127341139e-41
0,0,4291,4943229726720,77.36174326923077,0.0
0,1,4291,4943627507407,77.36796855291905,5.144587052075701e-41
0,0,4292,4944712531968,77.38494923076924,0.0
0,1,4292,4945109055442,77.39115483902368,4.964800459102827e-41
0,0,4293,4945848371712,77.40272516826923,0.0
0,1,4293,4946241422085,77.4088764223539,4.92093981716946e-41
0,0,4294,4946978807296,77.42041653044872,0.0
0,1,4294,4947373278767,77.42659002477401,5.119083420024989e-41
0,0,4295,4948114783232,77.43819459935898,0.0
0,1,4295,4948511297413,77.4444000621776,5.026317461686686e-41
0,0,4296,4949251066880,77.45597748397437,0.0
0,1,4296,4949648921308,77.46220392171224,4.985679806221267e-41
0,0,4297,4950045480960,77.46841009615385,0.0
0,1,4297,4950786506275,77.48000717202211,5.002355257946732e-41
0,0,4298,4951186763264,77.4862712099359,0.0
0,1,4298,4951923990903,77.49780885202262,5.033604213701175e-41
0,0,4299,4952322307072,77.50404251602565,0.0
0,1,4299,4953061562061,77.51561188622108,4.969004354495801e-41
0,0,4300,4953457694208,77.52181137019231,0.0
0,1,4300,4953854594668,77.52802287829277,4.938736307666385e-41
0,0,4301,4954592847360,77.5395765625,0.0
0,1,4301,4955336093534,77.5512083949006,5.158179647179652e-41
0,0,4302,4955733750784,77.55743174679488,0.0
0,1,4302,4956473491128,77.5690087128155,4.971526691731586e-41
0,0,4303,4956869126144,77.57520041666668,0.0
0,1,4303,4957616147485,77.58689133058206,5.015387333664953e-41
0,0,4304,4958015792640,77.59314579326923,0.0
0,1,4304,4958409291220,77.5993040618114,5.031502266004688e-41
0,0,4305,4959151961600,77.61092688301282,0.0
0,1,4305,4959546394396,77.61709977207282,5.049719146040911e-41
0,0,4306,4960288180736,77.62870875801282,0.0
0,1,4306,4960683125347,77.63488965699807,5.019030709672197e-41
0,0,4307,4961082423296,77.64113868589743,0.0
0,1,4307,4961820053429,77.65268262703138,5.019451099211495e-41
0,0,4308,4962218049536,77.65891128205128,0.0
0,1,4308,4962957306115,77.67048067713029,5.011743957657708e-41
0,0,4309,4963353737216,77.67668483974359,0.0
0,1,4309,4963750386851,77.68289242242275,5.084191088263301e-41
0,0,4310,4964489236480,77.69445544871795,0.0
0,1,4310,4965231502242,77.70607193763146,5.268601966168447e-41
0,0,4311,4965977500160,77.7177468349359,0.0
0,1,4311,4966373852938,77.72394977179111,4.972087211117316e-41
0,0,4312,4966771650048,77.73017531250001,0.0
0,1,4312,4967516220526,77.74182787031125,5.233149115021029e-41
0,0,4313,4967912518656,77.74802995192307,0.0
0,1,4313,4968314585142,77.75432230853741,5.086713425499086e-41
0,0,4314,4969053749760,77.76589026442308,0.0
0,1,4314,4969446223199,77.77203248946752,5.156077699483164e-41
0,0,4315,4970183806464,77.78357569711538,0.0
0,1,4315,4970577995923,77.78974477794158,4.855779438578356e-41
0,0,4316,4971319358464,77.80134713141025,0.0
0,1,4316,4971715453918,77.80754604113457,4.929908127341139e-41
0,0,4317,4972113491968,77.81377535256411,0.0
0,1,4317,4972858142548,77.82542916397486,5.0570058980554e-41
0,0,4318,4973254766592,77.83163634615384,0.0
0,1,4318,4974000979126,77.84331460220729,5.09035680150633e-41
0,0,4319,4974401896960,77.8495889823718,0.0
0,1,4319,4975143971364,77.86120247652494,5.19363249832707e-41
0,0,4320,4975543112192,77.86744904647436,0.0
0,1,4320,4976281328505,77.87900216134878,5.021553046907982e-41
0,0,4321,4976678613504,77.8852196875,0.0
0,1,4321,4977418611907,77.89680069215433,4.983577858524779e-41
0,0,4322,4977814580224,77.90299761217949,0.0
0,1,4322,4978211787876,77.90921392784706,5.034164733086905e-41
0,0,4323,4978950380032,77.92077292467948,0.0
0,1,4323,4979343879582,77.9269312084022,4.856339957964086e-41
0,0,4324,4980092056576,77.93864020833334,0.0
0,1,4324,4980486872339,77.94481909084223,4.998151362553758e-41
0,0,4325,4980886792192,77.95107785256411,0.0
0,1,4325,4981624724565,77.96262652376615,5.079987192870327e-41
0,0,4326,4982022786560,77.9688562099359,0.0
0,1,4326,4982762588591,77.98043414136055,4.993947467160783e-41
0,0,4327,4983158807552,77.98663498397435,0.0
0,1,4327,4983556089697,77.99285246546036,5.012724866582736e-41
0,0,4328,4984294734336,78.00441228365385,0.0
0,1,4328,4984688523402,78.01057509831355,5.067936026077133e-41
0,0,4329,4985777153536,78.02761220352565,0.0
0,1,4329,4986169966980,78.03375974966197,5.021553046907982e-41
0,0,4330,4986907269632,78.04529856570512,0.0
0,1,4330,4987301762221,78.05147239052798,4.914213584540701e-41
0,0,4331,4987701608960,78.05773000801283,0.0
0,1,4331,4988439217665,78.0692736137977,4.967883315724341e-41
0,0,4332,4988837747200,78.07551061698719,0.0
0,1,4332,4989232674721,78.08169124851325,5.058547326366157e-41
0,0,4333,4989973597184,78.0932867147436,0.0
0,1,4333,4990370428662,78.09949714327298,5.0570058980554e-41
0,0,4334,4991109384192,78.11106182692308,0.0
0,1,4334,4991502428706,78.11721298931415,5.13211549574321e-41
0,0,4335,4991898185728,78.1234066025641,0.0
0,1,4335,4992640010616,78.13501619178186,5.009081490575491e-41
0,0,4336,4993381539328,78.14662114583334,0.0
0,1,4336,4993777301696,78.1528148427484,4.84751177763884e-41
0,0,4337,4994523171840,78.16448774038462,0.0
0,1,4337,4995264638435,78.17609172230256,5.07788524517384e-41
0,0,4338,4996006495744,78.18770181891026,0.0
0,1,4338,4996402097950,78.19389300928361,4.973068120042343e-41
0,0,4339,4997142622720,78.20548225160256,0.0
0,1,4339,4997539709560,78.2116966765575,4.916315532237188e-41
0,0,4340,4998278689280,78.22326173878206,0.0
0,1,4340,4998671794079,78.2294138446358,4.945042150755847e-41
0,0,4341,4999067799552,78.23561134615385,0.0
0,1,4341,4999809134830,78.24721327295548,4.973068120042343e-41
0,0,4342,5000209515008,78.25347923878205,0.0
0,1,4342,5000946753088,78.26501704427083,4.967322796338612e-41
0,0,4343,5001345378816,78.27125555288461,0.0
0,1,4343,5001740153829,78.27743379765437,4.814721393573639e-41
0,0,4344,5002481312768,78.2890329647436,0.0
0,1,4344,5002877394739,78.29523166345841,4.916315532237188e-41
0,0,4345,5003617263616,78.30681064102565,0.0
0,1,4345,5004364146244,78.31849938407703,5.13155497635748e-41
0,0,4346,5005105668608,78.33010423878206,0.0
0,1,4346,5005850802521,78.34176561437363,4.992966558235756e-41
0,0,4347,5006246743040,78.34796209935898,0.0
0,1,4347,5006988069024,78.35956388070913,5.106051344306768e-41
0,0,4348,5007387923968,78.36582162660257,0.0
0,1,4348,5008125451247,78.37736395806728,5.102828357838821e-41
0,0,4349,5008523686400,78.38359635416667,0.0
0,1,4349,5009263216961,78.39517003707495,4.920519427630163e-41
0,0,4350,5009659227648,78.4013676201923,0.0
0,1,4350,5010056693996,78.40758798446264,5.073681349780865e-41
0,0,4351,5010794875904,78.41914056089743,0.0
0,1,4351,5011188439064,78.4252998401192,5.102828357838821e-41
0,0,4352,5011930308096,78.43691012019231,0.0
0,1,4352,5012325698397,78.44309799424391,5.180039903223119e-41
0,0,4353,5012724810240,78.44934411057693,0.0
0,1,4353,5013468315853,78.46098000320826,5.1117966680105e-41
0,0,4354,5013866268672,78.46720798076923,0.0
0,1,4354,5014955272671,78.48425093698356,4.972647730503046e-41
0,0,4355,5015355521536,78.49051484775642,0.0
0,1,4355,5016092707111,78.50205183153984,4.907907741451239e-41
0,0,4356,5016491575808,78.5082941426282,0.0
0,1,4356,5016891464950,78.51455242372171,4.910570208533456e-41
0,0,4357,5017633172992,78.52616018429488,0.0
0,1,4357,5018028717122,78.53235046577649,4.96269851140634e-41
0,0,4358,5018769172992,78.5439386298077,0.0
0,1,4358,5019166267279,78.55015317130847,5.110255239699743e-41
0,0,4359,5019905175040,78.56171710737179,0.0
0,1,4359,5020298113720,78.56786661345653,5.01580772320425e-41
0,0,4360,5020694065664,78.5740632772436,0.0
0,1,4360,5021435532306,78.5856672598971,5.203441587577343e-41
0,0,4361,5021836054016,78.59193544070513,0.0
0,1,4361,5022572802394,78.60346558233799,5.006419023493274e-41
0,0,4362,5022972300288,78.60971774038462,0.0
0,1,4362,5023366268663,78.61588336123735,5.15187380409019e-41
0,0,4363,5024108713984,78.62750266025641,0.0
0,1,4363,5024848023024,78.63907287635216,5.096102125210062e-41
0,0,4364,5025244699648,78.64528088141026,0.0
0,1,4364,5025985741120,78.65687821013621,4.933551503348383e-41
0,0,4365,5026386498048,78.66315007211539,0.0
0,1,4365,5026779139811,78.66929493143718,5.119083420024989e-41
0,0,4366,5027516780544,78.68083903846154,0.0
0,1,4366,5027911214112,78.68701193960337,4.908468260836969e-41
0,0,4367,5028652510720,78.69861326121796,0.0
0,1,4367,5029048708451,78.70481377158141,5.106471733846066e-41
0,0,4368,5029446777344,78.71104356570513,0.0
0,1,4368,5030186281142,78.72261682977138,5.000673699789542e-41
0,0,4369,5030582796288,78.72882230769231,0.0
0,1,4369,5031329160742,78.74050294129984,5.017349151515008e-41
0,0,4370,5031729916416,78.74677478365385,0.0
0,1,4370,5032466685805,78.7583052541097,5.014266294893493e-41
0,0,4371,5032865873408,78.76455255608974,0.0
0,1,4371,5033260033813,78.77072118221967,4.856900477349816e-41
0,0,4372,5034001545216,78.78232586538462,0.0
0,1,4372,5034742025238,78.79391440739559,5.028839798922471e-41
0,0,4373,5035484512768,78.80553436698719,0.0
0,1,4373,5035879606106,78.81171759355594,4.938175788280655e-41
0,0,4374,5036278645248,78.81796257211539,0.0
0,1,4374,5037022449864,78.82960314415566,5.112777576935528e-41
0,0,4375,5037420274688,78.83582911858974,0.0
0,1,4375,5038160349212,78.84741131454076,5.038228498633447e-41
0,0,4376,5038556085248,78.85360459935897,0.0
0,1,4376,5038954025914,78.85983238672502,4.824110093284615e-41
0,0,4377,5039692190208,78.8713846875,0.0
0,1,4377,5040086177004,78.87755059664212,5.273366380947152e-41
0,0,4378,5040828299776,78.88916484775642,0.0
0,1,4378,5041223878199,78.89535566592485,4.980354872056832e-41
0,0,4379,5041622393344,78.90159244391026,0.0
0,1,4379,5042361488271,78.91315930912899,4.986660715146294e-41
0,0,4380,5042758196224,78.91936780448718,0.0
0,1,4380,5043154894136,78.92557614270332,4.948125007377362e-41
0,0,4381,5043894258688,78.93714722756411,0.0
0,1,4381,5044630973451,78.94867684312086,5.145567961000728e-41
0,0,4382,5045371162624,78.96026083333334,0.0
0,1,4382,5045768400218,78.9664776175944,4.865168138289332e-41
0,0,4383,5046507122176,78.97803864583334,0.0
0,1,4383,5046900324995,78.984192285704,4.997590843168028e-41
0,0,4384,5047295751168,78.99038072115385,0.0
0,1,4384,5048037653458,79.001991521716,5.070037973773621e-41
0,0,4385,5048436953600,79.0082405849359,0.0
0,1,4385,5049180073271,79.01987043755948,5.098764592292279e-41
0,0,4386,5049578608640,79.02610753205128,0.0
0,1,4386,5049973314786,79.03228469904973,5.033604213701175e-41
0,0,4387,5050714371584,79.0438822676282,0.0
0,1,4387,5051110727723,79.05008525708321,4.993947467160783e-41
0,0,4388,5051508805632,79.0563151923077,0.0
0,1,4388,5052248326522,79.06788872386444,5.139402247757699e-41
0,0,4389,5052644660224,79.07409136217949,0.0
0,1,4389,5053385746125,79.08568938622108,4.90062098943675e-41
0,0,4390,5053785724416,79.0919490625,0.0
0,1,4390,5054528285752,79.10357017715846,5.240015477496221e-41
0,0,4391,5055268913152,79.11516102564103,0.0
0,1,4391,5055671005086,79.12145378051758,4.953309811695363e-41
0,0,4392,5056410723328,79.13303040064103,0.0
0,1,4392,5056803086032,79.1391708926783,4.892353328497234e-41
0,0,4393,5057541100544,79.15072084935898,0.0
0,1,4393,5057934844410,79.15688295663688,5.101847448913794e-41
0,0,4394,5058335380480,79.16315136217949,0.0
0,1,4394,5059077483875,79.17476531004294,4.96269851140634e-41
0,0,4395,5059476632576,79.18101200320513,0.0
0,1,4395,5059876162860,79.18726466815656,5.074241869166595e-41
0,0,4396,5060618349568,79.1988799198718,0.0
0,1,4396,5061013182071,79.20505906436236,5.056024989130372e-41
0,0,4397,5061754648064,79.21666303685898,0.0
0,1,4397,5062150086080,79.22285165765224,5.017349151515008e-41
0,0,4398,5062890568704,79.23444024038461,0.0
0,1,4398,5063287183639,79.2406472800074,4.828734378216887e-41
0,0,4399,5064026243584,79.25221359775641,0.0
0,1,4399,5064763198431,79.2637469706374,4.923041764865947e-41
0,0,4400,5065161774080,79.26998469551282,0.0
0,1,4400,5065900706101,79.28154901124613,5.010062399500518e-41
0,0,4401,5066297728000,79.2877624198718,0.0
0,1,4401,5067038136965,79.29934984983787,5.022674085679442e-41
0,0,4402,5067438896128,79.30562174679487,0.0
0,1,4402,5067831387171,79.31176424734262,5.096102125210062e-41
0,0,4403,5068569018368,79.32330820512821,0.0
0,1,4403,5068963194708,79.32947708064152,4.881843590014798e-41
0,0,4404,5069363164672,79.33573662660257,0.0
0,1,4404,5070100708000,79.34727920923478,5.019030709672197e-41
0,0,4405,5070498948096,79.35351168269231,0.0
0,1,4405,5071238183408,79.3650807449419,5.043973822337179e-41
0,0,4406,5071634955264,79.37129024038462,0.0
0,1,4406,5072031514533,79.37749640883226,5.051821093737398e-41
0,0,4407,5072771050496,79.38907017628205,0.0
0,1,4407,5073168724708,79.39529379363232,4.987221234532024e-41
0,0,4408,5073906459136,79.40683936698719,0.0
0,1,4408,5074644945341,79.41839670568221,5.080547712256057e-41
0,0,4409,5075041901056,79.42460907852565,0.0
0,1,4409,5075782205205,79.43619486811711,4.843307882245865e-41
0,0,4410,5076183072256,79.44246845352565,0.0
0,1,4410,5076924943480,79.45407876790365,4.974749678199533e-41
0,0,4411,5077324427776,79.46033071314103,0.0
0,1,4411,5077718009373,79.46649028090258,5.187887174623338e-41
0,0,4412,5078460122624,79.47810438301282,0.0
0,1,4412,5078855590764,79.4842934752479,4.959615654784825e-41
0,0,4413,5079595391488,79.49587138621796,0.0
0,1,4413,5079992985786,79.50209375291091,4.836581649617106e-41
0,0,4414,5080389101568,79.50829298076923,0.0
0,1,4414,5081135609893,79.51997586596367,5.021553046907982e-41
0,0,4415,5081535612416,79.52623592147437,0.0
0,1,4415,5082273044346,79.5377767607234,4.840785545010081e-41
0,0,4416,5082671350784,79.5440102724359,0.0
0,1,4416,5083066282274,79.55019096607697,4.906926832526212e-41
0,0,4417,5083806799360,79.56178008814103,0.0
0,1,4417,5084548030491,79.57338038503794,5.002355257946732e-41
0,0,4418,5085289617920,79.58498625801282,0.0
0,1,4418,5085685290340,79.59117854723809,4.96325903079207e-41
0,0,4419,5086425302528,79.60275976762821,0.0
0,1,4419,5086822765229,79.60898007482284,4.884506057097015e-41
0,0,4420,5087219550720,79.61518978365385,0.0
0,1,4420,5087960498183,79.6267856411352,4.965360978488557e-41
0,0,4421,5088360872448,79.63305151442307,0.0
0,1,4421,5089098372436,79.64459341878255,5.254028462139469e-41
0,0,4422,5089496838144,79.65082942307693,0.0
0,1,4422,5089891965690,79.65701318500226,4.957934096627635e-41
0,0,4423,5090633039360,79.66861101762821,0.0
0,1,4423,5091029890133,79.67482174812513,5.017349151515008e-41
0,0,4424,5091427553280,79.68104519230769,0.0
0,1,4424,5092168105885,79.69263487024553,5.024776033375929e-41
0,0,4425,5092569114624,79.69891067307692,0.0
0,1,4425,5093306092277,79.71044440287272,5.092458749202818e-41
0,0,4426,5093705612288,79.71669690705129,0.0
0,1,4426,5094444029511,79.72825316617526,4.943921111984387e-41
0,0,4427,5095183992320,79.73983361378205,0.0
0,1,4427,5095576636279,79.74597850747134,4.828173858831157e-41
0,0,4428,5096314589696,79.75752750801283,0.0
0,1,4428,5096708921507,79.76369881665352,4.976711496049588e-41
0,0,4429,5097109063168,79.7699610496795,0.0
0,1,4429,5097846444024,79.78150108961839,4.859562944432033e-41
0,0,4430,5098244606976,79.78773235576924,0.0
0,1,4430,5098983833923,79.79930128710625,4.956392668316878e-41
0,0,4431,5099380116992,79.80550313301282,0.0
0,1,4431,5099782545684,79.81180115816557,4.935092931659141e-41
0,0,4432,5100521433600,79.82336478365384,0.0
0,1,4432,5100914199604,79.82951158735227,5.120064328950017e-41
0,0,4433,5101651548672,79.8410511298077,0.0
0,1,4433,5102045888354,79.84722256162986,5.060088754676914e-41
0,0,4434,5102787388416,79.8588270673077,0.0
0,1,4434,5103182943927,79.86501752690242,5.063872260530591e-41
0,0,4435,5103923426816,79.87660611378206,0.0
0,1,4435,5104664384942,79.88820213813977,4.899640080511723e-41
0,0,4436,5105064785408,79.89446842147436,0.0
0,1,4436,5105802032889,79.90600637408917,5.107592772617526e-41
0,0,4437,5106200920576,79.91224898237179,0.0
0,1,4437,5106939790934,79.92381233307667,4.937194879355628e-41
0,0,4438,5107337028608,79.93002911858974,0.0
0,1,4438,5107733217783,79.93622949505146,5.035145642011933e-41
0,0,4439,5108472993280,79.94780701121795,0.0
0,1,4439,5108870874449,79.95403386745355,5.031502266004688e-41
0,0,4440,5109267420672,79.96023983173077,0.0
0,1,4440,5110008402588,79.97183622840295,4.982036430214022e-41
0,0,4441,5110408466944,79.97809725160256,0.0
0,1,4441,5111145834468,79.98963708289513,5.065834078380646e-41
0,0,4442,5111544374784,79.99587425480769,0.0
0,1,4442,5111939278735,80.00205451746231,4.994507986546513e-41
0,0,4443,5112680083968,80.01364814903846,0.0
0,1,4443,5113076766430,80.0198562454615,5.004457205643219e-41
0,0,4444,5113815823360,80.03142251602564,0.0
0,1,4444,5114552644526,80.04295379679363,4.989323182228511e-41
0,0,4445,5114951271424,80.04919232371795,0.0
0,1,4445,5115690057466,80.06075435487405,5.199798211570099e-41
0,0,4446,5116086822400,80.06696374198718,0.0
0,1,4446,5116832819811,80.07863863135705,4.998711881939487e-41
0,0,4447,5117233660416,80.08491180288462,0.0
0,1,4447,5117636868688,80.0912220284956,5.252487033828712e-41
0,0,4448,5118375397888,80.1027800400641,0.0
0,1,4448,5118768765310,80.10893625597832,5.114879524632015e-41
0,0,4449,5119505743872,80.12047,0.0
0,1,4449,5119900704419,80.1266511483843,5.035706161397663e-41
0,0,4450,5120300131840,80.13290220352565,0.0
0,1,4450,5121043185177,80.14453101801946,5.103949396610281e-41
0,0,4451,5121441743360,80.15076846955128,0.0
0,1,4451,5122185766265,80.16241245782314,5.198256783259341e-41
0,0,4452,5122582786048,80.16862583333334,0.0
0,1,4452,5122984308546,80.17490967651368,4.821447626202398e-41
0,0,4453,5123724002816,80.18648592147436,0.0
0,1,4453,5124809950680,80.2034810490535,5.128472119735966e-41
0,0,4454,5125207073792,80.20969604166667,0.0
0,1,4454,5125947480361,80.22128343413524,4.980915391442562e-41
0,0,4455,5126348299264,80.22755626602564,0.0
0,1,4455,5127084888695,80.23908392013159,4.986100195760564e-41
0,0,4456,5127483631616,80.24532426282052,0.0
0,1,4456,5127878416929,80.25150266878569,5.064853169455619e-41
0,0,4457,5128619096064,80.26309432692308,0.0
0,1,4457,5129016123244,80.26930781819662,4.926264751333894e-41
0,0,4458,5129754656256,80.28086588942308,0.0
0,1,4458,5130148262554,80.28702584375627,5.033043694315445e-41
0,0,4459,5130548892672,80.29329572115385,0.0
0,1,4459,5131285805029,80.30482842906463,5.24674171012498e-41
0,0,4460,5131685266944,80.31108002403846,0.0
0,1,4460,5132084367790,80.31732596826798,5.106471733846066e-41
0,0,4461,5132827191808,80.32895119391026,0.0
0,1,4461,5133566024353,80.34051395284017,5.047056678958694e-41
0,0,4462,5134652246016,80.35751336538462,0.0
0,1,4462,5135047802269,80.36370383659167,5.109134200928283e-41
0,0,4463,5135788235264,80.37529164262821,0.0
0,1,4463,5136185263852,80.381505155937,5.001234219175272e-41
0,0,4464,5136924208128,80.39306966346155,0.0
0,1,4464,5137317328412,80.39922201165615,5.065834078380646e-41
0,0,4465,5138054799872,80.41076346955128,0.0
0,1,4465,5138449565519,80.41694156774277,5.125809652653748e-41
0,0,4466,5138849323008,80.42319778846154,0.0
0,1,4466,5139587179673,80.43474527483036,4.852136062571112e-41
0,0,4467,5139985296896,80.44097582532052,0.0
0,1,4467,5140724842465,80.4525497431046,5.049158626655181e-41
0,0,4468,5141121701376,80.45876060096154,0.0
0,1,4468,5141518278037,80.46496704159468,5.064853169455619e-41
0,0,4469,5142257993728,80.47654362179487,0.0
0,1,4469,5142655925464,80.48277126940606,5.017909670900737e-41
0,0,4470,5143393695744,80.49431740384615,0.0
0,1,4470,5143788275216,80.50049258839142,5.093019268588548e-41
0,0,4471,5144529163776,80.51208752403846,0.0
0,1,4471,5145270172418,80.52368433897361,5.177377436140902e-41
0,0,4472,5145671249408,80.5299612099359,0.0
0,1,4472,5146413149292,80.54157197284405,5.123287315417964e-41
0,0,4473,5146812743168,80.54782563301282,0.0
0,1,4473,5147550846902,80.55937698602139,4.882964628786258e-41
0,0,4474,5147948833280,80.56560548878205,0.0
0,1,4474,5148344210782,80.57179316252879,5.130013548046723e-41
0,0,4475,5149085638144,80.58339653044872,0.0
0,1,4475,5149481817260,80.58959674948669,4.96325903079207e-41
0,0,4476,5149880321024,80.59583334935898,0.0
0,1,4476,5150619507198,80.60740164259691,4.998151362553758e-41
0,0,4477,5151016761856,80.61361869391025,0.0
0,1,4477,5151757245782,80.62520729701899,4.972647730503046e-41
0,0,4478,5152152910336,80.63139946314102,0.0
0,1,4478,5152894774944,80.64300967397837,5.043973822337179e-41
0,0,4479,5153635524608,80.65460243589744,0.0
0,1,4479,5154032273380,80.66081157007463,4.960036044324123e-41
0,0,4480,5154771502592,80.67238053685898,0.0
0,1,4480,5155508431044,80.68391349665715,5.062751221759132e-41
0,0,4481,5155907400704,80.69015738782052,0.0
0,1,4481,5156646262810,80.70172060938127,4.927245660258922e-41
0,0,4482,5157043241472,80.70793334134616,0.0
0,1,4482,5157439698870,80.71413791550857,5.054903950358913e-41
0,0,4483,5158179270144,80.72571223557692,0.0
0,1,4483,5158571788514,80.73185516379333,4.983998248064077e-41
0,0,4484,5159309871104,80.74340618589744,0.0
0,1,4484,5159703736858,80.74957020072742,5.032483174929716e-41
0,0,4485,5160104473088,80.75584173878205,0.0
0,1,4485,5160841021792,80.76736875550881,5.025756942300956e-41
0,0,4486,5161240556544,80.77362149038461,0.0
0,1,4486,5161978582197,80.7851716214224,4.989743571767809e-41
0,0,4487,5162376928256,80.79140575320513,0.0
0,1,4487,5162771940963,80.79758771789551,4.986100195760564e-41
0,0,4488,5163513060352,80.80918626602565,0.0
0,1,4488,5164253614938,80.8207759749662,4.939296827052115e-41
0,0,4489,5164654402048,80.82704830929488,0.0
0,1,4489,5165391261855,80.83858019479605,4.912111636844214e-41
0,0,4490,5165790500864,80.84482830128205,0.0
0,1,4490,5166529177073,80.85638861354731,4.999132271478785e-41
0,0,4491,5166926979072,80.86261423076924,0.0
0,1,4491,5167666563906,80.87418876305213,4.838123077927863e-41
0,0,4492,5168063491072,80.88040068910257,0.0
0,1,4492,5168459916005,80.88660475518643,5.073681349780865e-41
0,0,4493,5169200474112,80.89819451923077,0.0
0,1,4493,5169597156409,80.90440261307154,5.09764355352082e-41
0,0,4494,5170337377280,80.91598709935897,0.0
0,1,4494,5170734210430,80.92219755405524,5.022674085679442e-41
0,0,4495,5171132572160,80.92843193108975,0.0
0,1,4495,5171876691694,80.94007743160932,5.092458749202818e-41
0,0,4496,5172274941952,80.94631006410256,0.0
0,1,4496,5173019305057,80.95795937651806,4.999692790864515e-41
0,0,4497,5173417366528,80.96418905448718,0.0
0,1,4497,5174156660653,80.97575903716259,5.017909670900737e-41
0,0,4498,5174554169344,80.98198006410257,0.0
0,1,4498,5175294084343,80.99355976348095,5.043973822337179e-41
0,0,4499,5175691081728,80.99977278846154,0.0
0,1,4499,5176431731795,81.01136399168357,4.970966172345856e-41
0,0,4500,5176827524096,81.01755815705128,0.0
0,1,4500,5177225051634,81.02377947894757,4.956392668316878e-41
0,0,4501,5177964115968,81.03534586538461,0.0
0,1,4501,5178357078814,81.04149574966821,5.133656924053967e-41
0,0,4502,5179095332864,81.0530494551282,0.0
0,1,4502,5179488836185,81.05920779786722,4.865728657675062e-41
0,0,4503,5179885093888,81.06540924679487,0.0
0,1,4503,5180626156441,81.07700690543933,4.998711881939487e-41
0,0,4504,5181027145216,81.08328239583334,0.0
0,1,4504,5181424866656,81.08950675230369,5.145567961000728e-41
0,0,4505,5182163535872,81.1010669551282,0.0
0,1,4505,5182556557461,81.10721775874211,5.116420952942772e-41
0,0,4506,5183294264320,81.11876290064103,0.0
0,1,4506,5184032836459,81.13032158420661,5.013705775507763e-41
0,0,4507,5184772363264,81.14189520833334,0.0
0,1,4507,5185164868762,81.14803793510242,5.13099445697175e-41
0,0,4508,5185561634816,81.15424733974359,0.0
0,1,4508,5186307761678,81.1659242550268,4.994507986546513e-41
0,0,4509,5186703747584,81.17212145032052,0.0
0,1,4509,5187450457975,81.18380749785595,4.918977999319405e-41
0,0,4510,5187851057664,81.19007689903846,0.0
0,1,4510,5188588010691,81.20161024343638,4.927806179644652e-41
0,0,4511,5188987598848,81.20786381410257,0.0
0,1,4511,5189381138026,81.21402271800505,4.904824884829725e-41
0,0,4512,5190123903488,81.2256470272436,0.0
0,1,4512,5190518551992,81.23182329214244,4.923041764865947e-41
0,0,4513,5191260075008,81.24342815705128,0.0
0,1,4513,5191656215831,81.24962777680226,4.949105916302389e-41
0,0,4514,5192054735360,81.25586462339744,0.0
0,1,4514,5192793792606,81.26743089890701,4.985119286835537e-41
0,0,4515,5193191042048,81.27364786858975,0.0
0,1,4515,5193931266988,81.2852324185572,4.953309811695363e-41
0,0,4516,5194669268480,81.29678217147436,0.0
0,1,4516,5195063233246,81.3029477358461,5.17331367059436e-41
0,0,4517,5195463959040,81.30921911057692,0.0
0,1,4517,5196205829200,81.32082940830328,4.904824884829725e-41
0,0,4518,5196605824512,81.32708935096154,0.0
0,1,4518,5197348533688,81.33871277932192,5.257111318760984e-41
0,0,4519,5197747625472,81.34495858173076,0.0
0,1,4519,5198491250465,81.35659634266389,5.108573681542553e-41
0,0,4520,5198889614848,81.36283076121795,0.0
0,1,4520,5199284144854,81.36900517161834,4.939717216591413e-41
0,0,4521,5200026277376,81.38061957532051,0.0
0,1,4521,5200420948511,81.38679619439542,5.070037973773621e-41
0,0,4522,5201162792960,81.39840608974359,0.0
0,1,4522,5201558005085,81.40459117533366,4.894455276193721e-41
0,0,4523,5201957744640,81.41084711538461,0.0
0,1,4523,5202700510426,81.42247142969376,5.094000177513575e-41
0,0,4524,5203100175360,81.42872620192308,0.0
0,1,4524,5203843224632,81.44035495279948,5.043973822337179e-41
0,0,4525,5204584114688,81.45194991185897,0.0
0,1,4525,5204980592529,81.45815480595516,5.025196422915226e-41
0,0,4526,5205379127296,81.46439189102564,0.0
0,1,4526,5206123250424,81.47603744779147,4.989743571767809e-41
0,0,4527,5206521383424,81.48226824519232,0.0
0,1,4527,5207265610336,81.4939154261819,4.934532412273411e-41
0,0,4528,5207663150080,81.50013693910256,0.0
0,1,4528,5208407813078,81.51179094485552,4.982036430214022e-41
0,0,4529,5208804427264,81.51799797275642,0.0
0,1,4529,5209200834422,81.52420176066082,5.199798211570099e-41
0,0,4530,5209940235776,81.53577342147436,0.0
0,1,4530,5210337723583,81.54199412157891,4.9418191642879e-41
0,0,4531,5211076197888,81.55355127403847,0.0
0,1,4531,5211469202405,81.55970181047489,4.996609934243e-41
0,0,4532,5212207287296,81.57125286858975,0.0
0,1,4532,5212600829208,81.57741181527945,4.795383474765956e-41
0,0,4533,5213343260160,81.58903088942309,0.0
0,1,4533,5213737707616,81.59520400791266,4.989743571767809e-41
0,0,4534,5214479574528,81.60681425480769,0.0
0,1,4534,5214874586029,81.61299620062412,5.07676420640238e-41
0,0,4535,5215616033792,81.62459988782051,0.0
0,1,4535,5216011492598,81.63078883397812,5.063311741144862e-41
0,0,4536,5216752389120,81.64238389423078,0.0
0,1,4536,5217148684367,81.64858593072354,5.093019268588548e-41
0,0,4537,5217546943488,81.65481870192308,0.0
0,1,4537,5218290838960,81.66646069586338,4.915755012851458e-41
0,0,4538,5218688786432,81.67268858974359,0.0
0,1,4538,5219433155874,81.68433800133339,4.987641624071321e-41
0,0,4539,5219830672896,81.69055915865385,0.0
0,1,4539,5220225863363,81.69674390529535,5.017909670900737e-41
0,0,4540,5220967181824,81.70834556891026,0.0
0,1,4540,5221362667534,81.71453493611654,4.997590843168028e-41
0,0,4541,5221762063872,81.7207855048077,0.0
0,1,4541,5222504969592,81.73241200908954,5.135758871750455e-41
0,0,4542,5222903830016,81.73865419070513,0.0
0,1,4542,5223647428832,81.75029154196714,5.004457205643219e-41
0,0,4543,5224386827776,81.7618631650641,0.0
0,1,4543,5224784089648,81.76808032927684,5.106051344306768e-41
0,0,4544,5225522907136,81.77964285256411,0.0
0,1,4544,5225915448667,81.78578614325107,5.013705775507763e-41
0,0,4545,5226311962112,81.79199159455129,0.0
0,1,4545,5227057583303,81.80366059606308,4.969985263420829e-41
0,0,4546,5227453128192,81.80985088942307,0.0
0,1,4546,5227850574947,81.81607094706217,5.043973822337179e-41
0,0,4547,5228589386240,81.82763337339743,0.0
0,1,4547,5228982016411,81.83377805130397,5.023094475218739e-41
0,0,4548,5229719823872,81.84532476762821,0.0
0,1,4548,5230113383108,81.8514839854392,5.048177717730153e-41
0,0,4549,5230514062848,81.85775463942308,0.0
0,1,4549,5231255802928,81.86936290139224,4.92093981716946e-41
0,0,4550,5231655710208,81.87562146634616,0.0
0,1,4550,5232398263712,81.88724245843349,4.98245681975332e-41
0,0,4551,5232797325824,81.89348779647436,0.0
0,1,4551,5233191306048,81.89965360276443,5.063311741144862e-41
0,0,4552,5233933302272,81.91126587339744,0.0
0,1,4552,5234677780064,81.92291698066907,5.050840184812371e-41
0,0,4553,5235075217408,81.92913689102565,0.0
0,1,4553,5235470735352,81.93532676269531,5.127351080964506e-41
0,0,4554,5236211703296,81.94692294070514,0.0
0,1,4554,5236607734604,81.95312084654196,4.809396459409205e-41
0,0,4555,5237348224000,81.96470953525642,0.0
0,1,4555,5237744535703,81.97091182928624,4.931449555651896e-41
0,0,4556,5238143180800,81.97715064102564,0.0
0,1,4556,5238887132673,81.98879351764386,5.060649274062644e-41
0,0,4557,5239285139968,81.99502234775642,0.0
0,1,4557,5240029885295,82.00667764196152,4.97573058712456e-41
0,0,4558,5240427165696,82.01289509615385,0.0
0,1,4558,5240823021851,82.01909026083922,4.888709952489989e-41
0,0,4559,5241563798016,82.0306834375,0.0
0,1,4559,5241960142940,82.03688625143981,5.010062399500518e-41
0,0,4560,5242700365824,82.04847076923078,0.0
0,1,4560,5243446659957,82.06015030231183,5.061770312834104e-41
0,0,4561,5243842515456,82.06634545673077,0.0
0,1,4561,5244584194756,82.07795276749049,5.11067562923904e-41
0,0,4562,5244984117248,82.08421157051282,0.0
0,1,4562,5245726796839,82.09583453586676,5.123287315417964e-41
0,0,4563,5246125644288,82.10207651442308,0.0
0,1,4563,5246869343139,82.11371543123686,5.03780810909415e-41
0,0,4564,5247267592704,82.11994805288462,0.0
0,1,4564,5247662724409,82.12613187989847,5.222218986999296e-41
0,0,4565,5248404008448,82.1377330048077,0.0
0,1,4565,5248799977617,82.14392993816669,4.870493072453767e-41
0,0,4566,5249540234752,82.15551499198718,0.0
0,1,4566,5249937301475,82.16172910211026,4.893894756807991e-41
0,0,4567,5250334819840,82.16795028044872,0.0
0,1,4567,5251079841613,82.1796099010448,4.932010075037626e-41
0,0,4568,5251476487168,82.1858174198718,0.0
0,1,4568,5252222391983,82.19749086011055,5.062751221759132e-41
0,0,4569,5252618505216,82.20369004807692,0.0
0,1,4569,5253364926491,82.21537157093537,4.954290720620391e-41
0,0,4570,5254102358016,82.22691240384616,0.0
0,1,4570,5254846235420,82.23855411502154,4.850174244721057e-41
0,0,4571,5255244552704,82.24478779647436,0.0
0,1,4571,5255988839551,82.2564359154491,5.067515636537836e-41
0,0,4572,5256386905088,82.26266565705129,0.0
0,1,4572,5256781981222,82.26884861437675,4.939296827052115e-41
0,0,4573,5257523797504,82.28045806891026,0.0
0,1,4573,5257919007096,82.28664311485878,5.028419409383174e-41
0,0,4574,5258660117504,82.2982415224359,0.0
0,1,4574,5259055874758,82.30443513931665,4.946023059680874e-41
0,0,4575,5259454643712,82.31067588942308,0.0
0,1,4575,5260198642734,82.32231950392503,5.088815373195573e-41
0,0,4576,5260596278784,82.32854252403847,0.0
0,1,4576,5261341024679,82.34019782713278,4.904824884829725e-41
0,0,4577,5261738063872,82.34641150641026,0.0
0,1,4577,5262134121280,82.35260982071314,5.020572137982955e-41
0,0,4578,5262874617856,82.36419862179487,0.0
0,1,4578,5263271263895,82.3704061481965,4.938175788280655e-41
0,0,4579,5264010917376,82.3819817548077,0.0
0,1,4579,5264757972900,82.39367320368841,4.946023059680874e-41
0,0,4580,5265158474240,82.39994106570514,0.0
0,1,4580,5265551174486,82.40608684028821,4.952749292309633e-41
0,0,4581,5266289433600,82.417640625,0.0
0,1,4581,5266682818170,82.4237971092811,5.089796282120601e-41
0,0,4582,5267420313088,82.43533893429488,0.0
0,1,4582,5267814631342,82.44151003076799,5.055464469744643e-41
0,0,4583,5268215775744,82.44778795673078,0.0
0,1,4583,5268957569313,82.45939705580491,5.020011618597225e-41
0,0,4584,5269358159360,82.46566630608974,0.0
0,1,4584,5270100311698,82.47728101991311,5.099184981831577e-41
0,0,4585,5270499934208,82.48353512820513,0.0
0,1,4585,5270893434412,82.48969342216296,4.971526691731586e-41
0,0,4586,5271630832640,82.50123373397436,0.0
0,1,4586,5272024895842,82.50740083887345,4.988762662842781e-41
0,0,4587,5272766822912,82.51901202724359,0.0
0,1,4587,5273161863335,82.52519442569049,4.956392668316878e-41
0,0,4588,5273903450112,82.53680028846154,0.0
0,1,4588,5274648528826,82.54846080018655,5.100306020603037e-41
0,0,4589,5275045820928,82.5546784375,0.0
0,1,4589,5275786169622,82.56626492422251,4.949105916302389e-41
0,0,4590,5276182324224,82.57246475961539,0.0
0,1,4590,5276923824738,82.58406927236705,4.9418191642879e-41
0,0,4591,5277324344832,82.59033742788462,0.0
0,1,4591,5277717127696,82.59648449544271,4.973068120042343e-41
0,0,4592,5278455618560,82.60804190705129,0.0
0,1,4592,5278848789818,82.61419505299104,4.850594634260354e-41
0,0,4593,5279586480128,82.62573993589744,0.0
0,1,4593,5279980701285,82.6319095127986,4.927806179644652e-41
0,0,4594,5280381273088,82.63817847756411,0.0
0,1,4594,5281117892025,82.64970659344013,5.032483174929716e-41
0,0,4595,5281517828608,82.65596561698719,0.0
0,1,4595,5282260645157,82.66759072573932,4.910009689147727e-41
0,0,4596,5282660133376,82.6738427323718,0.0
0,1,4596,5283398172792,82.68539307880108,5.133096404668237e-41
0,0,4597,5283797031936,82.69163524038461,0.0
0,1,4597,5284535904210,82.70319862107497,4.969985263420829e-41
0,0,4598,5284933574656,82.70942217948718,0.0
0,1,4598,5285329202551,82.71561377189441,5.214932234984807e-41
0,0,4599,5286070200320,82.72721041666667,0.0
0,1,4599,5286810575461,82.73879731728579,4.910009689147727e-41
0,0,4600,5287206638592,82.74499572115384,0.0
0,1,4600,5287603660824,82.75120913499099,4.910570208533456e-41
0,0,4601,5288342792704,82.76277657852565,0.0
0,1,4601,5288735610692,82.76892419577574,5.087273944884816e-41
0,0,4602,5289132278784,82.7751320673077,0.0
0,1,4602,5289878418092,82.7868091773713,5.004457205643219e-41
0,0,4603,5290274326528,82.79300516025641,0.0
0,1,4603,5291021241888,82.80469441556491,5.106471733846066e-41
0,0,4604,5291422287360,82.81097079326923,0.0
0,1,4604,5291820164065,82.81719757964305,5.050279665426641e-41
0,0,4605,5292559091712,82.82876182692308,0.0
0,1,4605,5292952101653,82.83491244824532,5.025196422915226e-41
0,0,4606,5293690222592,82.84646407051282,0.0
0,1,4606,5294428122086,82.8580122271572,4.972647730503046e-41
0,0,4607,5294826292224,82.86424360576923,0.0
0,1,4607,5295570823000,82.87589554224259,4.886608004793502e-41
0,0,4608,5295968053760,82.88211221955129,0.0
0,1,4608,5296708205220,82.89369561955378,5.079987192870327e-41
0,0,4609,5297104268800,82.89989403044872,0.0
0,1,4609,5297501787728,82.90611521759816,4.915334623312161e-41
0,0,4610,5298240054784,82.91766912660256,0.0
0,1,4610,5298633853816,82.92383209723057,4.96325903079207e-41
0,0,4611,5299375904768,82.93544522435897,0.0
0,1,4611,5299771300561,82.9416331843606,4.898519041740263e-41
0,0,4612,5300170568704,82.94788174679488,0.0
0,1,4612,5300908933155,82.95943718003494,5.034585122626203e-41
0,0,4613,5301306650112,82.96566146634616,0.0
0,1,4613,5301702360515,82.9718543500069,4.951768383384606e-41
0,0,4614,5302442390016,82.98343584134615,0.0
0,1,4614,5302840327963,82.98966358615974,5.096102125210062e-41
0,0,4615,5303578828288,83.00122114583334,0.0
0,1,4615,5304316466151,83.01276520794208,4.917296441162216e-41
0,0,4616,5304714848768,83.01899991185897,0.0
0,1,4616,5305453992758,83.03056754491561,4.987221234532024e-41
0,0,4617,5305851077632,83.03678193910257,0.0
0,1,4617,5306247279328,83.04298251151843,4.903283456518967e-41
0,0,4618,5306987209216,83.05456244391026,0.0
0,1,4618,5307384499237,83.06078004865597,4.972087211117316e-41
0,0,4619,5308123385344,83.07234364583334,0.0
0,1,4619,5308516695400,83.07849896396735,5.015387333664953e-41
0,0,4620,5309254066688,83.09003885416666,0.0
0,1,4620,5309648395921,83.09621012246157,4.842326973320838e-41
0,0,4621,5310048981504,83.10247930288462,0.0
0,1,4621,5310785793505,83.11401044021999,4.972087211117316e-41
0,0,4622,5311185218048,83.12026145032051,0.0
0,1,4622,5311923214626,83.13181112633339,5.033604213701175e-41
0,0,4623,5312321355264,83.13804204326924,0.0
0,1,4623,5313060769390,83.14961390396509,5.053362522048155e-41
0,0,4624,5313457289728,83.15581946314103,0.0
0,1,4624,5314542568800,83.17280412409856,4.90062098943675e-41
0,0,4625,5314940502528,83.17903180288462,0.0
0,1,4625,5315680307384,83.19060977852064,5.100306020603037e-41
0,0,4626,5316076613120,83.19681197916667,0.0
0,1,4626,5316817819651,83.2084118910726,4.954290720620391e-41
0,0,4627,5317218390528,83.21468084134615,0.0
0,1,4627,5317955242848,83.22621260967549,4.92206085594092e-41
0,0,4628,5318354632704,83.23246307692308,0.0
0,1,4628,5318748400377,83.23862555678147,4.799587370158931e-41
0,0,4629,5319491060224,83.25024821314103,0.0
0,1,4629,5319885516345,83.25642146723821,5.1117966680105e-41
0,0,4630,5320627204096,83.26802891025642,0.0
0,1,4630,5321022673815,83.2742180272029,5.003336166871759e-41
0,0,4631,5321763370496,83.2858099599359,0.0
0,1,4631,5322159702238,83.29201256757688,4.878200214007553e-41
0,0,4632,5322905196032,83.30367957532052,0.0
0,1,4632,5323302404678,83.30989590654423,4.939296827052115e-41
0,0,4633,5324041596928,83.3214642948718,0.0
0,1,4633,5324783641399,83.33307732057229,5.107032253231796e-41
0,0,4634,5325183438848,83.33933416666667,0.0
0,1,4634,5325926205602,83.35095849612506,4.995068505932243e-41
0,0,4635,5326325982720,83.35721502403847,0.0
0,1,4635,5327068867607,83.36884120228304,4.923041764865947e-41
0,0,4636,5327468171264,83.37509032051283,0.0
0,1,4636,5327861807033,83.38125073606834,5.019451099211495e-41
0,0,4637,5328604772864,83.39287818108974,0.0
0,1,4637,5328998882551,83.39904601348094,4.970966172345856e-41
0,0,4638,5329399616000,83.40531750801283,0.0
0,1,4638,5330136201814,83.41684510551258,4.817243730809424e-41
0,0,4639,5330535919616,83.4231007051282,0.0
0,1,4639,5331273762722,83.43464797929813,4.916876051622918e-41
0,0,4640,5331672551936,83.44088904647437,0.0
0,1,4640,5332067038016,83.4470627694311,4.876658785696796e-41
0,0,4641,5332809190400,83.45867748397436,0.0
0,1,4641,5333553842780,83.47033132355519,4.895436185118748e-41
0,0,4642,5333951172608,83.47654955128205,0.0
0,1,4642,5334691454877,83.48813499845065,4.888709952489989e-41
0,0,4643,5335087612416,83.4943348798077,0.0
0,1,4643,5335828796140,83.50593443478316,5.119503809564287e-41
0,0,4644,5336229670400,83.51220813301282,0.0
0,1,4644,5336977008750,83.52390400813177,4.977272015435318e-41
0,0,4645,5337377270784,83.530168125,0.0
0,1,4645,5337770348053,83.53631980000814,4.965360978488557e-41
0,0,4646,5338508055040,83.54786494391026,0.0
0,1,4646,5338902448975,83.55403722479404,4.904264365443995e-41
0,0,4647,5339302658048,83.56030051282052,0.0
0,1,4647,5340040068249,83.57184101200984,4.978393054206778e-41
0,0,4648,5340439115776,83.57808612179487,0.0
0,1,4648,5341177636837,83.58964400598771,5.017909670900737e-41
0,0,4649,5341575874560,83.5958764423077,0.0
0,1,4649,5341971018116,83.60206045479016,4.961157083095582e-41
0,0,4650,5342712350208,83.61366233173077,0.0
0,1,4650,5343108379869,83.61986021179199,4.862085281667818e-41
0,0,4651,5343849038848,83.63145155448719,0.0
0,1,4651,5344590201296,83.64305077649239,5.079426673484597e-41
0,0,4652,5344990883328,83.64932146634615,0.0
0,1,4652,5345383458159,83.65546527817946,5.03612655093696e-41
0,0,4653,5346121456640,83.66701498397435,0.0
0,1,4653,5346515729062,83.67318536317484,4.935092931659141e-41
0,0,4654,5347257676800,83.684796875,0.0
0,1,4654,5347653397998,83.69098992760291,4.997030323782298e-41
0,0,4655,5348052403200,83.69723437500001,0.0
0,1,4655,5348790763331,83.70878974063189,5.083630568877571e-41
0,0,4656,5349189002752,83.71502220352565,0.0
0,1,4656,5349933527726,83.72667404919747,4.968443835110071e-41
0,0,4657,5350330959872,83.73289387820513,0.0
0,1,4657,5350727107679,83.73909360725598,5.006979542879004e-41
0,0,4658,5351467643392,83.75068302083334,0.0
0,1,4658,5351864639904,83.75689603215145,4.964239939717097e-41
0,0,4659,5352604086784,83.76846840544871,0.0
0,1,4659,5352996478166,83.77460934629782,4.94237968367363e-41
0,0,4660,5353735325696,83.78617233974359,0.0
0,1,4660,5354472712099,83.79771246649327,5.027298370611714e-41
0,0,4661,5354871772672,83.80395778044873,0.0
0,1,4661,5355615450906,83.81559637460562,4.987641624071321e-41
0,0,4662,5356013668352,83.82182849358975,0.0
0,1,4662,5356752770145,83.83339546626165,4.892913847882964e-41
0,0,4663,5357150193664,83.83961516025641,0.0
0,1,4663,5357546105861,83.84581120200133,4.980915391442562e-41
0,0,4664,5358286578176,83.85739962339744,0.0
0,1,4664,5358683346782,83.86360906797752,4.908468260836969e-41
0,0,4665,5359422831616,83.87518203525642,0.0
0,1,4665,5359815202946,83.88132266229091,4.964239939717097e-41
0,0,4666,5360212240384,83.88753631410256,0.0
0,1,4666,5360952530383,83.89912188224596,4.94237968367363e-41
0,0,4667,5361348752384,83.9053227724359,0.0
0,1,4667,5362089824029,83.91692057337052,4.88086268108977e-41
0,0,4668,5362490355712,83.92318891025641,0.0
0,1,4668,5362882899131,83.92933223049066,4.98301733913905e-41
0,0,4669,5363968190976,83.94631709134616,0.0
0,1,4669,5364364796843,83.95252398905437,4.998711881939487e-41
0,0,4670,5365104465920,83.9640998397436,0.0
0,1,4670,5365846392993,83.97571102816069,4.92206085594092e-41
0,0,4671,5366246286848,83.98196938301282,0.0
0,1,4671,5366639673431,83.98812589879745,4.997590843168028e-41
0,0,4672,5367377350144,83.99967056891026,0.0
0,1,4672,5367771420537,84.00583778634879,4.949105916302389e-41
0,0,4673,5368513781760,84.01745576923078,0.0
0,1,4673,5368908916418,84.02363964245919,4.981475910828292e-41
0,0,4674,5369308538880,84.02989375,0.0
0,1,4674,5370046301720,84.04143976800381,4.926264751333894e-41
0,0,4675,5370444881920,84.04767756410257,0.0
0,1,4675,5371183664485,84.05923954084348,4.914774103926431e-41
0,0,4676,5371581358592,84.06546346955129,0.0
0,1,4676,5371976892675,84.07165359379695,4.897538132815236e-41
0,0,4677,5372717636096,84.08324625801282,0.0
0,1,4677,5373114371150,84.08945517750276,5.034164733086905e-41
0,0,4678,5374201386496,84.10646701121794,0.0
0,1,4678,5374595806019,84.11263969255496,5.17275315120863e-41
0,0,4679,5375337541120,84.12424787660257,0.0
0,1,4679,5375733055124,84.13043768661107,4.932010075037626e-41
0,0,4680,5376132342784,84.13668655448718,0.0
0,1,4680,5376875737075,84.14832070492476,5.124268224342991e-41
0,0,4681,5377274351104,84.15455903044872,0.0
0,1,4681,5378013090625,84.1661203335493,4.914213584540701e-41
0,0,4682,5378411202560,84.17235080128205,0.0
0,1,4682,5378806359785,84.17853502768493,4.976711496049588e-41
0,0,4683,5379547610624,84.19013563301283,0.0
0,1,4683,5379943842865,84.19633668345917,5.0570058980554e-41
0,0,4684,5380342310912,84.20257272435897,0.0
0,1,4684,5381086447524,84.21421849214994,4.960596563709852e-41
0,0,4685,5381484021760,84.22044054487179,0.0
0,1,4685,5382223639277,84.23201558864496,4.965360978488557e-41
0,0,4686,5382620355584,84.2382242147436,0.0
0,1,4686,5383017060514,84.24443266279172,4.966902406799314e-41
0,0,4687,5384103490048,84.26143532852565,0.0
0,1,4687,5384498765190,84.26762140033429,4.849053205949597e-41
0,0,4688,5385240060416,84.27922270032052,0.0
0,1,4688,5385641416439,84.28550393816043,5.101286929528064e-41
0,0,4689,5386381968896,84.29709361378205,0.0
0,1,4689,5386778556984,84.3033002332482,5.053923041433885e-41
0,0,4690,5387518914048,84.31488685096154,0.0
0,1,4690,5387915630471,84.32109547887558,4.98301733913905e-41
0,0,4691,5388313871872,84.32732797275641,0.0
0,1,4691,5389058161398,84.33897613365761,5.224320934695783e-41
0,0,4692,5389455819264,84.3451994951923,0.0
0,1,4692,5390200774756,84.35685807848809,5.086152906113356e-41
0,0,4693,5390597728256,84.36307041666667,0.0
0,1,4693,5390993736706,84.36926796477489,4.904824884829725e-41
0,0,4694,5391734041600,84.38085376602564,0.0
0,1,4694,5392131077972,84.38706740115435,4.934532412273411e-41
0,0,4695,5392870261760,84.39863565705129,0.0
0,1,4695,5393263260792,84.40478610764724,4.865728657675062e-41
0,0,4696,5394348007936,84.42176244391025,0.0
0,1,4696,5394744636779,84.42796970119379,5.078866154098867e-41
0,0,4697,5395484163584,84.43954332532051,0.0
0,1,4697,5395876616869,84.44568523495406,4.829855416988347e-41
0,0,4698,5396615306752,84.45724576121795,0.0
0,1,4698,5397008245188,84.46339526348407,4.94125864490217e-41
0,0,4699,5397404381184,84.4695948076923,0.0
0,1,4699,5398150713645,84.4812749406081,5.086152906113356e-41
0,0,4700,5398546619392,84.48747088141026,0.0
0,1,4700,5399288020080,84.499073831881,5.109134200928283e-41
0,0,4701,5399688904192,84.50534768429488,0.0
0,1,4701,5400430676441,84.51695644971016,4.881843590014798e-41
0,0,4702,5400830703104,84.52321688301282,0.0
0,1,4702,5401223771522,84.52936841950246,4.824110093284615e-41
0,0,4703,5401962008576,84.54092185897436,0.0
0,1,4703,5402355433133,84.54707896905362,4.913232675615674e-41
0,0,4704,5403093133824,84.55862401442307,0.0
0,1,4704,5403487261659,84.56479213083121,5.013285385968466e-41
0,0,4705,5404229754368,84.57641217147436,0.0
0,1,4705,5404968389828,84.58797184601613,4.997030323782298e-41
0,0,4706,5405366233088,84.59419810897437,0.0
0,1,4706,5406110751790,84.60584985648913,5.028419409383174e-41
0,0,4707,5406508195328,84.61206986378205,0.0
0,1,4707,5407253161884,84.62372862022987,5.214932234984807e-41
0,0,4708,5407649945600,84.62993830128205,0.0
0,1,4708,5408051544414,84.63622333881085,4.986660715146294e-41
0,0,4709,5408792246784,84.64781536057693,0.0
0,1,4709,5409189225633,84.65402809546838,5.083630568877571e-41
0,0,4710,5409928504832,84.66559784455129,0.0
0,1,4710,5410320850903,84.67173807628143,5.006979542879004e-41
0,0,4711,5410717392896,84.67794397435898,0.0
0,1,4711,5411458208535,84.68953776878944,5.19307197894134e-41
0,0,4712,5411853811712,84.69572897435897,0.0
0,1,4712,5412256799964,84.70203575664814,4.948125007377362e-41
0,0,4713,5412995417088,84.71359514423077,0.0
0,1,4713,5413738090966,84.72521802017603,5.011743957657708e-41
0,0,4714,5414478706176,84.73680867788462,0.0
0,1,4714,5414875148574,84.74301301729642,4.991845519464296e-41
0,0,4715,5415615136768,84.75459386217949,0.0
0,1,4715,5416012212833,84.76080811850524,5.07788524517384e-41
0,0,4716,5416409793536,84.7670302724359,0.0
0,1,4716,5417154433996,84.77868392546826,4.983577858524779e-41
0,0,4717,5417551849984,84.78490350160257,0.0
0,1,4717,5418296689965,84.79656027714657,5.072139921470108e-41
0,0,4718,5418694123008,84.80278012019231,0.0
0,1,4718,5419089895128,84.80897396972657,4.975170067738831e-41
0,0,4719,5419830409728,84.82056305288462,0.0
0,1,4719,5420227026462,84.8267701206618,4.970966172345856e-41
0,0,4720,5420966716416,84.83834629807693,0.0
0,1,4720,5421364271468,84.84456805056841,5.018470190286467e-41
0,0,4721,5422103199744,84.8561323076923,0.0
0,1,4721,5422496086174,84.86228099606245,4.96213799202061e-41
0,0,4722,5422892475904,84.86848451121796,0.0
0,1,4722,5423638621689,84.88016172264686,4.977832534821048e-41
0,0,4723,5424376730112,84.89171314903847,0.0
0,1,4723,5425119438060,84.9033365581806,5.006979542879004e-41
0,0,4724,5425519026688,84.90959013621796,0.0
0,1,4724,5426262010975,84.9212178700765,4.96325903079207e-41
0,0,4725,5426661056000,84.92746294070513,0.0
0,1,4725,5427399290783,84.93901634463579,4.988202143457051e-41
0,0,4726,5427797277696,84.94524485576923,0.0
0,1,4726,5428541909271,84.95689836975097,4.930328516880436e-41
0,0,4727,5428938839552,84.96311034455128,0.0
0,1,4727,5429334949039,84.96930947389261,5.030381227233228e-41
0,0,4728,5430074770432,84.98088770833334,0.0
0,1,4728,5430472123387,84.98710629799868,4.980354872056832e-41
0,0,4729,5431211191808,84.99867274839744,0.0
0,1,4729,5431603868962,85.0048181615898,4.935092931659141e-41
0,0,4730,5432000155136,85.01102005608975,0.0
0,1,4730,5432746559632,85.02270131635618,4.84695125825311e-41
0,0,4731,5433146842112,85.02896575320513,0.0
0,1,4731,5433883648476,85.04049680232121,4.918417479933675e-41
0,0,4732,5434282399744,85.04673727564102,0.0
0,1,4732,5435020855584,85.0582941391226,4.828173858831157e-41
0,0,4733,5435418629632,85.06451931891026,0.0
0,1,4733,5436163313295,85.07617364807129,4.864187229364305e-41
0,0,4734,5436560072192,85.08238294070513,0.0
0,1,4734,5436956498476,85.08858702793219,5.121605757260774e-41
0,0,4735,5437696209920,85.10016354166667,0.0
0,1,4735,5438093569396,85.10638223338592,4.94294020305936e-41
0,0,4736,5438832472064,85.1179460897436,0.0
0,1,4736,5439225238689,85.12409290316069,4.874136448461011e-41
0,0,4737,5439621426176,85.13029325320512,0.0
0,1,4737,5440367787524,85.14197383820363,5.013705775507763e-41
0,0,4738,5440769032192,85.14825333333333,0.0
0,1,4738,5441515702170,85.1599387484037,5.001234219175272e-41
0,0,4739,5441916384256,85.16620943910257,0.0
0,1,4739,5442314281816,85.17243655185797,4.890251380800747e-41
0,0,4740,5443052773888,85.1839939823718,0.0
0,1,4740,5443446340216,85.19015331117288,5.000253310250245e-41
0,0,4741,5444189223424,85.20177946314102,0.0
0,1,4741,5444584013766,85.20795794781024,4.876658785696796e-41
0,0,4742,5445325953536,85.2195693349359,0.0
0,1,4742,5445721278755,85.2257561904516,5.177937955526632e-41
0,0,4743,5446462492160,85.2373562099359,0.0
0,1,4743,5446858380382,85.2435518764711,5.070037973773621e-41
0,0,4744,5447599001088,85.25514262019232,0.0
0,1,4744,5447995742127,85.26135163334773,5.020011618597225e-41
0,0,4745,5448393582080,85.26757784455128,0.0
0,1,4745,5449138122012,85.27922992431641,4.948125007377362e-41
0,0,4746,5449535564800,85.2854499198718,0.0
0,1,4746,5450280605306,85.29710983364008,5.047056678958694e-41
0,0,4747,5450677725184,85.30332477564103,0.0
0,1,4747,5451073674784,85.3095214027444,5.025756942300956e-41
0,0,4748,5451814306304,85.32111231570514,0.0
0,1,4748,5452210263398,85.3273090600899,4.980915391442562e-41
0,0,4749,5452951031296,85.3389021073718,0.0
0,1,4749,5453347371694,85.34510485047952,5.066394597766376e-41
0,0,4750,5454087514624,85.35668811698719,0.0
0,1,4750,5454834056646,85.36837152954102,4.953309811695363e-41
0,0,4751,5455234559488,85.37463941506411,0.0
0,1,4751,5455971208472,85.38616800117688,4.835040221306349e-41
0,0,4752,5456370685952,85.3924198397436,0.0
0,1,4752,5456764021935,85.3985755636362,4.938175788280655e-41
0,0,4753,5457501274112,85.41011358974359,0.0
0,1,4753,5457895677406,85.41628601709611,4.878760733393283e-41
0,0,4754,5458637266944,85.42789192307693,0.0
0,1,4754,5459032785697,85.43408180740748,5.013705775507763e-41
0,0,4755,5459431953408,85.44032879807692,0.0
0,1,4755,5460153946134,85.45162801316482,4.8266324305204e-41
0,0,4756,5460552031232,85.45785806089744,0.0
0,1,4756,5461291382625,85.46942893981934,4.947003968605902e-41
0,0,4757,5461688193024,85.47563903846154,0.0
0,1,4757,5462084540664,85.48184189490685,5.063311741144862e-41
0,0,4758,5462824696832,85.49342536858974,0.0
0,1,4758,5463570944022,85.50510416701097,5.000673699789542e-41
0,0,4759,5463972079104,85.51138194711538,0.0
0,1,4759,5465063107899,85.52845659146823,4.947003968605902e-41
0,0,4760,5465803682816,85.54004661858974,0.0
0,1,4760,5466545003055,85.55164831003043,5.01636824258998e-41
0,0,4761,5466946047488,85.55792467147437,0.0
0,1,4761,5467343976953,85.5641522835443,5.014266294893493e-41
0,0,4762,5468083117568,85.57571986378206,0.0
0,1,4762,5468475844386,85.581866054218,4.986100195760564e-41
0,0,4763,5468872740352,85.58807749198718,0.0
0,1,4763,5469613107312,85.59966426457332,4.890811900186477e-41
0,0,4764,5470009703936,85.6058710176282,0.0
0,1,4764,5470750454198,85.61746378890601,5.056024989130372e-41
0,0,4765,5471146504704,85.62366199519231,0.0
0,1,4765,5471888094477,85.63526790485089,4.958494616013365e-41
0,0,4766,5472288632320,85.64153633814102,0.0
0,1,4766,5472681514158,85.64768495464618,4.896557223890208e-41
0,0,4767,5473419969536,85.65924181089744,0.0
0,1,4767,5474157906307,85.67079055092836,4.993386947775053e-41
0,0,4768,5474556365824,85.67702645833333,0.0
0,1,4768,5475295489242,85.68859376943735,4.886608004793502e-41
0,0,4769,5475692672512,85.69480970352565,0.0
0,1,4769,5476432883243,85.70639403112168,4.981475910828292e-41
0,0,4770,5476829057024,85.71259416666668,0.0
0,1,4770,5477226185664,85.71880924579327,4.99604941485727e-41
0,0,4771,5477965118464,85.73037357371796,0.0
0,1,4771,5478358064366,85.73652319282728,5.011743957657708e-41
0,0,4772,5478754321408,85.74272463141025,0.0
0,1,4772,5479500875864,85.75440823855669,4.911130727919186e-41
0,0,4773,5479896668160,85.76060240384615,0.0
0,1,4773,5480643706299,85.77229358065092,5.17331367059436e-41
0,0,4774,5481044476928,85.77856565705129,0.0
0,1,4774,5481436931937,85.78470759366549,4.923041764865947e-41
0,0,4775,5482175797248,85.79627086538461,0.0
0,1,4775,5482568558750,85.80241759862656,5.005998633953977e-41
0,0,4776,5483307053056,85.81397506410256,0.0
0,1,4776,5484044465507,85.82551559850448,4.821447626202398e-41
0,0,4777,5484785146368,85.83710728365385,0.0
0,1,4777,5485181426863,85.84330908927723,5.045094861108639e-41
0,0,4778,5485921281024,85.85488783653847,0.0
0,1,4778,5486318448633,85.86110352553148,5.101286929528064e-41
0,0,4779,5487057841664,85.87267505608975,0.0
0,1,4779,5487455374647,85.8788964632005,5.098204072906549e-41
0,0,4780,5487852649472,85.8851138301282,0.0
0,1,4780,5488598175396,85.89678134070763,5.050279665426641e-41
0,0,4781,5488994810368,85.90298869391026,0.0
0,1,4781,5489740826140,85.9146638706305,4.98301733913905e-41
0,0,4782,5490137224704,85.92086752403847,0.0
0,1,4782,5490533677494,85.92707202608548,5.086713425499086e-41
0,0,4783,5491274025472,85.93865850160256,0.0
0,1,4783,5491670936821,85.94487018011631,4.97573058712456e-41
0,0,4784,5492068974592,85.95109948717949,0.0
0,1,4784,5492813643874,85.96275359127729,4.990304091153539e-41
0,0,4785,5493210543616,85.96896508814103,0.0
0,1,4785,5494299999605,85.98601511801695,5.022674085679442e-41
0,0,4786,5494699567616,85.99226837339744,0.0
0,1,4786,5495442736349,86.00389899384328,4.943360592598657e-41
0,0,4787,5495841737216,86.01014337339744,0.0
0,1,4787,5496236075651,86.016314785704,4.984558767449807e-41
0,0,4788,5496978332672,86.02793113782052,0.0
0,1,4788,5497373442004,86.03411461469602,4.995068505932243e-41
0,0,4789,5498115255808,86.04572403044872,0.0
0,1,4789,5498510755095,86.0519136101356,4.895436185118748e-41
0,0,4790,5498910428160,86.05816850961538,0.0
0,1,4790,5499653573765,86.0697987681071,4.910570208533456e-41
0,0,4791,5500052716032,86.07604536057693,0.0
0,1,4791,5500791247313,86.08760340471316,5.041451485101394e-41
0,0,4792,5501189445120,86.09383521634615,0.0
0,1,4792,5501584600950,86.10001942091722,4.987641624071321e-41
0,0,4793,5502325547520,86.11161526442308,0.0
0,1,4793,5502722264762,86.1178239051545,4.833919182534889e-41
0,0,4794,5503462218240,86.12940420673077,0.0
0,1,4794,5504209218000,86.14109478290264,4.831396845299104e-41
0,0,4795,5504951398400,86.15270993589743,0.0
0,1,4795,5505346331413,86.15889065337352,4.986660715146294e-41
0,0,4796,5506087859200,86.17049559294873,0.0
0,1,4796,5506483373664,86.17668541015625,4.895996704504478e-41
0,0,4797,5507224283136,86.18828067307693,0.0
0,1,4797,5507620591523,86.19448291521121,4.988202143457051e-41
0,0,4798,5508019127808,86.20072002403846,0.0
0,1,4798,5508757867248,86.2122813258714,5.080968101795354e-41
0,0,4799,5509155443200,86.21850340544871,0.0
0,1,4799,5509550752919,86.2246900183888,5.012164347197006e-41
0,0,4800,5510291772416,86.23628700320513,0.0
0,1,4800,5510688098266,86.24248951863608,5.002775647486029e-41
0,0,4801,5511428147200,86.25407131410256,0.0
0,1,4801,5511825260827,86.26028615827512,4.854798529653329e-41
0,0,4802,5512222775808,86.26650728365385,0.0
0,1,4802,5512946628638,86.27783560944387,5.117541991714232e-41
0,0,4803,5513342487552,86.2840308173077,0.0
0,1,4803,5514083977048,86.2956351576272,5.093019268588548e-41
0,0,4804,5514484591616,86.30190479166667,0.0
0,1,4804,5515221460642,86.31343682144556,5.09035680150633e-41
0,0,4805,5515620857856,86.31968740384616,0.0
0,1,4805,5516364054039,86.3313184538856,4.871473981378794e-41
0,0,4806,5516763342848,86.33756733974359,0.0
0,1,4806,5517157205431,86.3437313049473,4.929347607955409e-41
0,0,4807,5517899871232,86.35535405448718,0.0
0,1,4807,5518294192887,86.36152520418608,5.072139921470108e-41
0,0,4808,5519036496384,86.37314228365385,0.0
0,1,4808,5519431098944,86.37931782952725,4.952749292309633e-41
0,0,4809,5519831177728,86.38557907852564,0.0
0,1,4809,5520573636004,86.39719858029096,5.032483174929716e-41
0,0,4810,5520972899840,86.40344707532051,0.0
0,1,4810,5521371791213,86.40968974128918,4.884506057097015e-41
0,0,4811,5522109405184,86.42123342948719,0.0
0,1,4811,5522503164561,86.42739577951285,4.924583193176705e-41
0,0,4812,5523246052864,86.43902201121796,0.0
0,1,4812,5523989585812,86.45065833164313,5.098204072906549e-41
0,0,4813,5524730140160,86.46224803685898,0.0
0,1,4813,5525470829710,86.47383985799154,4.876238396157498e-41
0,0,4814,5525866730496,86.48003572115385,0.0
0,1,4814,5526264053295,86.48625383887658,4.965781368027854e-41
0,0,4815,5527003471872,86.49782576923077,0.0
0,1,4815,5527395986260,86.50396863512871,4.970545782806559e-41
0,0,4816,5528134268928,86.51552278846154,0.0
0,1,4816,5528528157833,86.5216871656056,4.851715673031814e-41
0,0,4817,5528929084928,86.52796169070513,0.0
0,1,4817,5529671061998,86.53957366157728,5.03612655093696e-41
0,0,4818,5530070728192,86.54582845352564,0.0
0,1,4818,5530808702262,86.55737777728741,5.050279665426641e-41
0,0,4819,5531206921216,86.5636099198718,0.0
0,1,4819,5531602000091,86.56979292009403,4.915334623312161e-41
0,0,4820,5532343320064,86.58139460737179,0.0
0,1,4820,5532739545127,86.58759554548215,4.924162803637407e-41
0,0,4821,5533479477248,86.59917551282051,0.0
0,1,4821,5534221373718,86.61078622229944,4.888709952489989e-41
0,0,4822,5534621314560,86.6170453125,0.0
0,1,4822,5535014938304,86.62320553986379,4.909028780222699e-41
0,0,4823,5535752529408,86.63474887019231,0.0
0,1,4823,5536147335663,86.64092760390062,5.093579787974278e-41
0,0,4824,5536889125888,86.65253665064103,0.0
0,1,4824,5537285180224,86.65873491686699,5.076343816863082e-41
0,0,4825,5537684358656,86.66498207532051,0.0
0,1,4825,5538422634636,86.67653612398588,4.912111636844214e-41
0,0,4826,5538821005312,86.68277064102564,0.0
0,1,4826,5539560233442,86.69433959087665,4.852136062571112e-41
0,0,4827,5539957837312,86.7005621073718,0.0
0,1,4827,5540353701751,86.7067574017021,5.143045623764944e-41
0,0,4828,5541094682624,86.71835378205128,0.0
0,1,4828,5541491229892,86.7245597626828,4.934532412273411e-41
0,0,4829,5542231588352,86.73614640224359,0.0
0,1,4829,5542628563997,86.74235908699231,4.960596563709852e-41
0,0,4830,5543368553984,86.7539399599359,0.0
0,1,4830,5544110487814,86.76555125410032,4.859983333971331e-41
0,0,4831,5544511267840,86.7718234775641,0.0
0,1,4831,5545253040238,86.78343224531125,4.980915391442562e-41
0,0,4832,5545653703680,86.78970264423077,0.0
0,1,4832,5546390351286,86.80123120877779,5.074241869166595e-41
0,0,4833,5546790759936,86.80749762019231,0.0
0,1,4833,5547533020450,86.81911402697442,5.051821093737398e-41
0,0,4834,5547933071360,86.82537483974359,0.0
0,1,4834,5548326192836,86.83152720659305,4.938175788280655e-41
0,0,4835,5549064486400,86.84308153044871,0.0
0,1,4835,5549457961968,86.84923943885217,5.073681349780865e-41
0,0,4836,5550195966464,86.86078923878205,0.0
0,1,4836,5550590083865,86.86695719189767,4.919398388858703e-41
0,0,4837,5550991182848,86.87323440705129,0.0
0,1,4837,5551733086354,86.88484522664389,4.925143712562435e-41
0,0,4838,5552133319168,86.89110888621795,0.0
0,1,4838,5552870776280,86.9026501195663,5.005998633953977e-41
0,0,4839,5553269652992,86.90889255608974,0.0
0,1,4839,5554008389919,86.92045381859413,5.03780810909415e-41
0,0,4840,5554747908096,86.93202730769231,0.0
0,1,4840,5555495283246,86.94372375873273,5.006419023493274e-41
0,0,4841,5555895559168,86.94998809294871,0.0
0,1,4841,5556632932740,86.96152801889274,4.92206085594092e-41
0,0,4842,5557031928832,86.96777232371795,0.0
0,1,4842,5557770755797,86.97933499532064,4.893334237422261e-41
0,0,4843,5558168364032,86.9855575801282,0.0
0,1,4843,5558563928687,86.9917481828269,5.000673699789542e-41
0,0,4844,5559304326656,87.00333544070513,0.0
0,1,4844,5559701285314,87.00954785960663,4.973068120042343e-41
0,0,4845,5560440338432,87.02111407051282,0.0
0,1,4845,5560833324778,87.02726432257236,5.136179261289752e-41
0,0,4846,5561229401088,87.03346293269232,0.0
0,1,4846,5561971024439,87.04506936784793,4.939296827052115e-41
0,0,4847,5562371057664,87.05132990384615,0.0
0,1,4847,5563108487052,87.0628707033128,4.989743571767809e-41
0,0,4848,5563507059200,87.06910837339744,0.0
0,1,4848,5563901746991,87.0752852531394,4.960036044324123e-41
0,0,4849,5564643234816,87.0868895673077,0.0
0,1,4849,5565383296543,87.09847156298515,5.01580772320425e-41
0,0,4850,5565779579904,87.10467341346154,0.0
0,1,4850,5566526068626,87.11635599186825,5.065413688841349e-41
0,0,4851,5566927178240,87.12263337339743,0.0
0,1,4851,5567324805978,87.12885626342774,4.887588913718529e-41
0,0,4852,5568063223808,87.14041253205129,0.0
0,1,4852,5568456873082,87.14657315896059,5.004877595182517e-41
0,0,4853,5569199132160,87.15818954326923,0.0
0,1,4853,5569594606545,87.1643787332388,4.988762662842781e-41
0,0,4854,5569993749504,87.17062533653846,0.0
0,1,4854,5570732391711,87.18218511667105,4.969004354495801e-41
0,0,4855,5571130037248,87.18840828525641,0.0
0,1,4855,5571869928037,87.19998760574732,4.895996704504478e-41
0,0,4856,5572266235904,87.20618983974359,0.0
0,1,4856,5572663189014,87.21240217181867,4.94125864490217e-41
0,0,4857,5573402350080,87.22397007211539,0.0
0,1,4857,5574139551458,87.2355073032164,4.929347607955409e-41
0,0,4858,5574880250368,87.24709927083333,0.0
0,1,4858,5575276978224,87.25330807767428,5.042992913412152e-41
0,0,4859,5576016381952,87.26487977564103,0.0
0,1,4859,5576409091936,87.2710257026242,4.881843590014798e-41
0,0,4860,5577147273216,87.28257826923077,0.0
0,1,4860,5577540992665,87.28873999438164,5.014266294893493e-41
0,0,4861,5577941790208,87.29501249198718,0.0
0,1,4861,5578683716090,87.30662366176507,4.925704231948164e-41
0,0,4862,5579083352064,87.31287798076923,0.0
0,1,4862,5579482399674,87.31912309185321,4.906926832526212e-41
0,0,4863,5580219673088,87.33066145032052,0.0
0,1,4863,5580614165739,87.33683527611366,5.061770312834104e-41
0,0,4864,5581356186112,87.34844792467949,0.0
0,1,4864,5581751536684,87.35463517697066,4.97573058712456e-41
0,0,4865,5582151245312,87.36089063301283,0.0
0,1,4865,5582894145433,87.3725170496701,5.09091732089206e-41
0,0,4866,5583293519360,87.3787672676282,0.0
0,1,4866,5584380775598,87.39578287131285,4.994507986546513e-41
0,0,4867,5585119046144,87.4073368349359,0.0
0,1,4867,5585512490973,87.41349426227276,4.919398388858703e-41
0,0,4868,5586250053120,87.42503713942308,0.0
0,1,4868,5586644069634,87.4312035136531,4.933971892887681e-41
0,0,4869,5587386668032,87.44282520833333,0.0
0,1,4869,5587781132374,87.44899859108949,4.943921111984387e-41
0,0,4870,5588181864448,87.45527006410256,0.0
0,1,4870,5588923511737,87.46687687388885,5.010062399500518e-41
0,0,4871,5589324050432,87.47314532051283,0.0
0,1,4871,5589716589915,87.47928857914852,4.937615268894925e-41
0,0,4872,5590454900224,87.4908431650641,0.0
0,1,4872,5590848027777,87.49699562701886,4.909028780222699e-41
0,0,4873,5591585970176,87.5085444551282,0.0
0,1,4873,5591979013551,87.5146955996939,5.088254853809843e-41
0,0,4874,5592375380992,87.52089876602564,0.0
0,1,4874,5593121602328,87.53257715983074,5.113898615706987e-41
0,0,4875,5593517419520,87.53877171474359,0.0
0,1,4875,5594607887905,87.55583758865748,5.088254853809843e-41
0,0,4876,5595349056512,87.56743690705129,0.0
0,1,4876,5595744881519,87.57363158426921,5.09147784027779e-41
0,0,4877,5596485331968,87.58521966346154,0.0
0,1,4877,5596882010295,87.59142769517165,4.978393054206778e-41
0,0,4878,5597280002048,87.59765628205129,0.0
0,1,4878,5598024145438,87.60930215591821,4.915755012851458e-41
0,0,4879,5598421460992,87.61552016025641,0.0
0,1,4879,5599166139794,87.6271744133426,5.032483174929716e-41
0,0,4880,5599563546112,87.63339383814103,0.0
0,1,4880,5599958703408,87.63957806565504,4.934532412273411e-41
0,0,4881,5600699658752,87.65117404647437,0.0
0,1,4881,5601095324271,87.6573662276987,4.987221234532024e-41
0,0,4882,5601494215680,87.66360889423078,0.0
0,1,4882,5602237619681,87.67524319663023,4.834479701920619e-41
0,0,4883,5602636509696,87.68148584134616,0.0
0,1,4883,5603379989317,87.69312132720165,4.980354872056832e-41
0,0,4884,5604120549888,87.70471112980769,0.0
0,1,4884,5604517093530,87.71091705369216,5.052381613123128e-41
0,0,4885,5605256913408,87.72249526442307,0.0
0,1,4885,5605653781985,87.72870627355331,4.862085281667818e-41
0,0,4886,5606398420480,87.74035989583334,0.0
0,1,4886,5606791106852,87.74650545328777,5.015387333664953e-41
0,0,4887,5607187630592,87.75271106570513,0.0
0,1,4887,5607928710256,87.76430899213742,5.067515636537836e-41
0,0,4888,5608329744896,87.77058520032051,0.0
0,1,4888,5608727559224,87.77681101049178,5.174294579519387e-41
0,0,4889,5609466479616,87.78837514423077,0.0
0,1,4889,5609859087206,87.79451946874374,5.000673699789542e-41
0,0,4890,5610597662208,87.80607819711538,0.0
0,1,4890,5610990730392,87.81222972994291,4.856900477349816e-41
0,0,4891,5611387146752,87.81843366185898,0.0
0,1,4891,5612132979695,87.83010597729806,5.032483174929716e-41
0,0,4892,5612529115136,87.83630551282052,0.0
0,1,4892,5613275525986,87.8479868725273,4.859562944432033e-41
0,0,4893,5614018255360,87.85961061698718,0.0
0,1,4893,5614761499234,87.87124241339268,5.049719146040911e-41
0,0,4894,5615501916672,87.88282997596154,0.0
0,1,4894,5615898292657,87.88903327600724,4.949666435688119e-41
0,0,4895,5616296418304,87.89526395833333,0.0
0,1,4895,5617040537888,87.90690945963541,5.126930691425208e-41
0,0,4896,5617438074368,87.91313092147436,0.0
0,1,4896,5618182753922,87.92478518632937,4.899079561125993e-41
0,0,4897,5618579614720,87.93099607371795,0.0
0,1,4897,5618975695901,87.93719476006923,4.992966558235756e-41
0,0,4898,5619715446272,87.94877188301282,0.0
0,1,4898,5620112634224,87.9549878903746,5.015387333664953e-41
0,0,4899,5620510002688,87.96120672275642,0.0
0,1,4899,5621249797303,87.97278453812037,5.084191088263301e-41
0,0,4900,5621646099968,87.97898669070513,0.0
0,1,4900,5622387169808,87.99058446339143,5.035145642011933e-41
0,0,4901,5622787915776,87.99685615384615,0.0
0,1,4901,5623180144557,88.0029945499831,5.048738237115883e-41
0,0,4902,5624265660416,88.01998291666666,0.0
0,1,4902,5624661338275,88.02617529101249,4.977272015435318e-41
0,0,4903,5625401969664,88.03776620192308,0.0
0,1,4903,5625798171112,88.04396677045773,5.034164733086905e-41
0,0,4904,5626538341888,88.05555047275641,0.0
0,1,4904,5626935306549,88.0617629856051,5.040330446329935e-41
0,0,4905,5627332884480,88.06798509615385,0.0
0,1,4905,5628077669535,88.07964101210375,5.069057064848593e-41
0,0,4906,5628474920960,88.08585801282051,0.0
0,1,4906,5629220064277,88.09751953558506,4.978393054206778e-41
0,0,4907,5629617140736,88.10373379807693,0.0
0,1,4907,5630013030833,88.10992949395596,5.106471733846066e-41
0,0,4908,5630753794560,88.12152247596154,0.0
0,1,4908,5631149909243,88.12772168662048,4.952749292309633e-41
0,0,4909,5631548685824,88.13396255608974,0.0
0,1,4909,5632292488292,88.14560309451373,5.094000177513575e-41
0,0,4910,5632690705408,88.15183520833334,0.0
0,1,4910,5633434666454,88.16347822850936,4.889270471875719e-41
0,0,4911,5633832437248,88.1697033573718,0.0
0,1,4911,5634576751419,88.18135190396822,4.892353328497234e-41
0,0,4912,5635315659264,88.19291584134615,0.0
0,1,4912,5635708340839,88.19906132372734,5.031502266004688e-41
0,0,4913,5636446466560,88.21061302083334,0.0
0,1,4913,5636839831965,88.21676920518142,4.998151362553758e-41
0,0,4914,5637235682304,88.22296427884616,0.0
0,1,4914,5637982220023,88.23464762405787,4.996609934243e-41
0,0,4915,5638383088128,88.24092122596154,0.0
0,1,4915,5638780556984,88.24714162948217,5.214371715599077e-41
0,0,4916,5639519514624,88.25870634615384,0.0
0,1,4916,5639912110055,88.26485048037799,5.05812693682686e-41
0,0,4917,5640650444288,88.27640544070513,0.0
0,1,4917,5641043556130,88.2825576567821,4.92150033655519e-41
0,0,4918,5641439748608,88.2887580849359,0.0
0,1,4918,5642186223746,88.30044045075246,5.021553046907982e-41
0,0,4919,5642587033088,88.30671313301282,0.0
0,1,4919,5643333886480,88.31840141851963,4.940277735977143e-41
0,0,4920,5644076203520,88.3300187099359,0.0
0,1,4920,5644471068004,88.33619835493039,4.899640080511723e-41
0,0,4921,5645212850176,88.34780727564103,0.0
0,1,4921,5645608383650,88.35399739035581,5.001794738561002e-41
0,0,4922,5646349483520,88.36559563301282,0.0
0,1,4922,5646745593838,88.37179477535933,5.054483560819615e-41
0,0,4923,5647143948288,88.37802903846153,0.0
0,1,4923,5647888198496,88.38967658403446,4.97629110651029e-41
0,0,4924,5648285890560,88.39590048076923,0.0
0,1,4924,5648686612253,88.40217179131923,4.889690861415017e-41
0,0,4925,5649428395520,88.41378072916667,0.0
0,1,4925,5649823798885,88.4199688076704,4.940838255362873e-41
0,0,4926,5650565268480,88.43157283653846,0.0
0,1,4926,5650961031097,88.43776653735038,4.878760733393283e-41
0,0,4927,5651360313856,88.44401532852564,0.0
0,1,4927,5652103698214,88.45564932351137,4.904264365443995e-41
0,0,4928,5652502444032,88.46188971153846,0.0
0,1,4928,5653246413469,88.47353286303398,4.885486966022042e-41
0,0,4929,5653644732416,88.47976657051282,0.0
0,1,4929,5654389328901,88.49141953533466,4.969985263420829e-41
0,0,4930,5655128809472,88.50299243589744,0.0
0,1,4930,5655521260333,88.50913430759528,5.000673699789542e-41
0,0,4931,5656259737088,88.52069149839744,0.0
0,1,4931,5656653273696,88.52685036207933,4.972087211117316e-41
0,0,4932,5657048872448,88.53304149839744,0.0
0,1,4932,5657790628268,88.54465000669822,5.026317461686686e-41
0,0,4933,5658190744576,88.55091184294872,0.0
0,1,4933,5658933372185,88.56253399478229,4.966902406799314e-41
0,0,4934,5659332954624,88.56878747596154,0.0
0,1,4934,5659726485180,88.5749462449294,5.032483174929716e-41
0,0,4935,5660464124928,88.58649033653846,0.0
0,1,4935,5660858340327,88.5926598233267,5.047056678958694e-41
0,0,4936,5661600929280,88.60428137019231,0.0
0,1,4936,5661995571510,88.6104575369028,4.898098652200966e-41
0,0,4937,5662396163072,88.61672681089743,0.0
0,1,4937,5663138350246,88.6283420699056,5.022674085679442e-41
0,0,4938,5663880259584,88.63995298076924,0.0
0,1,4938,5664275605999,88.64614016800319,4.947003968605902e-41
0,0,4939,5665017049600,88.6577437900641,0.0
0,1,4939,5665412799814,88.66393729676858,4.939717216591413e-41
0,0,4940,5666153830912,88.67553446314103,0.0
0,1,4940,5666550174874,88.6817372620255,4.950647344613146e-41
0,0,4941,5666948651520,88.6879734375,0.0
0,1,4941,5667687737312,88.69954015975561,4.965360978488557e-41
0,0,4942,5668085402112,88.70576362980769,0.0
0,1,4942,5668830746456,88.71742829865285,4.937194879355628e-41
0,0,4943,5669227595264,88.72363899839743,0.0
0,1,4943,5669623880439,88.729840877263,4.966902406799314e-41
0,0,4944,5670364001792,88.74142380608974,0.0
0,1,4944,5670761186374,88.7476397607109,4.999692790864515e-41
0,0,4945,5671500812800,88.75921494391027,0.0
0,1,4945,5671893142896,88.76535492563102,5.051260574351668e-41
0,0,4946,5672290556928,88.77157447115385,0.0
0,1,4946,5673035996896,88.78324063651843,4.967883315724341e-41
0,0,4947,5673774642688,88.7948004727564,0.0
0,1,4947,5674168011289,88.80095670712203,4.98245681975332e-41
0,0,4948,5674905467904,88.81249793269231,0.0
0,1,4948,5675299823424,88.81866961237981,5.114879524632015e-41
0,0,4949,5676041762304,88.83028098557692,0.0
0,1,4949,5676436768911,88.83646285480206,4.824110093284615e-41
0,0,4950,5676836705280,88.84272187500001,0.0
0,1,4950,5677574649822,88.8542707366474,5.053923041433885e-41
0,0,4951,5677973335552,88.86051018429488,0.0
0,1,4951,5678368064383,88.86668770631448,5.053362522048155e-41
0,0,4952,5679109927936,88.87829790064103,0.0
0,1,4952,5679505518302,88.8844889057179,4.999132271478785e-41
0,0,4953,5680246745088,88.89608913461538,0.0
0,1,4953,5680642498080,88.90228268479568,5.048177717730153e-41
0,0,4954,5681041985536,88.90853467948718,0.0
0,1,4954,5681780022127,88.9200849817051,5.144026532689971e-41
0,0,4955,5682178398720,88.92631959134616,0.0
0,1,4955,5682917532859,88.93788707023425,4.841766453935108e-41
0,0,4956,5683315123712,88.94410938301283,0.0
0,1,4956,5684060140578,88.95576892681416,4.964800459102827e-41
0,0,4957,5684457465856,88.96198708333334,0.0
0,1,4957,5685202732445,88.97365053530962,4.940838255362873e-41
0,0,4958,5685599924736,88.97986661057692,0.0
0,1,4958,5686345500927,88.99153490783692,4.910570208533456e-41
0,0,4959,5686742283776,88.99774457532051,0.0
0,1,4959,5687144087750,89.00403282361152,4.999692790864515e-41
0,0,4960,5687885138944,89.01563030448719,0.0
0,1,4960,5688281453596,89.02183264466898,5.072139921470108e-41
0,0,4961,5689022659584,89.03343254807693,0.0
0,1,4961,5689418625378,89.03962942861703,4.900200599897453e-41
0,0,4962,5690160162816,89.05123451923077,0.0
0,1,4962,5690555813030,89.05742646093124,4.911130727919186e-41
0,0,4963,5690955448832,89.06368077724359,0.0
0,1,4963,5691698210849,89.07530503256774,4.960036044324123e-41
0,0,4964,5692097809920,89.08155877403847,0.0
0,1,4964,5692840754564,89.09318588748248,4.914213584540701e-41
0,0,4965,5693582385152,89.10479243589744,0.0
0,1,4965,5694327360153,89.11645132450984,4.833498792995592e-41
0,0,4966,5695066872832,89.12802472756411,0.0
0,1,4966,5695459224513,89.13416504709097,5.031502266004688e-41
0,0,4967,5695856643072,89.14038466346155,0.0
0,1,4967,5696601865007,89.15204741660094,5.059668365137617e-41
0,0,4968,5696998904832,89.15826110576923,0.0
0,1,4968,5697744552614,89.16993052343125,4.985679806221267e-41
0,0,4969,5698141134336,89.17613704326924,0.0
0,1,4969,5698537520192,89.18234049779647,4.949105916302389e-41
0,0,4970,5699278199296,89.19393215544872,0.0
0,1,4970,5699674551702,89.20013508648212,4.84695125825311e-41
0,0,4971,5700415138304,89.21172529647436,0.0
0,1,4971,5700811372251,89.21792637361968,4.801689317855418e-41
0,0,4972,5701210173440,89.22416762820514,0.0
0,1,4972,5701953790531,89.23580526547163,4.969424744035099e-41
0,0,4973,5702353343488,89.24205828525642,0.0
0,1,4973,5703091005329,89.25360272262182,4.933551503348383e-41
0,0,4974,5703832434176,89.26520611378206,0.0
0,1,4974,5704228424921,89.27140338480632,4.90062098943675e-41
0,0,4975,5704969257472,89.28299744391026,0.0
0,1,4975,5705371125319,89.28928669181629,4.92206085594092e-41
0,0,4976,5706111193600,89.3008687900641,0.0
0,1,4976,5706508191124,89.30708181722005,4.873575929075281e-41
0,0,4977,5707248105472,89.31866150641027,0.0
0,1,4977,5707645667551,89.32488336887458,4.864187229364305e-41
0,0,4978,5708043170816,89.33110431089744,0.0
0,1,4978,5708788539995,89.34276936841134,5.002355257946732e-41
0,0,4979,5709185618432,89.34898366185898,0.0
0,1,4979,5709926032285,89.36057116832244,5.028419409383174e-41
0,0,4980,5710322265088,89.3667722275641,0.0
0,1,4980,5710719445312,89.37298811398237,4.892913847882964e-41
0,0,4981,5711458757632,89.38455838141026,0.0
0,1,4981,5711851470447,89.39070435269869,5.105490824921039e-41
0,0,4982,5712589883904,89.40226055288461,0.0
0,1,4982,5712983620000,89.4084225385617,5.074802388552325e-41
0,0,4983,5714073431040,89.425478125,0.0
0,1,4983,5714470544055,89.43169295959473,5.19251145955561e-41
0,0,4984,5715209782272,89.4432620673077,0.0
0,1,4984,5715602281956,89.44940470308744,5.013285385968466e-41
0,0,4985,5715998870528,89.4556113301282,0.0
0,1,4985,5716744889177,89.46728655187363,4.94237968367363e-41
0,0,4986,5717140965376,89.47348516025642,0.0
0,1,4986,5717543307043,89.47978182346442,5.001794738561002e-41
0,0,4987,5718282934272,89.49135701923078,0.0
0,1,4987,5718680223328,89.4975746088742,4.995068505932243e-41
0,0,4988,5719419108864,89.50913819711539,0.0
0,1,4988,5719811870106,89.51528492628832,4.991845519464296e-41
0,0,4989,5720208304128,89.5214891346154,0.0
0,1,4989,5720954370807,89.53316510803224,5.034585122626203e-41
0,0,4990,5721350230016,89.53936032051283,0.0
0,1,4990,5722097187938,89.55105024191832,4.964800459102827e-41
0,0,4991,5722497734144,89.55731880608974,0.0
0,1,4991,5723239893463,89.56893362916604,5.092458749202818e-41
0,0,4992,5723981230080,89.58053557692308,0.0
0,1,4992,5724376908065,89.58672795324081,5.158179647179652e-41
0,0,4993,5725117898752,89.5983244871795,0.0
0,1,4993,5725514274917,89.6045277900422,4.950226955073849e-41
0,0,4994,5726254198784,89.61610762820513,0.0
0,1,4994,5726651559863,89.6223263450114,5.201339639880856e-41
0,0,4995,5727390643200,89.63389302884616,0.0
0,1,4995,5727783066334,89.64003446661533,5.062190702373402e-41
0,0,4996,5728180221952,89.64624996794872,0.0
0,1,4996,5728925710933,89.65791690036872,4.917296441162216e-41
0,0,4997,5729322680832,89.66412949519231,0.0
0,1,4997,5730068387255,89.67579983058832,5.105490824921039e-41
0,0,4998,5730465382912,89.68201282852564,0.0
0,1,4998,5730861483355,89.688211816328,5.068496545462863e-41
0,0,4999,5731602405376,89.69980727564104,0.0
0,1,4999,5731998470307,89.70600570767917,4.939296827052115e-41
0,0,5000,5732739241472,89.71759880608974,0.0
0,1,5000,5733135324145,89.72379751579089,4.996609934243e-41
0,0,5001,5734223569920,89.74082860576924,0.0
0,1,5001,5734616631523,89.74698003560384,4.964800459102827e-41
0,0,5002,5735355072512,89.75853666666667,0.0
0,1,5002,5736097872350,89.77016151389098,4.927806179644652e-41
0,0,5003,5736497143296,89.77641012019231,0.0
0,1,5003,5737240414522,89.78804234465771,4.835460610845646e-41
0,0,5004,5737639178752,89.79428302083333,0.0
0,1,5004,5738033443554,89.8004532807805,4.902722937133237e-41
0,0,5005,5738775833600,89.8120717147436,0.0
0,1,5005,5739170290221,89.8182449766658,5.033604213701175e-41
0,0,5006,5739570924544,89.8245149198718,0.0
0,1,5006,5740312670616,89.83612327561599,5.020572137982955e-41
0,0,5007,5740713096704,89.8423899599359,0.0
0,1,5007,5741455180033,89.85400359376565,5.060649274062644e-41
0,0,5008,5741855811072,89.86027348557693,0.0
0,1,5008,5742248143006,89.86641349606245,5.079426673484597e-41
0,0,5009,5742986894336,89.87797498397435,0.0
0,1,5009,5743728900510,89.88958741032528,4.92093981716946e-41
0,0,5010,5744471016448,89.90120155448719,0.0
0,1,5010,5744865652444,89.90737762363531,4.949666435688119e-41
0,0,5011,5745266044416,89.91364377403846,0.0
0,1,5011,5746007868995,89.92525335842035,4.988762662842781e-41
0,0,5012,5746408326144,89.93152052884615,0.0
0,1,5012,5747150313381,89.94313265883225,4.996609934243e-41
0,0,5013,5747550409216,89.94939417467948,0.0
0,1,5013,5747943354203,89.95554377946902,4.955972278777581e-41
0,0,5014,5748682151424,89.96710598557692,0.0
0,1,5014,5749075127418,89.97325607562726,5.109134200928283e-41
0,0,5015,5749813649920,89.9848139823718,0.0
0,1,5015,5750206631331,89.99096415719839,5.045515250647936e-41
0,0,5016,5750603025408,89.99716774038461,0.0
0,1,5016,5751349216543,90.00884566154285,5.014826814279223e-41
0,0,5017,5751745211392,90.01504299679488,0.0
0,1,5017,5752491819129,90.0267274377911,5.105490824921039e-41
0,0,5018,5752892426240,90.03299695512821,0.0
0,1,5018,5753634307044,90.04460741943359,4.974749678199533e-41
0,0,5019,5754376596992,90.05622428685898,0.0
0,1,5019,5754771531568,90.06240502879608,5.07844576455957e-41
0,0,5020,5755513603584,90.07401848557693,0.0
0,1,5020,5755908781176,90.08020303072416,4.967883315724341e-41
0,0,5021,5756308818432,90.0864636298077,0.0
0,1,5021,5757046323658,90.09800561614207,4.952328902770336e-41
0,0,5022,5757445331968,90.10425011217949,0.0
0,1,5022,5757844663693,90.11049966967461,4.977272015435318e-41
0,0,5023,5758587264000,90.12212139423077,0.0
0,1,5023,5758981624532,90.12829315235628,5.021553046907982e-41
0,0,5024,5759723852288,90.13990904647436,0.0
0,1,5024,5760118795805,90.14608992833847,4.92150033655519e-41
0,0,5025,5760518899200,90.1523515625,0.0
0,1,5025,5761261469582,90.16397281872872,4.894875665733019e-41
0,0,5026,5761660889088,90.17022375,0.0
0,1,5026,5762403842799,90.18185100534292,5.066955117152106e-41
0,0,5027,5762802229760,90.18808577724359,0.0
0,1,5027,5763546283612,90.19973024983724,5.020011618597225e-41
0,0,5028,5764285592576,90.21130046474359,0.0
0,1,5028,5764683297695,90.21752456578965,4.939296827052115e-41
0,0,5029,5765421679104,90.22908026442308,0.0
0,1,5029,5766164344482,90.240703007343,4.866289177060792e-41
0,0,5030,5766904433152,90.25228542467949,0.0
0,1,5030,5767301271524,90.25849596110027,4.990864610539268e-41
0,0,5031,5768040436736,90.27006392628205,0.0
0,1,5031,5768438078755,90.27628703981057,5.046075770033666e-41
0,0,5032,5769181746688,90.28792547275641,0.0
0,1,5032,5769574939758,90.29407896005485,4.943360592598657e-41
0,0,5033,5770312360960,90.30561963141025,0.0
0,1,5033,5770706428828,90.31178680933243,4.974189158813803e-41
0,0,5034,5771448436224,90.3233992548077,0.0
0,1,5034,5771843518179,90.32958230323204,4.869932553068037e-41
0,0,5035,5772243022848,90.3358345673077,0.0
0,1,5035,5772985999951,90.34746218873636,4.818785159120181e-41
0,0,5036,5773726516224,90.35905129807692,0.0
0,1,5036,5774816278268,90.37610611772587,4.935092931659141e-41
0,0,5037,5775557739520,90.38771001602565,0.0
0,1,5037,5775952940611,90.39389492893316,5.014266294893493e-41
0,0,5038,5776694245888,90.40549638621795,0.0
0,1,5038,5777089585046,90.41168345987955,4.916876051622918e-41
0,0,5039,5777830631424,90.42328086538461,0.0
0,1,5039,5778226507486,90.42947634161534,4.96213799202061e-41
0,0,5040,5778966893056,90.44106340544872,0.0
0,1,5040,5779363087397,90.44726386275855,5.0570058980554e-41
0,0,5041,5779761157120,90.4534936698718,0.0
0,1,5041,5780505300867,90.4651395493258,4.951207863998876e-41
0,0,5042,5780902587392,90.47135709935898,0.0
0,1,5042,5781647391982,90.4830133210324,5.065834078380646e-41
0,0,5043,5782044182016,90.48922310096154,0.0
0,1,5043,5782789337694,90.50088481717623,4.888709952489989e-41
0,0,5044,5783527571968,90.51243821314102,0.0
0,1,5044,5784613523681,90.52943340095716,5.056024989130372e-41
0,0,5045,5785352636416,90.54100054487179,0.0
0,1,5045,5786099400681,90.55268743553749,5.064853169455619e-41
0,0,5046,5786500433408,90.55896361378205,0.0
0,1,5046,5787247006071,90.57064750586876,4.978813443746075e-41
0,0,5047,5787642531328,90.57683749198718,0.0
0,1,5047,5788389545697,90.58852829679049,4.992966558235756e-41
0,0,5048,5788789553152,90.59478842948718,0.0
0,1,5048,5789182265464,90.60093439290365,4.951207863998876e-41
0,0,5049,5789920517632,90.61248806891025,0.0
0,1,5049,5790312955807,90.61862974207169,4.96269851140634e-41
0,0,5050,5790709620736,90.62483756410256,0.0
0,1,5050,5791454755590,90.63649895442083,4.956953187702608e-41
0,0,5051,5791851129856,90.6427022275641,0.0
0,1,5051,5792596783204,90.65437173233424,5.059107845751887e-41
0,0,5052,5793334669312,90.66591967948719,0.0
0,1,5052,5794077168998,90.67753982932066,4.997030323782298e-41
0,0,5053,5794476667392,90.68379199519231,0.0
0,1,5053,5795219238071,90.69541325606909,4.939717216591413e-41
0,0,5054,5795618475008,90.7016613301282,0.0
0,1,5054,5796361165852,90.71328447159205,4.936073840584168e-41
0,0,5055,5796760040448,90.719526875,0.0
0,1,5055,5797153808322,90.72568935800406,4.970966172345856e-41
0,0,5056,5797896528384,90.73731295673078,0.0
0,1,5056,5798290519301,90.74347893036672,5.049719146040911e-41
0,0,5057,5798691101184,90.74974805288461,0.0
0,1,5057,5799432744040,90.76135479329427,5.056024989130372e-41
0,0,5058,5799832957440,90.76761814903847,0.0
0,1,5058,5800570053558,90.77915373281625,5.123707704957261e-41
0,0,5059,5800969368576,90.78540302884616,0.0
0,1,5059,5801363041627,90.79156402786646,4.974189158813803e-41
0,0,5060,5802105679872,90.80318634615385,0.0
0,1,5060,5802499917479,90.80935618049817,5.005438114568247e-41
0,0,5061,5803241857024,90.82096756410256,0.0
0,1,5061,5803986249645,90.83261733844463,4.991845519464296e-41
0,0,5062,5804725059072,90.84417973557693,0.0
0,1,5062,5805118211294,90.85033258360252,4.986100195760564e-41
0,0,5063,5805855955456,90.86187830929488,0.0
0,1,5063,5806249864711,90.86804300491724,4.998711881939487e-41
0,0,5064,5806650976768,90.8743204246795,0.0
0,1,5064,5807397902231,90.88600983810034,4.967322796338612e-41
0,0,5065,5807798617600,90.8922810496795,0.0
0,1,5065,5808540464373,90.90389098139836,4.96269851140634e-41
0,0,5066,5808940676096,90.91015431089744,0.0
0,1,5066,5809333203620,90.9162973823743,4.92150033655519e-41
0,0,5067,5810072088576,90.92786096153847,0.0
0,1,5067,5810464468416,90.93400172175481,4.891792809111504e-41
0,0,5068,5811208700928,90.94564899038461,0.0
0,1,5068,5811601028867,90.95178893834823,4.898098652200966e-41
0,0,5069,5811997879808,90.95799967147437,0.0
