node_id,message_transmitter_id,message_id,timestamp_bit,timestamp_seconds,clock_offset(not_used)
1,0,0,518966932934,8.121853292361529,nan
1,1,0,519362546688,8.128044663461539,0.0
1,1,1,520086450688,8.139373790064102,0.0
1,1,2,521154536960,8.156089383012821,0.0
1,1,3,521878410240,8.167418028846154,0.0
1,0,2,522277615173,8.17366560204139,nan
1,1,4,522672124928,8.17983969551282,0.0
1,1,5,523396057088,8.191169262820512,0.0
1,1,6,524464322048,8.20788765224359,0.0
1,1,7,524843781632,8.213826209935897,0.0
1,0,4,525583929052,8.225409546712239,nan
1,1,8,525981779968,8.23163592948718,0.0
1,1,9,526705920000,8.242968750000001,0.0
1,1,10,527774232064,8.259687876602564,0.0
1,1,11,528153756672,8.265627451923077,0.0
1,0,6,528894789463,8.27722464479104,nan
1,1,12,530668866048,8.304989014423077,0.0
1,1,13,531048252928,8.310926434294872,0.0
1,1,14,532805302272,8.338424326923077,0.0
1,1,15,533529290240,8.349754767628205,0.0
1,0,8,534268970908,8.361330799717047,nan
1,1,16,535006427136,8.372872019230769,0.0
1,1,17,535730545664,8.384204503205128,0.0
1,1,18,536798897664,8.400924254807693,0.0
1,1,19,537522624000,8.412250600961539,0.0
1,0,10,537921072176,8.418486330879407,nan
1,1,20,538660593664,8.430059871794873,0.0
1,1,21,539384768512,8.441393237179488,0.0
1,1,22,540453086208,8.458112451923077,0.0
1,1,23,541176870912,8.469439711538461,0.0
1,0,12,541572713670,8.475634666560246,nan
1,1,24,542659224064,8.492638597756411,0.0
1,1,25,543038870016,8.498580072115384,0.0
1,1,26,544106829312,8.515293677884616,0.0
1,1,27,544830524416,8.52661953525641,0.0
1,0,14,545230617388,8.532881006297576,nan
1,1,28,545968424960,8.544427724358975,0.0
1,1,29,546347950080,8.550367307692309,0.0
1,1,30,547416273920,8.567086618589745,0.0
1,1,31,548140387840,8.578419030448718,0.0
1,0,16,548878429153,8.589969406566132,nan
1,1,32,549617266176,8.601532235576924,0.0
1,1,33,550341033472,8.612859222756411,0.0
1,1,34,551754007552,8.63497232371795,0.0
1,1,35,552477912064,8.646301458333333,0.0
1,0,18,552874608230,8.65250976922451,nan
1,1,36,553616246272,8.664116434294872,0.0
1,1,37,553995884544,8.67005778846154,0.0
1,1,38,555064248320,8.686777724358974,0.0
1,1,39,555788177920,8.698107251602565,0.0
1,0,20,556187181284,8.704351670234876,nan
1,1,40,556582070784,8.71053170673077,0.0
1,1,41,557306045440,8.721861939102565,0.0
1,1,42,558374829568,8.738588453525642,0.0
1,1,43,558754569216,8.74453139423077,0.0
1,0,22,559493604768,8.756097330228366,nan
1,1,44,560232033792,8.767653774038461,0.0
1,1,45,560611599872,8.773593998397436,0.0
1,1,46,562369056768,8.801098269230769,0.0
1,1,47,563093094400,8.812429487179488,0.0
1,0,24,563494069775,8.818704767862956,nan
1,1,48,564231529984,8.830246049679488,0.0
1,1,49,564611244032,8.83618858974359,0.0
1,1,50,565679641088,8.852909046474359,0.0
1,1,51,566403678720,8.864240264423078,0.0
1,0,26,566801357496,8.87046395320012,nan
1,1,52,567197750272,8.876667516025641,0.0
1,1,53,567921816064,8.887999174679488,0.0
1,1,54,569679377920,8.915505088141026,0.0
1,1,55,570748229632,8.93223266025641,0.0
1,0,28,571144539414,8.938434924222506,nan
1,1,56,572231467008,8.955445384615384,0.0
1,1,57,572611193344,8.96138811698718,0.0
1,1,58,574023856128,8.983496346153846,0.0
1,1,59,574403564032,8.989438790064103,0.0
1,0,30,575140548525,9.000972626906176,nan
1,1,60,575536378880,9.007167387820513,0.0
1,1,61,576260387840,9.018498157051281,0.0
1,1,62,577328659456,9.035216650641026,0.0
1,1,63,577708258816,9.041157395833334,0.0
1,0,32,578105700951,9.047377381169246,nan
1,1,64,578846360576,9.058968733974359,0.0
1,1,65,579914821120,9.075690184294873,0.0
1,0,33,580628625244,9.086861247433394,nan
1,1,66,581370178048,9.098466578525642,0.0
1,1,67,581749962240,9.104410216346155,0.0
1,1,68,583163079680,9.126525560897436,0.0
1,1,69,584231714304,9.143249735576923,0.0
1,0,35,584628622281,9.149461361318735,nan
1,1,70,585370277888,9.161068301282052,0.0
1,1,71,585749937152,9.16700998397436,0.0
1,1,72,586818891776,9.183739166666667,0.0
1,1,73,587198511104,9.189680224358975,0.0
1,0,37,587940058722,9.201285474290115,nan
1,1,74,588337128448,9.207499631410256,0.0
1,1,75,589061152256,9.218830633012821,0.0
1,1,76,590473933824,9.240940721153846,0.0
1,1,77,591197986304,9.25227217147436,0.0
1,0,39,591938382548,9.263859402356271,nan
1,1,78,593025405952,9.280871362179488,0.0
1,1,79,593749530112,9.292203934294871,0.0
1,1,80,595506619392,9.319702451923078,0.0
1,1,81,596230389760,9.331029487179487,0.0
1,0,41,596971045669,9.342620781829051,nan
1,1,82,597712441856,9.354223661858974,0.0
1,1,83,598436113920,9.365549158653847,0.0
1,1,84,599503960064,9.382260993589744,0.0
1,1,85,599883389440,9.388199078525641,0.0
1,0,43,601317399950,9.410641400459486,nan
1,1,86,601715286528,9.416868341346154,0.0
1,1,87,602439176704,9.428197251602564,0.0
1,1,88,603851572224,9.450301298076923,0.0
1,1,89,604575502336,9.461630833333334,0.0
1,0,45,605316330524,9.47322482415615,nan
1,1,90,606058087424,9.484833349358974,0.0
1,1,91,606437613568,9.490772948717948,0.0
1,1,92,607506076160,9.507494431089745,0.0
1,1,93,607885582336,9.513433717948718,0.0
1,0,47,608626854578,9.525034658234425,nan
1,1,94,609024016384,9.531250256410257,0.0
1,1,95,609748201984,9.542583790064104,0.0
1,1,96,611161269760,9.564698357371794,0.0
1,1,97,611885448192,9.576031778846154,0.0
1,0,49,612284469035,9.582276471025516,nan
1,1,98,613023847936,9.593847780448717,0.0
1,1,99,614092552192,9.610573044871796,0.0
1,1,100,615160973824,9.627293886217949,0.0
1,1,101,615885090304,9.638626338141027,0.0
1,0,51,616281842629,9.644835527922801,nan
1,1,102,617023690240,9.65644547275641,0.0
1,1,103,617403400704,9.66238795673077,0.0
1,1,104,618471807488,9.679108565705128,0.0
1,1,105,619195661312,9.690436907051282,0.0
1,0,53,619591289955,9.69662851116474,nan
1,1,106,620328539648,9.708166498397436,0.0
1,1,107,621052690432,9.719499487179487,0.0
1,1,108,622465512448,9.741610208333334,0.0
1,1,109,622845187072,9.747552131410258,0.0
1,0,55,623583514889,9.759106991326748,nan
1,1,110,623978200576,9.765283838141025,0.0
1,1,111,624702323712,9.77661639423077,0.0
1,1,112,625770695680,9.793336458333334,0.0
1,1,113,626150388736,9.799278669871795,0.0
1,0,57,626547026891,9.805486072888497,nan
1,1,114,627288547328,9.817090897435898,0.0
1,1,115,627668147200,9.823031650641026,0.0
1,1,116,628736375296,9.839749463141025,0.0
1,1,117,629115869696,9.845688565705128,0.0
1,0,59,629852890242,9.857222966778096,nan
1,1,118,630592850432,9.868803373397435,0.0
1,1,119,631316790272,9.880133060897435,0.0
1,1,120,632729355264,9.902239759615385,0.0
1,1,121,633797645824,9.918958549679488,0.0
1,0,61,634534791434,9.930494908009065,nan
1,1,122,635274966016,9.942078669871796,0.0
1,1,123,635654629888,9.948020424679488,0.0
1,1,124,637067721728,9.970135368589744,0.0
1,1,125,637791839744,9.981467844551283,0.0
1,0,63,638187743148,9.987663748685398,nan
1,1,126,638924812800,9.999198918269231,0.0
1,1,127,639304507904,10.005141161858974,0.0
1,1,128,641061388800,10.032636418269231,0.0
1,1,129,641785488896,10.043968613782052,0.0
1,0,65,642524478546,10.055533831411509,nan
1,1,130,643262878208,10.067089815705128,0.0
1,1,131,643642443264,10.073030024038461,0.0
1,1,132,645055229952,10.095140192307692,0.0
1,1,133,645434742272,10.101079575320513,0.0
1,0,67,645831357186,10.107286614614633,nan
1,1,134,646572987392,10.118893157051282,0.0
1,1,135,646952569856,10.124833637820513,0.0
1,1,136,648021038592,10.141555216346154,0.0
1,1,137,648745126912,10.152887227564102,0.0
1,0,69,649143364006,10.159119654040214,nan
1,1,138,649883844096,10.170708197115385,0.0
1,1,139,650607947264,10.182040440705128,0.0
1,1,140,651676288000,10.198760016025641,0.0
1,1,141,653089356288,10.220874591346155,0.0
1,0,71,653489695756,10.227139920059596,nan
1,1,142,654227922432,10.238693197115385,0.0
1,1,143,655296519680,10.255416786858975,0.0
1,1,144,656365155328,10.272140977564103,0.0
1,1,145,657089313792,10.283474086538462,0.0
1,0,73,657489288848,10.289733712189504,nan
1,1,146,658228045824,10.301295288461539,0.0
1,1,147,658607904256,10.307240088141025,0.0
1,1,148,660021393408,10.32936125,0.0
1,1,149,660401160192,10.335304615384615,0.0
1,0,75,661488339738,10.352319018836388,nan
1,1,150,662573741568,10.369305600961539,0.0
1,1,151,662953580544,10.375250096153847,0.0
1,1,152,664367072768,10.397371306089743,0.0
1,1,153,664746750464,10.40331327724359,0.0
1,0,77,665487263660,10.414902338428986,nan
1,1,154,666224601088,10.42644169871795,0.0
1,1,155,666604341760,10.432384655448718,0.0
1,1,156,667673439744,10.44911608173077,0.0
1,1,157,668053168640,10.455058854166667,0.0
1,0,79,668794558048,10.466661628104967,nan
1,1,158,669191995392,10.47288153846154,0.0
1,1,159,669916535808,10.484220625,0.0
1,1,160,670985539072,10.500950568910257,0.0
1,1,161,671709996544,10.512288357371796,0.0
1,0,81,672447954686,10.523837431859725,nan
1,1,162,672843671552,10.530030416666667,0.0
1,1,163,673568308224,10.541371009615386,0.0
1,1,164,674637568000,10.558104967948719,0.0
1,1,165,675362201600,10.569445512820513,0.0
1,0,83,675760015252,10.57567131241236,nan
1,1,166,676501298688,10.587272427884615,0.0
1,1,167,676881229824,10.593218365384615,0.0
1,1,168,677950312960,10.609949559294872,0.0
1,1,169,678674786304,10.621287596153847,0.0
1,0,85,679071820336,10.627501194661459,nan
1,1,170,679814070272,10.639117435897436,0.0
1,1,171,680193977856,10.645063004807692,0.0
1,1,172,682297400832,10.677981658653847,0.0
1,1,173,682677327360,10.683927524038461,0.0
1,0,87,683419137186,10.695536877535307,nan
1,1,174,683816595968,10.701757123397437,0.0
1,1,175,684196527104,10.707703060897437,0.0
1,1,176,685265893888,10.724438693910257,0.0
1,1,177,685990765568,10.73578296474359,0.0
1,0,89,686389722417,10.742026655414287,nan
1,1,178,687130247168,10.753615897435898,0.0
1,1,179,687510303744,10.759563798076924,0.0
1,1,180,688579530752,10.776297243589744,0.0
1,1,181,689303918592,10.787633942307693,0.0
1,0,91,689701527515,10.793856537882487,nan
1,1,182,690443045376,10.805461322115384,0.0
1,1,183,691512398848,10.822196746794873,0.0
1,1,184,692926488576,10.844327307692309,0.0
1,1,185,693306408960,10.850273076923077,0.0
1,0,93,694047325769,10.861868454668095,nan
1,1,186,694445635072,10.86810201121795,0.0
1,1,187,695170334208,10.87944358173077,0.0
1,1,188,696239611904,10.89617782051282,0.0
1,1,189,696964086784,10.907515881410257,0.0
1,0,95,697363994818,10.913774458164314,nan
1,1,190,697758509568,10.919948629807692,0.0
1,1,191,698482919936,10.931285681089744,0.0
1,1,192,699552404992,10.948023165064102,0.0
1,1,193,700277121536,10.95936500801282,0.0
1,0,97,701014898552,10.970911247871594,nan
1,1,194,701756037632,10.982510104166668,0.0
1,1,195,702480681472,10.993850809294871,0.0
1,1,196,703894915584,11.015983629807693,0.0
1,1,197,704619532288,11.02732391025641,0.0
1,0,99,705356989453,11.03886514443422,nan
1,1,198,705753056768,11.045063613782052,0.0
1,1,199,706132931072,11.051008661858974,0.0
1,1,200,707201905664,11.067738157051282,0.0
1,1,201,707926462976,11.079077508012821,0.0
1,0,101,708326895271,11.085344289472532,nan
1,1,202,709065455104,11.096902780448719,0.0
1,1,203,709445258752,11.10284672275641,0.0
1,1,204,710859096064,11.124973333333333,0.0
1,1,205,711583771136,11.13631452724359,0.0
1,0,103,711980705102,11.142526559714293,nan
1,1,206,712378116608,11.14874606570513,0.0
1,1,207,713102704640,11.160085897435899,0.0
1,1,208,714171668992,11.176815232371796,0.0
1,1,209,714895863296,11.18814890224359,0.0
1,0,105,715292921321,11.194362876242614,nan
1,1,210,715690105344,11.200578822115386,0.0
1,1,211,716414622720,11.211917548076924,0.0
1,1,212,717483544064,11.228646209935897,0.0
1,1,213,717863216640,11.234588100961538,0.0
1,0,107,718605309586,11.246201885297726,nan
1,1,214,719001456128,11.252401594551282,0.0
1,1,215,719725497344,11.263732868589743,0.0
1,1,216,720794052608,11.280455801282052,0.0
1,1,217,721517927424,11.291784471153846,0.0
1,0,109,722258512694,11.30337466030023,nan
1,1,218,723000760832,11.314990873397436,0.0
1,1,219,723380377088,11.32093188301282,0.0
1,1,220,724793218048,11.343042900641025,0.0
1,1,221,725172741120,11.348982451923078,0.0
1,0,111,725569978854,11.355199238375151,nan
1,1,222,726311487488,11.366803878205129,0.0
1,1,223,726691267072,11.372747443910256,0.0
1,1,224,727760132608,11.389475232371796,0.0
1,1,225,728484529664,11.400812075320513,0.0
1,0,113,728881111170,11.407018591778096,nan
1,1,226,729278799360,11.413242427884615,0.0
1,1,227,730003130880,11.424578245192308,0.0
1,1,228,731071620096,11.44130014423077,0.0
1,1,229,731795653632,11.452631298076923,0.0
1,0,115,732534951202,11.464201334666717,nan
1,1,230,732928637952,11.470362548076924,0.0
1,1,231,733652848640,11.481696474358975,0.0
1,1,232,734721404928,11.498419423076923,0.0
1,1,233,735445542400,11.509752203525641,0.0
1,0,117,735846338512,11.516024678735977,nan
1,1,234,736583989248,11.527568942307692,0.0
1,1,235,736963628544,11.5335103125,0.0
1,1,236,738032447488,11.550237371794871,0.0
1,1,237,738756469248,11.561568341346154,0.0
1,0,119,739152151193,11.567760779638046,nan
1,1,238,739545020416,11.57390919871795,0.0
1,1,239,740269220352,11.58524295673077,0.0
1,1,240,741682277376,11.607357355769231,0.0
1,1,241,742406433280,11.618690424679487,0.0
1,0,121,743146042191,11.630265333768405,nan
1,1,242,743539834368,11.636428197115386,0.0
1,1,243,744263795200,11.647758213141026,0.0
1,1,244,745332498432,11.664483461538461,0.0
1,1,245,745712342528,11.670428036858974,0.0
1,0,123,746450925078,11.681986883357121,nan
1,1,246,746845512704,11.68816219551282,0.0
1,1,247,747569558528,11.699493541666667,0.0
1,1,248,748638222848,11.716218181089744,0.0
1,1,249,749017914880,11.722160376602565,0.0
1,0,125,749414868182,11.728372711682443,nan
1,1,250,750156444672,11.73997841346154,0.0
1,1,251,750880602112,11.751311506410257,0.0
1,1,252,752314779648,11.773756442307693,0.0
1,1,253,753038892032,11.785088830128206,0.0
1,1,254,754451901440,11.80720248397436,0.0
1,1,255,754831557120,11.813144110576923,0.0
1,0,128,755579399896,11.824847879982974,nan
1,1,256,755975503360,11.831046915064103,0.0
1,1,257,756355206144,11.836989278846154,0.0
1,1,258,757424111104,11.853717684294873,0.0
1,1,259,758148933632,11.865061185897437,0.0
1,0,130,758549615990,11.871331880853115,nan
1,1,260,759287956992,11.882886947115384,0.0
1,1,261,759667644928,11.88882907852564,0.0
1,1,262,760736314368,11.905553798076923,0.0
1,1,263,761805180416,11.922281594551283,0.0
1,0,132,762543706153,11.933839551923704,nan
1,1,264,763282773504,11.945405985576924,0.0
1,1,265,763662520320,11.951349038461538,0.0
1,1,266,764731231232,11.968074407051283,0.0
1,1,267,765455526400,11.979409655448718,0.0
1,0,134,765855035603,11.985661990481645,nan
1,1,268,766249850368,11.991840857371795,0.0
1,1,269,766974008320,12.003173958333333,0.0
1,1,270,768042635776,12.019898020833333,0.0
1,1,271,768422269440,12.025839302884616,0.0
1,0,136,769159815073,12.03738192159017,nan
1,1,272,769555187712,12.04356951923077,0.0
1,1,273,770279550976,12.054905833333335,0.0
1,1,274,771348393984,12.07163326923077,0.0
1,1,275,772072875008,12.082971426282052,0.0
1,0,138,772811619937,12.094532814018054,nan
1,1,276,773206024192,12.100705256410256,0.0
1,1,277,773930430464,12.112042243589745,0.0
1,1,278,774999540736,12.128773862179488,0.0
1,1,279,775723943936,12.140110801282052,0.0
1,0,140,776122393872,12.146346558743991,nan
1,1,280,776862773760,12.157933533653846,0.0
1,1,281,777242621952,12.163878173076924,0.0
1,1,282,778311513088,12.180606362179487,0.0
1,1,283,778691375616,12.186551225961539,0.0
1,0,142,779433413565,12.198164149592474,nan
1,1,284,780174963712,12.209769439102564,0.0
1,1,285,780899466752,12.221107940705128,0.0
1,1,286,782312761344,12.243226057692308,0.0
1,1,287,782692469760,12.249168509615386,0.0
1,0,144,783091348554,12.255410978722207,nan
1,1,288,783831156224,12.266988998397435,0.0
1,1,289,784210955264,12.272932868589743,0.0
1,1,290,785279924224,12.289662275641026,0.0
1,1,291,786004172800,12.300996794871795,0.0
1,0,146,786402461431,12.307230027904021,nan
1,1,292,787142762496,12.318815769230769,0.0
1,1,293,787522551296,12.324759479166667,0.0
1,1,294,788591457792,12.341487908653846,0.0
1,1,295,789315629568,12.352821225961538,0.0
1,0,148,789714023846,12.359056112373548,nan
1,1,296,790454241280,12.370640544871796,0.0
1,1,297,791178269696,12.381971618589745,0.0
1,1,298,792591525888,12.404089134615385,0.0
1,1,299,792971423232,12.410034543269232,0.0
1,0,150,793708976217,12.42157727703388,nan
1,1,300,794105005568,12.42777515224359,0.0
1,1,301,794829632000,12.439115584935898,0.0
1,1,302,795898604544,12.455845048076924,0.0
1,1,303,796278306304,12.461787395833333,0.0
1,0,152,797019831555,12.473392295720027,nan
1,1,304,797416991232,12.479607860576923,0.0
1,1,305,797796795392,12.485551810897435,0.0
1,1,306,799210253312,12.507672483974359,0.0
1,1,307,799590032896,12.513616049679488,0.0
1,0,154,800331029425,12.5252126750457,nan
1,1,308,801073532928,12.536832884615386,0.0
1,1,309,801798017536,12.548171097756411,0.0
1,1,310,802867443200,12.56490765224359,0.0
1,1,311,803591842816,12.57624453525641,0.0
1,0,156,803989833795,12.582473110022912,nan
1,1,312,804731177984,12.594075176282052,0.0
1,1,313,805110983680,12.600019150641026,0.0
1,1,314,806179909120,12.616747876602565,0.0
1,1,315,806904501248,12.628087772435897,0.0
1,0,158,807302136025,12.634310772626828,nan
1,1,316,807698773504,12.640518165064103,0.0
1,1,317,808423250944,12.651856266025641,0.0
1,1,318,809492390912,12.668588349358975,0.0
1,1,319,809872258560,12.674533293269231,0.0
1,0,160,810957104014,12.691511168087692,nan
1,1,320,811350173696,12.697662724358974,0.0
1,1,321,812074506752,12.708998565705128,0.0
1,1,322,813488133120,12.731121875000001,0.0
1,1,323,813868007936,12.737066931089744,0.0
1,0,162,814609507893,12.748671435124324,nan
1,1,324,815006892032,12.754890512820513,0.0
1,1,325,815386631168,12.760833445512821,0.0
1,1,326,816799947264,12.782951899038462,0.0
1,1,327,817179771904,12.788896169871796,0.0
1,0,164,817921736922,12.800507952129658,nan
1,1,328,818318646784,12.806719607371795,0.0
1,1,329,818698389504,12.812662596153846,0.0
1,1,330,820111810560,12.834782692307693,0.0
1,1,331,820491566080,12.840725881410258,0.0
1,0,166,821234332546,12.852350206361429,nan
1,1,332,821630504448,12.8585503125,0.0
1,1,333,822354893824,12.869887035256411,0.0
1,1,334,823423937024,12.886617604166666,0.0
1,1,335,824148393984,12.897955384615384,0.0
1,0,168,824547265565,12.904197740838466,nan
1,1,336,824942519296,12.910383477564103,0.0
1,1,337,825666793984,12.921718405448718,0.0
1,1,338,826735678976,12.938446498397436,0.0
1,1,339,827115473408,12.94439029647436,0.0
1,0,170,827854100689,12.955949843014448,nan
1,1,340,828248590336,12.962123621794872,0.0
1,1,341,828972822016,12.973457876602565,0.0
1,1,342,830041867264,12.990188477564104,0.0
1,1,343,830421677568,12.996132524038462,0.0
1,0,172,831160544673,13.007695823833759,nan
1,1,344,831899487232,13.01926030448718,0.0
1,1,345,832279288320,13.02520420673077,0.0
1,1,346,833347845120,13.041927163461539,0.0
1,1,347,834071874560,13.05325825320513,0.0
1,0,174,834808942702,13.064793399157402,nan
1,1,348,835205010944,13.070991883012821,0.0
1,1,349,835929166336,13.082324943910256,0.0
1,1,350,836997888512,13.099050488782051,0.0
1,1,351,837377559552,13.10499235576923,0.0
1,0,176,837775298337,13.111216983689529,nan
1,1,352,838516207104,13.122812235576923,0.0
1,1,353,838895994880,13.12875592948718,0.0
1,1,354,840309372928,13.150875352564103,0.0
1,1,355,841033537536,13.162208557692308,0.0
1,0,178,841431252938,13.16843281966772,nan
1,1,356,842172350464,13.180031025641027,0.0
1,1,357,842896587264,13.191365360576924,0.0
1,1,358,843965181952,13.20808891025641,0.0
1,1,359,844344801280,13.214029967948719,0.0
1,0,180,845085308011,13.225618927956607,nan
1,1,360,845483487744,13.23185045673077,0.0
1,1,361,845863217152,13.237793237179488,0.0
1,1,362,846931957248,13.2545190625,0.0
1,1,363,847656229888,13.265853958333334,0.0
1,0,182,848056336132,13.272115637081832,nan
1,1,364,848794966528,13.283675232371795,0.0
1,1,365,849174685184,13.289617844551282,0.0
1,1,366,850587944448,13.311735408653847,0.0
1,1,367,850967826944,13.317680584935898,0.0
1,0,184,851704767453,13.329213733426608,nan
1,1,368,852101147136,13.335417091346153,0.0
1,1,369,852825460736,13.34675262820513,0.0
1,1,370,853894221824,13.363478782051283,0.0
1,1,371,854273892864,13.369420649038462,0.0
1,0,186,854674720902,13.375693623891978,nan
1,1,372,855412790272,13.387244439102565,0.0
1,1,373,855792596992,13.39318842948718,0.0
1,1,374,856861406208,13.409915336538463,0.0
1,1,375,857585779200,13.421251802884616,0.0
1,0,188,857981572427,13.427445982744267,nan
1,1,376,858374513152,13.433595520833334,0.0
1,1,377,859098941440,13.444932852564103,0.0
1,1,378,860512193536,13.467050304487179,0.0
1,1,379,861236424704,13.478384551282051,0.0
1,0,190,861976022022,13.489959278940054,nan
1,1,380,862369718272,13.496120641025641,0.0
1,1,381,863094120960,13.507457572115385,0.0
1,1,382,864507556352,13.529577892628206,0.0
1,1,383,864887396352,13.535522403846155,0.0
1,0,192,865634678429,13.54721739829039,nan
1,1,384,866031759360,13.553431730769232,0.0
1,1,385,866411538432,13.559375288461538,0.0
1,1,386,867480330752,13.576101931089744,0.0
1,1,387,868204563968,13.587436209935898,0.0
1,0,194,868604183361,13.593690269446741,nan
1,1,388,868998664704,13.59986391826923,0.0
1,1,389,869723021824,13.611200136217949,0.0
1,1,390,871136386560,13.63331935096154,0.0
1,1,391,871860546048,13.64465247596154,0.0
1,0,196,872256542205,13.65084983168382,nan
1,1,392,872994180608,13.66239390224359,0.0
1,1,393,873374092288,13.668339535256411,0.0
1,1,394,874443113472,13.685069759615384,0.0
1,1,395,875167286784,13.69640310096154,0.0
1,0,198,875567972524,13.702673848845654,nan
1,1,396,875961447424,13.708831746794873,0.0
1,1,397,876685872128,13.720169022435897,0.0
1,0,199,877056253403,13.725965504228641,nan
1,1,398,877797242880,13.73756201923077,0.0
1,1,399,878176940544,13.743504302884617,0.0
1,1,400,879245836288,13.760232564102564,0.0
1,1,401,879970000896,13.77156576923077,0.0
1,0,201,881056094343,13.78856317518968,nan
1,1,402,882142465536,13.805564927884616,0.0
1,1,403,882866729984,13.81689969551282,0.0
1,1,404,884280472064,13.839024815705129,0.0
1,1,405,884660470784,13.844971810897436,0.0
1,0,203,885061280512,13.85124449919872,nan
1,1,406,885799718912,13.86280108974359,0.0
1,1,407,886179418112,13.868743397435898,0.0
1,1,408,887248195072,13.885469799679488,0.0
1,1,409,887972608512,13.896806899038461,0.0
1,0,205,888373249444,13.903076945675581,nan
1,1,410,889111571456,13.91463171474359,0.0
1,1,411,889835862016,13.925966891025642,0.0
1,1,412,891249292288,13.948087131410256,0.0
1,1,413,891973838336,13.959426306089744,0.0
1,0,207,892714521673,13.971018029988608,nan
1,1,414,893112572928,13.977247548076923,0.0
1,1,415,893492294656,13.983190208333333,0.0
1,1,416,894561139712,13.999917676282053,0.0
1,1,417,895285583872,14.011255256410257,0.0
1,0,209,895683404531,14.017481165661934,nan
1,1,418,896424549888,14.029080120192308,0.0
1,1,419,896804402176,14.035024823717949,0.0
1,1,420,897894712320,14.052088221153847,0.0
1,1,421,898274600960,14.058033493589743,0.0
1,1,422,899343712768,14.07476513621795,0.0
1,1,423,900412956672,14.091498846153847,0.0
1,0,212,900811652401,14.097738450286084,nan
1,1,424,901551805440,14.109321875000001,0.0
1,1,425,901931601920,14.115265705128206,0.0
1,1,426,903345017344,14.137385713141025,0.0
1,1,427,904069363712,14.148721762820513,0.0
1,0,214,904469531079,14.154984398146409,nan
1,1,428,905208291840,14.166546033653846,0.0
1,1,429,905588149760,14.172490825320514,0.0
1,1,430,906657362944,14.18922405448718,0.0
1,1,431,907037199872,14.195168517628206,0.0
1,0,216,907774490269,14.206707141880134,nan
1,1,432,908170720256,14.212908157051283,0.0
1,1,433,908895121920,14.224245072115385,0.0
1,1,434,909964118016,14.240974903846155,0.0
1,1,435,910688551936,14.252312323717948,0.0
1,0,218,911085411146,14.258523186254257,nan
1,1,436,911827418112,14.270135625,0.0
1,1,437,912207281664,14.276080504807693,0.0
1,1,438,913276270080,14.292810216346155,0.0
1,1,439,914000777216,14.304148782051282,0.0
1,0,220,914401066471,14.310413324929263,nan
1,1,440,915139782144,14.321974254807692,0.0
1,1,441,915519443456,14.327915969551283,0.0
1,1,442,916588549632,14.344647524038463,0.0
1,1,443,917312800256,14.355982075320513,0.0
1,0,222,917711228564,14.362217494303385,nan
1,1,444,918451625984,14.373804743589744,0.0
1,1,445,918831547904,14.379750536858975,0.0
1,1,446,919900675072,14.396482419871795,0.0
1,1,447,921314133504,14.418603100961539,0.0
1,0,224,922050891581,14.43013339438414,nan
1,1,448,922792014848,14.441732003205129,0.0
1,1,449,923171784704,14.447675416666668,0.0
1,1,450,924240733184,14.46440450320513,0.0
1,1,451,924964956672,14.475738629807692,0.0
1,0,226,925360548344,14.481929655323517,nan
1,1,452,926098095104,14.493472291666667,0.0
1,1,453,926477850624,14.499415480769231,0.0
1,1,454,927546494464,14.516139799679488,0.0
1,1,455,927926248448,14.522082964743591,0.0
1,0,228,928666596038,14.533669434188452,nan
1,1,456,929059461120,14.539817788461539,0.0
1,1,457,929783703552,14.551152211538462,0.0
1,1,458,931196730368,14.573266137820513,0.0
1,1,459,931576401408,14.579208004807693,0.0
1,0,230,932314276253,14.590755775694236,nan
1,1,460,933054351872,14.602337988782052,0.0
1,1,461,933434074624,14.608280665064102,0.0
1,1,462,934502852608,14.625007083333333,0.0
1,1,463,935227335680,14.636345272435898,0.0
1,0,232,935624498786,14.642560890956782,nan
1,1,464,936021943296,14.64878091346154,0.0
1,1,465,936746494464,14.66012016826923,0.0
1,1,466,937815721472,14.676853613782052,0.0
1,1,467,938195405312,14.682795681089743,0.0
1,0,234,938935629590,14.694380220696866,nan
1,1,468,939673593344,14.70592938301282,0.0
1,1,469,940742811136,14.722662684294873,0.0
1,1,470,942156628992,14.744788990384615,0.0
1,1,471,942536532992,14.750734503205129,0.0
1,0,236,943277883325,14.762336665618115,nan
1,1,472,943675596288,14.768560889423078,0.0
1,1,473,944400160768,14.779900352564104,0.0
1,1,474,945469393920,14.79663389423077,0.0
1,1,475,946193787392,14.807970681089744,0.0
1,0,238,946594309201,14.814238863447141,nan
1,1,476,946988125184,14.820402099358974,0.0
1,1,477,947712423936,14.831737403846155,0.0
1,1,478,948781186560,14.848463581730769,0.0
1,1,479,949161000960,14.854407692307692,0.0
1,0,240,949898894629,14.86595575779059,nan
1,1,480,950294519808,14.872147307692309,0.0
1,1,481,952052641280,14.899661979166668,0.0
1,0,241,952768074297,14.910858534545898,nan
1,1,482,953508433920,14.922445192307693,0.0
1,1,483,953888088064,14.928386794871795,0.0
1,1,484,954956964864,14.945114759615384,0.0
1,1,485,955681157632,14.956448405448718,0.0
1,0,243,956078683371,14.962669699190581,nan
1,1,486,956819724800,14.97426702724359,0.0
1,1,487,957199545856,14.98021124198718,0.0
1,1,488,958268164608,14.996935168269232,0.0
1,1,489,958992378368,15.008269142628206,0.0
1,0,245,959389548456,15.014484870417668,nan
1,1,490,960130960896,15.026088004807693,0.0
1,1,491,960855255552,15.037423245192308,0.0
1,1,492,962268365312,15.059538469551283,0.0
1,1,493,962647981056,15.065479471153846,0.0
1,0,247,963389351507,15.077081948414339,nan
1,1,494,963786338816,15.083294815705129,0.0
1,1,495,964510426624,15.094626818910257,0.0
1,1,496,965579046912,15.11135076923077,0.0
1,1,497,965958644736,15.117291490384616,0.0
1,0,249,966700669204,15.12890420303736,nan
1,1,498,967096993280,15.135106690705129,0.0
1,1,499,967821061120,15.146438381410256,0.0
1,1,500,968889764352,15.163163629807693,0.0
1,1,501,969269515264,15.169106746794872,0.0
1,0,251,970011539404,15.180719454314403,nan
1,1,502,970752675328,15.192318261217949,0.0
1,1,503,971477065728,15.203655000000001,0.0
1,1,504,972545744384,15.220379863782052,0.0
1,1,505,972925584896,15.226324383012821,0.0
1,0,253,973663364757,15.23787066739596,nan
1,1,506,974058707968,15.24405780448718,0.0
1,1,507,974438502912,15.250001610576923,0.0
1,1,508,975507400704,15.266729903846155,0.0
1,1,509,976231548928,15.278062852564103,0.0
1,0,255,976627440993,15.284258579242413,nan
1,1,510,977364835840,15.295798838141026,0.0
1,1,511,977744804352,15.301745360576923,0.0
1,1,512,978813900288,15.318476754807692,0.0
1,1,513,979193632768,15.324419583333334,0.0
1,0,257,979932957255,15.335990041175256,nan
1,1,514,980327023104,15.3421571875,0.0
1,1,515,981051160576,15.353489967948718,0.0
1,1,516,982464321536,15.375605993589744,0.0
1,1,517,982843922432,15.381546762820513,0.0
1,0,259,983585875713,15.393158361393855,nan
1,1,518,983982175232,15.39936046474359,0.0
1,1,519,984706363904,15.41069404647436,0.0
1,1,520,985774948352,15.427417435897436,0.0
1,1,521,986154585088,15.433358766025641,0.0
1,0,261,986892398045,15.444905568362506,nan
1,1,522,987287257600,15.45108513621795,0.0
1,1,523,988011084288,15.462413052884616,0.0
1,1,524,989079404032,15.479132299679488,0.0
1,1,525,989803229184,15.490460192307692,0.0
1,0,263,990203348124,15.496722069749099,nan
1,1,526,990941463552,15.508273605769231,0.0
1,1,527,991665638400,15.519606971153847,0.0
1,1,528,992733991424,15.536326738782051,0.0
1,1,529,993113589248,15.542267459935898,0.0
1,0,265,993850936696,15.553806977038262,nan
1,1,530,994246293504,15.559994326923077,0.0
1,1,531,994970427392,15.571327051282053,0.0
1,1,532,996039205888,15.588053477564102,0.0
1,1,533,996418821120,15.593994471153847,0.0
1,0,267,997157103688,15.605548622921676,nan
1,1,534,997551846912,15.611726370192308,0.0
1,1,535,998276057088,15.62306028846154,0.0
1,1,536,999344992256,15.639789166666667,0.0
1,1,537,999724776960,15.6457328125,0.0
1,0,269,1000462959907,15.657285405195188,nan
1,1,538,1001202576384,15.668860432692307,0.0
1,1,539,1001582323712,15.674803493589744,0.0
1,1,540,1002650782208,15.691524911858975,0.0
1,1,541,1003375006720,15.70285905448718,0.0
1,0,271,1003773161444,15.709090191869493,nan
1,1,542,1004168983040,15.715284815705129,0.0
1,1,543,1004893085696,15.726617051282052,0.0
1,1,544,1005961533440,15.743338301282051,0.0
1,1,545,1006685509120,15.754668549679488,0.0
1,0,273,1007085099674,15.760922157858825,nan
1,1,546,1007479304704,15.767091482371795,0.0
1,1,547,1008203380224,15.778423293269231,0.0
1,1,548,1009272025600,15.79514763621795,0.0
1,1,549,1009651782144,15.801090841346154,0.0
1,0,275,1010738570575,15.818099123832507,nan
1,1,550,1011134520832,15.824295761217948,0.0
1,1,551,1011858324480,15.835623317307693,0.0
1,1,552,1013271033856,15.857732275641027,0.0
1,1,553,1013650712064,15.863674254807693,0.0
1,0,277,1014051209728,15.869942059294873,nan
1,1,554,1014788869632,15.881486466346153,0.0
1,1,555,1015168483840,15.887427443910257,0.0
1,1,556,1016236993024,15.904149655448718,0.0
1,1,557,1016960983040,15.915480128205129,0.0
1,0,279,1017357431498,15.92168456245618,nan
1,1,558,1018099290112,15.93329467948718,0.0
1,1,559,1018478845440,15.939234735576923,0.0
1,1,560,1019547181056,15.955954230769231,0.0
1,1,561,1020271008768,15.967282163461539,0.0
1,0,281,1021010039187,15.97884801912748,nan
1,1,562,1021403665408,15.985008285256411,0.0
1,1,563,1022127547904,15.996337075320513,0.0
1,1,564,1023195972096,16.01305795673077,0.0
1,1,565,1023575745024,16.01900141826923,0.0
1,0,283,1024316322397,16.030591483827248,nan
1,1,566,1024714341888,16.036820504807693,0.0
1,1,567,1025438572032,16.048154735576922,0.0
1,1,568,1026507281408,16.064880080128205,0.0
1,1,569,1026886948352,16.070821883012822,0.0
1,0,285,1027627177746,16.082406502685547,nan
1,1,570,1028019894272,16.08855253205128,0.0
1,1,571,1028399448064,16.094492564102566,0.0
1,1,572,1029812277248,16.1166033974359,0.0
1,1,573,1030191845888,16.122543661858973,0.0
1,0,287,1030933161955,16.134145288007687,nan
1,1,574,1031329837056,16.14035326923077,0.0
1,1,575,1032397827584,16.15706736378205,0.0
1,1,576,1033465803776,16.17378123397436,0.0
1,1,577,1033845320192,16.179720681089744,0.0
1,0,289,1034585817759,16.191309497680663,nan
1,1,578,1034983469056,16.197532756410258,0.0
1,1,579,1035707594752,16.208865352564104,0.0
1,1,580,1036776065024,16.225586955128204,0.0
1,1,581,1037500000768,16.23691657852564,0.0
1,0,291,1037897502535,16.243137497104744,nan
1,1,582,1038293773312,16.249339150641028,0.0
1,1,583,1039017684992,16.260668397435897,0.0
1,1,584,1040430602240,16.28278060897436,0.0
1,1,585,1040810248192,16.288722083333333,0.0
1,0,293,1041551130118,16.300316915158003,nan
1,1,586,1041948304896,16.306532716346155,0.0
1,1,587,1042672136192,16.317860705128204,0.0
1,1,588,1043739920896,16.33457157852564,0.0
1,1,589,1044119356416,16.340509759615387,0.0
1,0,295,1044857351389,16.35205941050994,nan
1,1,590,1045251499008,16.35822783653846,0.0
1,1,591,1045630844928,16.364164615384617,0.0
1,1,592,1046698752000,16.380877403846153,0.0
1,1,593,1047422364160,16.392201963141027,0.0
1,0,297,1047822244770,16.398460110708385,nan
1,1,594,1048559670784,16.410000857371795,0.0
1,1,595,1048939055104,16.41593823717949,0.0
1,1,596,1050351121408,16.43803713141026,0.0
1,1,597,1051419063296,16.45475046474359,0.0
1,0,299,1051817064038,16.460979192301433,nan
1,1,598,1052901507072,16.47795076923077,0.0
1,1,599,1053625277440,16.48927780448718,0.0
1,1,600,1054693408256,16.505994094551284,0.0
1,1,601,1055417372160,16.517324158653846,0.0
1,0,301,1055816837373,16.523575805241514,nan
1,1,602,1056555877376,16.535141810897436,0.0
1,1,603,1056935319552,16.541080096153845,0.0
1,1,604,1058003569664,16.557798253205128,0.0
1,1,605,1058727561728,16.56912875801282,0.0
1,0,303,1059128518065,16.575403740750826,nan
1,1,606,1059865733632,16.586941193910256,0.0
1,1,607,1060245275648,16.59288104166667,0.0
1,1,608,1061657789440,16.614986939102565,0.0
1,1,609,1062381567488,16.626314094551283,0.0
1,0,305,1062781834855,16.632578294881185,nan
1,1,610,1063175105024,16.638732988782053,0.0
1,1,611,1063899083776,16.65006328525641,0.0
1,1,612,1064967598080,16.66678557692308,0.0
1,1,613,1065347224576,16.672726746794872,0.0
1,0,307,1066088501045,16.684327753233298,nan
1,1,614,1066485823488,16.690545865384617,0.0
1,1,615,1066865605632,16.696489471153846,0.0
1,1,616,1067934139904,16.713212075320513,0.0
1,1,617,1068658392576,16.724546658653846,0.0
1,0,309,1069400372196,16.736158669433593,nan
1,1,618,1070141489152,16.74775717948718,0.0
1,1,619,1070521176576,16.753699302884616,0.0
1,1,620,1071934326272,16.77581515224359,0.0
1,1,621,1072658457600,16.787147836538463,0.0
1,0,311,1073059070599,16.793417446023014,nan
1,1,622,1073797116928,16.804967900641024,0.0
1,1,623,1074521070592,16.81629780448718,0.0
1,1,624,1075589392384,16.833017083333335,0.0
1,1,625,1076313289216,16.84434609775641,0.0
1,0,313,1076711615288,16.850579916741786,nan
1,1,626,1077451820032,16.862164150641025,0.0
1,1,627,1077831371264,16.868104142628205,0.0
1,1,628,1078899614720,16.88482219551282,0.0
1,1,629,1079623315968,16.896148149038464,0.0
1,0,315,1080364987393,16.90775533655411,nan
1,1,630,1080761537536,16.91396136217949,0.0
1,1,631,1081485626880,16.92529338942308,0.0
1,1,632,1083242359808,16.952786330128205,0.0
1,1,633,1083621839872,16.958725208333334,0.0
1,0,317,1084363551399,16.97033302344689,nan
1,1,634,1084759972352,16.97653702724359,0.0
1,1,635,1085139721728,16.982480120192307,0.0
1,1,636,1086552652288,17.004592540064102,0.0
1,1,637,1086932117504,17.010531185897435,0.0
1,0,319,1087328588144,17.016735967297677,nan
1,1,638,1088070377984,17.02834500801282,0.0
1,1,639,1088449933312,17.034285064102566,0.0
1,1,640,1089518325760,17.051005448717948,0.0
1,1,641,1090242248704,17.06233487179487,0.0
1,0,321,1090980837430,17.073893814947667,nan
1,1,642,1091374706688,17.080057884615385,0.0
1,1,643,1092098518016,17.091385560897436,0.0
1,1,644,1093167072256,17.1081084775641,0.0
1,1,645,1093890951168,17.11943721153846,0.0
1,0,323,1094291426543,17.125704667201898,nan
1,1,646,1095029200384,17.137250857371797,0.0
1,1,647,1095408748032,17.14319079326923,0.0
1,1,648,1096476865536,17.159906875,0.0
1,1,649,1097200518656,17.171232075320514,0.0
1,0,325,1097597034968,17.177437571489385,nan
1,1,650,1097994206208,17.183653317307694,0.0
1,1,651,1098718385664,17.194986754807694,0.0
1,1,652,1099786799616,17.21170747596154,0.0
1,1,653,1100510662144,17.223035953525642,0.0
1,0,327,1101249121435,17.2345928710155,nan
1,1,654,1101643224576,17.24076060096154,0.0
1,1,655,1102367111680,17.252089463141026,0.0
1,1,656,1103435539456,17.268810400641026,0.0
1,1,657,1103815165440,17.2747515625,0.0
1,0,329,1104554719086,17.286325606689452,nan
1,1,658,1104948191744,17.292483469551282,0.0
1,1,659,1105327812096,17.29842454326923,0.0
1,1,660,1106396391424,17.315147852564102,0.0
1,1,661,1107120278016,17.32647670673077,0.0
1,0,331,1107519140927,17.332718927268004,nan
1,1,662,1108258412544,17.34428855769231,0.0
1,1,663,1108638103040,17.350230729166668,0.0
1,1,664,1109706589184,17.366952580128206,0.0
1,1,665,1110430784512,17.37828626602564,0.0
1,0,333,1111172257535,17.389890348542043,nan
1,1,666,1111913579520,17.401492067307693,0.0
1,1,667,1112293241856,17.407433798076923,0.0
1,1,668,1113361185280,17.42414715544872,0.0
1,1,669,1114085117952,17.43547673076923,0.0
1,0,335,1114825008082,17.447056040946766,nan
1,1,670,1115217771008,17.45320279647436,0.0
1,1,671,1115941516800,17.464529447115385,0.0
1,1,672,1117009669120,17.481246073717948,0.0
1,1,673,1117389233664,17.48718627403846,0.0
1,0,337,1117790097049,17.493459802073943,nan
1,1,674,1118527264256,17.504996498397436,0.0
1,1,675,1118906780672,17.51093594551282,0.0
1,1,676,1120319867392,17.533050809294874,0.0
1,1,677,1121044198400,17.544386618589744,0.0
1,0,339,1121784444255,17.55597149587778,nan
1,1,678,1122177420800,17.562121594551282,0.0
1,1,679,1122901852672,17.573458982371797,0.0
1,1,680,1123970551808,17.590184166666667,0.0
1,1,681,1124350186496,17.59612546474359,0.0
1,0,341,1125090391109,17.607709696592675,nan
1,1,682,1125483369984,17.61385983173077,0.0
1,1,683,1126207423488,17.625191298076924,0.0
1,1,684,1127275783168,17.641911169871797,0.0
1,1,685,1127655491072,17.64785361378205,0.0
1,0,343,1128395860259,17.65944042122083,nan
1,1,686,1128788736000,17.665588942307693,0.0
1,1,687,1129512828416,17.676921017628207,0.0
1,0,344,1130572170332,17.69349976105519,nan
1,1,688,1131312680448,17.70508877403846,0.0
1,1,689,1132036804096,17.716421338141025,0.0
1,1,690,1133131555328,17.73355423878205,0.0
1,1,691,1133855483904,17.74488375,0.0
1,1,692,1134923528192,17.761598685897436,0.0
1,1,693,1135303268352,17.767541634615384,0.0
1,0,347,1136042305219,17.779107591192783,nan
1,1,694,1136436491264,17.785276618589744,0.0
1,1,695,1137160271360,17.796603806089745,0.0
1,1,696,1138228539392,17.813322243589745,0.0
1,1,697,1138607890432,17.819259102564104,0.0
1,0,349,1139007197082,17.825508267634465,nan
1,1,698,1140090156032,17.842456618589743,0.0
1,1,699,1140469750784,17.848397291666668,0.0
1,1,700,1142226346496,17.875888084935898,0.0
1,1,701,1142605766144,17.881826017628207,0.0
1,0,351,1143342515320,17.8933561717498,nan
1,1,702,1144082271744,17.90493338942308,0.0
1,1,703,1144461777920,17.91087267628205,0.0
1,1,704,1145529775104,17.927586875,0.0
1,1,705,1146253706752,17.93891643429487,0.0
1,0,353,1146653775671,17.945177528905624,nan
1,1,706,1147391647232,17.956725248397436,0.0
1,1,707,1147771079680,17.962663381410255,0.0
1,1,708,1148838671872,17.97937124198718,0.0
1,1,709,1149218007552,17.985307860576924,0.0
1,0,355,1150306445324,18.002341955316005,nan
1,1,710,1151043936256,18.01388371794872,0.0
1,1,711,1151768002560,18.025215384615386,0.0
1,1,712,1152835947520,18.04192876602564,0.0
1,1,713,1153215352832,18.047866474358976,0.0
1,0,357,1153954438376,18.059433192733373,nan
1,1,714,1154347495424,18.06558455128205,0.0
1,1,715,1155071177728,18.076910208333334,0.0
1,1,716,1156139011072,18.093621842948718,0.0
1,1,717,1156518493184,18.09956075320513,0.0
1,0,359,1157259337178,18.11115499139248,nan
1,1,718,1157656327168,18.117367900641025,0.0
1,1,719,1158035861504,18.12330762820513,0.0
1,1,720,1159104297472,18.140028693910256,0.0
1,1,721,1159828232192,18.151358301282052,0.0
1,0,361,1160565612210,18.16289832810622,nan
1,1,722,1160960702976,18.169081514423077,0.0
1,1,723,1161684396032,18.18040733974359,0.0
1,1,724,1162778874368,18.197535969551282,0.0
1,1,725,1163502599680,18.208862299679488,0.0
1,1,726,1164570993664,18.225582708333334,0.0
1,1,727,1164950615552,18.231523806089744,0.0
1,0,364,1165690876195,18.243108914810573,nan
1,1,728,1166083541504,18.249254142628207,0.0
1,1,729,1166807417856,18.26058283653846,0.0
1,1,730,1167875751424,18.277302299679487,0.0
1,1,731,1168255315968,18.2832425,0.0
1,0,366,1168651165215,18.289437556574896,nan
1,1,732,1169393367552,18.301053052884615,0.0
1,1,733,1170116904448,18.312376434294872,0.0
1,1,734,1171184722944,18.329087836538463,0.0
1,1,735,1171908729856,18.340418573717947,0.0
1,0,368,1172308978894,18.34668248719827,nan
1,1,736,1173046663168,18.358227275641028,0.0
1,1,737,1173426191872,18.364166915064104,0.0
1,1,738,1174494272000,18.380882411858973,0.0
1,1,739,1175218133504,18.392210873397435,0.0
1,0,370,1175616873388,18.39845116855719,nan
1,1,740,1176011698688,18.404630200320515,0.0
1,1,741,1176735575552,18.41595890224359,0.0
1,1,742,1177804022784,18.43268014423077,0.0
1,1,743,1178183595520,18.438620472756412,0.0
1,0,372,1178924856961,18.450221244006034,nan
1,1,744,1179666274304,18.461824455128205,0.0
1,1,745,1180390339072,18.473156097756412,0.0
1,1,746,1181802841088,18.495261810897436,0.0
1,1,747,1182182367232,18.50120141025641,0.0
1,0,374,1182921493835,18.512768771205806,nan
1,1,748,1183314783744,18.518923774038463,0.0
1,1,749,1184038367232,18.530247884615385,0.0
1,1,750,1185106180096,18.54695919871795,0.0
1,1,751,1185485658112,18.552898044871796,0.0
1,0,376,1186223241817,18.564441259405676,nan
1,1,752,1186618139136,18.57062141826923,0.0
1,1,753,1187341860352,18.58194768429487,0.0
1,1,754,1188409892864,18.598662435897438,0.0
1,1,755,1188789269504,18.60459969551282,0.0
1,0,378,1189530368300,18.616197921361678,nan
1,1,756,1189927425536,18.62241188301282,0.0
1,1,757,1190651077120,18.633737059294873,0.0
1,1,758,1191718987264,18.650449895833333,0.0
1,1,759,1192442904064,18.66177922275641,0.0
1,0,380,1192838530579,18.66797079356658,nan
1,1,760,1193231126528,18.674114935897435,0.0
1,1,761,1193954908160,18.685442147435896,0.0
1,1,762,1195022872576,18.702155833333332,0.0
1,1,763,1195402482688,18.708096746794872,0.0
1,0,382,1196140378891,18.719644851934973,nan
1,1,764,1196534955520,18.72581999198718,0.0
1,1,765,1197258952192,18.737150568910256,0.0
1,1,766,1198327305216,18.753870336538462,0.0
1,1,767,1198706785792,18.75980922275641,0.0
1,0,384,1199106280424,18.766061329752606,nan
1,1,768,1199844478976,18.777614166666666,0.0
1,1,769,1200568105472,18.788938950320514,0.0
1,1,770,1201636446720,18.805658533653848,0.0
1,1,771,1202360560128,18.8169909375,0.0
1,0,386,1203102745266,18.828606164644683,nan
1,1,772,1203498746368,18.834803597756412,0.0
1,1,773,1204222591488,18.846131802884617,0.0
1,1,774,1205291151872,18.862854815705127,0.0
1,1,775,1206015165440,18.87418565705128,0.0
1,0,388,1206414689665,18.880438227179113,nan
1,1,776,1207153576448,18.892001834935897,0.0
1,1,777,1207533250048,18.89794374198718,0.0
1,1,778,1208601688576,18.91466484775641,0.0
1,1,779,1209670049280,18.931384735576923,0.0
1,0,390,1210411551821,18.942989280051208,nan
1,1,780,1211152685056,18.954588044871794,0.0
1,1,781,1211532362752,18.96053001602564,0.0
1,1,782,1212945326080,18.98264294871795,0.0
1,1,783,1213324799488,18.98858172275641,0.0
1,0,392,1214066182425,19.000184395423304,nan
1,1,784,1214462783488,19.006391217948718,0.0
1,1,785,1215186526208,19.01771782051282,0.0
1,1,786,1216254541824,19.03443230769231,0.0
1,1,787,1216633964032,19.04037028044872,0.0
1,0,394,1217031438837,19.04659077707144,nan
1,1,788,1217771916288,19.058179278846154,0.0
1,1,789,1218151371264,19.064117764423077,0.0
1,1,790,1219219406848,19.080832564102565,0.0
1,1,791,1219943404544,19.09216315705128,0.0
1,0,396,1220685129926,19.103771188996145,nan
1,1,792,1221425462784,19.115357427884614,0.0
1,1,793,1222149064192,19.126681818910257,0.0
1,1,794,1223217291264,19.143399615384617,0.0
1,1,795,1223596850688,19.149339735576923,0.0
1,0,398,1224339195800,19.160957466321115,nan
1,1,796,1224734899712,19.167150248397437,0.0
1,1,797,1225458888704,19.178480705128205,0.0
1,1,798,1226527293952,19.1952012900641,0.0
1,1,799,1226906877440,19.201141786858976,0.0
1,0,400,1227645463679,19.21270069109012,nan
1,1,800,1228039614464,19.218869166666668,0.0
1,1,801,1228763434496,19.230196979166667,0.0
1,1,802,1230176300544,19.252308389423078,0.0
1,1,803,1230555948032,19.258249887820515,0.0
1,0,402,1231292697456,19.269780045823317,nan
1,1,804,1231688657920,19.27597684294872,0.0
1,1,805,1232412390912,19.287303293269233,0.0
1,1,806,1233480359936,19.304017051282052,0.0
1,1,807,1233859728896,19.309954190705128,0.0
1,0,404,1234599349854,19.32152928833008,nan
1,1,808,1234992254976,19.32767826923077,0.0
1,1,809,1235371722240,19.333616947115384,0.0
1,1,810,1236440240128,19.350339294871794,0.0
1,1,811,1237164452352,19.361673245192307,0.0
1,0,406,1237564129089,19.367928202139048,nan
1,1,812,1238302857216,19.37948932692308,0.0
1,1,813,1239026873344,19.390820208333334,0.0
1,1,814,1240440032256,19.412936201923078,0.0
1,1,815,1240819767808,19.41887907852564,0.0
1,0,408,1241558481950,19.43043998444386,nan
1,1,816,1241952467968,19.43660588141026,0.0
1,1,817,1242676476416,19.447936642628207,0.0
1,1,818,1243745048576,19.46465983974359,0.0
1,1,819,1244124633088,19.4706003525641,0.0
1,0,410,1244864310025,19.482176326262646,nan
1,1,820,1245601668096,19.493716009615387,0.0
1,1,821,1245981178880,19.499655368589742,0.0
1,1,822,1247049479680,19.516374318910255,0.0
1,1,823,1247773337600,19.527702724358974,0.0
1,0,412,1248170253820,19.533914479104066,nan
1,1,824,1248911497728,19.545514975961538,0.0
1,1,825,1249979895808,19.56223544871795,0.0
1,0,413,1250693267226,19.573399739990236,nan
1,1,826,1251090701312,19.579619599358974,0.0
1,1,827,1251814640128,19.590949270833335,0.0
1,1,828,1252882729472,19.607664911858976,0.0
1,1,829,1253606609920,19.618993669871795,0.0
1,0,415,1254005804529,19.625241081496018,nan
1,1,830,1254400481792,19.63141779647436,0.0
1,1,831,1255124684800,19.642751602564104,0.0
1,1,832,1256193497088,19.659478557692307,0.0
1,1,833,1256573095424,19.665419286858974,0.0
1,0,417,1257311320796,19.676972543507112,nan
1,1,834,1257705884160,19.68314747596154,0.0
1,1,835,1258430128640,19.694481931089744,0.0
1,0,418,1258799222814,19.70025826970027,nan
1,1,836,1259885687296,19.717261482371796,0.0
1,1,837,1260265141248,19.72319995192308,0.0
1,1,838,1261677922816,19.745310040064105,0.0
1,1,839,1262401917952,19.756640592948717,0.0
1,0,420,1262800755927,19.762882423236555,nan
1,1,840,1263540171776,19.774454310897436,0.0
1,1,841,1263919861248,19.780396466346154,0.0
1,1,842,1264988440576,19.797119775641026,0.0
1,1,843,1265712332288,19.8084487099359,0.0
1,0,422,1266112741285,19.814715126780975,nan
1,1,844,1266506153472,19.82087204326923,0.0
1,1,845,1267230262784,19.832204383012822,0.0
1,1,846,1268298753536,19.848926306089744,0.0
1,1,847,1269022776832,19.86025729967949,0.0
1,0,424,1269761321113,19.87181554726625,nan
1,1,848,1270499950080,19.88337512019231,0.0
1,1,849,1271568346624,19.900095568910256,0.0
1,1,850,1272637036544,19.91682060897436,0.0
1,1,851,1273361284096,19.92815511217949,0.0
1,0,426,1273760424292,19.93440167223808,nan
1,1,852,1274155349504,19.940582267628205,0.0
1,1,853,1274879587328,19.951916618589745,0.0
1,1,854,1275948453376,19.9686444150641,0.0
1,1,855,1276328173568,19.97458705128205,0.0
1,0,428,1277065923678,19.98613287006085,nan
1,1,856,1277461224448,19.99231934294872,0.0
1,1,857,1278185360384,20.003652099358973,0.0
1,1,858,1279598276608,20.025764294871795,0.0
1,1,859,1280322347520,20.037096033653846,0.0
1,0,430,1280718849318,20.043301302678035,nan
1,1,860,1281460691968,20.054911169871794,0.0
1,1,861,1282184661504,20.066241322115385,0.0
1,1,862,1283252937216,20.082959879807692,0.0
1,1,863,1283632448000,20.08889923878205,0.0
1,0,432,1284371977725,20.100472908606896,nan
1,1,864,1284765143552,20.10662596955128,0.0
1,1,865,1285489143808,20.117956602564103,0.0
1,1,866,1286557284352,20.134673044871796,0.0
1,1,867,1286936828928,20.14061293269231,0.0
1,0,434,1287677697767,20.1522075597049,nan
1,1,868,1288075300864,20.158430064102564,0.0
1,1,869,1288799564800,20.169764823717948,0.0
1,1,870,1290556836864,20.197266201923078,0.0
1,1,871,1290936553984,20.203208790064103,0.0
1,0,436,1291677314981,20.214801729345076,nan
1,1,872,1292075095040,20.22102700320513,0.0
1,1,873,1292799091200,20.232357572115387,0.0
1,1,874,1293867814400,20.24908313301282,0.0
1,1,875,1294247395840,20.25502359775641,0.0
1,0,438,1294988338818,20.266619385047328,nan
1,1,876,1295385926656,20.272841650641027,0.0
1,1,877,1295765651968,20.27878436698718,0.0
1,1,878,1296834336256,20.295509318910256,0.0
1,1,879,1297558237696,20.30683840544872,0.0
1,0,440,1297958207818,20.313097953882462,nan
1,1,880,1298696470016,20.324651786858976,0.0
1,1,881,1299420459008,20.335982243589743,0.0
1,1,882,1301178055168,20.363488693910256,0.0
1,1,883,1301557768704,20.369431225961538,0.0
1,0,442,1302299189784,20.38103449556791,nan
1,1,884,1302696154112,20.38724700320513,0.0
1,1,885,1303420043264,20.398575897435897,0.0
1,1,886,1304488291840,20.41529403044872,0.0
1,1,887,1304867901440,20.421234935897438,0.0
1,0,444,1305604656906,20.432765188457783,nan
1,1,888,1306000508928,20.43896028846154,0.0
1,1,889,1306724441600,20.450289863782054,0.0
1,1,890,1307792842752,20.467010384615385,0.0
1,1,891,1308172342272,20.472949567307694,0.0
1,0,446,1308910373374,20.484499783622546,nan
1,1,892,1309649378304,20.496065240384617,0.0
1,1,893,1310717345280,20.512778966346154,0.0
1,1,894,1311785204224,20.529491001602565,0.0
1,1,895,1312508859392,20.54081623397436,0.0
1,0,448,1312904833245,20.547013240638147,nan
1,1,896,1313302395904,20.553235112179486,0.0
1,1,897,1314026102272,20.564561145833334,0.0
1,1,898,1315094065664,20.58127481570513,0.0
1,1,899,1315817959936,20.592603790064103,0.0
1,0,450,1316214865348,20.598815375663563,nan
1,1,900,1316956216320,20.610417548076924,0.0
1,1,901,1317335810048,20.616358205128204,0.0
1,1,902,1318403740160,20.633071354166667,0.0
1,1,903,1319127621632,20.644400128205127,0.0
1,0,452,1319872618630,20.656059361071463,nan
1,1,904,1320265639936,20.66221016025641,0.0
1,1,905,1320989467648,20.673538092948718,0.0
1,1,906,1322078153728,20.69057607371795,0.0
1,1,907,1322457502720,20.696512900641025,0.0
1,1,908,1323525120512,20.713221161858975,0.0
1,1,909,1324248625664,20.72454404647436,0.0
1,0,455,1324644617554,20.730741335417918,nan
1,1,910,1325386148352,20.742346322115385,0.0
1,1,911,1325765527552,20.748283621794872,0.0
1,1,912,1326833357312,20.764995200320513,0.0
1,1,913,1327212754944,20.77093278846154,0.0
1,0,457,1327950020671,20.78247102662698,nan
1,1,914,1328344842752,20.78865000801282,0.0
1,1,915,1329068577792,20.799976490384616,0.0
1,1,916,1330480582144,20.822074415064105,0.0
1,1,917,1331204367360,20.83340168269231,0.0
1,0,459,1331602871577,20.839638289654072,nan
1,1,918,1331997846528,20.84581966346154,0.0
1,1,919,1332721277440,20.85714138621795,0.0
1,1,920,1333788507648,20.87384358173077,0.0
1,1,921,1334517420544,20.88525109775641,0.0
1,0,461,1334913640957,20.891451963094077,nan
1,1,922,1335310814208,20.897667740384616,0.0
1,1,923,1336039683584,20.909074575320513,0.0
1,1,924,1337112421376,20.92586296474359,0.0
1,1,925,1337491660800,20.931798076923076,0.0
1,0,463,1337889137819,20.938018608194987,nan
1,1,926,1338628977664,20.949597131410258,0.0
1,1,927,1339352573952,20.960921442307693,0.0
1,1,928,1340764277248,20.98301465544872,0.0
1,1,929,1341487707648,20.994336370192308,0.0
1,0,465,1341883380097,21.00052865987142,nan
1,1,930,1342625383936,21.01214104967949,0.0
1,1,931,1343349276160,21.02346999198718,0.0
1,1,932,1344417282560,21.040184334935898,0.0
1,1,933,1344796639232,21.04612128205128,0.0
1,0,467,1345538441309,21.057730514275967,nan
1,1,934,1345934684672,21.063931738782053,0.0
1,1,935,1346314206208,21.069871266025643,0.0
1,1,936,1347726246912,21.091969759615385,0.0
1,1,937,1348105649664,21.097907427884618,0.0
1,0,469,1348847085378,21.10951092651367,nan
1,1,938,1349931458048,21.12648140224359,0.0
1,1,939,1350310798848,21.13241810096154,0.0
1,1,940,1351378592768,21.149129118589745,0.0
1,1,941,1352102032896,21.160450985576922,0.0
1,0,471,1352500975131,21.166694447537935,nan
1,1,942,1353239470080,21.178251923076925,0.0
1,1,943,1353618849792,21.18418923076923,0.0
1,1,944,1354686517760,21.200898277243592,0.0
1,1,945,1355410326528,21.212225913461538,0.0
1,0,473,1355806846746,21.218431470759466,nan
1,1,946,1356204180480,21.224649759615385,0.0
1,1,947,1356928055296,21.23597842948718,0.0
1,1,948,1357996107264,21.252693485576923,0.0
1,1,949,1358375564288,21.25863200320513,0.0
1,0,475,1359459737582,21.27559935869266,nan
1,1,950,1360196317184,21.28712685897436,0.0
1,1,951,1360919775232,21.29844900641026,0.0
1,1,952,1362336608768,21.32062250801282,0.0
1,1,953,1362715974144,21.326559591346154,0.0
1,0,477,1363112348371,21.332762863879083,nan
1,1,954,1363853626368,21.34436389423077,0.0
1,1,955,1364232949760,21.350300320512822,0.0
1,1,956,1365300573184,21.367008669871794,0.0
1,1,957,1366024268288,21.37833452724359,0.0
1,0,479,1366423928739,21.38458922931378,nan
1,1,958,1367162109440,21.396141786858976,0.0
1,1,959,1367541434368,21.402078237179488,0.0
1,1,960,1368609469440,21.418793028846153,0.0
1,1,961,1369332979200,21.430115985576922,0.0
1,0,481,1370072248470,21.441685579270583,nan
1,1,962,1370809688576,21.453226546474358,0.0
1,1,963,1371533383168,21.464552395833334,0.0
1,1,964,1372601439744,21.48126752403846,0.0
1,1,965,1372980982272,21.487207379807693,0.0
1,0,483,1373378549133,21.493429317110504,nan
1,1,966,1374118719488,21.505013012820513,0.0
1,1,967,1374498078208,21.51094999198718,0.0
1,1,968,1375565675008,21.527657924679488,0.0
1,1,969,1376289187840,21.53898092948718,0.0
1,0,485,1376685449857,21.54518244592911,nan
1,1,970,1377426504192,21.55677997596154,0.0
1,1,971,1377805830656,21.562716450320515,0.0
1,1,972,1379217895936,21.584815328525643,0.0
1,1,973,1379941512704,21.596139959935897,0.0
1,0,487,1380682529623,21.607736904406426,nan
1,1,974,1381079196672,21.613944759615386,0.0
1,1,975,1381802852352,21.62527,0.0
1,1,976,1382870696960,21.641981810897438,0.0
1,1,977,1383250139136,21.647920096153847,0.0
1,0,489,1383991542331,21.65952308585925,nan
1,1,978,1384387430400,21.66571875,0.0
1,1,979,1385111072256,21.677043774038463,0.0
1,1,980,1386178716672,21.69375245192308,0.0
1,1,981,1386558071808,21.699689375000002,0.0
1,0,491,1387299474204,21.71129235220102,nan
1,1,982,1387695575552,21.71749135416667,0.0
1,1,983,1388419115520,21.728814783653846,0.0
1,1,984,1389830983168,21.750910568910257,0.0
1,1,985,1390210298368,21.75684686698718,0.0
1,0,493,1390948438040,21.768398782426882,nan
1,1,986,1391692024320,21.7800359375,0.0
1,1,987,1392071441408,21.785973830128206,0.0
1,1,988,1393139398656,21.802687403846154,0.0
1,1,989,1393518755328,21.80862435096154,0.0
1,0,495,1394260015328,21.820225099659456,nan
1,1,990,1394656374784,21.82642814102564,0.0
1,1,991,1395379975168,21.837752516025642,0.0
1,1,992,1396447881216,21.85446528846154,0.0
1,1,993,1396827359232,21.860404134615386,0.0
1,0,497,1397566491094,21.87197157786834,nan
1,1,994,1397960059392,21.8781309375,0.0
1,1,995,1398683836928,21.8894580849359,0.0
1,1,996,1399751811072,21.906171923076922,0.0
1,1,997,1400819823104,21.922886354166668,0.0
1,0,499,1401220684979,21.92915985857059,nan
1,1,998,1401957837824,21.940696330128205,0.0
1,1,999,1402337336832,21.94663550480769,0.0
1,1,1000,1403405760512,21.96335637820513,0.0
1,1,1001,1404129681920,21.97468577724359,0.0
1,0,501,1404528694173,21.980930334989107,nan
1,1,1002,1405267903488,21.992498990384615,0.0
1,1,1003,1405647527424,21.99844012019231,0.0
1,1,1004,1406715812864,22.015158830128208,0.0
1,1,1005,1407439638016,22.02648672275641,0.0
1,0,503,1407836625542,22.032699593443258,nan
1,1,1006,1408577757696,22.044298341346156,0.0
1,1,1007,1409301905920,22.055631290064103,0.0
1,1,1008,1410714978816,22.0777459375,0.0
1,1,1009,1411094425600,22.083684294871794,0.0
1,0,505,1411832804696,22.095239957306692,nan
1,1,1010,1412227168768,22.101411770833334,0.0
1,1,1011,1412951182848,22.112742620192307,0.0
1,1,1012,1413675038720,22.124070993589743,0.0
1,1,1013,1414398989312,22.135400849358977,0.0
1,0,507,1414798705729,22.141656427299303,nan
1,1,1014,1415537324544,22.153215841346153,0.0
1,1,1015,1415916964352,22.159157219551282,0.0
1,1,1016,1416985601536,22.175881434294872,0.0
1,1,1017,1417365453824,22.181826137820515,0.0
1,0,509,1418105513274,22.193408097862832,nan
1,1,1018,1418498505216,22.199558437500002,0.0
1,1,1019,1419222604800,22.210890625,0.0
1,1,1020,1420290931200,22.22760997596154,0.0
1,1,1021,1421014818304,22.238938838141028,0.0
1,0,511,1421412553763,22.24516341400929,nan
1,1,1022,1422152990720,22.256751282051283,0.0
1,1,1023,1422532695040,22.262693669871794,0.0
1,1,1024,1423601006592,22.27941278846154,0.0
1,1,1025,1424324964864,22.29074276442308,0.0
1,0,513,1425072714452,22.302445075433194,nan
1,1,1026,1425468830720,22.308644310897435,0.0
1,1,1027,1425848443392,22.314585264423076,0.0
1,1,1028,1426916832768,22.33130560096154,0.0
1,1,1029,1427640862208,22.342636690705127,0.0
1,0,515,1428037807054,22.348848893448267,nan
1,1,1030,1428779518976,22.36045671474359,0.0
1,1,1031,1429159188992,22.36639856570513,0.0
1,1,1032,1430572120064,22.388510993589744,0.0
1,1,1033,1430951730688,22.394451915064103,0.0
1,0,517,1431350177954,22.400687630740435,nan
1,1,1034,1432090042368,22.412266538461537,0.0
1,1,1035,1432469808128,22.418209887820513,0.0
1,1,1036,1433538408960,22.434933533653847,0.0
1,1,1037,1434262499840,22.446265584935897,0.0
1,0,519,1434663266665,22.45253760180351,nan
1,1,1038,1435056572416,22.458692852564102,0.0
1,1,1039,1435780596736,22.470023862179488,0.0
1,1,1040,1436848958976,22.486743774038462,0.0
1,1,1041,1437228553216,22.492684439102565,0.0
1,0,521,1437969111135,22.504274200204705,nan
1,1,1042,1438367103488,22.51050279647436,0.0
1,1,1043,1439435680256,22.52722606570513,0.0
1,1,1044,1440848960512,22.549343958333335,0.0
1,1,1045,1441573228544,22.560678782051284,0.0
1,0,523,1441969427763,22.566879315702,nan
1,1,1046,1442367313920,22.573106250000002,0.0
1,1,1047,1443091450880,22.584439022435898,0.0
1,1,1048,1444159920640,22.60116061698718,0.0
1,1,1049,1444884080128,22.61249374198718,0.0
1,0,525,1445280997392,22.618705513070914,nan
1,1,1050,1445678121472,22.624920520833335,0.0
1,1,1051,1446402146816,22.63625154647436,0.0
1,1,1052,1447471040512,22.652979775641025,0.0
1,1,1053,1447850733056,22.658921979166667,0.0
1,0,527,1448588222721,22.67046372197078,nan
1,1,1054,1448983741952,22.67665361378205,0.0
1,1,1055,1449707817472,22.68798542467949,0.0
1,1,1056,1450776504832,22.704710424679487,0.0
1,1,1057,1451500635136,22.71604309294872,0.0
1,0,529,1451900659672,22.722303492963743,nan
1,1,1058,1452639289344,22.73386307692308,0.0
1,1,1059,1453019123712,22.7398075,0.0
1,1,1060,1454087938048,22.756534487179486,0.0
1,1,1061,1454812027392,22.767866514423076,0.0
1,0,531,1455207647431,22.77405798388359,nan
1,1,1062,1455944835584,22.78559500801282,0.0
1,1,1063,1456324472832,22.791536346153848,0.0
1,1,1064,1457393069568,22.808259927884617,0.0
1,1,1065,1458117179392,22.819592275641025,0.0
1,0,533,1458513657287,22.82579717058231,nan
1,1,1066,1459255685120,22.837409935897437,0.0
1,1,1067,1460324248064,22.85413298878205,0.0
1,1,1068,1461413852160,22.871185336538463,0.0
1,1,1069,1462137804288,22.882515216346153,0.0
1,1,1070,1463206333440,22.899237740384617,0.0
1,1,1071,1463930334720,22.910568389423076,0.0
1,0,536,1464327936082,22.91679086666792,nan
1,1,1072,1465068746240,22.928384575320514,0.0
1,1,1073,1465448418816,22.934326466346153,0.0
1,1,1074,1466516931584,22.95104873397436,0.0
1,1,1075,1467240998912,22.96238041666667,0.0
1,0,538,1467640920861,22.968639211191032,nan
1,1,1076,1468034912256,22.97480519230769,0.0
1,1,1077,1468758916608,22.98613588942308,0.0
1,0,539,1469817366132,23.00270066687951,nan
1,1,1078,1470559026688,23.014307684294874,0.0
1,1,1079,1470938818048,23.020251434294874,0.0
1,1,1080,1472007489536,23.036976185897437,0.0
1,1,1081,1472731595264,23.048308469551284,0.0
1,0,541,1473129997628,23.054543482509516,nan
1,1,1082,1473870023680,23.066124919871797,0.0
1,1,1083,1474249729536,23.07206733173077,0.0
1,1,1084,1475318210048,23.088789094551284,0.0
1,1,1085,1475697856000,23.094730568910258,0.0
1,0,543,1476436900924,23.106296651580028,nan
1,1,1086,1476830501376,23.112456514423076,0.0
1,1,1087,1477554168832,23.123781939102564,0.0
1,1,1088,1478622411264,23.14049997596154,0.0
1,1,1089,1479001980928,23.14644025641026,0.0
1,0,545,1480091679502,23.163494082751154,nan
1,1,1090,1480829182464,23.175036033653846,0.0
1,1,1091,1481208791040,23.180976923076923,0.0
1,1,1092,1482621175296,23.20308079326923,0.0
1,1,1093,1483345052672,23.21440950320513,0.0
1,0,547,1483745491954,23.22067639401167,nan
1,1,1094,1484483124224,23.232220368589743,0.0
1,1,1095,1484862675456,23.238160360576924,0.0
1,1,1096,1485930947584,23.25487886217949,0.0
1,1,1097,1486654843904,23.266207868589746,0.0
1,0,549,1487053007070,23.272439138089695,nan
1,1,1098,1487793123840,23.284021995192308,0.0
1,1,1099,1488172785664,23.28996371794872,0.0
1,1,1100,1489929461760,23.31745576923077,0.0
1,1,1101,1490658371072,23.328863229166668,0.0
1,0,551,1491396026301,23.34040756305401,nan
1,1,1102,1491790694400,23.346584134615384,0.0
1,1,1103,1492170314240,23.352525200320514,0.0
1,1,1104,1493238437376,23.36924137019231,0.0
1,1,1105,1493962264064,23.380569286858975,0.0
1,0,553,1494362903698,23.386839313182342,nan
1,1,1106,1495100356608,23.39838048076923,0.0
1,1,1107,1495479834624,23.404319326923076,0.0
1,1,1108,1496547554816,23.421029190705127,0.0
1,1,1109,1497271172608,23.432353838141026,0.0
1,0,555,1497670074762,23.438596672832784,nan
1,1,1110,1498408940544,23.450159951923077,0.0
1,1,1111,1499132591616,23.461485120192307,0.0
1,1,1112,1500544753664,23.483585512820515,0.0
1,1,1113,1501268367872,23.494910104166667,0.0
1,0,557,1501666272880,23.501137333483573,nan
1,1,1114,1502406387712,23.51272016025641,0.0
1,1,1115,1502785824768,23.518658365384617,0.0
1,1,1116,1503853943808,23.535374471153848,0.0
1,1,1117,1504577930752,23.546704895833333,0.0
1,0,559,1505319436099,23.55830948422163,nan
1,1,1118,1505716249600,23.564519631410256,0.0
1,1,1119,1506095801856,23.570459639423078,0.0
1,1,1120,1507163951616,23.58717622596154,0.0
1,1,1121,1507887804928,23.598504559294874,0.0
1,0,561,1508284362297,23.604710698007437,nan
1,1,1122,1509026017792,23.61631763621795,0.0
1,1,1123,1509749855232,23.627645721153847,0.0
1,1,1124,1510818751488,23.644373990384615,0.0
1,1,1125,1511198535680,23.65031762820513,0.0
1,0,563,1511938317598,23.661895244860528,nan
1,1,1126,1512331591168,23.66804999198718,0.0
1,1,1127,1512711147520,23.673990064102565,0.0
1,1,1128,1513779297792,23.69070665865385,0.0
1,1,1129,1514503180288,23.70203544871795,0.0
1,0,565,1514898977816,23.708229695888424,nan
1,1,1130,1515635993088,23.719764014423077,0.0
1,1,1131,1516015537664,23.72570390224359,0.0
1,1,1132,1517083732480,23.742421193910257,0.0
1,1,1133,1517463379456,23.74836268429487,0.0
1,0,567,1518200220989,23.759894283807217,nan
1,1,1134,1518940630016,23.77148171474359,0.0
1,1,1135,1519664658944,23.78281279647436,0.0
1,1,1136,1520733158912,23.799534863782053,0.0
1,1,1137,1521457181184,23.810865841346153,0.0
1,0,569,1521854887959,23.817089968308668,nan
1,1,1138,1522595331584,23.82867794070513,0.0
1,1,1139,1522975010304,23.834619927884617,0.0
1,1,1140,1524043426304,23.851340681089745,0.0
1,1,1141,1524767437824,23.862671490384617,0.0
1,0,571,1525165941491,23.86890808873886,nan
1,1,1142,1525905889280,23.880488301282053,0.0
1,1,1143,1526285641728,23.886431442307693,0.0
1,1,1144,1527354270720,23.903155528846156,0.0
1,1,1145,1528078427136,23.914488605769233,0.0
1,0,573,1528478236108,23.92074563219902,nan
1,1,1146,1529216456192,23.932298806089744,0.0
1,1,1147,1529940335616,23.943627548076925,0.0
1,1,1148,1531008607744,23.960346049679487,0.0
1,1,1149,1531732602880,23.971676602564102,0.0
1,0,575,1532131492025,23.97791923366449,nan
1,1,1150,1532870818304,23.989489719551283,0.0
1,1,1151,1533250340864,23.995429262820515,0.0
1,1,1152,1534318600192,24.012147564102566,0.0
1,1,1153,1535042511360,24.023476802884616,0.0
1,0,577,1535438464946,24.029673492369042,nan
1,1,1154,1536180456960,24.041285697115384,0.0
1,1,1155,1536560043520,24.04722624198718,0.0
1,1,1156,1537628298752,24.06394447916667,0.0
1,1,1157,1538352169984,24.07527309294872,0.0
1,0,579,1539092516500,24.086859545585437,nan
1,1,1158,1539489893376,24.093078509615385,0.0
1,1,1159,1540218851328,24.10448673076923,0.0
1,1,1160,1541286760448,24.121199551282054,0.0
1,1,1161,1541666157568,24.127137131410258,0.0
1,0,581,1542405332837,24.1387052539845,nan
1,1,1162,1542798514176,24.14485855769231,0.0
1,1,1163,1543522214912,24.15618450320513,0.0
1,1,1164,1544590168576,24.172898020833333,0.0
1,1,1165,1544969794560,24.178839182692307,0.0
1,0,583,1545707430532,24.190383215206833,nan
1,1,1166,1546102482944,24.196565801282052,0.0
1,1,1167,1546482106368,24.202506923076925,0.0
1,1,1168,1547550462976,24.219226746794874,0.0
1,1,1169,1548274564096,24.230558958333333,0.0
1,0,585,1549015380335,24.24215276215382,nan
1,1,1170,1549757445632,24.253766113782053,0.0
1,1,1171,1550481443840,24.265096714743592,0.0
1,1,1172,1551549609984,24.28181355769231,0.0
1,1,1173,1551929087488,24.287752395833333,0.0
1,0,587,1552669213277,24.29933539408366,nan
1,1,1174,1553061729792,24.305478293269232,0.0
1,1,1175,1553785454592,24.316804615384616,0.0
1,1,1176,1554853391360,24.333517868589745,0.0
1,1,1177,1555232863744,24.339456626602566,0.0
1,0,589,1555629504364,24.345664068196616,nan
1,1,1178,1556371119104,24.357270368589745,0.0
1,1,1179,1556750607360,24.363209375,0.0
1,1,1180,1557818796544,24.37992657852564,0.0
1,1,1181,1558542723072,24.39125605769231,0.0
1,0,591,1559284228685,24.402860650243515,nan
1,1,1182,1560025207808,24.41445700320513,0.0
1,1,1183,1560749112832,24.425786145833335,0.0
1,1,1184,1561817507328,24.4425065625,0.0
1,1,1185,1562197145088,24.448447908653847,0.0
1,0,593,1562938922791,24.460056759424454,nan
1,1,1186,1563335602688,24.466264815705127,0.0
1,1,1187,1564059522048,24.477594182692307,0.0
1,1,1188,1565127819776,24.494313084935897,0.0
1,1,1189,1565507363328,24.50025295673077,0.0
1,0,595,1566245576750,24.51180602636093,nan
1,1,1190,1566639993856,24.517978669871795,0.0
1,1,1191,1567363914752,24.529308060897435,0.0
1,1,1192,1568431905280,24.546022155448718,0.0
1,1,1193,1569155676160,24.55734919871795,0.0
1,0,597,1569894345518,24.568909403764774,nan
1,1,1194,1570288687104,24.575080865384617,0.0
1,1,1195,1571013028864,24.58641684294872,0.0
1,1,1196,1572081801216,24.603143173076923,0.0
1,1,1197,1572461440512,24.60908454326923,0.0
1,0,599,1573201547821,24.620667252306816,nan
1,1,1198,1573938694144,24.632203621794872,0.0
1,1,1199,1574318266880,24.638143950320515,0.0
1,1,1200,1575387024896,24.654870056089745,0.0
1,1,1201,1576111101440,24.66620188301282,0.0
1,0,601,1576508731677,24.67242481215257,nan
1,1,1202,1576904924672,24.678625248397438,0.0
1,1,1203,1577628827136,24.68995435096154,0.0
1,1,1204,1579041473024,24.71206231570513,0.0
1,1,1205,1579421086208,24.71800327724359,0.0
1,0,603,1580163206655,24.72961749197153,nan
1,1,1206,1580559348224,24.735817123397435,0.0
1,1,1207,1581283278336,24.747146658653847,0.0
1,1,1208,1582351495168,24.763864294871794,0.0
1,1,1209,1582731152384,24.76980594551282,0.0
1,0,605,1583471448320,24.781391606570512,nan
1,1,1210,1583864170496,24.787537724358977,0.0
1,1,1211,1584588467712,24.798873004807692,0.0
1,1,1212,1585656679936,24.815590568910256,0.0
1,1,1213,1586036246528,24.82153080128205,0.0
1,0,607,1586773573659,24.833070000422552,nan
1,1,1214,1587169172480,24.839261137820515,0.0
1,1,1215,1587893423616,24.850595697115384,0.0
1,1,1216,1589650541568,24.87809466346154,0.0
1,1,1217,1590374801408,24.88942935897436,0.0
1,0,609,1591115782386,24.901025740966798,nan
1,1,1218,1591857899520,24.912639903846156,0.0
1,1,1219,1592237429760,24.91857956730769,0.0
1,1,1220,1593305777152,24.935299246794873,0.0
1,1,1221,1594029760000,24.946629607371797,0.0
1,0,611,1594427565532,24.952855279885316,nan
1,1,1222,1594823898624,24.959057908653847,0.0
1,1,1223,1595547967488,24.970389615384615,0.0
1,1,1224,1596616766464,24.98711636217949,0.0
1,1,1225,1596996493824,24.993059110576922,0.0
1,0,613,1597734597330,25.00461046001728,nan
1,1,1226,1598818904576,25.021579911858975,0.0
1,1,1227,1599198584832,25.027521923076925,0.0
1,1,1228,1600611756032,25.04963810897436,0.0
1,1,1229,1601335878144,25.060970649038463,0.0
1,0,615,1601736805276,25.067245174717048,nan
1,1,1230,1602130176512,25.073401450320514,0.0
1,1,1231,1602854231040,25.084732932692308,0.0
1,1,1232,1603922850304,25.10145686698718,0.0
1,1,1233,1604302531584,25.10739889423077,0.0
1,0,617,1605044212370,25.119006228246445,nan
1,1,1234,1605441203712,25.125219158653845,0.0
1,1,1235,1606165506048,25.13655451923077,0.0
1,1,1236,1607234175488,25.15327923878205,0.0
1,1,1237,1607958440448,25.164614014423076,0.0
1,0,619,1609046401872,25.181640654296874,nan
1,1,1238,1609441432576,25.187822900641027,0.0
1,1,1239,1610165535232,25.19915513621795,0.0
1,1,1240,1611234057728,25.215877556089744,0.0
1,1,1241,1611958283264,25.22721171474359,0.0
1,0,621,1612359418914,25.233489503737232,nan
1,1,1242,1613096942080,25.245031770833336,0.0
1,1,1243,1613476699136,25.25097498397436,0.0
1,1,1244,1614545674240,25.267704487179486,0.0
1,1,1245,1615269886464,25.279038437500002,0.0
1,0,623,1615666463015,25.285244876411635,nan
1,1,1246,1616064008192,25.291466474358977,0.0
1,1,1247,1616788376064,25.302802860576925,0.0
1,1,1248,1618202013184,25.324926338141026,0.0
1,1,1249,1618581822976,25.330870376602565,0.0
1,0,625,1619320333336,25.34242809332432,nan
1,1,1250,1620404520448,25.359395665064103,0.0
1,1,1251,1621128994816,25.37073371794872,0.0
1,1,1252,1622197907968,25.387462251602564,0.0
1,1,1253,1622922284032,25.398798766025642,0.0
1,0,627,1623320327403,25.405028160729042,nan
1,1,1254,1624060733440,25.416615544871796,0.0
1,1,1255,1624440352768,25.422556602564104,0.0
1,1,1256,1625508823040,25.439278205128208,0.0
1,1,1257,1626232855040,25.450609334935898,0.0
1,0,629,1626632453579,25.456863068080803,nan
1,1,1258,1627026591744,25.463031346153848,0.0
1,1,1259,1627750785024,25.474365000000002,0.0
1,0,630,1628808881950,25.490924259283606,nan
1,1,1260,1629550687744,25.502533549679487,0.0
1,1,1261,1629930495488,25.508477556089744,0.0
1,1,1262,1631343813120,25.530596033653847,0.0
1,1,1263,1631723564544,25.53653915865385,0.0
1,0,632,1632120784389,25.542755665142355,nan
1,1,1264,1632862025728,25.55435612179487,0.0
1,1,1265,1633241685504,25.5602978125,0.0
1,1,1266,1634310369792,25.577022764423077,0.0
1,1,1267,1635034464256,25.588354871794873,0.0
1,0,634,1635433526498,25.594600211870244,nan
1,1,1268,1635828469760,25.60078108974359,0.0
1,1,1269,1636552833536,25.612117411858975,0.0
1,1,1270,1637621601792,25.628843677884618,0.0
1,1,1271,1638346064896,25.64018155448718,0.0
1,0,636,1639088171471,25.651795552117765,nan
1,1,1272,1639829475840,25.663396995192308,0.0
1,1,1273,1640553725952,25.67473153846154,0.0
1,1,1274,1641622530048,25.691458365384616,0.0
1,1,1275,1642002394624,25.69740326121795,0.0
1,0,638,1642741582511,25.7089715812644,nan
1,1,1276,1643135278080,25.71513293269231,0.0
1,1,1277,1643859304448,25.726463974358975,0.0
1,1,1278,1644928116736,25.74319092948718,0.0
1,1,1279,1645307869696,25.749134078525643,0.0
1,0,640,1646048020916,25.760717474772136,nan
1,1,1280,1646440887808,25.766865857371794,0.0
1,1,1281,1647165153280,25.77820064102564,0.0
1,1,1282,1648578056192,25.80031262820513,0.0
1,1,1283,1648957822464,25.806255985576925,0.0
1,0,642,1649696328895,25.81781364080967,nan
1,1,1284,1650091214848,25.823993621794873,0.0
1,1,1285,1650815487488,25.835328517628206,0.0
1,1,1286,1651883994624,25.852050697115384,0.0
1,1,1287,1652263540736,25.857990608974358,0.0
1,0,644,1653002273231,25.869551802117766,nan
1,1,1288,1653396626944,25.87572345352564,0.0
1,1,1289,1654120726016,25.88705563301282,0.0
1,1,1290,1655189212160,25.90377748397436,0.0
1,1,1291,1655568899584,25.909719607371795,0.0
1,0,646,1655967038652,25.91595049973708,nan
1,1,1292,1656707439104,25.92753779647436,0.0
1,1,1293,1657087193600,25.933480969551283,0.0
1,1,1294,1658844908032,25.960989270833334,0.0
1,1,1295,1659224719872,25.966933341346156,0.0
1,0,648,1659961873856,25.978469830729168,nan
1,1,1296,1660702473216,25.990060240384615,0.0
1,1,1297,1661082261504,25.99600394230769,0.0
1,1,1298,1662151185408,26.01273264423077,0.0
1,1,1299,1662875603968,26.024069823717948,0.0
1,0,650,1663273611938,26.03029866439428,nan
1,1,1300,1663669663232,26.03649688301282,0.0
1,1,1301,1664393604608,26.04782659455128,0.0
1,1,1302,1665461970944,26.06454657051282,0.0
1,1,1303,1665841605632,26.070487868589744,0.0
1,0,652,1666579940766,26.08204284301758,nan
1,1,1304,1666974551040,26.088218509615384,0.0
1,1,1305,1667698871296,26.099554150641026,0.0
1,1,1306,1669112281088,26.12167407051282,0.0
1,1,1307,1669836666880,26.13301073717949,0.0
1,0,654,1670575643281,26.144575747461563,nan
1,1,1308,1671314391552,26.1561371875,0.0
1,1,1309,1671693955584,26.162077379807695,0.0
1,1,1310,1672762405888,26.178798669871796,0.0
1,1,1311,1673486348800,26.190128405448718,0.0
1,0,656,1673882877325,26.196334092751528,nan
1,1,1312,1674624520192,26.207940833333335,0.0
1,1,1313,1675004163072,26.213882259615385,0.0
1,1,1314,1676072691712,26.230604775641027,0.0
1,1,1315,1676796754432,26.24193638621795,0.0
1,0,658,1677195738742,26.248180506654396,nan
1,1,1316,1677935244800,26.259753806089744,0.0
1,1,1317,1678659212288,26.271083926282053,0.0
1,1,1318,1679727742976,26.287806474358977,0.0
1,1,1319,1680451876864,26.29913919871795,0.0
1,0,660,1681190351200,26.31069635166266,nan
1,1,1320,1681929381376,26.322262203525643,0.0
1,1,1321,1682308920832,26.32820201121795,0.0
1,1,1322,1683377557504,26.344926217948718,0.0
1,1,1323,1684101681152,26.356258782051285,0.0
1,0,662,1684500810836,26.362505177596656,nan
1,1,1324,1685239994880,26.3740734375,0.0
1,1,1325,1685619732992,26.380016354166667,0.0
1,1,1326,1686688361984,26.39674044070513,0.0
1,1,1327,1687412461568,26.40807262820513,0.0
1,0,664,1688154169142,26.41968038145408,nan
1,1,1328,1688895192064,26.431277419871794,0.0
1,1,1329,1689963449856,26.447995697115385,0.0
1,1,1330,1691031939584,26.46471760416667,0.0
1,1,1331,1691411549184,26.470658509615387,0.0
1,0,666,1692149994038,26.482215201165616,nan
1,1,1332,1692544070656,26.48838251602564,0.0
1,1,1333,1693268068352,26.49971310897436,0.0
1,1,1334,1694336597504,26.516435633012822,0.0
1,1,1335,1694716290560,26.522377844551283,0.0
1,0,668,1695457057578,26.533970878061147,nan
1,1,1336,1695854604288,26.5401925,0.0
1,1,1337,1696578697216,26.551524583333332,0.0
1,1,1338,1697991847936,26.57364044871795,0.0
1,1,1339,1698716006400,26.584973557692308,0.0
1,0,670,1699115950071,26.591232692166844,nan
1,1,1340,1699854588928,26.602792419871797,0.0
1,1,1341,1700234203648,26.608733405448717,0.0
1,1,1342,1701647369728,26.63084951121795,0.0
1,1,1343,1702026915840,26.636789423076923,0.0
1,0,672,1702422842601,26.642985692749026,nan
1,1,1344,1703165517312,26.65460858173077,0.0
1,1,1345,1703545146368,26.660549791666668,0.0
1,1,1346,1704613897728,26.67727579326923,0.0
1,1,1347,1705338011648,26.688608205128205,0.0
1,0,674,1705736656851,26.694847018526517,nan
1,1,1348,1706475974144,26.70641736378205,0.0
1,1,1349,1706855559680,26.712357892628205,0.0
1,1,1350,1708268507136,26.734470576923076,0.0
1,1,1351,1708992706560,26.74580432692308,0.0
1,0,676,1709390212286,26.752025307460688,nan
1,1,1352,1710475560448,26.769011049679488,0.0
1,1,1353,1710855347712,26.774954735576923,0.0
1,1,1354,1711923912192,26.7916778125,0.0
1,1,1355,1712647965696,26.803009278846154,0.0
1,0,678,1713044972965,26.809222458511744,nan
1,1,1356,1713786541568,26.820828036858977,0.0
1,1,1357,1714166253568,26.826770544871795,0.0
1,1,1358,1715234971136,26.843496017628205,0.0
1,1,1359,1715959141376,26.854829310897436,0.0
1,0,680,1716358601858,26.861080883444764,nan
1,1,1360,1716753207808,26.867256482371797,0.0
1,1,1361,1717822112768,26.883984887820514,0.0
1,0,681,1718194716091,26.889816144753482,nan
1,1,1362,1718933311488,26.901375192307693,0.0
1,1,1363,1719657683968,26.912711650641025,0.0
1,1,1364,1721070623744,26.93482421474359,0.0
1,1,1365,1721794546688,26.946153637820515,0.0
1,0,683,1722191927978,26.952372670929737,nan
1,1,1366,1722588411904,26.95857766025641,0.0
1,1,1367,1723312623616,26.969911602564103,0.0
1,1,1368,1724381257216,26.98663576121795,0.0
1,1,1369,1724760967680,26.99257824519231,0.0
1,0,685,1725157982113,26.998791536974785,nan
1,1,1370,1725899538432,27.010396923076925,0.0
1,1,1371,1726279325696,27.01634060897436,0.0
1,1,1372,1727347966976,27.033064887820515,0.0
1,1,1373,1728416464896,27.049786923076923,0.0
1,0,687,1729153643159,27.06132379242726,nan
1,1,1374,1729549771264,27.067523213141026,0.0
1,1,1375,1730274052608,27.078858245192308,0.0
1,1,1376,1731342908416,27.09558588141026,0.0
1,1,1377,1732067023872,27.10691831730769,0.0
1,0,689,1732467120999,27.113179853374774,nan
1,1,1378,1733205447168,27.124734687500002,0.0
1,1,1379,1733585164288,27.130677275641027,0.0
1,1,1380,1734653846016,27.1474021875,0.0
1,1,1381,1735377887232,27.15873346153846,0.0
1,0,691,1735775157852,27.164950762657753,nan
1,1,1382,1736171854848,27.171159086538463,0.0
1,1,1383,1736895945728,27.182491137820513,0.0
1,1,1384,1737964427776,27.19921292467949,0.0
1,1,1385,1738688581632,27.21054596153846,0.0
1,0,693,1739430932797,27.222163787012345,nan
1,1,1386,1739827300352,27.228366955128205,0.0
1,1,1387,1740551499776,27.239700705128207,0.0
1,1,1388,1741620304384,27.256427540064102,0.0
1,1,1389,1742000036352,27.262370360576924,0.0
1,0,695,1742739381300,27.273941138634317,nan
1,1,1390,1743133102080,27.280102884615385,0.0
1,1,1391,1743857423872,27.291438549679487,0.0
1,1,1392,1744926053376,27.30816264423077,0.0
1,1,1393,1745305698816,27.314104110576924,0.0
1,0,697,1745705889561,27.320367111769457,nan
1,1,1394,1746443967488,27.331918060897436,0.0
1,1,1395,1746823557632,27.337858661858974,0.0
1,1,1396,1748236143616,27.359965689102566,0.0
1,1,1397,1748960083968,27.371295384615387,0.0
1,0,699,1749360400386,27.377560352595403,nan
1,1,1398,1750098767872,27.389115833333335,0.0
1,1,1399,1750823002624,27.40045013621795,0.0
1,1,1400,1751891580928,27.417173429487182,0.0
1,1,1401,1752615694848,27.428505841346155,0.0
1,0,701,1753015989458,27.4347704680301,nan
1,1,1402,1753753867776,27.446318293269233,0.0
1,1,1403,1754133394944,27.45225790865385,0.0
1,1,1404,1755546077184,27.474366442307694,0.0
1,1,1405,1755925580288,27.480305681089746,0.0
1,0,703,1756323938764,27.486540007199018,nan
1,1,1406,1757408037376,27.50350619391026,0.0
1,1,1407,1758131960832,27.514835625,0.0
1,1,1408,1759226768384,27.53196940705128,0.0
1,1,1409,1760294961152,27.54868666666667,0.0
1,0,705,1761010051224,27.559877854942908,nan
1,1,1410,1761750138880,27.57146025641026,0.0
1,1,1411,1762129654784,27.57739969551282,0.0
1,1,1412,1763197731328,27.59411513621795,0.0
1,1,1413,1763921521664,27.60544248397436,0.0
1,0,707,1764317884319,27.611645575405024,nan
1,1,1414,1764715423232,27.617867075320515,0.0
1,1,1415,1765439296512,27.629195721153845,0.0
1,1,1416,1766507473920,27.645912740384617,0.0
1,1,1417,1766886855680,27.651850080128206,0.0
1,0,709,1767625732229,27.663413527722483,nan
1,1,1418,1768363714560,27.67496298076923,0.0
1,1,1419,1768743148032,27.680901129807694,0.0
1,1,1420,1770155475968,27.703004118589746,0.0
1,1,1421,1770535023104,27.70894404647436,0.0
1,0,711,1771276107108,27.720542040827826,nan
1,1,1422,1772017341440,27.732142387820513,0.0
1,1,1423,1772396969984,27.738083589743592,0.0
1,1,1424,1773464959488,27.75479766826923,0.0
1,1,1425,1774188829696,27.76612626602564,0.0
1,0,713,1774584706131,27.772321748093827,nan
1,1,1426,1775326889984,27.783936955128205,0.0
1,1,1427,1775706442752,27.78987697115385,0.0
1,1,1428,1776774582784,27.80659340544872,0.0
1,1,1429,1777498355200,27.817920472756413,0.0
1,0,715,1777897458950,27.824166462433645,nan
1,1,1430,1778636464128,27.835731923076924,0.0
1,1,1431,1779360599040,27.847064663461538,0.0
1,1,1432,1780429294592,27.86378979166667,0.0
1,1,1433,1780808996352,27.86973213942308,0.0
1,0,717,1781546296812,27.88127092116136,nan
1,1,1434,1781942544384,27.887472211538462,0.0
1,1,1435,1782666838016,27.898807435897435,0.0
1,1,1436,1783735755264,27.915536033653847,0.0
1,1,1437,1784115495936,27.921478990384617,0.0
1,0,719,1784854036173,27.933037174682617,nan
1,1,1438,1785248366592,27.939208461538463,0.0
1,1,1439,1785972348928,27.950538814102565,0.0
1,1,1440,1787040877568,27.967261330128206,0.0
1,1,1441,1787764973056,27.97859345352564,0.0
1,0,721,1788503934901,27.990158236005733,nan
1,1,1442,1788898374656,27.99633123397436,0.0
1,1,1443,1789622599168,28.007665376602564,0.0
1,1,1444,1790717824000,28.024805689102564,0.0
1,1,1445,1791097507328,28.030747748397438,0.0
1,1,1446,1792166227456,28.04747326121795,0.0
1,1,1447,1792890389504,28.058806426282054,0.0
1,0,724,1793289106438,28.06504636227339,nan
1,1,1448,1793684678656,28.071237083333333,0.0
1,1,1449,1794409167360,28.082575360576925,0.0
1,1,1450,1795478338560,28.09930793269231,0.0
1,1,1451,1795858233856,28.105253309294874,0.0
1,0,726,1796597529819,28.11682332073505,nan
1,1,1452,1796991537152,28.122989551282053,0.0
1,1,1453,1797715534848,28.13432014423077,0.0
1,1,1454,1799128704000,28.156436298076922,0.0
1,1,1455,1799508290048,28.1623768349359,0.0
1,0,728,1800247285163,28.173942138092823,nan
1,1,1456,1800641225728,28.180107323717948,0.0
1,1,1457,1801365258752,28.191438469551283,0.0
1,1,1458,1802433854464,28.20816203525641,0.0
1,1,1459,1803158128640,28.219496955128207,0.0
1,0,730,1803554500732,28.225700194248297,nan
1,1,1460,1804296846848,28.23731794070513,0.0
1,1,1461,1804676560896,28.24326048076923,0.0
1,1,1462,1805745136128,28.25998372596154,0.0
1,1,1463,1806468801024,28.271309110576922,0.0
1,0,732,1806867626779,28.27755074962127,nan
1,1,1464,1807607076864,28.289123173076923,0.0
1,1,1465,1808330829824,28.300449935897436,0.0
1,1,1466,1809398668800,28.31716165865385,0.0
1,1,1467,1810122677248,28.328492419871797,0.0
1,0,734,1810522727883,28.334753228337217,nan
1,1,1468,1810916451328,28.34091501602564,0.0
1,1,1469,1811640221184,28.352242043269232,0.0
1,1,1470,1812708223488,28.368956322115384,0.0
1,1,1471,1813087706112,28.374895240384618,0.0
1,0,736,1813825949875,28.38644878485264,nan
1,1,1472,1814220406272,28.39262204326923,0.0
1,1,1473,1814600118784,28.398564559294872,0.0
1,1,1474,1815668940800,28.41529166666667,0.0
1,1,1475,1816392865280,28.42662111378205,0.0
1,0,738,1816793501026,28.432891079258063,nan
1,1,1476,1817531164160,28.444435536858975,0.0
1,1,1477,1818254878208,28.455761690705128,0.0
1,0,739,1818624073901,28.461539618092072,nan
1,1,1478,1819365546496,28.473143693910256,0.0
1,1,1479,1820089500160,28.484473597756413,0.0
1,1,1480,1821157769728,28.501192059294873,0.0
1,1,1481,1821537287168,28.5071315224359,0.0
1,0,741,1822279041885,28.518740013474684,nan
1,1,1482,1822675168768,28.524939415064104,0.0
1,1,1483,1823398999552,28.536267395833335,0.0
1,1,1484,1824467138048,28.552983806089745,0.0
1,1,1485,1824846749696,28.558924743589746,0.0
1,0,743,1825587373595,28.570515537281526,nan
1,1,1486,1826329272832,28.582126290064103,0.0
1,1,1487,1826708723200,28.588064703525642,0.0
1,1,1488,1828121385984,28.610172932692308,0.0
1,1,1489,1828845417984,28.6215040625,0.0
1,0,745,1829242732226,28.62772204630534,nan
1,1,1490,1829983575552,28.639316274038464,0.0
1,1,1491,1830363123712,28.64525621794872,0.0
1,1,1492,1831431472128,28.66197591346154,0.0
1,1,1493,1832155264512,28.67330329326923,0.0
1,0,747,1832555581782,28.679568274583083,nan
1,1,1494,1832949062656,28.685726266025643,0.0
1,1,1495,1833672779264,28.697052459935897,0.0
1,1,1496,1834740783616,28.713766770833335,0.0
1,1,1497,1835120294400,28.719706129807694,0.0
1,0,749,1835862341133,28.73131919090858,nan
1,1,1498,1836258749952,28.73752300480769,0.0
1,1,1499,1836982833664,28.748854943910256,0.0
1,1,1500,1838395561472,28.77096419070513,0.0
1,1,1501,1838775260672,28.776906498397437,0.0
1,0,751,1839862960801,28.793929048994016,nan
1,1,1502,1840258175488,28.80011417467949,0.0
1,1,1503,1840982263296,28.811446177884616,0.0
1,1,1504,1842051040256,28.828172580128207,0.0
1,1,1505,1842430696960,28.834114222756412,0.0
1,0,753,1843169559892,28.84567745724409,nan
1,1,1506,1843563542528,28.851843301282052,0.0
1,1,1507,1844287658496,28.863175745192308,0.0
1,1,1508,1845356286464,28.87989981570513,0.0
1,1,1509,1845735855104,28.885840080128204,0.0
1,0,755,1846134142987,28.892073301454204,nan
1,1,1510,1846873925632,28.90365092948718,0.0
1,1,1511,1847597767680,28.914979086538462,0.0
1,1,1512,1849010337280,28.937085857371795,0.0
1,1,1513,1849390029312,28.943028052884618,0.0
1,0,757,1850129615025,28.954602598923906,nan
1,1,1514,1850522949632,28.960758301282052,0.0
1,1,1515,1851246951936,28.972088966346156,0.0
1,1,1516,1852315419648,28.988810528846155,0.0
1,1,1517,1852694957568,28.994750312500003,0.0
1,0,759,1853095911772,29.001025261856473,nan
1,1,1518,1853832958976,29.012560080128207,0.0
1,1,1519,1854212354048,29.01849762820513,0.0
1,1,1520,1855280781824,29.03521856570513,0.0
1,1,1521,1856004933632,29.046551570512822,0.0
1,0,761,1856402970643,29.052780865681967,nan
1,1,1522,1857143357440,29.06436794871795,0.0
1,1,1523,1858211745792,29.08108826923077,0.0
1,1,1524,1859280164864,29.09780907051282,0.0
1,1,1525,1859659792896,29.103750264423077,0.0
1,0,763,1860399163557,29.11532144488995,nan
1,1,1526,1860793042944,29.121485673076926,0.0
1,1,1527,1861517302784,29.132820368589744,0.0
1,1,1528,1862585963520,29.149544951923076,0.0
1,1,1529,1862965558272,29.155485625,0.0
1,0,765,1863704348533,29.167047722183618,nan
1,1,1530,1864098392064,29.17321451923077,0.0
1,1,1531,1864822350336,29.18454449519231,0.0
1,1,1532,1865890726912,29.201264631410258,0.0
1,1,1533,1866270446592,29.207207259615384,0.0
1,0,767,1867011675176,29.218807516651644,nan
1,1,1534,1867753041408,29.230409927884615,0.0
1,1,1535,1868477174784,29.24174264423077,0.0
1,1,1536,1869546032128,29.25847030448718,0.0
1,1,1537,1870270105088,29.269802075320513,0.0
1,0,769,1871011388087,29.281403183953703,nan
1,1,1538,1871408374784,29.287616041666666,0.0
1,1,1539,1872132249600,29.29894471153846,0.0
1,1,1540,1873200706560,29.315666105769232,0.0
1,1,1541,1873580457472,29.32160922275641,0.0
1,0,771,1874317193576,29.333139172300683,nan
1,1,1542,1874713618432,29.339343237179488,0.0
1,1,1543,1875093374976,29.345286442307692,0.0
1,1,1544,1876161969664,29.36200999198718,0.0
1,1,1545,1876886092288,29.373342540064105,0.0
1,0,773,1877623300652,29.384879880496296,nan
1,1,1546,1878363481600,29.39646374198718,0.0
1,1,1547,1879087499776,29.40779465544872,0.0
1,1,1548,1880500274688,29.42990463942308,0.0
1,1,1549,1880879704576,29.435842732371796,0.0
1,1,1550,1881996143616,29.453315048076924,0.0
1,1,1551,1882719963648,29.464642860576923,0.0
1,1,1552,1883788016640,29.48135793269231,0.0
1,1,1553,1884167639552,29.48729904647436,0.0
1,0,777,1884566483430,29.49354096914438,nan
1,1,1554,1885305684992,29.50510950320513,0.0
1,1,1555,1885685117952,29.51104764423077,0.0
1,1,1556,1886753043456,29.527760721153847,0.0
1,1,1557,1887821038080,29.544474879807694,0.0
1,0,779,1888560674957,29.55605022656563,nan
1,1,1558,1888953775104,29.562202259615386,0.0
1,1,1559,1889677465088,29.573528036858974,0.0
1,1,1560,1890745418752,29.59024155448718,0.0
1,1,1561,1891469323776,29.601570697115385,0.0
1,0,781,1891866856770,29.60779210439829,nan
1,1,1562,1892607339520,29.619380689102567,0.0
1,1,1563,1892987042304,29.625323052884617,0.0
1,1,1564,1894055849984,29.642049935897436,0.0
1,1,1565,1894435530752,29.647991955128205,0.0
1,0,783,1895174181365,29.65955186681503,nan
1,1,1566,1895568059904,29.66571608173077,0.0
1,1,1567,1895947607552,29.671656017628205,0.0
1,1,1568,1897360551936,29.693768653846156,0.0
1,1,1569,1898084411392,29.705097083333335,0.0
1,0,785,1898822344882,29.716645772016477,nan
1,1,1570,1899905842176,29.733602548076924,0.0
1,1,1571,1900285455872,29.739543517628206,0.0
1,1,1572,1901353609216,29.75626016025641,0.0
1,1,1573,1902077580288,29.76759033653846,0.0
1,0,787,1902475242324,29.773813763333834,nan
1,1,1574,1903215788544,29.785403341346154,0.0
1,1,1575,1903595359232,29.791343637820514,0.0
1,1,1576,1904663577088,29.808061290064103,0.0
1,1,1577,1905387522048,29.819391057692307,0.0
1,0,789,1905787109368,29.825644615259417,nan
1,1,1578,1906525662720,29.837203004807694,0.0
1,1,1579,1907249518592,29.84853137820513,0.0
1,1,1580,1908318060032,29.865254094551283,0.0
1,1,1581,1909042199552,29.876586907051284,0.0
1,0,791,1909439656595,29.882807125697994,nan
1,1,1582,1910180208128,29.894396786858977,0.0
1,1,1583,1910904003584,29.90572421474359,0.0
1,1,1584,1911972171264,29.92244108173077,0.0
1,1,1585,1912351656960,29.928380048076924,0.0
1,0,793,1913093129011,29.939984115381485,nan
1,1,1586,1913489697792,29.94619043269231,0.0
1,1,1587,1914213522432,29.95751831730769,0.0
1,1,1588,1914937370112,29.9688465625,0.0
1,1,1589,1915661316608,29.980176354166666,0.0
1,0,795,1916057461759,29.986376041651017,nan
1,1,1590,1916799744000,29.997992788461538,0.0
1,1,1591,1917179345408,30.00393356570513,0.0
1,1,1592,1918247886848,30.020656282051284,0.0
1,1,1593,1918971972608,30.031988253205128,0.0
1,0,797,1919369582229,30.038210859703653,nan
1,1,1594,1920110095872,30.049799927884617,0.0
1,1,1595,1920834151424,30.061131426282053,0.0
1,1,1596,1921902354944,30.077848854166668,0.0
1,1,1597,1922282001920,30.083790344551282,0.0
1,0,799,1923023211834,30.095390309401292,nan
1,1,1598,1923420021248,30.101600392628207,0.0
1,1,1599,1923799562752,30.107540232371797,0.0
1,1,1600,1924867790848,30.124258044871794,0.0
1,1,1601,1925591645184,30.13558639423077,0.0
1,0,801,1925987392511,30.141779855753583,nan
1,1,1602,1926729712128,30.1533971875,0.0
1,1,1603,1927453629440,30.1647265224359,0.0
1,1,1604,1928866098688,30.186831722756413,0.0
1,1,1605,1929590050304,30.198161594551284,0.0
1,0,803,1929986926735,30.20437272659693,nan
1,1,1606,1930728031232,30.215971041666666,0.0
1,1,1607,1931107515392,30.22190998397436,0.0
1,1,1608,1932519874560,30.24401346153846,0.0
1,1,1609,1932899329024,30.249951939102566,0.0
1,0,805,1933640157501,30.261545934448243,nan
1,1,1610,1934037448192,30.267763549679486,0.0
1,1,1611,1934761209856,30.279090448717948,0.0
1,1,1612,1935829589504,30.29581063301282,0.0
1,1,1613,1936209293312,30.301753012820512,0.0
1,0,807,1936946598916,30.3132918750626,nan
1,1,1614,1937342236672,30.319483621794873,0.0
1,1,1615,1938066289664,30.330815080128207,0.0
1,1,1616,1939134593024,30.347534070512822,0.0
1,1,1617,1939858734592,30.3588669150641,0.0
1,0,809,1940599842468,30.370465283015324,nan
1,1,1618,1940997319680,30.376685817307692,0.0
1,1,1619,1941376969728,30.38262735576923,0.0
1,1,1620,1942445652480,30.399352283653847,0.0
1,1,1621,1943169676288,30.41068328525641,0.0
1,0,811,1943569401683,30.4169390037028,nan
1,1,1622,1944308126720,30.428500080128206,0.0
1,1,1623,1944687731712,30.43444091346154,0.0
1,1,1624,1945755999232,30.451159342948717,0.0
1,1,1625,1946135535104,30.457099094551282,0.0
1,0,813,1946876082710,30.46868869425456,nan
1,1,1626,1947618346496,30.48030515224359,0.0
1,1,1627,1948342630400,30.491640224358974,0.0
1,1,1628,1949411194880,30.508363301282053,0.0
1,1,1629,1949790834688,30.51430467948718,0.0
1,0,815,1950530189512,30.525875612104368,nan
1,1,1630,1951268424704,30.537429022435898,0.0
1,1,1631,1951992641536,30.548763044871794,0.0
1,1,1632,1953061257728,30.565486931089744,0.0
1,1,1633,1953441036288,30.57143048076923,0.0
1,0,817,1954188680012,30.583131135003505,nan
1,1,1634,1954585220608,30.58933701121795,0.0
1,1,1635,1954964839424,30.595278060897435,0.0
1,1,1636,1956033388544,30.612000897435898,0.0
1,1,1637,1956757761536,30.623337363782053,0.0
1,0,819,1957154306570,30.629543309451375,nan
1,1,1638,1957896494080,30.64115857371795,0.0
1,1,1639,1958620480512,30.652488990384615,0.0
1,1,1640,1960033281024,30.674599375,0.0
1,1,1641,1960757610496,30.68593516025641,0.0
1,0,821,1961155018393,30.692154609766252,nan
1,1,1642,1961551642112,30.698361786858975,0.0
1,1,1643,1962275601920,30.709691786858976,0.0
1,1,1644,1963344016384,30.726412516025643,0.0
1,1,1645,1963723618816,30.732353309294872,0.0
1,0,823,1964461462884,30.743900598520135,nan
1,1,1646,1964856325120,30.750080208333333,0.0
1,1,1647,1965580378112,30.761411666666667,0.0
1,1,1648,1966648894976,30.778133998397436,0.0
1,1,1649,1967372777472,30.789462788461538,0.0
1,0,825,1968113958932,30.80106230800531,nan
1,1,1650,1968855527936,30.812667892628205,0.0
1,1,1651,1969235032064,30.8186071474359,0.0
1,1,1652,1970647355392,30.840710064102566,0.0
1,1,1653,1971026812928,30.84664858974359,0.0
1,0,827,1971766066888,30.858217943835136,nan
1,1,1654,1972159437824,30.86437421474359,0.0
1,1,1655,1972538966528,30.870313854166668,0.0
1,1,1656,1973607096832,30.88703013621795,0.0
1,1,1657,1974330754048,30.898355400641027,0.0
1,0,829,1974729915798,30.904602298020585,nan
1,1,1658,1975468753920,30.91616514423077,0.0
1,1,1659,1975848222720,30.922103846153846,0.0
1,1,1660,1977625305088,30.949915256410257,0.0
1,1,1661,1978004659712,30.95585217147436,0.0
1,1,1662,1979416736256,30.97795122596154,0.0
1,1,1663,1979796259328,30.98389077724359,0.0
1,0,832,1980541734360,30.99555749136118,nan
1,1,1664,1980934349312,31.001701931089745,0.0
1,1,1665,1981313750016,31.00763956730769,0.0
1,1,1666,1982382028800,31.024358173076923,0.0
1,1,1667,1983105983488,31.035688092948718,0.0
1,0,834,1983502014122,31.041885988237432,nan
1,1,1668,1983899644416,31.048108918269232,0.0
1,1,1669,1984623455744,31.059436594551283,0.0
1,1,1670,1985691679232,31.076154334935897,0.0
1,1,1671,1986071255552,31.082094719551282,0.0
1,0,836,1986809554274,31.093649124129858,nan
1,1,1672,1987892141568,31.110591658653846,0.0
1,1,1673,1988616176640,31.121922836538463,0.0
1,0,837,1989333244541,31.133144977917794,nan
1,1,1674,1990071771648,31.14470295673077,0.0
1,1,1675,1990795867136,31.156035080128206,0.0
1,1,1676,1991864730112,31.17276282852564,0.0
1,1,1677,1992588915712,31.18409636217949,0.0
1,0,839,1992986149163,31.19031308160244,nan
1,1,1678,1993727199744,31.201910552884616,0.0
1,1,1679,1994106842112,31.207851971153847,0.0
1,1,1680,1995175343104,31.22457405448718,0.0
1,1,1681,1995899436544,31.235906145833333,0.0
1,0,841,1996638609859,31.2474742378274,nan
1,1,1682,1997376475136,31.25902185897436,0.0
1,1,1683,1998100553216,31.270353709935897,0.0
1,1,1684,1999169170432,31.287077612179488,0.0
1,1,1685,1999893242368,31.29840936698718,0.0
1,0,843,2000292299360,31.30465462489984,nan
1,1,1686,2001031575552,31.316224326923077,0.0
1,1,1687,2001411107328,31.322164014423077,0.0
1,1,1688,2002479261184,31.338880665064103,0.0
1,1,1689,2003203253248,31.350211169871795,0.0
1,0,845,2003600239902,31.35642402691181,nan
1,1,1690,2003996977152,31.36263298076923,0.0
1,1,1691,2004720851456,31.373961642628206,0.0
1,1,1692,2005789540864,31.39068667467949,0.0
1,1,1693,2006513558528,31.402017580128206,0.0
1,0,847,2007254894524,31.413619518166566,nan
1,1,1694,2007651414016,31.419825064102564,0.0
1,1,1695,2008375378432,31.43115513621795,0.0
1,1,1696,2009443310592,31.447868317307694,0.0
1,1,1697,2010166870016,31.459192051282052,0.0
1,0,849,2010566677570,31.465449055520082,nan
1,1,1698,2011304521728,31.476996346153847,0.0
1,1,1699,2011684021760,31.482935536858975,0.0
1,1,1700,2012752006656,31.499649543269232,0.0
1,1,1701,2013476081152,31.510981338141026,0.0
1,0,851,2013872881426,31.517191278326575,nan
1,1,1702,2014614069248,31.528790897435897,0.0
1,1,1703,2014993623040,31.534730929487182,0.0
1,1,1704,2016061689344,31.5514462099359,0.0
1,1,1705,2016785614336,31.562775665064102,0.0
1,0,853,2017525954482,31.574362018010067,nan
1,1,1706,2017923874816,31.580589487179488,0.0
1,1,1707,2018648015360,31.59192231570513,0.0
1,1,1708,2019716669952,31.608646802884618,0.0
1,1,1709,2020440716288,31.619978157051282,0.0
1,0,855,2020837001296,31.626180033303285,nan
1,1,1710,2021234498048,31.632400873397437,0.0
1,1,1711,2021958482944,31.643731266025643,0.0
1,1,1712,2023026724352,31.660449286858974,0.0
1,1,1713,2023406337024,31.666390240384615,0.0
1,0,857,2024144551169,31.677943321329753,nan
1,1,1714,2024539291648,31.684121025641026,0.0
1,1,1715,2025263214080,31.69545044070513,0.0
1,1,1716,2026331585536,31.712170496794872,0.0
1,1,1717,2027055643648,31.723502035256413,0.0
1,0,859,2027798294431,31.735124549764,nan
1,1,1718,2028538300416,31.746705673076924,0.0
1,1,1719,2028917966336,31.752647459935897,0.0
1,1,1720,2030330363904,31.77475153846154,0.0
1,1,1721,2031054211584,31.786079783653847,0.0
1,0,861,2031453105715,31.79232249278533,nan
1,1,1722,2032192267264,31.803890400641027,0.0
1,1,1723,2032571825152,31.809830496794874,0.0
1,1,1724,2033640192512,31.82655048878205,0.0
1,1,1725,2034364043776,31.837878790064103,0.0
1,0,863,2034761983201,31.844106558008438,nan
1,1,1726,2035157868544,31.85030217948718,0.0
1,1,1727,2035881824256,31.861632115384616,0.0
1,1,1728,2037294597632,31.883742075320512,0.0
1,1,1729,2038018486272,31.89507096153846,0.0
1,0,865,2039104280434,31.912063683675132,nan
1,1,1730,2039501352960,31.918277884615385,0.0
1,1,1731,2040225549312,31.929611586538464,0.0
1,1,1732,2041294458880,31.946340064102564,0.0
1,1,1733,2041674156544,31.952282347756412,0.0
1,0,867,2042411882027,31.96382778112167,nan
1,1,1734,2042806656512,31.970006017628204,0.0
1,1,1735,2043530764800,31.981338341346156,0.0
1,1,1736,2044598977536,31.99805591346154,0.0
1,1,1737,2044978508800,32.00399559294872,0.0
1,0,869,2045719685852,32.01559504350711,nan
1,1,1738,2046461409792,32.027203052884616,0.0
1,1,1739,2047185406464,32.038533629807695,0.0
1,1,1740,2048597768704,32.06063715544872,0.0
1,1,1741,2049321738752,32.07196731570513,0.0
1,0,871,2049720528219,32.07820838684082,nan
1,1,1742,2050459974144,32.08978074519231,0.0
1,1,1743,2051183859712,32.10110958333333,0.0
1,1,1744,2052252368384,32.11783178685898,0.0
1,1,1745,2052632093184,32.12377449519231,0.0
1,0,873,2053032573961,32.13004203539726,nan
1,1,1746,2053770532352,32.14159111378205,0.0
1,1,1747,2054150094336,32.147531274038464,0.0
1,1,1748,2055218466816,32.16425134615385,0.0
1,1,1749,2055942560768,32.17558344551282,0.0
1,0,875,2056339294387,32.181792342544945,nan
1,1,1750,2057425025024,32.19878407051282,0.0
1,1,1751,2058149065216,32.21011532852564,0.0
1,1,1752,2059562129408,32.23222983974359,0.0
1,1,1753,2059941741568,32.23817078525641,0.0
1,0,877,2060682478388,32.24976334616637,nan
1,1,1754,2061080164352,32.255987147435896,0.0
1,1,1755,2061459703296,32.261926947115384,0.0
1,1,1756,2062528177152,32.278648605769234,0.0
1,1,1757,2063252328960,32.28998161057692,0.0
1,0,879,2063648603622,32.29618332491361,nan
1,1,1758,2064390622208,32.30779594551282,0.0
1,1,1759,2064770190336,32.31373620192308,0.0
1,1,1760,2065838608896,32.33045699519231,0.0
1,1,1761,2066562628608,32.341787932692306,0.0
1,0,881,2067303420035,32.353381348204,nan
1,1,1762,2067700739584,32.3595994150641,0.0
1,1,1763,2068424538624,32.370926899038466,0.0
1,1,1764,2069492911104,32.38764697115385,0.0
1,1,1765,2070216963584,32.39897842147436,0.0
1,0,883,2070615694626,32.40521857825646,nan
1,1,1766,2071011090432,32.41140653846154,0.0
1,1,1767,2071735098880,32.42273729967949,0.0
1,1,1768,2072803450880,32.439457051282055,0.0
1,1,1769,2073183018496,32.445397299679485,0.0
1,0,885,2073923273692,32.45698232315455,nan
1,1,1770,2074321327616,32.463211883012825,0.0
1,1,1771,2074700899840,32.469152203525645,0.0
1,1,1772,2075769273344,32.48587229166667,0.0
1,1,1773,2076493388288,32.497204719551284,0.0
1,0,887,2077215042289,32.50849863357935,nan
1,1,1774,2077610016768,32.51468,0.0
1,1,1775,2078334088704,32.52601175480769,0.0
1,1,1776,2079402342400,32.542729967948716,0.0
1,1,1777,2080126403072,32.55406154647436,0.0
1,0,889,2080527256470,32.56033491821289,nan
1,1,1778,2080920514048,32.566489415064105,0.0
1,1,1779,2081644667904,32.577822451923076,0.0
1,1,1780,2082713044992,32.59454259615385,0.0
1,1,1781,2083092639744,32.60048326923077,0.0
1,0,891,2083493494352,32.60675665990585,nan
1,1,1782,2084231140352,32.618300849358974,0.0
1,1,1783,2084610747904,32.62424172275641,0.0
1,1,1784,2085679415296,32.64096641025641,0.0
1,1,1785,2086403668992,32.652301009615385,0.0
1,0,893,2087142129425,32.66385794497759,nan
1,1,1786,2087536398336,32.67002826923077,0.0
1,1,1787,2088260231680,32.6813562900641,0.0
1,1,1788,2089328880128,32.69808068108974,0.0
1,1,1789,2090053053952,32.70941403044872,0.0
1,0,895,2090449858507,32.71562403763209,nan
1,1,1790,2091191672832,32.72723346153846,0.0
1,1,1791,2091571342848,32.7331753125,0.0
1,1,1792,2092639819264,32.749897011217946,0.0
1,1,1793,2093363868672,32.76122841346154,0.0
1,0,897,2093762979944,32.76747452085837,nan
1,1,1794,2094502026752,32.77904063301282,0.0
1,1,1795,2094881581056,32.78498067307692,0.0
1,1,1796,2095949747200,32.80169751602564,0.0
1,1,1797,2096673436672,32.81302328525641,0.0
1,0,899,2097070693160,32.81924036520934,nan
1,1,1798,2097811503616,32.83083407852564,0.0
1,1,1799,2098535417856,32.842163365384614,0.0
1,1,1800,2099604067840,32.85888778044872,0.0
1,1,1801,2100328148992,32.87021967948718,0.0
1,0,901,2100724989904,32.87643025565905,nan
1,1,1802,2101122356224,32.88264905448718,0.0
1,1,1803,2101846475776,32.89398155448718,0.0
1,1,1804,2102915001344,32.9107040224359,0.0
1,1,1805,2103294567936,32.91664425480769,0.0
1,0,903,2104032180385,32.92818791918632,nan
1,1,1806,2104427441664,32.93437377403846,0.0
1,1,1807,2105151613440,32.94570709134616,0.0
1,1,1808,2106220268544,32.962431586538465,0.0
1,1,1809,2106944592384,32.97376728365385,0.0
1,0,905,2107345803570,32.98004625478891,nan
1,1,1810,2108428079104,32.99698391025641,0.0
1,1,1811,2109152453120,33.00832039262821,0.0
1,0,906,2109869191749,33.01953738088755,nan
1,1,1812,2110264007168,33.02571625801282,0.0
1,1,1813,2110643774464,33.03165963141026,0.0
1,1,1814,2111712713728,33.04838857371795,0.0
1,1,1815,2112437040640,33.059724318910256,0.0
1,0,908,2112833941273,33.06593582971818,nan
1,1,1816,2113575671296,33.07754393429487,0.0
1,1,1817,2113955423744,33.08348707532051,0.0
1,1,1818,2115024052736,33.10021116185897,0.0
1,1,1819,2115403639296,33.10615170673077,0.0
1,0,910,2116146053065,33.11777051195976,nan
1,1,1820,2116886346752,33.129356137820515,0.0
1,1,1821,2117266205184,33.1353009375,0.0
1,1,1822,2118679030272,33.15741170673077,0.0
1,1,1823,2119058768896,33.16335463141026,0.0
1,0,912,2119799987838,33.17495473754883,nan
1,1,1824,2120197414912,33.18117448717949,0.0
1,1,1825,2120577224192,33.18711851762821,0.0
1,1,1826,2121990057984,33.20922942307693,0.0
1,1,1827,2122369620992,33.21516959935897,0.0
1,0,914,2122765621554,33.221367024019685,nan
1,1,1828,2123507707904,33.232980705128206,0.0
1,1,1829,2123887238656,33.238920376602564,0.0
1,1,1830,2124955456000,33.25563802083333,0.0
1,1,1831,2125679208960,33.26696478365385,0.0
1,0,916,2126079049685,33.27322230701936,nan
1,1,1832,2126817460736,33.284778469551284,0.0
1,1,1833,2127541497344,33.29610967147436,0.0
1,1,1834,2128609769472,33.31282817307692,0.0
1,1,1835,2129333494784,33.32415450320513,0.0
1,0,918,2129733377679,33.33041268653283,nan
1,1,1836,2130471537664,33.3419649198718,0.0
1,1,1837,2130851059712,33.34790445512821,0.0
1,1,1838,2132263720448,33.37001265224359,0.0
1,1,1839,2132643234304,33.375952059294875,0.0
1,0,920,2133382847321,33.38752703264286,nan
1,1,1840,2133776070656,33.39368099358975,0.0
1,1,1841,2134155746816,33.39962294070513,0.0
1,1,1842,2135224290816,33.41634569711538,0.0
1,1,1843,2135948262912,33.42767588942308,0.0
1,0,922,2136685293131,33.439210441878885,nan
1,1,1844,2137425485824,33.450794487179486,0.0
1,1,1845,2138149462528,33.462124751602566,0.0
1,1,1846,2139217503744,33.47883963942308,0.0
1,1,1847,2139941442048,33.49016930288462,0.0
1,0,924,2140339537671,33.49639951533391,nan
1,1,1848,2140735197696,33.50259161057692,0.0
1,1,1849,2141459252224,33.513923092948716,0.0
1,1,1850,2142527828992,33.53064636217949,0.0
1,1,1851,2142907499008,33.53658821314102,0.0
1,0,926,2143646645733,33.548155889000526,nan
1,1,1852,2144039940096,33.55431096153846,0.0
1,1,1853,2144763739136,33.565638445512825,0.0
1,1,1854,2145831965184,33.58235622596154,0.0
1,1,1855,2146211684352,33.58829884615385,0.0
1,0,928,2147299995299,33.6053309560766,nan
1,1,1856,2148038893056,33.61689473557692,0.0
1,1,1857,2148418546176,33.62283632211538,0.0
1,1,1858,2149487059968,33.63955860576923,0.0
1,1,1859,2150211087872,33.65088967147436,0.0
1,0,930,2150606788985,33.65708240974622,nan
1,1,1860,2151343825920,33.66861706730769,0.0
1,1,1861,2151723402752,33.6745574599359,0.0
1,1,1862,2152791742976,33.69127702724359,0.0
1,1,1863,2153515622912,33.70260577724359,0.0
1,0,932,2153913224797,33.7088282626734,nan
1,1,1864,2154309655040,33.71503241185898,0.0
1,1,1865,2155033634816,33.72636272435898,0.0
1,1,1866,2156446374912,33.74847216346154,0.0
1,1,1867,2157170370048,33.75980271634616,0.0
1,0,934,2157908134178,33.771348754538515,nan
1,1,1868,2158647663104,33.782922411858976,0.0
1,1,1869,2159027271680,33.78886330128205,0.0
1,1,1870,2160439717888,33.81096814102564,0.0
1,1,1871,2161163650048,33.82229770833334,0.0
1,0,936,2161560723444,33.82851192288912,nan
1,1,1872,2161957345792,33.834719078525644,0.0
1,1,1873,2162681140736,33.846046498397435,0.0
1,1,1874,2163749297152,33.862763189102566,0.0
1,1,1875,2164473182720,33.87409202724359,0.0
1,0,938,2164872754358,33.88034533938677,nan
1,1,1876,2165267010048,33.88651545673077,0.0
1,1,1877,2166335028736,33.90322999198718,0.0
1,0,939,2167049627616,33.914413493088944,nan
1,1,1878,2167790111744,33.926002099358975,0.0
1,1,1879,2168169609728,33.93194125801282,0.0
1,1,1880,2169237704192,33.94865697916667,0.0
1,1,1881,2169961337344,33.95998186698718,0.0
1,0,941,2170362300070,33.96625694971329,nan
1,1,1882,2171099173376,33.97778904647436,0.0
1,1,1883,2171478701056,33.983728669871795,0.0
1,1,1884,2172546865152,34.00044548076923,0.0
1,1,1885,2172926353408,34.00638448717949,0.0
1,0,943,2173664253864,34.01793265887921,nan
1,1,1886,2174403235840,34.02949775641026,0.0
1,1,1887,2174782841344,34.03543859775641,0.0
1,1,1888,2175851243520,34.05215913461539,0.0
1,1,1889,2176575260672,34.063490032051284,0.0
1,0,945,2176971360393,34.06968900855431,nan
1,1,1890,2177713175040,34.0812984375,0.0
1,1,1891,2178437174272,34.09262905448718,0.0
1,1,1892,2179849811456,34.114736883012824,0.0
1,1,1893,2180229273088,34.12067547275641,0.0
1,0,947,2180625089362,34.126870013302536,nan
1,1,1894,2181367563776,34.13848976762821,0.0
1,1,1895,2181747281920,34.14443237179487,0.0
1,1,1896,2182815897088,34.16115624198718,0.0
1,1,1897,2183539951104,34.172487716346154,0.0
1,0,949,2183938458125,34.17872436719063,nan
1,1,1898,2184333779456,34.18491116185898,0.0
1,1,1899,2185057681920,34.196240264423075,0.0
1,1,1900,2186126080512,34.21296074519231,0.0
1,1,1901,2186849934848,34.22428909455128,0.0
1,0,951,2187588020972,34.23584017196264,nan
1,1,1902,2187982402560,34.242012259615386,0.0
1,1,1903,2188706316800,34.25334154647436,0.0
1,1,1904,2189774913536,34.27006512820513,0.0
1,1,1905,2190498756608,34.28139330128205,0.0
1,0,953,2191236618206,34.29294086485252,nan
1,1,1906,2191631516672,34.299121041666666,0.0
1,1,1907,2192355477504,34.31045105769231,0.0
1,1,1908,2193423728640,34.32716923076923,0.0
1,1,1909,2193803136512,34.333106979166665,0.0
1,0,955,2194202011821,34.3393493937331,nan
1,1,1910,2194941238272,34.350918317307695,0.0
1,1,1911,2195321005056,34.35686168269231,0.0
1,1,1912,2196734171136,34.37897778846154,0.0
1,1,1913,2197458336768,34.39031100961539,0.0
1,0,957,2197857078118,34.3965513277181,nan
1,1,1914,2198596558848,34.40812423076923,0.0
1,1,1915,2199320313856,34.419451025641024,0.0
1,1,1916,2200388702208,34.43617134615385,0.0
1,1,1917,2201112636416,34.44750094551282,0.0
1,0,959,2201512927271,34.45376551343087,nan
1,1,1918,2201906595840,34.45992644230769,0.0
1,1,1919,2202630349312,34.471253213141026,0.0
1,1,1920,2203698448896,34.48796901442308,0.0
1,1,1921,2204078023168,34.49390936698718,0.0
1,0,961,2204815981342,34.50545844197591,nan
1,1,1922,2205210626048,34.5116346474359,0.0
1,1,1923,2205934456832,34.52296262820513,0.0
1,1,1924,2207347364352,34.5450746875,0.0
1,1,1925,2208071406080,34.556405969551285,0.0
1,0,963,2208470336478,34.56264924626277,nan
1,1,1926,2208865306624,34.568830544871794,0.0
1,1,1927,2209589310464,34.58016123397436,0.0
1,1,1928,2210657702912,34.59688161858975,0.0
1,1,1929,2211037254144,34.602821610576925,0.0
1,0,965,2211777284800,34.61440311999199,nan
1,1,1930,2212175125504,34.62062934294872,0.0
1,1,1931,2212898974208,34.631957604166665,0.0
1,1,1932,2213967448576,34.648679270833334,0.0
1,1,1933,2214347088384,34.65462064903846,0.0
1,0,967,2214743192466,34.66081969379132,nan
1,1,1934,2215485328384,34.672434150641024,0.0
1,1,1935,2215864874496,34.6783740625,0.0
1,1,1936,2217277435904,34.70048070512821,0.0
1,1,1937,2218001243136,34.71180831730769,0.0
1,0,969,2218738642519,34.72334864719489,nan
1,1,1938,2219133918208,34.7295347275641,0.0
1,1,1939,2219513377792,34.73547328525641,0.0
1,1,1940,2220581473280,34.7521890224359,0.0
1,1,1941,2221305574400,34.76352123397436,0.0
1,0,971,2222046561076,34.77511770514073,nan
1,1,1942,2222443509248,34.781329959935896,0.0
1,1,1943,2222822941184,34.787268084935896,0.0
1,1,1944,2223891051008,34.80398404647436,0.0
1,1,1945,2224615053824,34.81531471955128,0.0
1,0,973,2225013669381,34.82155306898851,nan
1,1,1946,2225753111040,34.83312536057692,0.0
1,1,1947,2226132639744,34.839065,0.0
1,1,1948,2227200664064,34.85577962339744,0.0
1,1,1949,2227924307968,34.86710467948718,0.0
1,0,975,2228322106060,34.8733302355644,nan
1,1,1950,2229062076416,34.884910801282054,0.0
1,1,1951,2229785720320,34.8962358573718,0.0
1,1,1952,2230853391360,34.91294495192308,0.0
1,1,1953,2231232799232,34.918882700320516,0.0
1,0,977,2231628617641,34.925077274279474,nan
1,1,1954,2232370447872,34.93668694711538,0.0
1,1,1955,2232749852160,34.94262463942308,0.0
1,1,1956,2233817712128,34.95933669070513,0.0
1,1,1957,2234541766656,34.97066817307692,0.0
1,0,979,2234940245602,34.97690438454652,nan
1,1,1958,2235335748096,34.98309401442308,0.0
1,1,1959,2236059603456,34.994422379807695,0.0
1,1,1960,2237127884288,35.011141017628205,0.0
1,1,1961,2237507442688,35.017081121794874,0.0
1,0,981,2238245942074,35.02863866677309,nan
1,1,1962,2238984562176,35.04019810096154,0.0
1,1,1963,2239364096000,35.04613782051282,0.0
1,1,1964,2240432154624,35.06285298076923,0.0
1,1,1965,2241155976192,35.07418081730769,0.0
1,0,983,2241552028693,35.08037905481583,nan
1,1,1966,2242293861888,35.09198877403846,0.0
1,1,1967,2242673372672,35.09792813301282,0.0
1,1,1968,2243741820416,35.114649383012825,0.0
1,1,1969,2244465672192,35.12597769230769,0.0
1,0,985,2244863906514,35.13221007540189,nan
1,1,1970,2245259575296,35.13840230769231,0.0
1,1,1971,2245983678464,35.14973455128205,0.0
1,1,1972,2247396267520,35.171841626602564,0.0
1,1,1973,2248120027648,35.183168501602566,0.0
1,0,987,2248857470376,35.19470950984075,nan
1,1,1974,2249252712960,35.20089507211539,0.0
1,1,1975,2249976744960,35.21222620192308,0.0
1,1,1976,2251045109248,35.22894614583333,0.0
1,1,1977,2251424780800,35.23488802083333,0.0
1,0,989,2251821661303,35.241099216605946,nan
1,1,1978,2252563083264,35.2527025,0.0
1,1,1979,2252942760960,35.25864447115385,0.0
1,1,1980,2254011356160,35.27536802884615,0.0
1,1,1981,2254735691776,35.28670391025641,0.0
1,0,991,2255132945209,35.29292094239846,nan
1,1,1982,2255874340352,35.30452380608975,0.0
1,1,1983,2256598308864,35.31585394230769,0.0
1,1,1984,2258011244544,35.337966442307696,0.0
1,1,1985,2258735188992,35.349296201923075,0.0
1,0,993,2259132010471,35.35550647396772,nan
1,1,1986,2259873223680,35.367106490384614,0.0
1,1,1987,2260252790272,35.37304672275641,0.0
1,1,1988,2261321222656,35.389767732371794,0.0
1,1,1989,2262045199360,35.401097996794874,0.0
1,0,995,2262443293346,35.407328183625054,nan
1,1,1990,2263183132160,35.41890669070513,0.0
1,1,1991,2263562667520,35.42484643429487,0.0
1,1,1992,2264630948864,35.44156508012821,0.0
1,1,1993,2265355158016,35.4528989823718,0.0
1,0,997,2265754791255,35.459153258573096,nan
1,1,1994,2266493690368,35.47071705929487,0.0
1,1,1995,2267217707008,35.48204794871795,0.0
1,1,1996,2268286505472,35.4987746875,0.0
1,1,1997,2269010631680,35.51010729166667,0.0
1,0,999,2269408934433,35.51634074570876,nan
1,1,1998,2270149015552,35.5279230448718,0.0
1,1,1999,2270528553472,35.53386282852564,0.0
1,1,2000,2271596835328,35.5505814823718,0.0
1,1,2001,2272320680448,35.5619096875,0.0
1,0,1001,2272719868123,35.568156990606845,nan
1,1,2002,2273113999360,35.574325160256414,0.0
1,1,2003,2273837458944,35.58564733173077,0.0
1,1,2004,2274905568768,35.602363293269235,0.0
1,1,2005,2275285079552,35.60830265224359,0.0
1,0,1003,2276026828223,35.61991104866224,nan
1,1,2006,2276767732224,35.63150622596154,0.0
1,1,2007,2277491975168,35.64284065705128,0.0
1,1,2008,2278904786432,35.6649512099359,0.0
1,1,2009,2279284385280,35.670891947115386,0.0
1,0,1005,2280021980289,35.68243533855732,nan
1,1,2010,2280417121792,35.688619318910256,0.0
1,1,2011,2281141038592,35.69994864583333,0.0
1,1,2012,2282209376256,35.716668173076926,0.0
1,1,2013,2282589028864,35.72260975160256,0.0
1,0,1007,2283327959388,35.73417404390776,nan
1,1,2014,2283722033664,35.740341322115384,0.0
1,1,2015,2284101658624,35.74628246794872,0.0
1,1,2016,2285170101760,35.76300364583334,0.0
1,1,2017,2285894157824,35.77433515224359,0.0
1,0,1009,2286633536070,35.78590645141602,nan
1,1,2018,2287371526144,35.797456025641026,0.0
1,1,2019,2287751038464,35.80339540865385,0.0
1,1,2020,2289163361792,35.82549832532052,0.0
1,1,2021,2289887180288,35.83682611378205,0.0
1,0,1011,2290287258905,35.84308736016689,nan
1,1,2022,2291025157632,35.854635504807696,0.0
1,1,2023,2291404674048,35.86057495192308,0.0
1,1,2024,2292472987136,35.87729409455128,0.0
1,1,2025,2292852615168,35.88323528846154,0.0
1,0,1013,2293593501179,35.89483018421662,nan
1,1,2026,2293990893568,35.901049391025644,0.0
1,1,2027,2294714875904,35.912379743589746,0.0
1,1,2028,2295783389184,35.92910201923077,0.0
1,1,2029,2296507324416,35.940431634615386,0.0
1,0,1015,2297246002898,35.95199198245317,nan
1,1,2030,2298328773632,35.96893738782051,0.0
1,1,2031,2298708254720,35.974876282051284,0.0
1,1,2032,2299776659456,35.99159685897436,0.0
1,1,2033,2300500510720,36.00292516025641,0.0
1,0,1017,2300899853214,36.00917488628681,nan
1,1,2034,2301638437376,36.020733758012824,0.0
1,1,2035,2302017886208,36.026672147435896,0.0
1,1,2036,2303086023680,36.043388541666666,0.0
1,1,2037,2303465586176,36.0493287099359,0.0
1,0,1019,2304205511303,36.06090856781788,nan
1,1,2038,2304598678016,36.067061642628204,0.0
1,1,2039,2305322603520,36.078391105769235,0.0
1,0,1020,2305693381071,36.08419378929725,nan
1,1,2040,2306777698304,36.1011633974359,0.0
1,1,2041,2307501562368,36.11249189903846,0.0
1,1,2042,2308914690048,36.134607403846154,0.0
1,1,2043,2309294239232,36.140547363782055,0.0
1,0,1022,2310034755741,36.15213647681603,nan
1,1,2044,2310432397312,36.158359583333336,0.0
1,1,2045,2311156201472,36.1696871474359,0.0
1,1,2046,2312224400384,36.18640450320513,0.0
1,1,2047,2312603871744,36.19234324519231,0.0
1,0,1024,2312999393157,36.19853317115197,nan
1,1,2048,2313736291328,36.21006565705128,0.0
1,1,2049,2314115758080,36.21600432692308,0.0
1,1,2050,2315183976960,36.23272199519231,0.0
1,1,2051,2316252163584,36.24943915865385,0.0
1,0,1026,2316647639169,36.255628367403474,nan
1,1,2052,2317384654336,36.267162684294874,0.0
1,1,2053,2318452723712,36.283878012820516,0.0
1,1,2054,2319547632128,36.30101337339744,0.0
1,1,2055,2319927268864,36.30695470352564,0.0
1,1,2056,2321340143616,36.329066250000004,0.0
1,1,2057,2321719672832,36.3350058974359,0.0
1,0,1029,2322119773950,36.34126749596229,nan
1,1,2058,2322857555968,36.35281381410257,0.0
1,1,2059,2323237106176,36.35875379006411,0.0
1,1,2060,2324305475584,36.37547381410256,0.0
1,1,2061,2325029583872,36.386806137820514,0.0
1,0,1031,2325768821745,36.39837524014987,nan
1,1,2062,2326506471936,36.409919495192305,0.0
1,1,2063,2326886018048,36.415859407051286,0.0
1,1,2064,2328299034624,36.43797317307693,0.0
1,1,2065,2328678684160,36.44391470352564,0.0
1,0,1033,2329075814622,36.45012981116662,nan
1,1,2066,2329816688128,36.46172451121795,0.0
1,1,2067,2330196192768,36.46766377403846,0.0
1,1,2068,2331264230400,36.48437860576923,0.0
1,1,2069,2331988017152,36.4957058974359,0.0
1,0,1035,2332388614574,36.50197526313978,nan
1,1,2070,2333126203392,36.51351855769231,0.0
1,1,2071,2333505876480,36.51946045673077,0.0
1,1,2072,2334574164480,36.53617920673077,0.0
1,1,2073,2335298004992,36.54750733974359,0.0
1,0,1037,2335695828631,36.55373329563239,nan
1,1,2074,2336435879936,36.56531512820513,0.0
1,1,2075,2336815398400,36.5712546073718,0.0
1,1,2076,2337883449856,36.58796965544872,0.0
1,1,2077,2338607222272,36.599296722756414,0.0
1,0,1039,2339008084325,36.60557022994604,nan
1,1,2078,2339745238016,36.61710671474359,0.0
1,1,2079,2340124743680,36.62304599358974,0.0
1,1,2080,2341193241600,36.639768028846156,0.0
1,1,2081,2341572792320,36.64570801282051,0.0
1,0,1041,2342314560610,36.65731671627729,nan
1,1,2082,2342710754816,36.66351717147436,0.0
1,1,2083,2343434660864,36.674846330128204,0.0
1,1,2084,2344503062016,36.69156685096154,0.0
1,1,2085,2344882616320,36.69750689102564,0.0
1,0,1043,2345621270351,36.7090668562043,nan
1,1,2086,2346359729152,36.72062376602564,0.0
1,1,2087,2347083515392,36.73195104967949,0.0
1,1,2088,2348496180224,36.75405931089744,0.0
1,1,2089,2348875744768,36.75999951121795,0.0
1,0,1045,2349616071739,36.77158565797463,nan
1,1,2090,2350014119936,36.77781512820513,0.0
1,1,2091,2350738129408,36.78914590544872,0.0
1,1,2092,2351462040576,36.800475144230774,0.0
1,1,2093,2352186052096,36.81180595352564,0.0
1,0,1047,2352581955346,36.81800185524965,nan
1,1,2094,2353324483584,36.82962245192308,0.0
1,1,2095,2353704229376,36.83556548878205,0.0
1,1,2096,2354772701696,36.85228712339744,0.0
1,1,2097,2355496664576,36.86361717147436,0.0
1,0,1049,2355895003097,36.86985118528708,nan
1,1,2098,2356634636288,36.881426474358975,0.0
1,1,2099,2357358521856,36.8927553125,0.0
1,1,2100,2358426917376,36.90947574519231,0.0
1,1,2101,2358806499328,36.91541621794872,0.0
1,0,1051,2359549009065,36.92703652508076,nan
1,1,2102,2359944918528,36.93323252403846,0.0
1,1,2103,2360324489216,36.93917282051282,0.0
1,1,2104,2361392785920,36.95589170673077,0.0
1,1,2105,2362116734464,36.96722153044872,0.0
1,0,1053,2362514479506,36.97344625629132,nan
1,1,2106,2362910608896,36.97964569711539,0.0
1,1,2107,2363634585088,36.99097595352564,0.0
1,1,2108,2364702973440,37.007696274038466,0.0
1,1,2109,2365082678272,37.013638669871796,0.0
1,0,1055,2365821065338,37.025194457037514,nan
1,1,2110,2366559875072,37.03675685897436,0.0
1,1,2111,2366939657728,37.04270047275641,0.0
1,1,2112,2368007891968,37.05941838141026,0.0
1,1,2113,2368731868672,37.07074864583333,0.0
1,0,1057,2369470333792,37.08230565454728,nan
1,1,2114,2369864617472,37.0884762099359,0.0
1,1,2115,2370588587520,37.09980637019231,0.0
1,1,2116,2371657059328,37.11652799679487,0.0
1,1,2117,2372036868608,37.12247202724359,0.0
1,0,1059,2372777240643,37.13405887925368,nan
1,1,2118,2373170098688,37.14020712339744,0.0
1,1,2119,2373549975552,37.146152211538464,0.0
1,1,2120,2374618650624,37.16287701923077,0.0
1,1,2121,2375342893056,37.174211442307694,0.0
1,0,1061,2376083649828,37.18580431546725,nan
1,1,2122,2377170189824,37.2028087099359,0.0
1,1,2123,2377894152704,37.21413875801282,0.0
1,1,2124,2379306834944,37.236247291666665,0.0
1,1,2125,2379686411776,37.242187684294876,0.0
1,0,1063,2380083880420,37.2484080844977,nan
1,1,2126,2380824499200,37.25999879807692,0.0
1,1,2127,2381204142080,37.26594022435898,0.0
1,1,2128,2382272616448,37.28266189102564,0.0
1,1,2129,2382996697088,37.29399378205128,0.0
1,0,1065,2383395955367,37.30024219011356,nan
1,1,2130,2384135169024,37.31181091346154,0.0
1,1,2131,2384514798592,37.31775213141026,0.0
1,1,2132,2385583285248,37.334473990384616,0.0
1,1,2133,2386307162112,37.34580269230769,0.0
1,0,1067,2386708047721,37.35207656814966,nan
1,1,2134,2387445445632,37.363616875,0.0
1,1,2135,2387825113088,37.36955868589744,0.0
1,1,2136,2388893241856,37.38627494391026,0.0
1,1,2137,2389617187328,37.39760471955128,0.0
1,0,1069,2390355158620,37.409153999837244,nan
1,1,2138,2390750411264,37.415339719551284,0.0
1,1,2139,2391474539520,37.426672355769234,0.0
1,1,2140,2392543191040,37.443396794871795,0.0
1,1,2141,2392922921472,37.44933959134615,0.0
1,0,1071,2393320429884,37.45556061391977,nan
1,1,2142,2394061381632,37.46715653846154,0.0
1,1,2143,2394440991232,37.473097443910255,0.0
1,1,2144,2395854026752,37.49521150641026,0.0
1,1,2145,2396578125312,37.506543677884615,0.0
1,0,1073,2396973667856,37.512733934545274,nan
1,1,2146,2397711187968,37.52427615384615,0.0
1,1,2147,2398435234816,37.53560751602564,0.0
1,1,2148,2399503779328,37.55233028044872,0.0
1,1,2149,2399883428352,37.55827180288462,0.0
1,0,1075,2400622198523,37.569833585658934,nan
1,1,2150,2401016713216,37.576007756410256,0.0
1,1,2151,2401741256192,37.58734688301282,0.0
1,1,2152,2402810059776,37.60407370192308,0.0
1,1,2153,2403189736960,37.610015665064104,0.0
1,0,1077,2403929705955,37.62159620948205,nan
1,1,2154,2404323127296,37.62775326923077,0.0
1,1,2155,2405047499776,37.639089727564105,0.0
1,1,2156,2406805173760,37.666597395833335,0.0
1,1,2157,2407529597440,37.677934655448716,0.0
1,0,1079,2407926481069,37.684145900143356,nan
1,1,2158,2408668039680,37.695751322115385,0.0
1,1,2159,2409047582720,37.70169118589744,0.0
1,1,2160,2410460934656,37.723810200320514,0.0
1,1,2161,2410840756736,37.729754431089745,0.0
1,0,1081,2411238973811,37.7359865442677,nan
1,1,2162,2411979659776,37.74757830929487,0.0
1,1,2163,2412359493632,37.75352272435897,0.0
1,1,2164,2413428213760,37.77024823717949,0.0
1,1,2165,2414152548864,37.78158411057692,0.0
1,0,1083,2414551530558,37.787828190072865,nan
1,1,2166,2415291295232,37.79940553685898,0.0
1,1,2167,2416015573504,37.810740520833335,0.0
1,1,2168,2417428812288,37.832857764423075,0.0
1,1,2169,2417808627712,37.83880189102564,0.0
1,0,1085,2418205738772,37.84501669502454,nan
1,1,2170,2418947443200,37.85662439903846,0.0
1,1,2171,2419327345664,37.86256988782051,0.0
1,1,2172,2420395955200,37.8792936698718,0.0
1,1,2173,2421120121856,37.890626907051285,0.0
1,0,1087,2421517858261,37.896851497724484,nan
1,1,2174,2421914098176,37.90305266826923,0.0
1,1,2175,2422638131200,37.914383814102564,0.0
1,1,2176,2423706836480,37.93110909455128,0.0
1,1,2177,2424086371328,37.937048830128205,0.0
1,0,1089,2424823158980,37.94857958640074,nan
1,1,2178,2425219241984,37.954778301282055,0.0
1,1,2179,2425943430144,37.966111875,0.0
1,1,2180,2427012121088,37.98283693108974,0.0
1,1,2181,2427736218624,37.99416908653846,0.0
1,0,1091,2428476329875,38.00575185726851,nan
1,1,2182,2428869677056,38.01190775641026,0.0
1,1,2183,2429593792000,38.02324018429487,0.0
1,1,2184,2430662512128,38.039965697115385,0.0
1,1,2185,2431042315264,38.04590963141026,0.0
1,0,1093,2431441709162,38.05216016191532,nan
1,1,2186,2432180792832,38.06372685096154,0.0
1,1,2187,2432560476672,38.06966891826923,0.0
1,1,2188,2433629394944,38.086397532051286,0.0
1,1,2189,2434353780224,38.09773419070513,0.0
1,0,1095,2434753744175,38.10399364256248,nan
1,1,2190,2435147802624,38.110160673076926,0.0
1,1,2191,2435871980544,38.12149408653846,0.0
1,1,2192,2437284985856,38.14360767628205,0.0
1,1,2193,2438009107968,38.154940216346155,0.0
1,0,1097,2438407149055,38.16116957530486,nan
1,1,2194,2439147825152,38.172761185897436,0.0
1,1,2195,2439527660032,38.17870561698718,0.0
1,1,2196,2440596427264,38.19543186698718,0.0
1,1,2197,2441320668160,38.20676626602564,0.0
1,0,1099,2441719334081,38.213005403661484,nan
1,1,2198,2442459429888,38.22458793269231,0.0
1,1,2199,2442839196672,38.230531298076926,0.0
1,1,2200,2443907910144,38.247256706730774,0.0
1,1,2201,2444632205824,38.25859196314103,0.0
1,0,1101,2445372951452,38.270184661896536,nan
1,1,2202,2446460178944,38.28719981570513,0.0
1,1,2203,2446840078848,38.293145264423075,0.0
1,1,2204,2448253339136,38.315262844551285,0.0
1,1,2205,2448977519616,38.32659629807692,0.0
1,0,1103,2449378305084,38.33286860670823,nan
1,1,2206,2449771532288,38.33902262820513,0.0
1,1,2207,2450495869440,38.350358533653846,0.0
1,1,2208,2451565012992,38.36709067307692,0.0
1,1,2209,2452289226240,38.37842463942308,0.0
1,0,1105,2452685185314,38.38462141479492,nan
1,1,2210,2453427534848,38.39623921474359,0.0
1,1,2211,2454151735296,38.40757298076923,0.0
1,1,2212,2455220423680,38.42429799679487,0.0
1,1,2213,2455600176128,38.430241137820516,0.0
1,0,1107,2456338074631,38.4417892789557,nan
1,1,2214,2456733420032,38.44797645032052,0.0
1,1,2215,2457457879040,38.45931426282051,0.0
1,1,2216,2458526626816,38.47604020833334,0.0
1,1,2217,2458906269696,38.48198163461539,0.0
1,0,1109,2459649803983,38.49361797599597,nan
1,1,2218,2460045051392,38.49980361378205,0.0
1,1,2219,2460424871424,38.505747812500005,0.0
1,1,2220,2461493532160,38.52247239583333,0.0
1,1,2221,2462217474560,38.533802123397436,0.0
1,0,1111,2462615292334,38.540027987498746,nan
1,1,2222,2463011360768,38.546226474358974,0.0
1,1,2223,2463735369216,38.55755723557692,0.0
1,1,2224,2464804003840,38.57428141025641,0.0
1,1,2225,2465528152576,38.58561436698718,0.0
1,0,1113,2466268982397,38.597208383366514,nan
1,1,2226,2466666702848,38.603432724358974,0.0
1,1,2227,2467390820864,38.61476520032051,0.0
1,1,2228,2468459326464,38.63148735576923,0.0
1,1,2229,2468838975488,38.63742887820513,0.0
1,0,1115,2469575789412,38.64896004563552,nan
1,1,2230,2469971929600,38.65515965544872,0.0
1,1,2231,2470351615488,38.661101754807696,0.0
1,1,2232,2471420193792,38.677825048076926,0.0
1,1,2233,2472144039936,38.68915326923077,0.0
1,0,1117,2472540568664,38.69535895971054,nan
1,1,2234,2472938015744,38.7015790224359,0.0
1,1,2235,2473662084608,38.712910729166666,0.0
1,1,2236,2474730587136,38.729632836538464,0.0
1,1,2237,2475454628352,38.740964110576925,0.0
1,0,1119,2476541626121,38.75797566921136,nan
1,1,2238,2476937572352,38.76417224358975,0.0
1,1,2239,2477661820928,38.77550676282051,0.0
1,1,2240,2478730506240,38.79223173076923,0.0
1,1,2241,2479454715392,38.80356563301282,0.0
1,0,1121,2479852649439,38.80979331679124,nan
1,1,2242,2480592983040,38.821379567307694,0.0
1,1,2243,2480972527104,38.827319447115386,0.0
1,1,2244,2482040761856,38.84403736378205,0.0
1,1,2245,2482420357632,38.849978052884616,0.0
1,0,1123,2483158358225,38.8615277917324,nan
1,1,2246,2483553207808,38.86770720352564,0.0
1,1,2247,2484277073408,38.87903572916667,0.0
1,1,2248,2485345399296,38.895755072115385,0.0
1,1,2249,2486069315072,38.90708438301282,0.0
1,0,1125,2486465174971,38.913279606291944,nan
1,1,2250,2487207730176,38.924900625,0.0
1,1,2251,2487587384832,38.930842235576925,0.0
1,1,2252,2488655971840,38.947565665064104,0.0
1,1,2253,2489380002816,38.95889677884615,0.0
1,0,1127,2490119496842,38.97046988998022,nan
1,1,2254,2490513047040,38.976628966346155,0.0
1,1,2255,2491237136896,38.987961001602564,0.0
1,1,2256,2492305339904,39.00467842147436,0.0
1,1,2257,2493029385216,39.016009759615386,0.0
1,0,1129,2493426322282,39.02222184060121,nan
1,1,2258,2494168036352,39.03382969551282,0.0
1,1,2259,2494547596288,39.03976982371795,0.0
1,1,2260,2495960436736,39.06188083333333,0.0
1,1,2261,2496339918336,39.067819735576926,0.0
1,0,1131,2497427323426,39.084837668801335,nan
1,1,2262,2498166392832,39.09640413461538,0.0
1,1,2263,2498546080768,39.10234626602564,0.0
1,1,2264,2499614448640,39.11906626602564,0.0
1,1,2265,2500338279936,39.13039425480769,0.0
1,0,1133,2500738164477,39.13665246389536,nan
1,1,2266,2501132192768,39.1428190224359,0.0
1,1,2267,2501855866368,39.15414454326923,0.0
1,0,1134,2502226635353,39.15994709273901,nan
1,1,2268,2502966766592,39.171530176282054,0.0
1,1,2269,2503346309632,39.1774700400641,0.0
1,1,2270,2505103253504,39.20496628205128,0.0
1,1,2271,2505482801664,39.21090622596154,0.0
1,0,1136,2506221013801,39.2224592754814,nan
1,1,2272,2506959899648,39.23402286858975,0.0
1,1,2273,2507683886080,39.245353285256414,0.0
1,1,2274,2508752351232,39.26207480769231,0.0
1,1,2275,2509131911168,39.26801493589744,0.0
1,0,1138,2509874045455,39.27962936722193,nan
1,1,2276,2510270355968,39.2858316426282,0.0
1,1,2277,2510994390528,39.2971628125,0.0
1,1,2278,2512062786560,39.31388325320513,0.0
1,1,2279,2512442481664,39.31982549679487,0.0
1,0,1140,2513181099250,39.331384891607826,nan
1,1,2280,2513575473152,39.33755685897436,0.0
1,1,2281,2514299532288,39.34888841346154,0.0
1,1,2282,2515712239616,39.37099733974359,0.0
1,1,2283,2516435987968,39.38232403044872,0.0
1,0,1142,2516834253265,39.38855689830291,nan
1,1,2284,2517918447104,39.40552457532051,0.0
1,1,2285,2518642424832,39.41685485576923,0.0
1,1,2286,2519710875136,39.433576145833335,0.0
1,1,2287,2520090527744,39.43951772435898,0.0
1,0,1144,2520487188138,39.44572547541692,nan
1,1,2288,2521228943360,39.457333974358974,0.0
1,1,2289,2521608571392,39.463275168269234,0.0
1,1,2290,2522676984320,39.479995873397435,0.0
1,1,2291,2523401207808,39.49133,0.0
1,0,1146,2523799680888,39.497566119666466,nan
1,1,2292,2524195536896,39.503761282051286,0.0
1,1,2293,2524919447040,39.515090504807695,0.0
1,1,2294,2525988022272,39.53181375,0.0
1,1,2295,2526712243200,39.54314783653846,0.0
1,0,1148,2527454062154,39.554757332888876,nan
1,1,2296,2527851066368,39.56097046474359,0.0
1,1,2297,2528575243264,39.57230386217949,0.0
1,1,2298,2529643767808,39.58902631410257,0.0
1,1,2299,2530367718400,39.600356169871795,0.0
1,0,1150,2530767048978,39.606605709416314,nan
1,1,2300,2531161687040,39.61278181089744,0.0
1,1,2301,2531885883392,39.62411551282052,0.0
1,1,2302,2532954626048,39.64084137820513,0.0
1,1,2303,2533334461952,39.646785825320514,0.0
1,0,1152,2534074785792,39.65837192307693,nan
1,1,2304,2534467980288,39.66452543269231,0.0
1,1,2305,2535536649728,39.68125015224359,0.0
1,0,1153,2536251716395,39.69244097423064,nan
1,1,2306,2536992683008,39.70403713141026,0.0
1,1,2307,2537372436992,39.70998029647436,0.0
1,1,2308,2538786151424,39.73210498397436,0.0
1,1,2309,2539166019072,39.73804992788462,0.0
1,0,1155,2539905393167,39.749621162093725,nan
1,1,2310,2540299399168,39.755787371794874,0.0
1,1,2311,2540679194624,39.76173118589744,0.0
1,1,2312,2542092601856,39.78385106570513,0.0
1,1,2313,2542472335360,39.789793910256414,0.0
1,0,1157,2542870046961,39.79601811274602,nan
1,1,2314,2543611104768,39.80761569711539,0.0
1,1,2315,2543990795264,39.81355786858975,0.0
1,1,2316,2545404157440,39.83567704326923,0.0
1,1,2317,2546128453120,39.84701229967949,0.0
1,0,1159,2546869572028,39.858610840281955,nan
1,1,2318,2547267346944,39.864836033653845,0.0
1,1,2319,2547991711232,39.876172363782054,0.0
1,1,2320,2549060707328,39.892902195512825,0.0
1,1,2321,2549784769024,39.904233790064104,0.0
1,0,1161,2550181235335,39.91043850371532,nan
1,1,2322,2550923585536,39.92205631410256,0.0
1,1,2323,2551648084992,39.93339475961539,0.0
1,1,2324,2552717305344,39.95012810096154,0.0
1,1,2325,2553097139712,39.95607252403846,0.0
1,0,1163,2553838935355,39.967681655570786,nan
1,1,2326,2554235702784,39.97389108173077,0.0
1,1,2327,2554960015360,39.985226602564104,0.0
1,1,2328,2556372948992,40.00733907051282,0.0
1,1,2329,2557097065984,40.01867153044872,0.0
1,0,1165,2557838786563,40.03027948722644,nan
1,1,2330,2558235719168,40.03649149839744,0.0
1,1,2331,2558959945728,40.04782567307692,0.0
1,1,2332,2560028525568,40.064548990384615,0.0
1,1,2333,2560752503296,40.07587927083333,0.0
1,0,1167,2561150305488,40.08210489107572,nan
1,1,2334,2561546356224,40.08830310096154,0.0
1,1,2335,2562270376960,40.09963405448718,0.0
1,1,2336,2563339122688,40.11635996794872,0.0
1,1,2337,2563718870528,40.12230303685897,0.0
1,0,1169,2564456900025,40.133853228055514,nan
1,1,2338,2564852101120,40.14003814102564,0.0
1,1,2339,2565920638464,40.156760793269235,0.0
1,1,2340,2566989182464,40.17348354967949,0.0
1,1,2341,2567713404928,40.184817660256414,0.0
1,0,1171,2568109892752,40.19102271058694,nan
1,1,2342,2568851898368,40.20263512820513,0.0
1,1,2343,2569576086528,40.21396870192308,0.0
1,1,2344,2570644815360,40.23069435096154,0.0
1,1,2345,2571024477696,40.23663608173077,0.0
1,0,1173,2571421167963,40.24284430030236,nan
1,1,2346,2572163231744,40.25445762820513,0.0
1,1,2347,2572543066624,40.260402059294876,0.0
1,1,2348,2573612062208,40.27713188301282,0.0
1,1,2349,2574336520704,40.288469687500005,0.0
1,0,1175,2574732560934,40.294667732966495,nan
1,1,2350,2575469927936,40.306207556089745,0.0
1,1,2351,2576194176000,40.31754206730769,0.0
1,1,2352,2577951891968,40.34505039262821,0.0
1,1,2353,2578331668480,40.35099391025641,0.0
1,0,1177,2579068689171,40.36252831359863,nan
1,1,2354,2579464993792,40.368730496794875,0.0
1,1,2355,2580189182464,40.38006407852564,0.0
1,1,2356,2581257937920,40.39679014423077,0.0
1,1,2357,2581637829120,40.402735456730774,0.0
1,0,1179,2582375235070,40.41427588939178,nan
1,1,2358,2582771443712,40.42047657051282,0.0
1,1,2359,2583495644160,40.43181033653846,0.0
1,1,2360,2584564427264,40.4485368349359,0.0
1,1,2361,2584944020992,40.454477491987184,0.0
1,0,1181,2585682109658,40.46602860918094,nan
1,1,2362,2586421444096,40.47759922275641,0.0
1,1,2363,2587145265152,40.488927051282054,0.0
1,1,2364,2588558179840,40.51103922275641,0.0
1,1,2365,2588937791488,40.51698016025641,0.0
1,0,1183,2589677914562,40.528563116016876,nan
1,1,2366,2590070565888,40.534708125,0.0
1,1,2367,2590450206720,40.54064951923077,0.0
1,1,2368,2591518859264,40.557373974358974,0.0
1,1,2369,2592242921984,40.5687055849359,0.0
1,0,1185,2592643660949,40.5749771657934,nan
1,1,2370,2593381186048,40.58651946314102,0.0
1,1,2371,2593760749568,40.5924596474359,0.0
1,1,2372,2595173296128,40.61456605769231,0.0
1,1,2373,2595897332736,40.625897259615385,0.0
1,0,1187,2596638621032,40.63749845114683,nan
1,1,2374,2597380102656,40.64910266826923,0.0
1,1,2375,2597759663616,40.6550428125,0.0
1,1,2376,2598828113920,40.671764102564104,0.0
1,1,2377,2599552318464,40.683097932692306,0.0
1,0,1189,2600293671484,40.69470013715695,nan
1,1,2378,2600691164672,40.70092092147436,0.0
1,1,2379,2601415198208,40.712252075320514,0.0
1,1,2380,2602483589632,40.72897244391026,0.0
1,1,2381,2602863261184,40.734914318910256,0.0
1,0,1191,2603258916122,40.74110633454152,nan
1,1,2382,2603996327424,40.75264685096154,0.0
1,1,2383,2604376073728,40.75858989583333,0.0
1,1,2384,2605789527552,40.78071050480769,0.0
1,1,2385,2606513616896,40.79204253205128,0.0
1,0,1193,2607253784575,40.80362618588179,nan
1,1,2386,2607646730240,40.80977580128205,0.0
1,1,2387,2608370816000,40.8211077724359,0.0
1,1,2388,2609439324672,40.83782997596154,0.0
1,1,2389,2609819037184,40.84377249198718,0.0
1,0,1195,2610219252938,40.85003588457157,nan
1,1,2390,2610957365760,40.861587379807695,0.0
1,1,2391,2611336929280,40.867527564102566,0.0
1,1,2392,2612405436416,40.88424974358974,0.0
1,1,2393,2613129643520,40.89558361378205,0.0
1,0,1197,2613527251377,40.9018061926739,nan
1,1,2394,2613923610624,40.90800923076923,0.0
1,1,2395,2614647541248,40.919338774038465,0.0
1,1,2396,2615716105728,40.936061850961536,0.0
1,1,2397,2616440134656,40.94739293269231,0.0
1,0,1199,2617182771325,40.95901522631523,nan
1,1,2398,2617578969088,40.96521573717949,0.0
1,1,2399,2618303277056,40.976551185897435,0.0
1,1,2400,2619372062208,40.99327771634616,0.0
1,1,2401,2619751819264,40.99922092948718,0.0
1,0,1201,2620491672908,41.010799668657356,nan
1,1,2402,2620885055488,41.01695612179487,0.0
1,1,2403,2621609226752,41.028289431089746,0.0
1,1,2404,2622678225920,41.04501931089744,0.0
1,1,2405,2623057991680,41.05096266025641,0.0
1,0,1203,2623799968310,41.06257462424254,nan
1,1,2406,2624196576256,41.06878155448718,0.0
1,1,2407,2624920772096,41.08011524839744,0.0
1,1,2408,2626333989376,41.10223215544872,0.0
1,1,2409,2627058297344,41.11356760416667,0.0
1,0,1205,2627797282059,41.125132744563174,nan
1,1,2410,2628191623168,41.13130419871795,0.0
1,1,2411,2628915986432,41.14264051282051,0.0
1,1,2412,2629985019904,41.15937092948718,0.0
1,1,2413,2630364782592,41.16531423076923,0.0
1,0,1207,2630763577818,41.171555392033504,nan
1,1,2414,2631503416832,41.18313390224359,0.0
1,1,2415,2631883052544,41.189075216346154,0.0
1,1,2416,2632951914496,41.20580294871795,0.0
1,1,2417,2633675980288,41.2171346073718,0.0
1,0,1209,2634071765193,41.22332865699181,nan
1,1,2418,2634809209344,41.2348696875,0.0
1,1,2419,2635533464064,41.246204302884614,0.0
1,1,2420,2636946591744,41.26831980769231,0.0
1,1,2421,2637326292480,41.27426213942308,0.0
1,0,1211,2638067351453,41.285859742040394,nan
1,1,2422,2638809108992,41.29746827724359,0.0
1,1,2423,2639188651008,41.303408125000004,0.0
1,1,2424,2640601637376,41.32552141826923,0.0
1,1,2425,2640981398016,41.3314646875,0.0
1,1,2426,2642104052736,41.349034278846155,0.0
1,1,2427,2642483702784,41.3549758173077,0.0
1,1,2428,2643552217600,41.37169811698718,0.0
1,1,2429,2644276179968,41.383028157051285,0.0
1,0,1215,2644674203549,41.389257242040394,nan
1,1,2430,2645414573568,41.4008440625,0.0
1,1,2431,2646138797568,41.41217819711539,0.0
1,1,2432,2647207688192,41.42890637820513,0.0
1,1,2433,2647587461120,41.43484983974359,0.0
1,0,1217,2647986476140,41.44109444079277,nan
1,1,2434,2648726217728,41.45267142628205,0.0
1,1,2435,2649105955840,41.45861434294872,0.0
1,1,2436,2650174661120,41.47533962339744,0.0
1,1,2437,2650898825216,41.48667282051282,0.0
1,0,1219,2651298155823,41.492922360511194,nan
1,1,2438,2651692951552,41.49910092948718,0.0
1,1,2439,2652417352704,41.510437836538465,0.0
1,1,2440,2653486065152,41.52716322916667,0.0
1,1,2441,2653865667072,41.53310401442308,0.0
1,0,1221,2654951699983,41.55010047299116,nan
1,1,2442,2655692836864,41.561699294871794,0.0
1,1,2443,2656072480768,41.56764073717949,0.0
1,1,2444,2657485436928,41.58975355769231,0.0
1,1,2445,2658209453568,41.60108444711538,0.0
1,0,1223,2658605797598,41.60728724706405,nan
1,1,2446,2659347712000,41.618898237179486,0.0
1,1,2447,2659727378944,41.6248400400641,0.0
1,1,2448,2660795920384,41.64156275641026,0.0
1,1,2449,2661520029696,41.65289509615385,0.0
1,0,1225,2661917141929,41.65910991851024,nan
1,1,2450,2662658537472,41.67071278846154,0.0
1,1,2451,2663038134272,41.67665349358975,0.0
1,1,2452,2664106387456,41.69337169871795,0.0
1,1,2453,2664830076928,41.70469746794872,0.0
1,0,1227,2665571307641,41.71629775830391,nan
1,1,2454,2666312771072,41.72790169070513,0.0
1,1,2455,2667036975616,41.73923552083333,0.0
1,1,2456,2668132475392,41.75638013621795,0.0
1,1,2457,2668512317440,41.76232467948718,0.0
1,1,2458,2669581495808,41.77905736378205,0.0
1,1,2459,2670305655808,41.79039049679487,0.0
1,0,1230,2670705626308,41.79665005114433,nan
1,1,2460,2671443930624,41.808204543269234,0.0
1,1,2461,2671823663104,41.814147371794874,0.0
1,1,2462,2672892318720,41.830871875,0.0
1,1,2463,2673616650752,41.842207700320515,0.0
1,0,1232,2674017608073,41.848482698458156,nan
1,1,2464,2674410684928,41.85463436698718,0.0
1,1,2465,2675479268864,41.871357748397436,0.0
1,1,2466,2676548299264,41.888088116987184,0.0
1,1,2467,2677272689664,41.89942485576923,0.0
1,0,1234,2677671230555,41.90566203668057,nan
1,1,2468,2678411250688,41.91724338141026,0.0
1,1,2469,2678791002624,41.92318651442308,0.0
1,1,2470,2680204158464,41.945302459935895,0.0
1,1,2471,2680583785472,41.95124363782051,0.0
1,0,1236,2681323636027,41.96282232864771,nan
1,1,2472,2681716920320,41.96897724358975,0.0
1,1,2473,2682440861696,41.980306955128206,0.0
1,1,2474,2683509439488,41.99703024038462,0.0
1,1,2475,2683889060352,42.002971322115386,0.0
1,0,1238,2684629964839,42.01456650702061,nan
1,1,2476,2685371878912,42.026177491987184,0.0
1,1,2477,2686095798784,42.03750686698718,0.0
1,1,2478,2687508563456,42.05961669070513,0.0
1,1,2479,2687888143360,42.06555713141026,0.0
1,0,1240,2688629331177,42.07715675044133,nan
1,1,2480,2689026694144,42.08337549679487,0.0
1,1,2481,2689406238720,42.08931538461539,0.0
1,1,2482,2690474695680,42.10603677884615,0.0
1,1,2483,2691198756352,42.117368357371795,0.0
1,0,1242,2691594296781,42.12355858093262,nan
1,1,2484,2692331633664,42.13509793269231,0.0
1,1,2485,2692711251968,42.14103897435898,0.0
1,1,2486,2693780077056,42.15776612980769,0.0
1,1,2487,2694504376832,42.16910145032051,0.0
1,0,1244,2694899821250,42.17529017130534,nan
1,1,2488,2695637451776,42.18683411858974,0.0
1,1,2489,2696361520640,42.198165825320515,0.0
1,1,2490,2697429818368,42.214884727564105,0.0
1,1,2491,2697809274368,42.22082322916667,0.0
1,0,1246,2698546543043,42.232361513468426,nan
1,1,2492,2698941863936,42.23854830128205,0.0
1,1,2493,2699321323008,42.24448685096154,0.0
1,1,2494,2700389405184,42.26120237980769,0.0
1,1,2495,2701113217536,42.27253007211539,0.0
1,0,1248,2701510692004,42.278750563464044,nan
1,1,2496,2702251026432,42.29033682692308,0.0
1,1,2497,2702630504960,42.296275681089746,0.0
1,1,2498,2703698762752,42.31299395833334,0.0
1,1,2499,2704422613504,42.32432225160257,0.0
1,0,1250,2704821456239,42.33056415638459,nan
1,1,2500,2705560498176,42.34213019230769,0.0
1,1,2501,2706284238848,42.353456762820514,0.0
1,1,2502,2707696412160,42.37555733173077,0.0
1,1,2503,2708075891712,42.38149620192308,0.0
1,0,1252,2708816512597,42.39308694844564,nan
1,1,2504,2709558105088,42.404692900641024,0.0
1,1,2505,2709937585664,42.41063178685898,0.0
1,1,2506,2711005706240,42.42734791666667,0.0
1,1,2507,2711729541632,42.438675969551284,0.0
1,0,1254,2712127463200,42.444903458032854,nan
1,1,2508,2712523184640,42.45109651442308,0.0
1,1,2509,2713246866944,42.46242217147436,0.0
1,1,2510,2714314891264,42.4791367948718,0.0
1,1,2511,2715038448640,42.490460496794874,0.0
1,0,1256,2715780750844,42.502077556027146,nan
1,1,2512,2716176389632,42.50826931891026,0.0
1,1,2513,2716900259840,42.51959791666667,0.0
1,1,2514,2717968258048,42.536312131410256,0.0
1,1,2515,2718692003840,42.54763878205128,0.0
1,0,1258,2719092890819,42.55391267933381,nan
1,1,2516,2719829756928,42.56544466346154,0.0
1,1,2517,2720209181696,42.571382676282056,0.0
1,1,2518,2721277178368,42.58809686698718,0.0
1,1,2519,2722001032704,42.599425216346155,0.0
1,0,1260,2722400009121,42.60566921325684,nan
1,1,2520,2722794615296,42.611844815705126,0.0
1,1,2521,2723518327296,42.6231709375,0.0
1,1,2522,2724586573312,42.63988903044872,0.0
1,1,2523,2725654780416,42.656606514423075,0.0
1,0,1262,2726394783367,42.66818759025378,nan
1,1,2524,2727131918848,42.6797237900641,0.0
1,1,2525,2727511461376,42.68566364583334,0.0
1,1,2526,2728579542016,42.70237915064103,0.0
1,1,2527,2729303304704,42.71370606570513,0.0
1,0,1264,2729700897665,42.71992841147399,nan
1,1,2528,2730096885248,42.72612563301282,0.0
1,1,2529,2730820696064,42.73745330128205,0.0
1,1,2530,2731888497664,42.75416443910257,0.0
1,1,2531,2732267851776,42.760101346153846,0.0
1,0,1266,2733012234828,42.77175097074068,nan
1,1,2532,2733406099968,42.77791497596154,0.0
1,1,2533,2733785761280,42.78385669070513,0.0
1,1,2534,2735542856192,42.81135529647436,0.0
1,1,2535,2735922435584,42.817295729166666,0.0
1,0,1268,2736664523049,42.82890942772499,nan
1,1,2536,2737404833792,42.84049532051282,0.0
1,1,2537,2738128493056,42.85182061698718,0.0
1,1,2538,2739196841472,42.8685403125,0.0
1,1,2539,2739576487424,42.87448178685898,0.0
1,0,1270,2740317304835,42.88607560902131,nan
1,1,2540,2740714531840,42.892292227564106,0.0
1,1,2541,2741438265344,42.903618685897435,0.0
1,1,2542,2742506325504,42.92033387019231,0.0
1,1,2543,2742885861376,42.92627362179487,0.0
1,0,1272,2743623270644,42.93781410638271,nan
1,1,2544,2744018829824,42.94400462339744,0.0
1,1,2545,2744742586880,42.955331450320514,0.0
1,1,2546,2746154989056,42.97743560096154,0.0
1,1,2547,2746878762496,42.988762684294876,0.0
1,0,1274,2747275327958,42.99496894966321,nan
1,1,2548,2748016720384,43.00657177083333,0.0
1,1,2549,2748396270080,43.01251173878205,0.0
1,1,2550,2749464514560,43.02922980769231,0.0
1,1,2551,2750188322816,43.04055743589744,0.0
1,0,1276,2750586165925,43.04678369649251,nan
1,1,2552,2750982159872,43.052981017628206,0.0
1,1,2553,2751705745408,43.06430516025641,0.0
1,1,2554,2752773661696,43.08101809294872,0.0
1,1,2555,2753153150464,43.086957107371795,0.0
1,0,1278,2753892024731,43.09852051925268,nan
1,1,2556,2754285741568,43.10468220352564,0.0
1,1,2557,2756041887744,43.13216596153846,0.0
1,0,1279,2756761454253,43.1434272062331,nan
1,1,2558,2757846111744,43.16040213942308,0.0
1,1,2559,2758225506816,43.1663396875,0.0
1,1,2560,2759293464576,43.18305326923077,0.0
1,1,2561,2759672943104,43.18899212339744,0.0
1,0,1281,2760414385030,43.20059571924454,nan
1,1,2562,2760810896384,43.20680113782051,0.0
1,1,2563,2761534595072,43.21812705128205,0.0
1,1,2564,2762602524672,43.23484019230769,0.0
1,1,2565,2762982041088,43.24077963942308,0.0
1,0,1283,2763377624181,43.24697053067721,nan
1,1,2566,2764114208256,43.25849810096154,0.0
1,1,2567,2764837757440,43.26982167467949,0.0
1,1,2568,2766249971712,43.29192288461539,0.0
1,1,2569,2766629430784,43.29786143429487,0.0
1,0,1285,2767370158938,43.30945385958158,nan
1,1,2570,2767767338496,43.315669735576925,0.0
1,1,2571,2768491066368,43.32699610576923,0.0
1,1,2572,2769559080448,43.34371056891026,0.0
1,1,2573,2769938525184,43.34964889423077,0.0
1,0,1287,2770680100407,43.36125457618127,nan
1,1,2574,2771076024320,43.367450801282054,0.0
1,1,2575,2771455407104,43.37338815705128,0.0
1,1,2576,2772523271168,43.3901002724359,0.0
1,1,2577,2773247055360,43.40142752403846,0.0
1,0,1289,2773644314389,43.40764464375814,nan
1,1,2578,2774384847872,43.4192340224359,0.0
1,1,2579,2775108577792,43.43056042467949,0.0
1,1,2580,2776547289600,43.453076322115386,0.0
1,1,2581,2776926655488,43.45901341346154,0.0
1,1,2582,2777994533888,43.47572575320513,0.0
1,1,2583,2778723483648,43.487133846153846,0.0
1,0,1292,2779463236985,43.498711015515454,nan
1,1,2584,2779855820800,43.50485496794872,0.0
1,1,2585,2780579469824,43.516180104166665,0.0
1,1,2586,2781647147008,43.532889294871794,0.0
1,1,2587,2782026649088,43.538828517628204,0.0
1,0,1294,2782422312053,43.545020658882336,nan
1,1,2588,2783158817792,43.55654700320513,0.0
1,1,2589,2783538140160,43.56248341346154,0.0
1,1,2590,2784949792256,43.58457582532051,0.0
1,1,2591,2785673295360,43.59589867788462,0.0
1,0,1296,2786069220207,43.60209491760254,nan
1,1,2592,2786810721792,43.61369944711539,0.0
1,1,2593,2787534434304,43.62502557692308,0.0
1,1,2594,2788258185216,43.636352307692306,0.0
1,1,2595,2788981819392,43.647677211538465,0.0
1,0,1298,2789380657213,43.653919039416195,nan
1,1,2596,2790119437312,43.6654809775641,0.0
1,1,2597,2790498825216,43.67141841346154,0.0
1,1,2598,2791566473728,43.68812715544872,0.0
1,1,2599,2792289921536,43.699449142628204,0.0
1,0,1300,2792688248091,43.70568296917255,nan
1,1,2600,2793432470016,43.71733007211539,0.0
1,1,2601,2793811697152,43.72326499198718,0.0
1,1,2602,2795572712960,43.7508249599359,0.0
1,1,2603,2795951955456,43.75676012019231,0.0
1,0,1302,2796689197020,43.76829798020583,nan
1,1,2604,2797083820032,43.774473846153846,0.0
1,1,2605,2797807234560,43.7857953125,0.0
1,1,2606,2799224301056,43.8079724599359,0.0
1,1,2607,2799603673600,43.81390965544872,0.0
1,0,1304,2800000730783,43.82012361627041,nan
1,1,2608,2800741195264,43.831711915064105,0.0
1,1,2609,2801120679424,43.8376508573718,0.0
1,1,2610,2802188429312,43.85436118589744,0.0
1,1,2611,2802911845376,43.865682676282056,0.0
1,0,1306,2803312736612,43.8719566401868,nan
1,1,2612,2804393533952,43.88887116185897,0.0
1,1,2613,2805117101056,43.90019501602564,0.0
1,1,2614,2806189797376,43.916982756410256,0.0
1,1,2615,2806918533120,43.9283875,0.0
1,0,1308,2807314734106,43.93458806130434,nan
1,1,2616,2808060977152,43.946266794871796,0.0
1,1,2617,2808440233472,43.95220217147436,0.0
1,1,2618,2809512920576,43.96898976762821,0.0
1,1,2619,2810241745408,43.98039590544872,0.0
1,0,1310,2810637942937,43.98659641265087,nan
1,1,2620,2811035190272,43.992813349358975,0.0
1,1,2621,2811758811136,44.004138044871794,0.0
1,1,2622,2812826684416,44.02085030448718,0.0
1,1,2623,2813206125568,44.02678857371795,0.0
1,0,1312,2813945135995,44.03835411650829,nan
1,1,2624,2814338485760,44.04451005608974,0.0
1,1,2625,2815062429696,44.05583980769231,0.0
1,1,2626,2816819040256,44.083330833333335,0.0
1,1,2627,2817198513664,44.0892696073718,0.0
1,0,1314,2817940717139,44.10088512149126,nan
1,1,2628,2818336448512,44.107078333333334,0.0
1,1,2629,2819060291072,44.118406498397434,0.0
1,1,2630,2820128232960,44.13511983173077,0.0
1,1,2631,2820507595264,44.14105686698718,0.0
1,0,1316,2821246119745,44.15261480470315,nan
1,1,2632,2821639354880,44.158768950320514,0.0
1,1,2633,2822024084480,44.16478998397436,0.0
1,1,2634,2823091827712,44.18150020833333,0.0
1,1,2635,2823815486464,44.192825496794875,0.0
1,0,1318,2824216261636,44.19909764429337,nan
1,1,2636,2825297200640,44.21601438301282,0.0
1,1,2637,2825676414464,44.221949094551285,0.0
1,1,2638,2827093065216,44.24411973557692,0.0
1,1,2639,2827472392192,44.25005621794872,0.0
1,0,1320,2828210841829,44.26161298435309,nan
1,1,2640,2828604563456,44.26777474358975,0.0
1,1,2641,2829328062464,44.27909753205128,0.0
1,1,2642,2830395582976,44.29580427083334,0.0
1,1,2643,2830774865920,44.30174006410257,0.0
1,0,1322,2831517276115,44.31335881339832,nan
1,1,2644,2831912370688,44.319542059294875,0.0
1,1,2645,2832291756544,44.32547946314103,0.0
1,1,2646,2833359485440,44.342189463141025,0.0
1,1,2647,2834082995200,44.3535124198718,0.0
1,0,1324,2834481759924,44.359753103778544,nan
1,1,2648,2835220514304,44.371314639423076,0.0
1,1,2649,2835943813632,44.38263430288462,0.0
1,1,2650,2837360906752,44.40481186698718,0.0
1,1,2651,2838084412416,44.41613475961539,0.0
1,0,1326,2838823646073,44.42770379596417,nan
1,1,2652,2839216230912,44.43384776442308,0.0
1,1,2653,2839944950272,44.44525225160257,0.0
1,1,2654,2841012640768,44.46196165064103,0.0
1,1,2655,2841392076288,44.46789983173077,0.0
1,0,1328,2842130824280,44.47946126740285,nan
1,1,2656,2842524455424,44.48562161057693,0.0
1,1,2657,2843248355328,44.496950673076924,0.0
1,1,2658,2844316393472,44.513665512820516,0.0
1,1,2659,2845040306176,44.52499477564103,0.0
1,0,1330,2845778648392,44.53654986090245,nan
1,1,2660,2846516956672,44.5481044150641,0.0
1,1,2661,2847240543744,44.55942858173077,0.0
1,1,2662,2848652545536,44.581526466346155,0.0
1,1,2663,2849031982592,44.58746467147436,0.0
1,0,1332,2849431733275,44.59372078567896,nan
1,1,2664,2850169785344,44.605271330128204,0.0
1,1,2665,2850549037056,44.611206634615385,0.0
1,1,2666,2851616979456,44.62791997596154,0.0
1,1,2667,2852340562944,44.63924408653846,0.0
1,0,1334,2852738911995,44.64547826514611,nan
1,1,2668,2853134043136,44.651662083333335,0.0
1,1,2669,2853857678336,44.66298700320513,0.0
1,0,1335,2854227401782,44.668773189947665,nan
1,1,2670,2854968214016,44.68036693108974,0.0
1,1,2671,2855697065984,44.69177349358974,0.0
1,1,2672,2857109042688,44.713870985576925,0.0
1,1,2673,2857488426496,44.7198083573718,0.0
1,0,1337,2858227799793,44.73137957909217,nan
1,1,2674,2858620500480,44.737525360576925,0.0
1,1,2675,2859344182784,44.748851017628205,0.0
1,1,2676,2860412377088,44.76556830128205,0.0
1,1,2677,2860791874048,44.77150744391026,0.0
1,0,1339,2861534045140,44.783122451234476,nan
1,1,2678,2861929572352,44.78931246794872,0.0
1,1,2679,2862308906496,44.7952490625,0.0
1,1,2680,2863377052672,44.81196559294872,0.0
1,1,2681,2864101138944,44.823297572115386,0.0
1,0,1341,2865534708355,44.84573299083221,nan
1,1,2682,2866271793152,44.857268397435895,0.0
1,1,2683,2866995577856,44.86859565705128,0.0
1,1,2684,2868063841280,44.8853140224359,0.0
1,1,2685,2868443408896,44.891254270833336,0.0
1,0,1343,2869183126363,44.902830878828,nan
1,1,2686,2869576005632,44.908979455128204,0.0
1,1,2687,2869955550208,44.91491934294872,0.0
1,1,2688,2871023716864,44.93163619391026,0.0
1,1,2689,2871747490816,44.94296328525641,0.0
1,0,1345,2872148222518,44.949234752447666,nan
1,1,2690,2872884997632,44.9607653125,0.0
1,1,2691,2873264313344,44.966701618589745,0.0
1,1,2692,2874676167168,44.988797187500005,0.0
1,1,2693,2875055649792,44.994736105769235,0.0
1,0,1347,2875796621588,45.006332344063004,nan
1,1,2694,2876193682944,45.01254637019231,0.0
1,1,2695,2876917364736,45.02387201923077,0.0
1,1,2696,2877985345536,45.04058596153846,0.0
1,1,2697,2878709129216,45.05191320512821,0.0
1,0,1349,2879109231571,45.0581748230137,nan
1,1,2698,2879847322112,45.069725969551286,0.0
1,1,2699,2880226906112,45.075666474358975,0.0
1,1,2700,2881294735872,45.09237805288462,0.0
1,1,2701,2882018408960,45.10370356570513,0.0
1,0,1351,2882417087142,45.10994289522611,nan
1,1,2702,2882812194816,45.11612634615385,0.0
1,1,2703,2883535900672,45.127452371794874,0.0
1,1,2704,2884948005376,45.14955186698718,0.0
1,1,2705,2885327441408,45.15549005608975,0.0
1,0,1353,2886065642899,45.16704293899927,nan
1,1,2706,2886804101632,45.17859984775641,0.0
1,1,2707,2887183558144,45.1845383573718,0.0
1,1,2708,2888251471872,45.20125125,0.0
1,1,2709,2888975233536,45.212578149038464,0.0
1,0,1355,2889372847196,45.218800818747496,nan
1,1,2710,2889768620544,45.2249946875,0.0
1,1,2711,2890492157440,45.23631806891026,0.0
1,1,2712,2891559936000,45.253028846153846,0.0
1,1,2713,2891939385856,45.25896725160256,0.0
1,0,1357,2892680131899,45.27055995685284,nan
1,1,2714,2893077238272,45.2767746875,0.0
1,1,2715,2893800792064,45.28809833333334,0.0
1,1,2716,2895213105664,45.31020109775641,0.0
1,1,2717,2895592531968,45.31613913461538,0.0
1,0,1359,2896334362619,45.32774881402432,nan
1,1,2718,2896730140672,45.33394275641026,0.0
1,1,2719,2897453715968,45.34526673878205,0.0
1,1,2720,2898865728512,45.36736479166667,0.0
1,1,2721,2899245135872,45.373302532051284,0.0
1,0,1361,2899641049291,45.37949859292055,nan
1,1,2722,2900382957056,45.391109479166666,0.0
1,1,2723,2900762540544,45.39704997596154,0.0
1,1,2724,2901830461952,45.413762988782054,0.0
1,1,2725,2902553996800,45.42508633814103,0.0
1,0,1363,2902954737541,45.43135794679299,nan
1,1,2726,2903347628544,45.43750670673077,0.0
1,1,2727,2904071298560,45.44883217147436,0.0
1,1,2728,2905483449344,45.47093238782051,0.0
1,1,2729,2905863009792,45.47687252403846,0.0
1,0,1365,2906604188247,45.48847199655386,nan
1,1,2730,2907000831488,45.49467947916667,0.0
1,1,2731,2907724402176,45.50600338942308,0.0
1,1,2732,2908792449536,45.52271837339744,0.0
1,1,2733,2909171962880,45.5286577724359,0.0
1,0,1367,2909911967019,45.54023886685885,nan
1,1,2734,2910309905920,45.546466626602566,0.0
1,1,2735,2911033737728,45.557794623397434,0.0
1,1,2736,2912101851136,45.57451064102564,0.0
1,1,2737,2912481383424,45.58045033653846,0.0
1,0,1369,2912877375997,45.586647636171,nan
1,1,2738,2913619352576,45.598259599358975,0.0
1,1,2739,2914343222784,45.609588197115386,0.0
1,1,2740,2915755848192,45.63169584134616,0.0
1,1,2741,2916135398400,45.6376358173077,0.0
1,0,1371,2916877346986,45.649247342404095,nan
1,1,2742,2917273426944,45.65544600961539,0.0
1,1,2743,2917997268480,45.666774158653844,0.0
1,1,2744,2919065799680,45.68349671474359,0.0
1,1,2745,2919445398528,45.68943745192308,0.0
1,0,1373,2920184231807,45.70100022234012,nan
1,1,2746,2920578466304,45.707170008012824,0.0
1,1,2747,2920957973504,45.71310931089744,0.0
1,1,2748,2922026331136,45.729829150641024,0.0
1,1,2749,2922750348800,45.74116005608975,0.0
1,0,1375,2923491749971,45.752763014119466,nan
1,1,2750,2924577703936,45.76975823717949,0.0
1,1,2751,2925301566464,45.781086714743594,0.0
1,1,2752,2926369876480,45.79780580929487,0.0
1,1,2753,2926749409792,45.80374552083333,0.0
1,0,1377,2927486690068,45.815283986691206,nan
1,1,2754,2927882238976,45.82147434294872,0.0
1,1,2755,2928606281728,45.832805641025644,0.0
1,1,2756,2929674593280,45.849524759615385,0.0
1,1,2757,2930054149120,45.85546482371795,0.0
1,0,1379,2930450772458,45.86167199484801,nan
1,1,2758,2931192252928,45.87327619391026,0.0
1,1,2759,2931571858432,45.87921703525641,0.0
1,1,2760,2932640411648,45.89593993589744,0.0
1,1,2761,2933364334080,45.90726935096154,0.0
1,0,1381,2934102893744,45.91882783929287,nan
1,1,2762,2934497009664,45.92499576923077,0.0
1,1,2763,2935221058560,45.93632716346154,0.0
1,1,2764,2936289159680,45.95304298878205,0.0
1,1,2765,2936668682240,45.95898253205128,0.0
1,0,1383,2937409740682,45.97058012635843,nan
1,1,2766,2937806953984,45.976796530448716,0.0
1,1,2767,2938531089920,45.98812928685898,0.0
1,1,2768,2939599440896,46.0048490224359,0.0
1,1,2769,2939978966528,46.010788613782054,0.0
1,0,1385,2940717081691,46.02234014565492,nan
1,1,2770,2941111782400,46.0285172275641,0.0
1,1,2771,2941491295232,46.03445661858974,0.0
1,1,2772,2942559576576,46.05117526442308,0.0
1,1,2773,2943283461120,46.06250408653846,0.0
1,0,1387,2943681164067,46.06872815359262,nan
1,1,2774,2944421291520,46.08031117788462,0.0
1,1,2775,2945144988672,46.091637067307694,0.0
1,1,2776,2946556763648,46.113731402243594,0.0
1,1,2777,2946936079360,46.11966770833333,0.0
1,0,1389,2947672930308,46.13119945519081,nan
1,1,2778,2948068325376,46.137387403846155,0.0
1,1,2779,2948791963648,46.14871237179487,0.0
1,1,2780,2949859972608,46.16542675480769,0.0
1,1,2781,2950239436800,46.171365384615385,0.0
1,0,1391,2950983867573,46.18301575603779,nan
1,1,2782,2951377371648,46.18917411057692,0.0
1,1,2783,2951756876288,46.19511337339744,0.0
1,1,2784,2952824761856,46.21182582532052,0.0
1,1,2785,2953548384768,46.22315055288462,0.0
1,0,1393,2954290054029,46.23475770653358,nan
1,1,2786,2955030367744,46.246343645833335,0.0
1,1,2787,2955754012672,46.25766871794872,0.0
1,1,2788,2956822075904,46.27438395032051,0.0
1,1,2789,2957546143232,46.28571563301282,0.0
1,0,1395,2957942636102,46.29192076231345,nan
1,1,2790,2958339992064,46.29813939903846,0.0
1,1,2791,2959063980032,46.30946983974359,0.0
1,1,2792,2960132173824,46.32618711538462,0.0
1,1,2793,2960511711232,46.332126891025645,0.0
1,0,1397,2961248605987,46.34365932346442,nan
1,1,2794,2961643978240,46.349846915064106,0.0
1,1,2795,2962367657472,46.361172524038466,0.0
1,1,2796,2963435522048,46.3778846474359,0.0
1,1,2797,2964503330816,46.3945958974359,0.0
1,0,1399,2965243373538,46.40617759568435,nan
1,1,2798,2965641089024,46.41240185897436,0.0
1,1,2799,2966364727808,46.4237268349359,0.0
1,1,2800,2967776778752,46.445825488782056,0.0
1,1,2801,2968156295680,46.451764943910256,0.0
1,0,1401,2968896081058,46.4633426147148,nan
1,1,2802,2969289031680,46.469492307692306,0.0
1,1,2803,2970013066240,46.4808234775641,0.0
1,1,2804,2971081455616,46.49754381410256,0.0
1,1,2805,2971460913152,46.50348233974359,0.0
1,0,1403,2971860435306,46.50973487746019,nan
1,1,2806,2972598660096,46.521288125,0.0
1,1,2807,2972978176000,46.52722756410257,0.0
1,1,2808,2974390800384,46.549335192307694,0.0
1,1,2809,2974770301440,46.55527439903846,0.0
1,0,1405,2975512665648,46.56689242863582,nan
1,1,2810,2976252738048,46.57847459134616,0.0
1,1,2811,2976976755200,46.589805488782055,0.0
1,1,2812,2978045188096,46.606526506410255,0.0
1,1,2813,2978769136128,46.61785632211539,0.0
1,0,1407,2979167175890,46.62408566033779,nan
1,1,2814,2979562711040,46.63027580128205,0.0
1,1,2815,2980286464000,46.64160256410256,0.0
1,1,2816,2981354203136,46.65831272435898,0.0
1,1,2817,2981733576192,46.66424992788462,0.0
1,0,1409,2982473636268,46.67583189772386,nan
1,1,2818,2982871613440,46.68206025641026,0.0
1,1,2819,2983595051520,46.69338209134615,0.0
1,1,2820,2985007468544,46.715486474358975,0.0
1,1,2821,2985731064320,46.72681077724359,0.0
1,0,1411,2986468331623,46.738349040073494,nan
1,1,2822,2987207777792,46.749921402243594,0.0
1,1,2823,2987587254784,46.755860232371795,0.0
1,1,2824,2988655237632,46.77257420673077,0.0
1,1,2825,2989034817024,46.77851463942308,0.0
1,0,1413,2989773238075,46.7900709584554,nan
1,1,2826,2990167512064,46.79624136217949,0.0
1,1,2827,2990891200000,46.807567107371796,0.0
1,1,2828,2991959286272,46.824282700320516,0.0
1,1,2829,2992338789888,46.83022194711538,0.0
1,0,1415,2993078352408,46.8417961301833,nan
1,1,2830,2993471088128,46.8479424599359,0.0
1,1,2831,2994194811904,46.85926876602564,0.0
1,1,2832,2995262413824,46.87597677884615,0.0
1,1,2833,2995985919488,46.88729967147436,0.0
1,0,1417,2996383974132,46.893529242600664,nan
1,1,2834,2997123621376,46.905104751602565,0.0
1,1,2835,2997502945280,46.91104118589744,0.0
1,1,2836,2998570671104,46.927751137820515,0.0
1,1,2837,2999299388928,46.93915560096154,0.0
1,0,1419,2999699804044,46.945422113569215,nan
1,1,2838,3000092698112,46.951570921474364,0.0
1,1,2839,3000816241664,46.96289440705128,0.0
1,1,2840,3001884169216,46.979607516025645,0.0
1,1,2841,3002263647744,46.98554637019231,0.0
1,0,1421,3003004574303,46.997141900525214,nan
1,1,2842,3003745649664,47.00873975961539,0.0
1,1,2843,3004469269504,47.02006443910256,0.0
1,1,2844,3005537166848,47.036777075320515,0.0
1,1,2845,3005916524032,47.04271403044872,0.0
1,0,1423,3006657457953,47.054309675997224,nan
1,1,2846,3007054205440,47.0605187900641,0.0
1,1,2847,3007777975296,47.0718458173077,0.0
1,1,2848,3008845990400,47.08856029647436,0.0
1,1,2849,3009225459712,47.09449900641026,0.0
1,0,1425,3009963231732,47.10604516808143,nan
1,1,2850,3010357985280,47.11222307692308,0.0
1,1,2851,3010737475584,47.118162115384614,0.0
1,1,2852,3011805543936,47.13487742788462,0.0
1,1,2853,3012529400832,47.146205817307695,0.0
1,0,1427,3012927231167,47.15243187798916,nan
1,1,2854,3013667018240,47.16400957532051,0.0
1,1,2855,3014390655488,47.17533452724359,0.0
1,1,2856,3015458707968,47.192049591346155,0.0
1,1,2857,3015838308352,47.197990352564105,0.0
1,0,1429,3016575476114,47.20952705757337,nan
1,1,2858,3016970983936,47.21571677083333,0.0
1,1,2859,3017350480384,47.22165590544872,0.0
1,1,2860,3018418556416,47.23837133814103,0.0
1,1,2861,3019142169600,47.24969591346154,0.0
1,0,1431,3019540531799,47.25593029783592,nan
1,1,2862,3020280025088,47.267503397435895,0.0
1,1,2863,3020659507200,47.27344230769231,0.0
1,1,2864,3021727473152,47.290156017628206,0.0
1,1,2865,3022106893312,47.29609395833334,0.0
1,0,1433,3022846878496,47.307674756109776,nan
1,1,2866,3023588895232,47.319287347756415,0.0
1,1,2867,3023968576000,47.32522936698718,0.0
1,1,2868,3025380998144,47.34733383012821,0.0
1,1,2869,3026104653824,47.35865907051282,0.0
1,0,1435,3026500474331,47.36485367730557,nan
1,1,2870,3027242253312,47.37646254807692,0.0
1,1,2871,3027621582336,47.3823990625,0.0
1,1,2872,3028689336320,47.399109455128205,0.0
1,1,2873,3029412869120,47.4104327724359,0.0
1,0,1437,3029812438660,47.416686051745295,nan
1,1,2874,3030206376960,47.42285120192308,0.0
1,1,2875,3030930205184,47.43417914262821,0.0
1,1,2876,3031998236672,47.45089387820513,0.0
1,1,2877,3032377760768,47.45683344551282,0.0
1,0,1439,3033117769038,47.46841460458609,nan
1,1,2878,3033510369280,47.474558814102565,0.0
1,1,2879,3034578223104,47.49127076923077,0.0
1,1,2880,3035646380544,47.50798747596154,0.0
1,1,2881,3036370270208,47.51931637820513,0.0
1,0,1441,3037112614922,47.53093410272061,nan
1,1,2882,3037508285440,47.537126362179485,0.0
1,1,2883,3038231979520,47.54845220352564,0.0
1,1,2884,3039299973632,47.56516635416667,0.0
1,1,2885,3039679492096,47.571105833333334,0.0
1,0,1443,3040418301147,47.582668224581205,nan
1,1,2886,3040811885568,47.588827836538464,0.0
1,1,2887,3041191392768,47.59476713942308,0.0
1,1,2888,3042603915776,47.616873181089744,0.0
1,1,2889,3042983554048,47.62281453525641,0.0
1,0,1445,3043724786593,47.634414854282475,nan
1,1,2890,3044466310144,47.6460197275641,0.0
1,1,2891,3044845932032,47.651960825320515,0.0
1,1,2892,3046603359744,47.67946463942308,0.0
1,1,2893,3046982999552,47.6854060176282,0.0
1,0,1447,3047725405243,47.69702469643617,nan
1,1,2894,3048121483264,47.703223333333334,0.0
1,1,2895,3048501197312,47.70916587339744,0.0
1,1,2896,3049569335808,47.725882283653846,0.0
1,1,2897,3050292994048,47.73720756410257,0.0
1,0,1449,3050690615030,47.74343034840119,nan
1,1,2898,3051431273472,47.75502168269231,0.0
1,1,2899,3051810836480,47.76096185897436,0.0
1,1,2900,3052879106048,47.77768032051282,0.0
1,1,2901,3053602742784,47.789005264423075,0.0
1,0,1451,3054003435936,47.79527612830529,nan
1,1,2902,3055085011456,47.81220282852564,0.0
1,1,2903,3055464540160,47.81814246794872,0.0
1,1,2904,3056532910080,47.8348625,0.0
1,1,2905,3057256826880,47.846191826923075,0.0
1,0,1453,3057997790302,47.85778793416341,nan
1,1,2906,3058395166720,47.86400689102564,0.0
1,1,2907,3058774871552,47.869949286858976,0.0
1,1,2908,3059843270144,47.886669767628206,0.0
1,1,2909,3060567144448,47.89799842948718,0.0
1,0,1455,3060962627859,47.90418776071402,nan
1,1,2910,3061699688960,47.91572279647436,0.0
1,1,2911,3062079255552,47.921663028846154,0.0
1,1,2912,3063492208128,47.94377579326923,0.0
1,1,2913,3064216299520,47.955107852564105,0.0
1,0,1457,3064956742107,47.96669580871582,nan
1,1,2914,3065699101696,47.97831376602564,0.0
1,1,2915,3066423152128,47.98964518429487,0.0
1,1,2916,3067491528192,48.0063653125,0.0
1,1,2917,3068215340032,48.01769299679487,0.0
1,0,1459,3068615005291,48.023947774110454,nan
1,1,2918,3069009446400,48.030120793269234,0.0
1,1,2919,3069733433856,48.04145122596154,0.0
1,1,2920,3070801804800,48.058171274038465,0.0
1,1,2921,3071181302272,48.06411042467949,0.0
1,0,1461,3071922061113,48.07570333021898,nan
1,1,2922,3072319213568,48.08191878205128,0.0
1,1,2923,3072698787328,48.08785912660257,0.0
1,1,2924,3074111462912,48.10996755608974,0.0
1,1,2925,3075179977216,48.12668984775641,0.0
1,0,1463,3075922397131,48.13830874917055,nan
1,1,2926,3076318116864,48.144501778846156,0.0
1,1,2927,3077042185216,48.1558334775641,0.0
1,1,2928,3078110521856,48.17255298878205,0.0
1,1,2929,3078490125824,48.17849380608975,0.0
1,0,1465,3079228348562,48.190047021515674,nan
1,1,2930,3079967008256,48.20160707532052,0.0
1,1,2931,3080346603008,48.20754774839744,0.0
1,1,2932,3081414792704,48.2242649599359,0.0
1,1,2933,3082138614784,48.23559280448718,0.0
1,0,1467,3082534538585,48.24178902783516,nan
1,1,2934,3082932276224,48.24801363782051,0.0
1,1,2935,3083656085504,48.25934128205128,0.0
1,1,2936,3085069029376,48.28145391025641,0.0
1,1,2937,3085792934400,48.292783052884616,0.0
1,0,1469,3086192338420,48.29903374179938,nan
1,1,2938,3086586655232,48.30520481570513,0.0
1,1,2939,3087310691840,48.31653601762821,0.0
1,1,2940,3088379117056,48.333256915064105,0.0
1,1,2941,3088758838784,48.339199575320514,0.0
1,0,1471,3089496642246,48.35074622906025,nan
1,1,2942,3089891961856,48.356932996794875,0.0
1,1,2943,3090616003584,48.368264278846155,0.0
1,1,2944,3091684417024,48.38498499198718,0.0
1,1,2945,3092063937536,48.39092450320513,0.0
1,0,1473,3092460200861,48.397126040117314,nan
1,1,2946,3093202169344,48.408737876602565,0.0
1,1,2947,3093581838336,48.41467971153846,0.0
1,1,2948,3094994394112,48.43678626602564,0.0
1,1,2949,3095718321152,48.44811575320513,0.0
1,0,1475,3096118185004,48.45437363850912,nan
1,1,2950,3096856329216,48.465925625000004,0.0
1,1,2951,3097235850240,48.47186514423077,0.0
1,1,2952,3098648663552,48.49397572916667,0.0
1,1,2953,3099028229120,48.499915945512825,0.0
1,0,1477,3099423658231,48.506104426942485,nan
1,1,2954,3100160792064,48.51764060096154,0.0
1,1,2955,3100540317184,48.52358018429487,0.0
1,1,2956,3101608638464,48.540299455128206,0.0
1,1,2957,3102332384768,48.55162611378205,0.0
1,0,1479,3102729641419,48.55784319628594,nan
1,1,2958,3103470348800,48.56943529647436,0.0
1,1,2959,3104194190848,48.58076345352564,0.0
1,1,2960,3105951182336,48.60826044070513,0.0
1,1,2961,3106330574336,48.61419794070513,0.0
1,0,1481,3107069742189,48.625765947218675,nan
1,1,2962,3107462855680,48.631918189102564,0.0
1,1,2963,3108186513408,48.64324346153846,0.0
1,1,2964,3109254437376,48.65995651442308,0.0
1,1,2965,3109633938944,48.66589572916667,0.0
1,0,1483,3110033771309,48.672153121697846,nan
1,1,2966,3110771783168,48.68370303685897,0.0
1,1,2967,3111151353344,48.68964332532052,0.0
1,1,2968,3112219302912,48.70635677884616,0.0
1,1,2969,3112943108096,48.71768435897436,0.0
1,0,1485,3113681010690,48.729232564133866,nan
1,1,2970,3114075725824,48.73540987179487,0.0
1,1,2971,3115144285184,48.75213286858975,0.0
1,0,1486,3115515693344,48.75794542117388,nan
1,1,2972,3116255135232,48.76951771634616,0.0
1,1,2973,3116634771456,48.77545903846154,0.0
1,1,2974,3118047557632,48.79756919871795,0.0
1,1,2975,3118427248640,48.80351137820513,0.0
1,0,1488,3118827998154,48.8097831241549,nan
1,1,2976,3119565710336,48.82132834935898,0.0
1,1,2977,3119945288704,48.82726876602564,0.0
1,1,2978,3121013738496,48.843990048076925,0.0
1,1,2979,3121737824256,48.85532201923077,0.0
1,0,1490,3122134525581,48.8615304108605,nan
1,1,2980,3122876093952,48.87313598557692,0.0
1,1,2981,3123600101376,48.88446673076923,0.0
1,1,2982,3125012420096,48.90656957532052,0.0
1,1,2983,3125735945216,48.9178927724359,0.0
1,0,1492,3126476936473,48.9294893152951,nan
1,1,2984,3126873885184,48.935701578525645,0.0
1,1,2985,3127597777408,48.94703052083334,0.0
1,1,2986,3128666327040,48.96375336538462,0.0
1,1,2987,3129045972480,48.96969483173077,0.0
1,0,1494,3129783478237,48.98123682637533,nan
1,1,2988,3130178568704,48.98742000801282,0.0
1,1,2989,3130902244864,48.99874556891026,0.0
1,1,2990,3131970157568,49.01545844551282,0.0
1,1,2991,3132349664768,49.02139774839744,0.0
1,0,1496,3132748598937,49.02764108412523,nan
1,1,2992,3133487979008,49.039212411858976,0.0
1,1,2993,3134211740672,49.050539310897435,0.0
1,1,2994,3135624203264,49.072644407051285,0.0
1,1,2995,3136003590144,49.07858182692308,0.0
1,0,1498,3136743251271,49.09015755319449,nan
1,1,2996,3137135990272,49.09630393429487,0.0
1,1,2997,3137859895296,49.10763307692308,0.0
1,1,2998,3138927999488,49.12434895032052,0.0
1,1,2999,3139307573760,49.13028930288462,0.0
1,0,1500,3140050079239,49.14190954337878,nan
1,1,3000,3140445807616,49.14810270833333,0.0
1,1,3001,3140825426944,49.154043766025644,0.0
1,1,3002,3141893816832,49.170764110576926,0.0
1,1,3003,3142617530880,49.18209026442308,0.0
1,0,1502,3143356537023,49.193655740168644,nan
1,1,3004,3144094679552,49.205207700320514,0.0
1,1,3005,3145162519040,49.221919431089745,0.0
1,1,3006,3146230769664,49.23863759615385,0.0
1,1,3007,3146954564608,49.24996501602564,0.0
1,0,1504,3147350531946,49.25616192072942,nan
1,1,3008,3147748440064,49.26238919871795,0.0
1,1,3009,3148472256000,49.27371694711539,0.0
1,1,3010,3149540265472,49.290431338141026,0.0
1,1,3011,3149919782912,49.29637080128205,0.0
1,0,1506,3150662117895,49.30798837350699,nan
1,1,3012,3151057487872,49.31417592948718,0.0
1,1,3013,3151436906496,49.320113846153845,0.0
1,1,3014,3152849345024,49.34221856570513,0.0
1,1,3015,3153228807680,49.34815717147436,0.0
1,0,1508,3153968909506,49.359739794702776,nan
1,1,3016,3154711112192,49.37135529647436,0.0
1,1,3017,3155435014144,49.38268439102564,0.0
1,1,3018,3156502932992,49.39939736378205,0.0
1,1,3019,3157226491392,49.41072108173077,0.0
1,0,1510,3157623561562,49.41693524579953,nan
1,1,3020,3158363943936,49.428522259615384,0.0
1,1,3021,3158743311872,49.43445938301282,0.0
1,1,3022,3159811248128,49.45117262820513,0.0
1,1,3023,3160534860288,49.4624971875,0.0
1,0,1512,3160935253494,49.468763357215295,nan
1,1,3024,3161672482816,49.480301025641026,0.0
1,1,3025,3162051833856,49.486237884615385,0.0
1,1,3026,3163484979200,49.50866666666667,0.0
1,1,3027,3164208597504,49.51999132211539,0.0
1,1,3028,3165964855296,49.54747682692308,0.0
1,1,3029,3166344195072,49.55341350961539,0.0
1,0,1515,3167082209357,49.56496346274351,nan
1,1,3030,3167476002304,49.57112633814103,0.0
1,1,3031,3167855367168,49.57706341346154,0.0
1,1,3032,3168923369984,49.593777700320516,0.0
1,1,3033,3169646855168,49.6051002724359,0.0
1,0,1517,3170046476042,49.61135435512445,nan
1,1,3034,3170784677888,49.622907243589744,0.0
1,1,3035,3171164218368,49.628847067307696,0.0
1,1,3036,3172232123392,49.64555982371795,0.0
1,1,3037,3172955825152,49.656885785256414,0.0
1,0,1519,3173351989194,49.66308576838567,nan
1,1,3038,3174093374976,49.67468848557692,0.0
1,1,3039,3174816824320,49.68601049679487,0.0
1,1,3040,3175884493312,49.70271955929487,0.0
1,1,3041,3176608060928,49.71404342147436,0.0
1,0,1521,3177004855916,49.7202532789338,nan
1,1,3042,3177745789952,49.731848926282055,0.0
1,1,3043,3178469442048,49.74317411057692,0.0
1,1,3044,3179537332736,49.75988664262821,0.0
1,1,3045,3179916706816,49.76582386217949,0.0
1,0,1523,3180658558726,49.77743387429262,nan
1,1,3046,3181054513664,49.7836305849359,0.0
1,1,3047,3181778271744,49.79495742788462,0.0
1,1,3048,3182846114816,49.81166921474359,0.0
1,1,3049,3183569657344,49.822992684294874,0.0
1,0,1525,3184306594252,49.83452577642979,nan
1,1,3050,3185046340096,49.846102828525645,0.0
1,1,3051,3185425760768,49.852040777243595,0.0
1,1,3052,3186493713408,49.868754278846154,0.0
1,1,3053,3187217491456,49.88008143429487,0.0
1,0,1527,3187618334305,49.886354640941136,nan
1,1,3054,3188355133440,49.89788557692308,0.0
1,1,3055,3188734565376,49.90382370192308,0.0
1,1,3056,3189802704384,49.92054012019231,0.0
1,1,3057,3190526631424,49.931869607371794,0.0
1,0,1529,3190924108572,49.93809014066256,nan
1,1,3058,3191320310784,49.94429072115385,0.0
1,1,3059,3192043878400,49.955614583333336,0.0
1,1,3060,3193111578624,49.972324134615384,0.0
1,1,3061,3194523281920,49.99441734775641,0.0
1,0,1531,3195264467893,50.00601693792881,nan
1,1,3062,3195660857344,50.01222044871795,0.0
1,1,3063,3196384445952,50.02354463942308,0.0
1,1,3064,3197452151808,50.040254278846156,0.0
1,1,3065,3197831614464,50.04619288461539,0.0
1,0,1533,3198570879601,50.05776241362743,nan
1,1,3066,3198964161536,50.06391729166667,0.0
1,1,3067,3199687833600,50.07524278846154,0.0
1,1,3068,3200755880960,50.0919577724359,0.0
1,1,3069,3201135344128,50.09789638621795,0.0
1,0,1535,3201877444905,50.1095102931096,nan
1,1,3070,3202272927232,50.115699607371795,0.0
1,1,3071,3202996540416,50.12702418269231,0.0
1,0,1536,3204053978187,50.143573126173756,nan
1,1,3072,3204450664960,50.149781290064105,0.0
1,1,3073,3205174446080,50.161108493589744,0.0
1,1,3074,3206586491392,50.18320705929487,0.0
1,1,3075,3206965939712,50.18914544070513,0.0
1,0,1538,3207366769881,50.19541844890888,nan
1,1,3076,3208103617536,50.206950144230774,0.0
1,1,3077,3208483148800,50.21288982371795,0.0
1,1,3078,3209550846464,50.2295993349359,0.0
1,1,3079,3210274405376,50.24092306089744,0.0
1,0,1540,3210673298326,50.24716575154623,nan
1,1,3080,3211412218880,50.258729887820515,0.0
1,1,3081,3211791662592,50.264668197115384,0.0
1,1,3082,3212859341312,50.281377411858976,0.0
1,1,3083,3213582856192,50.29270044871795,0.0
1,0,1542,3214321388630,50.30425851096129,nan
1,1,3084,3214715189760,50.310421514423076,0.0
1,1,3085,3215438944256,50.32174830128205,0.0
1,1,3086,3216506731520,50.338459214743594,0.0
1,1,3087,3217230254080,50.34978237179487,0.0
1,0,1544,3217628250902,50.35601103800456,nan
1,1,3088,3218367706624,50.36758354967949,0.0
1,1,3089,3218746925056,50.37351833333334,0.0
1,1,3090,3219814354432,50.39022364583334,0.0
1,1,3091,3220543054336,50.40162782852564,0.0
1,0,1546,3220941091245,50.407857122098484,nan
1,1,3092,3221336135168,50.414039575320515,0.0
1,1,3093,3222059533312,50.42536078525641,0.0
1,1,3094,3223132210688,50.44214822916667,0.0
1,1,3095,3223861017088,50.45355407852564,0.0
1,0,1548,3224600384544,50.46512520883414,nan
1,1,3096,3225336969216,50.47665278846154,0.0
1,1,3097,3226060445184,50.48797521634616,0.0
1,0,1549,3226430280021,50.493763146362305,nan
1,1,3098,3227170355712,50.505345360576925,0.0
1,1,3099,3227549657088,50.51128144230769,0.0
1,1,3100,3228622411776,50.52807009615385,0.0
1,1,3101,3229346008064,50.53939440705128,0.0
1,0,1551,3229743010816,50.54560751602564,nan
1,1,3102,3230483411456,50.55719481570513,0.0
1,1,3103,3230862842880,50.56313293269231,0.0
1,1,3104,3231951763456,50.58017458333333,0.0
1,1,3105,3232331194368,50.586112692307694,0.0
1,1,3106,3233399051776,50.60282470352564,0.0
1,1,3107,3234122619904,50.61414857371795,0.0
1,0,1554,3234521334858,50.620388478722205,nan
1,1,3108,3235265422336,50.63203347756411,0.0
1,1,3109,3235988888064,50.64335574519231,0.0
1,1,3110,3237056407552,50.66006246794872,0.0
1,1,3111,3237785309184,50.67146980769231,0.0
1,0,1556,3238185508513,50.67773294322479,nan
1,1,3112,3238928022528,50.68935331730769,0.0
1,1,3113,3239307259392,50.69528838942308,0.0
1,1,3114,3240380302848,50.7120815625,0.0
1,1,3115,3241103804416,50.723404391025646,0.0
1,0,1558,3241503035165,50.72965236824231,nan
1,1,3116,3242241336832,50.74120681891026,0.0
1,1,3117,3242620633088,50.74714282051282,0.0
1,1,3118,3244032616960,50.76924042467949,0.0
1,1,3119,3244412024320,50.775178165064105,0.0
1,0,1560,3245150306784,50.786732315204326,nan
1,1,3120,3245544114176,50.79289541666667,0.0
1,1,3121,3246273042944,50.80430318108974,0.0
1,1,3122,3247340736000,50.821012620192306,0.0
1,1,3123,3247720142336,50.826950344551285,0.0
1,0,1562,3248116227211,50.83314908871382,nan
1,1,3124,3248857597440,50.8447515625,0.0
1,1,3125,3249236912640,50.850687860576926,0.0
1,1,3126,3250304381440,50.867393790064106,0.0
1,1,3127,3251027879424,50.8787165625,0.0
1,0,1564,3251423653691,50.884910445634894,nan
1,1,3128,3251821026816,50.89112935096154,0.0
1,1,3129,3252544581632,50.902453012820516,0.0
1,1,3130,3253956681728,50.92455243589744,0.0
1,1,3131,3254336067584,50.93048983974359,0.0
1,0,1566,3255076742619,50.94208143371582,nan
1,1,3132,3256506300416,50.96445407051282,0.0
1,1,3133,3256885591040,50.97038998397436,0.0
1,1,3134,3257958642176,50.98718327724359,0.0
1,1,3135,3258682063360,50.998504847756415,0.0
1,0,1568,3259082681398,51.004774536101515,nan
1,1,3136,3259475597824,51.01092369391026,0.0
1,1,3137,3260199373824,51.02225081730769,0.0
1,1,3138,3261267264512,51.03896334935897,0.0
1,1,3139,3261652018176,51.04498475961539,0.0
1,0,1570,3262388889326,51.05651682263497,nan
1,1,3140,3262784268288,51.06270451923077,0.0
1,1,3141,3264196543488,51.08480668269231,0.0
1,0,1571,3264911881732,51.096001754870294,nan
1,1,3142,3265651037184,51.10756956730769,0.0
1,1,3143,3266030497280,51.11350813301282,0.0
1,1,3144,3267098129920,51.13021662660257,0.0
1,1,3145,3267821506048,51.14153749198718,0.0
1,0,1573,3268218290869,51.14774719033266,nan
1,1,3146,3268958992384,51.15933919871795,0.0
1,1,3147,3269338363904,51.16527637820513,0.0
1,1,3148,3270406234624,51.18198859775641,0.0
1,1,3149,3271129840128,51.19331305288462,0.0
1,0,1575,3271529719119,51.199571175114556,nan
1,1,3150,3271923517952,51.20573414262821,0.0
1,1,3151,3272647221760,51.21706013621795,0.0
1,0,1576,3273705335954,51.233619665746446,nan
1,1,3152,3274101729280,51.239823237179486,0.0
1,1,3153,3275169705472,51.2565371073718,0.0
1,1,3154,3276237840384,51.27325346153847,0.0
1,1,3155,3276617311232,51.27919219551282,0.0
1,0,1578,3277357613850,51.29077796114408,nan
1,1,3156,3277755168256,51.29699970352564,0.0
1,1,3157,3278478696448,51.30832294871795,0.0
1,1,3158,3279546429952,51.32503302083334,0.0
1,1,3159,3279925752832,51.33096943910257,0.0
1,0,1580,3280663493086,51.34251510363457,nan
1,1,3160,3281057814016,51.34868624198718,0.0
1,1,3161,3281437255168,51.35462451121795,0.0
1,1,3162,3282504982528,51.37133448717949,0.0
1,1,3163,3283573025280,51.388049399038465,0.0
1,0,1582,3284310967450,51.399598223563956,nan
1,1,3164,3284705858560,51.40577828525641,0.0
1,1,3165,3285429697024,51.41710638621795,0.0
1,1,3166,3286497708544,51.43382080929487,0.0
1,1,3167,3287221517824,51.44514845352564,0.0
1,0,1584,3287617918794,51.45135214458759,nan
1,1,3168,3288359454208,51.46295720352564,0.0
1,1,3169,3288738912768,51.468895745192306,0.0
1,1,3170,3289806941184,51.48561043269231,0.0
1,1,3171,3290530889216,51.496940248397436,0.0
1,0,1586,3290931243996,51.50320581674429,nan
1,1,3172,3291324475904,51.50935991185898,0.0
1,1,3173,3292048214016,51.52068644230769,0.0
1,1,3174,3293460357120,51.54278653846154,0.0
1,1,3175,3294528538112,51.559503613782056,0.0
1,0,1588,3294926251140,51.56572783860427,nan
1,1,3176,3295666406400,51.57731129807692,0.0
1,1,3177,3296389810176,51.58863259615385,0.0
1,1,3178,3297457412096,51.60534060897436,0.0
1,1,3179,3297836836864,51.611278621794874,0.0
1,0,1590,3298574253897,51.622819227905275,nan
1,1,3180,3298968985088,51.62899678685898,0.0
1,1,3181,3299692450304,51.64031904647436,0.0
1,1,3182,3300760050688,51.65702703525641,0.0
1,1,3183,3301139444736,51.6629645673077,0.0
1,0,1592,3301540579828,51.66924234756861,nan
1,1,3184,3302276861440,51.68076518429487,0.0
1,1,3185,3303005721088,51.69217186698718,0.0
1,1,3186,3304417772032,51.71427052083334,0.0
1,1,3187,3305141481984,51.72559661057692,0.0
1,0,1594,3305542561389,51.73187351933406,nan
1,1,3188,3305935093760,51.73801666666667,0.0
1,1,3189,3306658539008,51.74933861378205,0.0
1,1,3190,3307731689472,51.766133461538466,0.0
1,1,3191,3308110977536,51.7720693349359,0.0
1,0,1596,3308850001701,51.78363509272649,nan
1,1,3192,3309242652160,51.78978008814103,0.0
1,1,3193,3309966181888,51.801103357371794,0.0
1,1,3194,3311034070016,51.81781584935898,0.0
1,1,3195,3311413456384,51.82375326121795,0.0
1,0,1598,3311810627059,51.82996899819398,nan
1,1,3196,3312551103488,51.84155748397436,0.0
1,1,3197,3312930475008,51.84749466346154,0.0
1,1,3198,3314342843392,51.86959828525641,0.0
1,1,3199,3315066405888,51.880922067307694,0.0
1,0,1600,3315807179420,51.89251520276192,nan
1,1,3200,3316204115456,51.8987272676282,0.0
1,1,3201,3316927751680,51.910052203525645,0.0
1,1,3202,3317995572224,51.926763637820514,0.0
1,1,3203,3318719014912,51.9380855448718,0.0
1,0,1602,3319114711372,51.94427821032402,nan
1,1,3204,3319512288768,51.950500312500004,0.0
1,1,3205,3320235993088,51.96182631410257,0.0
1,1,3206,3321304049664,51.978541442307694,0.0
1,1,3207,3321683574784,51.984481025641024,0.0
1,0,1604,3322421057038,51.99602265246269,nan
1,1,3208,3322816202752,52.00220669871795,0.0
1,1,3209,3323539979776,52.01353383814103,0.0
1,1,3210,3324634542592,52.030663790064104,0.0
1,1,3211,3325358287360,52.04199042467949,0.0
1,1,3212,3326452855296,52.059120456730774,0.0
1,1,3213,3327176563712,52.0704465224359,0.0
1,1,3214,3328244528640,52.087160216346156,0.0
1,1,3215,3328968287232,52.098487067307694,0.0
1,0,1608,3329368510901,52.10475058376215,nan
1,1,3216,3329761771520,52.11090512820513,0.0
1,1,3217,3330485465600,52.12223096955128,0.0
1,1,3218,3331553213952,52.138941274038466,0.0
1,1,3219,3331932636160,52.14487924679487,0.0
1,0,1610,3332679885396,52.15657372727615,nan
1,1,3220,3333075973120,52.16277251602564,0.0
1,1,3221,3333799693824,52.17409877403846,0.0
1,1,3222,3335211686400,52.19619651442308,0.0
1,1,3223,3335591093760,52.202134254807696,0.0
1,0,1612,3336332624121,52.21373923466609,nan
1,1,3224,3336729046016,52.21994325320513,0.0
1,1,3225,3337452753920,52.23126931089744,0.0
1,1,3226,3338520749568,52.247983485576924,0.0
1,1,3227,3339244445184,52.25930935096154,0.0
1,0,1614,3339643168163,52.26554938155737,nan
1,1,3228,3340382177792,52.27711491185897,0.0
1,1,3229,3340761565696,52.28305234775641,0.0
1,1,3230,3341829798912,52.29977024038462,0.0
1,1,3231,3342553625088,52.311098149038465,0.0
1,0,1616,3343291187296,52.32264102714343,nan
1,1,3232,3344030464000,52.33421073717949,0.0
1,1,3233,3344410050560,52.34015128205128,0.0
1,1,3234,3345477927424,52.35686359775641,0.0
1,1,3235,3346201554944,52.3681883974359,0.0
1,0,1618,3346596953374,52.37437639870668,nan
1,1,3236,3347333923840,52.38591001602564,0.0
1,1,3237,3347713231360,52.39184619391026,0.0
1,1,3238,3348780722176,52.40855246794872,0.0
1,1,3239,3349504349696,52.41987726762821,0.0
1,0,1620,3349902693348,52.426111361741285,nan
1,1,3240,3350297826304,52.432295208333336,0.0
1,1,3241,3351021466112,52.44362020032052,0.0
1,1,3242,3352089537024,52.460335552884615,0.0
1,1,3243,3352813207552,52.471661025641026,0.0
1,0,1622,3353553816213,52.4832515808575,nan
1,1,3244,3354300304384,52.49493415064103,0.0
1,1,3245,3355023866368,52.50625792467949,0.0
1,1,3246,3356091582976,52.5229677323718,0.0
1,1,3247,3356470945792,52.528904775641024,0.0
1,0,1624,3357212251925,52.540506246322245,nan
1,1,3248,3357608439296,52.54670659455128,0.0
1,1,3249,3358331948544,52.558029543269235,0.0
1,1,3250,3359399940096,52.574743653846156,0.0
1,1,3251,3360123725824,52.58607092948718,0.0
1,0,1626,3360523429811,52.59232631289751,nan
1,1,3252,3360917415424,52.598492203525645,0.0
1,1,3253,3361641268736,52.609820536858976,0.0
1,1,3254,3363053616640,52.63192383814103,0.0
1,1,3255,3363433031168,52.63786169070513,0.0
1,0,1628,3364518543958,52.654850009358725,nan
1,1,3256,3364915233280,52.661058213141025,0.0
1,1,3257,3365638856704,52.67238294871795,0.0
1,1,3258,3367051334656,52.69448828525641,0.0
1,1,3259,3367430728704,52.700425817307696,0.0
1,0,1630,3368171263214,52.71201521205804,nan
1,1,3260,3368568410624,52.718230584935895,0.0
1,1,3261,3368947800064,52.724168044871796,0.0
1,1,3262,3370015537664,52.74087818108975,0.0
1,1,3263,3370739216896,52.7522037900641,0.0
1,0,1632,3371135998889,52.758413444151266,nan
1,1,3264,3371876710400,52.77000560897436,0.0
1,1,3265,3372256125440,52.77594346955129,0.0
1,1,3266,3373667892224,52.79803767628205,0.0
1,1,3267,3374391312896,52.80935923878205,0.0
1,0,1634,3374788469842,52.81557476089869,nan
1,1,3268,3375528808960,52.82716109775641,0.0
1,1,3269,3375908127232,52.833097443910255,0.0
1,1,3270,3376975686144,52.849804783653845,0.0
1,1,3271,3377699207168,52.86112791666667,0.0
1,0,1636,3378094920968,52.86732085349059,nan
1,1,3272,3378492691968,52.873545985576925,0.0
1,1,3273,3379216417792,52.88487232371795,0.0
1,1,3274,3380284042240,52.901580689102566,0.0
1,1,3275,3380663515136,52.90751945512821,0.0
1,0,1638,3381400865230,52.91905901364058,nan
1,1,3276,3381795593728,52.92523653044872,0.0
1,1,3277,3382175053824,52.93117509615385,0.0
1,1,3278,3383586823680,52.95326935096154,0.0
1,1,3279,3383966104576,52.95920511217949,0.0
1,0,1640,3384706748550,52.97079622004583,nan
1,1,3280,3385103554560,52.97700625,0.0
1,1,3281,3385827131392,52.98833025641026,0.0
1,1,3282,3386900140544,53.00512289262821,0.0
1,1,3283,3387279575040,53.01106105769231,0.0
1,0,1642,3388018213141,53.02262077356583,nan
1,1,3284,3388755946496,53.03416633012821,0.0
1,1,3285,3389135263744,53.04010266025641,0.0
1,1,3286,3390202928640,53.05681165865385,0.0
1,1,3287,3390926560256,53.0681365224359,0.0
1,0,1644,3391325267929,53.074376313492216,nan
1,1,3288,3392064076800,53.08593870192308,0.0
1,1,3289,3392443428864,53.09187557692308,0.0
1,1,3290,3393855429632,53.11397344551282,0.0
1,1,3291,3394584286208,53.12538008012821,0.0
1,0,1646,3394980942937,53.131587773828755,nan
1,1,3292,3395721980928,53.14318504807692,0.0
1,1,3293,3396101420032,53.149123285256415,0.0
1,1,3294,3397169498112,53.16583875,0.0
1,1,3295,3397893127680,53.177163581730774,0.0
1,0,1648,3398293357291,53.18342719117776,nan
1,1,3296,3399030788608,53.194968020833336,0.0
1,1,3297,3399410290176,53.20090723557693,0.0
1,1,3298,3400478149120,53.21761927083333,0.0
1,1,3299,3400857474048,53.22355572115385,0.0
1,0,1650,3401599836577,53.235173724474784,nan
1,1,3300,3401995183616,53.24136092147436,0.0
1,1,3301,3402718679040,53.252683653846155,0.0
1,1,3302,3403786207232,53.269390512820515,0.0
1,1,3303,3404509763584,53.28071419871795,0.0
1,0,1652,3404906247775,53.28691919219188,nan
1,1,3304,3405652567552,53.29859912660257,0.0
1,1,3305,3406031953408,53.30453653044872,0.0
1,1,3306,3407099769344,53.32124789262821,0.0
1,1,3307,3407823122944,53.33256840544872,0.0
1,0,1654,3408223110356,53.338828224471655,nan
1,1,3308,3408960440832,53.35036747596154,0.0
1,1,3309,3409339769856,53.35630399038462,0.0
1,1,3310,3410407648256,53.37301633012821,0.0
1,1,3311,3411131219968,53.384340256410255,0.0
1,0,1656,3411529212832,53.390568860677085,nan
1,1,3312,3411924788736,53.39675963942308,0.0
1,1,3313,3412648269312,53.40808213942308,0.0
1,1,3314,3413716131840,53.42479423076923,0.0
1,1,3315,3414095566336,53.43073239583333,0.0
1,0,1658,3414834671192,53.44229941644131,nan
1,1,3316,3415572167168,53.45384125801282,0.0
1,1,3317,3416295720960,53.46516490384616,0.0
1,1,3318,3417363657728,53.481878157051284,0.0
1,1,3319,3417743193088,53.487817900641026,0.0
1,0,1660,3418481626400,53.49937441155849,nan
1,1,3320,3418875600896,53.505540128205126,0.0
1,1,3321,3419599375872,53.516867235576925,0.0
1,1,3322,3420667384320,53.533581610576924,0.0
1,1,3323,3421046879232,53.53952072115385,0.0
1,0,1662,3421446461909,53.54577420605782,nan
1,1,3324,3422184812032,53.5573294150641,0.0
1,1,3325,3422908395008,53.568653517628206,0.0
1,1,3326,3423976182784,53.58536443910256,0.0
1,1,3327,3424699927040,53.59669106570513,0.0
1,0,1664,3425099734643,53.60294807071001,nan
1,1,3328,3425842946560,53.61457936698718,0.0
1,1,3329,3426222351360,53.620517067307695,0.0
1,1,3330,3427290039296,53.637226426282055,0.0
1,1,3331,3428018997760,53.64863465544872,0.0
1,0,1666,3428416366317,53.65485348928598,nan
1,1,3332,3428812584448,53.66105431891026,0.0
1,1,3333,3429536200192,53.672378934294876,0.0
1,1,3334,3430604089856,53.68909145032051,0.0
1,1,3335,3430983458816,53.69502858974359,0.0
1,0,1668,3431721730993,53.706582578891854,nan
1,1,3336,3432459461120,53.7181280849359,0.0
1,1,3337,3433183119872,53.72945337339744,0.0
1,1,3338,3434939308544,53.75693779647436,0.0
1,1,3339,3435662953472,53.768262868589744,0.0
1,0,1670,3436061109326,53.7744940236566,nan
1,1,3340,3436800584192,53.7860668349359,0.0
1,1,3341,3437179826176,53.79200198717949,0.0
1,1,3342,3438247598080,53.80871266025641,0.0
1,1,3343,3438971089408,53.82003532852564,0.0
1,0,1672,3439372053226,53.8263104283416,nan
1,1,3344,3439769807872,53.83253530448718,0.0
1,1,3345,3440498829824,53.84394452724359,0.0
1,1,3346,3441566501376,53.86065362980769,0.0
1,1,3347,3441945833984,53.866590200320516,0.0
1,0,1674,3442683446677,53.87813386851776,nan
1,1,3348,3443766338560,53.895081169871794,0.0
1,1,3349,3444489892864,53.90640482371795,0.0
1,1,3350,3445901923840,53.92850316506411,0.0
1,1,3351,3446281367040,53.93444146634616,0.0
1,0,1676,3447018299467,53.945974488353244,nan
1,1,3352,3447757752832,53.95754696314103,0.0
1,1,3353,3448137184256,53.96348508012821,0.0
1,1,3354,3449204947456,53.98019561698718,0.0
1,1,3355,3449584291840,53.986132371794874,0.0
1,0,1678,3450324275467,53.9977131452042,nan
1,1,3356,3450721621504,54.003931626602565,0.0
1,1,3357,3451445023232,54.015252892628205,0.0
1,1,3358,3452512589824,54.031960352564106,0.0
1,1,3359,3453235896320,54.04328012820513,0.0
1,0,1680,3453977239485,54.054882178438625,nan
1,1,3360,3454717656576,54.06646973557692,0.0
1,1,3361,3455441220096,54.077793533653846,0.0
1,1,3362,3456509299200,54.09450901442308,0.0
1,1,3363,3456888750080,54.100447435897436,0.0
1,0,1682,3457628509293,54.11202469721868,nan
1,1,3364,3458021246976,54.11817105769231,0.0
1,1,3365,3458745160704,54.12950033653846,0.0
1,1,3366,3459813464576,54.1462193349359,0.0
1,1,3367,3460192890880,54.15215737179487,0.0
1,0,1684,3460934765865,54.16376774503268,nan
1,1,3368,3461330560000,54.16996193910256,0.0
1,1,3369,3462054205440,54.18128701923077,0.0
1,1,3370,3463122258944,54.19800209935897,0.0
1,1,3371,3463845911040,54.20932728365385,0.0
1,0,1686,3464246394837,54.21559487112192,nan
1,1,3372,3464983764480,54.227134735576925,0.0
1,1,3373,3465707319808,54.23845840544872,0.0
1,1,3374,3466775262208,54.25517174679487,0.0
1,1,3375,3467154686464,54.26110975160257,0.0
1,0,1688,3467894584980,54.272689193021336,nan
1,1,3376,3468292151808,54.278911129807696,0.0
1,1,3377,3469015482368,54.29023128205128,0.0
1,1,3378,3470088260096,54.30702029647436,0.0
1,1,3379,3470467446784,54.31295458333334,0.0
1,0,1690,3471206430001,54.32451970028608,nan
1,1,3380,3471599558656,54.33067217948718,0.0
1,1,3381,3471978938368,54.33660948717949,0.0
1,1,3382,3473735161856,54.3640944551282,0.0
1,1,3383,3474458767360,54.375418910256414,0.0
1,0,1692,3475195894790,54.38695498406826,nan
1,1,3384,3475590966784,54.393137876602566,0.0
1,1,3385,3476314607104,54.404462876602565,0.0
1,1,3386,3477382494720,54.421175360576925,0.0
1,1,3387,3477761855488,54.42711237179488,0.0
1,0,1694,3478502771902,54.43870774335812,nan
1,1,3388,3478899164672,54.44491130608974,0.0
1,1,3389,3479278462976,54.45084733974359,0.0
1,1,3390,3480690557440,54.47294667467949,0.0
1,1,3391,3481069934080,54.47888393429487,0.0
1,0,1696,3481467558785,54.4851067768586,nan
1,1,3392,3482207661056,54.496689407051285,0.0
1,1,3393,3482587019776,54.50262638621795,0.0
1,1,3394,3484343158784,54.53011003205128,0.0
1,1,3395,3485066725888,54.54143388621795,0.0
1,0,1698,3485463048740,54.547636354730066,nan
1,1,3396,3485860243968,54.55385247596154,0.0
1,1,3397,3486583769088,54.56517567307692,0.0
1,1,3398,3487651329024,54.58188302884616,0.0
1,1,3399,3488030844416,54.5878224599359,0.0
1,0,1700,3488769055457,54.59937549230331,nan
1,1,3400,3489163285504,54.60554520833333,0.0
1,1,3401,3489886906368,54.61686990384616,0.0
1,1,3402,3490954698240,54.63358088942308,0.0
1,1,3403,3491334122496,54.63951889423077,0.0
1,0,1702,3491733875620,54.64577504663712,nan
1,1,3404,3492471694336,54.657321939102566,0.0
1,1,3405,3493539445760,54.67403229166667,0.0
1,1,3406,3494951460864,54.69613038461539,0.0
1,1,3407,3495330788352,54.702066875,0.0
1,0,1704,3496069323866,54.713624985382864,nan
1,1,3408,3496463030272,54.71978650641026,0.0
1,1,3409,3497186725376,54.73111236378205,0.0
1,1,3410,3498254365696,54.7478209775641,0.0
1,1,3411,3498633664000,54.75375701121795,0.0
1,0,1706,3499375653665,54.76536917920235,nan
1,1,3412,3499771513856,54.77156440705129,0.0
1,1,3413,3500150936064,54.77750237980769,0.0
1,1,3414,3501218788352,54.79421431089744,0.0
1,1,3415,3501942541824,54.80554108173077,0.0
1,0,1708,3502340745693,54.8117729882343,nan
1,1,3416,3503080240640,54.82334611378205,0.0
1,1,3417,3503803846144,54.834670568910255,0.0
1,1,3418,3504871419904,54.85137814102564,0.0
1,1,3419,3505250699776,54.85731388621795,0.0
1,0,1710,3505988894883,54.868866669217624,nan
1,1,3420,3506382913536,54.87503307692308,0.0
1,1,3421,3507106710528,54.886360528846154,0.0
1,1,3422,3508174555648,54.903072347756414,0.0
1,1,3423,3508553923072,54.909009463141025,0.0
1,0,1712,3508953408861,54.915261431743914,nan
1,1,3424,3509696471552,54.92689039262821,0.0
1,1,3425,3510075751936,54.93282614583333,0.0
1,1,3426,3511492928000,54.95500500801282,0.0
1,1,3427,3511872224256,54.96094100961539,0.0
1,0,1714,3512270643178,54.96717628170698,nan
1,1,3428,3513014881792,54.97882364583334,0.0
1,1,3429,3513743576064,54.99022774038462,0.0
1,1,3430,3514811077632,55.00693418269231,0.0
1,1,3431,3515190415360,55.01287083333334,0.0
1,0,1716,3515927487616,55.02440604366987,nan
1,1,3432,3516666489856,55.035971458333336,0.0
1,1,3433,3517045898240,55.04190921474359,0.0
1,1,3434,3518113940480,55.05862411858975,0.0
1,1,3435,3518493560320,55.06456518429487,0.0
1,0,1718,3519233620295,55.07614715255346,nan
1,1,3436,3519631237632,55.08236987980769,0.0
1,1,3437,3520354754560,55.09369294871795,0.0
1,1,3438,3521422408704,55.11040177884615,0.0
1,1,3439,3521801873408,55.11634041666667,0.0
1,0,1720,3522198104590,55.122541450539615,nan
1,1,3440,3522939454464,55.13414360576923,0.0
1,1,3441,3523663133184,55.14546920673077,0.0
1,1,3442,3524736261120,55.16226370192308,0.0
1,1,3443,3525115689984,55.168201778846154,0.0
1,0,1722,3525856738448,55.179799216997196,nan
1,1,3444,3526253204480,55.186003926282055,0.0
1,1,3445,3526976743936,55.19732734775641,0.0
1,1,3446,3528049759744,55.21412008814103,0.0
1,1,3447,3528429156352,55.22005766025641,0.0
1,0,1724,3528827329326,55.226289083251956,nan
1,1,3448,3529566693376,55.23786016025641,0.0
1,1,3449,3529946012160,55.24379651442308,0.0
1,1,3450,3531013500416,55.260502748397435,0.0
1,1,3451,3531736929792,55.271824447115385,0.0
1,0,1726,3532475046407,55.283376001712114,nan
1,1,3452,3533212765184,55.294921330128204,0.0
1,1,3453,3533941594112,55.306327532051284,0.0
1,1,3454,3535009235456,55.32303616185897,0.0
1,1,3455,3535732702208,55.33435844551282,0.0
1,0,1728,3536129904796,55.34057468192859,nan
1,1,3456,3536870011904,55.35215738782051,0.0
1,1,3457,3537249308672,55.3580933974359,0.0
1,1,3458,3538317047296,55.37480354967949,0.0
1,1,3459,3539040635904,55.386127740384616,0.0
1,0,1730,3539437995859,55.39234643960024,nan
1,1,3460,3540178260480,55.403931610576926,0.0
1,1,3461,3540557574656,55.409867892628206,0.0
1,1,3462,3541625102336,55.42657474358975,0.0
1,1,3463,3542348604416,55.43789758012821,0.0
1,0,1732,3543435027967,55.45490015222794,nan
1,1,3464,3544174897152,55.46647913461538,0.0
1,1,3465,3544898570752,55.47780465544872,0.0
1,1,3466,3545966481920,55.49451750801282,0.0
1,1,3467,3546346019840,55.50045729166667,0.0
1,0,1734,3547083771068,55.51200312794221,nan
1,1,3468,3547478263296,55.518176947115386,0.0
1,1,3469,3548207126016,55.52958367788462,0.0
1,1,3470,3549274914304,55.5462946073718,0.0
1,1,3471,3549654359552,55.55223294070513,0.0
1,0,1736,3550396604247,55.563849099919246,nan
1,1,3472,3550792205824,55.57004028044872,0.0
1,1,3473,3551171505664,55.575976338141025,0.0
1,1,3474,3552239312896,55.59268756410257,0.0
1,1,3475,3552962830336,55.604010641025646,0.0
1,0,1738,3553703641620,55.61560436730018,nan
1,1,3476,3554105909248,55.621899871794874,0.0
1,1,3477,3554829487104,55.633223894230774,0.0
1,1,3478,3555897363968,55.6499362099359,0.0
1,1,3479,3556620957696,55.66126048076923,0.0
1,0,1740,3557021623448,55.667530915840345,nan
1,1,3480,3557758686720,55.679065985576926,0.0
1,1,3481,3558138055680,55.685003125,0.0
1,1,3482,3559211247616,55.70179862179487,0.0
1,1,3483,3559935055360,55.71312624198718,0.0
1,0,1742,3560334224178,55.719373249981224,nan
1,1,3484,3560728684032,55.7255465625,0.0
1,1,3485,3561452349440,55.73687195512821,0.0
1,1,3486,3562520097280,55.753582251602566,0.0
1,1,3487,3563243673088,55.764906241987184,0.0
1,0,1744,3563641724907,55.77113576890212,nan
1,1,3488,3564381713920,55.782716626602564,0.0
1,1,3489,3564761232384,55.788656105769235,0.0
1,1,3490,3565829269504,55.80537092948718,0.0
1,1,3491,3566552943104,55.816696450320514,0.0
1,0,1746,3566949661857,55.82290511469915,nan
1,1,3492,3567690767872,55.83450345352564,0.0
1,1,3493,3568070100480,55.840440024038465,0.0
1,1,3494,3569138142208,55.857154919871796,0.0
1,1,3495,3569517516288,55.86309213942308,0.0
1,0,1748,3570255789408,55.87464614332933,nan
1,1,3496,3570649855488,55.880813293269235,0.0
1,1,3497,3571373621248,55.89214025641026,0.0
1,1,3498,3572441631232,55.90885465544872,0.0
1,1,3499,3573165319680,55.92018040865385,0.0
1,0,1750,3573561307691,55.926377636890905,nan
1,1,3500,3574303193088,55.937988173076924,0.0
1,1,3501,3574682587648,55.94392571314103,0.0
1,1,3502,3575750660608,55.960641097756415,0.0
1,1,3503,3576474318336,55.97196637019231,0.0
1,0,1752,3576873014988,55.97820598876953,nan
1,1,3504,3577267784704,55.98438415064103,0.0
1,1,3505,3577991355392,55.995708060897435,0.0
1,1,3506,3579059225088,56.01242026442308,0.0
1,1,3507,3579438717440,56.0183593349359,0.0
1,0,1754,3580179794321,56.02995721781413,nan
1,1,3508,3580576551424,56.0361664823718,0.0
1,1,3509,3581300334080,56.0474937099359,0.0
1,1,3510,3582368110080,56.06420444711539,0.0
1,1,3511,3583091711488,56.075528838141025,0.0
1,0,1756,3583491582513,56.08178683570275,nan
1,1,3512,3584229334016,56.09333267628205,0.0
1,1,3513,3584608819712,56.09927164262821,0.0
1,1,3514,3585676843008,56.11598625,0.0
1,1,3515,3586400547328,56.12731225160257,0.0
1,0,1758,3586798547681,56.13354097307254,nan
1,1,3516,3587194098176,56.13973135416667,0.0
1,1,3517,3587917742592,56.151056418269235,0.0
1,1,3518,3588985543168,56.167767540064105,0.0
1,1,3519,3589364900864,56.17370450320513,0.0
1,0,1760,3590104933289,56.185286040305115,nan
1,1,3520,3590502084608,56.19150147435898,0.0
1,1,3521,3590881455616,56.19743864583334,0.0
1,1,3522,3592293166080,56.21953197115385,0.0
1,1,3523,3593016702976,56.230855352564106,0.0
1,0,1762,3593417332297,56.23712521748861,nan
1,1,3524,3594154367488,56.248659847756414,0.0
1,1,3525,3594877700096,56.25998003205128,0.0
1,1,3526,3595945252352,56.276687267628205,0.0
1,1,3527,3596668928512,56.288012828525645,0.0
1,0,1764,3597065512201,56.294219379147265,nan
1,1,3528,3597811847680,56.30589955929487,0.0
1,1,3529,3598191197696,56.31183640224359,0.0
1,1,3530,3599259110400,56.328549278846154,0.0
1,1,3531,3599988042752,56.339957099358976,0.0
1,0,1766,3600383711113,56.34614932506072,nan
1,1,3532,3600781419008,56.35237346955128,0.0
1,1,3533,3601505131520,56.363699599358974,0.0
1,1,3534,3602917246976,56.38579926282051,0.0
1,1,3535,3603641080832,56.39712729166667,0.0
1,0,1768,3604036609586,56.403317332513275,nan
1,1,3536,3604773564416,56.41485070512821,0.0
1,1,3537,3605497430528,56.426179238782055,0.0
1,1,3538,3606565511168,56.44289474358975,0.0
1,1,3539,3606945111040,56.44883549679487,0.0
1,0,1770,3607683404031,56.46038981168307,nan
1,1,3540,3608077661184,56.46655995192308,0.0
1,1,3541,3608457124352,56.47249856570513,0.0
1,1,3542,3609525115392,56.48921266826923,0.0
1,1,3543,3610249005056,56.50054157051282,0.0
1,0,1772,3610648772540,56.506797947653745,nan
1,1,3544,3611387028480,56.51835168269231,0.0
1,1,3545,3612110898176,56.5296802724359,0.0
1,1,3546,3613522855936,56.55177746794872,0.0
1,1,3547,3613902202368,56.55771425480769,0.0
1,0,1774,3614643369573,56.569313551260144,nan
1,1,3548,3615040152576,56.57552322115385,0.0
1,1,3549,3615763960832,56.586850849358974,0.0
1,1,3550,3616831578112,56.603559102564105,0.0
1,1,3551,3617554965504,56.614880144230774,0.0
1,0,1776,3617954418957,56.621131606773965,nan
1,1,3552,3618692295168,56.632679399038466,0.0
1,1,3553,3619071535104,56.63861451923077,0.0
1,1,3554,3620138933760,56.65531935096154,0.0
1,1,3555,3620523668480,56.66134046474359,0.0
1,0,1778,3621265770431,56.67295439000839,nan
1,1,3556,3621661335040,56.67914499198718,0.0
1,1,3557,3622390118400,56.69055048076923,0.0
1,1,3558,3623801992704,56.71264637019231,0.0
1,1,3559,3624181325824,56.71858294871795,0.0
1,0,1780,3624919089765,56.73012898395245,nan
1,1,3560,3625313352704,56.73629921474359,0.0
1,1,3561,3626036805120,56.747621274038465,0.0
1,1,3562,3627104493568,56.764330641025644,0.0
1,1,3563,3627483875840,56.77026798878205,0.0
1,0,1782,3627884437270,56.776536791209686,nan
1,1,3564,3628621632000,56.788073918269234,0.0
1,1,3565,3629001070080,56.79401213942308,0.0
1,1,3566,3630068751360,56.81072139423077,0.0
1,1,3567,3630792195584,56.822043325320514,0.0
1,0,1784,3631190549476,56.82827757969,nan
1,1,3568,3631585604608,56.83446020833333,0.0
1,1,3569,3632309079040,56.84578261217949,0.0
1,1,3570,3633721062400,56.86788020833333,0.0
1,1,3571,3634100383232,56.873816594551286,0.0
1,0,1786,3634837544629,56.88535319994804,nan
1,1,3572,3635232226304,56.89152998397436,0.0
1,1,3573,3635611517952,56.89746591346154,0.0
1,1,3574,3636684372480,56.9142561298077,0.0
1,1,3575,3637413156352,56.92566162660257,0.0
1,0,1788,3637812434740,56.9319103493715,nan
1,1,3576,3638555901440,56.943545633012825,0.0
1,1,3577,3638935140352,56.94948073717949,0.0
1,1,3578,3640007813632,56.96626811698718,0.0
1,1,3579,3640387115520,56.97220420673077,0.0
1,0,1790,3641128596424,56.98380841258514,nan
1,1,3580,3641524404736,56.99000282852564,0.0
1,1,3581,3642253007360,57.001405488782055,0.0
1,1,3582,3644014239744,57.028968846153845,0.0
1,1,3583,3644393595392,57.034905777243594,0.0
1,0,1792,3645134444597,57.0465000969833,nan
1,1,3584,3645531192320,57.052709214743594,0.0
1,1,3585,3645910510592,57.05864556089744,0.0
1,1,3586,3646983476736,57.07543752403846,0.0
1,1,3587,3647712357376,57.08684453525641,0.0
1,0,1794,3648110398125,57.09307388892541,nan
1,1,3588,3648854906368,57.104725472756414,0.0
1,1,3589,3649234102784,57.110659911858974,0.0
1,1,3590,3650306895360,57.127449158653846,0.0
1,1,3591,3650686101504,57.13338375,0.0
1,0,1796,3651428125487,57.144996455062476,nan
1,1,3592,3651823716864,57.15118747596154,0.0
1,1,3593,3652547407360,57.16251326121795,0.0
1,1,3594,3653615144960,57.1792233974359,0.0
1,1,3595,3654343979008,57.19062967948718,0.0
1,0,1798,3654740726741,57.19683879740397,nan
1,1,3596,3655481579520,57.208433173076926,0.0
1,1,3597,3656205248512,57.219758621794874,0.0
1,1,3598,3656928962560,57.23108477564103,0.0
1,1,3599,3657657961984,57.242493645833335,0.0
1,0,1800,3658057920085,57.248753006137946,nan
1,1,3600,3658795854848,57.26030171474359,0.0
1,1,3601,3659175204864,57.26623855769231,0.0
1,1,3602,3660243416576,57.282956113782056,0.0
1,1,3603,3660967434240,57.29428701923077,0.0
1,0,1802,3661363499279,57.30048545295911,nan
1,1,3604,3662105062400,57.31209094551282,0.0
1,1,3605,3662828582912,57.323414070512825,0.0
1,1,3606,3664240489984,57.34551047275641,0.0
1,1,3607,3664964101632,57.35683502403846,0.0
1,0,1804,3665703196608,57.36840189002404,nan
1,1,3608,3666096405504,57.374555625,0.0
1,1,3609,3666819972096,57.38587947115385,0.0
1,1,3610,3667892768768,57.402668782051286,0.0
1,1,3611,3668272011264,57.40860394230769,0.0
1,0,1806,3669008406162,57.420128551964396,nan
1,1,3612,3669404209152,57.42632288461539,0.0
1,1,3613,3669783535616,57.43225935897436,0.0
1,1,3614,3670856285696,57.44904794070513,0.0
1,1,3615,3671585126912,57.460454334935896,0.0
1,0,1808,3671983779083,57.46669325738369,nan
1,1,3616,3673067386368,57.483651754807696,0.0
1,1,3617,3673446775296,57.48958920673077,0.0
1,1,3618,3674858782720,57.51168717948718,0.0
1,1,3619,3675587639808,57.523093822115385,0.0
1,0,1810,3675988223363,57.52936297080016,nan
1,1,3620,3676381101568,57.53551153044872,0.0
1,1,3621,3677104748032,57.54683662660256,0.0
1,1,3622,3678172559872,57.56354792467949,0.0
1,1,3623,3678551956992,57.569485504807695,0.0
1,0,1812,3679293014620,57.581083086375706,nan
1,1,3624,3679689532416,57.58728860576923,0.0
1,1,3625,3680068931072,57.5932262099359,0.0
1,1,3626,3681136647168,57.60993600961539,0.0
1,1,3627,3681860126720,57.62125849358974,0.0
1,0,1814,3682598272282,57.63281050120818,nan
1,1,3628,3683680529408,57.64974786858974,0.0
1,1,3629,3684059886592,57.65568482371795,0.0
1,1,3630,3686165472768,57.688637331730774,0.0
1,1,3631,3686888928768,57.69995944711539,0.0
1,0,1816,3687628040099,57.71152656905737,nan
1,1,3632,3688365362688,57.72306569711539,0.0
1,1,3633,3689089104896,57.734392291666666,0.0
1,1,3634,3690157014016,57.75110511217949,0.0
1,1,3635,3690536413184,57.757042724358975,0.0
1,0,1818,3691276043889,57.768617974524865,nan
1,1,3636,3692013163520,57.780153926282054,0.0
1,1,3637,3692736987136,57.7914817948718,0.0
1,1,3638,3694149352448,57.81358536858975,0.0
1,1,3639,3695561342976,57.835683076923075,0.0
1,0,1820,3696992891108,57.85808686254257,nan
1,1,3640,3697387451392,57.864261746794874,0.0
1,1,3641,3698116394496,57.87566973557693,0.0
1,1,3642,3699528270336,57.89776564903846,0.0
1,1,3643,3699907634176,57.903702708333334,0.0
1,0,1822,3700305433490,57.90992828353491,nan
1,1,3644,3701044996096,57.92150246794872,0.0
1,1,3645,3701424196096,57.92743696314103,0.0
1,1,3646,3702841084416,57.94961132211539,0.0
1,1,3647,3703564830720,57.96093798076923,0.0
1,0,1824,3703964561947,57.967193790486654,nan
1,1,3648,3704702802944,57.97874729166667,0.0
1,1,3649,3705426385408,57.99007138621795,0.0
1,1,3650,3706494353408,58.00678512820513,0.0
1,1,3651,3707218113536,58.01811200320513,0.0
1,0,1826,3707614038742,58.024308248541416,nan
1,1,3652,3708355972096,58.03591953525641,0.0
1,1,3653,3708735426048,58.04185800480769,0.0
1,1,3654,3709803264512,58.058569719551286,0.0
1,1,3655,3710526716928,58.069891778846156,0.0
1,0,1828,3710926953854,58.07615550277319,nan
1,1,3656,3711319987200,58.08230649038462,0.0
1,1,3657,3712043503616,58.093629551282056,0.0
1,1,3658,3713460592128,58.115807043269236,0.0
1,1,3659,3714184104960,58.12713004807692,0.0
1,0,1830,3714582268949,58.13336133045686,nan
1,1,3660,3715321616384,58.1449321474359,0.0
1,1,3661,3716050572800,58.15634034455128,0.0
1,1,3662,3717118193664,58.17304865384615,0.0
1,1,3663,3717497588224,58.178986193910255,0.0
1,0,1832,3717895287478,58.18521020316882,nan
1,1,3664,3718635274240,58.196791025641026,0.0
1,1,3665,3719014754304,58.202729903846155,0.0
1,1,3666,3720082528768,58.21944061698718,0.0
1,1,3667,3720811305984,58.230846009615384,0.0
1,0,1834,3721207497047,58.23704641562438,nan
1,1,3668,3721953999872,58.24872921474359,0.0
1,1,3669,3722677477888,58.26005167467949,0.0
1,1,3670,3724089661440,58.282152403846155,0.0
1,1,3671,3724469063680,58.28809006410257,0.0
1,0,1836,3725207042555,58.299639463062775,nan
1,1,3672,3725601086976,58.30580627403846,0.0
1,1,3673,3726329853952,58.31721150641026,0.0
1,1,3674,3727402604032,58.334000088141025,0.0
1,1,3675,3727781892096,58.339935961538465,0.0
1,0,1838,3728519739550,58.35148330375476,nan
1,1,3676,3728913422336,58.35764445512821,0.0
1,1,3677,3729636853248,58.368966177884616,0.0
1,1,3678,3730709574656,58.38575431089744,0.0
1,1,3679,3731088814080,58.391689423076926,0.0
1,0,1840,3731827706711,58.403253122355146,nan
1,1,3680,3732564836352,58.41478923076923,0.0
1,1,3681,3732944007168,58.42072326923077,0.0
1,1,3682,3734360939008,58.442898309294876,0.0
1,1,3683,3734740230656,58.448834238782055,0.0
1,0,1842,3735481626636,58.46043711557242,nan
1,1,3684,3736221726720,58.472019711538465,0.0
1,1,3685,3736601101312,58.47795693910257,0.0
1,1,3686,3737668730880,58.49466538461539,0.0
1,1,3687,3738392477184,58.50599204326923,0.0
1,0,1844,3739134724793,58.51760824808757,nan
1,1,3688,3739530143744,58.52379657051282,0.0
1,1,3689,3739909484032,58.52973326121795,0.0
1,1,3690,3740977339904,58.54644524839744,0.0
1,1,3691,3741700909056,58.557769134615384,0.0
1,0,1846,3742440828807,58.569348908362755,nan
1,1,3692,3742838503936,58.5755725400641,0.0
1,1,3693,3743562101760,58.586896875,0.0
1,1,3694,3745318218240,58.614380168269236,0.0
1,1,3695,3745697687552,58.62031887820513,0.0
1,0,1848,3746434678340,58.6318528135642,nan
1,1,3696,3746830313472,58.63804451923077,0.0
1,1,3697,3747209654784,58.64398122596154,0.0
1,1,3698,3748277590528,58.66069446314103,0.0
1,1,3699,3749001277952,58.67202020032052,0.0
1,0,1850,3749739615507,58.683575212637095,nan
1,1,3700,3750133689344,58.68974248397436,0.0
1,1,3701,3750513011712,58.695678894230774,0.0
1,1,3702,3751924764672,58.717772884615385,0.0
1,1,3703,3752648399872,58.72909780448718,0.0
1,0,1852,3753385618930,58.7406353122809,nan
1,1,3704,3754124966400,58.752206129807696,0.0
1,1,3705,3754848641536,58.76353167467949,0.0
1,1,3706,3755916783616,58.780248141025645,0.0
1,1,3707,3756296180224,58.78618571314103,0.0
1,0,1854,3757037775018,58.79779170137846,nan
1,1,3708,3757433998336,58.80399261217949,0.0
1,1,3709,3758162890240,58.81539979967949,0.0
1,1,3710,3759230704128,58.83211112980769,0.0
1,1,3711,3759610116608,58.83804895032051,0.0
1,0,1856,3760350188881,58.849631111043294,nan
1,1,3712,3760747820032,58.85585405448718,0.0
1,1,3713,3761471375360,58.867177724358974,0.0
1,1,3714,3763227218432,58.894656738782054,0.0
1,1,3715,3763606492672,58.900592395833336,0.0
1,0,1858,3764344850438,58.91214772445288,nan
1,1,3716,3765082676736,58.92369473557692,0.0
1,1,3717,3765461986816,58.929630953525646,0.0
1,1,3718,3766535101952,58.94642524839744,0.0
1,1,3719,3767258577920,58.957747676282054,0.0
1,0,1860,3767657392822,58.96398914547651,nan
1,1,3720,3768052114944,58.970166562500005,0.0
1,1,3721,3768775802880,58.98149230769231,0.0
1,1,3722,3769843588096,58.99820318910257,0.0
1,1,3723,3770222840320,59.00413850160257,0.0
1,0,1862,3770962639234,59.01571638424605,nan
1,1,3724,3771704243200,59.02732251602564,0.0
1,1,3725,3772427782144,59.03864592948718,0.0
1,1,3726,3773839467008,59.060738854166665,0.0
1,1,3727,3774562927616,59.07206104166667,0.0
1,0,1864,3775304341037,59.08366419140938,nan
1,1,3728,3775700283904,59.08986071314103,0.0
1,1,3729,3776423753728,59.101183044871796,0.0
1,1,3730,3777491157504,59.11788795673077,0.0
1,1,3731,3777870452224,59.123823934294876,0.0
1,0,1866,3778610674924,59.13540844920623,nan
1,1,3732,3779007643648,59.14162102564103,0.0
1,1,3733,3779731206656,59.15294481570513,0.0
1,1,3734,3780798727168,59.16965155448718,0.0
1,1,3735,3781178038784,59.17558779647436,0.0
1,0,1868,3781916276172,59.18714124117338,nan
1,1,3736,3782310589952,59.19331226762821,0.0
1,1,3737,3783034523648,59.20464185897436,0.0
1,1,3738,3784102171136,59.2213505849359,0.0
1,1,3739,3784481441280,59.227286177884615,0.0
1,0,1870,3785222023325,59.23887631655962,nan
1,1,3740,3785618782720,59.24508561698718,0.0
1,1,3741,3786342255616,59.25640799679487,0.0
1,1,3742,3787410125824,59.27312020833333,0.0
1,1,3743,3787789520896,59.27905775641026,0.0
1,0,1872,3788186599265,59.28527204879369,nan
1,1,3744,3788927094784,59.296860833333334,0.0
1,1,3745,3789306504704,59.30279861378205,0.0
1,1,3746,3790374430720,59.31951169871795,0.0
1,1,3747,3791103260672,59.33091791666667,0.0
1,0,1874,3791840684576,59.34245863030849,nan
1,1,3748,3792584881664,59.354105344551286,0.0
1,1,3749,3793652679680,59.370816426282055,0.0
1,1,3750,3794720328704,59.387525176282054,0.0
1,1,3751,3795449133056,59.398930993589744,0.0
1,0,1876,3796188512930,59.41050231824044,nan
1,1,3752,3796580935168,59.41664374198718,0.0
1,1,3753,3797304356864,59.427965320512826,0.0
1,1,3754,3798371707392,59.44466939903846,0.0
1,1,3755,3798750952448,59.450604599358975,0.0
1,0,1878,3799489802649,59.462167634606,nan
1,1,3756,3799882535424,59.46831391826923,0.0
1,1,3757,3800261741056,59.47424850160257,0.0
1,1,3758,3801334543872,59.49103790865385,0.0
1,1,3759,3802402135040,59.50774575320513,0.0
1,0,1880,3802802280005,59.51400803793883,nan
1,1,3760,3803544807936,59.52562862980769,0.0
1,1,3761,3803924061696,59.531563966346155,0.0
1,1,3762,3805340991488,59.55373897435898,0.0
1,1,3763,3805720181248,59.55967330929487,0.0
1,0,1882,3806119740117,59.56592642160269,nan
1,1,3764,3806862895104,59.57755682692308,0.0
1,1,3765,3807242233344,59.58349348557692,0.0
1,1,3766,3808309869568,59.60020203525641,0.0
1,1,3767,3809038643200,59.611607371794875,0.0
1,0,1884,3809436305770,59.61783080694737,nan
1,1,3768,3810175976960,59.62940669070513,0.0
1,1,3769,3810555361280,59.63534407051282,0.0
1,1,3770,3811623227392,59.65205621794872,0.0
1,1,3771,3812351992832,59.663461426282055,0.0
1,0,1886,3813088630321,59.67498983249762,nan
1,1,3772,3813828222976,59.68656448717949,0.0
1,1,3773,3814207715328,59.69250355769231,0.0
1,1,3774,3815275644416,59.70921669070513,0.0
1,1,3775,3815999078912,59.720538469551286,0.0
1,0,1888,3816399083250,59.7267985534668,nan
1,1,3776,3817141841408,59.73842274839744,0.0
1,1,3777,3817521078784,59.744357828525644,0.0
1,1,3778,3818588425728,59.76106185096154,0.0
1,1,3779,3818973122048,59.76708236378205,0.0
1,0,1890,3819710541741,59.77862301152156,nan
1,1,3780,3820105083392,59.78479760416667,0.0
1,1,3781,3820833802752,59.79620209134615,0.0
1,1,3782,3821906706432,59.81299307692308,0.0
1,1,3783,3822635408896,59.82439729967949,0.0
1,0,1892,3823032219680,59.83060740434696,nan
1,1,3784,3824116662784,59.84757898237179,0.0
1,1,3785,3824845450240,59.85898453525641,0.0
1,1,3786,3825918215168,59.87577334935897,0.0
1,1,3787,3826297465856,59.881708637820516,0.0
1,0,1894,3827037030048,59.89328284705529,nan
1,1,3788,3827434619904,59.89950514423077,0.0
1,1,3789,3827813963264,59.90544188301282,0.0
1,1,3790,3828886699008,59.922230240384614,0.0
1,1,3791,3829610037760,59.933550520833336,0.0
1,0,1896,3830006973763,59.93976258518317,nan
1,1,3792,3830752465920,59.95142956730769,0.0
1,1,3793,3831131812352,59.957366354166666,0.0
1,1,3794,3832543597056,59.97946084134615,0.0
1,1,3795,3833267244032,59.99078594551282,0.0
1,0,1898,3833663499773,59.9969873637351,nan
1,1,3796,3834753777664,60.01405025641026,0.0
1,1,3797,3835133003776,60.01998516025641,0.0
1,1,3798,3836205514752,60.036770000000004,0.0
1,1,3799,3836934332928,60.048176033653846,0.0
1,0,1900,3837330701924,60.054379224321416,nan
1,1,3800,3838076680704,60.066053822115386,0.0
1,1,3801,3838455974400,60.07198978365385,0.0
1,1,3802,3839523701248,60.08869975160257,0.0
1,1,3803,3840252323328,60.10010271634616,0.0
1,0,1902,3840652329174,60.10636282386193,nan
1,1,3804,3841045360128,60.11251377403846,0.0
1,1,3805,3841768850944,60.12383643429487,0.0
1,1,3806,3843186139136,60.14601705128205,0.0
1,1,3807,3843909498368,60.15733765224359,0.0
1,0,1904,3844304850848,60.163524934395035,nan
1,1,3808,3845046694400,60.17513481570513,0.0
1,1,3809,3845426030080,60.18107143429487,0.0
1,1,3810,3846498948608,60.19786265224359,0.0
1,1,3811,3847227730944,60.209268125,0.0
1,0,1906,3847626741262,60.21551265246269,nan
1,1,3812,3848365266944,60.22707060897436,0.0
1,1,3813,3848744591360,60.23300705128205,0.0
1,1,3814,3849812496384,60.24971980769231,0.0
1,1,3815,3850191803904,60.25565598557692,0.0
1,0,1908,3850931671786,60.26723494757237,nan
1,1,3816,3851329164800,60.27345572916667,0.0
1,1,3817,3852052536320,60.2847765224359,0.0
1,1,3818,3853125478400,60.30156810897436,0.0
1,1,3819,3853854252032,60.312973445512824,0.0
1,0,1910,3854253254501,60.31921785013835,nan
1,1,3820,3854996996608,60.33085744391026,0.0
1,1,3821,3855720567296,60.34218135416667,0.0
1,1,3822,3856788238336,60.35889044871795,0.0
1,1,3823,3857167583744,60.36482721955128,0.0
1,0,1912,3857564045860,60.371031867550585,nan
1,1,3824,3858305040384,60.38262846153847,0.0
1,1,3825,3858684395520,60.38856538461538,0.0
1,1,3826,3859752383488,60.405279439102564,0.0
1,1,3827,3860475914240,60.416602724358974,0.0
1,0,1914,3860874045664,60.422833497095354,nan
1,1,3828,3861613553664,60.43440682692308,0.0
1,1,3829,3862337103360,60.44573040865385,0.0
1,1,3830,3863404511232,60.46243538461539,0.0
1,1,3831,3864128056320,60.47375889423077,0.0
1,0,1916,3864524998587,60.479971056612456,nan
1,1,3832,3865265659904,60.491562435897436,0.0
1,1,3833,3865989459456,60.50288992788462,0.0
1,1,3834,3867057336320,60.519602243589745,0.0
1,1,3835,3867436756480,60.525540184294876,0.0
1,0,1918,3868176539270,60.53711781459711,nan
1,1,3836,3868574103552,60.543339711538465,0.0
1,1,3837,3869297555968,60.554661770833334,0.0
1,1,3838,3870370505728,60.571453477564106,0.0
1,1,3839,3870749780992,60.577389150641025,0.0
1,0,1920,3871486726969,60.58892238470616,nan
1,1,3840,3872225931776,60.60049096955128,0.0
1,1,3841,3872954753024,60.61189705128205,0.0
1,1,3842,3874366565376,60.63399197115385,0.0
1,1,3843,3874745905664,60.639928661858974,0.0
1,0,1922,3875486410213,60.65151758771847,nan
1,1,3844,3875883128320,60.657726241987184,0.0
1,1,3845,3876611992064,60.66913298878205,0.0
1,1,3846,3877679609856,60.68584125,0.0
1,1,3847,3878059009536,60.69177887019231,0.0
1,0,1924,3878798102683,60.703345707553964,nan
1,1,3848,3879190943232,60.709493677884616,0.0
1,1,3849,3879914400256,60.720815809294876,0.0
1,1,3850,3880982214656,60.7375271474359,0.0
1,1,3851,3881361503232,60.74346302884616,0.0
1,0,1926,3882099097997,60.75500641646948,nan
1,1,3852,3882842946560,60.766647676282055,0.0
1,1,3853,3883222253568,60.77258384615385,0.0
1,1,3854,3884295136256,60.78937450320513,0.0
1,1,3855,3885018631168,60.80069722756411,0.0
1,0,1928,3885416225314,60.806919591878255,nan
1,1,3856,3886156115456,60.81849890224359,0.0
1,1,3857,3886535481856,60.824436001602564,0.0
1,1,3858,3887603035648,60.84114326121795,0.0
1,1,3859,3888331774464,60.852548052884615,0.0
1,0,1930,3888732156102,60.85881404156025,nan
1,1,3860,3889474384896,60.87042995192308,0.0
1,1,3861,3889853595136,60.8763646073718,0.0
1,1,3862,3890926354944,60.89315334134616,0.0
1,1,3863,3891655055360,60.904557532051285,0.0
1,0,1932,3892394925907,60.916136535754084,nan
1,1,3864,3893485807616,60.93320887820513,0.0
1,1,3865,3893870517760,60.9392296073718,0.0
1,1,3866,3895287738880,60.96140917467949,0.0
1,1,3867,3895667045376,60.967345336538465,0.0
1,0,1934,3896409179546,60.978959766031906,nan
1,1,3868,3896804136448,60.985140857371796,0.0
1,1,3869,3897183190528,60.99107306891026,0.0
1,1,3870,3898255857152,61.00786034455128,0.0
1,1,3871,3898984496128,61.01926357371795,0.0
1,0,1936,3899384018491,61.025516114705404,nan
1,1,3872,3900127132160,61.037145873397435,0.0
1,1,3873,3900506423296,61.043081794871796,0.0
1,1,3874,3901573998080,61.05978938301282,0.0
1,1,3875,3902297645568,61.07111449519231,0.0
1,0,1938,3903035568898,61.082663024871046,nan
1,1,3876,3903429765120,61.08883221153847,0.0
1,1,3877,3904153484800,61.100158453525644,0.0
1,1,3878,3905221178368,61.116867900641026,0.0
1,1,3879,3905600631808,61.12280636217949,0.0
1,0,1940,3906340827114,61.13439044837365,nan
1,1,3880,3906738075136,61.140607395833335,0.0
1,1,3881,3907117643776,61.14654766025641,0.0
1,1,3882,3908185440768,61.16325872596154,0.0
1,1,3883,3908909399552,61.1745887099359,0.0
1,0,1942,3909309857443,61.18085589197403,nan
1,1,3884,3910047090688,61.19239362179487,0.0
1,1,3885,3910426453504,61.198330665064105,0.0
1,1,3886,3911494334976,61.21504305288462,0.0
1,1,3887,3912218034688,61.226368982371795,0.0
1,0,1944,3912955541906,61.23791099988106,nan
1,1,3888,3914039181312,61.254870000000004,0.0
1,1,3889,3914762993152,61.26619768429487,0.0
1,1,3890,3915831022080,61.28291237980769,0.0
1,1,3891,3916210655232,61.288853653846154,0.0
1,0,1946,3916948750442,61.30040487345378,nan
1,1,3892,3917343029760,61.30657536057692,0.0
1,1,3893,3918066605056,61.31789934294872,0.0
1,1,3894,3919134224384,61.33460762820513,0.0
1,1,3895,3919513575936,61.34054449519231,0.0
1,0,1948,3920254739779,61.35214373902932,nan
1,1,3896,3920651088384,61.35834661057692,0.0
1,1,3897,3921374795264,61.369672652243594,0.0
1,1,3898,3922442675200,61.38638501602564,0.0
1,1,3899,3923166517760,61.39771318108974,0.0
1,0,1950,3923563941917,61.40393288506924,nan
1,1,3900,3924304456704,61.41552197115385,0.0
1,1,3901,3924683954176,61.42146112179487,0.0
1,1,3902,3925751677952,61.43817104166667,0.0
1,1,3903,3926475288064,61.44949556891026,0.0
1,0,1952,3926874467536,61.455742743639824,nan
1,1,3904,3927268440576,61.4619084375,0.0
1,1,3905,3927992161792,61.47323470352564,0.0
1,1,3906,3929060322816,61.489951466346156,0.0
1,1,3907,3929439672832,61.49588830929488,0.0
1,0,1954,3930179855291,61.50747219443297,nan
1,1,3908,3930577452032,61.51369459935898,0.0
1,1,3909,3931301259264,61.52502221153846,0.0
1,1,3910,3932713369088,61.54712178685897,0.0
1,1,3911,3933092890112,61.553061306089745,0.0
1,0,1956,3933832635017,61.56463834349021,nan
1,1,3912,3934225332224,61.57078407051282,0.0
1,1,3913,3934949279232,61.58211387019231,0.0
1,1,3914,3936017144320,61.59882600160257,0.0
1,1,3915,3936396519936,61.60476324519231,0.0
1,0,1958,3937138566492,61.61637630352314,nan
1,1,3916,3937534152704,61.62256724358974,0.0
1,1,3917,3938257638912,61.63388983173077,0.0
1,1,3918,3939325314048,61.650598990384616,0.0
1,1,3919,3939704659456,61.65653576121795,0.0
1,0,1960,3940103232057,61.66277343839205,nan
1,1,3920,3940842025472,61.674335584935896,0.0
1,1,3921,3941221286912,61.68027104166667,0.0
1,1,3922,3942977117184,61.70774985576923,0.0
1,1,3923,3943356388864,61.71368547275641,0.0
1,0,1962,3944097769222,61.72528810506185,nan
1,1,3924,3944493733376,61.7314849599359,0.0
1,1,3925,3945217286144,61.74280858974359,0.0
1,1,3926,3946285086720,61.759519711538466,0.0
1,1,3927,3946664419328,61.76545628205128,0.0
1,0,1964,3947403897825,61.777029150155876,nan
1,1,3928,3947796641280,61.78317560096154,0.0
1,1,3929,3948520237056,61.79449990384616,0.0
1,1,3930,3949243801088,61.8058237099359,0.0
1,1,3931,3949967300608,61.81714650641026,0.0
1,0,1966,3950363097812,61.82334074851012,nan
1,1,3932,3951109961728,61.83502919871795,0.0
1,1,3933,3951489353728,61.84096669871795,0.0
1,1,3934,3952901324800,61.8630641025641,0.0
1,1,3935,3953280641536,61.86900042467949,0.0
1,0,1968,3954020200833,61.88057455730732,nan
1,1,3936,3954412875264,61.88671992788462,0.0
1,1,3937,3955136422912,61.8980434775641,0.0
1,1,3938,3956203840512,61.91474860576923,0.0
1,1,3939,3956583211520,61.92068577724359,0.0
1,0,1970,3956979497077,61.926887662087466,nan
1,1,3940,3957720683520,61.938487259615385,0.0
1,1,3941,3958100135936,61.944425705128204,0.0
1,1,3942,3959167847424,61.96113543269231,0.0
1,1,3943,3959891401216,61.972459078525645,0.0
1,0,1972,3960291593006,61.97872209607247,nan
1,1,3944,3960684822528,61.98487615384616,0.0
1,1,3945,3961408323072,61.99619896634616,0.0
1,1,3946,3962502344192,62.01332044070513,0.0
1,1,3947,3963225783808,62.02464229967949,0.0
1,1,3948,3964298782720,62.04143477564103,0.0
1,1,3949,3964678088704,62.04737092948718,0.0
1,0,1975,3965415531429,62.05891193767841,nan
1,1,3950,3965810186240,62.06508830128205,0.0
1,1,3951,3966539024384,62.0764946474359,0.0
1,1,3952,3967612076544,62.09328795673077,0.0
1,1,3953,3967991336960,62.0992233974359,0.0
1,0,1977,3968390690867,62.105473302080206,nan
1,1,3954,3969134172672,62.117108822115384,0.0
1,1,3955,3969513602560,62.1230469150641,0.0
1,1,3956,3970581497344,62.13975951121795,0.0
1,1,3957,3971304948224,62.15108154647436,0.0
1,0,1979,3971701997299,62.15729538040553,nan
1,1,3958,3972442360832,62.168882099358974,0.0
1,1,3959,3973165714432,62.18020261217949,0.0
1,1,3960,3974238415872,62.19699043269231,0.0
1,1,3961,3974617751040,62.202927043269234,0.0
1,0,1981,3975354463684,62.214456625663566,nan
1,1,3962,3975754946048,62.22072419070513,0.0
1,1,3963,3976478660096,62.23205034455128,0.0
1,1,3964,3977546436096,62.24876108173077,0.0
1,1,3965,3977925717504,62.25469685096154,0.0
1,0,1983,3978666059905,62.266283239198344,nan
1,1,3966,3979062982144,62.27249508814103,0.0
1,1,3967,3979442193920,62.278429767628204,0.0
1,1,3968,3980509835776,62.29513840544872,0.0
1,1,3969,3981233339392,62.30646126602564,0.0
1,0,1985,3981971891539,62.31801963671562,nan
1,1,3970,3982365320192,62.32417681089744,0.0
1,1,3971,3983088811008,62.335499471153845,0.0
1,1,3972,3984527055360,62.358008052884614,0.0
1,1,3973,3984906421760,62.363945152243595,0.0
1,1,3974,3985974185472,62.38065569711539,0.0
1,1,3975,3986353656832,62.386594439102566,0.0
1,0,1988,3987091015151,62.398134126336515,nan
1,1,3976,3987485987328,62.40431545673077,0.0
1,1,3977,3988209664000,62.41564102564103,0.0
1,1,3978,3988933152256,62.42696364583333,0.0
1,1,3979,3989656844288,62.438289455128206,0.0
1,0,1990,3990055798972,62.44453311191657,nan
1,1,3980,3990794573824,62.45609496794872,0.0
1,1,3981,3991173915136,62.46203167467949,0.0
1,1,3982,3992585825792,62.484128133012824,0.0
1,1,3983,3992965239296,62.49006596955128,0.0
1,0,1992,3994050922898,62.50705696141952,nan
1,1,3984,3994791147008,62.518641498397436,0.0
1,1,3985,3995514744832,62.529965833333335,0.0
1,1,3986,3996926808576,62.5520646875,0.0
1,1,3987,3997306283520,62.558003485576926,0.0
1,0,1994,3998045706335,62.569575482255985,nan
1,1,3988,3998438274048,62.57571918269231,0.0
1,1,3989,3999161915904,62.58704420673077,0.0
1,1,3990,4000229366784,62.60374985576923,0.0
1,1,3991,4000608707072,62.60968654647436,0.0
1,0,1996,4001346837853,62.62123832276956,nan
1,1,3992,4002085076992,62.6327917948718,0.0
1,1,3993,4002808993280,62.644121113782056,0.0
1,1,3994,4003877172224,62.66083815705128,0.0
1,1,3995,4005289344000,62.68293870192308,0.0
1,0,1998,4006376991236,62.69996042474209,nan
1,1,3996,4006771374080,62.706132532051285,0.0
1,1,3997,4007494888960,62.71745556891026,0.0
1,1,3998,4008562838528,62.7341690224359,0.0
1,1,3999,4009286840832,62.7454996875,0.0
1,0,2000,4009682393827,62.75169010771923,nan
1,1,4000,4010075323904,62.75783947916667,0.0
1,1,4001,4010799216128,62.76916842147436,0.0
1,1,4002,4011867254272,62.785883261217954,0.0
1,1,4003,4012591246848,62.79721377403846,0.0
1,0,2002,4012989049291,62.80343939820901,nan
1,1,4004,4013729543680,62.815028165064106,0.0
1,1,4005,4014453713920,62.82636145833334,0.0
1,1,4006,4015866181632,62.848466634615384,0.0
1,1,4007,4016245818880,62.85440797275641,0.0
1,0,2004,4016641972890,62.860607798884466,nan
1,1,4008,4017384192512,62.87222356570513,0.0
1,1,4009,4017763766272,62.87816391025641,0.0
1,1,4010,4018832148480,62.89488413461539,0.0
1,1,4011,4019556032512,62.90621294871795,0.0
1,0,2006,4019953731916,62.91243696032402,nan
1,1,4012,4020694127104,62.92402417467949,0.0
1,1,4013,4021073778688,62.92996573717949,0.0
1,1,4014,4022486301184,62.952071770833335,0.0
1,1,4015,4023554522624,62.96878947916667,0.0
1,0,2008,4024294213656,62.980365673452525,nan
1,1,4016,4024686828032,62.98651010416667,0.0
1,1,4017,4025410455040,62.997834895833336,0.0
1,1,4018,4026478096384,63.01454352564103,0.0
1,1,4019,4027201749504,63.02586872596154,0.0
1,0,2010,4027599831285,63.03209872178298,nan
1,1,4020,4027995306496,63.03828792467949,0.0
1,1,4021,4028718985728,63.04961353365385,0.0
1,1,4022,4029786776064,63.06632449519231,0.0
1,1,4023,4030166238208,63.07226309294872,0.0
1,0,2012,4030905899484,63.083838821551986,nan
1,1,4024,4031298672128,63.08998572916667,0.0
1,1,4025,4032022438400,63.10131270032051,0.0
1,1,4026,4033460966912,63.12382572916667,0.0
1,1,4027,4034184550912,63.13514984775641,0.0
1,1,4028,4035252460544,63.15186267628205,0.0
1,1,4029,4035975933952,63.163185064102564,0.0
1,0,2015,4036371308133,63.16937268587553,nan
1,1,4030,4036763811840,63.17551538461539,0.0
1,1,4031,4037487261696,63.186837403846155,0.0
1,1,4032,4038560258048,63.20362983974359,0.0
1,1,4033,4038939521536,63.20956532852564,0.0
1,0,2017,4039677757247,63.22111874697954,nan
1,1,4034,4040071390208,63.22727911858975,0.0
1,1,4035,4040795116032,63.238605456730774,0.0
1,1,4036,4042206875648,63.26069955128205,0.0
1,1,4037,4042586185216,63.26663576121795,0.0
1,0,2019,4043325374001,63.27820409531814,nan
1,1,4038,4044067470848,63.28981794070513,0.0
1,1,4039,4044796405760,63.30122580128205,0.0
1,1,4040,4045869455872,63.318019078525644,0.0
1,1,4041,4046248745472,63.32395497596154,0.0
1,0,2021,4046989494460,63.33554772730118,nan
1,1,4042,4047386103808,63.34175467948718,0.0
1,1,4043,4048109554688,63.353076714743594,0.0
1,1,4044,4049177272832,63.36978654647436,0.0
1,1,4045,4049556631040,63.37572351762821,0.0
1,0,2023,4050295554460,63.38728769875551,nan
1,1,4046,4050688720896,63.39344076923077,0.0
1,1,4047,4051412307968,63.40476493589744,0.0
1,1,4048,4052824395776,63.42686416666667,0.0
1,1,4049,4053548161536,63.43819112980769,0.0
1,0,2025,4054290174574,63.44980366358048,nan
1,1,4050,4054686052864,63.45599917467949,0.0
1,1,4051,4055065470976,63.46193708333333,0.0
1,1,4052,4056133890048,63.47865788461539,0.0
1,1,4053,4056857619968,63.48998428685898,0.0
1,0,2027,4057254476107,63.49619510133401,nan
1,1,4054,4057995648000,63.50779447115385,0.0
1,1,4055,4058375130112,63.513733381410255,0.0
1,1,4056,4059443244544,63.530449415064105,0.0
1,1,4057,4060166959104,63.54177557692308,0.0
1,0,2029,4060566615049,63.54803020847419,nan
1,1,4058,4060960588288,63.55419590544872,0.0
1,1,4059,4061684490240,63.565525,0.0
1,1,4060,4063097067520,63.587631891025644,0.0
1,1,4061,4063476575232,63.593571201923076,0.0
1,0,2031,4064213642998,63.60510634199094,nan
1,1,4062,4064609155584,63.61129612980769,0.0
1,1,4063,4065333107200,63.62262600160257,0.0
1,1,4064,4066401240576,63.639342331730774,0.0
1,1,4065,4066780801536,63.64528247596154,0.0
1,0,2033,4067518873582,63.65683333305164,nan
1,1,4066,4067913664512,63.66301182692308,0.0
1,1,4067,4068293313536,63.66895334935898,0.0
1,1,4068,4069706171904,63.691064639423075,0.0
1,1,4069,4070085736960,63.69700484775641,0.0
1,0,2035,4070824288465,63.70856320839906,nan
1,1,4070,4071562907136,63.720122620192306,0.0
1,1,4071,4072631304704,63.7368430849359,0.0
1,1,4072,4074043787776,63.75894850160257,0.0
1,1,4073,4075112492544,63.77567377403847,0.0
1,0,2037,4075512174480,63.78192881234976,nan
1,1,4074,4076251003904,63.7934915224359,0.0
1,1,4075,4076974941184,63.80482116987179,0.0
1,1,4076,4078043169792,63.82153899038462,0.0
1,1,4077,4078767230976,63.83287057692308,0.0
1,0,2039,4079164147817,63.83908234138685,nan
1,1,4078,4079905446400,63.850683693910256,0.0
1,1,4079,4080284971008,63.856623269230774,0.0
1,1,4080,4081353398784,63.87334420673077,0.0
1,1,4081,4082077133824,63.88467068910256,0.0
1,0,2041,4083163062576,63.901665517578124,nan
1,1,4082,4083903492608,63.91325327724359,0.0
1,1,4083,4084627173376,63.924578910256415,0.0
1,1,4084,4085695107072,63.94129211538462,0.0
1,1,4085,4086074492416,63.94722951121795,0.0
1,0,2043,4086474635775,63.953491770817685,nan
1,1,4086,4087212483072,63.965039110576924,0.0
1,1,4087,4087591913472,63.97097721153846,0.0
1,1,4088,4088660142592,63.987695040064104,0.0
1,1,4089,4089384028160,63.99902387820513,0.0
1,0,2045,4089781423335,64.00524312861516,nan
1,1,4090,4090522220032,64.01683662660257,0.0
1,1,4091,4090901621248,64.02277427083334,0.0
1,1,4092,4092313606656,64.04487189903847,0.0
1,1,4093,4092692977152,64.05080906250001,0.0
1,0,2047,4093433694148,64.06240131316356,nan
1,1,4094,4093830723072,64.06861483173077,0.0
1,1,4095,4094554554880,64.07994282852565,0.0
1,1,4096,4095622907392,64.09666258814103,0.0
1,1,4097,4096346793472,64.10799143429487,0.0
1,0,2049,4097086626974,64.11956985824195,nan
1,1,4098,4097479632896,64.12572041666667,0.0
1,1,4099,4097859277824,64.131661875,0.0
1,1,4100,4098927647744,64.14838190705129,0.0
1,1,4101,4099651573760,64.15971137820513,0.0
1,0,2051,4100051377545,64.16596832345816,nan
1,1,4102,4100789863424,64.17752565705129,0.0
1,1,4103,4101513727488,64.18885415865385,0.0
1,1,4104,4103271381504,64.21636151442308,0.0
1,1,4105,4103995499008,64.2276939823718,0.0
1,0,2053,4104391560796,64.23389236522186,nan
1,1,4106,4104789539840,64.24012075320513,0.0
1,1,4107,4105513661440,64.25145328525642,0.0
1,1,4108,4106582324736,64.26817790865385,0.0
1,1,4109,4106961980928,64.27411954326924,0.0
1,0,2055,4107702772523,64.28571296141013,nan
1,1,4110,4108100151296,64.2919319551282,0.0
1,1,4111,4108823933952,64.30325918269232,0.0
1,1,4112,4109892178432,64.31997725160257,0.0
1,1,4113,4110271735808,64.3259173397436,0.0
1,0,2057,4111008525344,64.3374481255008,nan
1,1,4114,4111748404224,64.34902725961538,0.0
1,1,4115,4112127854080,64.3549656650641,0.0
1,1,4116,4113540873216,64.37707947115385,0.0
1,1,4117,4114264692736,64.38840727564103,0.0
1,0,2059,4114660512514,64.39460187102489,nan
1,1,4118,4115397333504,64.40613314903847,0.0
1,1,4119,4115776804352,64.41207188301283,0.0
1,1,4120,4117188997632,64.43417276442308,0.0
1,1,4121,4117568475648,64.44011161057692,0.0
1,0,2061,4117965901311,64.44633133812538,nan
1,1,4122,4118706151424,64.45791628205129,0.0
1,1,4123,4119085548032,64.46385385416667,0.0
1,1,4124,4120153986560,64.4805749599359,0.0
1,1,4125,4120877784064,64.49190241987179,0.0
1,0,2063,4121277247181,64.49815403365697,nan
1,1,4126,4122360081920,64.51510044070513,0.0
1,1,4127,4122739624448,64.52104029647437,0.0
1,1,4128,4124152057856,64.54314493589744,0.0
1,1,4129,4124875783680,64.55447127403846,0.0
1,0,2065,4125272273843,64.56067636097444,nan
1,1,4130,4125669567488,64.5668940224359,0.0
1,1,4131,4126393354752,64.57822132211538,0.0
1,1,4132,4127461704192,64.59494103365385,0.0
1,1,4133,4127841287168,64.6008815224359,0.0
1,0,2067,4128582589067,64.61248292685484,nan
1,1,4134,4128979243008,64.61869057692307,0.0
1,1,4135,4129702831616,64.63001476762821,0.0
1,1,4136,4130770730496,64.64672742788461,0.0
1,1,4137,4131150209536,64.6526662900641,0.0
1,0,2069,4132234744680,64.66963930851863,nan
1,1,4138,4132976806400,64.68125260416667,0.0
1,1,4139,4133700664320,64.69258100961538,0.0
1,1,4140,4134768567296,64.70929373397436,0.0
1,1,4141,4135147982848,64.7152316025641,0.0
1,0,2071,4135886911579,64.72679586680877,nan
1,1,4142,4136280364544,64.73295342147436,0.0
1,1,4143,4137004224512,64.74428185897436,0.0
1,1,4144,4138071940608,64.76099165865385,0.0
1,1,4145,4138451296256,64.76692858974359,0.0
1,0,2073,4139192345932,64.77852604686248,nan
1,1,4146,4139588923392,64.7847325,0.0
1,1,4147,4139968313344,64.79066996794872,0.0
1,1,4148,4141036230144,64.80738290865385,0.0
1,1,4149,4141759806464,64.81870690705128,0.0
1,0,2075,4142498951743,64.83027456028083,nan
1,1,4150,4142892296192,64.83643041666667,0.0
1,1,4151,4143615904256,64.84775491185897,0.0
1,1,4152,4144683488256,64.86446264423077,0.0
1,1,4153,4145062778368,64.87039854967949,0.0
1,0,2077,4145799479118,64.88192794593225,nan
1,1,4154,4146194770432,64.88811427083334,0.0
1,1,4155,4146574085120,64.89405056089744,0.0
1,1,4156,4147641404928,64.91075415865384,0.0
1,1,4157,4148370128384,64.9221587099359,0.0
1,0,2079,4148769763861,64.92841302116199,nan
1,1,4158,4149512848384,64.94004232371795,0.0
1,1,4159,4149892148224,64.94597838141026,0.0
1,1,4160,4150959778304,64.9626868349359,0.0
1,1,4161,4151688310272,64.97408838942307,0.0
1,0,2081,4152427275482,64.98565322456555,nan
1,1,4162,4152819922432,64.99179816506411,0.0
1,1,4163,4153548847104,65.00320586538461,0.0
1,1,4164,4154621904896,65.01999926282052,0.0
1,1,4165,4155001253376,65.02593608173078,0.0
1,0,2083,4155742748061,65.03754050325834,nan
1,1,4166,4156138813440,65.0437389423077,0.0
1,1,4167,4156862392832,65.05506298878205,0.0
1,1,4168,4157930060800,65.07177203525642,0.0
1,1,4169,4158309451264,65.07770951121795,0.0
1,0,2085,4159049005716,65.08928356802133,nan
1,1,4170,4159441943040,65.09543305288462,0.0
1,1,4171,4159821466112,65.10137260416667,0.0
1,1,4172,4161238625280,65.12355120192308,0.0
1,1,4173,4161962166272,65.1348746474359,0.0
1,0,2087,4162702196594,65.14645615162385,nan
1,1,4174,4163443869184,65.1580633573718,0.0
1,1,4175,4164172611072,65.16946819711539,0.0
1,1,4176,4165245601280,65.18626053685898,0.0
1,1,4177,4165624990720,65.19219799679487,0.0
1,0,2089,4166366373905,65.20380067334298,nan
1,1,4178,4166762543104,65.21000073717948,0.0
1,1,4179,4167147254784,65.21602149038462,0.0
1,1,4180,4168559074816,65.23811653044872,0.0
1,1,4181,4168938321408,65.2440517548077,0.0
1,0,2091,4169336938197,65.25029012352577,nan
1,1,4182,4170080845824,65.2619323076923,0.0
1,1,4183,4170460104192,65.26786771634616,0.0
1,1,4184,4171877041664,65.29004284455128,0.0
1,1,4185,4172600591360,65.30136642628206,0.0
1,0,2093,4173342696841,65.3129804067915,nan
1,1,4186,4173738200064,65.31917004807693,0.0
1,1,4187,4174467080192,65.33057705128205,0.0
1,1,4188,4175534824960,65.3472872996795,0.0
1,1,4189,4175914145792,65.35322368589743,0.0
1,0,2095,4176654297171,65.36480708463229,nan
1,1,4190,4177051616768,65.37102515224359,0.0
1,1,4191,4177431001088,65.37696253205128,0.0
1,1,4192,4178498511872,65.39366911858974,0.0
1,1,4193,4179221863936,65.4049896073718,0.0
1,0,2097,4179618001740,65.41118917987531,nan
1,1,4194,4180359404544,65.42279216346154,0.0
1,1,4195,4180738692096,65.42872802884615,0.0
1,1,4196,4182150355456,65.45082061698719,0.0
1,1,4197,4182529581568,65.45675552083334,0.0
1,0,2099,4183271531553,65.46836706782415,nan
1,1,4198,4184016470016,65.48002538461539,0.0
1,1,4199,4184395700224,65.4859603525641,0.0
1,1,4200,4185463256064,65.50266764423077,0.0
1,1,4201,4186186676224,65.51398919871795,0.0
1,0,2101,4186582642933,65.52018609357785,nan
1,1,4202,4186979913728,65.5264033974359,0.0
1,1,4203,4187703447552,65.53772673076924,0.0
1,1,4204,4188771372032,65.55443979166667,0.0
1,1,4205,4189150705152,65.56037637019232,0.0
1,0,2103,4189888706555,65.57192612171663,nan
1,1,4206,4190282733568,65.57809266025642,0.0
1,1,4207,4191006223360,65.58941530448718,0.0
1,1,4208,4192417922560,65.61150845352564,0.0
1,1,4209,4193141300224,65.62282934294872,0.0
1,0,2105,4193883027674,65.63443740725786,nan
1,1,4210,4194278811136,65.64063143429487,0.0
1,1,4211,4195002343424,65.65195474358974,0.0
1,1,4212,4196069965312,65.66866306891026,0.0
1,1,4213,4196793480704,65.67998611378205,0.0
1,0,2107,4197194083769,65.68625556779911,nan
1,1,4214,4197931277824,65.69779268429487,0.0
1,1,4215,4198310727680,65.7037310897436,0.0
1,1,4216,4199378445312,65.72044091346154,0.0
1,1,4217,4199757716480,65.7263765224359,0.0
1,0,2109,4200498803888,65.73797457006211,nan
1,1,4218,4201239384576,65.7495646875,0.0
1,1,4219,4202307104256,65.76627454326923,0.0
1,1,4220,4203374464512,65.78297877403847,0.0
1,1,4221,4204103066624,65.79438142628206,0.0
1,0,2111,4204503725913,65.80065176020696,nan
1,1,4222,4205240751616,65.81218624198718,0.0
1,1,4223,4205620100608,65.81812306891025,0.0
1,1,4224,4206693016576,65.83491424679487,0.0
1,1,4225,4207416510464,65.8462369551282,0.0
1,0,2113,4207815258155,65.85247737246783,nan
1,1,4226,4208215096320,65.85873485576923,0.0
1,1,4227,4208943751168,65.87013833333333,0.0
1,1,4228,4210016537600,65.88692748397436,0.0
1,1,4229,4210395712512,65.89286158653846,0.0
1,0,2115,4211137197766,65.90446586047051,nan
1,1,4230,4211877095936,65.91604529647437,0.0
1,1,4231,4212256389632,65.92198125801282,0.0
1,1,4232,4213689082368,65.94440295673077,0.0
1,1,4233,4214417847808,65.9558081650641,0.0
1,1,4234,4215829343744,65.97789813301283,0.0
1,1,4235,4216208556032,65.98383282051282,0.0
1,0,2118,4216948820820,65.99541799410306,nan
1,1,4236,4217346061824,66.00163483173077,0.0
1,1,4237,4218069424128,66.01295548076924,0.0
1,1,4238,4219142194688,66.02974438301283,0.0
1,1,4239,4219521390592,66.03567881410257,0.0
1,0,2120,4220260199470,66.04724120264298,nan
1,1,4240,4220653162496,66.0533910897436,0.0
1,1,4241,4221381618688,66.06479145833333,0.0
1,1,4242,4222798061568,66.08695884615385,0.0
1,1,4243,4223177152000,66.09289162660257,0.0
1,0,2122,4224263903962,66.1098993383476,nan
1,1,4244,4225007530496,66.12153712339743,0.0
1,1,4245,4225386779136,66.1274723798077,0.0
1,1,4246,4226459346944,66.14425810897436,0.0
1,1,4247,4227187993088,66.15566145032051,0.0
1,0,2124,4227585220476,66.16187807485727,nan
1,1,4248,4228330343936,66.17353928685898,0.0
1,1,4249,4228709523968,66.17947346955128,0.0
1,1,4250,4229798317056,66.196513125,0.0
1,1,4251,4230177563648,66.20244834935897,0.0
1,1,4252,4231588792320,66.22453413461538,0.0
1,1,4253,4232317466112,66.23593790865385,0.0
1,0,2127,4233055120905,66.24748223571777,nan
1,1,4254,4233798630400,66.25911818910257,0.0
1,1,4255,4234177854976,66.26505306891026,0.0
1,1,4256,4235250458624,66.28183935897437,0.0
1,1,4257,4235973812736,66.29315987980769,0.0
1,0,2129,4236372683456,66.2994022225561,nan
1,1,4258,4237116578816,66.31104421474359,0.0
1,1,4259,4237495842816,66.31697971153847,0.0
1,1,4260,4238568664064,66.33376940705128,0.0
1,1,4261,4238947870208,66.33970399839744,0.0
1,0,2131,4239688946550,66.3513018728403,nan
1,1,4262,4240084809728,66.3574971474359,0.0
1,1,4263,4240464041984,66.3634321474359,0.0
1,1,4264,4241875566080,66.38552255608974,0.0
1,1,4265,4242598927360,66.39684318910257,0.0
1,0,2133,4243335746679,66.40837444096492,nan
1,1,4266,4244080344064,66.4200274198718,0.0
1,1,4267,4244803724288,66.43134834935897,0.0
1,1,4268,4245876441088,66.44813641025641,0.0
1,1,4269,4246255625216,66.45407065705129,0.0
1,0,2135,4246993804091,66.46562318601951,nan
1,1,4270,4247387386368,66.47178276442308,0.0
1,1,4271,4248110863360,66.48310520833334,0.0
1,0,2136,4248481725064,66.48890920885917,nan
1,1,4272,4249221201920,66.50048205128205,0.0
1,1,4273,4249600557056,66.50641897435898,0.0
1,1,4274,4251017492480,66.52859407051282,0.0
1,1,4275,4251746304000,66.54,0.0
1,0,2138,4252486783288,66.55158853052384,nan
1,1,4276,4253232920576,66.56326560897436,0.0
1,1,4277,4253612336640,66.56920348557692,0.0
1,1,4278,4255024166400,66.59129867788462,0.0
1,1,4279,4255403446784,66.59723443108975,0.0
1,0,2140,4256144593392,66.60883340519833,nan
1,1,4280,4256541091840,66.61503862179488,0.0
1,1,4281,4256920398848,66.62097479166667,0.0
1,1,4282,4257988295680,66.6376874198718,0.0
1,1,4283,4258711720960,66.64900905448718,0.0
1,0,2142,4259110111955,66.65524388952011,nan
1,1,4284,4259854581248,66.66689486378205,0.0
1,1,4285,4260233960448,66.67283216346154,0.0
1,1,4286,4261645725184,66.69492633814103,0.0
1,1,4287,4262374637056,66.70633383814102,0.0
1,0,2144,4262774379889,66.71258982949281,nan
1,1,4288,4263512097792,66.72413514423077,0.0
1,1,4289,4264235624960,66.73545837339744,0.0
1,1,4290,4265308509184,66.75224905448718,0.0
1,1,4291,4265687801856,66.758185,0.0
1,0,2146,4266426849360,66.76975112304687,nan
1,1,4292,4266819500032,66.77589612179487,0.0
1,1,4293,4267548323328,66.78730223557693,0.0
1,1,4294,4268621129728,66.80409169871795,0.0
1,1,4295,4269000252928,66.81002499198718,0.0
1,0,2148,4269737506598,66.82156304146008,nan
1,1,4296,4270131906560,66.82773541666667,0.0
1,1,4297,4270860605440,66.83913958333333,0.0
1,1,4298,4272271899648,66.86122639423077,0.0
1,1,4299,4273000674816,66.8726317548077,0.0
1,0,2150,4273396272613,66.87882287618001,nan
1,1,4300,4274137874432,66.89042897435898,0.0
1,1,4301,4274517091840,66.89636374198719,0.0
1,0,2151,4275230622496,66.90753052534055,nan
1,1,4302,4275627074048,66.91373500801282,0.0
1,1,4303,4276006305280,66.91966999198718,0.0
1,1,4304,4277079130112,66.93645974358975,0.0
1,1,4305,4277808015872,66.9478668349359,0.0
1,0,2153,4278206082001,66.95409658580292,nan
1,1,4306,4278606531584,66.96036363782052,0.0
1,1,4307,4279335257600,66.97176822916667,0.0
1,1,4308,4280402822144,66.98847565705128,0.0
1,1,4309,4281126118400,66.9997952724359,0.0
1,0,2155,4281864128146,67.0113451545285,nan
1,1,4310,4282607420928,67.02297771634616,0.0
1,1,4311,4283330818048,67.03429891025641,0.0
1,1,4312,4284747974656,67.05647746794872,0.0
1,1,4313,4285471417344,67.067799375,0.0
1,0,2157,4285869013805,67.074021775544,nan
1,1,4314,4286608935936,67.08560158653846,0.0
1,1,4315,4287332361728,67.09692322916666,0.0
1,1,4316,4288405317120,67.11371502403847,0.0
1,1,4317,4288784542720,67.11964991987179,0.0
1,0,2159,4289521360406,67.13118114617764,nan
1,1,4318,4289916551168,67.1373658974359,0.0
1,1,4319,4290640196096,67.14869096955128,0.0
1,1,4320,4292766772736,67.18197197916668,0.0
1,1,4321,4293151523328,67.18799334134616,0.0
1,0,2161,4293872465049,67.19927610816369,nan
1,1,4322,4294611166208,67.21083681089743,0.0
1,1,4323,4294990610432,67.21677512820513,0.0
1,1,4324,4296402672640,67.23887395833333,0.0
1,1,4325,4296782073344,67.24481159455128,0.0
1,0,2163,4297520187292,67.25636310740936,nan
1,1,4326,4297914162176,67.2625288301282,0.0
1,1,4327,4298637669888,67.2738517548077,0.0
1,1,4328,4299705341440,67.2905608573718,0.0
1,1,4329,4300084763136,67.29649882211538,0.0
1,0,2165,4300827011722,67.3081150422238,nan
1,1,4330,4301910562816,67.32507266025641,0.0
1,1,4331,4302977969152,67.34177761217948,0.0
1,1,4332,4304045591552,67.35848594551283,0.0
1,1,4333,4304424996864,67.36442365384616,0.0
1,0,2167,4305162189694,67.37596075117062,nan
1,1,4334,4305557220864,67.38214300480769,0.0
1,1,4335,4306280954880,67.39346947115385,0.0
1,1,4336,4307348777984,67.41018094551282,0.0
1,1,4337,4307728097280,67.4161173076923,0.0
1,0,2169,4308468669044,67.42770728546925,nan
1,1,4338,4308865875456,67.43392358173077,0.0
1,1,4339,4309245322240,67.43986193910257,0.0
1,1,4340,4310657301504,67.46195947115385,0.0
1,1,4341,4311380868096,67.47328331730769,0.0
1,0,2171,4312121597255,67.48487575832269,nan
1,1,4342,4312862837760,67.49647620192307,0.0
1,1,4343,4313586603008,67.50780315705128,0.0
1,1,4344,4314654309376,67.52451280448719,0.0
1,1,4345,4315377936896,67.53583760416667,0.0
1,0,2173,4315773667885,67.54203080999912,nan
1,1,4346,4316510437376,67.55356128205129,0.0
1,1,4347,4317233977344,67.56488471153847,0.0
1,1,4348,4317957667328,67.57621048878205,0.0
1,1,4349,4318681311232,67.5875355448718,0.0
1,0,2175,4319079631641,67.593769275231,nan
1,1,4350,4319818713088,67.60533592948718,0.0
1,1,4351,4320198002688,67.61127182692307,0.0
1,1,4352,4321615096320,67.63344939903847,0.0
1,1,4353,4321994430464,67.63938599358974,0.0
1,0,2177,4322733079550,67.65094588137896,nan
1,1,4354,4323470800896,67.66249125,0.0
1,1,4355,4323855520256,67.66851212339743,0.0
1,1,4356,4325266860032,67.6905996474359,0.0
1,1,4357,4325646055424,67.69653407051283,0.0
1,0,2179,4326385512656,67.70810660581931,nan
1,1,4358,4326777885696,67.71424725961539,0.0
1,1,4359,4327157259776,67.72018447916666,0.0
1,1,4360,4328224791040,67.73689138621795,0.0
1,1,4361,4328948200960,67.74821278044872,0.0
1,0,2181,4329345199577,67.75442582471017,nan
1,1,4362,4330085739520,67.76601530448718,0.0
1,1,4363,4330809335808,67.77733961538462,0.0
1,1,4364,4332221612032,67.7994417948718,0.0
1,1,4365,4332600976896,67.80537887019231,0.0
1,0,2183,4333339550908,67.81693758307041,nan
1,1,4366,4334077257728,67.82848272435898,0.0
1,1,4367,4334456739328,67.83442162660256,0.0
1,1,4368,4335524643328,67.85113436698718,0.0
1,1,4369,4336248347136,67.86246036057692,0.0
1,0,2185,4336646298021,67.86868830787073,nan
1,1,4370,4337385798656,67.8802615224359,0.0
1,1,4371,4337765151744,67.88619841346154,0.0
1,1,4372,4338833283584,67.90291471955129,0.0
1,1,4373,4339557028352,67.91424135416666,0.0
1,0,2187,4339952877718,67.92043641260392,nan
1,1,4374,4340694959104,67.93205001602564,0.0
1,1,4375,4341418573824,67.94337461538461,0.0
1,1,4376,4342830428672,67.96547020032051,0.0
1,1,4377,4343553865216,67.97679201121795,0.0
1,0,2189,4343953236818,67.98304219278971,nan
1,1,4378,4344691444736,67.99459517628205,0.0
1,1,4379,4345070925824,68.00053407051283,0.0
1,1,4380,4346138743296,68.01724545673078,0.0
1,1,4381,4346862299136,68.02856913461538,0.0
1,0,2191,4347260323390,68.03479823013697,nan
1,1,4382,4348000253440,68.0463781650641,0.0
1,1,4383,4348379873280,68.05231923076923,0.0
1,1,4384,4349447842304,68.06903298878206,0.0
1,1,4385,4349827208192,68.07497008012821,0.0
1,0,2193,4350566664496,68.08654260091146,nan
1,1,4386,4351303360000,68.09807191506411,0.0
1,1,4387,4352027006976,68.10939701923077,0.0
1,1,4388,4353094786048,68.12610780448718,0.0
1,1,4389,4353818530816,68.13743443910256,0.0
1,0,2195,4354214983205,68.14363893487392,nan
1,1,4390,4354612090368,68.14985367788462,0.0
1,1,4391,4355335795200,68.1611796875,0.0
1,1,4392,4356403742208,68.17789310096154,0.0
1,1,4393,4357127346688,68.1892175400641,0.0
1,0,2197,4357526502643,68.19546434675168,nan
1,1,4394,4357920930816,68.20163716346154,0.0
1,1,4395,4358644673536,68.21296376602564,0.0
1,1,4396,4359712636928,68.22967743589744,0.0
1,1,4397,4360092078080,68.23561570512821,0.0
1,0,2199,4360831269361,68.24718407829089,nan
1,1,4398,4361224547840,68.2533389022436,0.0
1,1,4399,4362292474880,68.27005200320514,0.0
1,1,4400,4363360546816,68.28676737179488,0.0
1,1,4401,4364084204544,68.29809264423078,0.0
1,0,2201,4364483746503,68.30434549189641,nan
1,1,4402,4365221878272,68.31589728365385,0.0
1,1,4403,4365601222144,68.32183403044871,0.0
1,1,4404,4366669101056,68.33854637820512,0.0
1,1,4405,4367392783872,68.34987204326923,0.0
1,0,2203,4367789521340,68.35608100053837,nan
1,1,4406,4368530458112,68.36767669070512,0.0
1,1,4407,4368909672448,68.37361141025642,0.0
1,1,4408,4369982598144,68.39040274038462,0.0
1,1,4409,4370362081792,68.39634167467949,0.0
1,0,2205,4371448082550,68.41333763005183,nan
1,1,4410,4372188249088,68.42492126602565,0.0
1,1,4411,4372911967744,68.43624749198717,0.0
1,1,4412,4373979907072,68.45296078525641,0.0
1,1,4413,4374703598592,68.46428658653846,0.0
1,0,2207,4375100940630,68.47050500535232,nan
1,1,4414,4375841331712,68.48209215544873,0.0
1,1,4415,4376220932608,68.48803292467949,0.0
1,1,4416,4377288722944,68.50474388621795,0.0
1,1,4417,4377668194304,68.51068262820513,0.0
1,0,2209,4378405256283,68.52221767770621,nan
1,1,4418,4378800519168,68.52840355769231,0.0
1,1,4419,4379524226048,68.53972959935898,0.0
1,1,4420,4380592103424,68.55644192307693,0.0
1,1,4421,4381315825152,68.56776819711538,0.0
1,0,2211,4382056077121,68.57935317008777,nan
1,1,4422,4382798325760,68.59096939102564,0.0
1,1,4423,4383521815552,68.60229203525641,0.0
1,1,4424,4384933788160,68.62438946314103,0.0
1,1,4425,4385313184768,68.63032703525641,0.0
1,0,2213,4386054637084,68.64193079370743,nan
1,1,4426,4386450958848,68.64813324519231,0.0
1,1,4427,4387179827200,68.65954006410257,0.0
1,1,4428,4388247680512,68.67625201121795,0.0
1,1,4429,4388627010048,68.68218853365384,0.0
1,0,2215,4389365627113,68.69374792031313,nan
1,1,4430,4389759313408,68.69990912660256,0.0
1,1,4431,4390482721280,68.71123048878205,0.0
1,1,4432,4391894596608,68.73332639423077,0.0
1,1,4433,4392273824768,68.7392613301282,0.0
1,0,2217,4393011244027,68.7508019710756,nan
1,1,4434,4393406026752,68.75698033653846,0.0
1,1,4435,4394134790144,68.76838551282052,0.0
1,1,4436,4395207827968,68.78517859775641,0.0
1,1,4437,4395936568832,68.79658342147437,0.0
1,0,2219,4396337291903,68.80285475359013,nan
1,1,4438,4396729794560,68.80899743589744,0.0
1,1,4439,4397453311488,68.8203205048077,0.0
1,1,4440,4398521207808,68.837033125,0.0
1,1,4441,4398900617216,68.8429708974359,0.0
1,0,2221,4399642188653,68.85457652013534,nan
1,1,4442,4400038433792,68.8607777724359,0.0
1,1,4443,4400762086400,68.87210296474359,0.0
1,1,4444,4401829946880,68.88881502403846,0.0
1,1,4445,4402553385472,68.90013686698718,0.0
1,0,2223,4403294122582,68.91172943243565,nan
1,1,4446,4403691136512,68.91794271634616,0.0
1,1,4447,4404414713344,68.92926672275641,0.0
1,1,4448,4405482552320,68.94597844551282,0.0
1,1,4449,4405861997056,68.95191677083334,0.0
1,0,2225,4406599088969,68.96345228880271,nan
1,1,4450,4406994103296,68.96963427884616,0.0
1,1,4451,4407717623808,68.98095740384616,0.0
1,1,4452,4408785126912,68.99766387019231,0.0
1,1,4453,4409164392448,69.00359939102565,0.0
1,0,2227,4409563380284,69.00984356664414,nan
1,1,4454,4410646273536,69.02679088942308,0.0
1,1,4455,4411369936896,69.03811625,0.0
1,1,4456,4412781603840,69.06020889423077,0.0
1,1,4457,4413160926720,69.0661453125,0.0
1,0,2229,4413897668916,69.07767535738432,nan
1,1,4458,4414292443136,69.0838535897436,0.0
1,1,4459,4415015838720,69.09517475961539,0.0
1,1,4460,4416083314688,69.11188080128206,0.0
1,1,4461,4416462653952,69.11781747596154,0.0
1,0,2231,4417202507319,69.12939621079666,nan
1,1,4462,4417599901696,69.13561544871796,0.0
1,1,4463,4417979143680,69.14155060096154,0.0
1,1,4464,4419052128256,69.1583428525641,0.0
1,1,4465,4419775756288,69.16966766025641,0.0
1,0,2233,4420513145106,69.18120782480094,nan
1,1,4466,4421596053504,69.19815538461539,0.0
1,1,4467,4422319526912,69.2094777724359,0.0
1,0,2234,4422688964189,69.21525948062212,nan
1,1,4468,4423773656576,69.2322349599359,0.0
1,1,4469,4424502518272,69.2436416746795,0.0
1,1,4470,4425570004480,69.26034787660257,0.0
1,1,4471,4425949226496,69.26628271634615,0.0
1,0,2236,4426347373338,69.27251373037485,nan
1,1,4472,4427086557696,69.28408199519231,0.0
1,1,4473,4427465918976,69.29001901442308,0.0
1,1,4474,4428533601792,69.30672829326923,0.0
1,1,4475,4429257111040,69.31805124198718,0.0
1,0,2238,4429656813570,69.3243066025954,nan
1,1,4476,4430399940608,69.33593657051283,0.0
1,1,4477,4431128620032,69.3473404326923,0.0
1,1,4478,4432545441280,69.36951374198718,0.0
1,1,4479,4432924904960,69.37545236378206,0.0
1,0,2240,4433666070668,69.38705163680639,nan
1,1,4480,4434062443520,69.39325488782052,0.0
1,1,4481,4434785784832,69.40457520833334,0.0
1,1,4482,4435858294272,69.42136002403846,0.0
1,1,4483,4436237550592,69.42729540064103,0.0
1,0,2242,4436976198007,69.43885526227902,nan
1,1,4484,4437369311232,69.4450075,0.0
1,1,4485,4437748562432,69.45094279647437,0.0
1,1,4486,4438816443392,69.46765517628205,0.0
1,1,4487,4439540098560,69.47898040865385,0.0
1,0,2244,4440281040493,69.49057617959048,nan
1,1,4488,4441021449216,69.50216360576923,0.0
1,1,4489,4441400799744,69.50810045673077,0.0
1,1,4490,4442473949184,69.52489528846154,0.0
1,1,4491,4443202590208,69.53629854967949,0.0
1,0,2246,4443602588428,69.54255853784805,nan
1,1,4492,4444345161216,69.55417983173078,0.0
1,1,4493,4445068580864,69.56550137820513,0.0
1,1,4494,4446141261312,69.58228887019231,0.0
1,1,4495,4446520529920,69.58822443910256,0.0
1,0,2248,4447260821445,69.59981003112793,nan
1,1,4496,4447657607680,69.60601975160256,0.0
1,1,4497,4448386250240,69.61742303685898,0.0
1,1,4498,4449459035136,69.63421216346154,0.0
1,1,4499,4449838183424,69.64014584935897,0.0
1,0,2250,4450578134653,69.65172611573831,nan
1,1,4500,4450975171072,69.65793975160257,0.0
1,1,4501,4452392087040,69.68011454326923,0.0
1,1,4502,4453808910848,69.7022878926282,0.0
1,1,4503,4454537579520,69.71369158653846,0.0
1,0,2252,4454937905889,69.71995671025203,nan
1,1,4504,4455330515456,69.72610106570514,0.0
1,1,4505,4456059179520,69.7375046875,0.0
1,1,4506,4457131624960,69.75428850160256,0.0
1,1,4507,4457510657024,69.76022036858974,0.0
1,0,2254,4457909059496,69.76645538323818,nan
1,1,4508,4458653057024,69.77809897435898,0.0
1,1,4509,4459032287232,69.7840339423077,0.0
1,1,4510,4460105161216,69.80082446314103,0.0
1,1,4511,4460833827840,69.812228125,0.0
1,0,2256,4461232876087,69.81847324605306,nan
1,1,4512,4461976181248,69.83010600160257,0.0
1,1,4513,4462360921088,69.83612719551282,0.0
1,1,4514,4463777617920,69.85829855769231,0.0
1,1,4515,4464156768768,69.86423228365385,0.0
1,0,2258,4464897225424,69.87582045998597,nan
1,1,4516,4465293578752,69.88202340544872,0.0
1,1,4517,4466022269952,69.89342745192307,0.0
1,1,4518,4467095113728,69.9102175,0.0
1,1,4519,4467474206720,69.91615032051283,0.0
1,0,2260,4468213792135,69.9277248618884,nan
1,1,4520,4468611034624,69.93394172275642,0.0
1,1,4521,4469339912704,69.94534869391026,0.0
1,1,4522,4470412717056,69.962138125,0.0
1,1,4523,4471141112832,69.97353754807692,0.0
1,0,2262,4471883399173,69.98515435905261,nan
1,1,4524,4472627117568,69.99679358173077,0.0
1,1,4525,4473006382592,70.00272909455128,0.0
1,1,4526,4474079128064,70.01951760416667,0.0
1,1,4527,4474807653376,70.03091905448719,0.0
1,0,2264,4475205535382,70.03714592382187,nan
1,1,4528,4475949968896,70.04879633814103,0.0
1,1,4529,4476329096704,70.05472970352564,0.0
1,1,4530,4477401672192,70.07151555288462,0.0
1,1,4531,4477780965376,70.07745150641026,0.0
1,0,2266,4478521674576,70.0890436350661,nan
1,1,4532,4478918246400,70.09525000000001,0.0
1,1,4533,4479646943232,70.10665413461538,0.0
1,1,4534,4480719645184,70.12344196314103,0.0
1,1,4535,4481442883072,70.1347606650641,0.0
1,0,2268,4482530904538,70.15178824459761,nan
1,1,4536,4483273634816,70.16341200320512,0.0
1,1,4537,4484002411008,70.17481737980769,0.0
1,1,4538,4485419200512,70.1969901923077,0.0
1,1,4539,4485798483968,70.20292599358974,0.0
1,0,2270,4486540038244,70.21453134771885,nan
1,1,4540,4486935731712,70.22072396634616,0.0
1,1,4541,4487664390144,70.2321275,0.0
1,1,4542,4488737226240,70.24891742788462,0.0
1,1,4543,4489116523008,70.2548534375,0.0
1,0,2272,4489856356627,70.26643186327813,nan
1,1,4544,4490253588992,70.27264856570513,0.0
1,1,4545,4490976955392,70.28396927884616,0.0
1,1,4546,4492388443648,70.30605912660256,0.0
1,1,4547,4492767543296,70.31199205128205,0.0
1,0,2274,4493509189619,70.3235988459504,nan
1,1,4548,4493904422400,70.32978425480769,0.0
1,1,4549,4494633073152,70.34118766826923,0.0
1,1,4550,4495705554432,70.35797204326923,0.0
1,1,4551,4496084746240,70.36390641025642,0.0
1,0,2276,4496826152610,70.37550944965069,nan
1,1,4552,4497221556224,70.38169753205129,0.0
1,1,4553,4497606138880,70.38771626602565,0.0
1,1,4554,4499022683648,70.40988524839744,0.0
1,1,4555,4499401735680,70.41581742788462,0.0
1,0,2278,4500143246660,70.4274221044296,nan
1,1,4556,4501232074752,70.4444623076923,0.0
1,1,4557,4501611447296,70.45039950320513,0.0
1,1,4558,4503028452352,70.47257568910257,0.0
1,1,4559,4503757276672,70.48398181891025,0.0
1,0,2280,4504152602066,70.49016867716472,nan
1,1,4560,4504894294016,70.50177618589744,0.0
1,1,4561,4505273481216,70.50771048076923,0.0
1,1,4562,4506346104832,70.52449708333333,0.0
1,1,4563,4507074893312,70.53590265224359,0.0
1,0,2282,4507474187876,70.54215162816757,nan
1,1,4564,4507867975168,70.5483144150641,0.0
1,1,4565,4508596403200,70.55971434294872,0.0
1,1,4566,4509669073920,70.57650168269231,0.0
1,1,4567,4510048135168,70.58243400641025,0.0
1,0,2284,4510785085229,70.59396730439015,nan
1,1,4568,4511528590336,70.60560318910257,0.0
1,1,4569,4511907679744,70.61153595352565,0.0
1,1,4570,4513319516672,70.63363125801283,0.0
1,1,4571,4513698753536,70.6395663301282,0.0
1,0,2286,4514438036994,70.65113614586464,nan
1,1,4572,4514830797824,70.65728286858975,0.0
1,1,4573,4515210146304,70.6632196875,0.0
1,1,4574,4516282829824,70.6800072275641,0.0
1,1,4575,4517011463168,70.69141036858974,0.0
1,0,2288,4517408402623,70.69762248696352,nan
1,1,4576,4518153859072,70.70928891025642,0.0
1,1,4577,4518533161472,70.71522500801282,0.0
1,1,4578,4519600647680,70.7319312099359,0.0
1,1,4579,4520329468416,70.74333728365384,0.0
1,0,2290,4521066296699,70.75486867580317,nan
1,1,4580,4521805587456,70.76643860576924,0.0
1,1,4581,4522184995328,70.77237635416667,0.0
1,1,4582,4523940507136,70.79985018429487,0.0
1,1,4583,4524319808000,70.80578625801282,0.0
1,0,2292,4524719499857,70.81204145158817,nan
1,1,4584,4525456944128,70.82358248397436,0.0
1,1,4585,4525841680896,70.82960362980769,0.0
1,1,4586,4527253614592,70.85170044871795,0.0
1,1,4587,4527632973824,70.85763743589744,0.0
1,0,2294,4528031726865,70.86387793696477,nan
1,1,4588,4528770564608,70.8754407772436,0.0
1,1,4589,4529149958144,70.88137830128206,0.0
1,1,4590,4530561816576,70.9034739423077,0.0
1,1,4591,4531285267968,70.91479598557693,0.0
1,0,2296,4531683698158,70.92103143401317,nan
1,1,4592,4532422866944,70.93259945512821,0.0
1,1,4593,4533146432000,70.9439232772436,0.0
1,1,4594,4534214264320,70.96063489583334,0.0
1,1,4595,4534593671168,70.96657262820513,0.0
1,0,2298,4535335328455,70.97817959446051,nan
1,1,4596,4535731264000,70.98437600160257,0.0
1,1,4597,4536455164416,70.99570507211538,0.0
1,1,4598,4537522772992,71.01241318910256,0.0
1,1,4599,4537902127104,71.01835009615385,0.0
1,0,2300,4538641329588,71.02991864464393,nan
1,1,4600,4539034221056,71.03606741185898,0.0
1,1,4601,4539413528576,71.04200358974359,0.0
1,1,4602,4540825401344,71.0640994551282,0.0
1,1,4603,4541549078528,71.07542503205129,0.0
1,0,2302,4541947815583,71.08166528293708,nan
1,1,4604,4542686662656,71.09322826923078,0.0
1,1,4605,4543066087424,71.09916628205129,0.0
1,1,4606,4544133655040,71.11587375801282,0.0
1,1,4607,4544862440448,71.12727927884616,0.0
1,0,2304,4545259826013,71.1334983788593,nan
1,1,4608,4545999944192,71.14508125801282,0.0
1,1,4609,4546379089408,71.15101489583334,0.0
1,1,4610,4547451942400,71.16780508814102,0.0
1,1,4611,4548175272960,71.17912524038462,0.0
1,0,2306,4548572042282,71.18533469617013,nan
1,1,4612,4549312867840,71.19692864583334,0.0
1,1,4613,4549692211200,71.2028653846154,0.0
1,1,4614,4551109683712,71.22504888621795,0.0
1,1,4615,4551489056768,71.2309860897436,0.0
1,0,2308,4552230897364,71.24259592479217,nan
1,1,4616,4552626777088,71.24879145833333,0.0
1,1,4617,4553350156800,71.2601123798077,0.0
1,1,4618,4554417561600,71.27681730769231,0.0
1,1,4619,4554796892672,71.28275385416667,0.0
1,0,2310,4555536494531,71.29432865289151,nan
1,1,4620,4555928795136,71.30046817307692,0.0
1,1,4621,4556308175360,71.30640548878205,0.0
1,1,4622,4557381187072,71.3231981650641,0.0
1,1,4623,4558109862400,71.33460196314103,0.0
1,0,2312,4558507603058,71.34082662037385,nan
1,1,4624,4559247138816,71.3524003846154,0.0
1,1,4625,4559626464768,71.35833685096154,0.0
1,1,4626,4561038202368,71.38043060096155,0.0
1,1,4627,4561417571328,71.38636774038461,0.0
1,0,2314,4562155776866,71.39792068662986,nan
1,1,4628,4562549351936,71.4040801522436,0.0
1,1,4629,4563278255616,71.41548752403847,0.0
1,1,4630,4564351119872,71.4322778926282,0.0
1,1,4631,4565074574336,71.44359998397437,0.0
1,0,2316,4565474038274,71.44985161060822,nan
1,1,4632,4565867907072,71.45601567307692,0.0
1,1,4633,4566591361024,71.46733775641026,0.0
1,1,4634,4567658774016,71.48404281250001,0.0
1,1,4635,4568037928960,71.4899766025641,0.0
1,0,2318,4568779616485,71.5015840420454,nan
1,1,4636,4569174985728,71.50777158653847,0.0
1,1,4637,4569903606784,71.51917453525641,0.0
1,1,4638,4570976636416,71.53596749198718,0.0
1,1,4639,4571700294656,71.5472927724359,0.0
1,0,2320,4572097647497,71.55351136031713,nan
1,1,4640,4572838204928,71.56510111378205,0.0
1,1,4641,4573217624064,71.57103903846154,0.0
1,1,4642,4574285366272,71.58774924679487,0.0
1,1,4643,4575008731648,71.59906994391027,0.0
1,0,2322,4575409401942,71.60534045006385,nan
1,1,4644,4575802051584,71.6114854326923,0.0
1,1,4645,4576525469696,71.62280695512821,0.0
1,1,4646,4577598330880,71.63959727564102,0.0
1,1,4647,4577977713664,71.64553463141026,0.0
1,0,2324,4578715803434,71.65708576588166,nan
1,1,4648,4579110061056,71.66325591346154,0.0
1,1,4649,4579833676288,71.67458052083333,0.0
1,1,4650,4580901291520,71.69128874198718,0.0
1,1,4651,4581624734208,71.70261064903846,0.0
1,0,2326,4582022337037,71.70883314924191,nan
1,1,4652,4582762234368,71.72041257211539,0.0
1,1,4653,4583141575680,71.72634927884616,0.0
1,1,4654,4584209307136,71.74305931891026,0.0
1,1,4655,4584932903936,71.75438363782051,0.0
1,0,2328,4585328531187,71.76057522014912,nan
1,1,4656,4586065228800,71.7721045673077,0.0
1,1,4657,4586444783616,71.77804461538462,0.0
1,1,4658,4587512909312,71.79476082532051,0.0
1,1,4659,4588236681216,71.80608788461538,0.0
1,0,2330,4588634282977,71.81231036810459,nan
1,1,4660,4589374663680,71.82389735576923,0.0
1,1,4661,4590098346496,71.83522302083334,0.0
1,1,4662,4591187349504,71.85226596153846,0.0
1,1,4663,4591911051776,71.86359193108974,0.0
1,1,4664,4592979271680,71.88030961538462,0.0
1,1,4665,4593702995968,71.89163592948718,0.0
1,0,2333,4594101889644,71.8978786314979,nan
1,1,4666,4594840922624,71.9094445272436,0.0
1,1,4667,4595220355072,71.91538266025641,0.0
1,1,4668,4596288093696,71.9320928125,0.0
1,1,4669,4597011776512,71.94341847756411,0.0
1,0,2335,4597408288079,71.94962389947354,nan
1,1,4670,4597805231616,71.95583608173077,0.0
1,1,4671,4598528870912,71.96716106570513,0.0
1,1,4672,4599596772864,71.98387377403846,0.0
1,1,4673,4600320631808,71.99520219551282,0.0
1,0,2337,4601060733481,72.00678481634678,nan
1,1,4674,4601458500096,72.0130098798077,0.0
1,1,4675,4602182225920,72.02433621794871,0.0
1,1,4676,4603594588672,72.04643975160256,0.0
1,1,4677,4604318383616,72.05776717147437,0.0
1,0,2339,4604714119414,72.06396045256785,nan
1,1,4678,4605111956992,72.07018662660256,0.0
1,1,4679,4605835740672,72.08151387019231,0.0
1,1,4680,4606903667200,72.09822696314103,0.0
1,1,4681,4607627277824,72.10955149839744,0.0
1,0,2341,4608026290116,72.11579605675331,nan
1,1,4682,4608765328384,72.12736203525641,0.0
1,1,4683,4609144865792,72.13330181089744,0.0
1,1,4684,4610557237760,72.15540548878205,0.0
1,1,4685,4611280983552,72.16673213942308,0.0
1,0,2343,4612021992602,72.17832896074344,nan
1,1,4686,4612419125248,72.1845441025641,0.0
1,1,4687,4613142993920,72.19587267628205,0.0
1,1,4688,4614211177984,72.21258979967949,0.0
1,1,4689,4614590612480,72.21852796474359,0.0
1,0,2345,4615327878024,72.23006620004507,nan
1,1,4690,4615722891264,72.23624817307693,0.0
1,1,4691,4616446360064,72.24757048878206,0.0
1,1,4692,4617514165760,72.26428169070513,0.0
1,1,4693,4617893451264,72.27021752403846,0.0
1,0,2347,4618634897001,72.28182117952787,nan
1,1,4694,4619030974464,72.28801980769231,0.0
1,1,4695,4619754483712,72.29934275641025,0.0
1,1,4696,4621166701056,72.32144401442308,0.0
1,1,4697,4621546264576,72.32738419871795,0.0
1,0,2349,4622288286531,72.33899687204215,nan
1,1,4698,4622684339200,72.3451951121795,0.0
1,1,4699,4623408011776,72.35652061698718,0.0
1,1,4700,4624476472832,72.37324207532052,0.0
1,1,4701,4625200508928,72.38457326923077,0.0
1,0,2351,4625600200723,72.39082846183581,nan
1,1,4702,4625994146304,72.39699372596154,0.0
1,1,4703,4626717902336,72.40832053685898,0.0
1,1,4704,4627785779712,72.42503286057692,0.0
1,1,4705,4628165080064,72.43096892628205,0.0
1,0,2353,4628906624251,72.44257412251791,nan
1,1,4706,4629302386688,72.44876782051283,0.0
1,1,4707,4630025984000,72.4600921474359,0.0
1,1,4708,4631093861888,72.47680447916667,0.0
1,1,4709,4631817439744,72.48812850160256,0.0
1,0,2355,4632217548244,72.49439021565756,nan
1,1,4710,4632955111424,72.50593310897436,0.0
1,1,4711,4633334711296,72.51187386217948,0.0
1,1,4712,4634402715648,72.52858817307693,0.0
1,1,4713,4634782174720,72.53452672275641,0.0
1,0,2357,4635523448516,72.54612768736229,nan
1,1,4714,4635920040448,72.55233436698718,0.0
1,1,4715,4636643920384,72.56366311698719,0.0
1,1,4716,4637711996416,72.5803785496795,0.0
1,1,4717,4638091375104,72.58631584134615,0.0
1,0,2359,4638487803816,72.59251996657152,nan
1,1,4718,4639228928512,72.60411859775641,0.0
1,1,4719,4639952726016,72.61544605769231,0.0
1,1,4720,4641020560896,72.63215771634616,0.0
1,1,4721,4641744396288,72.64348576923076,0.0
1,0,2361,4642139738758,72.64967289472531,nan
1,1,4722,4642876634112,72.66120533653846,0.0
1,1,4723,4643256010240,72.66714258814103,0.0
1,1,4724,4644668145664,72.68924256410257,0.0
1,1,4725,4645047588864,72.69518086538461,0.0
1,0,2363,4645786580866,72.70674611982297,nan
1,1,4726,4646179884544,72.71290133814102,0.0
1,1,4727,4646903579136,72.7242271875,0.0
1,1,4728,4647970994176,72.74093227564103,0.0
1,1,4729,4648350246912,72.74686759615385,0.0
1,0,2365,4649087637134,72.75840778267103,nan
1,1,4730,4649826360320,72.7699688301282,0.0
1,1,4731,4650549889536,72.78129209134616,0.0
1,1,4732,4651967396864,72.80347613782051,0.0
1,1,4733,4652346930688,72.8094158573718,0.0
1,0,2367,4653088531792,72.82102194436098,nan
1,1,4734,4653485051904,72.8272275,0.0
1,1,4735,4654208722944,72.83855298076924,0.0
1,1,4736,4655276785664,72.85526820512821,0.0
1,1,4737,4655656231936,72.86120655448718,0.0
1,0,2369,4656396262457,72.87278806178949,nan
1,1,4738,4656793851904,72.87901035256411,0.0
1,1,4739,4657517421056,72.89033423878206,0.0
1,1,4740,4658585396224,72.90704809294871,0.0
1,1,4741,4658964743680,72.91298489583333,0.0
1,0,2371,4659703242011,72.92454242430075,nan
1,1,4742,4660096871424,72.93070274038462,0.0
1,1,4743,4661164652544,72.94741355769231,0.0
1,0,2372,4661538896978,72.95327049807818,nan
1,1,4744,4662280439296,72.9648756650641,0.0
1,1,4745,4663004126208,72.97620139423077,0.0
1,1,4746,4664071818752,72.99291082532052,0.0
1,1,4747,4664451355136,72.9988505849359,0.0
1,0,2374,4665193829155,73.01047033307981,nan
1,1,4748,4665589106176,73.01665643429487,0.0
1,1,4749,4666312724480,73.02798108974359,0.0
1,1,4750,4667380799488,73.04469650641026,0.0
1,1,4751,4667760193024,73.05063403044872,0.0
1,0,2376,4668160330252,73.05689619409806,nan
1,1,4752,4668897522176,73.06843327724359,0.0
1,1,4753,4669276807168,73.0743691025641,0.0
1,1,4754,4670693995008,73.09654814903847,0.0
1,1,4755,4671422928896,73.10795599358974,0.0
1,0,2378,4671819543229,73.11416302379119,nan
1,1,4756,4672216136704,73.12036972756411,0.0
1,1,4757,4672939623936,73.13169233173078,0.0
1,1,4758,4674007204864,73.14840001602565,0.0
1,1,4759,4674386521088,73.1543363301282,0.0
1,0,2380,4675126100900,73.16591078381661,nan
1,1,4760,4675518628352,73.17205385416666,0.0
1,1,4761,4676242351104,73.18338014423077,0.0
1,1,4762,4677310076416,73.20009008814102,0.0
1,1,4763,4677689462272,73.20602749198719,0.0
1,0,2382,4678089973916,73.21229551526191,nan
1,1,4764,4678827308032,73.22383482371795,0.0
1,1,4765,4679206776832,73.22977352564102,0.0
1,1,4766,4680618964480,73.25187431891025,0.0
1,1,4767,4681342566400,73.26319871794873,0.0
1,0,2384,4681742294388,73.26945447697567,nan
1,1,4768,4682480210432,73.28100289262821,0.0
1,1,4769,4682859510784,73.28693895833334,0.0
1,1,4770,4683927421952,73.30365181089743,0.0
1,1,4771,4684651011072,73.31497600961539,0.0
1,0,2386,4685047814257,73.3211859953582,nan
1,1,4772,4685788894208,73.33278392628205,0.0
1,1,4773,4686168360960,73.33872259615384,0.0
1,1,4774,4687236210688,73.3554344871795,0.0
1,1,4775,4687615706112,73.36137360576923,0.0
1,0,2388,4688355173716,73.37294630339794,nan
1,1,4776,4688747741696,73.37909000801282,0.0
1,1,4777,4689471388160,73.39041510416666,0.0
1,1,4778,4690539441664,73.40713018429487,0.0
1,1,4779,4691607202816,73.42384068910256,0.0
1,0,2390,4692007580723,73.4301066193879,nan
1,1,4780,4692749803008,73.44172242788461,0.0
1,1,4781,4693129055232,73.44765774038461,0.0
1,1,4782,4694196426240,73.46436213942307,0.0
1,1,4783,4694575685632,73.47029756410257,0.0
1,0,2392,4695313213726,73.48183990832207,nan
1,1,4784,4695707542528,73.4880111698718,0.0
1,1,4785,4696436415488,73.49941806089744,0.0
1,1,4786,4697509269504,73.51620826923077,0.0
1,1,4787,4697888546304,73.52214396634615,0.0
1,0,2394,4698630344669,73.5337531404779,nan
1,1,4788,4699026149376,73.5399475,0.0
1,1,4789,4699754840064,73.55135153846155,0.0
1,1,4790,4700827649024,73.56814104166666,0.0
1,1,4791,4701206828032,73.57407520833334,0.0
1,0,2396,4701948209792,73.58567786258013,nan
1,1,4792,4702344230912,73.59187560897436,0.0
1,1,4793,4702723507200,73.59781129807692,0.0
1,1,4794,4703791074304,73.61451876602564,0.0
1,1,4795,4704514500096,73.62584040865384,0.0
1,0,2398,4704913402717,73.63208325065418,nan
1,1,4796,4705651918336,73.64364104967949,0.0
1,1,4797,4706031266816,73.64957786858974,0.0
1,1,4798,4707098761728,73.66628420673077,0.0
1,1,4799,4707822111232,73.67760465544872,0.0
1,0,2400,4708219375691,73.68382186014811,nan
1,1,4800,4708959255040,73.69540100160256,0.0
1,1,4801,4709682738688,73.7067235496795,0.0
1,1,4802,4711094401536,73.7288161298077,0.0
1,1,4803,4711473559040,73.7347499599359,0.0
1,0,2402,4712214087471,73.74633925954966,nan
1,1,4804,4712610809344,73.75254797275642,0.0
1,1,4805,4712990090752,73.75848374198718,0.0
1,1,4806,4714062846976,73.7752724198718,0.0
1,1,4807,4714791547392,73.78667661057692,0.0
1,0,2404,4715190733771,73.79292389340132,nan
1,1,4808,4715928726528,73.80447350961539,0.0
1,1,4809,4716308010496,73.81040931891026,0.0
1,1,4810,4717380805632,73.82719860576923,0.0
1,1,4811,4717759858688,73.83313080128205,0.0
1,0,2406,4718497312445,73.84467198212452,nan
1,1,4812,4718891623936,73.85084297275641,0.0
1,1,4813,4719615114752,73.86216563301282,0.0
1,1,4814,4721026988544,73.88426151442307,0.0
1,1,4815,4721750525952,73.89558490384616,0.0
1,0,2408,4722150806429,73.90184930934808,nan
1,1,4816,4722893451264,73.91347173076923,0.0
1,1,4817,4723272847872,73.91940930288462,0.0
1,1,4818,4724340392960,73.93611642628206,0.0
1,1,4819,4725063846912,73.94743850961538,0.0
1,0,2410,4725462950496,73.95368449669472,nan
1,1,4820,4726201339392,73.9652403125,0.0
1,1,4821,4726580677120,73.97117696314103,0.0
1,1,4822,4727648328192,73.98788574519232,0.0
1,1,4823,4728371935744,73.9992102323718,0.0
1,0,2412,4728769269587,74.00542852293357,nan
1,1,4824,4729509623808,74.01701509615386,0.0
1,1,4825,4730238445568,74.02842118589744,0.0
1,1,4826,4731306095616,74.04512995192307,0.0
1,1,4827,4731685399552,74.05106607371795,0.0
1,0,2414,4732422195250,74.0625969559107,nan
1,1,4828,4732817588224,74.06878487179488,0.0
1,1,4829,4733541035008,74.08010684294872,0.0
1,1,4830,4734608940544,74.0968196073718,0.0
1,1,4831,4734988326912,74.10275701923076,0.0
1,0,2416,4735386713364,74.10899178316556,nan
1,1,4832,4736125825536,74.12055891826924,0.0
1,1,4833,4736505089536,74.1264944150641,0.0
1,1,4834,4737578007040,74.14328561698719,0.0
1,1,4835,4738301527552,74.15460874198718,0.0
1,0,2418,4738697800684,74.16081043237931,nan
1,1,4836,4739439235072,74.17241391025641,0.0
1,1,4837,4739818726912,74.17835297275641,0.0
1,1,4838,4741230595584,74.20044877403846,0.0
1,1,4839,4741609879040,74.20638457532051,0.0
1,0,2420,4742349979856,74.21796718274238,nan
1,1,4840,4742747464192,74.22418782852564,0.0
1,1,4841,4743470908928,74.2355097676282,0.0
1,1,4842,4744538670592,74.25222028044873,0.0
1,1,4843,4744917992960,74.25815669070514,0.0
1,0,2422,4745657166266,74.26972478255834,nan
1,1,4844,4746049929728,74.27587154647436,0.0
1,1,4845,4746778731008,74.28727731570513,0.0
1,1,4846,4747851776512,74.30407052083333,0.0
1,1,4847,4748231092224,74.31000682692309,0.0
1,0,2424,4748628289152,74.31622297475961,nan
1,1,4848,4749373632512,74.32788762820513,0.0
1,1,4849,4750441185280,74.34459487179487,0.0
1,1,4850,4751514169856,74.36138712339744,0.0
1,1,4851,4751893499392,74.36732364583334,0.0
1,0,2426,4752292656417,74.37357046926645,nan
1,1,4852,4753031532544,74.38513391025641,0.0
1,1,4853,4753410915840,74.39107127403847,0.0
1,1,4854,4754478765056,74.40778315705128,0.0
1,1,4855,4755202188800,74.41910476762821,0.0
1,0,2428,4755599702042,74.42532586579152,nan
1,1,4856,4756339725312,74.43690725961538,0.0
1,1,4857,4756718980096,74.44284261217949,0.0
1,1,4858,4757792114176,74.45963720352565,0.0
1,1,4859,4758171579904,74.4655758573718,0.0
1,0,2430,4758912136413,74.47716559640737,nan
1,1,4860,4759653318144,74.48876512019231,0.0
1,1,4861,4760376606208,74.5000846073718,0.0
1,1,4862,4761449320960,74.51687263621795,0.0
1,1,4863,4762178022400,74.52827684294871,0.0
1,0,2432,4762918323595,74.53986258630998,nan
1,1,4864,4763314963456,74.54607001602564,0.0
1,1,4865,4764038252032,74.55738951121795,0.0
1,1,4866,4765111124480,74.57418000801282,0.0
1,1,4867,4765490272768,74.58011369391026,0.0
1,0,2434,4766231134806,74.59170821448693,nan
1,1,4868,4766627503104,74.59791139423078,0.0
1,1,4869,4767006824960,74.60384779647435,0.0
1,1,4870,4768079543296,74.62063588141025,0.0
1,1,4871,4768808248320,74.63204014423077,0.0
1,0,2436,4769548986117,74.64363272043082,nan
1,1,4872,4770294738432,74.65530377403846,0.0
1,1,4873,4771023442944,74.66670802884616,0.0
1,1,4874,4772096459776,74.68350078525641,0.0
1,1,4875,4772819888128,74.69482246794873,0.0
1,0,2438,4773218793862,74.70106535866762,nan
1,1,4876,4773957681152,74.71262897435898,0.0
1,1,4877,4774337078784,74.7185665625,0.0
1,1,4878,4775404752896,74.7352757051282,0.0
1,1,4879,4775784112128,74.7412126923077,0.0
1,0,2440,4776523641475,74.75278635621683,nan
1,1,4880,4776921081856,74.75900631410256,0.0
1,1,4881,4777644638208,74.77033,0.0
1,1,4882,4778712519680,74.78704238782052,0.0
1,1,4883,4779091971584,74.79298082532051,0.0
1,0,2442,4779828564359,74.80450853176019,nan
1,1,4884,4780568241664,74.81608451121795,0.0
1,1,4885,4780947559936,74.8220208573718,0.0
1,1,4886,4782364435968,74.84419502403847,0.0
1,1,4887,4782743775232,74.85013169871795,0.0
1,0,2444,4783481986657,74.86168473709498,nan
1,1,4888,4783875612672,74.867845,0.0
1,1,4889,4784604257792,74.87924832532052,0.0
1,1,4890,4785671796224,74.89595534455128,0.0
1,1,4891,4786051167232,74.90189251602564,0.0
1,0,2446,4786789723979,74.91345095870581,nan
1,1,4892,4787183108096,74.91960743589743,0.0
1,1,4893,4787906750976,74.93093247596154,0.0
1,1,4894,4788974280704,74.94763935897436,0.0
1,1,4895,4789353597952,74.95357568910256,0.0
1,0,2448,4790091014237,74.96511628350673,nan
1,1,4896,4790834834432,74.97675709935898,0.0
1,1,4897,4791563542528,74.98816141025641,0.0
1,1,4898,4793324014592,75.01571286858974,0.0
1,1,4899,4794052659200,75.02711618589744,0.0
1,0,2450,4794792393425,75.03869305615548,nan
1,1,4900,4795189760000,75.04491185897436,0.0
1,1,4901,4795918161408,75.0563113701923,0.0
1,1,4902,4796990632448,75.0730955849359,0.0
1,1,4903,4797369793024,75.07902946314103,0.0
1,0,2452,4798112121722,75.09064693700546,nan
1,1,4904,4798506764800,75.09682311698718,0.0
1,1,4905,4799235133952,75.10822212339744,0.0
1,1,4906,4800652027392,75.1303965625,0.0
1,1,4907,4801380695040,75.14180024038461,0.0
1,0,2454,4801776936979,75.14800144260505,nan
1,1,4908,4802518080000,75.15960036057693,0.0
1,1,4909,4802897363968,75.1655361698718,0.0
1,1,4910,4803964749312,75.18224079326923,0.0
1,1,4911,4804693408768,75.19364434294872,0.0
1,0,2456,4805089879772,75.19984913004558,nan
1,1,4912,4805835658240,75.21152059294872,0.0
1,1,4913,4806214935552,75.21745629807693,0.0
1,1,4914,4807287654912,75.23424439903846,0.0
1,1,4915,4808016464384,75.24565029647437,0.0
1,0,2458,4808414336360,75.25187700883914,nan
1,1,4916,4809153847296,75.26345038461538,0.0
1,1,4917,4809877345792,75.2747731650641,0.0
1,1,4918,4811288878080,75.29686370192307,0.0
1,1,4919,4811668205568,75.3028001923077,0.0
1,0,2460,4812409866324,75.31440721285307,nan
1,1,4920,4812805681664,75.32060173878206,0.0
1,1,4921,4813190390272,75.32662244391025,0.0
1,1,4922,4814601950720,75.34871342147436,0.0
1,1,4923,4814981360640,75.35465120192308,0.0
1,0,2462,4815380693267,75.36090077353454,nan
1,1,4924,4816119114240,75.37245709134615,0.0
1,1,4925,4816498424832,75.3783933173077,0.0
1,1,4926,4817566051328,75.39510171474359,0.0
1,1,4927,4818289506816,75.40642382211539,0.0
1,0,2464,4818687815689,75.41265737193572,nan
1,1,4928,4819432102912,75.42430549679487,0.0
1,1,4929,4819811274752,75.43023955128206,0.0
1,1,4930,4820878651904,75.44694404647436,0.0
1,1,4931,4821607308288,75.45834754807693,0.0
1,0,2466,4822005655734,75.46458170156626,nan
1,1,4932,4822744541184,75.47614528846154,0.0
1,1,4933,4823123640320,75.4820782051282,0.0
1,1,4934,4824196257792,75.49886471153846,0.0
1,1,4935,4824919532032,75.5101839823718,0.0
1,0,2468,4825318989195,75.51643550297663,nan
1,1,4936,4825712529408,75.52259442307692,0.0
1,1,4937,4826441278976,75.53399938301283,0.0
1,1,4938,4827514290688,75.55079205929488,0.0
1,1,4939,4827893578752,75.55672793269231,0.0
1,0,2470,4828637125176,75.56836446401744,nan
1,1,4940,4829030747136,75.57452466346155,0.0
1,1,4941,4829410010112,75.58046014423077,0.0
1,1,4942,4830827100160,75.6026376602564,0.0
1,1,4943,4831206372864,75.60857329326923,0.0
1,0,2472,4831943406377,75.62010789727627,nan
1,1,4944,4832338332672,75.62628850961539,0.0
1,1,4945,4832717672960,75.63222520032052,0.0
1,1,4946,4833790505472,75.64901507211539,0.0
1,1,4947,4834514040320,75.66033842147436,0.0
1,0,2474,4834914195444,75.66660086519681,nan
1,1,4948,4835651446272,75.67813887019231,0.0
1,1,4949,4836030845952,75.68407649038461,0.0
1,1,4950,4837098516992,75.7007855849359,0.0
1,1,4951,4837822038528,75.71210872596154,0.0
1,0,2476,4838220966628,75.71835196670924,nan
1,1,4952,4838615453184,75.72452569711538,0.0
1,1,4953,4839338962432,75.73584864583333,0.0
1,1,4954,4840411796480,75.75263854166667,0.0
1,1,4955,4841479421440,75.7693469150641,0.0
1,0,2478,4841879069096,75.77560141689203,nan
1,1,4956,4842617074688,75.78715123397436,0.0
1,1,4957,4842996488704,75.79308907852564,0.0
1,1,4958,4844064258048,75.80979971153846,0.0
1,1,4959,4844788064768,75.82112731570513,0.0
1,0,2480,4845527864484,75.83270521089995,nan
1,1,4960,4845925620224,75.83893010416666,0.0
1,1,4961,4846649085952,75.85025237179488,0.0
1,1,4962,4847722052096,75.8670443349359,0.0
1,1,4963,4848101425152,75.87298153846154,0.0
1,0,2482,4848846405459,75.88464051011306,nan
1,1,4964,4849239055360,75.89078549679488,0.0
1,1,4965,4849618393600,75.89672215544871,0.0
1,1,4966,4851035344896,75.9188975,0.0
1,1,4967,4851764176384,75.93030374198719,0.0
1,0,2484,4852505214994,75.94190102592273,nan
1,1,4968,4852901766144,75.94810706730769,0.0
1,1,4969,4853625921536,75.95944012820513,0.0
1,1,4970,4854694171136,75.9761582772436,0.0
1,1,4971,4855417665024,75.98748098557692,0.0
1,0,2486,4855816915679,75.9937292743233,nan
1,1,4972,4856211190272,75.9998996875,0.0
1,1,4973,4856934958080,76.01122668269231,0.0
1,1,4974,4858002772992,76.02793802884615,0.0
1,1,4975,4858382163456,76.0338755048077,0.0
1,0,2488,4859124091869,76.04548671419585,nan
1,1,4976,4859863950848,76.05706553685897,0.0
1,1,4977,4860931887616,76.07377879006411,0.0
1,1,4978,4862344079360,76.0958796474359,0.0
1,1,4979,4862723569664,76.10181868589744,0.0
1,0,2490,4863461432526,76.11336626924955,nan
1,1,4980,4863855896576,76.1195396474359,0.0
1,1,4981,4864235373056,76.12547846955128,0.0
1,1,4982,4865303285248,76.14219133814103,0.0
1,1,4983,4866026767872,76.15351387019231,0.0
1,0,2492,4866427112887,76.15977928571652,nan
1,1,4984,4867164174336,76.17131432692308,0.0
1,1,4985,4867543478272,76.17725044871796,0.0
1,1,4986,4868611238912,76.19396094551283,0.0
1,1,4987,4869334633472,76.20528209935898,0.0
1,0,2494,4869732568246,76.21150979451498,nan
1,1,4988,4870471961600,76.22308133012821,0.0
1,1,4989,4871200729088,76.23448657051283,0.0
1,1,4990,4872268385792,76.25119544070513,0.0
1,1,4991,4872997212160,76.2626016025641,0.0
1,0,2496,4873395810652,76.2688396849334,nan
1,1,4992,4874140049920,76.28048705929487,0.0
1,1,4993,4874519284736,76.28642209935897,0.0
1,1,4994,4875592157696,76.30321260416667,0.0
1,1,4995,4876320865280,76.31461690705129,0.0
1,0,2498,4876718129666,76.32083411060823,nan
1,1,4996,4877114198528,76.32703260416667,0.0
1,1,4997,4877842792448,76.33843512820513,0.0
1,1,4998,4878915316224,76.35522016826923,0.0
1,1,4999,4879643939840,76.36662315705128,0.0
1,0,2500,4880381025454,76.37815857644105,nan
1,1,5000,4881120084992,76.38972488782052,0.0
1,1,5001,4881499347456,76.39566036057693,0.0
1,1,5002,4882910898176,76.41775118589744,0.0
1,1,5003,4883290004992,76.4236842227564,0.0
1,0,2502,4883685423534,76.4298725387808,nan
1,1,5004,4884432360448,76.44156213141027,0.0
1,1,5005,4884811464192,76.44749512019231,0.0
1,1,5006,4885884157440,76.4642828125,0.0
1,1,5007,4886613021184,76.47568955929488,0.0
1,0,2504,4887013380134,76.48195519290239,nan
1,1,5008,4887755752448,76.49357334935898,0.0
1,1,5009,4888135055360,76.4995094551282,0.0
1,1,5010,4889202634752,76.51621711538462,0.0
1,1,5011,4889926290944,76.52754236378205,0.0
1,0,2506,4890665129246,76.53910521280925,nan
1,1,5012,4891402897920,76.55065132211539,0.0
1,1,5013,4892470629888,76.56736137019232,0.0
1,1,5014,4893543711744,76.58415514423078,0.0
1,1,5015,4894267243520,76.59547844551282,0.0
1,0,2508,4894663612919,76.60168164248736,nan
1,1,5016,4895060613632,76.60789471955128,0.0
1,1,5017,4895784316416,76.61922069711538,0.0
1,1,5018,4896852054016,76.63593083333333,0.0
1,1,5019,4897231320576,76.6418663701923,0.0
1,0,2510,4897968644343,76.65340551668608,nan
1,1,5020,4898363203584,76.65958038461538,0.0
1,1,5021,4899086663168,76.67090255608974,0.0
1,1,5022,4900503497728,76.69307607371795,0.0
1,1,5023,4901226967552,76.70439840544871,0.0
1,0,2512,4901626563007,76.7106520903289,nan
1,1,5024,4902364608000,76.72220252403847,0.0
1,1,5025,4902743981056,76.7281397275641,0.0
1,1,5026,4903811787776,76.74485094551282,0.0
1,1,5027,4904535339008,76.75617455128206,0.0
1,0,2514,4904932827333,76.76239525949332,nan
1,1,5028,4905672991744,76.77397886217949,0.0
1,1,5029,4906052257792,76.77991439102564,0.0
1,1,5030,4907125088768,76.79670423878206,0.0
1,1,5031,4907848578560,76.80802688301283,0.0
1,0,2516,4908245719953,76.81424216172438,nan
1,1,5032,4908641864704,76.82044184294872,0.0
1,1,5033,4909365288960,76.83176346153846,0.0
1,1,5034,4910782440960,76.85394194711539,0.0
1,1,5035,4911161721344,76.85987770032051,0.0
1,0,2518,4911562291789,76.86614664383326,nan
1,1,5036,4912299283968,76.87768060096154,0.0
1,1,5037,4912678588416,76.88361673076923,0.0
1,1,5038,4913746433536,76.90032854967949,0.0
1,1,5039,4914475252224,76.91173459134616,0.0
1,0,2520,4914874060577,76.9179759580485,nan
1,1,5040,4915612705280,76.92953577724359,0.0
1,1,5041,4915992053248,76.93547258814102,0.0
1,1,5042,4917059721216,76.95218163461539,0.0
1,1,5043,4917788480000,76.96358673878206,0.0
1,0,2522,4918185491454,76.96979998394306,nan
1,1,5044,4918925956608,76.98138829326923,0.0
1,1,5045,4919649337856,76.99270923878206,0.0
1,0,2523,4920708081972,77.00927862661509,nan
1,1,5046,4921103393792,77.0154652724359,0.0
1,1,5047,4921826952704,77.02678899839744,0.0
1,1,5048,4923238856704,77.0488853525641,0.0
1,1,5049,4923618262528,77.05482306891025,0.0
1,0,2525,4924359912998,77.06642992847932,nan
1,1,5050,4924755909632,77.07262729166666,0.0
1,1,5051,4925479477248,77.08395115384616,0.0
1,1,5052,4926552625152,77.10074596153846,0.0
1,1,5053,4926932140544,77.10668539262821,0.0
1,0,2527,4927671329542,77.11825373006185,nan
1,1,5054,4928064268800,77.12440324519231,0.0
1,1,5055,4928443702784,77.13034140224359,0.0
1,1,5056,4929855329792,77.15243342147436,0.0
1,1,5057,4930578820608,77.16375608173077,0.0
1,0,2529,4930976864254,77.16998548073794,nan
1,1,5058,4931716345856,77.1815583974359,0.0
1,1,5059,4932445216256,77.19296524839744,0.0
1,1,5060,4933518247936,77.20975823717949,0.0
1,1,5061,4933902886912,77.2157778525641,0.0
1,0,2531,4934640413348,77.22732017083584,nan
1,1,5062,4935034894336,77.23349381410257,0.0
1,1,5063,4935758479872,77.24481795673077,0.0
1,1,5064,4936825912832,77.26152332532051,0.0
1,1,5065,4937205215744,77.26745943108975,0.0
1,0,2533,4937946783646,77.2790649984663,nan
1,1,5066,4938342853120,77.28526350160257,0.0
1,1,5067,4939066360320,77.29658641826923,0.0
1,1,5068,4940483642880,77.31876694711539,0.0
1,1,5069,4941212321280,77.33017079326923,0.0
1,0,2535,4941610511425,77.33640248499161,nan
1,1,5070,4942355028992,77.3480542147436,0.0
1,1,5071,4942734375936,77.35399100961538,0.0
1,1,5072,4943801881088,77.37069750801282,0.0
1,1,5073,4944530576896,77.38210162660256,0.0
1,0,2537,4944927654647,77.38831590931429,nan
1,1,5074,4945324002816,77.39451877403846,0.0
1,1,5075,4946047769600,77.40584575320513,0.0
1,1,5076,4947115504640,77.42255584935897,0.0
1,1,5077,4947494801408,77.42849185897437,0.0
1,0,2539,4948234095608,77.44006184282352,nan
1,1,5078,4948626845696,77.4462083974359,0.0
1,1,5079,4949700080128,77.46300455929487,0.0
1,1,5080,4950767816192,77.47971467147435,0.0
1,1,5081,4951491357696,77.491038125,0.0
1,0,2541,4951891782853,77.49730479474972,nan
1,1,5082,4952629152768,77.50884466346155,0.0
1,1,5083,4953008567808,77.51478252403847,0.0
1,1,5084,4954076183040,77.53149074519231,0.0
1,1,5085,4954799595520,77.54281217948719,0.0
1,0,2543,4955197680068,77.54904221861229,nan
1,1,5086,4955936954368,77.56061189102564,0.0
1,1,5087,4956316333568,77.56654919070513,0.0
1,1,5088,4957383782912,77.58325481570513,0.0
1,1,5089,4958107292672,77.5945777724359,0.0
1,0,2545,4958502601923,77.60076437805176,nan
1,1,5090,4959239361536,77.61229469551282,0.0
1,1,5091,4959962839552,77.62361715544873,0.0
1,1,5092,4961379777024,77.64579228365385,0.0
1,1,5093,4961759130624,77.6517291826923,0.0
1,0,2547,4962496536001,77.66326960638584,nan
1,1,5094,4962891229696,77.66944657852564,0.0
1,1,5095,4963614896128,77.68077198717948,0.0
1,1,5096,4964682398720,77.69747844551283,0.0
1,1,5097,4965061641216,77.70341360576923,0.0
1,0,2549,4965802741443,77.7150118540133,nan
1,1,5098,4966199125504,77.72121528044872,0.0
1,1,5099,4966922584576,77.73253744391026,0.0
1,1,5100,4967990238208,77.74924626602564,0.0
1,1,5101,4968369608704,77.75518342948718,0.0
1,0,2551,4969108107721,77.76674096869053,nan
1,1,5102,4970539478016,77.78914197115385,0.0
1,1,5103,4971268392448,77.80054951121795,0.0
1,1,5104,4972336185856,77.81726052083333,0.0
1,1,5105,4973059753472,77.82858438301282,0.0
1,0,2553,4973459898479,77.83484666840383,nan
1,1,5106,4974197344768,77.8463877323718,0.0
1,1,5107,4974576723456,77.85232502403846,0.0
1,1,5108,4975649828864,77.86911916666666,0.0
1,1,5109,4976373316096,77.88044177083333,0.0
1,0,2555,4976771124558,77.88666748920147,nan
1,1,5110,4977166521344,77.89285546474359,0.0
1,1,5111,4977890018304,77.90417822115384,0.0
1,1,5112,4979301512704,77.9262681650641,0.0
1,1,5113,4980030325760,77.93767411858974,0.0
1,0,2557,4980769292342,77.94923897520408,nan
1,1,5114,4981162366464,77.95539060096154,0.0
1,1,5115,4981547086848,77.96141149038462,0.0
1,1,5116,4982614614528,77.97811834134616,0.0
1,1,5117,4983338091520,77.9894407852564,0.0
1,0,2559,4984074659126,78.00096809780024,nan
1,1,5118,4984470039552,78.00715581730769,0.0
1,1,5119,4984849375744,78.01309244391025,0.0
1,1,5120,4985917146112,78.02980309294873,0.0
1,1,5121,4986646002176,78.04120971955129,0.0
1,0,2561,4987044398099,78.0474446317076,nan
1,1,5122,4987783170560,78.05900645032051,0.0
1,1,5123,4988162482688,78.06494270032051,0.0
1,1,5124,4989578789376,78.08710795673078,0.0
1,1,5125,4990307155968,78.09850692307693,0.0
1,0,2563,4990702926047,78.10470074066944,nan
1,1,5126,4991449437184,78.1163836698718,0.0
1,1,5127,4991828681216,78.12231885416666,0.0
1,1,5128,4992901562880,78.13910949519232,0.0
1,1,5129,4993624776192,78.1504278125,0.0
1,0,2565,4994020946848,78.15662789913863,nan
1,1,5130,4994767233536,78.16830731570514,0.0
1,1,5131,4995146340352,78.1742403525641,0.0
1,1,5132,4996219065856,78.19102854967949,0.0
1,1,5133,4996942605824,78.20235197916666,0.0
1,0,2567,4997338768992,78.2085519486178,nan
1,1,5134,4998085250048,78.22023440705128,0.0
1,1,5135,4998464503296,78.22616973557693,0.0
1,1,5136,4999881717248,78.24834919070513,0.0
1,1,5137,5000610552832,78.25975549679488,0.0
1,0,2569,5001348715784,78.27130777656751,nan
1,1,5138,5001742484992,78.27747028044872,0.0
1,1,5139,5002465920512,78.28879207532052,0.0
1,1,5140,5003538786816,78.30558247596154,0.0
1,1,5141,5003917985792,78.31151695512821,0.0
1,0,2571,5004318504926,78.31778509562174,nan
1,1,5142,5005055409152,78.32931767628206,0.0
1,1,5143,5005434596352,78.33525197115385,0.0
1,1,5144,5006507259392,78.35203919070513,0.0
1,1,5145,5007235998208,78.36344398237179,0.0
1,0,2573,5007636453529,78.36971112418934,nan
1,1,5146,5008029144576,78.3758567548077,0.0
1,1,5147,5008752556032,78.38717817307692,0.0
1,1,5148,5009825468416,78.4039692948718,0.0
1,1,5149,5010554191872,78.41537384615386,0.0
1,0,2575,5010953470815,78.42162257760855,nan
1,1,5150,5011347441664,78.42778823717948,0.0
1,1,5151,5012070952448,78.4391112099359,0.0
1,1,5152,5013143590400,78.45589803685898,0.0
1,1,5153,5013522756608,78.46183200320513,0.0
1,0,2577,5014264528976,78.47344077048278,nan
1,1,5154,5014659853312,78.47962761217948,0.0
1,1,5155,5015388511744,78.49103114583333,0.0
1,1,5156,5016117288448,78.50243653044872,0.0
1,1,5157,5016846030848,78.51384137820513,0.0
1,0,2579,5017245202669,78.52008843319624,nan
1,1,5158,5017988766720,78.53172524038462,0.0
1,1,5159,5018717471232,78.5431294951923,0.0
1,1,5160,5019790440960,78.55992151442308,0.0
1,1,5161,5020519172608,78.57132619391025,0.0
1,0,2581,5020917883767,78.57756603952261,nan
1,1,5162,5021661915136,78.58921016025641,0.0
1,1,5163,5022041409536,78.59514926282051,0.0
1,1,5164,5023109053952,78.61185794070514,0.0
1,1,5165,5023832717312,78.62318330128205,0.0
1,0,2583,5024228763748,78.6293814438727,nan
1,1,5166,5024626054656,78.6355990625,0.0
1,1,5167,5025349631488,78.64692306891025,0.0
1,1,5168,5026417219584,78.66363086538462,0.0
1,1,5169,5026796654080,78.66956903044873,0.0
1,0,2585,5027192842602,78.67576939669095,nan
1,1,5170,5027934138368,78.6873707051282,0.0
1,1,5171,5028657629184,78.69869336538461,0.0
1,1,5172,5030069395456,78.72078756410257,0.0
1,1,5173,5030448575488,78.72672174679488,0.0
1,0,2587,5031187495015,78.73828586699658,nan
1,1,5174,5031580267520,78.7444327724359,0.0
1,1,5175,5032309033472,78.75583798878205,0.0
1,1,5176,5033381947392,78.77262913461539,0.0
1,1,5177,5033761246208,78.77856517628206,0.0
1,0,2589,5034158769472,78.78478643129007,nan
1,1,5178,5034899009536,78.79637121794872,0.0
1,1,5179,5035278295552,78.80230705929488,0.0
1,1,5180,5036345863680,78.81901454326923,0.0
1,1,5181,5037069356544,78.83033723557692,0.0
1,0,2591,5037464858715,78.83652686039852,nan
1,1,5182,5037862537216,78.84275054487179,0.0
1,1,5183,5038585924608,78.85407158653847,0.0
1,1,5184,5039997569536,78.87616388621795,0.0
1,1,5185,5040376826368,78.88209927083334,0.0
1,0,2593,5041116975957,78.89368264155462,nan
1,1,5186,5041514197504,78.89989917467949,0.0
1,1,5187,5042237541888,78.91121954326923,0.0
1,1,5188,5043305077248,78.92792651442308,0.0
1,1,5189,5043684334592,78.93386190705128,0.0
1,0,2595,5044081721939,78.9400810349528,nan
1,1,5190,5044821733376,78.95166224358975,0.0
1,1,5191,5045201018368,78.95759806891026,0.0
1,1,5192,5046268746752,78.97430806089744,0.0
1,1,5193,5046992343552,78.9856323798077,0.0
1,0,2597,5047392389442,78.99189311401368,nan
1,1,5194,5047785587200,78.99804667467949,0.0
1,1,5195,5048509124096,79.00937005608975,0.0
1,1,5196,5049577032192,79.02608286057692,0.0
1,1,5197,5050300684800,79.03740805288462,0.0
1,0,2599,5050698145357,79.04362832652556,nan
1,1,5198,5051438279168,79.05521145032051,0.0
1,1,5199,5051817507840,79.06114639423078,0.0
1,1,5200,5052906337280,79.07818661858974,0.0
1,1,5201,5053285725696,79.0841240625,0.0
1,1,5202,5054353294336,79.10083155448719,0.0
1,1,5203,5055076829696,79.11215491185898,0.0
1,0,2602,5055473586469,79.11836417125213,nan
1,1,5204,5056214382592,79.12995766025641,0.0
1,1,5205,5056593820672,79.13589588141026,0.0
1,1,5206,5057661720576,79.1526085576923,0.0
1,1,5207,5058385403392,79.16393422275641,0.0
1,0,2604,5059124802090,79.17550584200346,nan
1,1,5208,5059517395968,79.18164995192308,0.0
1,1,5209,5060240723456,79.19297005608975,0.0
1,1,5210,5062001605120,79.22052792467949,0.0
1,1,5211,5062380933632,79.22646443108975,0.0
1,0,2606,5063122574111,79.23807113429926,nan
1,1,5212,5063518377472,79.24426547275641,0.0
1,1,5213,5064241896960,79.25558858173078,0.0
1,1,5214,5065309847552,79.27230205128205,0.0
1,1,5215,5065689434112,79.27824259615385,0.0
1,0,2608,5066426508861,79.28977784550594,nan
1,1,5216,5066821699584,79.29596259615384,0.0
1,1,5217,5067545217536,79.30728568108975,0.0
1,1,5218,5068957280768,79.32938452724359,0.0
1,1,5219,5069686125568,79.34079097756411,0.0
1,0,2610,5070083440413,79.34700897080641,nan
1,1,5220,5070823615488,79.35859274038462,0.0
1,1,5221,5071202908672,79.36452869391026,0.0
1,1,5222,5072270613504,79.38123831730769,0.0
1,1,5223,5072650025984,79.38717613782052,0.0
1,0,2612,5073387941931,79.398724551955,nan
1,1,5224,5073782117376,79.40489341346154,0.0
1,1,5225,5074506070016,79.41622330128206,0.0
1,1,5226,5075574059008,79.43293737179488,0.0
1,1,5227,5075953475072,79.43887524839744,0.0
1,0,2614,5076350131011,79.44508292973445,nan
1,1,5228,5077091014144,79.45667778044871,0.0
1,1,5229,5077470394368,79.46261509615385,0.0
1,1,5230,5078882729472,79.48471819711538,0.0
1,1,5231,5079606467584,79.49604472756411,0.0
1,0,2616,5080007015453,79.50231331776155,nan
1,1,5232,5080744253440,79.51385112179487,0.0
1,1,5233,5081123616256,79.5197881650641,0.0
1,1,5234,5082191052288,79.53649358173077,0.0
1,1,5235,5082919863296,79.54789950320513,0.0
1,0,2618,5083317039883,79.5541153327042,nan
1,1,5236,5083713113088,79.56031389423077,0.0
1,1,5237,5084436544512,79.571635625,0.0
1,1,5238,5085504156672,79.58834379807692,0.0
1,1,5239,5085883515392,79.5942807772436,0.0
1,0,2620,5086621735465,79.60583395096216,nan
1,1,5240,5087015228928,79.61199213942308,0.0
1,1,5241,5087744062464,79.62339841346154,0.0
1,1,5242,5088816829952,79.6401872676282,0.0
1,1,5243,5089540141568,79.65150712339744,0.0
1,0,2622,5089937634552,79.65772790452223,nan
1,1,5244,5090333361152,79.66392104166667,0.0
1,1,5245,5091056828928,79.67524334134616,0.0
1,1,5246,5092124547584,79.69195318108974,0.0
1,1,5247,5092503830528,79.69788897435897,0.0
1,0,2624,5093242312719,79.70944625023475,nan
1,1,5248,5093635854336,79.71560519230769,0.0
1,1,5249,5094359538176,79.72693087339744,0.0
1,1,5250,5095427267072,79.74364087339744,0.0
1,1,5251,5095806524928,79.74957627403846,0.0
1,0,2626,5096206181134,79.75583090967423,nan
1,1,5252,5096943898112,79.7673762099359,0.0
1,1,5253,5097323196416,79.77331224358974,0.0
1,1,5254,5099079293952,79.80079524038462,0.0
1,1,5255,5099458701312,79.80673298076923,0.0
1,0,2628,5099858501137,79.8129898640481,nan
1,1,5256,5100596283392,79.82453618589744,0.0
1,1,5257,5100975595520,79.83047243589743,0.0
1,1,5258,5102043288064,79.84718186698719,0.0
1,1,5259,5102766684672,79.85850305288461,0.0
1,0,2630,5103164524813,79.86472926703037,nan
1,1,5260,5103903918592,79.87630080929488,0.0
1,1,5261,5104283165184,79.88223603365385,0.0
1,1,5262,5105355947520,79.8990251201923,0.0
1,1,5263,5105735312896,79.90496220352564,0.0
1,0,2632,5106476324359,79.91655906260955,nan
1,1,5264,5107217296384,79.92815530448718,0.0
1,1,5265,5107940999680,79.93948129006411,0.0
1,0,2633,5108311190868,79.94527479698769,nan
1,1,5266,5109400483840,79.96232227564103,0.0
1,1,5267,5109785127424,79.96834196314103,0.0
1,1,5268,5111202137600,79.99051822916667,0.0
1,1,5269,5111581426688,79.99645411858974,0.0
1,0,2635,5111980834280,80.00270486340645,nan
1,1,5270,5112718845440,80.0142547676282,0.0
1,1,5271,5113098201088,80.02019169871795,0.0
1,1,5272,5114165665792,80.03689756410256,0.0
1,1,5273,5114889001984,80.04821780448718,0.0
1,0,2637,5115286392050,80.05443697494115,nan
1,1,5274,5115682086912,80.06062961538461,0.0
1,1,5275,5116410826240,80.07203441506411,0.0
1,1,5276,5117478419968,80.0887422996795,0.0
1,1,5277,5117857468928,80.09467443108974,0.0
1,0,2639,5118597554141,80.10625679432404,nan
1,1,5278,5118994473984,80.11246860576924,0.0
1,1,5279,5119723173376,80.12387278044872,0.0
1,1,5280,5120795553792,80.14065557692308,0.0
1,1,5281,5121180128256,80.14667418269231,0.0
1,0,2641,5121919749260,80.15824928103716,nan
1,1,5282,5122317006336,80.16446637019232,0.0
1,1,5283,5123045525504,80.17586772435898,0.0
1,1,5284,5124118000128,80.1926519951923,0.0
1,1,5285,5124497063424,80.19858435096154,0.0
1,0,2643,5125236965207,80.210163843509,nan
1,1,5286,5125634002432,80.21637749198719,0.0
1,1,5287,5126013277696,80.22231316506411,0.0
1,1,5288,5127086269440,80.23910552884615,0.0
1,1,5289,5127809803776,80.25042887019231,0.0
1,0,2645,5128549387333,80.26200338249011,nan
1,1,5290,5129285852160,80.27352908653846,0.0
1,1,5291,5130014756864,80.28493647435897,0.0
1,1,5292,5131082265088,80.30164302083334,0.0
1,1,5293,5131805871616,80.31296749198718,0.0
1,0,2647,5132202377524,80.31917282533304,nan
1,1,5294,5132943524352,80.33077180288461,0.0
1,1,5295,5133322950656,80.33670983974359,0.0
1,1,5296,5134390908416,80.35342342147436,0.0
1,1,5297,5135114548736,80.36474842147436,0.0
1,0,2649,5135512967211,80.37098368657038,nan
1,1,5298,5135908041728,80.37716661858974,0.0
1,1,5299,5136631562240,80.38848974358974,0.0
1,1,5300,5138392966656,80.41605579326924,0.0
1,1,5301,5139121806336,80.42746216346154,0.0
1,0,2651,5139520506600,80.4337018385667,nan
1,1,5302,5140264430592,80.44534427884615,0.0
1,1,5303,5140643621888,80.45127863782052,0.0
1,1,5304,5142055539712,80.47337520833334,0.0
1,1,5305,5142434821632,80.47931098557693,0.0
1,0,2653,5143172612579,80.4908574434564,nan
1,1,5306,5143566593536,80.49702326121795,0.0
1,1,5307,5143945769984,80.50295738782052,0.0
1,1,5308,5145018682368,80.51974850961538,0.0
1,1,5309,5145742211072,80.53107176282052,0.0
1,0,2655,5146141358792,80.53731844063002,nan
1,1,5310,5146884766208,80.54895279647437,0.0
1,1,5311,5147264070656,80.55488892628205,0.0
1,1,5312,5149019921408,80.58236806089744,0.0
1,1,5313,5150087499264,80.59907569711538,0.0
1,0,2657,5150826931125,80.61064783536472,nan
1,1,5314,5151219387392,80.61678979166668,0.0
1,1,5315,5151948304896,80.62819737980769,0.0
1,1,5316,5153015704064,80.64490221955128,0.0
1,1,5317,5153394976768,80.65083785256411,0.0
1,0,2659,5153795334299,80.65710346396422,nan
1,1,5318,5154537668096,80.6687210176282,0.0
1,1,5319,5154916953600,80.67465685096154,0.0
1,1,5320,5155989793280,80.6914468349359,0.0
1,1,5321,5156713430016,80.70277177884616,0.0
1,0,2661,5157111506282,80.70900168835763,nan
1,1,5322,5157856081408,80.72065431891026,0.0
1,1,5323,5158584783872,80.73205854166667,0.0
1,1,5324,5160001989120,80.75423786057692,0.0
1,1,5325,5160381384704,80.76017541666667,0.0
1,0,2663,5161122045978,80.7717667952787,nan
1,1,5326,5161519285248,80.77798360576924,0.0
1,1,5327,5162242881536,80.78930791666667,0.0
1,1,5328,5163315729920,80.80609803685897,0.0
1,1,5329,5163695066112,80.81203466346155,0.0
1,0,2665,5164433787642,80.82359568500226,nan
1,1,5330,5164827149312,80.82975181089743,0.0
1,1,5331,5165550737920,80.84107600160257,0.0
1,1,5332,5166623843328,80.85787014423077,0.0
1,1,5333,5167003207680,80.86380721153846,0.0
1,0,2667,5167745348583,80.87542174640362,nan
1,1,5334,5168829048320,80.89238169070514,0.0
1,1,5335,5169552492544,80.90370362179488,0.0
1,1,5336,5170964505600,80.92580168269231,0.0
1,1,5337,5172032128512,80.94251002403847,0.0
1,0,2669,5172769076990,80.95404329724434,nan
1,1,5338,5173169335296,80.96030735576923,0.0
1,1,5339,5173898145792,80.97171326923078,0.0
1,1,5340,5175314772480,80.99388353365384,0.0
1,1,5341,5175694032384,80.99981896634615,0.0
1,0,2671,5176431871944,81.01136618502103,nan
1,1,5342,5176825956352,81.01753362179487,0.0
1,1,5343,5177549523968,81.02885748397436,0.0
1,1,5344,5178961025536,81.0509475400641,0.0
1,1,5345,5179689691648,81.06235119391026,0.0
1,0,2673,5180089819294,81.06861320760092,nan
1,1,5346,5180826830336,81.0801474599359,0.0
1,1,5347,5181555627008,81.09155315705128,0.0
1,1,5348,5182623069696,81.10825867788462,0.0
1,1,5349,5183007692288,81.11427803685898,0.0
1,0,2675,5183746640785,81.12584261044233,nan
1,1,5350,5184139332096,81.1319882451923,0.0
1,1,5351,5184862766592,81.14331002403847,0.0
1,1,5352,5185935620096,81.16010022435897,0.0
1,1,5353,5186314863616,81.16603540064102,0.0
1,0,2677,5187052243614,81.17757542715219,nan
1,1,5354,5187791139328,81.1891391746795,0.0
1,1,5355,5188514685952,81.20046270833333,0.0
1,1,5356,5189926301184,81.22255454326924,0.0
1,1,5357,5191343493120,81.24473365384615,0.0
1,0,2679,5192081312669,81.25628055934808,nan
1,1,5358,5192819738624,81.2678369551282,0.0
1,1,5359,5193543173632,81.27915874198719,0.0
1,1,5360,5195304365568,81.30672146634616,0.0
1,1,5361,5195683637248,81.31265708333333,0.0
1,0,2681,5196080261270,81.31886426516802,nan
1,1,5362,5196821280256,81.33046124198718,0.0
1,1,5363,5197200576000,81.33639723557692,0.0
1,1,5364,5198612647424,81.3584962099359,0.0
1,1,5365,5198992206336,81.36443632211538,0.0
1,0,2683,5199732165022,81.37601670519707,nan
1,1,5366,5200474401792,81.38763274038462,0.0
1,1,5367,5201198129152,81.3989591025641,0.0
1,1,5368,5202265729536,81.41566709134615,0.0
1,1,5369,5202989103104,81.42698791666668,0.0
1,0,2685,5203389125765,81.43324828733786,nan
1,1,5370,5203782225408,81.4394003125,0.0
1,1,5371,5204510990848,81.45080552083334,0.0
1,1,5372,5205578531840,81.4675125801282,0.0
1,1,5373,5205957812736,81.47344834134616,0.0
1,0,2687,5206358009191,81.47971143190041,nan
1,1,5374,5207095144448,81.49124762820513,0.0
1,1,5375,5207474518528,81.49718484775642,0.0
1,1,5376,5208886406144,81.51928094551282,0.0
1,1,5377,5209610006528,81.53060532051282,0.0
1,0,2689,5210350901387,81.54220035473946,nan
1,1,5378,5211091833856,81.5537959775641,0.0
1,1,5379,5211471217664,81.55973334935898,0.0
1,1,5380,5212538738688,81.57644009615385,0.0
1,1,5381,5213267591168,81.58784666666666,0.0
1,0,2691,5213667157842,81.59409990112304,nan
1,1,5382,5214410297344,81.60573006410257,0.0
1,1,5383,5214789544448,81.61166529647436,0.0
1,1,5384,5215857105408,81.62837266826924,0.0
1,1,5385,5216236452864,81.63430947115386,0.0
1,0,2693,5216977059414,81.64589999333309,nan
1,1,5386,5217723237888,81.65757771634615,0.0
1,1,5387,5218452041216,81.6689835176282,0.0
1,1,5388,5219519669248,81.68569193910257,0.0
1,1,5389,5220243364352,81.69701779647436,0.0
1,0,2695,5220981650201,81.70857199958998,nan
1,1,5390,5221375234048,81.7147316025641,0.0
1,1,5391,5222098569216,81.72605182692308,0.0
1,1,5392,5223171246080,81.74283926282051,0.0
1,1,5393,5223550615040,81.74877640224359,0.0
1,0,2697,5224292094494,81.7603805854054,nan
1,1,5394,5224688007680,81.76657664262821,0.0
1,1,5395,5225067340800,81.77251322115384,0.0
1,1,5396,5226134689792,81.78921727564102,0.0
1,1,5397,5226863441408,81.80062226762821,0.0
1,0,2699,5227261005062,81.80684415474134,nan
1,1,5398,5228005819392,81.81850052884616,0.0
1,1,5399,5228384941056,81.82443379807692,0.0
1,1,5400,5229457709056,81.8412226602564,0.0
1,1,5401,5230186447360,81.85262744391027,0.0
1,0,2701,5230582795717,81.85883031157665,nan
1,1,5402,5231329113600,81.87051021634616,0.0
1,1,5403,5232057896448,81.88191569711539,0.0
1,1,5404,5233130504704,81.89870205929488,0.0
1,1,5405,5233509869056,81.90463912660256,0.0
1,0,2703,5234251528293,81.91624612337553,nan
1,1,5406,5234996772352,81.92790922275641,0.0
1,1,5407,5235376096768,81.9338456650641,0.0
1,1,5408,5236443719680,81.95055400641026,0.0
1,1,5409,5236822931456,81.95648868589744,0.0
1,0,2705,5237562792275,81.96806753735665,nan
1,1,5410,5238309456384,81.97975286057692,0.0
1,1,5411,5239382184960,81.99654110576924,0.0
1,1,5412,5240799093760,82.01871578525642,0.0
1,1,5413,5241527688192,82.0301183173077,0.0
1,0,2707,5242267906011,82.04170275583121,nan
1,1,5414,5242664566784,82.04791051282052,0.0
1,1,5415,5243393346560,82.05931594551282,0.0
1,1,5416,5244460824064,82.07602201121796,0.0
1,1,5417,5244840121344,82.08195802884616,0.0
1,0,2709,5245579170514,82.093524177966,nan
1,1,5418,5245972281856,82.09967638621795,0.0
1,1,5419,5246695854080,82.11100032051283,0.0
1,1,5420,5247768769536,82.12779149038462,0.0
1,1,5421,5249185586688,82.14996473557693,0.0
1,0,2711,5249583583149,82.15619339613694,nan
1,1,5422,5250328037376,82.1678441346154,0.0
1,1,5423,5251051398144,82.17916475961539,0.0
1,0,2712,5252799762126,82.20652672598032,nan
1,1,5424,5253538175488,82.21808292467949,0.0
1,1,5425,5255294040064,82.24556227564103,0.0
1,0,2713,5256010775586,82.2567792152757,nan
1,1,5426,5256748185088,82.26831970352565,0.0
1,1,5427,5257471590912,82.27964103365385,0.0
1,1,5428,5258539030016,82.29634649839744,0.0
1,1,5429,5259267782656,82.30775150641026,0.0
1,0,2715,5259667861272,82.31401275277945,nan
1,1,5430,5260410525184,82.32563547275642,0.0
1,1,5431,5261478155776,82.34234393429487,0.0
1,0,2716,5262538404431,82.35893686822354,nan
1,1,5432,5263281885184,82.37057237179488,0.0
1,1,5433,5264010694656,82.38197826923077,0.0
1,1,5434,5265427356672,82.40414908653847,0.0
1,1,5435,5265806585856,82.41008403846153,0.0
1,1,5436,5266922468352,82.42754764423077,0.0
1,1,5437,5267645926912,82.4388697996795,0.0
1,1,5438,5268719006208,82.45566353365385,0.0
1,1,5439,5269098247680,82.46159867788462,0.0
1,0,2720,5269836913809,82.47315883239746,nan
1,1,5440,5271267433984,82.49554653044872,0.0
1,1,5441,5271996213248,82.5069519551282,0.0
1,1,5442,5273413007360,82.52912483974359,0.0
1,1,5443,5274141623808,82.54052771634616,0.0
1,0,2722,5274865811359,82.55186128053323,nan
1,1,5444,5275262380032,82.55806759615385,0.0
1,1,5445,5275991319040,82.56947552083334,0.0
1,1,5446,5277058978304,82.58618443108975,0.0
1,1,5447,5277438374400,82.59212199519231,0.0
1,0,2724,5278176936094,82.60368051529322,nan
1,1,5448,5278570095104,82.60983346955129,0.0
1,1,5449,5278949346816,82.61576877403846,0.0
1,1,5450,5280361378816,82.63786713141026,0.0
1,1,5451,5281084827648,82.64918913461538,0.0
1,0,2726,5281824116684,82.66075903764774,nan
1,1,5452,5282216692224,82.66690286057693,0.0
1,1,5453,5282945443840,82.6783078525641,0.0
1,1,5454,5284018136064,82.69509552884615,0.0
1,1,5455,5284746823680,82.70649951923077,0.0
1,0,2728,5285145019025,82.71273129233336,nan
1,1,5456,5285539805184,82.71890971153846,0.0
1,1,5457,5286268611584,82.73031556089744,0.0
1,1,5458,5287341108224,82.74710017628206,0.0
1,1,5459,5287720197120,82.7530329326923,0.0
1,0,2730,5288460571502,82.76461982143304,nan
1,1,5460,5288856961536,82.77082334134616,0.0
1,1,5461,5289585464320,82.78222443910256,0.0
1,1,5462,5291002012672,82.8043934775641,0.0
1,1,5463,5291730531328,82.81579482371795,0.0
1,0,2732,5292469687865,82.82736265313565,nan
1,1,5464,5293550503936,82.84427746794871,0.0
1,1,5465,5294279272960,82.8556827323718,0.0
1,1,5466,5295352305152,82.87247572916667,0.0
1,1,5467,5295731628032,82.8784121474359,0.0
1,0,2734,5296472506650,82.89000692749023,nan
1,1,5468,5296868863488,82.89620992788461,0.0
1,1,5469,5297592439296,82.90753391826924,0.0
1,1,5470,5298660013568,82.92424149839744,0.0
1,1,5471,5299039273472,82.93017693108975,0.0
1,0,2736,5299777724491,82.94173371912247,nan
1,1,5472,5300515409408,82.9532785176282,0.0
1,1,5473,5301244196352,82.9646840625,0.0
1,1,5474,5302661265408,82.98686125,0.0
1,1,5475,5303390097920,82.99826750801282,0.0
1,0,2738,5304127892250,83.0098140188364,nan
1,1,5476,5304866429952,83.02137216346154,0.0
1,1,5477,5305245620224,83.02730650641026,0.0
1,1,5478,5306318610432,83.04409884615384,0.0
1,1,5479,5306697885696,83.05003451923078,0.0
1,0,2740,5307437350949,83.06160718006623,nan
1,1,5480,5307829821952,83.06774936698719,0.0
1,1,5481,5308553233920,83.07907079326924,0.0
1,1,5482,5309626261504,83.09586371794872,0.0
1,1,5483,5310349844992,83.10718782852564,0.0
1,0,2742,5311436479270,83.12419369851138,nan
1,1,5484,5312180744704,83.1358414823718,0.0
1,1,5485,5312904162304,83.14716299679488,0.0
1,1,5486,5313971506688,83.16386697916667,0.0
1,1,5487,5314694845952,83.1751872676282,0.0
1,0,2744,5315434783791,83.1867673244535,nan
1,1,5488,5315831933952,83.19298274038462,0.0
1,1,5489,5316555276800,83.2043030849359,0.0
1,1,5490,5317622598656,83.2210067147436,0.0
1,1,5491,5318002001408,83.22694438301282,0.0
1,0,2746,5318740623698,83.23850385144357,nan
1,1,5492,5319133885440,83.24465841346154,0.0
1,1,5493,5319862682624,83.25606411858975,0.0
1,1,5494,5321279529984,83.27823783653847,0.0
1,1,5495,5322008282112,83.28964283653846,0.0
1,0,2748,5322745522227,83.30118067387508,nan
1,1,5496,5323828687360,83.31813225160256,0.0
1,1,5497,5324557668864,83.32954084134616,0.0
1,1,5498,5325969192960,83.35163125,0.0
1,1,5499,5326692894208,83.36295720352564,0.0
1,0,2750,5327092318491,83.36920820955717,nan
1,1,5500,5327830509056,83.38076092147436,0.0
1,1,5501,5328209716224,83.38669552884616,0.0
1,1,5502,5329282691584,83.40348763621795,0.0
1,1,5503,5330011699200,83.41489663461539,0.0
1,0,2752,5331097755136,83.43189345352565,nan
1,1,5504,5331837895168,83.44347667467949,0.0
1,1,5505,5332561417728,83.45479983173077,0.0
1,1,5506,5333994205696,83.47722302083334,0.0
1,1,5507,5334717741056,83.48854637820513,0.0
1,1,5508,5335790966784,83.50534240384616,0.0
1,1,5509,5336170344960,83.51127968750001,0.0
1,0,2755,5336909701855,83.52285065252842,nan
1,1,5510,5337302609920,83.52899967948719,0.0
1,1,5511,5338026147840,83.54032307692307,0.0
1,1,5512,5339094087680,83.55703637820513,0.0
1,1,5513,5339473359872,83.56297200320513,0.0
1,0,2757,5340210869790,83.5745140629695,nan
1,1,5514,5340954708480,83.58615516826923,0.0
1,1,5515,5341683508224,83.59756091346154,0.0
1,1,5516,5343100669440,83.61973954326923,0.0
1,1,5517,5343824075264,83.63106087339744,0.0
1,0,2759,5344563449573,83.64263211095566,nan
1,1,5518,5344955864064,83.64877341346154,0.0
1,1,5519,5346023382016,83.6654801121795,0.0
1,0,2760,5347081227358,83.68203543416341,nan
1,1,5520,5347821852160,83.69362624198718,0.0
1,1,5521,5348545520128,83.70495167467949,0.0
1,0,2761,5349604534706,83.72152529525366,nan
1,1,5522,5350000059392,83.7277152724359,0.0
1,1,5523,5350379385344,83.73365173878206,0.0
1,1,5524,5352140919808,83.76121982371795,0.0
1,1,5525,5352864353280,83.77254158653847,0.0
1,0,2763,5353606674600,83.7841589449369,nan
1,1,5526,5354001639936,83.79034016826924,0.0
1,1,5527,5354730484224,83.80174661057693,0.0
1,1,5528,5355798080000,83.81845452724359,0.0
1,1,5529,5356521625088,83.82977803685898,0.0
1,0,2765,5356919471523,83.83600434950608,nan
1,1,5530,5357315179008,83.8421971875,0.0
1,1,5531,5358038692352,83.85352020032052,0.0
1,1,5532,5359106316800,83.87022856570513,0.0
1,1,5533,5359485672960,83.8761655048077,0.0
1,0,2767,5360232102055,83.88784715004945,nan
1,1,5534,5360977980928,83.89952018429487,0.0
1,1,5535,5362045566464,83.91622794070513,0.0
1,0,2768,5362761328573,83.92742964638735,nan
1,1,5536,5363155614208,83.9336002323718,0.0
1,1,5537,5363884447744,83.94500650641025,0.0
1,1,5538,5364952098304,83.96171528044871,0.0
1,1,5539,5365680788480,83.97311931089745,0.0
1,0,2770,5366080198825,83.97937009879871,nan
1,1,5540,5366818322432,83.99092176282052,0.0
1,1,5541,5367197570560,83.99685701121795,0.0
1,1,5542,5368270276608,84.01364490384616,0.0
1,1,5543,5368998914560,84.02504811698718,0.0
1,0,2772,5369398793092,84.03130623203376,nan
1,1,5544,5370141370880,84.04292760416666,0.0
1,1,5545,5370870272512,84.05433494391026,0.0
1,1,5546,5372970444800,84.08720272435897,0.0
1,1,5547,5373349794304,84.09313955929487,0.0
1,0,2774,5374088679545,84.10470314291929,nan
1,1,5548,5374825912320,84.11624086538461,0.0
1,1,5549,5375554877440,84.12764919871795,0.0
1,1,5550,5376627460096,84.1444351602564,0.0
1,1,5551,5377006736384,84.15037084935898,0.0
1,0,2776,5377746812770,84.16195307445037,nan
1,1,5552,5378143929856,84.16816797275641,0.0
1,1,5553,5378872706048,84.17957334935898,0.0
1,1,5554,5379601517568,84.19097927884616,0.0
1,1,5555,5380324988928,84.20230163461538,0.0
1,0,2778,5380721887803,84.20851311791053,nan
1,1,5556,5381462526464,84.2201041426282,0.0
1,1,5557,5382185984000,84.23142628205129,0.0
1,1,5558,5383280262656,84.24855178685898,0.0
1,1,5559,5384003748352,84.25987436698718,0.0
1,1,5560,5385764868096,84.28743596153846,0.0
1,1,5561,5386144140800,84.29337159455129,0.0
1,0,2781,5386882248955,84.30492301674867,nan
1,1,5562,5387275796480,84.31108205128206,0.0
1,1,5563,5387660429824,84.31710157852564,0.0
1,1,5564,5388733124096,84.33388928685898,0.0
1,1,5565,5389461645824,84.34529068108975,0.0
1,0,2783,5390199338974,84.35683560844225,nan
1,1,5566,5390942595584,84.36846760416667,0.0
1,1,5567,5391671450112,84.37987420673078,0.0
1,1,5568,5392738992128,84.39658128205129,0.0
1,1,5569,5393462476288,84.40790383814102,0.0
1,0,2785,5393858236622,84.41409750322391,nan
1,1,5570,5394599841280,84.42570364583334,0.0
1,1,5571,5394979002880,84.4316375400641,0.0
1,1,5572,5396051607552,84.44842384615384,0.0
1,1,5573,5396780232192,84.45982685096155,0.0
1,0,2787,5397176272807,84.4660249024533,nan
1,1,5574,5397922384896,84.47770158653846,0.0
1,1,5575,5398301518336,84.4836350400641,0.0
1,1,5576,5399395692032,84.50075890224359,0.0
1,1,5577,5399774924800,84.50669391025642,0.0
1,1,5578,5401530473472,84.53416831730769,0.0
1,1,5579,5402603324416,84.55095847756411,0.0
1,0,2790,5402999790664,84.55716319022937,nan
1,1,5580,5404090158080,84.57422748397435,0.0
1,1,5581,5404813469696,84.5855473397436,0.0
1,1,5582,5405886126080,84.6023344551282,0.0
1,1,5583,5406270736896,84.6083536298077,0.0
1,0,2792,5407011203338,84.61994195929111,nan
1,1,5584,5407408056832,84.62615273237179,0.0
1,1,5585,5408136747520,84.63755677083334,0.0
1,1,5586,5409209435136,84.65434437500001,0.0
1,1,5587,5409588502528,84.66027679487179,0.0
1,0,2794,5410675070436,84.67728162616436,nan
1,1,5588,5411757126656,84.69421584935898,0.0
1,1,5589,5412485852672,84.70562044070513,0.0
1,1,5590,5413558294016,84.72240419070513,0.0
1,1,5591,5414286602752,84.73380225160257,0.0
1,0,2796,5415374097059,84.7508215810766,nan
1,1,5592,5416116349440,84.76243786057692,0.0
1,1,5593,5416844913152,84.77383991185897,0.0
1,1,5594,5417917510144,84.79062609775642,0.0
1,1,5595,5418646119936,84.80202887019232,0.0
1,0,2798,5419044239186,84.8082594524051,nan
1,1,5596,5419788306432,84.81990413461538,0.0
1,1,5597,5420167385088,84.82583673076924,0.0
1,1,5598,5421584071168,84.8480079246795,0.0
1,1,5599,5422312762368,84.85941197115385,0.0
1,0,2800,5423050053186,84.87095060199444,nan
1,1,5600,5424138024960,84.88797740384615,0.0
1,1,5601,5424517155328,84.89391080929488,0.0
1,1,5602,5425589606912,84.91069471955129,0.0
1,1,5603,5426318424064,84.92210073717949,0.0
1,0,2802,5426714199317,84.92829463574532,nan
1,1,5604,5427455895040,84.93990220352565,0.0
1,1,5605,5427835155456,84.94583764423078,0.0
1,1,5606,5428902564864,84.96254264423077,0.0
1,1,5607,5429631219712,84.97394612179487,0.0
1,0,2804,5430031331334,84.98020788470929,nan
1,1,5608,5430773732352,84.99182649038461,0.0
1,1,5609,5431502524416,85.00323211538462,0.0
1,1,5610,5432919451136,85.02540707532052,0.0
1,1,5611,5433642930176,85.03672955128205,0.0
1,0,2806,5434384169174,85.04832997129783,nan
1,1,5612,5435129732608,85.05999806891026,0.0
1,1,5613,5435508983296,85.0659333573718,0.0
1,1,5614,5436581554688,85.0827191426282,0.0
1,1,5615,5437310064128,85.09412034455129,0.0
1,0,2808,5437706535326,85.10032513468424,nan
1,1,5616,5438102861824,85.10652766025642,0.0
1,1,5617,5438831368192,85.11792881410257,0.0
1,1,5618,5439904218624,85.13471896634616,0.0
1,1,5619,5440283380224,85.14065286057692,0.0
1,0,2810,5441370941571,85.15767323922964,nan
1,1,5620,5442114225664,85.1693056650641,0.0
1,1,5621,5442842987520,85.1807108173077,0.0
1,1,5622,5444603616768,85.20826473557693,0.0
1,1,5623,5445676048384,85.22504833333333,0.0
1,0,2812,5446417727792,85.23665564578326,nan
1,1,5624,5447162510336,85.2483115224359,0.0
1,1,5625,5447541793280,85.25424731570513,0.0
1,1,5626,5448958215168,85.276414375,0.0
1,1,5627,5449686967296,85.287819375,0.0
1,0,2814,5450087156716,85.29408235545623,nan
1,1,5628,5450480378368,85.3002362900641,0.0
1,1,5629,5451548176896,85.3169473798077,0.0
1,0,2815,5452610154307,85.33356736883702,nan
1,1,5630,5453357155328,85.3452579647436,0.0
1,1,5631,5454085817856,85.35666156250001,0.0
1,1,5632,5455502237696,85.37882858974359,0.0
1,1,5633,5456230949376,85.39023295673077,0.0
1,0,2817,5456626707451,85.39642658646021,nan
1,1,5634,5457373542400,85.40811458333333,0.0
1,1,5635,5457752825856,85.4140503846154,0.0
1,1,5636,5458820201984,85.43075486378206,0.0
1,1,5637,5459548793856,85.44215735576924,0.0
1,0,2819,5459949166275,85.44842320016714,nan
1,1,5638,5460691272192,85.4600371875,0.0
1,1,5639,5461414717952,85.4713591426282,0.0
1,1,5640,5462831800832,85.49353654647436,0.0
1,1,5641,5463211037696,85.49947161858975,0.0
1,0,2821,5463947608028,85.51099897379558,nan
1,1,5642,5464692211200,85.52265204326923,0.0
1,1,5643,5465420979712,85.53405729967949,0.0
1,1,5644,5466493758976,85.55084633814103,0.0
1,1,5645,5466878512128,85.55686774038462,0.0
1,0,2823,5467620726401,85.56848342349322,nan
1,1,5646,5468015659520,85.57466414262821,0.0
1,1,5647,5468744334336,85.58606793269232,0.0
1,1,5648,5469817078272,85.60285641826923,0.0
1,1,5649,5470196400128,85.60879282051282,0.0
1,0,2825,5470938363248,85.6204045730669,nan
1,1,5650,5472027461120,85.63744899839743,0.0
1,1,5651,5473100625920,85.65424407051282,0.0
1,1,5652,5474512267264,85.67633631410257,0.0
1,1,5653,5475235810304,85.68765979166668,0.0
1,0,2827,5475632909917,85.69387441651956,nan
1,1,5654,5476373285376,85.70546132211538,0.0
1,1,5655,5476752754176,85.71140002403847,0.0
1,1,5656,5477820246528,85.72810632211538,0.0
1,1,5657,5478549159424,85.73951383814102,0.0
1,0,2829,5478949782353,85.74578360303047,nan
1,1,5658,5479686682112,85.75731611378205,0.0
1,1,5659,5480065900544,85.7632508974359,0.0
1,1,5660,5481138754560,85.78004110576923,0.0
1,1,5661,5482206324224,85.79674861378206,0.0
1,0,2831,5483290759291,85.81372006602753,nan
1,1,5662,5484037406208,85.82540512019231,0.0
1,1,5663,5484760958464,85.83672874198719,0.0
1,1,5664,5485828496896,85.85343576121795,0.0
1,1,5665,5486551867392,85.86475653846153,0.0
1,0,2833,5487290046867,85.8763090768198,nan
1,1,5666,5487683479040,85.88246630608974,0.0
1,1,5667,5488406899200,85.89378786057692,0.0
1,1,5668,5489479572480,85.91057524038462,0.0
1,1,5669,5489858790400,85.91651001602564,0.0
1,0,2835,5490600514212,85.92811802339995,nan
1,1,5670,5491340411904,85.93969745192308,0.0
1,1,5671,5491719623680,85.94563213141026,0.0
1,1,5672,5493480697856,85.97319301282052,0.0
1,1,5673,5494204071936,85.98451384615385,0.0
1,0,2837,5494941306315,85.99605159372183,nan
1,1,5674,5495685113856,86.00769221153847,0.0
1,1,5675,5496757840384,86.0244804246795,0.0
1,1,5676,5497830928896,86.04127430288462,0.0
1,1,5677,5498554420736,86.05259697916667,0.0
1,0,2839,5499293731504,86.0641672223057,nan
1,1,5678,5499686358016,86.07031184294873,0.0
1,1,5679,5500414882816,86.08171328525641,0.0
1,1,5680,5501482460672,86.09842092147436,0.0
1,1,5681,5502555556352,86.11521491185897,0.0
1,0,2841,5503293279689,86.12676031163925,nan
1,1,5682,5504031894016,86.13831965544873,0.0
1,1,5683,5504755482112,86.14964383814103,0.0
1,1,5684,5505822794240,86.16634731570512,0.0
1,1,5685,5506551602688,86.1777531971154,0.0
1,0,2843,5506951363270,86.18400946623973,nan
1,1,5686,5507344709120,86.19016534455129,0.0
1,1,5687,5508073404928,86.20156946314103,0.0
1,1,5688,5509146171904,86.21835830929487,0.0
1,1,5689,5509525400576,86.22429325320513,0.0
1,0,2845,5510262695907,86.23583195467435,nan
1,1,5690,5510657240064,86.24200658653847,0.0
1,1,5691,5511380649984,86.25332798076923,0.0
1,0,2846,5512096878402,86.26453698420598,nan
1,1,5692,5512490757120,86.27070120192307,0.0
1,1,5693,5513214184448,86.28202286858975,0.0
1,1,5694,5514626251776,86.30412177884615,0.0
1,1,5695,5515005552128,86.31005784455128,0.0
1,0,2848,5515742808212,86.32159593180339,nan
1,1,5696,5516481888256,86.33316256410257,0.0
1,1,5697,5517205554688,86.34448797275641,0.0
1,1,5698,5518278451712,86.36127885416667,0.0
1,1,5699,5518657900544,86.36721724358975,0.0
1,0,2850,5519058652562,86.37348902872722,nan
1,1,5700,5519795479552,86.38502040064103,0.0
1,1,5701,5520174798848,86.39095676282052,0.0
1,1,5702,5521247578112,86.40774580128205,0.0
1,1,5703,5522314958336,86.42445034455129,0.0
1,0,2852,5522711772346,86.43066049970578,nan
1,1,5704,5523452108288,86.44224678685897,0.0
1,1,5705,5523831377408,86.44818236378205,0.0
1,1,5706,5525248008704,86.47035270032052,0.0
1,1,5707,5525627115520,86.4762857371795,0.0
1,0,2854,5526365029848,86.48783412597656,nan
1,1,5708,5526758340096,86.49398944711538,0.0
1,1,5709,5527137430528,86.4999222275641,0.0
1,1,5710,5528210200064,86.51671111378205,0.0
1,1,5711,5528938918400,86.5281155849359,0.0
1,0,2856,5529335087834,86.53431565245018,nan
1,1,5712,5530076049408,86.54591173076923,0.0
1,1,5713,5530455197184,86.55184540865385,0.0
1,1,5714,5531872044032,86.57401911858975,0.0
1,1,5715,5532600794112,86.58542408653847,0.0
1,0,2858,5532998569931,86.59164929404234,nan
1,1,5716,5533743434240,86.60330645032052,0.0
1,1,5717,5534122625024,86.60924080128206,0.0
1,1,5718,5535539333632,86.63141234775641,0.0
1,1,5719,5535918525952,86.63734672275642,0.0
1,0,2860,5536315262142,86.64355566002479,nan
1,1,5720,5537055619072,86.65514227564103,0.0
1,1,5721,5537434653696,86.6610741826923,0.0
1,1,5722,5538507106816,86.67785811698718,0.0
1,1,5723,5539235453440,86.68925677083334,0.0
1,0,2862,5539632313262,86.69546764294746,nan
1,1,5724,5540028506624,86.7016680849359,0.0
1,1,5725,5541101030912,86.71845313301283,0.0
1,1,5726,5542173494784,86.73523723557693,0.0
1,1,5727,5542901824512,86.746635625,0.0
1,0,2864,5543641495698,86.75821150869517,nan
1,1,5728,5544387470336,86.76988604166667,0.0
1,1,5729,5544766458368,86.77581721955129,0.0
1,1,5730,5545838778368,86.79259907051282,0.0
1,1,5731,5546567272960,86.80400004006411,0.0
1,0,2866,5546963200871,86.81019632773375,nan
1,1,5732,5547360247808,86.81641012820513,0.0
1,1,5733,5548088897024,86.8278135176282,0.0
1,1,5734,5549161707520,86.8446030448718,0.0
1,1,5735,5549540891136,86.85053728365385,0.0
1,0,2868,5550279097960,86.86209025002505,nan
1,1,5736,5550672779776,86.86825138621795,0.0
1,1,5737,5551401691136,86.87965887820513,0.0
1,1,5738,5552818863616,86.90183768429488,0.0
1,1,5739,5553198172160,86.90777387820513,0.0
1,0,2870,5553936459629,86.9193281066738,nan
1,1,5740,5554329992192,86.92548690705128,0.0
1,1,5741,5555053493248,86.93680972756411,0.0
1,1,5742,5556121033216,86.95351677083333,0.0
1,1,5743,5556500198912,86.95945072916668,0.0
1,0,2872,5556900143772,86.9657098822491,nan
1,1,5744,5557637344768,86.9772471073718,0.0
1,1,5745,5558016698368,86.98318400641026,0.0
1,1,5746,5559083991552,86.99988718750001,0.0
1,1,5747,5559812805632,87.01129315705128,0.0
1,0,2874,5560211478965,87.01753241068522,nan
1,1,5748,5560955423744,87.02917517628205,0.0
1,1,5749,5561334658048,87.03511020833334,0.0
1,1,5750,5562752107520,87.05729334935897,0.0
1,1,5751,5563480940544,87.06869961538462,0.0
1,0,2876,5563880113791,87.07494669269269,nan
1,1,5752,5564618312192,87.08649952724359,0.0
1,1,5753,5565347055616,87.09790439102564,0.0
1,1,5754,5566419833344,87.11469340544872,0.0
1,1,5755,5566799190528,87.12063036057692,0.0
1,0,2878,5567537812872,87.13218982985276,nan
1,1,5756,5567930892800,87.13834154647436,0.0
1,1,5757,5568659698176,87.14974737980769,0.0
1,1,5758,5569727459840,87.1664578926282,0.0
1,1,5759,5570106878464,87.17239580929487,0.0
1,0,2880,5570848546973,87.184002951175,nan
1,1,5760,5571593854976,87.19566705128206,0.0
1,1,5761,5572322609664,87.20707209134616,0.0
1,1,5762,5573390333440,87.22378201121795,0.0
1,1,5763,5574113817088,87.23510455929487,0.0
1,0,2882,5574511854482,87.24133386045798,nan
1,1,5764,5575251338240,87.25290681089744,0.0
1,1,5765,5575630741504,87.25884448717949,0.0
1,1,5766,5576698188288,87.2755500721154,0.0
1,1,5767,5577427004928,87.28695608173078,0.0
1,0,2884,5577822597282,87.29314711791993,nan
1,1,5768,5578569810432,87.30484103365384,0.0
1,1,5769,5578949029376,87.31077582532052,0.0
1,1,5770,5580021731840,87.32756366185897,0.0
1,1,5771,5580750499328,87.3389689022436,0.0
1,0,2886,5581839061339,87.356004941328,nan
1,1,5772,5582575999488,87.36753805288461,0.0
1,1,5773,5583299833856,87.3788660897436,0.0
1,1,5774,5584367616000,87.39557692307693,0.0
1,1,5775,5585091197952,87.40690100961538,0.0
1,0,2888,5585486824609,87.41309258264786,nan
1,1,5776,5586228939776,87.42470671474359,0.0
1,1,5777,5586608437760,87.43064587339744,0.0
1,1,5778,5587676618752,87.44736294871795,0.0
1,1,5779,5588400381952,87.45868987179487,0.0
1,0,2890,5588798114754,87.46491440608098,nan
1,1,5780,5589538040320,87.47649427083334,0.0
1,1,5781,5589917317120,87.48242996794872,0.0
1,1,5782,5591334126592,87.50460309294873,0.0
1,1,5783,5591713510400,87.5105404647436,0.0
1,0,2892,5592455038661,87.5221454117369,nan
1,1,5784,5592850797056,87.52833904647436,0.0
1,1,5785,5593574468096,87.53966452724359,0.0
1,1,5786,5594642405376,87.55637778846155,0.0
1,1,5787,5595021720576,87.56231408653846,0.0
1,0,2894,5595760056324,87.57386907057543,nan
1,1,5788,5596153829376,87.58003163461538,0.0
1,1,5789,5596877224448,87.59135279647437,0.0
1,1,5790,5597950284800,87.60814623397437,0.0
1,1,5791,5598329598976,87.61408251602565,0.0
1,0,2896,5598729112849,87.62033492414426,nan
1,1,5792,5599472500224,87.63196896634615,0.0
1,1,5793,5599851917824,87.63790686698718,0.0
1,1,5794,5601268979200,87.66008393429487,0.0
1,1,5795,5601992406016,87.67140559294872,0.0
1,0,2898,5602391608318,87.6776531249687,nan
1,1,5796,5603129732608,87.68920479967949,0.0
1,1,5797,5603858476544,87.70060967147437,0.0
1,1,5798,5605275541504,87.7227867948718,0.0
1,1,5799,5605654686208,87.7287204246795,0.0
1,0,2900,5606052852977,87.73495175056654,nan
1,1,5800,5606797395456,87.74660387019232,0.0
1,1,5801,5607176732160,87.7525405048077,0.0
1,1,5802,5608244217856,87.76924669871795,0.0
1,1,5803,5608967768064,87.78057028846155,0.0
1,0,2902,5609367541749,87.78682676264836,nan
1,1,5804,5609766348288,87.79306810096153,0.0
1,1,5805,5610495135744,87.80447365384616,0.0
1,1,5806,5612250820096,87.83195018429487,0.0
1,1,5807,5612629989376,87.83788419871794,0.0
1,0,2904,5613370477306,87.84947286448944,nan
1,1,5808,5614111428608,87.86106878205129,0.0
1,1,5809,5614490644992,87.86700353365384,0.0
1,1,5810,5615558113280,87.88370945512821,0.0
1,1,5811,5616286718464,87.89511215544871,0.0
1,0,2906,5616685586949,87.90135446321928,nan
1,1,5812,5617428919296,87.91298764423077,0.0
1,1,5813,5617808140288,87.91892246794872,0.0
1,1,5814,5618875533312,87.93562721153846,0.0
1,1,5815,5619604379136,87.94703367788462,0.0
1,0,2908,5620000773890,87.95323727166591,nan
1,1,5816,5620746993152,87.96491563301282,0.0
1,1,5817,5621470604800,87.97624018429488,0.0
1,1,5818,5622538199552,87.9929480849359,0.0
1,1,5819,5623266979840,88.00435352564102,0.0
1,0,2910,5623663040507,88.0105518909474,nan
1,1,5820,5624404624896,88.02215771634616,0.0
1,1,5821,5624783947776,88.02809413461539,0.0
1,1,5822,5626195841024,88.05019032051283,0.0
1,1,5823,5626575228928,88.05612775641026,0.0
1,0,2912,5627315076906,88.0677064069073,nan
1,1,5824,5627712688128,88.07392903846154,0.0
1,1,5825,5628092011520,88.07986546474359,0.0
1,1,5826,5629159712256,88.09657502403846,0.0
1,1,5827,5629883442688,88.10790143429487,0.0
1,0,2914,5630620758625,88.11944045824883,nan
1,1,5828,5631360118272,88.13101146634615,0.0
1,1,5829,5632083579904,88.1423336698718,0.0
1,1,5830,5633495051264,88.16442325320513,0.0
1,1,5831,5633874312704,88.1703587099359,0.0
1,0,2916,5634615562145,88.18195929338505,nan
1,1,5832,5635011864064,88.18816143429487,0.0
1,1,5833,5635391308288,88.19409975160256,0.0
1,1,5834,5636458731520,88.21080496794872,0.0
1,1,5835,5637187672576,88.2222129246795,0.0
1,0,2918,5637586568876,88.22845566775591,nan
1,1,5836,5638325460992,88.24001935897437,0.0
1,1,5837,5638704885760,88.24595737179487,0.0
1,1,5838,5639772802048,88.26267030448719,0.0
1,1,5839,5640496370688,88.2739941826923,0.0
1,0,2920,5641235585518,88.2855629243978,nan
1,1,5840,5641972870656,88.29710146634616,0.0
1,1,5841,5642696431104,88.30842521634615,0.0
1,1,5842,5644108153856,88.33051873397436,0.0
1,1,5843,5644837104128,88.3419268349359,0.0
1,0,2922,5645235930891,88.34816848975548,nan
1,1,5844,5645974830080,88.35973229166667,0.0
1,1,5845,5646354246144,88.36567016826923,0.0
1,1,5846,5647421936128,88.38237955929488,0.0
1,1,5847,5648150900224,88.39378787660257,0.0
1,0,2924,5648547610672,88.39999641100762,nan
1,1,5848,5649288703488,88.41159454326923,0.0
1,1,5849,5649668115456,88.41753235576924,0.0
1,1,5850,5651424029184,88.44501247596155,0.0
1,1,5851,5652147645952,88.4563371073718,0.0
1,0,2926,5652888102246,88.46792527803862,nan
1,1,5852,5653629679616,88.47953099358975,0.0
1,1,5853,5654009146880,88.48546967147436,0.0
1,1,5854,5655076951552,88.5021808573718,0.0
1,1,5855,5655800609792,88.51350613782051,0.0
1,0,2928,5656200092803,88.51975806294759,nan
1,1,5856,5656938535424,88.53131471955129,0.0
1,1,5857,5657318035456,88.53725391025641,0.0
1,1,5858,5658386160128,88.55397010416667,0.0
1,1,5859,5659109915648,88.56529690705129,0.0
1,0,2930,5659505776070,88.57149213851538,nan
1,1,5860,5660248117760,88.58310981570513,0.0
1,1,5861,5660972270592,88.59444283653846,0.0
1,1,5862,5662385206784,88.61655534455129,0.0
1,1,5863,5663109243904,88.62788655448718,0.0
1,0,2932,5663505719008,88.6340914057492,nan
1,1,5864,5664247275520,88.6456967948718,0.0
1,1,5865,5664626852864,88.65163719551282,0.0
1,1,5866,5665695082496,88.66835503205128,0.0
1,1,5867,5666419059200,88.67968529647436,0.0
1,0,2934,5666817789449,88.68592544084598,nan
1,1,5868,5667556880384,88.69749224358975,0.0
1,1,5869,5667936368640,88.70343125000001,0.0
1,1,5870,5669004231168,88.72014334134616,0.0
1,1,5871,5669383603200,88.72608052884615,0.0
1,0,2936,5670123931970,88.73766670375727,nan
1,1,5872,5671209748480,88.75465977564103,0.0
1,1,5873,5671933449216,88.76598572115385,0.0
1,1,5874,5673001444352,88.78269988782051,0.0
1,1,5875,5673725004288,88.7940236298077,0.0
1,0,2938,5674123488361,88.80025992151505,nan
1,1,5876,5674862564352,88.81182649038462,0.0
1,1,5877,5675241935360,88.81776366185898,0.0
1,1,5878,5676309728768,88.83447467147437,0.0
1,1,5879,5677033324032,88.84579896634615,0.0
1,0,2940,5677429619626,88.85200100826948,nan
1,1,5880,5677827005440,88.8582201121795,0.0
1,1,5881,5678550846976,88.86954826121796,0.0
1,1,5882,5679618954752,88.88626419070513,0.0
1,1,5883,5680342700544,88.89759084134616,0.0
1,0,2942,5681082823901,88.90917380153559,nan
1,1,5884,5681825186304,88.92079180288462,0.0
1,1,5885,5682549001728,88.93211954326924,0.0
1,1,5886,5683987473408,88.95463168269231,0.0
1,1,5887,5684711028736,88.96595535256411,0.0
1,1,5888,5685778915840,88.98266782852565,0.0
1,1,5889,5686158397440,88.98860673076923,0.0
1,0,2945,5686895583734,89.00014372580505,nan
1,1,5890,5687290642432,89.0063264102564,0.0
1,1,5891,5688014557184,89.0176557051282,0.0
1,1,5892,5689082438656,89.03436809294872,0.0
1,1,5893,5689461884416,89.04030643429488,0.0
1,0,2947,5690200576828,89.05186700013772,nan
1,1,5894,5691282506240,89.06879923878205,0.0
1,1,5895,5692006406144,89.08012830128206,0.0
1,1,5896,5693074374144,89.09684204326923,0.0
1,1,5897,5693453813248,89.10278028044873,0.0
1,0,2949,5694195093642,89.11438134831356,nan
1,1,5898,5694935744512,89.12597256410257,0.0
1,1,5899,5695315180032,89.13191074519231,0.0
1,1,5900,5696383221760,89.14862564102565,0.0
1,1,5901,5697107077632,89.15995401442308,0.0
1,0,2951,5697506621862,89.16620689762996,nan
1,1,5902,5697900761600,89.17237520032052,0.0
1,1,5903,5698624462336,89.18370114583334,0.0
1,1,5904,5699692273664,89.20041243589743,0.0
1,1,5905,5700071785472,89.20635181089744,0.0
1,0,2953,5700811745518,89.21793221526318,nan
1,1,5906,5701204424704,89.22407766025641,0.0
1,1,5907,5701928479232,89.23540914262821,0.0
1,1,5908,5703340826112,89.25751242788462,0.0
1,1,5909,5703720276480,89.26345084134616,0.0
1,0,2955,5704459049547,89.27501266944299,nan
1,1,5910,5704852527616,89.28117061698718,0.0
1,1,5911,5705576491008,89.29250067307693,0.0
1,1,5912,5706644527616,89.30921548878206,0.0
1,1,5913,5707024042496,89.31515491185898,0.0
1,0,2957,5707764975507,89.32675054316594,nan
1,1,5914,5708161761280,89.33296025641026,0.0
1,1,5915,5708541161472,89.33889788461539,0.0
1,1,5916,5709953197056,89.36099629807693,0.0
1,1,5917,5710676519424,89.37231632211538,0.0
1,0,2959,5711417974474,89.38392012335362,nan
1,1,5918,5712158126080,89.39550352564103,0.0
1,1,5919,5713570188288,89.41760235576923,0.0
1,0,2960,5714287495222,89.4288282380246,nan
1,1,5920,5714680301056,89.4349756650641,0.0
1,1,5921,5715403741184,89.44629753205129,0.0
1,1,5922,5716476853248,89.46309177884616,0.0
1,1,5923,5716856206336,89.4690286698718,0.0
1,0,2962,5717592807300,89.48055650446966,nan
1,1,5924,5717988477440,89.48674875801282,0.0
1,1,5925,5718712300032,89.49807661057693,0.0
1,1,5926,5719780432896,89.51479293269232,0.0
1,1,5927,5721192207360,89.53688725961538,0.0
1,0,2964,5721929544927,89.5484266220797,nan
1,1,5928,5722324435456,89.55460667467949,0.0
1,1,5929,5723048158720,89.56593297275641,0.0
1,1,5930,5724142643200,89.58306169871796,0.0
1,1,5931,5724522135040,89.58900076121795,0.0
1,1,5932,5725934312448,89.61110139423077,0.0
1,1,5933,5726313775616,89.61704000801282,0.0
1,0,2967,5726712429039,89.62327895005447,nan
1,1,5934,5727451586560,89.63484679487179,0.0
1,1,5935,5727831003136,89.64078467948718,0.0
1,1,5936,5728898936320,89.65749787660256,0.0
1,1,5937,5729622712832,89.66882500801282,0.0
1,0,2969,5730360001863,89.6803636108868,nan
1,1,5938,5731099308032,89.69193378205128,0.0
1,1,5939,5731822885888,89.70325780448718,0.0
1,1,5940,5733235014144,89.72535766826924,0.0
1,1,5941,5733614319616,89.73129381410257,0.0
1,0,2971,5734354458266,89.74287701362806,nan
1,1,5942,5734751724032,89.74909423878205,0.0
1,1,5943,5735131109888,89.75503164262821,0.0
1,1,5944,5736198956032,89.7717434775641,0.0
1,1,5945,5736922758144,89.78307100961538,0.0
1,0,2973,5737318613460,89.78926616117037,nan
1,1,5946,5738060405760,89.80087524038461,0.0
1,1,5947,5738439788032,89.80681258814103,0.0
1,1,5948,5739507568128,89.82352338942307,0.0
1,1,5949,5740575599104,89.84023811698718,0.0
1,0,2975,5741312368932,89.8517685943134,nan
1,1,5950,5742052002304,89.86334388621795,0.0
1,1,5951,5742775493120,89.87466654647436,0.0
1,1,5952,5743498920448,89.88598821314103,0.0
1,1,5953,5744222504960,89.89731233974359,0.0
1,0,2977,5744622412382,89.90357090691982,nan
1,1,5954,5745359846400,89.91511177884615,0.0
1,1,5955,5745739105792,89.92104720352565,0.0
1,1,5956,5746812141568,89.93784025641025,0.0
1,1,5957,5747535805952,89.94916563301283,0.0
1,0,2979,5747932508569,89.95537404486241,nan
1,1,5958,5748329318912,89.96158414262821,0.0
1,1,5959,5749052887040,89.97290801282051,0.0
1,1,5960,5750464778752,89.9950041746795,0.0
1,1,5961,5750844043776,90.00093968750001,0.0
1,0,2981,5751584285910,90.01252450655424,nan
1,1,5962,5752325820416,90.02412955128206,0.0
1,1,5963,5752705146368,90.0300660176282,0.0
1,1,5964,5753778003456,90.04685627403846,0.0
1,1,5965,5754501369856,90.0581769871795,0.0
1,0,2983,5754900469729,90.06442291618151,nan
1,1,5966,5755638885888,90.07597915865385,0.0
1,1,5967,5756018209792,90.08191559294872,0.0
1,1,5968,5757085756416,90.09862274038461,0.0
1,1,5969,5757465065984,90.10455895032051,0.0
1,0,2985,5758205537076,90.11614735257662,nan
1,1,5970,5758602352640,90.12235753205128,0.0
1,1,5971,5759331100672,90.13376246794871,0.0
1,1,5972,5760742741504,90.15585470352565,0.0
1,1,5973,5761122090496,90.16179153044872,0.0
1,0,2987,5761863433819,90.17339358315492,nan
1,1,5974,5762259500544,90.17959204326924,0.0
1,1,5975,5762983175680,90.19091758814103,0.0
1,1,5976,5764051175936,90.2076318349359,0.0
1,1,5977,5764430538752,90.21356887820514,0.0
1,0,2989,5765169362854,90.22513150500176,nan
1,1,5978,5765562845696,90.23128952724359,0.0
1,1,5979,5766286631936,90.24261681089745,0.0
1,1,5980,5767010412032,90.25394399839743,0.0
1,1,5981,5767734107136,90.26526985576923,0.0
1,0,2991,5768134126802,90.27153017956856,nan
1,1,5982,5768872087040,90.28307928685898,0.0
1,1,5983,5769251596288,90.28901862179488,0.0
1,1,5984,5770319235072,90.30572721153847,0.0
1,1,5985,5771387171840,90.3224404647436,0.0
1,0,2993,5771787257873,90.32870182718914,nan
1,1,5986,5772525067776,90.34024858173078,0.0
1,1,5987,5772904587776,90.3461880849359,0.0
1,1,5988,5773972378624,90.36289905448719,0.0
1,1,5989,5774696135168,90.37422587339744,0.0
1,0,2995,5775093517145,90.38044491725825,nan
1,1,5990,5775489604608,90.38664370192308,0.0
1,1,5991,5776213315584,90.3979698076923,0.0
1,1,5992,5777281280512,90.41468350160257,0.0
1,1,5993,5777660788736,90.42062282051282,0.0
1,0,2997,5778398956717,90.43217517898951,nan
1,1,5994,5778793287168,90.43834646634616,0.0
1,1,5995,5779172640256,90.4442833573718,0.0
1,1,5996,5780585071616,90.46638796474359,0.0
1,1,5997,5781308784640,90.47771410256411,0.0
1,0,2999,5781704951293,90.48391412655562,nan
1,1,5998,5782446832640,90.49552459935897,0.0
1,1,5999,5783170632704,90.50685209935898,0.0
1,1,6000,5784238751232,90.52356819711538,0.0
1,1,6001,5784618391552,90.52950958333334,0.0
1,0,3001,5785357743413,90.54108046957946,nan
1,1,6002,5785750705664,90.54723034455128,0.0
1,1,6003,5786474596352,90.55855926282051,0.0
1,1,6004,5787198266368,90.5698847275641,0.0
1,1,6005,5787922021376,90.5812115224359,0.0
1,0,3003,5788321572472,90.58746451309595,nan
1,1,6006,5789060262400,90.5990250400641,0.0
1,1,6007,5789784220160,90.61035500801282,0.0
1,1,6008,5790852378624,90.62707173076923,0.0
1,1,6009,5791231911424,90.63301143429487,0.0
1,0,3005,5791978615192,90.6446973781801,nan
1,1,6010,5792719483904,90.65629200320512,0.0
1,1,6011,5793098944000,90.66223056891026,0.0
1,1,6012,5794511142912,90.68433153846154,0.0
1,1,6013,5794890651136,90.6902708573718,0.0
1,0,3007,5795631154909,90.70185977108687,nan
1,1,6014,5796028775424,90.70808254807693,0.0
1,1,6015,5796752633344,90.71941095352564,0.0
1,1,6016,5797476225024,90.73073519230769,0.0
1,1,6017,5798199792128,90.74205904647437,0.0
1,0,3009,5798595236380,90.74824776486128,nan
1,1,6018,5799332222464,90.75978162660256,0.0
1,1,6019,5799711630336,90.765719375,0.0
1,1,6020,5800779414016,90.7824302323718,0.0
1,1,6021,5801503002624,90.79375442307692,0.0
1,0,3011,5801901227882,90.79998666431916,nan
1,1,6022,5802640725504,90.81155983173078,0.0
1,1,6023,5803364325376,90.82288419871796,0.0
1,1,6024,5804432033792,90.83959387820514,0.0
1,1,6025,5804811344896,90.84553011217949,0.0
1,0,3013,5805553360054,90.85714267913036,nan
1,1,6026,5805948673536,90.86332935096154,0.0
1,1,6027,5806677503488,90.87473556891025,0.0
1,1,6028,5807745105920,90.89144358974359,0.0
1,1,6029,5808124384256,90.89737931089743,0.0
1,0,3015,5808524276681,90.90363764337002,nan
1,1,6030,5809261927424,90.91518190705129,0.0
1,1,6031,5809985413120,90.92650448717949,0.0
1,0,3016,5811047038276,90.94311896340395,nan
1,1,6032,5811783603712,90.95464624198718,0.0
1,1,6033,5812162835968,90.96058124198719,0.0
1,1,6034,5813574663168,90.98267639423077,0.0
1,1,6035,5813953987584,90.98861283653846,0.0
1,0,3018,5814352890010,90.99485567548703,nan
1,1,6036,5815091298304,91.0064117948718,0.0
1,1,6037,5815470553600,91.01234715544872,0.0
1,1,6038,5816538241536,91.02905651442308,0.0
1,1,6039,5817261640192,91.0403777323718,0.0
1,0,3020,5817659125222,91.04659838901618,nan
1,1,6040,5818054922240,91.05279262820513,0.0
1,1,6041,5818783706112,91.064198125,0.0
1,1,6042,5819856609792,91.08098911057692,0.0
1,1,6043,5820585458176,91.09239561698718,0.0
1,0,3022,5821324009181,91.10395396980482,nan
1,1,6044,5821717393408,91.11011044871795,0.0
1,1,6045,5822446152704,91.12151556089744,0.0
1,1,6046,5823858069504,91.14361211538461,0.0
1,1,6047,5824586765312,91.15501623397437,0.0
1,0,3024,5824982339081,91.16120697930752,nan
1,1,6048,5825380058624,91.16743130608975,0.0
1,1,6049,5826103577600,91.17875440705129,0.0
1,1,6050,5827171292160,91.1954641826923,0.0
1,1,6051,5827550645760,91.20140108173076,0.0
1,0,3026,5828288814930,91.21295345881536,nan
1,1,6052,5828682632192,91.21911671474359,0.0
1,1,6053,5829411392000,91.2305218349359,0.0
1,1,6054,5830828644352,91.25270189102564,0.0
1,1,6055,5831207909888,91.25863741185897,0.0
1,0,3028,5831946823804,91.2702014442483,nan
1,1,6056,5832339888640,91.27635292467949,0.0
1,1,6057,5833063444992,91.28767661057692,0.0
1,1,6058,5834131299328,91.30438857371796,0.0
1,1,6059,5834510767104,91.31032725961539,0.0
1,0,3030,5835251593696,91.32192122546074,nan
1,1,6060,5835648308736,91.32812983173078,0.0
1,1,6061,5836371833344,91.33945302083333,0.0
1,1,6062,5837439785984,91.3561665224359,0.0
1,1,6063,5837819305984,91.36210602564103,0.0
1,0,3032,5838556923682,91.37364977216671,nan
1,1,6064,5838951795712,91.37982953525642,0.0
1,1,6065,5839675227648,91.39115127403846,0.0
1,1,6066,5840743026176,91.40786236378206,0.0
1,1,6067,5841466653696,91.41918716346154,0.0
1,0,3034,5841862362749,91.42538002599471,nan
1,1,6068,5842604342272,91.43699203525641,0.0
1,1,6069,5842983758848,91.4429299198718,0.0
1,1,6070,5844051508736,91.45964024839743,0.0
1,1,6071,5844775142400,91.47096514423077,0.0
1,0,3036,5845173105075,91.47719327603853,nan
1,1,6072,5845568860672,91.48338686698719,0.0
1,1,6073,5846292417536,91.49471056089745,0.0
1,1,6074,5847381485056,91.51175451121796,0.0
1,1,6075,5847761001472,91.51769395833334,0.0
1,1,6076,5848828848640,91.53440580929488,0.0
1,1,6077,5849552229888,91.54572675480769,0.0
1,0,3039,5850289784056,91.55726950708635,nan
1,1,6078,5851033817600,91.56891366185897,0.0
1,1,6079,5851413143552,91.57485012820513,0.0
1,1,6080,5852480909312,91.5915607051282,0.0
1,1,6081,5853204550144,91.60288571314103,0.0
1,0,3041,5853600278064,91.6090788709435,nan
1,1,6082,5854342136320,91.6206889823718,0.0
1,1,6083,5854721546752,91.62662677083334,0.0
1,1,6084,5855789760512,91.64334435897436,0.0
1,1,6085,5856513598464,91.65467245192308,0.0
1,0,3043,5856910439265,91.6608830263578,nan
1,1,6086,5857307063296,91.66709020833333,0.0
1,1,6087,5858030743040,91.67841582532051,0.0
1,1,6088,5859098752512,91.69513021634616,0.0
1,1,6089,5859478153728,91.70106786057693,0.0
1,0,3045,5860219416220,91.71266864827474,nan
1,1,6090,5860964976128,91.72433669070513,0.0
1,1,6091,5861688544768,91.73566056891026,0.0
1,1,6092,5862756223488,91.75236978365385,0.0
1,1,6093,5863485070848,91.76377627403846,0.0
1,0,3047,5863880820146,91.7699697664075,nan
1,1,6094,5864278493696,91.77619337339743,0.0
1,1,6095,5865001933312,91.7875152323718,0.0
1,1,6096,5866075009024,91.80430891025641,0.0
1,1,6097,5866454336512,91.81024540064102,0.0
1,0,3049,5867195823821,91.8218497067339,nan
1,1,6098,5867592003072,91.82804992788462,0.0
1,1,6099,5868315502592,91.83937272435898,0.0
1,1,6100,5869383478784,91.85608659455129,0.0
1,1,6101,5870107262976,91.86741384615385,0.0
1,0,3051,5870847003165,91.87899080974873,nan
1,1,6102,5871239931904,91.88514016025641,0.0
1,1,6103,5871963807744,91.89646884615385,0.0
1,1,6104,5873720253440,91.92395729166667,0.0
1,1,6105,5874099722752,91.92989600160257,0.0
1,0,3053,5874838858103,91.94146349945851,nan
1,1,6106,5875231742464,91.94761215544872,0.0
1,1,6107,5875955325952,91.95893626602565,0.0
1,1,6108,5877022862848,91.97564326121795,0.0
1,1,6109,5877402142720,91.98157900641026,0.0
1,0,3055,5878144009926,91.99318925790641,nan
1,1,6110,5878539488256,91.99937850961538,0.0
1,1,6111,5879263089664,92.01070290064102,0.0
1,1,6112,5880674983424,92.03279909455128,0.0
1,1,6113,5881398526976,92.0441225801282,0.0
1,0,3057,5881795697693,92.05033831776154,nan
1,1,6114,5882191764480,92.05653677884615,0.0
1,1,6115,5882915309056,92.06786028044873,0.0
1,1,6116,5884009256448,92.08498060096154,0.0
1,1,6117,5884738072064,92.09638659455129,0.0
1,1,6118,5885805505536,92.11309197115385,0.0
1,1,6119,5886184811008,92.11902811698718,0.0
1,0,3060,5886583734029,92.12527127824832,nan
1,1,6120,5887322445312,92.13683213942308,0.0
1,1,6121,5887701844480,92.14276975160257,0.0
1,1,6122,5888769398784,92.15947701923078,0.0
1,1,6123,5889498134528,92.17088176282051,0.0
1,0,3062,5890235630171,92.18242359918057,nan
1,1,6124,5890974060544,92.19398006410256,0.0
1,1,6125,5891702592000,92.20538161057692,0.0
1,1,6126,5893119494656,92.22755619391026,0.0
1,1,6127,5893498868224,92.23349340544873,0.0
1,0,3064,5894239677818,92.24508710527469,nan
1,1,6128,5894636156928,92.25129201923077,0.0
1,1,6129,5895359618048,92.26261421474359,0.0
1,1,6130,5896427139584,92.27932096955128,0.0
1,1,6131,5896806219776,92.28525358974359,0.0
1,0,3066,5897544555731,92.29680857702012,nan
1,1,6132,5897937705472,92.30296138621794,0.0
1,1,6133,5898666088448,92.31436060897437,0.0
1,1,6134,5899738744320,92.33114771634615,0.0
1,1,6135,5900462183424,92.34246956730769,0.0
1,0,3068,5901200125472,92.35401838992388,nan
1,1,6136,5901599575552,92.36026979967949,0.0
1,1,6137,5902328408576,92.37167606570513,0.0
1,1,6138,5903396071936,92.38838504006411,0.0
1,1,6139,5904119558144,92.39970762820514,0.0
1,0,3070,5904515433266,92.40590308972482,nan
1,1,6140,5904912672256,92.41211989583334,0.0
1,1,6141,5905641385472,92.42352428685898,0.0
1,1,6142,5906714328064,92.44031588141026,0.0
1,1,6143,5907093656064,92.44625237980769,0.0
1,0,3072,5907831892043,92.45780580245581,nan
1,1,6144,5908225157632,92.46396042467948,0.0
1,1,6145,5908953819136,92.47536400641026,0.0
1,1,6146,5910370570240,92.49753621794872,0.0
1,1,6147,5910749786112,92.50347096153847,0.0
1,0,3074,5911489090433,92.51504110378168,nan
1,1,6148,5911881625088,92.52118428685898,0.0
1,1,6149,5912610422784,92.53259,0.0
1,1,6150,5913678060032,92.54929856570513,0.0
1,1,6151,5914401488384,92.56062024839744,0.0
1,0,3076,5914799365821,92.5668470462271,nan
1,1,6152,5915538685952,92.57841743589744,0.0
1,1,6153,5915917840384,92.58435121794872,0.0
1,1,6154,5916990315520,92.60113549679487,0.0
1,1,6155,5917719017984,92.61253971955128,0.0
1,0,3078,5918115237343,92.6187405683938,nan
1,1,6156,5918512146432,92.62495221153847,0.0
1,1,6157,5919240934400,92.6363577724359,0.0
1,1,6158,5920652648960,92.65845116185898,0.0
1,1,6159,5921376136704,92.66977377403846,0.0
1,0,3080,5921773217050,92.67598809736204,nan
1,1,6160,5922513616896,92.68757538461539,0.0
1,1,6161,5922892915712,92.69351142628206,0.0
1,1,6162,5923965927936,92.71030411057693,0.0
1,1,6163,5924694713856,92.72170963942308,0.0
1,0,3082,5925094769168,92.72797052108373,nan
1,1,6164,5925832231936,92.73951184294872,0.0
1,1,6165,5926211542016,92.74544806089744,0.0
1,1,6166,5927279280640,92.76215821314103,0.0
1,1,6167,5927658782208,92.76809742788461,0.0
1,0,3084,5928395696008,92.77963015837841,nan
1,1,6168,5928790864384,92.78581455929488,0.0
1,1,6169,5929858464768,92.80252254807692,0.0
1,1,6170,5930931305472,92.81931254807692,0.0
1,1,6171,5931654703104,92.83063375,0.0
1,0,3086,5932054067891,92.83688382491674,nan
1,1,6172,5932797310976,92.84851560897437,0.0
1,1,6173,5933525997568,92.85991958333334,0.0
1,1,6174,5934598550528,92.8767050801282,0.0
1,1,6175,5935327261696,92.88810943910256,0.0
1,0,3088,5935722791327,92.89429949367425,nan
1,1,6176,5936469809664,92.90599036057692,0.0
1,1,6177,5936849132032,92.91192677083333,0.0
1,1,6178,5937916529664,92.92863158653846,0.0
1,1,6179,5938645227520,92.94003573717949,0.0
1,0,3090,5939045308563,92.94629702153132,nan
1,1,6180,5939787599360,92.95791390224359,0.0
1,1,6181,5940860315136,92.97470194711539,0.0
1,1,6182,5942271477248,92.99678669070514,0.0
1,1,6183,5942650656768,93.00272086538462,0.0
1,0,3092,5943392388043,93.01432898955517,nan
1,1,6184,5943787751936,93.02051645032051,0.0
1,1,6185,5944516418048,93.03192010416667,0.0
1,1,6186,5945588958720,93.04870540865384,0.0
1,1,6187,5945968162816,93.05463996794872,0.0
1,0,3094,5946705478904,93.06617899426583,nan
1,1,6188,5947099672064,93.07234813301282,0.0
1,1,6189,5947828281344,93.0837508974359,0.0
1,1,6190,5948900795904,93.10053579326923,0.0
1,1,6191,5949629329920,93.1119373798077,0.0
1,0,3096,5950029479401,93.11819973521698,nan
1,1,6192,5950771718144,93.12981580128205,0.0
1,1,6193,5951844269056,93.14660126602564,0.0
1,1,6194,5952916754432,93.1633857051282,0.0
1,1,6195,5953301303808,93.16940391826924,0.0
1,0,3098,5954042019034,93.18099614123223,nan
1,1,6196,5954438185984,93.1871961698718,0.0
1,1,6197,5955166882304,93.19860029647437,0.0
1,1,6198,5956239462912,93.21538622596154,0.0
1,1,6199,5956618536448,93.22131874198718,0.0
1,0,3100,5957360133094,93.23292475920849,nan
1,1,6200,5957755444224,93.23911139423078,0.0
1,1,6201,5958478803968,93.25043200320513,0.0
1,1,6202,5959551538176,93.26722033653846,0.0
1,1,6203,5960280295936,93.27862542467949,0.0
1,0,3102,5961018314525,93.29017544516539,nan
1,1,6204,5961761676288,93.30180908653847,0.0
1,1,6205,5962140925952,93.30774435897436,0.0
1,1,6206,5963213825536,93.32453528044871,0.0
1,1,6207,5963937633792,93.33586290865385,0.0
1,0,3104,5964335054383,93.3420825568253,nan
1,1,6208,5965075462144,93.35366996794872,0.0
1,1,6209,5965454948864,93.35960895032052,0.0
1,1,6210,5966522513920,93.37631638621795,0.0
1,1,6211,5967245938688,93.38763801282052,0.0
1,0,3106,5967646571870,93.39390793816982,nan
1,1,6212,5968039168512,93.40005209134615,0.0
1,1,6213,5968762730496,93.41137586538461,0.0
1,1,6214,5970174594048,93.43347158653846,0.0
1,1,6215,5970898174976,93.44479565705129,0.0
1,0,3108,5971639544513,93.45639812000763,nan
1,1,6216,5972035533312,93.46259536057693,0.0
1,1,6217,5972758968320,93.4739171474359,0.0
1,1,6218,5973826630656,93.49062610576924,0.0
1,1,6219,5974206035968,93.49656381410257,0.0
1,0,3110,5974945058853,93.5081295518611,nan
1,1,6220,5975338352640,93.51428461538462,0.0
1,1,6221,5975717762048,93.52022238782051,0.0
1,1,6222,5976785503232,93.53693258012821,0.0
1,1,6223,5977509052928,93.54825616185897,0.0
1,0,3112,5977908674922,93.55451026207557,nan
1,1,6224,5978651637760,93.56613766025642,0.0
1,1,6225,5979380390912,93.57754267628205,0.0
1,1,6226,5980797157888,93.59971513621795,0.0
1,1,6227,5981176410112,93.60565044871795,0.0
1,0,3114,5981917663867,93.61725109968137,nan
1,1,6228,5982313631744,93.62344801282052,0.0
1,1,6229,5983042242048,93.63485079326924,0.0
1,1,6230,5984114853888,93.65163721153847,0.0
1,1,6231,5984493927424,93.65756972756411,0.0
1,0,3116,5985233790366,93.66914861224835,nan
1,1,6232,5985631106048,93.67536661858975,0.0
1,1,6233,5986354446848,93.68668693108975,0.0
1,1,6234,5987427121152,93.70347432692309,0.0
1,1,6235,5987806322176,93.70940883814103,0.0
1,0,3118,5988203315383,93.71562179773575,nan
1,1,6236,5988943477248,93.72720536057693,0.0
1,1,6237,5989666839040,93.73852600160257,0.0
1,1,6238,5990739862016,93.75531885416667,0.0
1,1,6239,5991463232512,93.76663963141026,0.0
1,0,3120,5991860520430,93.77285720324394,nan
1,1,6240,5992256369152,93.77905225160256,0.0
1,1,6241,5992979871232,93.79037508814103,0.0
1,1,6242,5994047776768,93.80708785256411,0.0
1,1,6243,5994427125248,93.81302467147437,0.0
1,0,3122,5995165924678,93.8245869121532,nan
1,1,6244,5995559282176,93.83074297275641,0.0
1,1,6245,5995938640384,93.83667994391026,0.0
1,1,6246,5997006430208,93.8533908974359,0.0
1,1,6247,5997730116608,93.86471661858975,0.0
1,0,3124,5998128981654,93.87095887253982,nan
1,1,6248,5998867716096,93.88252009615385,0.0
1,1,6249,5999246926848,93.88845475961539,0.0
1,1,6250,6000658567168,93.91054698717949,0.0
1,1,6251,6001387322368,93.92195203525641,0.0
1,0,3126,6002128215001,93.93354703464607,nan
1,1,6252,6002874070528,93.94521970352564,0.0
1,1,6253,6003602916864,93.95662617788462,0.0
1,1,6254,6004670571008,93.97333500801282,0.0
1,1,6255,6005049945088,93.97927222756411,0.0
1,0,3128,6005790636783,93.990864082266,nan
1,1,6256,6006187422720,93.99707379807693,0.0
1,1,6257,6006910909440,94.00839639423077,0.0
1,1,6258,6007978844160,94.02510961538462,0.0
1,1,6259,6008358235136,94.03104709935897,0.0
1,0,3130,6009096030808,94.0425936311849,nan
1,1,6260,6009834888192,94.05415677884616,0.0
1,1,6261,6010558422528,94.0654801201923,0.0
1,1,6262,6011970365440,94.08757708333333,0.0
1,1,6263,6012699173376,94.09898295673077,0.0
1,0,3132,6013099722624,94.10525156850962,nan
1,1,6264,6013836574208,94.11678332532051,0.0
1,1,6265,6014215862272,94.12271919871795,0.0
1,1,6266,6015283491328,94.13942763621795,0.0
1,1,6267,6015662837760,94.14536442307693,0.0
1,0,3134,6016399718146,94.15689663064028,nan
1,1,6268,6016794813952,94.16307989583333,0.0
1,1,6269,6017518428672,94.1744044951923,0.0
1,1,6270,6018591373824,94.1911961298077,0.0
1,1,6271,6019315010560,94.20252107371795,0.0
1,0,3136,6019711045688,94.20871903933795,nan
1,1,6272,6020452683776,94.2203257051282,0.0
1,1,6273,6021176302080,94.23165036057692,0.0
1,1,6274,6022244363264,94.24836556089744,0.0
1,1,6275,6022623877632,94.25430497596155,0.0
1,0,3138,6023363711366,94.26588340353942,nan
1,1,6276,6023756231168,94.27202635416667,0.0
1,1,6277,6024479745024,94.283349375,0.0
1,1,6278,6025547355648,94.30005752403846,0.0
1,1,6279,6025926647808,94.30599346153846,0.0
1,0,3140,6026321865463,94.31217863367326,nan
1,1,6280,6027058819072,94.3237119871795,0.0
1,1,6281,6027438187520,94.32964911858974,0.0
1,1,6282,6029194265088,94.35713180288462,0.0
1,1,6283,6029573707264,94.36307008814103,0.0
1,0,3142,6030314982506,94.37467107537685,nan
1,1,6284,6031060738560,94.3863421875,0.0
1,1,6285,6032133396480,94.40312932692308,0.0
1,1,6286,6033545001984,94.42522100961538,0.0
1,1,6287,6033924371456,94.43115815705129,0.0
1,0,3144,6034666239886,94.44276842770307,nan
1,1,6288,6035061927936,94.44896096153846,0.0
1,1,6289,6035785495040,94.46028481570514,0.0
1,1,6290,6036853284864,94.47699576923077,0.0
1,1,6291,6037232662016,94.48293303685898,0.0
1,0,3146,6037972561629,94.49451249544585,nan
1,1,6292,6039058347520,94.51150508814104,0.0
1,1,6293,6039787048960,94.5229092948718,0.0
1,1,6294,6041198776320,94.54500288461539,0.0
1,1,6295,6041578133504,94.55093983974359,0.0
1,0,3148,6042314553925,94.56246484883627,nan
1,1,6296,6042710251008,94.56865752403847,0.0
1,1,6297,6043439193088,94.58006549679487,0.0
1,1,6298,6044506879488,94.59677483173077,0.0
1,1,6299,6044886280192,94.60271246794872,0.0
1,0,3150,6045625868674,94.61428705732297,nan
1,1,6300,6046018630144,94.62043379006411,0.0
1,1,6301,6046747411456,94.63183924679487,0.0
1,1,6302,6047820240896,94.64862907051283,0.0
1,1,6303,6048543547392,94.65994884615385,0.0
1,0,3152,6049282284228,94.67151010723408,nan
1,1,6304,6050024844288,94.68313120192308,0.0
1,1,6305,6050753736192,94.69453838942307,0.0
1,1,6306,6051821296128,94.71124574519231,0.0
1,1,6307,6052200518656,94.71718059294872,0.0
1,0,3154,6052938713097,94.72873336552547,nan
1,1,6308,6053332139520,94.7348905048077,0.0
1,1,6309,6054061073920,94.7462983573718,0.0
1,1,6310,6054784603136,94.75762161858975,0.0
1,1,6311,6055513466880,94.76902836538461,0.0
1,0,3156,6055913098010,94.77528260857999,nan
1,1,6312,6056650901504,94.78682926282052,0.0
1,1,6313,6057030222336,94.79276564903846,0.0
1,1,6314,6058098140160,94.80947860576923,0.0
1,1,6315,6059166186496,94.82619357371796,0.0
1,0,3158,6059906904720,94.83778584359976,nan
1,1,6316,6060648425984,94.84939068108974,0.0
1,1,6317,6061027867136,94.85532895032051,0.0
1,1,6318,6062440071680,94.87743000801282,0.0
1,1,6319,6063163702784,94.88875486378205,0.0
1,0,3160,6063905686496,94.90036693860176,nan
1,1,6320,6064301386752,94.90655966346154,0.0
1,1,6321,6064680790016,94.9124973397436,0.0
1,1,6322,6065748312064,94.9292041025641,0.0
1,1,6323,6066471858688,94.94052763621795,0.0
1,0,3162,6066870988069,94.94677402702136,nan
1,1,6324,6067609563136,94.95833275641026,0.0
1,1,6325,6068333002752,94.96965461538461,0.0
1,1,6326,6069744951296,94.99175166666667,0.0
1,1,6327,6070468649984,95.0030775801282,0.0
1,0,3164,6070866798219,95.00930861595741,nan
1,1,6328,6071611666944,95.02096584134615,0.0
1,1,6329,6071991012352,95.02690261217948,0.0
1,1,6330,6073058721280,95.0436122996795,0.0
1,1,6331,6073782171648,95.05493432692307,0.0
1,0,3166,6074178398164,95.06113528777294,nan
1,1,6332,6074575243264,95.06734592948719,0.0
1,1,6333,6075298803200,95.07866967147436,0.0
1,1,6334,6076366654464,95.09538158653847,0.0
1,1,6335,6076746104832,95.10132,0.0
1,0,3168,6077484759853,95.1128799806722,nan
1,1,6336,6077878162432,95.11903674679488,0.0
1,1,6337,6079295440384,95.14121720352564,0.0
1,1,6338,6080368357376,95.1580083974359,0.0
1,1,6339,6081097414144,95.1694181650641,0.0
1,0,3170,6081496172591,95.17565875073555,nan
1,1,6340,6082235007488,95.18722154647436,0.0
1,1,6341,6082614315008,95.19315772435898,0.0
1,1,6342,6083682048000,95.20986778846154,0.0
1,1,6343,6084405372416,95.22118784455128,0.0
1,0,3172,6084801889685,95.22739335569725,nan
1,1,6344,6085548052992,95.23907084134616,0.0
1,1,6345,6085927391744,95.24500750801282,0.0
1,1,6346,6087016160768,95.26204678685897,0.0
1,1,6347,6087745011200,95.27345332532052,0.0
1,1,6348,6089156968448,95.29555051282051,0.0
1,1,6349,6089880685056,95.30687670673078,0.0
1,0,3175,6090620088499,95.31844840023726,nan
1,1,6350,6091013014016,95.32459770032051,0.0
1,1,6351,6091736649728,95.33592262820513,0.0
1,1,6352,6092804510720,95.35263469551282,0.0
1,1,6353,6093183832064,95.35857108974359,0.0
1,0,3177,6093579404309,95.36476181122609,nan
1,1,6354,6094321383424,95.37637381410256,0.0
1,1,6355,6094700726784,95.38231055288462,0.0
1,1,6356,6095768361984,95.39901908653846,0.0
1,1,6357,6096497132032,95.41042436698719,0.0
1,0,3179,6096898014504,95.41669819373497,nan
1,1,6358,6097290506240,95.42284070512821,0.0
1,1,6359,6098013868544,95.43416135416668,0.0
1,1,6360,6099431026176,95.45633992788461,0.0
1,1,6361,6100159836672,95.46774584134616,0.0
1,0,3181,6100898425979,95.47930479359162,nan
1,1,6362,6101291912192,95.48546286858975,0.0
1,1,6363,6102015412224,95.49678567307693,0.0
1,1,6364,6103088290304,95.51357625801282,0.0
1,1,6365,6103467524096,95.51951128205128,0.0
1,0,3183,6104205677006,95.53106340466621,nan
1,1,6366,6104599409664,95.53722533653847,0.0
1,1,6367,6105322803200,95.54854647435897,0.0
1,1,6368,6106390472192,95.56525553685897,0.0
1,1,6369,6106769882624,95.57119332532052,0.0
1,0,3185,6107165792557,95.57738933163374,nan
1,1,6370,6107907390976,95.58899537660257,0.0
1,1,6371,6108636222976,95.60040162660256,0.0
1,1,6372,6110052984832,95.62257400641026,0.0
1,1,6373,6110781800960,95.63398000801283,0.0
1,0,3187,6111519602242,95.64552662763548,nan
1,1,6374,6111913426432,95.65168999198718,0.0
1,1,6375,6112292812288,95.65762739583333,0.0
1,1,6376,6113360510464,95.6743369150641,0.0
1,1,6377,6114084022272,95.68565990384616,0.0
1,0,3189,6114479442336,95.6918482436899,nan
1,1,6378,6114882466304,95.6981555849359,0.0
1,1,6379,6115611342848,95.70956253205128,0.0
1,1,6380,6116684147200,95.72635196314103,0.0
1,1,6381,6117063342080,95.73228637820513,0.0
1,0,3191,6117802920089,95.74386080367651,nan
1,1,6382,6118550131712,95.75555469551283,0.0
1,1,6383,6119273798656,95.76688011217949,0.0
1,1,6384,6121029823488,95.79436197115385,0.0
1,1,6385,6121414543360,95.8003828525641,0.0
1,0,3193,6122152013784,95.8119242942458,nan
1,1,6386,6122546215936,95.81809357371795,0.0
1,1,6387,6123269765120,95.8294171474359,0.0
1,1,6388,6124337394688,95.84612559294872,0.0
1,1,6389,6124716699136,95.85206172275642,0.0
1,0,3195,6125454184265,95.86360339457194,nan
1,1,6390,6125848712192,95.8697777724359,0.0
1,1,6391,6126228074496,95.8757148076923,0.0
1,1,6392,6127295845376,95.8924254647436,0.0
1,1,6393,6128024638464,95.90383110576923,0.0
1,0,3197,6128766743693,95.91544508233487,nan
1,1,6394,6129506335232,95.92701971955128,0.0
1,1,6395,6130573862912,95.94372657051282,0.0
1,1,6396,6131990652416,95.96589938301283,0.0
1,1,6397,6132369919488,95.97183492788461,0.0
1,0,3199,6133109283302,95.98340600119566,nan
1,1,6398,6133501932544,95.98955097756411,0.0
1,1,6399,6134225385984,96.00087305288461,0.0
1,1,6400,6135292876800,96.01757932692308,0.0
1,1,6401,6135672147968,96.02351493589744,0.0
1,0,3201,6136068384586,96.029716054844,nan
1,1,6402,6136809696256,96.04131761217948,0.0
1,1,6403,6137189006336,96.04725383012821,0.0
1,1,6404,6138950018048,96.07481373397437,0.0
1,1,6405,6139678832128,96.08621970352564,0.0
1,0,3203,6140079679068,96.09249297419622,nan
1,1,6406,6141165296128,96.10948292467948,0.0
1,1,6407,6141544543744,96.1154181650641,0.0
1,1,6408,6142617450496,96.13220919871794,0.0
1,1,6409,6143340934656,96.1435317548077,0.0
1,0,3205,6143738046883,96.14974657707019,nan
1,1,6410,6144134194688,96.15594630608975,0.0
1,1,6411,6144857678336,96.16726885416666,0.0
1,1,6412,6145925360640,96.183978125,0.0
1,1,6413,6146304829952,96.1899168349359,0.0
1,0,3207,6147042543362,96.20146207935822,nan
1,1,6414,6147437175808,96.20763809294873,0.0
1,1,6415,6148504861184,96.22434741185897,0.0
1,1,6416,6150282049024,96.25216047275642,0.0
1,1,6417,6150666794496,96.2581817548077,0.0
1,0,3209,6151408481753,96.26978919009478,nan
1,1,6418,6152148113408,96.28136445512821,0.0
1,1,6419,6152527354368,96.28729959134616,0.0
1,1,6420,6153600112128,96.30408829326923,0.0
1,1,6421,6154328880640,96.31549354967949,0.0
1,0,3211,6154724810999,96.32168987566044,nan
1,1,6422,6155471443456,96.33337470352565,0.0
1,1,6423,6156194877952,96.3446964823718,0.0
1,1,6424,6157262462976,96.36140423076924,0.0
1,1,6425,6157641697792,96.36733927083334,0.0
1,0,3213,6158382198325,96.37892813384228,nan
1,1,6426,6158778783232,96.38513470352564,0.0
1,1,6427,6159507654656,96.39654157051282,0.0
1,1,6428,6161607332864,96.42940161858975,0.0
1,1,6429,6162330849792,96.44072468750001,0.0
1,0,3215,6162728230277,96.44694370801095,nan
1,1,6430,6163124189184,96.45314048076924,0.0
1,1,6431,6163847718400,96.46446374198719,0.0
1,1,6432,6164915535872,96.48117512820514,0.0
1,1,6433,6165295046656,96.4871144871795,0.0
1,0,3217,6166032447721,96.49865484339006,nan
1,1,6434,6166427383808,96.50483560897436,0.0
1,1,6435,6166806944256,96.5107757451923,0.0
1,1,6436,6168218807296,96.53287145833333,0.0
1,1,6437,6169286337024,96.54957834134616,0.0
1,0,3219,6170026046038,96.56115481705103,nan
1,1,6438,6170762573824,96.57268150641026,0.0
1,1,6439,6171486315008,96.5840080849359,0.0
1,1,6440,6172559255552,96.6007996474359,0.0
1,1,6441,6172938713088,96.60673817307692,0.0
1,0,3221,6173677970871,96.61830758699857,nan
1,1,6442,6174070621184,96.6244525801282,0.0
1,1,6443,6174449950720,96.63038910256411,0.0
1,1,6444,6175517591552,96.64709772435897,0.0
1,1,6445,6176241034240,96.65841963141025,0.0
1,0,3223,6176641673475,96.66468965148925,nan
1,1,6446,6177378636800,96.67622315705128,0.0
1,1,6447,6178451672064,96.69301620192309,0.0
1,1,6448,6179524663296,96.70980855769231,0.0
1,1,6449,6180253481472,96.72121459134615,0.0
1,0,3225,6180653035535,96.72746762843988,nan
1,1,6450,6181396056064,96.73909592948718,0.0
1,1,6451,6181775233024,96.74503006410256,0.0
1,1,6452,6182848263168,96.76182302884615,0.0
1,1,6453,6183571714048,96.77314506410256,0.0
1,0,3227,6183970524458,96.77938646299705,nan
1,1,6454,6184364904960,96.78555853365386,0.0
1,1,6455,6185088309248,96.7968798397436,0.0
1,1,6456,6186160820736,96.81366468750001,0.0
1,1,6457,6186540065792,96.81959988782052,0.0
1,0,3229,6187276821644,96.83113014642177,nan
1,1,6458,6188016086528,96.84269967147436,0.0
1,1,6459,6188395471872,96.84863706730769,0.0
1,1,6460,6189807296512,96.87073217948718,0.0
1,1,6461,6190186705920,96.87666995192308,0.0
1,0,3231,6190927991284,96.88827109756862,nan
1,1,6462,6191673389056,96.89993660256411,0.0
1,1,6463,6192058097152,96.90595729967949,0.0
1,0,3232,6192778338076,96.91722909899589,nan
1,1,6464,6193173213184,96.92340891025641,0.0
1,1,6465,6193896730624,96.93473198717949,0.0
1,1,6466,6194969618944,96.9515227323718,0.0
1,1,6467,6195348936704,96.95745907051283,0.0
1,0,3234,6196089098326,96.96904262955104,nan
1,1,6468,6196486288896,96.97525867788463,0.0
1,1,6469,6197209718272,96.98658037660256,0.0
1,1,6470,6198626424832,97.00875189102564,0.0
1,1,6471,6199005684224,97.01468731570513,0.0
1,0,3236,6200094250375,97.0317234195807,nan
1,1,6472,6200487226880,97.03787351762821,0.0
1,1,6473,6200866599936,97.04381072115385,0.0
1,1,6474,6201939694592,97.06060469551282,0.0
1,1,6475,6202663254016,97.07192842948719,0.0
1,0,3238,6203063338169,97.07818976251065,nan
1,1,6476,6203800928768,97.0897330849359,0.0
1,1,6477,6204180339200,97.09567087339744,0.0
1,1,6478,6205248370688,97.11238560897436,0.0
1,1,6479,6205971905536,97.12370895833334,0.0
1,0,3240,6206369450008,97.1299305452474,nan
1,1,6480,6207109206016,97.14150775641026,0.0
1,1,6481,6207838023168,97.15291377403847,0.0
1,1,6482,6209249876992,97.17500934294873,0.0
1,1,6483,6209629187584,97.18094556891026,0.0
1,0,3242,6210368675703,97.19251858759954,nan
1,1,6484,6211105335296,97.2040473397436,0.0
1,1,6485,6211484637184,97.20998342948718,0.0
1,1,6486,6212557347840,97.22677139423077,0.0
1,1,6487,6213286184448,97.23817771634616,0.0
1,0,3244,6213685817498,97.2444319895896,nan
1,1,6488,6214428793856,97.25605959935898,0.0
1,1,6489,6214807931392,97.26199311698718,0.0
1,1,6490,6215880854528,97.27878440705129,0.0
1,1,6491,6216604460544,97.29010887019231,0.0
1,0,3246,6217003541944,97.29635451009115,nan
1,1,6492,6218091382272,97.3133792548077,0.0
1,1,6493,6218814770688,97.3247003125,0.0
1,1,6494,6219882487296,97.34141012019231,0.0
1,1,6495,6220605897728,97.3527315224359,0.0
1,0,3248,6221003268355,97.35895038866875,nan
1,1,6496,6221743290880,97.37053177083334,0.0
1,1,6497,6222122564608,97.3764674198718,0.0
1,1,6498,6223195411968,97.39325752403846,0.0
1,1,6499,6223924144128,97.40466221153847,0.0
1,0,3250,6224320051243,97.41085817374987,nan
1,1,6500,6225066663936,97.4225426923077,0.0
1,1,6501,6225445711872,97.42847480769231,0.0
1,1,6502,6226518497792,97.44526395032051,0.0
1,1,6503,6226897797120,97.4512,0.0
1,0,3252,6227636003667,97.46275296203613,nan
1,1,6504,6228723243008,97.47976830128205,0.0
1,1,6505,6229451874816,97.49117141826923,0.0
1,1,6506,6230868600832,97.51334323717948,0.0
1,1,6507,6231247805952,97.51927781250001,0.0
1,0,3254,6231987328641,97.53085137221116,nan
1,1,6508,6232384905216,97.53707346153847,0.0
1,1,6509,6232764141056,97.54300851762821,0.0
1,1,6510,6233836859392,97.5597966025641,0.0
1,1,6511,6234560207872,97.5711170352564,0.0
1,0,3256,6234956007350,97.57731131294446,nan
1,1,6512,6235702632960,97.58899603365384,0.0
1,1,6513,6236081876992,97.59493121794873,0.0
1,1,6514,6237498250240,97.61709751602564,0.0
1,1,6515,6238226765312,97.62849880608975,0.0
1,0,3258,6238623865527,97.63471344036397,nan
1,1,6516,6239369084928,97.64637615384616,0.0
1,1,6517,6239748238848,97.65230992788462,0.0
1,1,6518,6241159522304,97.67439657051283,0.0
1,1,6519,6241888109056,97.6857989823718,0.0
1,0,3260,6242286531551,97.69203431038099,nan
1,1,6520,6242681157632,97.69821022435897,0.0
1,1,6521,6243404656640,97.70953301282051,0.0
1,1,6522,6244472047104,97.72623771634616,0.0
1,1,6523,6245201019392,97.73764616185898,0.0
1,0,3262,6245597547802,97.74385184736204,nan
1,1,6524,6245994393088,97.75006249198718,0.0
1,1,6525,6246722924032,97.76146403044872,0.0
1,1,6526,6248139330560,97.78363084935897,0.0
1,1,6527,6248867638784,97.79502890224359,0.0
1,0,3264,6249606744127,97.80659593047314,nan
1,1,6528,6250353742848,97.81828649038462,0.0
1,1,6529,6250732783616,97.82421849358974,0.0
1,1,6530,6251805497344,97.84100650641025,0.0
1,1,6531,6252534046720,97.85240833333333,0.0
1,0,3266,6252934874396,97.85868130252153,nan
1,1,6532,6253676428800,97.87028665865385,0.0
1,1,6533,6254055610880,97.87622087339744,0.0
1,1,6534,6255128050688,97.89300459935897,0.0
1,1,6535,6255856553984,97.90440570512821,0.0
1,0,3268,6256256358951,97.91066266887958,nan
1,1,6536,6256649372160,97.91681334134616,0.0
1,1,6537,6257377951232,97.92821563301283,0.0
1,1,6538,6258794560000,97.95038561698718,0.0
1,1,6539,6259523067392,97.96178678685898,0.0
1,0,3270,6259919598920,97.96799252115886,nan
1,1,6540,6260665333760,97.97966330128206,0.0
1,1,6541,6261044577280,97.98559847756411,0.0
1,1,6542,6262117418496,98.00238848557693,0.0
1,1,6543,6262840827392,98.01370986378205,0.0
1,0,3272,6263240869967,98.01997054610815,nan
1,1,6544,6263633960448,98.02612242788462,0.0
1,1,6545,6264362697216,98.0375271875,0.0
1,1,6546,6265430188032,98.05423346153846,0.0
1,1,6547,6265809611264,98.06017145032051,0.0
1,0,3274,6266550898067,98.07177261848646,nan
1,1,6548,6267635809280,98.0887515224359,0.0
1,1,6549,6268359427584,98.10007617788462,0.0
1,1,6550,6269770826240,98.12216462339744,0.0
1,1,6551,6270843528704,98.1389524599359,0.0
1,0,3276,6271242075870,98.14518973905123,nan
1,1,6552,6271980897792,98.15675233173077,0.0
1,1,6553,6272709650432,98.16815733974359,0.0
1,1,6554,6273782685184,98.18495037660257,0.0
1,1,6555,6274161989632,98.19088650641027,0.0
1,0,3278,6274903747075,98.20249504011106,nan
1,1,6556,6275299411456,98.20868720352564,0.0
1,1,6557,6275678726656,98.21462350160256,0.0
1,1,6558,6277095953408,98.23680315705128,0.0
1,1,6559,6279201439744,98.26975410256411,0.0
1,0,3280,6279938329430,98.28128645567283,nan
1,1,6560,6280333334016,98.28746829326923,0.0
1,1,6561,6281061863424,98.29886980769231,0.0
1,1,6562,6282478703104,98.32104340544872,0.0
1,1,6563,6282858148352,98.32698173878205,0.0
1,0,3282,6283596101265,98.33853073143592,nan
1,1,6564,6283990099968,98.34469682692308,0.0
1,1,6565,6284369514496,98.35063467948719,0.0
1,1,6566,6285437215744,98.36734424679487,0.0
1,1,6567,6286160660480,98.37866618589744,0.0
1,0,3284,6286901853172,98.39026588122246,nan
1,1,6568,6287642128384,98.40185121794872,0.0
1,1,6569,6288714937344,98.41864072115385,0.0
1,1,6570,6290126621696,98.44073363782051,0.0
1,1,6571,6291194155520,98.4574405849359,0.0
1,0,3286,6291594840880,98.463711326873,nan
1,1,6572,6291987450880,98.46985568910257,0.0
1,1,6573,6292710850560,98.48117692307693,0.0
1,1,6574,6293778166272,98.49788045673077,0.0
1,1,6575,6294157339136,98.50381452724359,0.0
1,0,3288,6294896002727,98.51537464203663,nan
1,1,6576,6295289230848,98.52152867788462,0.0
1,1,6577,6296012776960,98.53285220352565,0.0
1,1,6578,6297424371200,98.5549437099359,0.0
1,1,6579,6298148022272,98.56626887820514,0.0
1,0,3290,6298889715232,98.5778764027444,nan
1,1,6580,6299285711360,98.58407375801282,0.0
1,1,6581,6300353390592,98.60078298076924,0.0
1,1,6582,6301770935296,98.6229676121795,0.0
1,1,6583,6302150303744,98.62890474358974,0.0
1,0,3292,6302888652654,98.64045993361253,nan
1,1,6584,6303626924032,98.65201391025641,0.0
1,1,6585,6304006410240,98.65795288461538,0.0
1,1,6586,6305074656256,98.6746709775641,0.0
1,1,6587,6305798446080,98.68599831730769,0.0
1,0,3294,6306535169776,98.69752807266627,nan
1,1,6588,6307275465728,98.70911373397436,0.0
1,1,6589,6308343514112,98.72582873397437,0.0
1,1,6590,6309411357184,98.74254052083333,0.0
1,1,6591,6310479214592,98.75925253205129,0.0
1,0,3296,6311216381564,98.77078922469701,nan
1,1,6592,6311611625984,98.77697481570513,0.0
1,1,6593,6312335150080,98.78829799679488,0.0
1,1,6594,6313402916352,98.80500858173077,0.0
1,1,6595,6314126504448,98.81633276442308,0.0
1,0,3298,6314527141826,98.82260275543996,nan
1,1,6596,6314920099840,98.82875256410257,0.0
1,1,6597,6315643739136,98.84007754807692,0.0
1,1,6598,6316711819776,98.85679305288461,0.0
1,1,6599,6318468079104,98.88427858173077,0.0
1,0,3300,6319555122490,98.90129085427309,nan
1,1,6600,6319949896704,98.90746908653847,0.0
1,1,6601,6320673403904,98.91879200320513,0.0
1,1,6602,6321746432512,98.93558494391026,0.0
1,1,6603,6322470164480,98.94691137820513,0.0
1,0,3302,6322866857607,98.95311964153584,nan
1,1,6604,6323607841792,98.96471607371795,0.0
1,1,6605,6323987245568,98.97065375801283,0.0
1,1,6606,6325055417856,98.98737069711538,0.0
1,1,6607,6325779150848,98.9986971474359,0.0
1,0,3304,6326519595490,99.01028513574845,nan
1,1,6608,6327261531648,99.02189646634616,0.0
1,1,6609,6327985343488,99.03322415064103,0.0
1,1,6610,6329768148480,99.06112512019232,0.0
1,1,6611,6330147689472,99.06706495192309,0.0
1,1,6612,6331215805440,99.0837810096154,0.0
1,1,6613,6331939531264,99.09510734775641,0.0
1,0,3307,6332336053527,99.10131293705867,nan
1,1,6614,6333077287936,99.11291328525641,0.0
1,1,6615,6333456861696,99.11885362980769,0.0
1,1,6616,6334524870656,99.13556801282051,0.0
1,1,6617,6335248502272,99.14689287660256,0.0
1,0,3309,6335646261863,99.1531178301376,nan
1,1,6618,6336386382848,99.16470075320512,0.0
1,1,6619,6337110251520,99.17602932692309,0.0
1,0,3310,6337827250160,99.18725038436499,nan
1,1,6620,6338909880320,99.2041935897436,0.0
1,1,6621,6339633499136,99.21551825320513,0.0
1,1,6622,6341045537792,99.2376167147436,0.0
1,1,6623,6341424896000,99.24355368589744,0.0
1,0,3312,6342166357323,99.25515758530837,nan
1,1,6624,6342562526208,99.26135764423077,0.0
1,1,6625,6343286208512,99.27268330128206,0.0
1,1,6626,6344354059264,99.28939520833333,0.0
1,1,6627,6344733396480,99.29533185096155,0.0
1,0,3314,6345471242438,99.30687916976538,nan
1,1,6628,6346209627648,99.31843492788462,0.0
1,1,6629,6346588950528,99.32437134615385,0.0
1,1,6630,6348000882688,99.34646814102564,0.0
1,1,6631,6348380281856,99.35240575320513,0.0
1,0,3316,6349464170044,99.36936864677234,nan
1,1,6632,6349862019072,99.375595,0.0
1,1,6633,6350585827840,99.38692263621795,0.0
1,1,6634,6351654047232,99.4036403125,0.0
1,1,6635,6352033683968,99.40958164262821,0.0
1,0,3318,6352775078279,99.42118449329865,nan
1,1,6636,6353171922432,99.42739512019232,0.0
1,1,6637,6353895779328,99.43872350961539,0.0
1,1,6638,6354964192768,99.45544422275641,0.0
1,1,6639,6355343646208,99.46138268429488,0.0
1,0,3320,6356085040849,99.47298554012984,nan
1,1,6640,6357170095616,99.48996669070513,0.0
1,1,6641,6357893822464,99.5012930448718,0.0
1,1,6642,6359306254336,99.5233976602564,0.0
1,1,6643,6360029996544,99.5347242548077,0.0
1,0,3322,6360429464615,99.54097594612317,nan
1,1,6644,6361167765504,99.55253038461538,0.0
1,1,6645,6361547310080,99.5584702724359,0.0
1,1,6646,6362615143936,99.5751819150641,0.0
1,1,6647,6363338811904,99.58650734775641,0.0
1,0,3324,6363735584140,99.59271684914614,nan
1,1,6648,6364132256256,99.59892478365384,0.0
1,1,6649,6364855870976,99.61024938301283,0.0
1,1,6650,6366267892224,99.63234757211539,0.0
1,1,6651,6366991585792,99.64367340544872,0.0
1,0,3326,6367729906433,99.65522815306052,nan
1,1,6652,6368468355072,99.66678490384615,0.0
1,1,6653,6368847828480,99.67272367788462,0.0
1,1,6654,6369916005888,99.68944069711539,0.0
1,1,6655,6370639586304,99.70076475961538,0.0
1,0,3328,6371036236378,99.70697234916491,nan
1,1,6656,6371782470656,99.71865094551282,0.0
1,1,6657,6372161897472,99.72458899038462,0.0
1,1,6658,6373229701632,99.74130016826923,0.0
1,1,6659,6373953192448,99.75262282852565,0.0
1,0,3330,6374353975175,99.7588950942602,nan
1,1,6660,6374746463232,99.76503754807693,0.0
1,1,6661,6375470063104,99.7763619150641,0.0
1,1,6662,6376881775104,99.79845526442308,0.0
1,1,6663,6377949717504,99.81516860576923,0.0
1,0,3332,6378349842670,99.82143058064779,nan
1,1,6664,6379087361536,99.83297278044873,0.0
1,1,6665,6379466784768,99.83891076923078,0.0
1,1,6666,6380534639616,99.85562274038462,0.0
1,1,6667,6381258408448,99.86694975160256,0.0
1,0,3334,6381656084561,99.87317339870356,nan
1,1,6668,6382396111360,99.88475484775641,0.0
1,1,6669,6382775403008,99.89069077724359,0.0
1,1,6670,6383843024896,99.9073991025641,0.0
1,1,6671,6384222425088,99.91333673076923,0.0
1,0,3336,6384961470920,99.92490282764925,nan
1,1,6672,6385354646016,99.93105603365385,0.0
1,1,6673,6386078304768,99.94238132211538,0.0
1,1,6674,6387490649088,99.9644845673077,0.0
1,1,6675,6387870034432,99.97042196314104,0.0
1,0,3338,6388609229631,99.98199039762056,nan
1,1,6676,6389346228736,99.99352446314103,0.0
1,1,6677,6389725616128,99.99946189102565,0.0
1,1,6678,6390793444864,100.01617345352564,0.0
1,1,6679,6391516990464,100.02749697115385,0.0
1,0,3340,6391915409057,100.03373223809658,nan
1,1,6680,6392310441472,100.03991451121796,0.0
1,1,6681,6393034061312,100.05123919070513,0.0
1,1,6682,6394101917184,100.06795117788462,0.0
1,1,6683,6394481374720,100.07388970352564,0.0
1,0,3342,6395226268146,100.08554731548602,nan
1,1,6684,6395619195392,100.09169664262821,0.0
1,1,6685,6395998870528,100.09763857371796,0.0
1,1,6686,6397755497984,100.12512986378205,0.0
1,1,6687,6398478987264,100.1364525,0.0
1,0,3344,6399219889001,100.14804764186762,nan
1,1,6688,6399616865792,100.15426034455129,0.0
1,1,6689,6400340731904,100.16558887820513,0.0
1,1,6690,6401409061888,100.18230828525641,0.0
1,1,6691,6401788620800,100.1882483974359,0.0
1,0,3346,6402188841129,100.19451186161922,nan
1,1,6692,6402926667264,100.20605887019231,0.0
1,1,6693,6403306280960,100.2119998397436,0.0
1,1,6694,6404374410752,100.22871611378206,0.0
1,1,6695,6405098093568,100.24004177884616,0.0
1,0,3348,6405494608916,100.24624725992838,nan
1,1,6696,6406235958272,100.25784940705128,0.0
1,1,6697,6406959660032,100.26917536858974,0.0
1,1,6698,6408371698688,100.2912738301282,0.0
1,1,6699,6408751232512,100.29721354967948,0.0
1,0,3350,6409488329102,100.3087491408441,nan
1,1,6700,6410228006912,100.32032512820513,0.0
1,1,6701,6410607416320,100.32626290064103,0.0
1,0,3351,6411322121481,100.3374480650447,nan
1,1,6702,6411718109184,100.34364528846154,0.0
1,1,6703,6412097576960,100.34958397435898,0.0
1,1,6704,6413165357568,100.36629478365384,0.0
1,1,6705,6413894285824,100.3777025400641,0.0
1,0,3353,6414291893319,100.38392511329064,nan
1,1,6706,6415031558656,100.39550090544873,0.0
1,1,6707,6415410839040,100.40143665865385,0.0
1,1,6708,6416478567936,100.41814665865385,0.0
1,1,6709,6417202021376,100.42946873397436,0.0
1,0,3355,6417938996166,100.44100241896409,nan
1,1,6710,6418683204096,100.45264930288462,0.0
1,1,6711,6419062482944,100.45858503205129,0.0
1,1,6712,6420474241024,100.48067910256411,0.0
1,1,6713,6420853573120,100.48661566506411,0.0
1,0,3357,6421251196172,100.49283848175831,nan
1,1,6714,6421990992384,100.50441632211539,0.0
1,1,6715,6422370275328,100.51035211538462,0.0
1,1,6716,6423437869056,100.52706,0.0
1,1,6717,6424161398784,100.53838326923078,0.0
1,0,3359,6424557578858,100.54458350326148,nan
1,1,6718,6425298835968,100.55618420673078,0.0
1,1,6719,6426022254592,100.56750573717949,0.0
1,1,6720,6427433779712,100.58959616185898,0.0
1,1,6721,6428157386752,100.60092064102564,0.0
1,0,3361,6428898200031,100.61251439852201,nan
1,1,6722,6429639284736,100.62411240384615,0.0
1,1,6723,6430018686464,100.63005005608974,0.0
1,1,6724,6431086642176,100.64676360576924,0.0
1,1,6725,6431810482688,100.65809173878205,0.0
1,0,3363,6432209812252,100.66434126245744,nan
1,1,6726,6432603874816,100.6705083573718,0.0
1,1,6727,6433332528128,100.68191181089743,0.0
1,1,6728,6434405200384,100.69869917467949,0.0
1,1,6729,6434784362496,100.70463307692307,0.0
1,0,3365,6435525793869,100.7162365076153,nan
1,1,6730,6435921588736,100.72243071314102,0.0
1,1,6731,6436650385920,100.73383641826923,0.0
1,1,6732,6438405991936,100.76131172275642,0.0
1,1,6733,6439129472000,100.77263421474359,0.0
1,0,3367,6439870864799,100.78423704175118,nan
1,1,6734,6440611066880,100.79582123397437,0.0
1,1,6735,6440990505472,100.80175946314102,0.0
1,1,6736,6442058214912,100.81846915865385,0.0
1,1,6737,6442781755904,100.82979260416667,0.0
1,0,3369,6443182389983,100.83606254355406,nan
1,1,6738,6443919157760,100.84759298878205,0.0
1,1,6739,6444298374656,100.85352774839744,0.0
1,1,6740,6445371082240,100.87031566506411,0.0
1,1,6741,6446099599872,100.8817169951923,0.0
1,0,3371,6446841004572,100.89332000845103,nan
1,1,6742,6447585926656,100.90497806891025,0.0
1,1,6743,6448658709504,100.92176716346154,0.0
1,1,6744,6450075502592,100.94394003205129,0.0
1,1,6745,6450804313088,100.95534594551282,0.0
1,0,3373,6451543242025,100.9669102129814,nan
1,1,6746,6451936256512,100.97306090544872,0.0
1,1,6747,6452659755520,100.98438369391026,0.0
1,1,6748,6453727247872,101.00108999198719,0.0
1,1,6749,6454106554880,101.00702616185897,0.0
1,0,3375,6454848065187,101.01863082787148,nan
1,1,6750,6455244158464,101.02482970352564,0.0
1,1,6751,6455623503360,101.03076646634615,0.0
1,1,6752,6457034967040,101.05285592948718,0.0
1,1,6753,6458102281216,101.06955943910256,0.0
1,0,3377,6458840813596,101.08111750043821,nan
1,1,6754,6459583389696,101.09273884615385,0.0
1,1,6755,6459962792960,101.0986765224359,0.0
1,1,6756,6461374453760,101.12076907051282,0.0
1,1,6757,6461753687040,101.12670408653847,0.0
1,0,3379,6462151536989,101.13293045417981,nan
1,1,6758,6462891051008,101.14450387820513,0.0
1,1,6759,6463270550016,101.15044305288461,0.0
1,1,6760,6464338224128,101.16715219551283,0.0
1,1,6761,6465067077120,101.17855877403846,0.0
1,0,3381,6465466978448,101.18481724584335,nan
1,1,6762,6466204705792,101.19636270833334,0.0
1,1,6763,6466584159232,101.2023011698718,0.0
1,1,6764,6467995956224,101.22439584935898,0.0
1,1,6765,6468719415296,101.23571801282051,0.0
1,0,3383,6469118969826,101.24197105722281,nan
1,1,6766,6469856904704,101.2535197676282,0.0
1,1,6767,6470580409344,101.26484264423077,0.0
1,1,6768,6471648088064,101.28155185897437,0.0
1,1,6769,6472027347456,101.28748728365385,0.0
1,0,3385,6472770358609,101.29911543796638,nan
1,1,6770,6473164772352,101.30528802884616,0.0
1,1,6771,6473544108544,101.31122465544873,0.0
1,1,6772,6474611756032,101.32793338141026,0.0
1,1,6773,6475340650496,101.33934060897437,0.0
1,0,3387,6475739005058,101.34557487382938,nan
1,1,6774,6476483453952,101.35722552884616,0.0
1,1,6775,6477212161536,101.36862983173077,0.0
1,1,6776,6478284823552,101.38541703525641,0.0
1,1,6777,6479013515776,101.39682109775642,0.0
1,0,3389,6479413156180,101.40307548609024,nan
1,1,6778,6480156284928,101.41470548076923,0.0
1,1,6779,6480535502336,101.42064024839743,0.0
1,1,6780,6481603143168,101.43734887019231,0.0
1,1,6781,6482326518784,101.44866972756411,0.0
1,0,3391,6482724053656,101.45489116423778,nan
1,1,6782,6483119519232,101.46108021634616,0.0
1,1,6783,6483848328704,101.47248611378205,0.0
1,1,6784,6484921273344,101.48927774038462,0.0
1,1,6785,6485300507136,101.49521276442307,0.0
1,0,3393,6486039791558,101.50678259524615,nan
1,1,6786,6486781486592,101.5183901522436,0.0
1,1,6787,6487510061568,101.5297923798077,0.0
1,1,6788,6488926891520,101.55196582532052,0.0
1,1,6789,6489655472128,101.56336814102565,0.0
1,0,3395,6490053526198,101.56959770316882,nan
1,1,6790,6490797800960,101.58124563301283,0.0
1,1,6791,6491177027072,101.58718053685898,0.0
1,1,6792,6492249856000,101.6039703525641,0.0
1,1,6793,6492978671616,101.61537634615385,0.0
1,0,3397,6493374227393,101.62156680991149,nan
1,1,6794,6494116004864,101.63317565705128,0.0
1,1,6795,6494495292928,101.63911153044872,0.0
1,1,6796,6495568215040,101.65590280448718,0.0
1,1,6797,6495952864768,101.66192258814102,0.0
1,0,3399,6496689704674,101.67345416219075,nan
1,1,6798,6497428846592,101.68502176282051,0.0
1,1,6799,6498152281088,101.69634354166666,0.0
1,1,6800,6499563982848,101.71843673076923,0.0
1,1,6801,6500287393280,101.72975813301282,0.0
1,0,3401,6500683117651,101.73595123527332,nan
1,1,6802,6501430082048,101.74764125801282,0.0
1,1,6803,6501809335808,101.75357659455129,0.0
1,1,6804,6502882347520,101.77036927083334,0.0
1,1,6805,6503611171328,101.7817753926282,0.0
1,0,3403,6504009689393,101.78801221631173,nan
1,1,6806,6504748392448,101.79957294871795,0.0
1,1,6807,6505127677952,101.80550878205129,0.0
1,1,6808,6506539944960,101.8276108173077,0.0
1,1,6809,6506919225344,101.83354657051282,0.0
1,0,3405,6507661203616,101.84515856019631,nan
1,1,6810,6508400602624,101.85673018429488,0.0
1,1,6811,6508779929088,101.86266665865385,0.0
1,1,6812,6510191859200,101.88476342147436,0.0
1,1,6813,6510571202560,101.89070016025642,0.0
1,0,3407,6511308702221,101.90224205949832,nan
1,1,6814,6511703199232,101.90841595352565,0.0
1,1,6815,6512426699264,101.91973875801283,0.0
1,1,6816,6513499914752,101.93653462339743,0.0
1,1,6817,6513879360512,101.94247296474359,0.0
1,0,3409,6514278281010,101.94871608651968,nan
1,1,6818,6515016924160,101.96027588141025,0.0
1,1,6819,6515396135936,101.96621056089744,0.0
1,1,6820,6517157273088,101.99377242788462,0.0
1,1,6821,6517536604160,101.99970897435898,0.0
1,0,3411,6518277139068,102.01129837533804,nan
1,1,6822,6519023390208,102.02297723557693,0.0
1,1,6823,6519752033280,102.03438052884616,0.0
1,1,6824,6520819351552,102.0510841025641,0.0
1,1,6825,6521198402048,102.05701625801282,0.0
1,0,3413,6521935168950,102.06854668954703,nan
1,1,6826,6522329774080,102.07472227564102,0.0
1,1,6827,6523058562560,102.08612784455129,0.0
1,1,6828,6524131298816,102.1029162099359,0.0
1,1,6829,6524510578688,102.1088519551282,0.0
1,0,3415,6524909737153,102.11509880109739,nan
1,1,6830,6525653184000,102.12673377403847,0.0
1,1,6831,6526381922304,102.13813855769232,0.0
1,1,6832,6528143250432,102.16570341346154,0.0
1,1,6833,6528866576384,102.17702349358974,0.0
1,0,3417,6529262433246,102.1832186693397,nan
1,1,6834,6530003754496,102.19482037660256,0.0
1,1,6835,6530383093760,102.20075705128205,0.0
1,1,6836,6531451018240,102.21747011217948,0.0
1,1,6837,6532174587904,102.22879400641025,0.0
1,0,3419,6532573823752,102.23504206342649,nan
1,1,6838,6533317432832,102.24667957532051,0.0
1,1,6839,6533696707072,102.2526152323718,0.0
1,1,6840,6534764500992,102.26932625,0.0
1,1,6841,6535488156672,102.28065149038461,0.0
1,0,3421,6536226223721,102.29220226927146,nan
1,1,6842,6536964504064,102.30375638621796,0.0
1,1,6843,6537688291328,102.31508368589743,0.0
1,1,6844,6539100206080,102.33718020833334,0.0
1,1,6845,6540167907328,102.35388977564102,0.0
1,0,3423,6540566364117,102.36012564035269,nan
1,1,6846,6540961550848,102.36631032852564,0.0
1,1,6847,6541685211136,102.37763564102565,0.0
1,1,6848,6542753153024,102.39434897435898,0.0
1,1,6849,6543476758016,102.40567342147436,0.0
1,0,3425,6543876162331,102.41192411500589,nan
1,1,6850,6544614373888,102.42347715544872,0.0
1,1,6851,6544993790464,102.4294150400641,0.0
1,1,6852,6546405890560,102.45151446314102,0.0
1,1,6853,6547129402368,102.46283745192308,0.0
1,0,3427,6547868882067,102.47441033883902,nan
1,1,6854,6548261752832,102.48055878205129,0.0
1,1,6855,6548985569280,102.49188653846154,0.0
1,1,6856,6550053458432,102.50859904647436,0.0
1,1,6857,6550777093632,102.51992396634616,0.0
1,0,3429,6551172633594,102.5261141825984,nan
1,1,6858,6551570444800,102.53233994391026,0.0
1,1,6859,6552293993472,102.54366350961539,0.0
1,1,6860,6553361616384,102.56037185096154,0.0
1,1,6861,6554085348352,102.57169828525642,0.0
1,0,3431,6554481839431,102.57790338652782,nan
1,1,6862,6554878830592,102.58411631410257,0.0
1,1,6863,6555602512384,102.59544196314103,0.0
1,1,6864,6557014660096,102.61754213141026,0.0
1,1,6865,6557738272768,102.62886669871796,0.0
1,0,3433,6558479310505,102.64046396899101,nan
1,1,6866,6559220145664,102.65205806891026,0.0
1,1,6867,6559599526912,102.65799540064103,0.0
1,0,3434,6560313299485,102.66916597000514,nan
1,1,6868,6560709714432,102.67536987980769,0.0
1,1,6869,6561089072128,102.68130684294871,0.0
1,1,6870,6562157041664,102.69802060897436,0.0
1,1,6871,6562880834048,102.70934798878206,0.0
1,0,3436,6563277020525,102.71554832301996,nan
1,1,6872,6564018792448,102.72715708333334,0.0
1,1,6873,6564398261248,102.73309578525641,0.0
1,1,6874,6565466067456,102.74980699519232,0.0
1,1,6875,6566533811200,102.76651722756411,0.0
1,0,3438,6567275709120,102.77812795973558,nan
1,1,6876,6568015732224,102.78970935096154,0.0
1,1,6877,6568395016192,102.79564516025641,0.0
1,0,3439,6569456153677,102.81225200441018,nan
1,1,6878,6569849719296,102.81841132211538,0.0
1,1,6879,6570229261312,102.8243511698718,0.0
1,1,6880,6571297080832,102.84106258814103,0.0
1,1,6881,6572020674560,102.85238685897436,0.0
1,0,3441,6572419680651,102.85863132028433,nan
1,1,6882,6573158126592,102.87018802884616,0.0
1,1,6883,6573537491456,102.87612510416668,0.0
1,1,6884,6574949318144,102.89822024839744,0.0
1,1,6885,6575328628736,102.90415647435897,0.0
1,0,3443,6576065511691,102.91568872212729,nan
1,1,6886,6576460553728,102.92187114583334,0.0
1,1,6887,6577184103424,102.9331947275641,0.0
1,1,6888,6578251897856,102.94990575320513,0.0
1,1,6889,6578975574016,102.96123131410256,0.0
1,0,3445,6579717488749,102.97284230939816,nan
1,1,6890,6580113441280,102.9790389823718,0.0
1,1,6891,6580492904448,102.98497759615385,0.0
1,1,6892,6581904919552,103.00707568910256,0.0
1,1,6893,6582284419584,103.0130148798077,0.0
1,0,3447,6583022981089,103.02457339695074,nan
1,1,6894,6583416763904,103.03073611378205,0.0
1,1,6895,6584140390912,103.04206090544872,0.0
1,1,6896,6585208176128,103.05877178685898,0.0
1,1,6897,6585931655168,103.07009426282052,0.0
1,0,3449,6587016653646,103.08707453247071,nan
1,1,6898,6588446093312,103.10944532051282,0.0
1,1,6899,6589169840640,103.12077199519231,0.0
1,1,6900,6590237575680,103.13748209134616,0.0
1,1,6901,6590616941568,103.14341918269231,0.0
1,0,3451,6591355900613,103.1549839213523,nan
1,1,6902,6591748990464,103.16113579326924,0.0
1,1,6903,6592472487424,103.17245854967949,0.0
1,1,6904,6593540370432,103.18917096153847,0.0
1,1,6905,6593919690240,103.19510733173077,0.0
1,0,3453,6594318398499,103.20134713195802,nan
1,1,6906,6595057352704,103.2129117948718,0.0
1,1,6907,6595781074944,103.22423807692309,0.0
1,1,6908,6596848907776,103.24094970352564,0.0
1,1,6909,6597572550144,103.25227473557693,0.0
1,0,3455,6598311482269,103.26383905293783,nan
1,1,6910,6598704842752,103.26999516025641,0.0
1,1,6911,6599428298752,103.28131727564103,0.0
1,1,6912,6600152017920,103.29264350961539,0.0
1,1,6913,6600875809280,103.30397087339743,0.0
1,0,3457,6601617419516,103.31557710330279,nan
1,1,6914,6602013435392,103.32177476762821,0.0
1,1,6915,6602392839168,103.32771245192308,0.0
1,1,6916,6603804461056,103.34980439102564,0.0
1,1,6917,6604527972352,103.36112737179488,0.0
1,0,3459,6604927992927,103.3673877098201,nan
1,1,6918,6606015345152,103.38440481570512,0.0
1,1,6919,6606739098624,103.39573158653846,0.0
1,0,3460,6607797366751,103.41229352512458,nan
1,1,6920,6608194004992,103.41850092948718,0.0
1,1,6921,6608917787136,103.42982814903847,0.0
1,1,6922,6609986302464,103.44655045673078,0.0
1,1,6923,6610710486016,103.45788395833334,0.0
1,0,3462,6611108697385,103.46411598221216,nan
1,1,6924,6611848641536,103.47569613782052,0.0
1,1,6925,6612572666368,103.48702715544871,0.0
1,1,6926,6613641241088,103.5037503926282,0.0
1,1,6927,6614020874752,103.50969167467949,0.0
1,0,3464,6614761306764,103.52127946533203,nan
1,1,6928,6615159216128,103.52750676282052,0.0
1,1,6929,6615883226112,103.53883754807693,0.0
1,1,6930,6617295901184,103.56094596955128,0.0
1,1,6931,6618019812864,103.57227521634616,0.0
1,0,3466,6618759922161,103.58385795649602,nan
1,1,6932,6619502241792,103.59547528846154,0.0
1,1,6933,6620226275840,103.60680645032052,0.0
1,1,6934,6621294778368,103.62352855769231,0.0
1,1,6935,6622018456576,103.63485415064103,0.0
1,0,3468,6622416126775,103.64107770518768,nan
1,1,6936,6623156501504,103.65266459935897,0.0
1,1,6937,6623535934976,103.65860274839744,0.0
1,1,6938,6624604026368,103.67531842147436,0.0
1,1,6939,6625327742976,103.68664461538462,0.0
1,0,3470,6626762107025,103.70909247021798,nan
1,1,6940,6627503906304,103.72070165865385,0.0
1,1,6941,6628227572736,103.7320270673077,0.0
1,1,6942,6629295672320,103.74874286858974,0.0
1,1,6943,6630019798016,103.7600754647436,0.0
1,0,3472,6630419535839,103.76633137768869,nan
1,1,6944,6631158222848,103.77789185897436,0.0
1,1,6945,6631537939456,103.78383443910256,0.0
1,1,6946,6632606398464,103.80055586538462,0.0
1,1,6947,6633330270208,103.81188448717948,0.0
1,0,3474,6633730619166,103.81814996441182,nan
1,1,6948,6634124051968,103.82430720352565,0.0
1,1,6949,6634848174592,103.83563975160257,0.0
1,0,3475,6635217908392,103.84142610038562,nan
1,1,6950,6635958744576,103.85302021634615,0.0
1,1,6951,6636682486272,103.86434680288461,0.0
1,1,6952,6637750651904,103.88106363782052,0.0
1,1,6953,6638474531328,103.89239237980769,0.0
1,0,3477,6638874605569,103.89865355770796,nan
1,1,6954,6639612581376,103.91020290865384,0.0
1,1,6955,6639991944704,103.9161399599359,0.0
1,1,6956,6641059876352,103.93285313301283,0.0
1,1,6957,6641439401472,103.93879271634616,0.0
1,0,3479,6642179892060,103.95038142371544,nan
1,1,6958,6642577568768,103.95660508012821,0.0
1,1,6959,6642957104640,103.96254483173077,0.0
1,1,6960,6644025031168,103.97925792467949,0.0
1,1,6961,6644748617216,103.99058207532052,0.0
1,0,3481,6645148821659,103.9968452908873,nan
1,1,6962,6646574763520,104.01916133814103,0.0
1,1,6963,6647298615296,104.0304896474359,0.0
1,1,6964,6648710992384,104.05259340544872,0.0
1,1,6965,6649434829824,104.06392149038462,0.0
1,0,3483,6650172689986,104.07546903148162,nan
1,1,6966,6650567507456,104.08164794070512,0.0
1,1,6967,6651291309056,104.09297546474359,0.0
1,1,6968,6652359224320,104.10968838141027,0.0
1,1,6969,6653082913280,104.12101414262821,0.0
1,0,3485,6653478390704,104.12720338015825,nan
1,1,6970,6654215372288,104.13873717147436,0.0
1,1,6971,6654594891776,104.14467666666667,0.0
1,1,6972,6656007215616,104.16677959134616,0.0
1,1,6973,6656730995712,104.17810677884616,0.0
1,0,3487,6657471692598,104.18969871478741,nan
1,1,6974,6658213615616,104.20130983974359,0.0
1,1,6975,6658937485824,104.2126384375,0.0
1,1,6976,6660005918208,104.22935944711539,0.0
1,1,6977,6660729752576,104.24068748397436,0.0
1,0,3489,6661128645775,104.24693017852,nan
1,1,6978,6661867938304,104.25850013621795,0.0
1,1,6979,6662247536128,104.2644408573718,0.0
1,1,6980,6663315617792,104.28115637820513,0.0
1,1,6981,6664039255552,104.29248133814103,0.0
1,0,3491,6664438108642,104.29872340497921,nan
1,1,6982,6665176940032,104.31028614583333,0.0
1,1,6983,6665900540928,104.32161052884615,0.0
1,1,6984,6667312333824,104.34370514423077,0.0
1,1,6985,6668036075008,104.35503172275641,0.0
1,0,3493,6668777634650,104.36663716086363,nan
1,1,6986,6669173985792,104.3728400721154,0.0
1,1,6987,6669897683456,104.38416596955129,0.0
1,1,6988,6670965707776,104.40088059294872,0.0
1,1,6989,6671344940032,104.40681559294872,0.0
1,0,3495,6672083089101,104.41836765545185,nan
1,1,6990,6672477133312,104.42453446314103,0.0
1,1,6991,6673200666112,104.43585778044871,0.0
1,1,6992,6674268678144,104.45257221153847,0.0
1,1,6993,6674648085504,104.45850995192308,0.0
1,0,3497,6675388542021,104.47009812607986,nan
1,1,6994,6675785644032,104.47631278846154,0.0
1,1,6995,6676509499904,104.48764116185897,0.0
1,1,6996,6678266472960,104.51513786057693,0.0
1,1,6997,6678645876224,104.52107553685897,0.0
1,0,3499,6679382420425,104.5326024831136,nan
1,1,6998,6679778194432,104.5387963621795,0.0
1,1,6999,6680501901312,104.55012240384616,0.0
1,1,7000,6681570138624,104.56684036057693,0.0
1,1,7001,6682294036480,104.57816939102564,0.0
1,0,3501,6682691754269,104.5843936903577,nan
1,1,7002,6683087688192,104.59059007211539,0.0
1,1,7003,6683811499008,104.60191774038462,0.0
1,1,7004,6684879610880,104.61863373397436,0.0
1,1,7005,6685947523584,104.63534661057693,0.0
1,0,3503,6686684321443,104.64687752658942,nan
1,1,7006,6687424204800,104.65845673076923,0.0
1,1,7007,6688148075008,104.66978532852565,0.0
1,1,7008,6689216213504,104.68650173878206,0.0
1,1,7009,6689595834368,104.69244282051282,0.0
1,0,3505,6690335582236,104.70401990428435,nan
1,1,7010,6690728577536,104.71017029647436,0.0
1,1,7011,6691452456960,104.72149903846154,0.0
1,1,7012,6692520442880,104.73821306089744,0.0
1,1,7013,6693244068352,104.74953782852565,0.0
1,0,3507,6693640010118,104.7557343330266,nan
1,1,7014,6694382011392,104.7673466826923,0.0
1,1,7015,6695105906176,104.7786756650641,0.0
1,1,7016,6696862886912,104.80617248397436,0.0
1,1,7017,6697586877440,104.8175029647436,0.0
1,0,3509,6698326303477,104.82907501184708,nan
1,1,7018,6699063446528,104.84061133012821,0.0
1,1,7019,6699442819584,104.84654853365384,0.0
1,1,7020,6700854740992,104.8686451602564,0.0
1,1,7021,6701234170368,104.87458324519231,0.0
1,0,3511,6701631288922,104.88079816647262,nan
1,1,7022,6702371853312,104.89238802884616,0.0
1,1,7023,6703095579136,104.90371436698719,0.0
1,1,7024,6704163617280,104.92042920673077,0.0
1,1,7025,6704543003136,104.92636661057692,0.0
1,0,3513,6705283620294,104.93795729877179,nan
1,1,7026,6706025306112,104.94956471153847,0.0
1,1,7027,6707093723136,104.96628548076923,0.0
1,1,7028,6708506499584,104.98839548878206,0.0
1,1,7029,6708885996032,104.99433462339744,0.0
1,0,3515,6709282452246,105.0005391790302,nan
1,1,7030,6710023814144,105.0121415224359,0.0
1,1,7031,6710403274752,105.01808009615385,0.0
1,1,7032,6711471493120,105.03479775641026,0.0
1,1,7033,6712195167744,105.04612329326923,0.0
1,0,3517,6712593242212,105.05235317464194,nan
1,1,7034,6713332937728,105.06392943910257,0.0
1,1,7035,6713712294400,105.06986638621795,0.0
1,1,7036,6714780224512,105.08657953525642,0.0
1,1,7037,6715848478208,105.10329774839744,0.0
1,0,3519,6716245452749,105.10951041586851,nan
1,1,7038,6716986401280,105.1211062900641,0.0
1,1,7039,6717710388224,105.13243671474359,0.0
1,1,7040,6718778572800,105.14915384615385,0.0
1,1,7041,6719502160384,105.16047802083334,0.0
1,0,3521,6719902875910,105.16674923486954,nan
1,1,7042,6720295683072,105.17289668269231,0.0
1,1,7043,6721019607552,105.1842261298077,0.0
1,1,7044,6722087877632,105.20094459935898,0.0
1,1,7045,6722811501056,105.2122693349359,0.0
1,0,3523,6723207639149,105.21846891196226,nan
1,1,7046,6723949273088,105.23007551282052,0.0
1,1,7047,6724328729088,105.23601401442308,0.0
1,1,7048,6725740967424,105.25811560096155,0.0
1,1,7049,6726120476160,105.26405492788462,0.0
1,0,3525,6726859883473,105.27562668195677,nan
1,1,7050,6727597258240,105.28716662660257,0.0
1,1,7051,6727976788992,105.29310629807692,0.0
1,1,7052,6729389293568,105.31521205128206,0.0
1,1,7053,6729768882176,105.32115262820513,0.0
1,0,3527,6730165929771,105.32736643897424,nan
1,1,7054,6730906699264,105.33895951121795,0.0
1,1,7055,6731286243328,105.34489939102565,0.0
1,1,7056,6732354200576,105.3616129647436,0.0
1,1,7057,6733078094848,105.37294193910256,0.0
1,0,3529,6733476903539,105.37918331109464,nan
1,1,7058,6734216084480,105.3907515224359,0.0
1,1,7059,6734939795456,105.40207762820513,0.0
1,1,7060,6736352218112,105.42418209935897,0.0
1,1,7061,6737076093440,105.43551077724359,0.0
1,0,3531,6737815988193,105.44709015977126,nan
1,1,7062,6738213868544,105.45331700320513,0.0
1,1,7063,6738937533952,105.46464239583334,0.0
1,1,7064,6740005288960,105.48135280448719,0.0
1,1,7065,6740384733184,105.48729112179487,0.0
1,0,3533,6741125630261,105.4988861907333,nan
1,1,7066,6741522485760,105.5050969951923,0.0
1,1,7067,6741901849088,105.51103404647436,0.0
1,1,7068,6742969311744,105.5277398798077,0.0
1,1,7069,6743693000192,105.53906563301283,0.0
1,0,3535,6744090015871,105.54527894429525,nan
1,1,7070,6744830455808,105.55686685897436,0.0
1,1,7071,6745209897984,105.56280514423078,0.0
1,1,7072,6746622313472,105.58490950320513,0.0
1,1,7073,6747345880064,105.59623334935898,0.0
1,0,3537,6747741407195,105.60242336480556,nan
1,1,7074,6748488679424,105.61411820512821,0.0
1,1,7075,6748868051456,105.6200553926282,0.0
1,1,7076,6749935980032,105.63676851762821,0.0
1,1,7077,6750659780608,105.64809602564102,0.0
1,0,3539,6751057537803,105.65432094167856,nan
1,1,7078,6751453279232,105.66051431089744,0.0
1,1,7079,6752177048576,105.6718413301282,0.0
1,1,7080,6753245090816,105.68855623397437,0.0
1,1,7081,6753624434688,105.69449298076924,0.0
1,0,3541,6754362291323,105.70604046666855,nan
1,1,7082,6755100658688,105.71759594551283,0.0
1,1,7083,6755824028672,105.72891671474359,0.0
1,1,7084,6757240755712,105.7510885496795,0.0
1,1,7085,6757620072960,105.7570248798077,0.0
1,0,3543,6758361138642,105.76862258742112,nan
1,1,7086,6758757479936,105.77482534455129,0.0
1,1,7087,6759486321664,105.78623174679487,0.0
1,1,7088,6760554213376,105.80294429487179,0.0
1,1,7089,6760933566976,105.80888119391025,0.0
1,0,3545,6761331242249,105.81510482786521,nan
1,1,7090,6762070946304,105.82668122596154,0.0
1,1,7091,6762450252800,105.83261738782052,0.0
1,1,7092,6763517942272,105.84932677083334,0.0
1,1,7093,6764585657344,105.86603655448718,0.0
1,0,3547,6764984658518,105.8722809388459,nan
1,1,7094,6766067279360,105.88922399839744,0.0
1,1,7095,6766796155904,105.90063094551283,0.0
1,1,7096,6767869009408,105.91742114583333,0.0
1,1,7097,6768597679104,105.92882485576924,0.0
1,0,3549,6768995425143,105.93504959721493,nan
1,1,7098,6769391064064,105.9412413621795,0.0
1,1,7099,6770114452480,105.9525624198718,0.0
1,1,7100,6771181927936,105.96926845352564,0.0
1,1,7101,6771561394176,105.97520711538462,0.0
1,0,3551,6772301000410,105.98678198257838,nan
1,1,7102,6772693522432,105.99292496794872,0.0
1,1,7103,6773417006592,106.00424752403846,0.0
1,1,7104,6774484870144,106.02095963141026,0.0
1,1,7105,6775208377344,106.03228254807692,0.0
1,0,3553,6775948720728,106.04386895169772,nan
1,1,7106,6776689943040,106.05546911057692,0.0
1,1,7107,6777757615616,106.07217822916667,0.0
1,1,7108,6778824983552,106.08888258012821,0.0
1,1,7109,6779204146176,106.09481649038462,0.0
1,0,3555,6779944696789,106.10640613714756,nan
1,1,7110,6780341295616,106.1126129246795,0.0
1,1,7111,6781069918720,106.12401590544872,0.0
1,1,7112,6782142716928,106.14080524038462,0.0
1,1,7113,6782521986048,106.1467408173077,0.0
1,0,3557,6783262866667,106.15833562867776,nan
1,1,7114,6783659143680,106.1645373798077,0.0
1,1,7115,6784387839488,106.17594149839744,0.0
1,1,7116,6786143736320,106.20342135416666,0.0
1,1,7117,6786867254272,106.21474443910256,0.0
1,0,3559,6787263507014,106.22094581039038,nan
1,1,7118,6788348793856,106.23793059294871,0.0
1,1,7119,6788728158720,106.24386766826923,0.0
1,1,7120,6789801050624,106.26065846955129,0.0
1,1,7121,6790524450304,106.27197970352564,0.0
1,0,3561,6790921526150,106.27819395642403,nan
1,1,7122,6791661687296,106.28977750801282,0.0
1,1,7123,6792040965632,106.29571322916667,0.0
1,1,7124,6793113965568,106.31250572115385,0.0
1,1,7125,6793842731520,106.3239109375,0.0
1,0,3563,6794242510496,106.33016749449119,nan
1,1,7126,6795329315328,106.34717603365385,0.0
1,1,7127,6795708592640,106.35311173878205,0.0
1,1,7128,6797120453632,106.3752074198718,0.0
1,1,7129,6797499719680,106.38114294871795,0.0
1,0,3565,6798242007030,106.39275977548454,nan
1,1,7130,6798981430272,106.40433177884616,0.0
1,1,7131,6799360880128,106.41027018429487,0.0
1,1,7132,6800433788416,106.42706124198719,0.0
1,1,7133,6800813118976,106.43299778044872,0.0
1,0,3567,6801553143615,106.4445791956975,nan
1,1,7134,6801950646784,106.45080013621795,0.0
1,1,7135,6802679463936,106.46220615384615,0.0
1,1,7136,6803752499200,106.47899919871796,0.0
1,1,7137,6804131907584,106.4849369551282,0.0
1,1,7138,6805544037376,106.50703684294872,0.0
1,1,7139,6805923451392,106.5129746875,0.0
1,0,3570,6806663313122,106.52455355321639,nan
1,1,7140,6807061221888,106.53078084134616,0.0
1,1,7141,6807784839680,106.54210548878206,0.0
1,1,7142,6808852507648,106.55881453525642,0.0
1,1,7143,6809581411840,106.57022191506411,0.0
1,0,3572,6809977984551,106.57642829387959,nan
1,1,7144,6810719222272,106.58802869391026,0.0
1,1,7145,6811098669568,106.59396705929487,0.0
1,1,7146,6812166147072,106.610673125,0.0
1,1,7147,6812894989312,106.62207953525642,0.0
1,0,3574,6813293363032,106.6283140999349,nan
1,1,7148,6813688343040,106.63449555288462,0.0
1,1,7149,6814411827200,106.64581810897437,0.0
1,1,7150,6815823192064,106.66790602564103,0.0
1,1,7151,6816546517504,106.67922609775641,0.0
1,0,3576,6816945961166,106.68547740707007,nan
1,1,7152,6817683861504,106.69702557692308,0.0
1,1,7153,6818412581888,106.70843008012821,0.0
1,1,7154,6819485409280,106.72521987179488,0.0
1,1,7155,6819864776192,106.73115697916667,0.0
1,0,3578,6820604088343,106.7427272439497,nan
1,1,7156,6820996718080,106.7488719150641,0.0
1,1,7157,6821376108544,106.75480939102565,0.0
1,1,7158,6822787808768,106.77690255608975,0.0
1,1,7159,6823167224832,106.78284043269231,0.0
1,0,3580,6823904096175,106.79437249873234,nan
1,1,7160,6824299038720,106.80055336538462,0.0
1,1,7161,6825022375936,106.81187362179487,0.0
1,1,7162,6826089943552,106.82858109775641,0.0
1,1,7163,6826813469696,106.83990431089744,0.0
1,0,3582,6827210656024,106.84612029284355,nan
1,1,7164,6827950899712,106.85770513621796,0.0
1,1,7165,6828330251264,106.86364200320513,0.0
1,1,7166,6829398169088,106.8803549599359,0.0
1,1,7167,6830121901056,106.89168139423077,0.0
1,0,3584,6830520289912,106.89791619578827,nan
1,1,7168,6831259662848,106.90948741185898,0.0
1,1,7169,6831639073280,106.91542520032051,0.0
1,1,7170,6832706965504,106.93213775641026,0.0
1,1,7171,6833430577664,106.94346231570513,0.0
1,0,3586,6833830257114,106.94971731511043,nan
1,1,7172,6834568080896,106.96126428685898,0.0
1,1,7173,6835291506176,106.97258592147436,0.0
1,1,7174,6836703281664,106.99468026442308,0.0
1,1,7175,6837082715648,107.00061842147436,0.0
1,0,3588,6837821708656,107.01218369165666,nan
1,1,7176,6838215093760,107.01834018429487,0.0
1,1,7177,6838938947584,107.02966852564103,0.0
1,1,7178,6840006504448,107.04637583333334,0.0
1,1,7179,6840385816064,107.05231207532051,0.0
1,0,3590,6841126484194,107.06390356122922,nan
1,1,7180,6841523748352,107.07012076121795,0.0
1,1,7181,6842247345152,107.0814450801282,0.0
1,1,7182,6843315022848,107.09815427884615,0.0
1,1,7183,6844038540800,107.10947736378205,0.0
1,0,3592,6844779210838,107.12106887955103,nan
1,1,7184,6845525471744,107.1327478926282,0.0
1,1,7185,6846248915456,107.14406981570514,0.0
1,1,7186,6847666119168,107.16624911057693,0.0
1,1,7187,6848045536768,107.17218701121796,0.0
1,0,3594,6848783955366,107.18374329186074,nan
1,1,7188,6849177665024,107.18990486378206,0.0
1,1,7189,6849901218304,107.20122850160257,0.0
1,1,7190,6850974050816,107.21801837339744,0.0
1,1,7191,6851353433600,107.22395572916668,0.0
1,0,3596,6852089932066,107.23548195966671,nan
1,1,7192,6852485637120,107.24167475961539,0.0
1,1,7193,6853209126400,107.25299739583333,0.0
1,1,7194,6854282036224,107.2697884775641,0.0
1,1,7195,6855005510144,107.28111087339744,0.0
1,0,3598,6855747758724,107.29272709341197,nan
1,1,7196,6856492154880,107.30437692307693,0.0
1,1,7197,6856871405568,107.31031221153846,0.0
1,1,7198,6858283086336,107.33240507211539,0.0
1,1,7199,6859006683648,107.34372939903847,0.0
1,0,3600,6859748254691,107.3553350155718,nan
1,1,7200,6860144093184,107.36152990384616,0.0
1,1,7201,6860528740352,107.3675496474359,0.0
1,1,7202,6861601657856,107.38434084935898,0.0
1,1,7203,6862325103616,107.39566280448719,0.0
1,1,7204,6863398044160,107.41245436698718,0.0
1,1,7205,6863777412096,107.41839149038462,0.0
1,0,3603,6864518783875,107.42999398842836,nan
1,1,7206,6864914719232,107.4361903926282,0.0
1,1,7207,6865987648512,107.45298177884615,0.0
1,1,7208,6867055180800,107.46968870192308,0.0
1,1,7209,6867778688000,107.48101161858975,0.0
1,0,3605,6868177232084,107.48724884947165,nan
1,1,7210,6868577246720,107.49350909455129,0.0
1,1,7211,6869306023424,107.50491447916667,0.0
1,1,7212,6870722616832,107.52708422275641,0.0
1,1,7213,6871101771776,107.53301801282052,0.0
1,0,3607,6871842453512,107.54460971166367,nan
1,1,7214,6872238970880,107.55081522435897,0.0
1,1,7215,6872618276864,107.55675137820513,0.0
1,1,7216,6873686117888,107.57346313301282,0.0
1,1,7217,6874759167488,107.5902564022436,0.0
1,0,3609,6875500546395,107.60185901184083,nan
1,1,7218,6876240930304,107.6134460496795,0.0
1,1,7219,6876620324864,107.61938358974359,0.0
1,1,7220,6878032307712,107.64148117788461,0.0
1,1,7221,6878761217024,107.65288863782051,0.0
1,0,3611,6879158439617,107.65910518731533,nan
1,1,7222,6879903795200,107.67077003205128,0.0
1,1,7223,6880632520704,107.68217461538462,0.0
1,1,7224,6881705355776,107.69896452724359,0.0
1,1,7225,6882084585984,107.70489949519231,0.0
1,0,3613,6882823128560,107.71645771609576,nan
1,1,7226,6883216296960,107.7226108173077,0.0
1,1,7227,6883945063424,107.73401604166666,0.0
1,1,7228,6885361967616,107.75619064903846,0.0
1,1,7229,6885741297152,107.76212717147436,0.0
1,0,3615,6886827649352,107.77912862692808,nan
1,1,7230,6887222113792,107.78530201121795,0.0
1,1,7231,6887950542848,107.79670195512821,0.0
1,1,7232,6889023134720,107.81348806089744,0.0
1,1,7233,6889402287616,107.81942181891026,0.0
1,0,3617,6890139215013,107.83095476219765,nan
1,1,7234,6890533704704,107.83712854166667,0.0
1,1,7235,6891257156096,107.8484505849359,0.0
1,1,7236,6892324544000,107.86515524839744,0.0
1,1,7237,6892703668736,107.87108856570514,0.0
1,0,3619,6893445294116,107.88269503261469,nan
1,1,7238,6894184758272,107.89426767628206,0.0
1,1,7239,6894913110016,107.90566641025642,0.0
1,1,7240,6896673767424,107.93322076923077,0.0
1,1,7241,6897402435584,107.9446244551282,0.0
1,0,3621,6897798585194,107.95082421239609,nan
1,1,7242,6898544779776,107.96250218750001,0.0
1,1,7243,6899273320960,107.97390388621795,0.0
1,1,7244,6900345850880,107.9906890224359,0.0
1,1,7245,6900724969984,107.99662225160257,0.0
1,0,3623,6901463286942,108.00817694157527,nan
1,1,7246,6901856289280,108.01432744391026,0.0
1,1,7247,6902585077760,108.02573301282051,0.0
1,1,7248,6903652421632,108.04243698717949,0.0
1,1,7249,6904381096448,108.0538407772436,0.0
1,0,3625,6905121701879,108.06543128191043,nan
1,1,7250,6905867260928,108.07709931089744,0.0
1,1,7251,6906246402560,108.08303289262821,0.0
1,1,7252,6907663112704,108.10520446314104,0.0
1,1,7253,6908042480640,108.11114158653847,0.0
1,0,3627,6908780912462,108.12269807413738,nan
1,1,7254,6909174489600,108.1288575721154,0.0
1,1,7255,6909898047488,108.14018128205129,0.0
1,1,7256,6910986758656,108.15721965544873,0.0
1,1,7257,6911710185472,108.16854131410257,0.0
1,1,7258,6912777694720,108.18524787660257,0.0
1,1,7259,6913506497536,108.1966536698718,0.0
1,0,3630,6914247744724,108.2082542180614,nan
1,1,7260,6914987777536,108.21983576121795,0.0
1,1,7261,6915716508672,108.23124043269232,0.0
1,1,7262,6917128062464,108.25333130608975,0.0
1,1,7263,6917851404288,108.26465163461539,0.0
1,0,3632,6918588559962,108.27618815044697,nan
1,1,7264,6918983331328,108.28236633814103,0.0
1,1,7265,6919712010240,108.29377019230769,0.0
1,1,7266,6920779494400,108.31047636217949,0.0
1,1,7267,6921158804480,108.3164125801282,0.0
1,0,3634,6921559268769,108.3226798622953,nan
1,1,7268,6922296329728,108.33421489583334,0.0
1,1,7269,6922675706880,108.34015216346154,0.0
1,1,7270,6924087302144,108.36224368589744,0.0
1,1,7271,6924816176640,108.37365060096154,0.0
1,0,3636,6925900149039,108.39061481243428,nan
1,1,7272,6926641840640,108.40222231570513,0.0
1,1,7273,6927365266432,108.41354395833334,0.0
1,1,7274,6928432689664,108.43024917467949,0.0
1,1,7275,6928817392128,108.43626978365386,0.0
1,0,3638,6929559236238,108.44787967369666,nan
1,1,7276,6929954863104,108.45407125,0.0
1,1,7277,6930683828224,108.46547958333333,0.0
1,1,7278,6931751611392,108.4821904326923,0.0
1,1,7279,6932131043840,108.48812856570513,0.0
1,0,3640,6932871001570,108.49970893382537,nan
1,1,7280,6933268706304,108.50593302884616,0.0
1,1,7281,6933992332800,108.5172578125,0.0
1,1,7282,6935753221120,108.54481578525642,0.0
1,1,7283,6936132552704,108.5507523397436,0.0
1,0,3642,6936872437581,108.56233156771147,nan
1,1,7284,6937619056128,108.57401617788462,0.0
1,1,7285,6938347842048,108.58542170673077,0.0
1,1,7286,6940108343808,108.6129736298077,0.0
1,1,7287,6940487617536,108.61890927884616,0.0
1,0,3644,6941226206346,108.63046822331356,nan
1,1,7288,6941963584512,108.64200822115384,0.0
1,1,7289,6942686969344,108.65332922275641,0.0
1,1,7290,6943754330112,108.67003346153847,0.0
1,1,7291,6944133626368,108.67596946314103,0.0
1,0,3646,6944874160668,108.68755885460487,nan
1,1,7292,6945615192576,108.69915603365385,0.0
1,1,7293,6945999913472,108.70517693108975,0.0
1,1,7294,6947417176576,108.72735715544871,0.0
1,1,7295,6947796474880,108.73329318910257,0.0
1,0,3648,6948537440089,108.74488932430953,nan
1,1,7296,6948933795840,108.75109230769232,0.0
1,1,7297,6949657198080,108.76241358173077,0.0
1,1,7298,6950724723200,108.77912039262822,0.0
1,1,7299,6951103948800,108.78505528846154,0.0
1,0,3650,6951501640890,108.79127918560322,nan
1,1,7300,6952246689792,108.80293923076924,0.0
1,1,7301,6952625914368,108.80887411057692,0.0
1,1,7302,6954037355008,108.83096321314103,0.0
1,1,7303,6954766017024,108.84236680288461,0.0
1,0,3652,6955165936094,108.84862555235252,nan
1,1,7304,6955908714496,108.86025006410257,0.0
1,1,7305,6956637476352,108.87165521634616,0.0
1,1,7306,6957705100288,108.88836357371795,0.0
1,1,7307,6958428704768,108.89968801282052,0.0
1,0,3654,6958825394482,108.90589622273764,nan
1,1,7308,6959566630912,108.9174966025641,0.0
1,1,7309,6959946161152,108.92343626602565,0.0
1,1,7310,6961014442496,108.94015491185898,0.0
1,1,7311,6961737919488,108.95147735576923,0.0
1,0,3656,6962138828421,108.95775159663275,nan
1,1,7312,6962536562688,108.96397615384616,0.0
1,1,7313,6963259988480,108.97529779647436,0.0
1,1,7314,6965016106496,109.00278111378205,0.0
1,1,7315,6965739620352,109.0141041346154,0.0
1,0,3658,6966480457216,109.02569826121795,nan
1,1,7316,6966877158400,109.03190665064103,0.0
1,1,7317,6967600653824,109.04322938301283,0.0
1,1,7318,6968668455936,109.05994052884616,0.0
1,1,7319,6969047917056,109.06587911057693,0.0
1,0,3660,6969786519417,109.07743826711801,nan
1,1,7320,6970180087808,109.08359762820513,0.0
1,1,7321,6970903739392,109.09492280448718,0.0
1,1,7322,6971971624960,109.11163525641025,0.0
1,1,7323,6972351063040,109.11757347756411,0.0
1,0,3662,6973093380841,109.12919078089006,nan
1,1,7324,6974177332224,109.14615466346154,0.0
1,1,7325,6975250391552,109.1629480849359,0.0
1,1,7326,6976662381056,109.18504577724359,0.0
1,1,7327,6977386025472,109.19637084134615,0.0
1,0,3664,6977781749863,109.20256394391964,nan
1,1,7328,6978179426816,109.20878760416667,0.0
1,1,7329,6978902981632,109.22011126602564,0.0
1,1,7330,6979970571776,109.23681909455128,0.0
1,1,7331,6980349798912,109.24275401442308,0.0
1,0,3666,6981088308192,109.25431171424279,nan
1,1,7332,6981481780224,109.2604695673077,0.0
1,1,7333,6982205494784,109.27179572916667,0.0
1,1,7334,6983273052672,109.28850305288462,0.0
1,1,7335,6984001808384,109.29990810897436,0.0
1,0,3668,6984739954009,109.31146011757876,nan
1,1,7336,6985483253760,109.32309278846154,0.0
1,1,7337,6986550973952,109.33980265224359,0.0
1,1,7338,6987618755072,109.35651346955129,0.0
1,1,7339,6988342499328,109.36784009615386,0.0
1,0,3670,6988739006675,109.37404545202011,nan
1,1,7340,6989480136704,109.38564416666667,0.0
1,1,7341,6989859461120,109.39158060897437,0.0
1,1,7342,6990927476224,109.40829508814103,0.0
1,1,7343,6991651083264,109.41961956730769,0.0
1,0,3672,6992050639914,109.42587264488807,nan
1,1,7344,6992444520448,109.43203689102565,0.0
1,1,7345,6993168238080,109.44336310096155,0.0
1,1,7346,6994580354048,109.4654627724359,0.0
1,1,7347,6995303873536,109.47678588141027,0.0
1,0,3674,6995703608230,109.48304174538637,nan
1,1,7348,6996441532416,109.49459028846154,0.0
1,1,7349,6996820913664,109.50052762019232,0.0
1,1,7350,6997888659968,109.5172378926282,0.0
1,1,7351,6998612278784,109.52856255608975,0.0
1,0,3676,6999011322658,109.53480760870518,nan
1,1,7352,6999405901824,109.54098278846155,0.0
1,1,7353,7000129610752,109.55230886217949,0.0
1,1,7354,7001197477888,109.56902102564104,0.0
1,1,7355,7001921001472,109.58034419871795,0.0
1,0,3678,7002317358750,109.58654720599836,nan
1,1,7356,7003058721792,109.5981495673077,0.0
1,1,7357,7003782387712,109.60947496794873,0.0
1,1,7358,7005194617856,109.63157642628205,0.0
1,1,7359,7005574072320,109.63751490384615,0.0
1,0,3680,7006312061476,109.64906446370443,nan
1,1,7360,7006706478592,109.6552371073718,0.0
1,1,7361,7007430228992,109.66656383012821,0.0
1,1,7362,7008498281984,109.68327890224359,0.0
1,1,7363,7008877699584,109.68921680288462,0.0
1,0,3682,7009618518944,109.70081065554888,nan
1,1,7364,7010016101888,109.70703284455128,0.0
1,1,7365,7010395590144,109.71297185096154,0.0
1,1,7366,7011463230464,109.7296804647436,0.0
1,1,7367,7012192091136,109.74108716346154,0.0
1,0,3684,7012929830659,109.75263281655336,nan
1,1,7368,7013329393152,109.75888598557692,0.0
1,1,7369,7014058210816,109.77029201121795,0.0
1,1,7370,7016163307008,109.80323685096154,0.0
1,1,7371,7016542542336,109.80917189903846,0.0
1,0,3686,7017281563739,109.82073761360364,nan
1,1,7372,7017674020864,109.82687958333334,0.0
1,1,7373,7018397558784,109.83820298076924,0.0
1,1,7374,7019121039872,109.84952548878205,0.0
1,1,7375,7019849876480,109.86093181089744,0.0
1,0,3688,7020250752931,109.86720554341635,nan
1,1,7376,7020987359744,109.87873346955128,0.0
1,1,7377,7021366668800,109.88466967147436,0.0
1,1,7378,7022434344960,109.90137884615385,0.0
1,1,7379,7023157940224,109.91270314102564,0.0
1,0,3690,7023897018179,109.92426974063189,nan
1,1,7380,7024634342912,109.9358089022436,0.0
1,1,7381,7025358208512,109.94713742788461,0.0
1,1,7382,7026426395136,109.96385459134616,0.0
1,1,7383,7027149955072,109.97517833333333,0.0
1,0,3692,7027550275778,109.98144336842073,nan
1,1,7384,7028287433728,109.9929799198718,0.0
1,1,7385,7028666721280,109.99891578525641,0.0
1,1,7386,7029734428672,110.01562544871796,0.0
1,1,7387,7030458301440,110.02695408653847,0.0
1,0,3694,7030855153740,110.033164840933,nan
1,1,7388,7031596555776,110.0447678125,0.0
1,1,7389,7031976090624,110.05070754807693,0.0
1,1,7390,7033388467712,110.07281130608975,0.0
1,1,7391,7034112370688,110.08414041666667,0.0
1,0,3696,7034854162388,110.09574948649089,nan
1,1,7392,7035594424320,110.10733461538462,0.0
1,1,7393,7036317981696,110.11865831730769,0.0
1,1,7394,7037385617408,110.13536685897436,0.0
1,1,7395,7038109330432,110.14669299679487,0.0
1,0,3698,7038505509708,110.15289321833684,nan
1,1,7396,7038902803456,110.15911088141026,0.0
1,1,7397,7039626214400,110.17043229166667,0.0
1,1,7398,7040699348992,110.18722689102565,0.0
1,1,7399,7041078735872,110.19316431089744,0.0
1,0,3700,7041816235185,110.20470620469314,nan
1,1,7400,7042555335680,110.21627315705129,0.0
1,1,7401,7043279085056,110.22759986378206,0.0
1,1,7402,7044346831872,110.24431014423077,0.0
1,1,7403,7045070506496,110.25563568108974,0.0
1,0,3702,7045809333337,110.26719835075183,nan
1,1,7404,7046547023360,110.27874322916666,0.0
1,1,7405,7047614704128,110.29545247596154,0.0
1,1,7406,7048687892992,110.3122479246795,0.0
1,1,7407,7049067151872,110.31818334134616,0.0
1,0,3704,7049807344084,110.32976737911909,nan
1,1,7408,7050204400128,110.33598132211539,0.0
1,1,7409,7050583742976,110.34191805288462,0.0
1,1,7410,7051651317248,110.35862563301282,0.0
1,1,7411,7052374803968,110.36994822916667,0.0
1,0,3706,7053112319840,110.38149038211138,nan
1,1,7412,7053851456000,110.3930578926282,0.0
1,1,7413,7054574943744,110.40438050480769,0.0
1,1,7414,7055986819072,110.42647641025641,0.0
1,1,7415,7056366248448,110.4324144951923,0.0
1,0,3708,7056765449432,110.43866200658555,nan
1,1,7416,7057503642624,110.45021475961539,0.0
1,1,7417,7057882967552,110.4561512099359,0.0
1,1,7418,7058950800384,110.47286283653847,0.0
1,1,7419,7059674765312,110.48419291666667,0.0
1,0,3710,7060071717481,110.49040523401506,nan
1,1,7420,7060813091840,110.5020077724359,0.0
1,1,7421,7061192500736,110.50794553685898,0.0
1,1,7422,7062604510720,110.53004354967949,0.0
1,1,7423,7063328111104,110.54136792467949,0.0
1,0,3712,7063725537248,110.5475876597556,nan
1,1,7424,7064466088448,110.55917731570513,0.0
1,1,7425,7065189701632,110.57050189102564,0.0
1,0,3713,7066248732037,110.587075759293,nan
1,1,7426,7066644416512,110.59326823717949,0.0
1,1,7427,7067368222720,110.60459583333333,0.0
1,1,7428,7068436103680,110.62130821314103,0.0
1,1,7429,7068815612416,110.6272475400641,0.0
1,0,3715,7069213020404,110.6334669909981,nan
1,1,7430,7069953541632,110.64505617788461,0.0
1,1,7431,7070332985344,110.65099448717949,0.0
1,1,7432,7071400901120,110.66770741185898,0.0
1,1,7433,7072124653056,110.67903415865385,0.0
1,0,3717,7072866636908,110.69064623566457,nan
1,1,7434,7073606569984,110.70222621794872,0.0
1,1,7435,7074330129920,110.7135499599359,0.0
1,1,7436,7075742156288,110.73564822916667,0.0
1,1,7437,7076121502720,110.74158501602564,0.0
1,0,3719,7076860888588,110.75315643448268,nan
1,1,7438,7077253941760,110.7593077323718,0.0
1,1,7439,7077977573888,110.77063260416666,0.0
1,1,7440,7079045593600,110.78734715544873,0.0
1,1,7441,7079424958976,110.79328423878205,0.0
1,0,3721,7079825074553,110.79954606359237,nan
1,1,7442,7080562517504,110.81108707532051,0.0
1,1,7443,7080941897728,110.81702439102564,0.0
1,1,7444,7082009686528,110.83373532852565,0.0
1,1,7445,7082733281792,110.84505962339743,0.0
1,0,3723,7083471371542,110.85661075755584,nan
1,1,7446,7084209420288,110.86816125,0.0
1,1,7447,7084938318336,110.87956853365385,0.0
1,1,7448,7086011497472,110.89636383012821,0.0
1,1,7449,7086390924800,110.90230188301283,0.0
1,0,3725,7087129459843,110.91385998602452,nan
1,1,7450,7087522994688,110.92001882211538,0.0
1,1,7451,7087902417920,110.92595681089743,0.0
1,1,7452,7088970162688,110.94266705929488,0.0
1,1,7453,7089693590016,110.95398872596154,0.0
1,0,3727,7090093773805,110.96025161829239,nan
1,1,7454,7090831160320,110.97179174679488,0.0
1,1,7455,7091555061760,110.98312083333333,0.0
1,1,7456,7092623200768,110.99983725160257,0.0
1,1,7457,7093691492864,111.01655606570513,0.0
1,0,3729,7094433573774,111.02816966167744,nan
1,1,7458,7094829106176,111.03435975961538,0.0
1,1,7459,7095897111040,111.05107407852564,0.0
1,1,7460,7096964916736,111.06778528044872,0.0
1,1,7461,7097688395776,111.07910775641027,0.0
1,0,3731,7098085938953,111.08532932305752,nan
1,1,7462,7098481825792,111.09152496794871,0.0
1,1,7463,7099205557248,111.10285139423077,0.0
1,1,7464,7100273691136,111.11956773237179,0.0
1,1,7465,7100653064192,111.12550493589744,0.0
1,0,3733,7101391532183,111.13706198954264,nan
1,1,7466,7101785242624,111.14322357371795,0.0
1,1,7467,7102509103104,111.15455201923078,0.0
1,1,7468,7103948198912,111.17707392628205,0.0
1,1,7469,7105016323584,111.1937901201923,0.0
1,1,7470,7106084511744,111.21050730769231,0.0
1,1,7471,7106808424960,111.22183657852564,0.0
1,0,3736,7107207069718,111.2280753849597,nan
1,1,7472,7107601933312,111.23425501602564,0.0
1,1,7473,7108325735424,111.24558254807692,0.0
1,1,7474,7109393817088,111.26229806891025,0.0
1,1,7475,7110117489664,111.27362357371796,0.0
1,0,3738,7110517281144,111.27988032639723,nan
1,1,7476,7111255141888,111.29142787660257,0.0
1,1,7477,7111634539008,111.29736545673077,0.0
1,1,7478,7112702224384,111.31407477564103,0.0
1,1,7479,7113425686016,111.32539697916667,0.0
1,0,3740,7113821439750,111.33159054095928,nan
1,1,7480,7114568535552,111.34328262019231,0.0
1,1,7481,7114947976192,111.34922088141026,0.0
1,1,7482,7116359596544,111.37131279647436,0.0
1,1,7483,7116738829312,111.37724780448718,0.0
1,0,3742,7117477711490,111.38881134017554,nan
1,1,7484,7117870276608,111.39495500000001,0.0
1,1,7485,7118598955520,111.40635885416667,0.0
1,1,7486,7119327453696,111.41775987980769,0.0
1,1,7487,7120056242176,111.42916544871795,0.0
1,1,7488,7121123888640,111.44587415865385,0.0
1,1,7489,7121503218688,111.45181068910257,0.0
1,0,3745,7122241930314,111.46337155564528,nan
1,1,7490,7122979523584,111.4749149198718,0.0
1,1,7491,7123358853120,111.4808514423077,0.0
1,1,7492,7124770744832,111.50294760416666,0.0
1,1,7493,7125494318080,111.51427155448718,0.0
1,0,3747,7125893388249,111.52051701862042,nan
1,1,7494,7126632145920,111.53207860576923,0.0
1,1,7495,7127011619840,111.53801738782052,0.0
1,1,7496,7128079492096,111.55472963141025,0.0
1,1,7497,7128802948096,111.56605174679487,0.0
1,0,3749,7129198747475,111.57224602293357,nan
1,1,7498,7129596219904,111.5784664823718,0.0
1,1,7499,7130319764480,111.58978998397436,0.0
1,1,7500,7131387367424,111.60649801282051,0.0
1,1,7501,7131766644224,111.6124337099359,0.0
1,0,3751,7132503516908,111.62396579696264,nan
1,1,7502,7133242899968,111.63553717147437,0.0
1,1,7503,7133971788288,111.64694430288462,0.0
1,1,7504,7135044730368,111.66373588942308,0.0
1,1,7505,7135424191488,111.66967447115385,0.0
1,0,3753,7136166230581,111.68128741268843,nan
1,1,7506,7136561863168,111.68747907852564,0.0
1,1,7507,7137285645824,111.69880630608975,0.0
1,1,7508,7138353692160,111.71552127403847,0.0
1,1,7509,7138733142528,111.7214596875,0.0
1,0,3755,7139471388101,111.7330132602946,nan
1,1,7510,7139865219584,111.73917673878205,0.0
1,1,7511,7140594141184,111.75058439102564,0.0
1,1,7512,7141662008832,111.76729656250001,0.0
1,1,7513,7142041372672,111.77323362179487,0.0
1,0,3757,7142782488373,111.78483211220767,nan
1,1,7514,7143523259392,111.79642520833333,0.0
1,1,7515,7143902553600,111.80236117788462,0.0
1,1,7516,7145314519552,111.82445850160256,0.0
1,1,7517,7145693882880,111.83039555288462,0.0
1,0,3759,7146093658264,111.83665205366086,nan
1,1,7518,7146831396864,111.84819769230769,0.0
1,1,7519,7147210735616,111.85413435897436,0.0
1,1,7520,7148278551552,111.87084572115386,0.0
1,1,7521,7149001976832,111.88216735576924,0.0
1,0,3761,7149398528042,111.88837339809321,nan
1,1,7522,7150139847680,111.89997508012821,0.0
1,1,7523,7150519301120,111.90591354166666,0.0
1,1,7524,7151587238912,111.92262681089744,0.0
1,1,7525,7152311022080,111.93395404647437,0.0
1,0,3763,7153055933337,111.94561193749061,nan
1,1,7526,7153792952320,111.95714631410257,0.0
1,1,7527,7154172406784,111.96308479166667,0.0
1,1,7528,7155584419840,111.98518285256411,0.0
1,1,7529,7155963709440,111.99111875,0.0
1,0,3765,7156702192970,112.00267604683118,nan
1,1,7530,7157095868416,112.00883708333333,0.0
1,1,7531,7157819514880,112.02016217948719,0.0
1,1,7532,7158887535104,112.03687673878206,0.0
1,1,7533,7159266977792,112.04281503205128,0.0
1,0,3767,7160007455448,112.05440353703426,nan
1,1,7534,7160404988928,112.06062495192307,0.0
1,1,7535,7160784399360,112.06656274038461,0.0
1,1,7536,7161852044288,112.08327142628205,0.0
1,1,7537,7162580960256,112.09467899038462,0.0
1,0,3769,7163318250572,112.1062176133689,nan
1,1,7538,7164401768448,112.12317471153847,0.0
1,1,7539,7165125224960,112.1344968349359,0.0
1,1,7540,7166193075200,112.15120873397436,0.0
1,1,7541,7166916774400,112.16253465544872,0.0
1,0,3771,7167316915660,112.16879688219902,nan
1,1,7542,7167710764032,112.174960625,0.0
1,1,7543,7168434705408,112.18629033653846,0.0
1,1,7544,7169502688768,112.20300431891026,0.0
1,1,7545,7170226339328,112.21432947916666,0.0
1,0,3773,7170622907732,112.22053579057743,nan
1,1,7546,7171019844608,112.22674786858974,0.0
1,1,7547,7172087882752,112.24346270833334,0.0
1,1,7548,7173500241920,112.26556618589744,0.0
1,1,7549,7174223955456,112.27689233173078,0.0
1,0,3775,7174963922171,112.28847284046662,nan
1,1,7550,7175706198016,112.30008948717949,0.0
1,1,7551,7176085616128,112.30602739583334,0.0
1,1,7552,7177153494528,112.32273973557693,0.0
1,1,7553,7177877113344,112.33406439903847,0.0
1,0,3777,7178275247220,112.34029521014874,nan
1,1,7554,7178670524928,112.3464813221154,0.0
1,1,7555,7179394018304,112.3578040224359,0.0
1,1,7556,7180461664256,112.37451272435898,0.0
1,1,7557,7180840984064,112.38044909455128,0.0
1,0,3779,7181581530114,112.3920386699031,nan
1,1,7558,7182322570240,112.40363597756411,0.0
1,1,7559,7182701875712,112.40957212339744,0.0
1,1,7560,7184457987072,112.43705533653846,0.0
1,1,7561,7184837316096,112.44299185096155,0.0
1,0,3781,7185576031137,112.45455277094915,nan
1,1,7562,7185969444352,112.46070970352564,0.0
1,1,7563,7186693135872,112.47203550480769,0.0
1,1,7564,7187761235968,112.48875131410257,0.0
1,1,7565,7188140622848,112.49468873397436,0.0
1,0,3783,7188540602641,112.50094843375965,nan
1,1,7566,7189278344192,112.51249411858974,0.0
1,1,7567,7189657564160,112.51842892628206,0.0
1,1,7568,7190730516480,112.53522067307692,0.0
1,1,7569,7191454021120,112.54654354967948,0.0
1,0,3785,7192193651355,112.55811879248986,nan
1,1,7570,7193274630144,112.57503615384616,0.0
1,1,7571,7194342244352,112.59174435897437,0.0
1,0,3786,7195057855587,112.60294370347243,nan
1,1,7572,7195452317696,112.60911705128206,0.0
1,1,7573,7196176084992,112.62044403846154,0.0
1,1,7574,7197243864064,112.63715482371795,0.0
1,1,7575,7197623236096,112.64309201121795,0.0
1,0,3788,7198364686337,112.65469573719514,nan
1,1,7576,7198760834048,112.66089546474359,0.0
1,1,7577,7199140232192,112.66683306089745,0.0
1,1,7578,7200208106496,112.68354533653846,0.0
1,1,7579,7200931815424,112.69487141025641,0.0
1,0,3790,7201670612882,112.70643362007337,nan
1,1,7580,7202408617472,112.71798342147436,0.0
1,1,7581,7203132240384,112.72930814903846,0.0
1,1,7582,7204544178688,112.7514050400641,0.0
1,1,7583,7204923538432,112.75734203525641,0.0
1,0,3792,7205664504641,112.76893818611342,nan
1,1,7584,7206061565440,112.77515220352565,0.0
1,1,7585,7206785327104,112.7864791025641,0.0
1,1,7586,7207853476864,112.80319568910257,0.0
1,1,7587,7208233073664,112.80913639423078,0.0
1,0,3794,7208628986033,112.8153324386675,nan
1,1,7588,7209371248128,112.82694887019231,0.0
1,1,7589,7209750766080,112.83288834134616,0.0
1,1,7590,7210818598400,112.8495999599359,0.0
1,1,7591,7211542265344,112.86092537660257,0.0
1,0,3796,7212629047867,112.87793356662849,nan
1,1,7592,7213024312832,112.88411947916667,0.0
1,1,7593,7214436832256,112.9062254647436,0.0
1,0,3797,7214805927390,112.91200181837816,nan
1,1,7594,7215547369984,112.9236054246795,0.0
1,1,7595,7215926844416,112.92954421474359,0.0
1,1,7596,7216994646528,112.94625536057693,0.0
1,1,7597,7217718094336,112.95757734775641,0.0
1,0,3799,7218117653849,112.96383047014285,nan
1,1,7598,7218855442432,112.97537689102565,0.0
1,1,7599,7219234903040,112.98131546474359,0.0
1,1,7600,7220302829056,112.99802854967949,0.0
1,1,7601,7220682250752,113.00396651442308,0.0
1,0,3801,7221422727398,113.01555500359952,nan
1,1,7602,7222164331520,113.02716113782051,0.0
1,1,7603,7222887846400,113.0384841746795,0.0
1,1,7604,7224299785728,113.06058108173077,0.0
1,1,7605,7224679230976,113.0665194150641,0.0
1,0,3803,7225416783514,113.07806214183319,nan
1,1,7606,7225811311104,113.08423651442308,0.0
1,1,7607,7226534873088,113.09556028846154,0.0
1,1,7608,7227602819072,113.11227368589743,0.0
1,1,7609,7227982364672,113.11821358974359,0.0
1,0,3805,7228381174275,113.1244549760085,nan
1,1,7610,7229120227328,113.13602118589743,0.0
1,1,7611,7229499598336,113.14195835737179,0.0
1,1,7612,7230567239680,113.15866698717949,0.0
1,1,7613,7231290899968,113.16999229967949,0.0
1,0,3807,7232027727797,113.18152368472369,nan
1,1,7614,7232767588864,113.1931025400641,0.0
1,1,7615,7233147014144,113.19904056089744,0.0
1,1,7616,7234903398400,113.2265280448718,0.0
1,1,7617,7235282864640,113.23246670673078,0.0
1,0,3809,7236020714860,113.24401409223508,nan
1,1,7618,7236415167488,113.25018729166668,0.0
1,1,7619,7237138814976,113.26151240384615,0.0
1,1,7620,7238206922240,113.27822832532051,0.0
1,1,7621,7238586438656,113.28416777243591,0.0
1,0,3811,7239325875963,113.29573999591534,nan
1,1,7622,7239719086592,113.30189375801282,0.0
1,1,7623,7240098586624,113.30783294871796,0.0
1,1,7624,7241166526464,113.32454625,0.0
1,1,7625,7242235024896,113.34126829326924,0.0
1,0,3813,7242972904107,113.35281613248385,nan
1,1,7626,7243711508480,113.36437532051282,0.0
1,1,7627,7244435015168,113.37569822916667,0.0
1,1,7628,7245503035392,113.39241278846154,0.0
1,1,7629,7246226733568,113.40373869391026,0.0
1,0,3815,7246625972798,113.40998680385492,nan
1,1,7630,7247364752384,113.42154873397436,0.0
1,1,7631,7247744300544,113.42748867788463,0.0
1,1,7632,7248812165632,113.44420080929487,0.0
1,1,7633,7249535668224,113.45552365384616,0.0
1,0,3817,7249931618255,113.46172028769469,nan
1,1,7634,7250678437888,113.4734080448718,0.0
1,1,7635,7251057789952,113.47934491987179,0.0
1,1,7636,7252469433344,113.50143719551282,0.0
1,1,7637,7253192891904,113.51275935096155,0.0
1,0,3819,7253929663838,113.52428986124674,nan
1,1,7638,7254669177856,113.53586328525641,0.0
1,1,7639,7255392714240,113.54718665865384,0.0
1,1,7640,7256460329984,113.56389488782051,0.0
1,1,7641,7257183780352,113.5752169150641,0.0
1,0,3821,7257582039289,113.58144968338404,nan
1,1,7642,7257977045504,113.58763154647436,0.0
1,1,7643,7258700573696,113.59895479166667,0.0
1,1,7644,7259768353280,113.6156655849359,0.0
1,1,7645,7260147752448,113.62160319711539,0.0
1,0,3823,7260887070354,113.63317355196439,nan
1,1,7646,7261623878144,113.64470462339744,0.0
1,1,7647,7262347432448,113.65602827724359,0.0
1,1,7648,7264129615872,113.68391951923077,0.0
1,1,7649,7264508874752,113.68985493589744,0.0
1,1,7650,7265920716800,113.71195032051283,0.0
1,1,7651,7266300206592,113.71788935096154,0.0
1,0,3826,7267040215649,113.72947052235139,nan
1,1,7652,7267432645120,113.73561205929488,0.0
1,1,7653,7268156125184,113.74693455128205,0.0
1,1,7654,7269229227520,113.76372864583334,0.0
1,1,7655,7269608647680,113.76966658653846,0.0
1,0,3828,7270345770480,113.78120258789063,nan
1,1,7656,7271084727296,113.79276729166666,0.0
1,1,7657,7272152612352,113.80947973557693,0.0
1,1,7658,7273909105664,113.83696892628205,0.0
1,1,7659,7274288529408,113.84290692307692,0.0
1,0,3830,7275028425656,113.8544863290014,nan
1,1,7660,7275770125312,113.86609395833334,0.0
1,1,7661,7276499010048,113.87750103365384,0.0
1,1,7662,7277566660096,113.89420979967949,0.0
1,1,7663,7277946036736,113.90014705929488,0.0
1,0,3832,7278688053014,113.91175964377379,nan
1,1,7664,7279083240960,113.91794435096155,0.0
1,1,7665,7279806714880,113.92926674679488,0.0
1,1,7666,7280874422784,113.94597641826924,0.0
1,1,7667,7281597893632,113.95729876602564,0.0
1,0,3834,7283029925569,113.97971012321277,nan
1,1,7668,7283424209920,113.98588068910257,0.0
1,1,7669,7285180392448,114.01336501602565,0.0
1,0,3835,7285899920491,114.02462565872584,nan
1,1,7670,7286296462848,114.0308315625,0.0
1,1,7671,7287020174336,114.04215767628206,0.0
1,1,7672,7288088093184,114.05887064903847,0.0
1,1,7673,7288467452928,114.06480764423077,0.0
1,0,3837,7289206419456,114.0763725,nan
1,1,7674,7289599371776,114.08252221955128,0.0
1,1,7675,7290328179712,114.09392809294872,0.0
1,1,7676,7291739834880,114.11602055288462,0.0
1,1,7677,7292463439872,114.127345,0.0
1,0,3839,7293200422831,114.13887881283492,nan
1,1,7678,7293939740160,114.15044915865386,0.0
1,1,7679,7295007574016,114.16716080128205,0.0
1,1,7680,7296075331072,114.18387124198718,0.0
1,1,7681,7296454580736,114.18980651442308,0.0
1,0,3841,7297193446752,114.20136979717549,nan
1,1,7682,7297586508288,114.20752122596154,0.0
1,1,7683,7298310164480,114.21884647435898,0.0
1,1,7684,7299378036736,114.23555871794872,0.0
1,1,7685,7299757511680,114.24149751602565,0.0
1,0,3843,7300157254878,114.24775351308969,nan
1,1,7686,7300895295488,114.25930387820513,0.0
1,1,7687,7301963151872,114.27601587339744,0.0
1,1,7688,7303374912000,114.29810997596154,0.0
1,1,7689,7304098480640,114.30943385416667,0.0
1,0,3845,7304840250532,114.32104258269482,nan
1,1,7690,7305585513984,114.33270598557692,0.0
1,1,7691,7305964727808,114.3386406971154,0.0
1,1,7692,7307381735936,114.36081693108974,0.0
1,1,7693,7307761204736,114.36675563301283,0.0
1,0,3847,7308156847107,114.37294745197003,nan
1,1,7694,7308899076608,114.38456337339744,0.0
1,1,7695,7309278518784,114.39050165865385,0.0
1,1,7696,7310346400256,114.40721404647437,0.0
1,1,7697,7311070051840,114.41853922275641,0.0
1,0,3849,7311809350558,114.43010927731245,nan
1,1,7698,7312546225664,114.44164140224359,0.0
1,1,7699,7313269642752,114.45296290865384,0.0
1,1,7700,7314337425408,114.46967375,0.0
1,1,7701,7315061028352,114.48099816506411,0.0
1,0,3851,7315802855260,114.49260778589493,nan
1,1,7702,7316198642688,114.498801875,0.0
1,1,7703,7316922196480,114.51012552083334,0.0
1,1,7704,7317989852160,114.526834375,0.0
1,1,7705,7318369105920,114.53276971153846,0.0
1,0,3853,7319108205813,114.54433665447529,nan
1,1,7706,7319501221888,114.55048737179487,0.0
1,1,7707,7319880506368,114.55642318910257,0.0
1,1,7708,7321292564992,114.57852196314103,0.0
1,1,7709,7322360480256,114.59523487980769,0.0
1,0,3855,7322760561303,114.60149616422214,nan
1,1,7710,7323498081280,114.61303838141026,0.0
1,1,7711,7324221850624,114.62436540064103,0.0
1,1,7712,7325660377600,114.64687840544872,0.0
1,1,7713,7326383874560,114.65820116185898,0.0
1,1,7714,7327451540480,114.67491017628205,0.0
1,1,7715,7327830977536,114.68084838141026,0.0
1,0,3858,7328572596812,114.69245475279197,nan
1,1,7716,7328968664064,114.69865322115385,0.0
1,1,7717,7329348110336,114.70459157051282,0.0
1,1,7718,7330759769088,114.72668408653847,0.0
1,1,7719,7331488530944,114.73808923878205,0.0
1,0,3860,7332230062537,114.7496942379213,nan
1,1,7720,7333314077696,114.76665911858974,0.0
1,1,7721,7334037574656,114.77798187500001,0.0
1,1,7722,7335449288704,114.80007525641025,0.0
1,1,7723,7336172769792,114.81139776442308,0.0
1,0,3862,7336570891137,114.8176283794227,nan
1,1,7724,7337310301696,114.82920018429488,0.0
1,1,7725,7337689692160,114.83513766025641,0.0
1,1,7726,7338757491200,114.85184875801282,0.0
1,1,7727,7339481008640,114.8631718349359,0.0
1,0,3864,7339881425658,114.86943837730995,nan
1,1,7728,7340623806976,114.88105667467948,0.0
1,1,7729,7341347206656,114.89237790865386,0.0
1,1,7730,7343124295680,114.92018942307692,0.0
1,1,7731,7343853145600,114.93159595352564,0.0
1,1,7732,7344920867328,114.94830584134615,0.0
1,1,7733,7345644570624,114.95963182692309,0.0
1,0,3867,7346040863403,114.96583382479155,nan
1,1,7734,7346782260224,114.97743671474359,0.0
1,1,7735,7347161683968,114.98337471153846,0.0
1,1,7736,7348229599232,115.00008762820514,0.0
1,1,7737,7348609078272,115.00602649038461,0.0
1,0,3869,7349347370056,115.01758078638322,nan
1,1,7738,7349741517824,115.02374921474359,0.0
1,1,7739,7350465021952,115.03507208333333,0.0
1,1,7740,7351877229056,115.05717318108975,0.0
1,1,7741,7352256622080,115.06311069711539,0.0
1,0,3871,7352996203515,115.0746851762038,nan
1,1,7742,7353393965568,115.08091016826923,0.0
1,1,7743,7354117519360,115.09223381410257,0.0
1,1,7744,7355529191424,115.11432653846154,0.0
1,1,7745,7356252577792,115.12564756410256,0.0
1,0,3873,7356649224600,115.13185510253906,nan
1,1,7746,7357395296768,115.14353116185897,0.0
1,1,7747,7357774717440,115.14946911057693,0.0
1,1,7748,7358842708480,115.16618321314103,0.0
1,1,7749,7359566495744,115.17751051282052,0.0
1,0,3875,7359966170357,115.18376543652657,nan
1,1,7750,7360704458752,115.19531967948718,0.0
1,1,7751,7361428158976,115.20664561698719,0.0
1,1,7752,7362495873024,115.22335538461539,0.0
1,1,7753,7363563412480,115.2400624198718,0.0
1,0,3877,7364301707470,115.25161676604442,nan
1,1,7754,7365039714816,115.26316661057693,0.0
1,1,7755,7365763090432,115.27448746794872,0.0
1,1,7756,7366831267328,115.29120447916667,0.0
1,1,7757,7367555099136,115.30253247596154,0.0
1,0,3879,7367955325049,115.30879602753468,nan
1,1,7758,7368693129728,115.32034270032051,0.0
1,1,7759,7369072632832,115.32628193910257,0.0
1,1,7760,7370140580352,115.34299536057692,0.0
1,1,7761,7370864298496,115.35432157852564,0.0
1,0,3881,7371603626036,115.36589208414713,nan
1,1,7762,7372340943872,115.37743113782052,0.0
1,1,7763,7373064512000,115.38875500801282,0.0
1,0,3882,7373779763699,115.3999487257581,nan
1,1,7764,7374519036928,115.41151838141026,0.0
1,1,7765,7375242661888,115.42284314102564,0.0
1,1,7766,7376310606336,115.43955651442307,0.0
1,1,7767,7376689919488,115.44549278044872,0.0
1,0,3884,7377431665569,115.45710113633376,nan
1,1,7768,7377827539456,115.46329657852564,0.0
1,1,7769,7378551399424,115.47462501602564,0.0
1,1,7770,7379619044864,115.4913337099359,0.0
1,1,7771,7379998452736,115.49727145833333,0.0
1,0,3886,7380737382717,115.50883574214055,nan
1,1,7772,7381474752512,115.52037560897436,0.0
1,1,7773,7381853997568,115.52631080929487,0.0
1,1,7774,7383636691456,115.5542100400641,0.0
1,1,7775,7384016046592,115.56014696314102,0.0
1,1,7776,7385772520448,115.58763584935897,0.0
1,1,7777,7386152015872,115.59357496794873,0.0
1,0,3889,7386891197221,115.6051431856752,nan
1,1,7778,7387284147712,115.61129287660256,0.0
1,1,7779,7388007540736,115.62261400641026,0.0
1,1,7780,7389080455168,115.63940516025642,0.0
1,1,7781,7389459774464,115.6453415224359,0.0
1,0,3891,7390201917110,115.65695608457908,nan
1,1,7782,7390941594112,115.66853205929488,0.0
1,1,7783,7391665412608,115.67985984775642,0.0
1,1,7784,7393077413888,115.70195772435898,0.0
1,1,7785,7393456744448,115.70789426282052,0.0
1,0,3893,7394194971271,115.71944754217687,nan
1,1,7786,7394588777984,115.72561063301282,0.0
1,1,7787,7395312167424,115.73693170673077,0.0
1,1,7788,7396385079296,115.75372282051282,0.0
1,1,7789,7397113807360,115.76512744391026,0.0
1,0,3895,7397511866857,115.7713570909862,nan
1,1,7790,7398256340480,115.78300813301283,0.0
1,1,7791,7398635713024,115.78894532852564,0.0
1,1,7792,7399703389184,115.80565450320513,0.0
1,1,7793,7400427183616,115.8169819150641,0.0
1,0,3897,7400823303026,115.82318119970077,nan
1,1,7794,7401564868096,115.83478672275642,0.0
1,1,7795,7402288537600,115.84611217948718,0.0
1,1,7796,7404065689088,115.87392467147436,0.0
1,1,7797,7404789499392,115.88525233173077,0.0
1,1,7798,7405857443840,115.9019657051282,0.0
1,1,7799,7406581083648,115.91329069711539,0.0
1,0,3900,7406981091137,115.91955083034418,nan
1,1,7800,7407718938112,115.9310981650641,0.0
1,1,7801,7408098402816,115.93703680288462,0.0
1,1,7802,7409166363136,115.95375042467948,0.0
1,1,7803,7409545829376,115.95968908653846,0.0
1,0,3902,7410286877934,115.97128652616061,nan
1,1,7804,7411027373056,115.98287530448718,0.0
1,1,7805,7411750842880,115.99419763621795,0.0
1,1,7806,7413167721984,116.01637185096155,0.0
1,1,7807,7413547029504,116.02230802884615,0.0
1,0,3904,7414632330393,116.03929303124062,nan
1,1,7808,7415377658880,116.05095745192308,0.0
1,1,7809,7415756802048,116.05689105769231,0.0
1,1,7810,7416824226816,116.07359629807692,0.0
1,1,7811,7417208957952,116.07961735576923,0.0
1,0,3906,7417947780117,116.09117995225174,nan
1,1,7812,7418685072896,116.10271861378206,0.0
1,1,7813,7419064439296,116.10865571314103,0.0
1,1,7814,7420132570112,116.12537200320513,0.0
1,1,7815,7420856405504,116.13670005608975,0.0
1,0,3908,7421593819615,116.14824061647073,nan
1,1,7816,7422332742656,116.15980479166667,0.0
1,1,7817,7423056066560,116.1711248397436,0.0
1,1,7818,7424129140224,116.18791848557693,0.0
1,1,7819,7424508462592,116.19385489583334,0.0
1,0,3910,7425250577268,116.20546902024489,nan
1,1,7820,7425645856768,116.21165516025641,0.0
1,1,7821,7426374657536,116.22306092147436,0.0
1,1,7822,7427447762944,116.23985506410257,0.0
1,1,7823,7427827078144,116.24579136217949,0.0
1,0,3912,7428224892626,116.25201717476087,nan
1,1,7824,7428964581888,116.26359334134615,0.0
1,1,7825,7429343915008,116.2695299198718,0.0
1,1,7826,7430755650048,116.2916236298077,0.0
1,1,7827,7431823531008,116.30833600961539,0.0
1,0,3914,7432223389321,116.31459380823381,nan
1,1,7828,7432961245696,116.3261412900641,0.0
1,1,7829,7433684694528,116.33746329326924,0.0
1,1,7830,7435096480256,116.35955779647436,0.0
1,1,7831,7435819939840,116.37087996794872,0.0
1,0,3916,7436215895128,116.37707668406952,nan
1,1,7832,7436957310976,116.38867987179488,0.0
1,1,7833,7437336538624,116.39461479967949,0.0
1,1,7834,7438403984896,116.41132037660256,0.0
1,1,7835,7439132822016,116.42272670673077,0.0
1,0,3918,7439531572692,116.42896717078575,nan
1,1,7836,7440275754496,116.44061364583334,0.0
1,1,7837,7440655150080,116.44655120192309,0.0
1,1,7838,7442072425472,116.46873161858974,0.0
1,1,7839,7442795870720,116.48005356570513,0.0
1,0,3920,7443535780704,116.49163318659856,nan
1,1,7840,7443933262848,116.49785379807693,0.0
1,1,7841,7444656783360,116.50917692307692,0.0
1,1,7842,7445724734976,116.52589040865385,0.0
1,1,7843,7446104161280,116.53182844551283,0.0
1,0,3922,7446504724181,116.53809727096167,nan
1,1,7844,7447241708544,116.54963110576924,0.0
1,1,7845,7447621176320,116.55556979166667,0.0
1,1,7846,7448688925696,116.57228011217948,0.0
1,1,7847,7449412575232,116.58360525641027,0.0
1,0,3924,7449809644698,116.5898194094614,nan
1,1,7848,7450550236672,116.60140970352565,0.0
1,1,7849,7451279113216,116.61281665064102,0.0
1,1,7850,7453034745856,116.64029237179487,0.0
1,1,7851,7453414060032,116.64622865384615,0.0
1,0,3926,7454154042448,116.6578094083033,nan
1,1,7852,7455239799808,116.67480155448719,0.0
1,1,7853,7455963233280,116.68612331730769,0.0
1,1,7854,7457030676992,116.70282885416667,0.0
1,1,7855,7457759384576,116.71423315705128,0.0
1,0,3928,7458157286378,116.72046033619417,nan
1,1,7856,7458897011712,116.7320370673077,0.0
1,1,7857,7459276417024,116.73797477564104,0.0
1,1,7858,7460688450560,116.76007315705128,0.0
1,1,7859,7461411890176,116.77139501602565,0.0
1,0,3930,7462150173634,116.782949181722,nan
1,1,7860,7462888067584,116.79449725160256,0.0
1,1,7861,7463960887808,116.81128693108975,0.0
1,1,7862,7465028672000,116.82799779647436,0.0
1,1,7863,7465408197632,116.83393738782051,0.0
1,0,3932,7466148662645,116.84552569494004,nan
1,1,7864,7466545838080,116.85174150641026,0.0
1,1,7865,7466925311488,116.85768028044872,0.0
1,1,7866,7468337276416,116.87977758814102,0.0
1,1,7867,7468716755968,116.88571645833333,0.0
1,0,3934,7469116838131,116.89197776021322,nan
1,1,7868,7469859425792,116.90359928685898,0.0
1,1,7869,7470583081984,116.91492453525642,0.0
1,1,7870,7471650681344,116.93163250801283,0.0
1,1,7871,7472029966848,116.93756834134615,0.0
1,0,3936,7472767908015,116.94911715017466,nan
1,1,7872,7473511227392,116.96075012820513,0.0
1,1,7873,7474239839744,116.97215294070513,0.0
1,1,7874,7475312611840,116.98894186698718,0.0
1,1,7875,7475691902976,116.99487778846154,0.0
1,0,3938,7476429554220,117.00642205998348,nan
1,1,7876,7476823932928,117.01259410256411,0.0
1,1,7877,7477547354624,117.02391568108975,0.0
1,1,7878,7478615047168,117.04062511217948,0.0
1,1,7879,7478994399232,117.04656198717949,0.0
1,0,3940,7479733582832,117.05813024013422,nan
1,1,7880,7480126321664,117.06427661858974,0.0
1,1,7881,7480849805824,117.0755991746795,0.0
1,1,7882,7482605784064,117.10308030448718,0.0
1,1,7883,7483329314816,117.11440358974359,0.0
1,0,3942,7484070690263,117.12600614519168,nan
1,1,7884,7484811152384,117.13759440705128,0.0
1,1,7885,7485190465024,117.1435306650641,0.0
1,1,7886,7486602134528,117.16562334935898,0.0
1,1,7887,7486981417984,117.17155915064103,0.0
1,0,3944,7487722474892,117.18315672094101,nan
1,1,7888,7488118844416,117.1893599198718,0.0
1,1,7889,7488498232320,117.19529735576923,0.0
1,1,7890,7489565960192,117.2120073397436,0.0
1,1,7891,7490289579520,117.22333201121795,0.0
1,0,3946,7491026542402,117.23486550984701,nan
1,1,7892,7491765724160,117.24643373397436,0.0
1,1,7893,7492489220096,117.25775647435898,0.0
1,1,7894,7493556695552,117.27446250801282,0.0
1,1,7895,7494280114176,117.28578403846154,0.0
1,0,3948,7494677808887,117.29200797662197,nan
1,1,7896,7495073244160,117.29819655448718,0.0
1,1,7897,7495801925120,117.30960044070513,0.0
1,1,7898,7496874674688,117.32638901442309,0.0
1,1,7899,7497253840896,117.33232298076923,0.0
1,0,3950,7497993878642,117.34390460114308,nan
1,1,7900,7498391133184,117.35012165064103,0.0
1,1,7901,7499119870976,117.36152642628205,0.0
1,1,7902,7500187512832,117.37823506410257,0.0
1,1,7903,7500566894080,117.38417239583333,0.0
1,0,3952,7501651336194,117.40114395836464,nan
1,1,7904,7502392450048,117.4127424198718,0.0
1,1,7905,7503121293824,117.42414885416667,0.0
1,1,7906,7504876521984,117.45161824519231,0.0
1,1,7907,7505605187072,117.46302188301283,0.0
1,0,3954,7506002207116,117.46923526260768,nan
1,1,7908,7506747674624,117.48090185897436,0.0
1,1,7909,7507127108096,117.48684000801282,0.0
1,1,7910,7508194573312,117.50354588141026,0.0
1,1,7911,7508917970944,117.51486708333334,0.0
1,0,3956,7509318274822,117.52113185506185,nan
1,1,7912,7509711277568,117.52728236378205,0.0
1,1,7913,7510434759168,117.53860487980769,0.0
1,1,7914,7512191165952,117.56609271634616,0.0
1,1,7915,7512914856960,117.57741850961538,0.0
1,0,3958,7513653283055,117.58897490758652,nan
1,1,7916,7514391640064,117.60053022435898,0.0
1,1,7917,7514771173376,117.60646993589744,0.0
1,1,7918,7516183235072,117.62856875801282,0.0
1,1,7919,7516562792960,117.63450885416667,0.0
1,0,3960,7517300117180,117.6460480077499,nan
1,1,7920,7517695439360,117.65223481570513,0.0
1,1,7921,7518419329024,117.66356371794872,0.0
1,1,7922,7519487182336,117.6802756650641,0.0
1,1,7923,7519866769920,117.68621622596154,0.0
1,0,3962,7520605106297,117.69777121984238,nan
1,1,7924,7520999519232,117.70394379807692,0.0
1,1,7925,7522067348480,117.72065536858975,0.0
1,1,7926,7523156192768,117.73769582532051,0.0
1,1,7927,7523879888896,117.74902169871795,0.0
1,1,7928,7525291913728,117.77111994391026,0.0
1,1,7929,7525671246848,117.7770565224359,0.0
1,0,3965,7526411422829,117.78864030619303,nan
1,1,7930,7526808560640,117.79485552884616,0.0
1,1,7931,7527537502720,117.80626350160257,0.0
1,1,7932,7528610628608,117.8230579647436,0.0
1,1,7933,7529339401216,117.83446328525642,0.0
1,0,3967,7529738949029,117.84071622453739,nan
1,1,7934,7530476891136,117.85226504807693,0.0
1,1,7935,7531200460800,117.8635889423077,0.0
1,1,7936,7532267948544,117.88029516826923,0.0
1,1,7937,7533341021696,117.89708880608974,0.0
1,0,3969,7533738326865,117.90330664790227,nan
1,1,7938,7534478444544,117.91488951923077,0.0
1,1,7939,7534857669632,117.92082440705128,0.0
1,1,7940,7535930533888,117.93761477564102,0.0
1,1,7941,7536659328000,117.94902043269231,0.0
1,0,3971,7537055549633,117.95522131712302,nan
1,1,7942,7537457979904,117.96151936698719,0.0
1,1,7943,7538181446656,117.97284165064103,0.0
1,1,7944,7539254365184,117.98963286858975,0.0
1,1,7945,7539633700352,117.99556947916668,0.0
1,0,3973,7540372384822,118.0071299207169,nan
1,1,7946,7541454293504,118.0240618349359,0.0
1,1,7947,7541833640960,118.02999863782051,0.0
1,1,7948,7543589463552,118.05747733173077,0.0
1,1,7949,7543968739328,118.06341301282052,0.0
1,0,3975,7544706400303,118.07495743663299,nan
1,1,7950,7545100371456,118.08112310096155,0.0
1,1,7951,7545823720960,118.09244354967949,0.0
1,1,7952,7546896689664,118.10923555288461,0.0
1,1,7953,7547620142080,118.1205576121795,0.0
1,0,3977,7548016640463,118.1267628277588,nan
1,1,7954,7548413245952,118.13296971955128,0.0
1,1,7955,7549142135296,118.14437686698719,0.0
1,1,7956,7550209828352,118.16108630608974,0.0
1,1,7957,7550933243392,118.17240778044872,0.0
1,0,3979,7551680265524,118.1840987067433,nan
1,1,7958,7552075848192,118.19028959134616,0.0
1,1,7959,7552804698624,118.2016961298077,0.0
1,1,7960,7554216031232,118.22378354166668,0.0
1,1,7961,7554944761344,118.23518819711539,0.0
1,0,3981,7555344347311,118.241441733508,nan
1,1,7962,7556081999360,118.2529860176282,0.0
1,1,7963,7556461218816,118.2589208173077,0.0
1,1,7964,7557528636928,118.27562595352565,0.0
1,1,7965,7558257415680,118.28703137019231,0.0
1,0,3983,7558655107151,118.2932552576466,nan
1,1,7966,7559050678272,118.29944596153847,0.0
1,1,7967,7559774218240,118.31076939102564,0.0
1,1,7968,7561186260992,118.33286791666667,0.0
1,1,7969,7562253654528,118.34957266826923,0.0
1,0,3985,7562649853477,118.35577319769443,nan
1,1,7970,7563390991360,118.36737203525641,0.0
1,1,7971,7563770304000,118.37330829326923,0.0
1,1,7972,7565182280704,118.39540578525641,0.0
1,1,7973,7565561498112,118.40134055288462,0.0
1,0,3987,7566301817308,118.41292657796224,nan
1,1,7974,7566698957824,118.41914184294872,0.0
1,1,7975,7567422548992,118.43046607371795,0.0
1,1,7976,7568490238976,118.4471754647436,0.0
1,1,7977,7568869634560,118.45311302083334,0.0
1,0,3989,7569607372183,118.46465864419008,nan
1,1,7978,7570346071040,118.47621931089743,0.0
1,1,7979,7571069682176,118.48754385416667,0.0
1,1,7980,7572825685504,118.51502537660257,0.0
1,1,7981,7573204974080,118.52096125801282,0.0
1,0,3991,7573942908308,118.5325099582457,nan
1,1,7982,7574681313280,118.54406602564103,0.0
1,1,7983,7575405011968,118.55539193910256,0.0
1,1,7984,7576472805376,118.57210294871795,0.0
1,1,7985,7576852021248,118.57803769230769,0.0
1,0,3993,7577588978028,118.5895710954402,nan
1,1,7986,7577983814144,118.59575029647436,0.0
1,1,7987,7578707250176,118.60707209935897,0.0
1,1,7988,7579780178944,118.6238634775641,0.0
1,1,7989,7581191880192,118.64595665865384,0.0
1,0,3995,7581934027060,118.6575712868715,nan
1,1,7990,7583022973440,118.67461334134616,0.0
1,1,7991,7583402289664,118.68054965544871,0.0
1,1,7992,7584470016512,118.69725962339744,0.0
1,1,7993,7585193561088,118.708583125,0.0
1,0,3997,7585591567058,118.71481193437626,nan
1,1,7994,7586331088384,118.72638547275642,0.0
1,1,7995,7587060070912,118.73779407852564,0.0
1,1,7996,7588127626752,118.75450137019232,0.0
1,1,7997,7588506929152,118.76043746794872,0.0
1,0,3999,7588902207605,118.76662359157464,nan
1,1,7998,7589638934016,118.77815338942308,0.0
1,1,7999,7590018275840,118.78409010416667,0.0
1,0,4000,7591765637723,118.8114363876421,nan
1,1,8000,7592505947136,118.82302225961539,0.0
1,1,8001,7593229667328,118.83434850961538,0.0
1,1,8002,7594297508864,118.8510602724359,0.0
1,1,8003,7594676907008,118.85699786858974,0.0
1,0,4002,7595417596451,118.86858968804775,nan
1,1,8004,7595814823424,118.87480630608975,0.0
1,1,8005,7596538684928,118.8861347676282,0.0
1,1,8006,7597606624768,118.90284806891026,0.0
1,1,8007,7597985992192,118.90878518429487,0.0
1,0,4004,7598723842528,118.92033257161458,nan
1,1,8008,7599117741568,118.9264971073718,0.0
1,1,8009,7599846558208,118.93790311698719,0.0
1,1,8010,7601258333184,118.95999745192309,0.0
1,1,8011,7601981700608,118.97131818108974,0.0
1,0,4006,7602723208086,118.98292280282828,nan
1,1,8012,7603468637696,118.99458880608975,0.0
1,1,8013,7603847922176,119.00052462339744,0.0
1,1,8014,7605264486400,119.02269391025641,0.0
1,1,8015,7605643627008,119.02862747596154,0.0
1,0,4008,7606380782382,119.04016398709811,nan
1,1,8016,7606775334912,119.04633875,0.0
1,1,8017,7607154537472,119.05227328525642,0.0
1,1,8018,7608227153408,119.0690597676282,0.0
1,1,8019,7608955880448,119.080464375,0.0
1,0,4010,7609697174701,119.09206565975875,nan
1,1,8020,7610442554880,119.10373088942308,0.0
1,1,8021,7611171330560,119.11513625801283,0.0
1,1,8022,7612238987264,119.13184512820513,0.0
1,1,8023,7612967682560,119.14324923878206,0.0
1,0,4012,7613706591784,119.15481319774139,nan
1,1,8024,7614099391488,119.16096052884616,0.0
1,1,8025,7614828003328,119.17236333333334,0.0
1,1,8026,7615900305920,119.18914491185897,0.0
1,1,8027,7616279416320,119.1950780048077,0.0
1,0,4014,7617017345492,119.20662662591397,nan
1,1,8028,7617411339776,119.21279265224359,0.0
1,1,8029,7618134877184,119.22411604166668,0.0
1,1,8030,7619202407936,119.24082294070513,0.0
1,1,8031,7619587084800,119.24684314903847,0.0
1,0,4016,7620333282630,119.25852117497371,nan
1,1,8032,7621079540224,119.27020013621795,0.0
1,1,8033,7621808313344,119.28160546474359,0.0
1,1,8034,7623225205248,119.30377987980769,0.0
1,1,8035,7623948756480,119.31510348557693,0.0
1,0,4018,7624348196519,119.32135473819048,nan
1,1,8036,7625086125568,119.3329033573718,0.0
1,1,8037,7625814799872,119.34430713942308,0.0
1,1,8038,7626887427072,119.36109379807692,0.0
1,1,8039,7627266593792,119.3670277724359,0.0
1,0,4020,7628004232793,119.3785718523544,nan
1,1,8040,7628397840896,119.3847318349359,0.0
1,1,8041,7628777101312,119.39066727564104,0.0
1,1,8042,7630538021888,119.41822575320514,0.0
1,1,8043,7631261298176,119.42954505608975,0.0
1,0,4022,7632001823258,119.44113430329152,nan
1,1,8044,7633091939840,119.45819467147436,0.0
1,1,8045,7633471300608,119.46413168269231,0.0
1,1,8046,7634538929152,119.4808401121795,0.0
1,1,8047,7635267757568,119.49224630608974,0.0
1,0,4024,7635663742371,119.49844348412147,nan
1,1,8048,7636410395648,119.51012863782051,0.0
1,1,8049,7636789698560,119.51606474358975,0.0
1,1,8050,7637857080832,119.53276931891025,0.0
1,1,8051,7638241807872,119.5387903125,0.0
1,0,4026,7638979851548,119.55034072559846,nan
1,1,8052,7639717845504,119.56189036057692,0.0
1,1,8053,7640441439744,119.57321463942309,0.0
1,1,8054,7641514315264,119.59000518429488,0.0
1,1,8055,7642243098624,119.60141067307693,0.0
1,0,4028,7642983700155,119.61300111670862,nan
1,1,8056,7643380252160,119.61920717147436,0.0
1,1,8057,7644108838400,119.63060957532052,0.0
1,1,8058,7645181854208,119.64740231570514,0.0
1,1,8059,7645561196032,119.65333903044872,0.0
1,0,4030,7646298924613,119.6648845122978,nan
1,1,8060,7646693380096,119.67105775641026,0.0
1,1,8061,7647078081024,119.67707834134616,0.0
1,1,8062,7648145721344,119.6937869551282,0.0
1,1,8063,7649218554368,119.7105768349359,0.0
1,0,4032,7649614506449,119.71677350086702,nan
1,1,8064,7650356029440,119.72837836538461,0.0
1,1,8065,7651079602176,119.73970230769231,0.0
1,1,8066,7652491631104,119.76180061698719,0.0
1,1,8067,7653215099392,119.77312292467948,0.0
1,0,4034,7653613007247,119.77935019855207,nan
1,1,8068,7654352442880,119.79092239583333,0.0
1,1,8069,7654731596800,119.7968561698718,0.0
1,1,8070,7655804345344,119.81364472756411,0.0
1,1,8071,7656189039104,119.81966520032051,0.0
1,0,4036,7656929287943,119.83125012430827,nan
1,1,8072,7657326135296,119.83746080128205,0.0
1,1,8073,7658054901248,119.84886601762821,0.0
1,1,8074,7659127559680,119.8656531650641,0.0
1,1,8075,7659506859008,119.8715892147436,0.0
1,0,4038,7660245476493,119.88314860797588,nan
1,1,8076,7660987890176,119.89476741185898,0.0
1,1,8077,7662060621824,119.91155570512821,0.0
1,1,8078,7663133278208,119.92834282051282,0.0
1,1,8079,7663861949440,119.93974655448719,0.0
1,0,4040,7664601473038,119.95132012842423,nan
1,1,8080,7665348367872,119.9630090625,0.0
1,1,8081,7665727547904,119.9689432451923,0.0
1,1,8082,7666800166400,119.98572976762821,0.0
1,1,8083,7667179563008,119.9916673397436,0.0
1,0,4042,7667917245330,120.00321209763747,nan
1,1,8084,7668311200256,120.00937750801282,0.0
1,1,8085,7669039920128,120.02078200320513,0.0
1,1,8086,7670451115008,120.04286725961539,0.0
1,1,8087,7671179697152,120.05426959935897,0.0
1,0,4044,7671916091220,120.06579419602615,nan
1,1,8088,7672655512576,120.0773661698718,0.0
1,1,8089,7673378985472,120.08868854967949,0.0
1,1,8090,7674446736384,120.10539889423077,0.0
1,1,8091,7674826030080,120.11133485576923,0.0
1,0,4046,7675567447326,120.12293806537335,nan
1,1,8092,7675963444224,120.12913543269231,0.0
1,1,8093,7676692290048,120.14054189903847,0.0
1,1,8094,7677765289984,120.15733439102564,0.0
1,1,8095,7678144615936,120.1632708573718,0.0
1,0,4048,7678883639972,120.17483661314353,nan
1,1,8096,7679621036032,120.18637689102565,0.0
1,1,8097,7680344609280,120.19770084134616,0.0
1,1,8098,7681756656128,120.21979943108974,0.0
1,1,8099,7682136029184,120.22573663461539,0.0
1,0,4050,7682876745351,120.23732887230507,nan
1,1,8100,7683273302016,120.24353500000001,0.0
1,1,8101,7683996726784,120.25485662660257,0.0
1,1,8102,7685069449728,120.27164478365385,0.0
1,1,8103,7685448681984,120.27757978365385,0.0
1,0,4052,7685845488153,120.28378981609639,nan
1,1,8104,7686591117312,120.29545894230769,0.0
1,1,8105,7686970201600,120.30139162660257,0.0
1,1,8106,7688042854400,120.31817868589744,0.0
1,1,8107,7688771580928,120.32958328525642,0.0
1,0,4054,7689512678787,120.34118149644118,nan
1,1,8108,7690258166784,120.35284841346154,0.0
1,1,8109,7690981485568,120.36416838141027,0.0
1,0,4055,7691699422500,120.37540412315956,nan
1,1,8110,7692096972288,120.38162579326924,0.0
1,1,8111,7692820492800,120.39294891826924,0.0
1,1,8112,7693888009728,120.40965560096154,0.0
1,1,8113,7694616940544,120.4210633974359,0.0
1,0,4057,7695016167067,120.4273113085155,nan
1,1,8114,7695410264576,120.43347895032052,0.0
1,1,8115,7696133820416,120.44480262820514,0.0
1,1,8116,7697201590784,120.4615132772436,0.0
1,1,8117,7697580977664,120.46745069711538,0.0
1,0,4059,7698321486435,120.47903968904936,nan
1,1,8118,7698718607360,120.4852546474359,0.0
1,1,8119,7700136029696,120.50743736378206,0.0
1,1,8120,7701203686912,120.52414624198718,0.0
1,1,8121,7702271263232,120.54085385416667,0.0
1,0,4061,7702668872743,120.54707645894369,nan
1,1,8122,7703408727552,120.55865521634615,0.0
1,1,8123,7703788091392,120.56459227564103,0.0
1,1,8124,7704855831552,120.58130245192308,0.0
1,1,8125,7705584599552,120.59270770032052,0.0
1,0,4063,7705985111467,120.59897572783642,nan
1,1,8126,7706377644032,120.60511887820513,0.0
1,1,8127,7707106386944,120.61652373397436,0.0
1,1,8128,7708179267584,120.63331435897436,0.0
1,1,8129,7708902725632,120.64463650641027,0.0
1,0,4065,7709641563994,120.65619935637646,nan
1,1,8130,7710379038208,120.6677408573718,0.0
1,1,8131,7711102730240,120.67906666666667,0.0
1,1,8132,7712514967552,120.70116823717949,0.0
1,1,8133,7713238658560,120.71249403044872,0.0
1,0,4067,7713639284531,120.71876384294559,nan
1,1,8134,7714376177664,120.73029625000001,0.0
1,1,8135,7714755647488,120.73623496794872,0.0
1,1,8136,7715823382016,120.75294505608974,0.0
1,1,8137,7716546961408,120.7642691025641,0.0
1,0,4069,7716944012027,120.77048296065894,nan
1,1,8138,7717685007872,120.78207957532052,0.0
1,1,8139,7718064470528,120.78801818108975,0.0
1,1,8140,7719476552704,120.81011732371795,0.0
1,1,8141,7719855941120,120.8160547676282,0.0
1,0,4071,7720595570381,120.82762999519544,nan
1,1,8142,7721342899200,120.83932572115386,0.0
1,1,8143,7722066396160,120.8506484775641,0.0
1,1,8144,7723134277632,120.86736086538463,0.0
1,1,8145,7723857771008,120.87868356570513,0.0
1,0,4073,7724257542244,120.88494000156501,nan
1,1,8146,7724995486208,120.89648885416668,0.0
1,1,8147,7725374944768,120.90242739583334,0.0
1,1,8148,7726442967552,120.9191419951923,0.0
1,1,8149,7727166591488,120.93046673878206,0.0
1,0,4075,7727567159837,120.93673564949232,nan
1,1,8150,7728304004096,120.94826729166667,0.0
1,1,8151,7729027647488,120.9595923397436,0.0
1,1,8152,7730439342592,120.9816854246795,0.0
1,1,8153,7731512425984,120.99847922275642,0.0
1,0,4077,7731912186352,121.00473548853165,nan
1,1,8154,7732649989120,121.01628213141026,0.0
1,1,8155,7733373357568,121.02760287660257,0.0
1,1,8156,7734440903168,121.04431000801283,0.0
1,1,8157,7734820171776,121.05024557692307,0.0
1,0,4079,7735557112291,121.0617787255077,nan
1,1,8158,7735951953408,121.06795800480769,0.0
1,1,8159,7736331281920,121.07389451121796,0.0
1,1,8160,7737743266304,121.09599212339744,0.0
1,1,8161,7738122504192,121.10192721153847,0.0
1,0,4081,7739208116150,121.11891708217523,nan
1,1,8162,7740297273344,121.13596243589744,0.0
1,1,8163,7741026016768,121.14736729967949,0.0
1,1,8164,7742442812416,121.16954020833333,0.0
1,1,8165,7742821909504,121.17547309294872,0.0
1,0,4083,7743563430217,121.18707792181553,nan
1,1,8166,7743958667264,121.1932633974359,0.0
1,1,8167,7744337833984,121.19919737179488,0.0
1,1,8168,7745410585600,121.2159859775641,0.0
1,1,8169,7746139491328,121.22739338141027,0.0
1,0,4085,7746536929989,121.23361331237793,nan
1,1,8170,7747282162176,121.24527622596155,0.0
1,1,8171,7747661336064,121.2512103125,0.0
1,1,8172,7749421995520,121.27876470352564,0.0
1,1,8173,7749801191424,121.2846991346154,0.0
1,0,4087,7750540618871,121.29627120378544,nan
1,1,8174,7751282324480,121.30787892628206,0.0
1,1,8175,7752355104768,121.32466798076923,0.0
1,1,8176,7753767080960,121.3467654647436,0.0
1,1,8177,7754146453504,121.35270266025641,0.0
1,0,4089,7754884652630,121.3642555061536,nan
1,1,8178,7755278526976,121.37041965544873,0.0
1,1,8179,7756002060288,121.38174298076923,0.0
1,1,8180,7757069756928,121.39845247596155,0.0
1,1,8181,7757793405440,121.40977760416666,0.0
1,0,4091,7758530613832,121.42131494503707,nan
1,1,8182,7759269421568,121.43287731570513,0.0
1,1,8183,7760337048576,121.44958572115385,0.0
1,1,8184,7762114259456,121.47739914262822,0.0
1,1,8185,7762493625856,121.48333624198719,0.0
1,1,8186,7763561611776,121.50005026442308,0.0
1,1,8187,7764285293568,121.51137591346153,0.0
1,0,4094,7764681907833,121.51758294259879,nan
1,1,8188,7765423067136,121.52918211538461,0.0
1,1,8189,7765802386432,121.53511847756411,0.0
1,1,8190,7766869950976,121.55182590544872,0.0
1,1,8191,7767593469440,121.56314899839744,0.0
1,0,4096,7767992299054,121.56939069783529,nan
1,1,8192,7768731246080,121.58095524839744,0.0
1,1,8193,7769454764032,121.59227833333334,0.0
1,1,8194,7770522633216,121.60899052884616,0.0
1,1,8195,7771246440448,121.62031814102565,0.0
1,0,4098,7771643750921,121.62653606584598,nan
1,1,8196,7772039931392,121.63273630608975,0.0
1,1,8197,7772763575296,121.64406136217949,0.0
1,1,8198,7773831668736,121.66077706730769,0.0
1,1,8199,7774211196416,121.66671669070513,0.0
1,0,4100,7774949110241,121.67826507163024,nan
1,1,8200,7775687646720,121.68982319711539,0.0
1,1,8201,7776067059200,121.69576101762821,0.0
1,1,8202,7777135086080,121.71247568108974,0.0
1,1,8203,7777858744832,121.72380096955129,0.0
1,0,4102,7778259495312,121.730072730619,nan
1,1,8204,7778996826624,121.74161199519232,0.0
1,1,8205,7779720524800,121.75293790064103,0.0
1,1,8206,7780788302848,121.7696486698718,0.0
1,1,8207,7781511779840,121.78097111378206,0.0
1,0,4104,7781912159068,121.78723706474109,nan
1,1,8208,7782649822208,121.7987815224359,0.0
1,1,8209,7783029094400,121.8047171474359,0.0
1,1,8210,7784096721408,121.82142555288462,0.0
1,1,8211,7784820315136,121.83274982371795,0.0
1,0,4106,7785217665826,121.83896837793596,nan
1,1,8212,7785957819904,121.85055181891026,0.0
1,1,8213,7786337210880,121.85648930288463,0.0
1,1,8214,7787404949504,121.87319945512822,0.0
1,1,8215,7788128435712,121.88452204326923,0.0
1,0,4108,7788869607161,121.89612140614045,nan
1,1,8216,7789610414080,121.90771506410256,0.0
1,1,8217,7790678219776,121.92442626602565,0.0
1,1,8218,7791745713664,121.94113258814103,0.0
1,1,8219,7792125085184,121.94706976762821,0.0
1,0,4110,7792862915310,121.95861683866062,nan
1,1,8220,7793257018368,121.9647845673077,0.0
1,1,8221,7793980507648,121.97610720352564,0.0
1,1,8222,7795048260096,121.99281757211538,0.0
1,1,8223,7795427714048,121.99875604166667,0.0
1,0,4112,7796168466108,122.01034884108324,nan
1,1,8224,7796565510656,122.01656260416667,0.0
1,1,8225,7796944942592,122.02250072916667,0.0
1,1,8226,7798357003776,122.04459954326923,0.0
1,1,8227,7799080555008,122.05592314903846,0.0
1,0,4114,7799820574355,122.06750448146722,nan
1,1,8228,7800567753728,122.07919786858974,0.0
1,1,8229,7801296631808,122.09060483974359,0.0
1,1,8230,7802364160512,122.10731170673077,0.0
1,1,8231,7802743408128,122.11324694711539,0.0
1,0,4116,7803483948578,122.12483643482697,nan
1,1,8232,7803880529408,122.13104294070513,0.0
1,1,8233,7804604027392,122.14236571314103,0.0
1,1,8234,7805332659200,122.15376883012821,0.0
1,1,8235,7806061537792,122.16517580929488,0.0
1,0,4118,7806460279166,122.17141612777318,nan
1,1,8236,7807204170240,122.18305805288462,0.0
1,1,8237,7807583535616,122.18899513621795,0.0
1,1,8238,7808995293184,122.21108919871796,0.0
1,1,8239,7809374669824,122.21702645833334,0.0
1,0,4120,7810112744285,122.22857735321828,nan
1,1,8240,7810506309120,122.23473665865384,0.0
1,1,8241,7811234983424,122.24614044070513,0.0
1,1,8242,7812307643904,122.26292762019231,0.0
1,1,8243,7812686894592,122.26886290865384,0.0
1,0,4122,7813424362242,122.28040430692234,nan
1,1,8244,7813819086848,122.28658176282052,0.0
1,1,8245,7814542732288,122.29790684294872,0.0
1,1,8246,7815610578432,122.31461867788462,0.0
1,1,8247,7815989860352,122.3205544551282,0.0
1,0,4124,7816730686156,122.33214840864133,nan
1,1,8248,7817127466496,122.33835803685898,0.0
1,1,8249,7817851127296,122.3496833573718,0.0
1,1,8250,7818918976512,122.36639524038462,0.0
1,1,8251,7819986501120,122.38310204326923,0.0
1,0,4126,7820383969955,122.38932244646122,nan
1,1,8252,7821124063744,122.40090494391026,0.0
1,1,8253,7821503583744,122.40684444711539,0.0
1,1,8254,7822915505664,122.42894108173077,0.0
1,1,8255,7823294823424,122.4348774198718,0.0
1,0,4128,7824036527221,122.44648511401054,nan
1,1,8256,7824432868864,122.45268787660257,0.0
1,1,8257,7825156581376,122.46401400641027,0.0
1,1,8258,7826224522752,122.48072733173078,0.0
1,1,8259,7826603898880,122.48666458333334,0.0
1,0,4130,7827342297673,122.49822055402707,nan
1,1,8260,7827736008704,122.5043821474359,0.0
1,1,8261,7828459645440,122.51570709134616,0.0
1,1,8262,7829871549440,122.53780344551282,0.0
1,1,8263,7830250959360,122.54374122596154,0.0
1,0,4132,7830989101114,122.55529317398462,nan
1,1,8264,7831727692800,122.56685216346155,0.0
1,1,8265,7832107334656,122.57279357371796,0.0
1,1,8266,7833175454720,122.58950969551283,0.0
1,1,8267,7833899188224,122.60083615384616,0.0
1,0,4134,7834295355932,122.60703619434847,nan
1,1,8268,7835036922368,122.61864173878206,0.0
1,1,8269,7835416240640,122.6245780849359,0.0
1,1,8270,7836489248768,122.64137070512821,0.0
1,1,8271,7836868606976,122.64730767628205,0.0
1,0,4136,7837605686733,122.65884300400954,nan
1,1,8272,7838344977408,122.67041293269232,0.0
1,1,8273,7838724325888,122.67634975160257,0.0
1,1,8274,7840136029696,122.69844297275641,0.0
1,1,8275,7840859555328,122.70976617788462,0.0
1,0,4138,7841599929796,122.72135306797125,nan
1,1,8276,7841997097984,122.72756876602564,0.0
1,1,8277,7842720825856,122.73889513621795,0.0
1,1,8278,7843788601856,122.75560587339744,0.0
1,1,8279,7844512234496,122.76693075320513,0.0
1,0,4140,7844911826283,122.77318438068097,nan
1,1,8280,7845305560064,122.7793463301282,0.0
1,1,8281,7846029061120,122.79066915064102,0.0
1,0,4141,7846400330001,122.79647952350324,nan
1,1,8282,7847139079680,122.80804098557692,0.0
1,1,8283,7847518305792,122.81397588942308,0.0
1,1,8284,7849273848320,122.84145020032052,0.0
1,1,8285,7849997347840,122.85277299679487,0.0
1,0,4143,7850743564548,122.86445131817158,nan
1,1,8286,7851140321792,122.8706605849359,0.0
1,1,8287,7851519575040,122.87659591346154,0.0
1,1,8288,7852592650752,122.89338959134616,0.0
1,1,8289,7853316219392,122.90471346955128,0.0
1,0,4145,7853714555540,122.91094744622647,nan
1,1,8290,7854453742592,122.92251575320513,0.0
1,1,8291,7854833048064,122.92845189903846,0.0
1,1,8292,7855900594176,122.94515903846154,0.0
1,1,8293,7856623974400,122.95647996794872,0.0
1,0,4147,7857020055152,122.96267864758615,nan
1,1,8294,7857417161728,122.96889338141025,0.0
1,1,8295,7858140656128,122.98021609775641,0.0
1,1,8296,7859208477696,122.99692754807693,0.0
1,1,8297,7859931955200,123.00825,0.0
1,0,4149,7860330871843,123.0144930614452,nan
1,1,8298,7861069588992,123.02605401442308,0.0
1,1,8299,7861793148928,123.03737775641027,0.0
1,1,8300,7862860603904,123.05408346955129,0.0
1,1,8301,7863239982592,123.06002076121796,0.0
1,0,4151,7863977201701,123.07155826980983,nan
1,1,8302,7864372230656,123.07774048878206,0.0
1,1,8303,7865095780864,123.08906407852564,0.0
1,1,8304,7865819267072,123.10038666666667,0.0
1,1,8305,7866542763008,123.11170940705128,0.0
1,0,4153,7866941922262,123.11795626536835,nan
1,1,8306,7867685629952,123.12959532051282,0.0
1,1,8307,7868414524416,123.14100254807693,0.0
1,1,8308,7869826273280,123.16309647435898,0.0
1,1,8309,7870555113984,123.17450286057692,0.0
1,0,4155,7871295073673,123.1860832593556,nan
1,1,8310,7871692560896,123.19230395032052,0.0
1,1,8311,7872416175616,123.2036285496795,0.0
1,1,8312,7873484034048,123.22034057692308,0.0
1,1,8313,7874207527936,123.23166328525642,0.0
1,0,4157,7874606765371,123.23791136710925,nan
1,1,8314,7875344921600,123.24946354166667,0.0
1,1,8315,7875724332032,123.25540133012821,0.0
1,1,8316,7876791898624,123.27210879006411,0.0
1,1,8317,7877176640512,123.27813001602564,0.0
1,0,4159,7878264362231,123.2951529045066,nan
1,1,8318,7879346359296,123.31208620192308,0.0
1,1,8319,7880069922304,123.32340999198718,0.0
1,1,8320,7881502852608,123.34583540865385,0.0
1,1,8321,7882226395648,123.35715888621795,0.0
1,1,8322,7883293911552,123.37386555288462,0.0
1,1,8323,7884022709760,123.38527127403846,0.0
1,0,4162,7884418800942,123.39147011690581,nan
1,1,8324,7884816033280,123.39768681891026,0.0
1,1,8325,7885539588096,123.40901048076924,0.0
1,1,8326,7886612174848,123.42579650641026,0.0
1,1,8327,7886991315968,123.4317300801282,0.0
1,0,4164,7887730579683,123.4432995868859,nan
1,1,8328,7888127869952,123.44951719551283,0.0
1,1,8329,7889200163840,123.46629863782051,0.0
1,1,8330,7890960435200,123.4938469551282,0.0
1,1,8331,7891689201664,123.50525217948719,0.0
1,0,4166,7892429835949,123.51684313572028,nan
1,1,8332,7893170739200,123.52843830128205,0.0
1,1,8333,7893550078464,123.53437497596154,0.0
1,1,8334,7894622756864,123.55116243589744,0.0
1,1,8335,7895001867776,123.55709553685898,0.0
1,0,4168,7895740316265,123.5686522852971,nan
1,1,8336,7896133146112,123.57480008814103,0.0
1,1,8337,7896861882880,123.58620484775642,0.0
1,1,8338,7897934643200,123.60299358974359,0.0
1,1,8339,7898663211520,123.61439571314104,0.0
1,0,4170,7899404863999,123.62600260415103,nan
1,1,8340,7899800027136,123.63218692307693,0.0
1,1,8341,7900872863744,123.64897685897436,0.0
1,1,8342,7901940244480,123.66568141025641,0.0
1,1,8343,7902668939264,123.67708551282051,0.0
1,0,4172,7903068497301,123.6833386121075,nan
1,1,8344,7903811588096,123.69496801282051,0.0
1,1,8345,7904190797312,123.7009026522436,0.0
1,1,8346,7905263659520,123.71769298878205,0.0
1,1,8347,7905992505856,123.72909946314103,0.0
1,0,4174,7906390570772,123.73532919502455,nan
1,1,8348,7906785967616,123.74151717147436,0.0
1,1,8349,7907509445120,123.75283962339743,0.0
1,1,8350,7908921043456,123.77493119391026,0.0
1,1,8351,7909993933312,123.79172196314103,0.0
1,0,4176,7910741031140,123.80341407408103,nan
1,1,8352,7911136739840,123.80960693108975,0.0
1,1,8353,7911865421824,123.82101083333333,0.0
1,1,8354,7912938134016,123.83779882211539,0.0
1,1,8355,7913661461504,123.84911892628206,0.0
1,0,4178,7914057391224,123.85531524226262,nan
1,1,8356,7914803752960,123.86699583333333,0.0
1,1,8357,7915182902272,123.87292953525642,0.0
1,1,8358,7916255788544,123.88972024839744,0.0
1,1,8359,7916979181056,123.90104137019232,0.0
1,0,4180,7917379515893,123.90730662643041,nan
1,1,8360,7918122094080,123.9189280048077,0.0
1,1,8361,7918845562368,123.93025031250001,0.0
1,1,8362,7919918685696,123.94704473557692,0.0
1,1,8363,7920642432000,123.95837139423077,0.0
1,0,4182,7921038226354,123.96456559172802,nan
1,1,8364,7921779928064,123.97617325320513,0.0
1,1,8365,7922159212032,123.9821090625,0.0
1,1,8366,7923226973696,123.99881957532051,0.0
1,1,8367,7923950385152,124.01014099358974,0.0
1,0,4184,7924349744988,124.01639099102314,nan
1,1,8368,7925087989760,124.02794455128206,0.0
1,1,8369,7925467358720,124.03388169070513,0.0
1,1,8370,7926535095808,124.05059181891026,0.0
1,1,8371,7927264015872,124.06199944711538,0.0
1,0,4186,7928002958648,124.07356393116487,nan
1,1,8372,7929084355584,124.09048783653847,0.0
1,1,8373,7929463670272,124.09642412660257,0.0
1,1,8374,7930875242496,124.11851528846154,0.0
1,1,8375,7931604061696,124.12992133814103,0.0
1,0,4188,7932001184036,124.13613631867238,nan
1,1,8376,7932746552832,124.14780137019231,0.0
1,1,8377,7933125691904,124.15373491185898,0.0
1,1,8378,7934198680064,124.17052721955129,0.0
1,1,8379,7934927324672,124.18193053685897,0.0
1,0,4190,7935322930846,124.18812178933169,nan
1,1,8380,7935720560640,124.19434471153846,0.0
1,1,8381,7936443991040,124.20566642628205,0.0
1,1,8382,7937511761408,124.22237707532052,0.0
1,1,8383,7938235373568,124.23370163461539,0.0
1,0,4192,7938974625917,124.24527096349472,nan
1,1,8384,7939367775232,124.25142376602564,0.0
1,1,8385,7940091318784,124.26274725160256,0.0
1,1,8386,7941158900736,124.27945495192309,0.0
1,1,8387,7941538237952,124.28539159455129,0.0
1,0,4194,7942279791715,124.29699694065192,nan
1,1,8388,7942675499008,124.30318977564103,0.0
1,1,8389,7943398915072,124.31451126602565,0.0
1,1,8390,7944466505216,124.33121909455129,0.0
1,1,8391,7944845727232,124.33715393429488,0.0
1,0,4196,7945243548181,124.34337984808506,nan
1,1,8392,7945982914048,124.35495095352564,0.0
1,1,8393,7946362086400,124.36088501602565,0.0
1,1,8394,7947778731008,124.38305556089745,0.0
1,1,8395,7948507710464,124.39446411858975,0.0
1,0,4198,7949249067470,124.40606638543545,nan
1,1,8396,7949644997120,124.41226270032051,0.0
1,1,8397,7950373608960,124.4236655048077,0.0
1,1,8398,7951790636544,124.44584204326924,0.0
1,1,8399,7952170037248,124.45177967948719,0.0
1,0,4200,7952907350413,124.46331866005923,nan
1,1,8400,7953301817856,124.46949209134615,0.0
1,1,8401,7953681155072,124.47542873397437,0.0
1,1,8402,7955098036736,124.49760298878205,0.0
1,1,8403,7955477312000,124.50353866185898,0.0
1,0,4202,7955876985115,124.50979356212127,nan
1,1,8404,7956619936768,124.52142078525641,0.0
1,1,8405,7956999197696,124.52735623397436,0.0
1,1,8406,7958410619904,124.54944504807693,0.0
1,1,8407,7959139251200,124.56084815705128,0.0
1,0,4204,7959876340983,124.57238364168607,nan
1,1,8408,7960270917632,124.57855878205129,0.0
1,1,8409,7960994394624,124.58988122596155,0.0
1,1,8410,7962061760512,124.6065855448718,0.0
1,1,8411,7962790544896,124.61799104967949,0.0
1,0,4206,7963187062953,124.62419657315768,nan
1,1,8412,7963583670272,124.63040349358975,0.0
1,1,8413,7964307039232,124.64172424679488,0.0
1,1,8414,7965380121600,124.65851802884616,0.0
1,1,8415,7965759426560,124.66445416666667,0.0
1,0,4208,7966497577062,124.6760062515963,nan
1,1,8416,7966891089920,124.68216474358975,0.0
1,1,8417,7967619770880,124.6935686298077,0.0
1,1,8418,7969031568384,124.7156633173077,0.0
1,1,8419,7969755306496,124.72698984775641,0.0
1,0,4210,7970153617955,124.73322343804776,nan
1,1,8420,7970548600320,124.73940492788462,0.0
1,1,8421,7971272109568,124.75072787660257,0.0
1,1,8422,7972339743232,124.76743638621795,0.0
1,1,8423,7973063301632,124.77876010416666,0.0
1,0,4212,7973463765987,124.78502738736667,nan
1,1,8424,7973856908288,124.79118008012821,0.0
1,1,8425,7974580589568,124.80250572115385,0.0
1,0,4213,7974950906273,124.8083011924235,nan
1,1,8426,7975691081728,124.81988496794872,0.0
1,1,8427,7976070420480,124.8258216346154,0.0
1,1,8428,7977482338816,124.84791821314103,0.0
1,1,8429,7978205962240,124.85924294871795,0.0
1,0,4215,7978943200667,124.8707807596373,nan
1,1,8430,7979342918144,124.87703635416668,0.0
1,1,8431,7980415544320,124.89382299679488,0.0
1,1,8432,7981488245248,124.91061080929488,0.0
1,1,8433,7982216944128,124.92201497596155,0.0
1,0,4217,7982616209128,124.92826348920774,nan
1,1,8434,7983010011648,124.93442651442308,0.0
1,1,8435,7983738722816,124.94583087339744,0.0
1,1,8436,7984811681792,124.96262272435898,0.0
1,1,8437,7985190978560,124.96855873397436,0.0
1,0,4219,7985931543175,124.98014859986917,nan
1,1,8438,7986328624640,124.98636294070513,0.0
1,1,8439,7986707929600,124.99229907852565,0.0
1,1,8440,7988119725056,125.01439373397436,0.0
1,1,8441,7988848694272,125.02580213141026,0.0
1,0,4221,7989246552100,125.03202862235828,nan
1,1,8442,7989986128384,125.04360302083333,0.0
1,1,8443,7990709600256,125.05492538461539,0.0
1,1,8444,7991777061376,125.07163119391026,0.0
1,1,8445,7992156336640,125.07756686698718,0.0
1,0,4223,7992893520908,125.089103830316,nan
1,1,8446,7993288407040,125.09528381410257,0.0
1,1,8447,7993667680256,125.1012194551282,0.0
1,1,8448,7994735279104,125.1179274198718,0.0
1,1,8449,7995464101376,125.12933351762821,0.0
1,0,4225,7995862939547,125.13557535098346,nan
1,1,8450,7996601873408,125.14713969551282,0.0
1,1,8451,7996981285888,125.15307751602565,0.0
1,1,8452,7998049197568,125.16979037660256,0.0
1,1,8453,7998772715520,125.18111346153846,0.0
1,0,4227,7999173530429,125.1873862309226,nan
1,1,8454,7999910317056,125.19891697115385,0.0
1,1,8455,8000289589248,125.20485259615386,0.0
1,1,8456,8001357211136,125.22156092147436,0.0
1,1,8457,8002080758784,125.23288447115385,0.0
1,0,4229,8002478240012,125.23910506829678,nan
1,1,8458,8002874229248,125.24530231570513,0.0
1,1,8459,8003597658624,125.25662401442308,0.0
1,1,8460,8004665295360,125.2733325721154,0.0
1,1,8461,8005044499456,125.27926713141026,0.0
1,0,4231,8005783569109,125.29083360108987,nan
1,1,8462,8006176305152,125.29697993589744,0.0
1,1,8463,8006899762176,125.3083020673077,0.0
1,1,8464,8008311508992,125.33039596153847,0.0
1,1,8465,8009040207360,125.34180012019232,0.0
1,0,4233,8010123829434,125.35875884906476,nan
1,1,8466,8010521147904,125.36497689903847,0.0
1,1,8467,8011244413952,125.37629604166668,0.0
1,1,8468,8012312022016,125.39300415064103,0.0
1,1,8469,8012691210240,125.39893846153846,0.0
1,0,4235,8013088079457,125.40514948068473,nan
1,1,8470,8013828492288,125.41673697115385,0.0
1,1,8471,8014207645696,125.42267073717949,0.0
1,1,8472,8015280153088,125.43945552083333,0.0
1,1,8473,8016008859648,125.45085980769231,0.0
1,0,4237,8016408877513,125.45712010330591,nan
1,1,8474,8017151290880,125.46873890224359,0.0
1,1,8475,8017530477568,125.47467318910257,0.0
1,1,8476,8019291058176,125.50222634615385,0.0
1,1,8477,8019670331904,125.50816199519231,0.0
1,0,4239,8020408256912,125.51971055113181,nan
1,1,8478,8020801477120,125.52586446314103,0.0
1,1,8479,8021530120192,125.53726775641026,0.0
1,1,8480,8022603137536,125.55406052083333,0.0
1,1,8481,8022982444032,125.55999668269232,0.0
1,0,4241,8023377889032,125.56618541278546,nan
1,1,8482,8024125116928,125.57787955929487,0.0
1,1,8483,8024504391168,125.58381521634615,0.0
1,1,8484,8025577072128,125.60060271634616,0.0
1,1,8485,8026305973760,125.61201005608974,0.0
1,0,4243,8026704755803,125.61825101103955,nan
1,1,8486,8027448764928,125.62989478365385,0.0
1,1,8487,8028172179456,125.64121625,0.0
1,1,8488,8029583628800,125.66330548878206,0.0
1,1,8489,8029962851840,125.66924034455128,0.0
1,0,4245,8030362580469,125.67549611360991,nan
1,1,8490,8031100080128,125.68703801282052,0.0
1,1,8491,8031479333888,125.69297334935898,0.0
1,1,8492,8032552084992,125.70976194711538,0.0
1,1,8493,8033280829440,125.72116682692308,0.0
1,0,4247,8033679473011,125.72740561478052,nan
1,1,8494,8034418098176,125.73896512820514,0.0
1,1,8495,8034797386240,125.74490100160257,0.0
1,1,8496,8035870303232,125.76169219551282,0.0
1,1,8497,8036249610240,125.76762836538462,0.0
1,0,4249,8036991912714,125.7792454288424,nan
1,1,8498,8038420050944,125.80159584935897,0.0
1,1,8499,8038804762112,125.80761659455129,0.0
1,0,4250,8039531102839,125.81898385602902,nan
1,1,8500,8040275082752,125.83062717147436,0.0
1,1,8501,8040654293504,125.8365618349359,0.0
1,1,8502,8041721974272,125.85327108173077,0.0
1,1,8503,8042101338624,125.85920814903847,0.0
1,0,4252,8042843144213,125.87081743622609,nan
1,1,8504,8043238893568,125.87701092948718,0.0
1,1,8505,8043962452480,125.88833465544872,0.0
1,1,8506,8045029939200,125.90504086538462,0.0
1,1,8507,8045758761984,125.91644697115385,0.0
1,0,4254,8046155517347,125.92265620848045,nan
1,1,8508,8046552023040,125.92886153846155,0.0
1,1,8509,8047275761664,125.94018807692308,0.0
1,1,8510,8049031983104,125.96767301282051,0.0
1,1,8511,8049411284480,125.97360909455129,0.0
1,0,4256,8050149681027,125.98516503009503,nan
1,1,8512,8050543074816,125.99132165865385,0.0
1,1,8513,8051271865856,126.0027272676282,0.0
1,1,8514,8052339385856,126.01943399839745,0.0
1,1,8515,8052718592000,126.0253685897436,0.0
1,0,4258,8053455331142,126.03689858683269,nan
1,1,8516,8053850493952,126.04308290064102,0.0
1,1,8517,8054574054912,126.05440665865385,0.0
1,1,8518,8055297704960,126.06573181089745,0.0
1,1,8519,8056021458944,126.07705858974359,0.0
1,0,4260,8056419084006,126.08328143789439,nan
1,1,8520,8057159155200,126.09486358173078,0.0
1,1,8521,8057538471424,126.10079989583333,0.0
1,1,8522,8058950334976,126.12289561698718,0.0
1,1,8523,8059329669120,126.12883221153847,0.0
1,0,4262,8060071591596,126.14044332801232,nan
1,1,8524,8060811283456,126.15201953525641,0.0
1,1,8525,8061190649856,126.15795663461539,0.0
1,1,8526,8062258196992,126.1746637900641,0.0
1,1,8527,8062637583872,126.1806012099359,0.0
1,0,4264,8063377297517,126.19217775811612,nan
1,1,8528,8063769817088,126.19832070512821,0.0
1,1,8529,8064493496832,126.20964632211539,0.0
1,1,8530,8065561211392,126.22635609775641,0.0
1,1,8531,8065940594176,126.23229345352564,0.0
1,0,4266,8066337038376,126.23849782113882,nan
1,1,8532,8067078291456,126.25009846153847,0.0
1,1,8533,8068145785344,126.26680478365385,0.0
1,1,8534,8069557666816,126.28890078525642,0.0
1,1,8535,8070281170432,126.30022364583334,0.0
1,0,4268,8070679483902,126.30645726759691,nan
1,1,8536,8071418786816,126.31802738782052,0.0
1,1,8537,8071798225408,126.32396561698718,0.0
1,1,8538,8072866174464,126.3406790625,0.0
1,1,8539,8073589767168,126.35200331730769,0.0
1,0,4270,8073986200491,126.3582075146954,nan
1,1,8540,8074727302144,126.36980578525642,0.0
1,1,8541,8075106676736,126.37574301282052,0.0
1,0,4271,8075820747094,126.3869182425318,nan
1,1,8542,8076216900096,126.39311805288462,0.0
1,1,8543,8076940432384,126.4044413621795,0.0
1,1,8544,8078352386560,126.42653850160256,0.0
1,1,8545,8078731747840,126.43247552083334,0.0
1,0,4273,8079473322784,126.44408119841748,nan
1,1,8546,8080213575168,126.45566617788462,0.0
1,1,8547,8080592827392,126.46160149038462,0.0
1,1,8548,8081660487168,126.47831040865385,0.0
1,1,8549,8082384195584,126.48963647435897,0.0
1,0,4275,8082784482499,126.49590098061586,nan
1,1,8550,8083177857536,126.50205731570513,0.0
1,1,8551,8083901482496,126.51338207532052,0.0
1,1,8552,8084969435648,126.5300955849359,0.0
1,1,8553,8085693249024,126.54142329326923,0.0
1,0,4277,8086090235003,126.54763613974548,nan
1,1,8554,8086486912512,126.55384415865385,0.0
1,1,8555,8087210879488,126.56517427083334,0.0
1,1,8556,8088279186432,126.5818933173077,0.0
1,1,8557,8089003067904,126.59322209134616,0.0
1,0,4279,8089401979418,126.59946507252229,nan
1,1,8558,8090141470208,126.61103813301283,0.0
1,1,8559,8090521148416,126.61698011217949,0.0
1,1,8560,8091589575168,126.63370103365385,0.0
1,1,8561,8091969166848,126.63964165865384,0.0
1,0,4281,8092707718107,126.65120001544659,nan
1,1,8562,8093101837312,126.65736799679487,0.0
1,1,8563,8093825705984,126.66869657051282,0.0
1,1,8564,8094549434880,126.68002295673077,0.0
1,1,8565,8095273025536,126.69134717948718,0.0
1,0,4283,8095672908144,126.69760535832332,nan
1,1,8566,8096410934272,126.70915549679488,0.0
1,1,8567,8096790361600,126.7150935496795,0.0
1,1,8568,8097858080256,126.73180338942308,0.0
1,1,8569,8098581723136,126.74312842948719,0.0
1,0,4285,8098979541288,126.7493542995042,nan
1,1,8570,8099719779328,126.76093905448718,0.0
1,1,8571,8100099319296,126.76687887019231,0.0
1,1,8572,8101167700992,126.78359908653846,0.0
1,1,8573,8101891472384,126.79492613782051,0.0
1,0,4287,8102291312320,126.80118364883815,nan
1,1,8574,8102685156864,126.80734733173077,0.0
1,1,8575,8103408791552,126.81867224358975,0.0
1,1,8576,8104476985856,126.83538952724359,0.0
1,1,8577,8104856411136,126.84132754807693,0.0
1,0,4289,8105597826164,126.85293072296925,nan
1,1,8578,8105994358784,126.85913647435898,0.0
1,1,8579,8106373857280,126.86507564102564,0.0
1,1,8580,8107442028032,126.88179255608975,0.0
1,1,8581,8108165877760,126.89312083333334,0.0
1,0,4291,8108564071437,126.89935258033167,nan
1,1,8582,8109304019968,126.91093280448719,0.0
1,1,8583,8110027932672,126.9222620673077,0.0
1,1,8584,8111096308736,126.93898219551282,0.0
1,1,8585,8111475850752,126.94492204326923,0.0
1,0,4293,8112213537237,126.95646686631423,nan
1,1,8586,8112608283136,126.96264465544873,0.0
1,1,8587,8113332359680,126.9739764823718,0.0
1,1,8588,8114400613376,126.99069469551283,0.0
1,1,8589,8114780002304,126.9966321474359,0.0
1,0,4295,8115519523719,127.00820568720891,nan
1,1,8590,8115912117760,127.0143497996795,0.0
1,1,8591,8116635865088,127.02567647435897,0.0
1,1,8592,8118048366080,127.04778217147437,0.0
1,1,8593,8118427786240,127.05372011217949,0.0
1,0,4297,8119168172384,127.065307184996,nan
1,1,8594,8119565679104,127.07152818108975,0.0
1,1,8595,8120289452032,127.08285525641026,0.0
1,1,8596,8121357548032,127.09957100160257,0.0
1,1,8597,8121737118720,127.10551129807693,0.0
1,0,4299,8122475448073,127.11706618203188,nan
1,1,8598,8122869578240,127.1232343349359,0.0
1,1,8599,8123593435136,127.13456272435897,0.0
1,1,8600,8124661931520,127.15128473557692,0.0
1,1,8601,8125041619968,127.157226875,0.0
1,0,4301,8125441105574,127.16347884073893,nan
1,1,8602,8126179655680,127.17503717948718,0.0
1,1,8603,8126903605760,127.18636702724359,0.0
1,1,8604,8128315996160,127.20847099358974,0.0
1,1,8605,8128695600128,127.21441181089745,0.0
1,0,4303,8129436610150,127.22600864742964,nan
1,1,8606,8129833799680,127.23222467948719,0.0
1,1,8607,8130557803520,127.24355536858975,0.0
1,1,8608,8131652719104,127.26069084134616,0.0
1,1,8609,8132376471040,127.27201758814103,0.0
1,1,8610,8133444447232,127.28873145833333,0.0
1,1,8611,8133823907328,127.29467002403847,0.0
1,0,4306,8134565616134,127.30627779656827,nan
1,1,8612,8134962186240,127.31248413461539,0.0
1,1,8613,8135686036480,127.3238124198718,0.0
1,1,8614,8136754475520,127.34053353365385,0.0
1,1,8615,8137478227456,127.35186028044872,0.0
1,0,4308,8138218683322,127.36344844441732,nan
1,1,8616,8138616451072,127.36967352564103,0.0
1,1,8617,8139340533248,127.38100544070514,0.0
1,1,8618,8140409122304,127.3977289022436,0.0
1,1,8619,8140788656128,127.40366862179488,0.0
1,0,4310,8141525457765,127.41519959693322,nan
1,1,8620,8141921268736,127.42139405448718,0.0
1,1,8621,8142300793344,127.42733362980769,0.0
1,1,8622,8143369026560,127.4440515224359,0.0
1,1,8623,8144092946944,127.45538090544872,0.0
1,0,4312,8144491497187,127.46161823271923,nan
1,1,8624,8145230940672,127.47319055288462,0.0
1,1,8625,8145610621952,127.47913258012821,0.0
1,1,8626,8147023591424,127.50124560897436,0.0
1,1,8627,8147747607552,127.51257649038462,0.0
1,0,4314,8148146981513,127.51882670887483,nan
1,1,8628,8148885768192,127.53038875,0.0
1,1,8629,8149609594880,127.54171666666667,0.0
1,1,8630,8150677675520,127.55843217147437,0.0
1,1,8631,8151057202176,127.56437177884615,0.0
1,0,4316,8151795446855,127.57592533764962,nan
1,1,8632,8152189952512,127.58209936698718,0.0
1,1,8633,8152914059776,127.5934316746795,0.0
1,1,8634,8153982283776,127.61014942307693,0.0
1,1,8635,8154361927168,127.6160908573718,0.0
1,0,4318,8155102649330,127.62768318888347,nan
1,1,8636,8155499864064,127.63389961538462,0.0
1,1,8637,8156223780864,127.6452289423077,0.0
1,1,8638,8157636454912,127.66733734775642,0.0
1,1,8639,8158360322560,127.67866590544872,0.0
1,0,4320,8159097767871,127.69020695411096,nan
1,1,8640,8159492899840,127.69639078525641,0.0
1,1,8641,8160216747520,127.70771903044871,0.0
1,1,8642,8161284878336,127.72443532051282,0.0
1,1,8643,8162008782336,127.73576444711539,0.0
1,0,4322,8162409603393,127.74203731271598,nan
1,1,8644,8163146630656,127.75357181891026,0.0
1,1,8645,8163526043136,127.75950963942309,0.0
1,1,8646,8164593670656,127.77621805288462,0.0
1,1,8647,8165317330944,127.78754336538462,0.0
1,0,4324,8165716692711,127.79379339303824,nan
1,1,8648,8166455431680,127.8053546875,0.0
1,1,8649,8167179325952,127.81668366185897,0.0
1,1,8650,8168247585792,127.83340197115385,0.0
1,1,8651,8168971780608,127.84473564903847,0.0
1,0,4326,8169711486128,127.8563120700621,nan
1,1,8652,8170793327616,127.8732429326923,0.0
1,1,8653,8171517419008,127.88457499198718,0.0
1,1,8654,8172930520576,127.90669008814103,0.0
1,1,8655,8173310169600,127.91263161057692,0.0
1,0,4328,8174048590979,127.92418793474246,nan
1,1,8656,8174443362816,127.9303661298077,0.0
1,1,8657,8175167178752,127.94169387820513,0.0
1,1,8658,8176235142656,127.95840755608975,0.0
1,1,8659,8176958718464,127.96973154647436,0.0
1,0,4330,8177355941407,127.97594810144669,nan
1,1,8660,8178096657920,127.98754034455129,0.0
1,1,8661,8178476210176,127.9934803525641,0.0
1,1,8662,8179909583360,128.0159127003205,0.0
1,1,8663,8180633454080,128.02724130608973,0.0
1,1,8664,8181701733888,128.04395992788463,0.0
1,1,8665,8182081246720,128.04989931891026,0.0
1,1,8666,8183197703680,128.06737191506411,0.0
1,1,8667,8183577253888,128.07331189102564,0.0
1,1,8668,8184645304832,128.09002693108974,0.0
1,1,8669,8185369185792,128.1013556971154,0.0
1,0,4335,8185768843730,128.10761035985703,nan
1,1,8670,8186507181568,128.11916537660258,0.0
1,1,8671,8187231007744,128.13049328525642,0.0
1,1,8672,8188643790848,128.1526033974359,0.0
1,1,8673,8189023366656,128.15854377403846,0.0
1,0,4337,8189763610506,128.17012861994817,nan
1,1,8674,8190161220608,128.17635123397437,0.0
1,1,8675,8190885015040,128.18767864583333,0.0
1,1,8676,8191953526784,128.2044008974359,0.0
1,1,8677,8192333156352,128.2103421153846,0.0
1,0,4339,8192729281799,128.21654149450058,nan
1,1,8678,8193471672320,128.22815993589745,0.0
1,1,8679,8193851353088,128.2341019551282,0.0
1,1,8680,8194919808000,128.2508233173077,0.0
1,1,8681,8195643606016,128.2621507852564,0.0
1,0,4341,8196383480492,128.27372985044823,nan
1,1,8682,8196776456192,128.27987993589744,0.0
1,1,8683,8197844517888,128.29659514423076,0.0
1,1,8684,8198912679424,128.3133119150641,0.0
1,1,8685,8199636686848,128.32464266025642,0.0
1,0,4343,8200037154883,128.33091000104855,nan
1,1,8686,8200774462464,128.34244889423078,0.0
1,1,8687,8201153859072,128.34838646634617,0.0
1,1,8688,8202221822464,128.36510013621796,0.0
1,1,8689,8202945369088,128.3764236698718,0.0
1,0,4345,8203344411104,128.38266869340947,nan
1,1,8690,8204083126784,128.39422962339745,0.0
1,1,8691,8204462733312,128.40017048076925,0.0
1,1,8692,8205530952192,128.41688814903847,0.0
1,1,8693,8206254683648,128.4282145753205,0.0
1,0,4347,8206992274850,128.43975790718275,nan
1,1,8694,8207387235840,128.4459390625,0.0
1,1,8695,8208111219200,128.45726943108974,0.0
1,1,8696,8209179455488,128.47398737179486,0.0
1,1,8697,8209903277568,128.48531521634615,0.0
1,0,4349,8210645621553,128.49693292945275,nan
1,1,8698,8211385694208,128.50851509615384,0.0
1,1,8699,8211765060608,128.51445219551283,0.0
1,1,8700,8212833009664,128.53116564102564,0.0
1,1,8701,8213556919296,128.54249485576923,0.0
1,0,4351,8213957213358,128.54875947387697,nan
1,1,8702,8214350857728,128.55492002403847,0.0
1,1,8703,8215074700288,128.56624818910257,0.0
1,1,8704,8216142730752,128.58296290865385,0.0
1,1,8705,8216866716672,128.5942933173077,0.0
1,0,4353,8217605660261,128.60585781408065,nan
1,1,8706,8218343458816,128.61740439102564,0.0
1,1,8707,8219066863104,128.62872569711539,0.0
1,1,8708,8220139802624,128.64551724358975,0.0
1,1,8709,8220519235072,128.65145537660257,0.0
1,0,4355,8220917924323,128.65769487935384,nan
1,1,8710,8221656680448,128.6692564423077,0.0
1,1,8711,8222035977216,128.67519245192307,0.0
1,1,8712,8223103821312,128.6919042548077,0.0
1,1,8713,8223827383296,128.70322802884615,0.0
1,0,4357,8224224911210,128.70944935662686,nan
1,1,8714,8224620971520,128.71564771634615,0.0
1,1,8715,8225344783360,128.72697540064104,0.0
1,1,8716,8226757316608,128.7490816025641,0.0
1,1,8717,8227136772096,128.75502009615386,0.0
1,0,4359,8227874022172,128.7665580893805,nan
1,1,8718,8228612993024,128.77812301282052,0.0
1,1,8719,8229336507392,128.78944604166668,0.0
1,1,8720,8230748565504,128.81154480769231,0.0
1,1,8721,8231127906816,128.8174815144231,0.0
1,0,4361,8231869727947,128.82909104484364,nan
1,1,8722,8232265516544,128.83528515224359,0.0
1,1,8723,8232650287616,128.8413068349359,0.0
1,1,8724,8234067401216,128.86348471955128,0.0
1,1,8725,8234446590976,128.8694190544872,0.0
1,0,4363,8234847047683,128.87568621799568,nan
1,1,8726,8235589309952,128.8873026522436,0.0
1,1,8727,8236318182912,128.89870954326923,0.0
1,1,8728,8237735441920,128.92088970352563,0.0
1,1,8729,8238458878464,128.93221151442307,0.0
1,0,4365,8239196950387,128.94376236958823,nan
1,1,8730,8239591073280,128.94993040865384,0.0
1,1,8731,8240319934464,128.96133711538462,0.0
1,1,8732,8241392853504,128.97812834134615,0.0
1,1,8733,8241772189184,128.9840649599359,0.0
1,0,4367,8242510295781,128.99561635775052,nan
1,1,8734,8242904254464,129.0017818269231,0.0
1,1,8735,8243627760640,129.0131047275641,0.0
1,1,8736,8244700754432,129.02989712339743,0.0
1,1,8737,8245080140288,129.0358345272436,0.0
1,0,4369,8245819076203,129.04739890391815,nan
1,1,8738,8246212011520,129.0535483573718,0.0
1,1,8739,8246935629312,129.0648730048077,0.0
1,1,8740,8248003208192,129.0815806570513,0.0
1,1,8741,8248726699008,129.0929033173077,0.0
1,0,4371,8249127365626,129.09917376593174,nan
1,1,8742,8249864588288,129.1107113301282,0.0
1,1,8743,8250244062208,129.11665011217949,0.0
1,1,8744,8251311806464,129.1333603525641,0.0
1,1,8745,8252035408896,129.1446847596154,0.0
1,0,4373,8252433210261,129.15091036691518,nan
1,1,8746,8253178186240,129.16256927083333,0.0
1,1,8747,8253557464064,129.16850498397437,0.0
1,1,8748,8254624903168,129.18521044871795,0.0
1,1,8749,8255348204544,129.19653014423076,0.0
1,0,4375,8256086946585,129.20809148676946,nan
1,1,8750,8256824317952,129.21963137820512,0.0
1,1,8751,8257553080320,129.23103653846155,0.0
1,1,8752,8258626116608,129.24782959935897,0.0
1,1,8753,8259349814784,129.2591555048077,0.0
1,0,4377,8259745754267,129.2653519735796,nan
1,1,8754,8260487707648,129.27696357371795,0.0
1,1,8755,8260867145728,129.2829017948718,0.0
1,1,8756,8262279480320,129.30500488782053,0.0
1,1,8757,8262658914304,129.3109430448718,0.0
1,0,4379,8263058255883,129.31719275658241,nan
1,1,8758,8263796788224,129.3287508173077,0.0
1,1,8759,8264176262144,129.33468959935897,0.0
1,1,8760,8265244151296,129.3514021073718,0.0
1,1,8761,8265973087232,129.36280998397436,0.0
1,0,4381,8266710611866,129.37435227404472,nan
1,1,8762,8267449853440,129.3859214342949,0.0
1,1,8763,8268173549056,129.3972472996795,0.0
1,1,8764,8269241534976,129.4139613221154,0.0
1,1,8765,8269965477888,129.4252910576923,0.0
1,0,4383,8270364076327,129.43152913923214,nan
1,1,8766,8271103647232,129.44310345352565,0.0
1,1,8767,8271483154432,129.44904275641025,0.0
1,1,8768,8272551519232,129.46576270833333,0.0
1,1,8769,8273275504640,129.47709310897437,0.0
1,0,4385,8273675318946,129.48335021888147,nan
1,1,8770,8274068839424,129.48950883012822,0.0
1,1,8771,8274792537600,129.50083473557692,0.0
1,1,8772,8275860590592,129.51754980769232,0.0
1,1,8773,8276584358912,129.52887681089743,0.0
1,0,4387,8277322623071,129.54043067456368,nan
1,1,8774,8278060720640,129.55198193108976,0.0
1,1,8775,8278440124416,129.5579196153846,0.0
1,1,8776,8279508147712,129.5746342227564,0.0
1,1,8777,8280231828992,129.58595986378205,0.0
1,0,4389,8280628952550,129.59217486337516,nan
1,1,8778,8281369920000,129.60377103365386,0.0
1,1,8779,8281749379584,129.60970959134616,0.0
1,1,8780,8282817462272,129.62642512820514,0.0
1,1,8781,8283541366272,129.6377542548077,0.0
1,0,4391,8283941010268,129.64400869935648,nan
1,1,8782,8284679345664,129.65556367788463,0.0
1,1,8783,8285058836992,129.6615027323718,0.0
1,1,8784,8286815567360,129.68899563301284,0.0
1,1,8785,8287195122176,129.69493568108976,0.0
1,0,4393,8287935160078,129.706517303905,nan
1,1,8786,8288328381952,129.71267124198718,0.0
1,1,8787,8289396586496,129.72938868589745,0.0
1,1,8788,8290464748032,129.74610545673076,0.0
1,1,8789,8290844346368,129.75204618589743,0.0
1,0,4395,8291582561984,129.76359928986378,nan
1,1,8790,8291976947200,129.76977143429488,0.0
1,1,8791,8292700972032,129.7811024519231,0.0
1,1,8792,8293769312768,129.7978220272436,0.0
1,1,8793,8294148986368,129.80376393429486,0.0
1,0,4397,8294888443466,129.81533646750427,nan
1,1,8794,8295281264640,129.8214841346154,0.0
1,1,8795,8296005030400,129.8328110977564,0.0
1,1,8796,8297417150464,129.85491083333335,0.0
1,1,8797,8297796649472,129.86085000801282,0.0
1,0,4399,8298535956474,129.8724201922138,nan
1,1,8798,8298929274880,129.87857564102563,0.0
1,1,8799,8299653166592,129.88990457532051,0.0
1,0,4400,8300023987099,129.89570793111164,nan
1,1,8800,8300763718656,129.90728475961538,0.0
1,1,8801,8301143214080,129.91322387820514,0.0
1,1,8802,8302555771904,129.9353304647436,0.0
1,1,8803,8302935219712,129.94126883814104,0.0
1,0,4402,8303676720422,129.9528733539601,nan
1,1,8804,8304072989696,129.95907498397438,0.0
1,1,8805,8304796915712,129.9704044551282,0.0
1,1,8806,8306209043968,129.99250431891025,0.0
1,1,8807,8307965475840,130.0199925480769,0.0
1,0,4404,8308706113247,130.03158355316944,nan
1,1,8808,8309447514624,130.04318651442307,0.0
1,1,8809,8310171567616,130.0545179727564,0.0
1,1,8810,8311239766528,130.07123532852563,0.0
1,1,8811,8311963479040,130.08256145833334,0.0
1,0,4406,8312364247634,130.08883350288588,nan
1,1,8812,8313101621248,130.10037342948718,0.0
1,1,8813,8313481185280,130.10631362179487,0.0
1,1,8814,8314549454336,130.1230320753205,0.0
1,1,8815,8315273476608,130.13436305288462,0.0
1,0,4408,8315670626787,130.14057846909745,nan
1,1,8816,8316411688960,130.15217612179487,0.0
1,1,8817,8317135732736,130.16350743589743,0.0
1,1,8818,8318204122112,130.1802277724359,0.0
1,1,8819,8319272267776,130.1969442948718,0.0
1,0,4410,8320012551044,130.2085297576748,nan
1,1,8820,8320410375680,130.21475572916668,0.0
1,1,8821,8321134076416,130.22608167467948,0.0
1,1,8822,8322202179584,130.2427975320513,0.0
1,1,8823,8322925838848,130.25412282852565,0.0
1,0,4412,8323324611815,130.26036364143567,nan
1,1,8824,8323719513088,130.2665438621795,0.0
1,1,8825,8324443460096,130.277873661859,0.0
1,1,8826,8325511567360,130.29458958333333,0.0
1,1,8827,8326235276288,130.3059156570513,0.0
1,0,4414,8326636271195,130.31219124341135,nan
1,1,8828,8327373269504,130.32372529647435,0.0
1,1,8829,8328096905216,130.33505022435898,0.0
1,1,8830,8329164861952,130.3517637900641,0.0
1,1,8831,8329888461824,130.3630881570513,0.0
1,0,4416,8330289524703,130.36936480717586,nan
1,1,8832,8331026044416,130.3808913701923,0.0
1,1,8833,8331405405696,130.38682838942307,0.0
1,1,8834,8332473537024,130.40354468750002,0.0
1,1,8835,8332853133824,130.4094853926282,0.0
1,0,4418,8333590362503,130.42102305099095,nan
1,1,8836,8333985495552,130.42720689903845,0.0
1,1,8837,8334709527552,130.43853802884615,0.0
1,1,8838,8335777904128,130.4552581650641,0.0
1,1,8839,8336502071808,130.46659141826925,0.0
1,0,4420,8337242941712,130.47818606194912,nan
1,1,8840,8338328593408,130.4951765544872,0.0
1,1,8841,8339052203008,130.50650107371794,0.0
1,1,8842,8340120118272,130.52321399038462,0.0
1,1,8843,8340843818496,130.53453992788462,0.0
1,0,4422,8341583023803,130.54610852055475,nan
1,1,8844,8341976465920,130.55226590544873,0.0
1,1,8845,8342356098048,130.55820716346153,0.0
1,1,8846,8343424372224,130.5749256971154,0.0
1,1,8847,8344148312064,130.58625538461538,0.0
1,0,4424,8344547592244,130.59250413542918,nan
1,1,8848,8345286327296,130.60406536858974,0.0
1,1,8849,8345665859584,130.61000506410258,0.0
1,1,8850,8347078258688,130.63210916666668,0.0
1,1,8851,8347802087936,130.64343712339743,0.0
1,0,4426,8348889199575,130.66045046410196,nan
1,1,8852,8349284418048,130.66663564903845,0.0
1,1,8853,8350008198144,130.67796283653846,0.0
1,1,8854,8351076146688,130.69467627403847,0.0
1,1,8855,8351800039936,130.7060052323718,0.0
1,0,4428,8352200138562,130.7122667918983,nan
1,1,8856,8352938292736,130.72381893429488,0.0
1,1,8857,8353317730816,130.7297571554487,0.0
1,1,8858,8354385872384,130.74647361378206,0.0
1,1,8859,8355109415424,130.75779709134616,0.0
1,0,4430,8355505988296,130.76400347268128,nan
1,1,8860,8356247445504,130.7756073076923,0.0
1,1,8861,8356971327488,130.7869360897436,0.0
1,1,8862,8359093511680,130.8201483573718,0.0
1,1,8863,8359473008640,130.8260875,0.0
1,1,8864,8360540807680,130.84279859775643,0.0
1,1,8865,8361264641024,130.85412661858976,0.0
1,0,4433,8361664947808,130.86039143579728,nan
1,1,8866,8362402445824,130.8719333092949,0.0
1,1,8867,8362781815808,130.87787046474358,0.0
1,1,8868,8363849485824,130.89457954326923,0.0
1,1,8869,8364573146112,130.90590485576922,0.0
1,0,4435,8364972249580,130.91215084103317,nan
1,1,8870,8365366598144,130.91832241185898,0.0
1,1,8871,8366090260992,130.9296477644231,0.0
1,1,8872,8367158069248,130.94635900641026,0.0
1,1,8873,8367881854464,130.95768627403845,0.0
1,0,4437,8368278716268,130.96389717717096,nan
1,1,8874,8369020037120,130.97549887820514,0.0
1,1,8875,8369743933440,130.9868278846154,0.0
1,0,4438,8370114066193,130.99262047702888,nan
1,1,8876,8370854345216,131.00420587339744,0.0
1,1,8877,8371233797632,131.01014431891025,0.0
1,1,8878,8372301842944,131.02685927083334,0.0
1,1,8879,8373025294336,131.03818131410256,0.0
1,0,4440,8373425861729,131.0444502098514,nan
1,1,8880,8374163197952,131.05598955128207,0.0
1,1,8881,8374542751232,131.0619295753205,0.0
1,1,8882,8375610917888,131.07864642628206,0.0
1,1,8883,8376334742528,131.08997431089745,0.0
1,0,4442,8377420761091,131.10697054491874,nan
1,1,8884,8378505230848,131.1239425400641,0.0
1,1,8885,8379228989952,131.13526939903846,0.0
1,0,4443,8379944438678,131.14646620026417,nan
1,1,8886,8380683756032,131.15803654647436,0.0
1,1,8887,8381063178752,131.1639745272436,0.0
1,1,8888,8382131024384,131.18068635416668,0.0
1,1,8889,8382854791168,131.19201333333334,0.0
1,0,4445,8383251738918,131.19822558152418,nan
1,1,8890,8383992573952,131.2098196794872,0.0
1,1,8891,8384372041216,131.2157583573718,0.0
1,1,8892,8385440094720,131.2324734375,0.0
1,1,8893,8386163618816,131.24379661858976,0.0
1,0,4447,8386563680920,131.25005760654548,nan
1,1,8894,8387301219328,131.26160011217948,0.0
1,1,8895,8388025115648,131.27292911858976,0.0
1,1,8896,8389437397504,131.29503138621794,0.0
1,1,8897,8390161111040,131.3063575320513,0.0
1,0,4449,8390899582028,131.31791463259967,nan
1,1,8898,8391637544960,131.32946378205128,0.0
1,1,8899,8392016948736,131.33540146634616,0.0
1,1,8900,8393084771840,131.35211294070513,0.0
1,1,8901,8393808470016,131.36343884615385,0.0
1,0,4451,8394204295653,131.3696335332313,nan
1,1,8902,8394946361856,131.38124689903847,0.0
1,1,8903,8395325902336,131.3871867227564,0.0
1,1,8904,8397103648768,131.41500852564104,0.0
1,1,8905,8397483150336,131.4209477403846,0.0
1,0,4453,8398224882403,131.43255587695,nan
1,1,8906,8398965477888,131.44414622596153,0.0
1,1,8907,8399345047040,131.45008649839744,0.0
1,1,8908,8400413335552,131.46680525641025,0.0
1,1,8909,8401137164288,131.47813320512822,0.0
1,0,4455,8401536646745,131.48438512158518,nan
1,1,8910,8402275221504,131.49594384615386,0.0
1,1,8911,8402654907392,131.5018859455128,0.0
1,1,8912,8403723619328,131.5186113301282,0.0
1,1,8913,8404103125504,131.52455061698717,0.0
1,0,4457,8404842726884,131.53612540821564,nan
1,1,8914,8405235600384,131.54227389423076,0.0
1,1,8915,8405959531008,131.55360343750002,0.0
1,1,8916,8407372275712,131.57571294871795,0.0
1,1,8917,8408096267264,131.58704344551282,0.0
1,0,4459,8408837454730,131.59864305905074,nan
1,1,8918,8409234552320,131.6048576522436,0.0
1,1,8919,8409958685696,131.61619036858974,0.0
1,1,8920,8411026864640,131.63290741185898,0.0
1,1,8921,8411406292992,131.63884548076925,0.0
1,0,4461,8412143888659,131.6503888825089,nan
1,1,8922,8412538782720,131.6565689903846,0.0
1,1,8923,8413262472192,131.6678947596154,0.0
1,1,8924,8414330540032,131.68461006410257,0.0
1,1,8925,8414710192128,131.6905516346154,0.0
1,0,4463,8415107672209,131.69677221380772,nan
1,1,8926,8415848160256,131.70836088141027,0.0
1,1,8927,8416227646976,131.71429986378206,0.0
1,1,8928,8418328749568,131.74718220352565,0.0
1,1,8929,8418708269056,131.75312169871796,0.0
1,0,4465,8419449337378,131.76471944764748,nan
1,1,8930,8419846514688,131.77093528846154,0.0
1,1,8931,8420570419200,131.78226442307692,0.0
1,1,8932,8421638784512,131.79898438301282,0.0
1,1,8933,8422018432000,131.80492588141027,0.0
1,0,4467,8422756752301,131.81648062370104,nan
1,1,8934,8423151343104,131.82265598557692,0.0
1,1,8935,8423875198976,131.83398435897436,0.0
1,1,8936,8424943684608,131.8507062019231,0.0
1,1,8937,8425323362816,131.85664818108975,0.0
1,0,4469,8426062399811,131.86821413967036,nan
1,1,8938,8426800627200,131.87976742788462,0.0
1,1,8939,8428213349888,131.90187659455128,0.0
1,1,8940,8429626141184,131.9239868349359,0.0
1,1,8941,8430350059520,131.93531618589745,0.0
1,0,4471,8431087026453,131.9468497479248,nan
1,1,8942,8431827387392,131.95843642628205,0.0
1,1,8943,8432551400960,131.9697672676282,0.0
1,0,4472,8433609730742,131.98633017111754,nan
1,1,8944,8434006445056,131.99253876602563,0.0
1,1,8945,8434730374144,132.0038682852564,0.0
1,1,8946,8435798797824,132.02058915865385,0.0
1,1,8947,8436178374656,132.02652955128207,0.0
1,0,4474,8436915346524,132.03806319054237,nan
1,1,8948,8438000449024,132.05504508814104,0.0
1,1,8949,8438724353536,132.06637422275642,0.0
1,1,8950,8440136840192,132.08847969551283,0.0
1,1,8951,8440860638208,132.09980716346155,0.0
1,0,4476,8441597725205,132.11134260449532,nan
1,1,8952,8441993232384,132.1175323076923,0.0
1,1,8953,8442717109760,132.1288610176282,0.0
1,1,8954,8443785207808,132.1455767948718,0.0
1,1,8955,8444164872704,132.15151856570515,0.0
1,0,4478,8444903533985,132.16307864434657,nan
1,1,8956,8445297951232,132.1692512900641,0.0
1,1,8957,8445677596160,132.17519274839745,0.0
1,1,8958,8447090489344,132.19730458333333,0.0
1,1,8959,8447814468608,132.20863488782052,0.0
1,0,4480,8448555992351,132.22023976410696,nan
1,1,8960,8449297153536,132.23183896634615,0.0
1,1,8961,8449676753408,132.2377797195513,0.0
1,1,8962,8450744876032,132.25449588141026,0.0
1,1,8963,8451468628480,132.26582263621796,0.0
1,0,4482,8451867198099,132.27206026672363,nan
1,1,8964,8452606770176,132.28363459935898,0.0
1,1,8965,8452986464768,132.2895768349359,0.0
1,1,8966,8454054899200,132.30629787660257,0.0
1,1,8967,8454778798592,132.31762693108973,0.0
1,0,4484,8455178490887,132.3238821315198,nan
1,1,8968,8455572633600,132.33005048076924,0.0
1,1,8969,8456640856064,132.3467682051282,0.0
1,1,8970,8458053635072,132.36887825320514,0.0
1,1,8971,8458777804800,132.38021153846154,0.0
1,0,4486,8459866434465,132.39724863633376,nan
1,1,8972,8460605040640,132.4088078525641,0.0
1,1,8973,8460984500224,132.4147464102564,0.0
1,1,8974,8462052432896,132.431459599359,0.0
1,1,8975,8462776394752,132.44278963141025,0.0
1,0,4488,8463176443672,132.44905041303585,nan
1,1,8976,8463914632704,132.46060310096155,0.0
1,1,8977,8464294146560,132.46654250801282,0.0
1,1,8978,8465362451968,132.48326153044871,0.0
1,1,8979,8466430795264,132.49998114583335,0.0
1,0,4490,8467168952001,132.511533328341,nan
1,1,8980,8467908085760,132.52310080128206,0.0
1,1,8981,8468632029184,132.5344305448718,0.0
1,1,8982,8469700467712,132.55115165064103,0.0
1,1,8983,8470424669184,132.5624854326923,0.0
1,0,4492,8471512791632,132.57951459259817,nan
1,1,8984,8471907394048,132.58569013621795,0.0
1,1,8985,8472631301632,132.59701931891027,0.0
1,1,8986,8473699829760,132.61374182692307,0.0
1,1,8987,8474079480320,132.61968337339744,0.0
1,0,4494,8474817670116,132.63123607327975,nan
1,1,8988,8475212624896,132.63741713141027,0.0
1,1,8989,8475936753152,132.6487497676282,0.0
1,1,8990,8477005640192,132.66547789262822,0.0
1,1,8991,8477730038272,132.67681475160256,0.0
1,0,4496,8478469020033,132.68837984576885,nan
1,1,8992,8479208001024,132.69994492788462,0.0
1,1,8993,8479932450816,132.71128259615384,0.0
1,1,8994,8481000958976,132.72800479166668,0.0
1,1,8995,8481380481024,132.73394432692308,0.0
1,0,4498,8482121396496,132.745539683744,nan
1,1,8996,8482518752768,132.7517583253205,0.0
1,1,8997,8483242544640,132.7630856971154,0.0
1,1,8998,8484310551040,132.77980004006412,0.0
1,1,8999,8484690052608,132.7857392548077,0.0
1,0,4500,8485437856343,132.79744241322052,nan
1,1,9000,8485833764352,132.80363838942307,0.0
1,1,9001,8486213356544,132.8095790224359,0.0
1,1,9002,8487970556416,132.83707927083333,0.0
1,1,9003,8488694634496,132.84841112179487,0.0
1,0,4502,8489432636921,132.85996088931353,nan
1,1,9004,8490171686912,132.87152705128204,0.0
1,1,9005,8490551256064,132.87746732371795,0.0
1,1,9006,8491619614720,132.89418717948718,0.0
1,1,9007,8492343500288,132.9055160176282,0.0
1,0,4504,8492743959405,132.9117832188533,nan
1,1,9008,8493481889792,132.92333185897436,0.0
1,1,9009,8493861508096,132.92927290064102,0.0
1,1,9010,8494929809920,132.94599186698719,0.0
1,1,9011,8495653705728,132.95732086538462,0.0
1,0,4506,8496391981325,132.96887490805602,nan
1,1,9012,8497130727424,132.98043631410258,0.0
1,1,9013,8497854636032,132.9917655128205,0.0
1,1,9014,8498922944000,133.00848457532052,0.0
1,1,9015,8499302515712,133.01442488782052,0.0
1,0,4508,8500039817414,133.02596368899614,nan
1,1,9016,8500434976768,133.03214794871795,0.0
1,1,9017,8501158806528,133.04347591346155,0.0
1,1,9018,8502226897920,133.06019158653845,0.0
1,1,9019,8502606410240,133.0661309695513,0.0
1,0,4510,8503346146899,133.07770787790153,nan
1,1,9020,8503739066880,133.08385709134615,0.0
1,1,9021,8504462984704,133.09518643429487,0.0
1,1,9022,8505531266560,133.11190508814104,0.0
1,1,9023,8505910756864,133.11784412660256,0.0
1,0,4512,8506997910500,133.13485812456182,nan
1,1,9024,8507393067520,133.1410423477564,0.0
1,1,9025,8508117079040,133.15237315705127,0.0
1,1,9026,8509529828864,133.17448274839745,0.0
1,1,9027,8509909454848,133.18042391025642,0.0
1,0,4514,8510650476914,133.1920209352777,nan
1,1,9028,8511047782912,133.1982387900641,0.0
1,1,9029,8511772233728,133.20957647435898,0.0
1,1,9030,8512840836096,133.22630014423078,0.0
1,1,9031,8513220451840,133.23224114583334,0.0
1,0,4516,8513961985748,133.24384618120243,nan
1,1,9032,8514358618624,133.25005350160257,0.0
1,1,9033,8514738312192,133.25599572115385,0.0
1,1,9034,8515806722048,133.27271637820513,0.0
1,1,9035,8516530587648,133.28404490384617,0.0
1,0,4518,8517272595038,133.29565734922753,nan
1,1,9036,8517668765696,133.30185743589743,0.0
1,1,9037,8518737410048,133.31858176282051,0.0
1,1,9038,8520150454272,133.34069596153847,0.0
1,1,9039,8520530068480,133.34663693910258,0.0
1,0,4520,8521271146973,133.35823484720865,nan
1,1,9040,8521668319744,133.36445061698717,0.0
1,1,9041,8522392077824,133.3757774599359,0.0
1,1,9042,8523460304896,133.39249525641026,0.0
1,1,9043,8523839738368,133.3984334054487,0.0
1,0,4522,8524577329515,133.4099767364502,nan
1,1,9044,8524972301824,133.41615806891025,0.0
1,1,9045,8525696063488,133.42748496794871,0.0
1,1,9046,8526764199424,133.44420133814103,0.0
1,1,9047,8527488054272,133.45552969551284,0.0
1,0,4524,8528225541398,133.46707139858148,nan
1,1,9048,8528620759040,133.47325657051283,0.0
1,1,9049,8529344793600,133.48458774038463,0.0
1,1,9050,8530757253120,133.50669278846155,0.0
1,1,9051,8531136778240,133.51263237179487,0.0
1,0,4526,8531877017252,133.52421714198968,nan
1,1,9052,8532274632192,133.53043983173077,0.0
1,1,9053,8532998428672,133.54176727564104,0.0
1,1,9054,8534066767360,133.55848681891027,0.0
1,1,9055,8534446398464,133.56442806089743,0.0
1,0,4528,8534845293062,133.57067077733748,nan
1,1,9056,8535584641024,133.5822416025641,0.0
1,1,9057,8535964206592,133.58818181891027,0.0
1,1,9058,8537721218048,133.61567911858975,0.0
1,1,9059,8538444844544,133.6270039022436,0.0
1,0,4530,8538842633632,133.63322931740785,nan
1,1,9060,8539582798336,133.64481292467948,0.0
1,1,9061,8539962240512,133.6507512099359,0.0
1,1,9062,8541030513152,133.6674697195513,0.0
1,1,9063,8541754311680,133.67879719551283,0.0
1,0,4532,8542152062745,133.6850220156156,nan
1,1,9064,8542892299264,133.69660674679488,0.0
1,1,9065,8543271671808,133.7025439423077,0.0
1,1,9066,8544339791360,133.71926005608975,0.0
1,1,9067,8545063617536,133.7305879647436,0.0
1,0,4534,8545462525073,133.73683088367952,nan
1,1,9068,8545857277440,133.74300877403846,0.0
1,1,9069,8546925172224,133.75972137019232,0.0
1,1,9070,8548358495232,133.7821529326923,0.0
1,1,9071,8549082162176,133.793478349359,0.0
1,1,9072,8550150318080,133.8101950320513,0.0
1,1,9073,8550529802240,133.816133974359,0.0
1,0,4537,8550927396920,133.82235634703025,nan
1,1,9074,8551667797504,133.83394364583333,0.0
1,1,9075,8552047360000,133.83988381410256,0.0
1,1,9076,8553115463168,133.85659967147436,0.0
1,1,9077,8553839384064,133.8679290625,0.0
1,0,4539,8554237606827,133.8741612646954,nan
1,1,9078,8554633261568,133.8803532772436,0.0
1,1,9079,8555357183488,133.89168268429486,0.0
1,1,9080,8556425661440,133.90840440705128,0.0
1,1,9081,8557837672448,133.93050243589744,0.0
1,0,4541,8558236722999,133.9367475930082,nan
1,1,9082,8558975290880,133.9483062099359,0.0
1,1,9083,8559354648064,133.9542431650641,0.0
1,1,9084,8560422464512,133.97095453525642,0.0
1,1,9085,8561146070016,133.98227899038463,0.0
1,0,4543,8561541908678,133.98847388130383,nan
1,1,9086,8562283891712,134.00008594551284,0.0
1,1,9087,8562663339008,134.00602431089743,0.0
1,1,9088,8563731507200,134.02274118589744,0.0
1,1,9089,8564455242752,134.03406767628206,0.0
1,0,4545,8564853002805,134.0402926370474,nan
1,1,9090,8565592939008,134.05187266826923,0.0
1,1,9091,8565972547072,134.05781354967948,0.0
1,1,9092,8567729635840,134.08531205929486,0.0
1,1,9093,8568109277184,134.09125346153846,0.0
1,0,4547,8568845904351,134.10278170621433,nan
1,1,9094,8569242209792,134.10898390224358,0.0
1,1,9095,8569966568960,134.1203201522436,0.0
1,1,9096,8571034957312,134.1370404727564,0.0
1,1,9097,8571414524928,134.14298072115386,0.0
1,0,4549,8572151133553,134.15450867564667,nan
1,1,9098,8572546876416,134.1607020673077,0.0
1,1,9099,8573270811648,134.1720316826923,0.0
1,1,9100,8574338804224,134.1887458092949,0.0
1,1,9101,8574718296064,134.19468487179486,0.0
1,0,4551,8575115432680,134.2009000757462,nan
1,1,9102,8575856344064,134.21249536858974,0.0
1,1,9103,8576235874816,134.2184350400641,0.0
1,0,4552,8577985191042,134.2458119090858,nan
1,1,9104,8579068308992,134.26276274839745,0.0
1,1,9105,8579792474624,134.2740959695513,0.0
1,1,9106,8580860768768,134.29081481570512,0.0
1,1,9107,8581584673792,134.30214395833335,0.0
1,0,4554,8581984306722,134.30839822969878,nan
1,1,9108,8582378555904,134.3145682451923,0.0
1,1,9109,8583102605824,134.32589965544872,0.0
1,1,9110,8584170947072,134.34261923878205,0.0
1,1,9111,8584895022592,134.3539510496795,0.0
1,0,4556,8585290689971,134.3601432600129,nan
1,1,9112,8586027897856,134.37168059294874,0.0
1,1,9113,8586751901184,134.38301127403847,0.0
1,0,4557,8588161339216,134.40506903570713,nan
1,1,9114,8588901312000,134.41664963942307,0.0
1,1,9115,8589625197056,134.42797846955128,0.0
1,1,9116,8590693817856,134.4447024278846,0.0
1,1,9117,8591417674240,134.45603080929487,0.0
1,0,4559,8591813670114,134.46222816058818,nan
1,1,9118,8592211583488,134.46845552083334,0.0
1,1,9119,8592935619584,134.4797867147436,0.0
1,1,9120,8594003937280,134.49650592948717,0.0
1,1,9121,8594383600128,134.50244766826924,0.0
1,0,4561,8595124846688,134.5140482066306,nan
1,1,9122,8595521730048,134.5202594471154,0.0
1,1,9123,8596245564928,134.53158749198718,0.0
1,1,9124,8597658032128,134.55369266025642,0.0
1,1,9125,8598037548032,134.55963209935896,0.0
1,0,4563,8598435896790,134.56586627338118,nan
1,1,9126,8599175524864,134.5774414823718,0.0
1,1,9127,8599555094528,134.58338176282052,0.0
1,1,9128,8600967551488,134.60548677083332,0.0
1,1,9129,8601347160576,134.61142766826924,0.0
1,0,4565,8602089388899,134.6230435712609,nan
1,1,9130,8602485400576,134.6292411698718,0.0
1,1,9131,8602864988672,134.63518173878205,0.0
1,1,9132,8603933426176,134.65190282852564,0.0
1,1,9133,8604657393664,134.66323294871796,0.0
1,0,4567,8605054055127,134.6694407165058,nan
1,1,9134,8605795561472,134.68104532051282,0.0
1,1,9135,8606175071744,134.68698467147436,0.0
1,1,9136,8607932136448,134.71448280448718,0.0
1,1,9137,8608655899136,134.72580971955128,0.0
1,0,4569,8609395730053,134.737388103043,nan
1,1,9138,8609788260352,134.7435312179487,0.0
1,1,9139,8610512151040,134.75486013621796,0.0
1,1,9140,8611580398080,134.7715782451923,0.0
1,1,9141,8611960066560,134.77752007211538,0.0
1,0,4571,8612701360141,134.7891213463573,nan
1,1,9142,8613098525696,134.79533700320513,0.0
1,1,9143,8613822523904,134.80666760416668,0.0
1,1,9144,8614890634240,134.82338357371796,0.0
1,1,9145,8615270265856,134.82932482371794,0.0
1,0,4573,8616007638946,134.84086474211864,nan
1,1,9146,8616746939904,134.85243483173076,0.0
1,1,9147,8617470757888,134.8637626121795,0.0
1,1,9148,8619228304384,134.89126828525642,0.0
1,1,9149,8619607993856,134.89721044070512,0.0
1,0,4575,8620348150089,134.90879391540528,nan
1,1,9150,8620740904448,134.91494053685898,0.0
1,1,9151,8621464804352,134.926269599359,0.0
1,1,9152,8622532955648,134.9429862099359,0.0
1,1,9153,8622912531456,134.94892658653848,0.0
1,0,4577,8623654197985,134.96053369743152,nan
1,1,9154,8624050532352,134.96673634615385,0.0
1,1,9155,8624429950976,134.9726742628205,0.0
1,1,9156,8625842753536,134.9947846794872,0.0
1,1,9157,8626566784512,135.00611579326923,0.0
1,0,4579,8627307954788,135.01771513778294,nan
1,1,9158,8627704843264,135.02392645833334,0.0
1,1,9159,8628428553216,135.03525254807693,0.0
1,1,9160,8629496304128,135.0519628926282,0.0
1,1,9161,8630220115968,135.0632905769231,0.0
1,0,4581,8630620078553,135.06955000740248,nan
1,1,9162,8631358370816,135.08110431089744,0.0
1,1,9163,8632082431488,135.0924358894231,0.0
1,1,9164,8633150713856,135.10915455128205,0.0
1,1,9165,8633530200576,135.11509353365386,0.0
1,0,4583,8633926520682,135.12129595919095,nan
1,1,9166,8634668165120,135.13290272435898,0.0
1,1,9167,8635047601664,135.13884092147435,0.0
1,1,9168,8636459796480,135.16094182692308,0.0
1,1,9169,8637183631872,135.1722698798077,0.0
1,0,4585,8637579799292,135.1784699158028,nan
1,1,9170,8638321713152,135.1900808974359,0.0
1,1,9171,8638701174272,135.19601947916667,0.0
1,1,9172,8639769274368,135.21273528846154,0.0
1,1,9173,8640493133824,135.22406371794872,0.0
1,0,4587,8640892025960,135.23030639585838,nan
1,1,9174,8641631258624,135.24187541666666,0.0
1,1,9175,8642010778624,135.2478149198718,0.0
1,1,9176,8643078763520,135.26452892628205,0.0
1,1,9177,8643802564608,135.27585644230768,0.0
1,0,4589,8644202981859,135.2821229883282,nan
1,1,9178,8644595952640,135.2882729967949,0.0
1,1,9179,8645319451648,135.2995957852564,0.0
1,1,9180,8646731557888,135.32169530448718,0.0
1,1,9181,8647111076864,135.32763479166667,0.0
1,0,4591,8647849670042,135.33919380449345,nan
1,1,9182,8648587872256,135.35074669871796,0.0
1,1,9183,8649579128832,135.36625990384616,0.0
1,0,4592,8650316621471,135.37780169319348,nan
1,1,9184,8651055617024,135.38936700320514,0.0
1,1,9185,8651435063808,135.3953053605769,0.0
1,1,9186,8653192138752,135.42280365384616,0.0
1,1,9187,8653571707904,135.42874392628207,0.0
1,0,4594,8654311440974,135.4403207784643,nan
1,1,9188,8654704470016,135.44647169871794,0.0
1,1,9189,8655084260864,135.45241544070512,0.0
1,1,9190,8656841557504,135.47991720352564,0.0
1,1,9191,8657221054976,135.48585635416666,0.0
1,0,4596,8657959398392,135.49741145820815,nan
1,1,9192,8658353377280,135.50357724358975,0.0
1,1,9193,8659076893696,135.51490030448718,0.0
1,1,9194,8660145063936,135.53161721153847,0.0
1,1,9195,8660524610560,135.53755713141027,0.0
1,0,4598,8661266035081,135.54916045486843,nan
1,1,9196,8661662779392,135.55536951923077,0.0
1,1,9197,8662386669056,135.56669842147437,0.0
1,1,9198,8663455165952,135.58342044070514,0.0
1,1,9199,8663834881536,135.5893630048077,0.0
1,0,4600,8664571911460,135.60089755264673,nan
1,1,9200,8664967756800,135.60709254807693,0.0
1,1,9201,8665691426816,135.6184180128205,0.0
1,1,9202,8667108868608,135.64060103365384,0.0
1,1,9203,8668176900608,135.65731577724358,0.0
1,0,4602,8668576678548,135.66357231802135,nan
1,1,9204,8669314743808,135.67512306891027,0.0
1,1,9205,8669694038016,135.68105903846154,0.0
1,1,9206,8670761960448,135.6977720673077,0.0
1,1,9207,8671485662208,135.70909802884617,0.0
1,0,4604,8671882534951,135.71530910317446,nan
1,1,9208,8672279205376,135.72151701121794,0.0
1,1,9209,8673002759168,135.7328406570513,0.0
1,1,9210,8674070343168,135.74954838942307,0.0
1,1,9211,8674449675264,135.75548495192308,0.0
1,0,4606,8675188853691,135.76705312392016,nan
1,1,9212,8675926170624,135.77859216346155,0.0
1,1,9213,8676650091008,135.78992154647437,0.0
1,1,9214,8678062488576,135.812025625,0.0
1,1,9215,8678441889792,135.81796326923077,0.0
1,0,4608,8679182368109,135.82955178455842,nan
1,1,9216,8679579782144,135.8357713301282,0.0
1,1,9217,8680303612416,135.84709930288463,0.0
1,1,9218,8681371684352,135.86381467147436,0.0
1,1,9219,8682095335424,135.87513983974358,0.0
1,0,4610,8682493684953,135.88137402583197,nan
1,1,9220,8682889090048,135.88756213141025,0.0
1,1,9221,8683613221376,135.89889481570512,0.0
1,1,9222,8684681355264,135.91561115384616,0.0
1,1,9223,8685060845056,135.9215501842949,0.0
1,0,4612,8685799117951,135.93310418467988,nan
1,1,9224,8686538066432,135.94466875801282,0.0
1,1,9225,8686917673984,135.95060963141026,0.0
1,1,9226,8688674573312,135.97810517628204,0.0
1,1,9227,8689054087168,135.98404458333334,0.0
1,0,4614,8689450845729,135.99025387070876,nan
1,1,9228,8690191899648,136.00185139423078,0.0
1,1,9229,8690571325952,136.00778943108975,0.0
1,1,9230,8691644485120,136.0245844150641,0.0
1,1,9231,8692368138240,136.0359096153846,0.0
1,0,4616,8692766389628,136.0421422655624,nan
1,1,9232,8693161818624,136.04833074519232,0.0
1,1,9233,8693885385728,136.05965459935896,0.0
1,1,9234,8694953191424,136.07636580128207,0.0
1,1,9235,8695676725760,136.08768914262822,0.0
1,0,4618,8696417744664,136.09928611816406,nan
1,1,9236,8697502618624,136.11626443910257,0.0
1,1,9237,8698226464768,136.12759266025643,0.0
1,1,9238,8700348265472,136.16079892628204,0.0
1,1,9239,8700727662080,136.16673649839743,0.0
1,1,9240,8701795477504,136.18344785256411,0.0
1,1,9241,8702519388160,136.19477708333335,0.0
1,0,4621,8702915757800,136.20098028407952,nan
1,1,9242,8703657383936,136.2125867628205,0.0
1,1,9243,8704381482496,136.2239189342949,0.0
1,1,9244,8705449736192,136.2406371474359,0.0
1,1,9245,8706173794816,136.25196869391027,0.0
1,0,4623,8706913116298,136.2635391047238,nan
1,1,9246,8707306441216,136.26969465544872,0.0
1,1,9247,8708030306816,136.28102318108975,0.0
1,1,9248,8709098506240,136.2977405448718,0.0
1,1,9249,8709822241280,136.3090670272436,0.0
1,0,4625,8710222397451,136.31532948735165,nan
1,1,9250,8710960221184,136.32687645833334,0.0
1,1,9251,8711339749376,136.3328160897436,0.0
1,1,9252,8712407990272,136.3495341025641,0.0
1,1,9253,8713131807232,136.3608618669872,0.0
1,0,4627,8713532178827,136.36712769848947,nan
1,1,9254,8714269916672,136.3786733253205,0.0
1,1,9255,8714649440256,136.3846128846154,0.0
1,1,9256,8716062308864,136.4067243349359,0.0
1,1,9257,8716441879552,136.41266463141025,0.0
1,0,4629,8717528720672,136.42967373848157,nan
1,1,9258,8718268420608,136.4412500721154,0.0
1,1,9259,8718647976960,136.44719014423077,0.0
1,1,9260,8720060677120,136.46929895833333,0.0
1,1,9261,8720440165376,136.4752379647436,0.0
1,0,4631,8721179776705,136.48681291167432,nan
1,1,9262,8721572553216,136.4929598798077,0.0
1,1,9263,8722296574976,136.50429084935897,0.0
1,1,9264,8723364805632,136.52100870192308,0.0
1,1,9265,8724088648192,136.53233686698718,0.0
1,0,4633,8724485244505,136.53854361517492,nan
1,1,9266,8724882467328,136.54476016826922,0.0
1,1,9267,8725606299136,136.5560881650641,0.0
1,1,9268,8727018931712,136.57819592147436,0.0
1,1,9269,8727398436352,136.58413518429487,0.0
1,0,4635,8728137467393,136.59570104969515,nan
1,1,9270,8728875336704,136.60724873397436,0.0
1,1,9271,8729254837248,136.6131879326923,0.0
1,1,9272,8730323007488,136.6299048397436,0.0
1,1,9273,8731046707712,136.6412307772436,0.0
1,0,4637,8731442793881,136.6474295416573,nan
1,1,9274,8732184368128,136.65903520833334,0.0
1,1,9275,8732563821056,136.66497366185897,0.0
1,1,9276,8733631712768,136.6816862099359,0.0
1,1,9277,8734355480576,136.6930132051282,0.0
1,0,4639,8734753716503,136.69924561334074,nan
1,1,9278,8735493643264,136.71082549679488,0.0
1,1,9279,8735873066496,136.71676348557693,0.0
1,1,9280,8737650355200,136.744578125,0.0
1,1,9281,8738029818368,136.75051673878207,0.0
1,1,9282,8739442633728,136.77262735576923,0.0
1,1,9283,8739822281728,136.7785688621795,0.0
1,0,4642,8740217811659,136.78475892144618,nan
1,1,9284,8740954655744,136.79629056089743,0.0
1,1,9285,8741334050816,136.80222810897436,0.0
1,1,9286,8742402234880,136.8189452323718,0.0
1,1,9287,8743126078464,136.83027341346155,0.0
1,0,4644,8743523189366,136.83648821498772,nan
1,1,9288,8744263815680,136.84807904647437,0.0
1,1,9289,8744643297280,136.85401794871794,0.0
1,1,9290,8746055738368,136.87612270833333,0.0
1,1,9291,8746779609600,136.8874513221154,0.0
1,0,4646,8747517815339,136.8990042715063,nan
1,1,9292,8748256200704,136.91056003205128,0.0
1,1,9293,8748635796480,136.91650072115385,0.0
1,1,9294,8749703755264,136.93321431891027,0.0
1,1,9295,8750427409920,136.94453954326923,0.0
1,0,4648,8750828251052,136.95081272304438,nan
1,1,9296,8751565628928,136.96235271634615,0.0
1,1,9297,8751945113600,136.96829166666666,0.0
1,1,9298,8753012727296,136.98499986378206,0.0
1,1,9299,8753736527360,136.99632736378206,0.0
1,0,4650,8754132818767,137.00252934017865,nan
1,1,9300,8754874549248,137.0141374519231,0.0
1,1,9301,8755254073344,137.02007701923077,0.0
1,1,9302,8756322220544,137.03679356570512,0.0
1,1,9303,8757045982208,137.0481204647436,0.0
1,0,4652,8757443712196,137.05434495499048,nan
1,1,9304,8758183713792,137.0659260096154,0.0
1,1,9305,8758907514368,137.0772535176282,0.0
1,1,9306,8759975808512,137.09397236378206,0.0
1,1,9307,8760699726336,137.10530170673078,0.0
1,0,4654,8761095788645,137.1115000977345,nan
1,1,9308,8761493538304,137.11772489583333,0.0
1,1,9309,8762217429504,137.1290538221154,0.0
1,1,9310,8763285778944,137.14577353365385,0.0
1,1,9311,8763665434112,137.15171515224358,0.0
1,0,4656,8764407592420,137.1633299594977,nan
1,1,9312,8764803691008,137.16952891826924,0.0
1,1,9313,8765527423488,137.1808553605769,0.0
1,1,9314,8766939898880,137.20296065705128,0.0
1,1,9315,8767319433728,137.2089003926282,0.0
1,0,4658,8768403942806,137.2258730031488,nan
1,1,9316,8768796622336,137.23201845352565,0.0
1,1,9317,8769520645632,137.24334944711538,0.0
1,1,9318,8770589017600,137.26006951121795,0.0
1,1,9319,8770968591872,137.26600986378205,0.0
1,0,4660,8771710368043,137.27761869057682,nan
1,1,9320,8772106642432,137.28382040064102,0.0
1,1,9321,8772830523904,137.2951491746795,0.0
1,1,9322,8773899102208,137.31187246794872,0.0
1,1,9323,8774278678528,137.31781285256412,0.0
1,0,4662,8775017063632,137.32936860902444,nan
1,1,9324,8775411375104,137.33553959935898,0.0
1,1,9325,8776479703040,137.352258974359,0.0
1,1,9326,8777548001280,137.3689778846154,0.0
1,1,9327,8777927629312,137.37491907852564,0.0
1,0,4664,8778665015947,137.38645920890613,nan
1,1,9328,8779060399104,137.39264697115385,0.0
1,1,9329,8779784168448,137.40397399038463,0.0
1,1,9330,8780873324544,137.42101932692307,0.0
1,1,9331,8781252857856,137.42695903846155,0.0
1,1,9332,8782321208832,137.44367877403846,0.0
1,1,9333,8783045438976,137.45501300480768,0.0
1,0,4667,8783445687327,137.46127690753644,nan
1,1,9334,8784184074240,137.4728326923077,0.0
1,1,9335,8784563936768,137.47877755608974,0.0
1,1,9336,8785632650240,137.4955029647436,0.0
1,1,9337,8786701354496,137.51222822916668,0.0
1,0,4669,8787437818353,137.5237539180345,nan
1,1,9338,8787834169344,137.52995682692307,0.0
1,1,9339,8788558050816,137.54128560096154,0.0
1,1,9340,8789626682880,137.55800973557692,0.0
1,1,9341,8790006242304,137.56394985576924,0.0
1,0,4671,8790742935445,137.57547913294084,nan
1,1,9342,8791139172352,137.58168025641027,0.0
1,1,9343,8791863305216,137.5930129647436,0.0
1,1,9344,8792931837952,137.6097355448718,0.0
1,1,9345,8793655896064,137.62106708333334,0.0
1,0,4673,8794052444960,137.62727308944312,nan
1,1,9346,8794449783296,137.63349145032052,0.0
1,1,9347,8795173704192,137.64482084134616,0.0
1,1,9348,8796241957888,137.66153905448718,0.0
1,1,9349,8796965872640,137.67286834935896,0.0
1,0,4675,8797703108811,137.68440612497184,nan
1,1,9350,8798442894848,137.69598380608974,0.0
1,1,9351,8798822375424,137.7019226923077,0.0
1,1,9352,8799890304512,137.71863582532052,0.0
1,1,9353,8800614171136,137.7299643669872,0.0
1,0,4677,8801011742829,137.73618637991098,nan
1,1,9354,8801407818752,137.74238498397438,0.0
1,1,9355,8802131728384,137.75371419871794,0.0
1,1,9356,8803199782400,137.77042928685898,0.0
1,1,9357,8803579218944,137.77636748397435,0.0
1,0,4679,8804320983036,137.78797612173227,nan
1,1,9358,8804717266944,137.79417798076923,0.0
1,1,9359,8805441203712,137.80550762019232,0.0
1,1,9360,8806853611520,137.82761185897436,0.0
1,1,9361,8807233140736,137.83355150641026,0.0
1,0,4681,8807972541857,137.84512316357734,nan
1,1,9362,8808709939712,137.85666346955128,0.0
1,1,9363,8809089360896,137.86260142628205,0.0
1,1,9364,8810157304832,137.87931479166667,0.0
1,1,9365,8810881165312,137.8906432371795,0.0
1,0,4683,8811276597580,137.89683176801634,nan
1,1,9366,8812013888512,137.90837040064102,0.0
1,1,9367,8812393411072,137.91430994391027,0.0
1,1,9368,8813461406208,137.9310241105769,0.0
1,1,9369,8813840908288,137.93696333333332,0.0
1,0,4685,8814580701962,137.9485411339706,nan
1,1,9370,8814973434368,137.95468741185897,0.0
1,1,9371,8816041671168,137.97140536057694,0.0
1,1,9372,8817453931520,137.99350729166667,0.0
1,1,9373,8818177730560,138.00483477564103,0.0
1,0,4687,8818577152192,138.01108574018428,nan
1,1,9374,8819315293184,138.02263767628205,0.0
1,1,9375,8819694628864,138.0285742948718,0.0
1,1,9376,8820762697216,138.04528960737179,0.0
1,1,9377,8821486285824,138.05661379807694,0.0
1,0,4689,8821886694989,138.06288021755122,nan
1,1,9378,8822624099840,138.07442063301283,0.0
1,1,9379,8823003467264,138.08035774839743,0.0
1,1,9380,8824071068160,138.0970657451923,0.0
1,1,9381,8824794696192,138.10839055288463,0.0
1,0,4691,8825191688179,138.11460349338628,nan
1,1,9382,8825932558336,138.12619814102564,0.0
1,1,9383,8826656281088,138.13752443108976,0.0
1,1,9384,8828068697600,138.15962880608976,0.0
1,1,9385,8828792690688,138.17095932692308,0.0
1,0,4693,8829531822520,138.18252676970653,nan
1,1,9386,8829925501952,138.18868786858974,0.0
1,1,9387,8830649430528,138.2000173798077,0.0
1,0,4694,8831019001175,138.20580117523977,nan
1,1,9388,8831760070656,138.2173989423077,0.0
1,1,9389,8832139557888,138.22333793269232,0.0
1,1,9390,8833207827456,138.24005639423078,0.0
1,1,9391,8833931696128,138.25138496794872,0.0
1,0,4696,8834670979844,138.26295478772286,nan
1,1,9392,8835064536064,138.26911395833335,0.0
1,1,9393,8835788265472,138.2804403525641,0.0
1,1,9394,8836856152576,138.29715282852564,0.0
1,1,9395,8837579729408,138.3084768349359,0.0
1,0,4698,8838317025484,138.32001554806442,nan
1,1,9396,8839056028672,138.3315809775641,0.0
1,1,9397,8839435497472,138.33751967948717,0.0
1,1,9398,8840847509504,138.35961772435897,0.0
1,1,9399,8841226914816,138.3655554326923,0.0
1,0,4700,8841626230882,138.37180474512346,nan
1,1,9400,8842364590592,138.38336010416668,0.0
1,1,9401,8842743906816,138.38929641826923,0.0
1,1,9402,8843811502592,138.40600433493591,0.0
1,1,9403,8844534969344,138.41732661858975,0.0
1,0,4702,8844930375187,138.42351473587428,nan
1,1,9404,8845667395584,138.43504913461538,0.0
1,1,9405,8846735276032,138.45176150641026,0.0
1,1,9406,8848147404288,138.4738613701923,0.0
1,1,9407,8848526841856,138.47979958333335,0.0
1,0,4704,8849263702518,138.4913314822153,nan
1,1,9408,8849659273728,138.4975221875,0.0
1,1,9409,8850382955520,138.50884783653848,0.0
1,1,9410,8851450776576,138.52555927884615,0.0
1,1,9411,8852174368768,138.53688352564103,0.0
1,0,4706,8852574243712,138.54314158453525,nan
1,1,9412,8853311926272,138.55468634615386,0.0
1,1,9413,8853691238912,138.56062260416667,0.0
1,1,9414,8854758905344,138.57733162660256,0.0
1,1,9415,8855482547712,138.58865665865386,0.0
1,0,4708,8856220497740,138.60020560615735,nan
1,1,9416,8856959248896,138.61176709134617,0.0
1,1,9417,8857682893312,138.62309215544872,0.0
1,1,9418,8858750845440,138.63980564903846,0.0
1,1,9419,8859130268672,138.64574363782052,0.0
1,0,4710,8859529613021,138.65199339288174,nan
1,1,9420,8860267975680,138.66354879807693,0.0
1,1,9421,8860647389184,138.6694866346154,0.0
1,1,9422,8861715183104,138.6861976522436,0.0
1,1,9423,8862438773248,138.6975218669872,0.0
1,0,4712,8862839058546,138.70378634793795,nan
1,1,9424,8863237438464,138.7100210096154,0.0
1,1,9425,8863960989184,138.7213446073718,0.0
1,1,9426,8865028495872,138.7380511298077,0.0
1,1,9427,8865407735808,138.74398625,0.0
1,0,4714,8866495112200,138.76100373409957,nan
1,1,9428,8867238851584,138.7726432852564,0.0
1,1,9429,8867618116096,138.7785787900641,0.0
1,1,9430,8868685952000,138.7952904647436,0.0
1,1,9431,8869409601536,138.80661560897437,0.0
1,0,4716,8869809461116,138.81287342742138,nan
1,1,9432,8870547345408,138.82442134615385,0.0
1,1,9433,8870926916096,138.83036164262822,0.0
1,1,9434,8871995154432,138.84707961538462,0.0
1,1,9435,8872718810112,138.85840485576924,0.0
1,0,4718,8873117703954,138.86464756037785,nan
1,1,9436,8873856398336,138.87620815705128,0.0
1,1,9437,8874235861504,138.88214677083334,0.0
1,1,9438,8875648157696,138.9042492628205,0.0
1,1,9439,8876371655680,138.91557203525642,0.0
1,0,4720,8876772254381,138.9218414209767,nan
1,1,9440,8877509116928,138.933373349359,0.0
1,1,9441,8878232741376,138.94469810096155,0.0
1,1,9442,8879300271104,138.96140498397438,0.0
1,1,9443,8879679447552,138.96733911057692,0.0
1,0,4722,8880416691850,138.97887701337766,nan
1,1,9444,8880811368448,138.98505371794872,0.0
1,1,9445,8881190656000,138.99098958333335,0.0
1,1,9446,8882263647232,139.00778193910256,0.0
1,1,9447,8882987243008,139.01910624198717,0.0
1,0,4724,8883385174530,139.02533388624926,nan
1,1,9448,8884124724224,139.03690786858974,0.0
1,1,9449,8884504092672,139.042845,0.0
1,1,9450,8885915875840,139.06493946314103,0.0
1,1,9451,8886983727104,139.08165137820512,0.0
1,0,4726,8887723966935,139.09323616121733,nan
1,1,9452,8888465599488,139.1048427403846,0.0
1,1,9453,8888845098496,139.1107819150641,0.0
1,1,9454,8889913283584,139.12749905448717,0.0
1,1,9455,8890637052928,139.13882607371795,0.0
1,0,4728,8891034677074,139.1450489075333,nan
1,1,9456,8891774636032,139.1566292948718,0.0
1,1,9457,8892154081792,139.16256763621794,0.0
1,1,9458,8893221576704,139.17927397435898,0.0
1,1,9459,8893945190912,139.19059856570513,0.0
1,0,4730,8894345584365,139.19686473928599,nan
1,1,9460,8894738647552,139.20301619391026,0.0
1,1,9461,8895462121984,139.2143385977564,0.0
1,0,4731,8896866756297,139.2363211810303,nan
1,1,9462,8897604525056,139.24786729166667,0.0
1,1,9463,8898333288448,139.25927246794873,0.0
1,1,9464,8899406249472,139.27606435096155,0.0
1,1,9465,8899785711616,139.28200294871795,0.0
1,0,4733,8900523216472,139.29354492926183,nan
1,1,9466,8900917762560,139.29971959134616,0.0
1,1,9467,8901641404416,139.31104461538462,0.0
1,1,9468,8902709155840,139.32775496794872,0.0
1,1,9469,8903432669696,139.33907798878207,0.0
1,0,4735,8903832533997,139.3453358811129,nan
1,1,9470,8904225742336,139.3514896073718,0.0
1,1,9471,8904954431488,139.36289362179488,0.0
1,1,9472,8906371324928,139.38506806089745,0.0
1,1,9473,8907094749184,139.39638967948719,0.0
1,0,4737,8907494011755,139.40263815471943,nan
1,1,9474,8908237719552,139.41427721153846,0.0
1,1,9475,8908617152512,139.4202153525641,0.0
1,1,9476,8909684956160,139.4369265224359,0.0
1,1,9477,8910408451584,139.4482492548077,0.0
1,0,4739,8910804204282,139.4544428003869,nan
1,1,9478,8911201995776,139.46066825320514,0.0
1,1,9479,8911925593600,139.47199258814103,0.0
1,1,9480,8912993544192,139.4887060576923,0.0
1,1,9481,8913372977664,139.49464420673078,0.0
1,0,4741,8914113977997,139.50624089162974,nan
1,1,9482,8914510844928,139.512451875,0.0
1,1,9483,8915234584064,139.52377842147436,0.0
1,1,9484,8916990248448,139.5512546394231,0.0
1,1,9485,8917713756160,139.56257756410255,0.0
1,0,4743,8918454057562,139.57416331070337,nan
1,1,9486,8918851292160,139.58038004807693,0.0
1,1,9487,8919919224320,139.59709322916666,0.0
1,1,9488,8920987015680,139.61380420673078,0.0
1,1,9489,8921710770688,139.62513100160257,0.0
1,0,4745,8922105934350,139.63131532874473,nan
1,1,9490,8922843060736,139.64285138621796,0.0
1,1,9491,8923222613504,139.6487914022436,0.0
1,1,9492,8924290699264,139.6655069871795,0.0
1,1,9493,8925014362112,139.67683233974358,0.0
1,0,4747,8925410436561,139.68303092073882,nan
1,1,9494,8926496446464,139.70002701923076,0.0
1,1,9495,8926875913216,139.70596568910256,0.0
1,1,9496,8928287980544,139.728064599359,0.0
1,1,9497,8929011676672,139.7393904727564,0.0
1,0,4749,8929408185734,139.74559585546248,nan
1,1,9498,8929805359616,139.7518116426282,0.0
1,1,9499,8930529017856,139.76313692307693,0.0
1,1,9500,8931596847104,139.77984849358975,0.0
1,1,9501,8931976288768,139.78578677083334,0.0
1,0,4751,8932713236788,139.7973200368715,nan
1,1,9502,8933108583424,139.8035072275641,0.0
1,1,9503,8933487999488,139.80944510416668,0.0
1,1,9504,8934555742208,139.8261553205128,0.0
1,1,9505,8935279230464,139.83747794070513,0.0
1,0,4753,8936018559702,139.8490484729004,nan
1,1,9506,8936755519488,139.86058192307692,0.0
1,1,9507,8937479178240,139.87190721153846,0.0
1,1,9508,8938547310080,139.88862351762822,0.0
1,1,9509,8939271192064,139.89995229967948,0.0
1,0,4755,8939670542483,139.90620214973646,nan
1,1,9510,8940064944640,139.91237455929488,0.0
1,1,9511,8940788612608,139.92369999198718,0.0
1,1,9512,8941861807616,139.94049553685898,0.0
1,1,9513,8942241174016,139.94643263621796,0.0
1,0,4757,8942980681260,139.95800595421426,nan
1,1,9514,8943373118464,139.9641476121795,0.0
1,1,9515,8944096798720,139.9754732371795,0.0
1,1,9516,8945508888064,139.99757249198717,0.0
1,1,9517,8945888389632,140.00351170673076,0.0
1,0,4759,8946625670660,140.01505018435748,nan
1,1,9518,8947020528640,140.0212297275641,0.0
1,1,9519,8947744264192,140.03255621794872,0.0
1,1,9520,8948812250624,140.04927024839745,0.0
1,1,9521,8949536035328,140.06059750801282,0.0
1,0,4761,8949935524247,140.06684952560033,nan
1,1,9522,8950329671168,140.07301794070514,0.0
1,1,9523,8951053256704,140.08434208333333,0.0
1,1,9524,8952121100800,140.10105388621795,0.0
1,1,9525,8952500426752,140.1069903525641,0.0
1,0,4763,8953240244045,140.11856852283967,nan
1,1,9526,8953632875520,140.12471322115385,0.0
1,1,9527,8954012262912,140.13065064903847,0.0
1,1,9528,8955769230848,140.1581472676282,0.0
1,1,9529,8956492990976,140.16947414262822,0.0
1,0,4765,8956893334275,140.17573953129695,nan
1,1,9530,8957636006400,140.1873623798077,0.0
1,1,9531,8958015328768,140.19329879006412,0.0
1,1,9532,8959427284992,140.21539596153846,0.0
1,1,9533,8959806594048,140.22133216346154,0.0
1,0,4767,8960203750043,140.227547670695,nan
1,1,9534,8960944610816,140.23914217147436,0.0
1,1,9535,8961324136448,140.24508176282052,0.0
1,1,9536,8962392239616,140.2617976201923,0.0
1,1,9537,8963115760128,140.2731207451923,0.0
1,0,4769,8963513620025,140.27934726852027,nan
1,1,9538,8964253467648,140.29092591346154,0.0
1,1,9539,8964977409024,140.30225562500002,0.0
1,1,9540,8966045438976,140.31897033653846,0.0
1,1,9541,8966769057792,140.330295,0.0
1,0,4771,8967165295081,140.33649612944774,nan
1,1,9542,8967906814464,140.3481009375,0.0
1,1,9543,8968286173184,140.35403791666667,0.0
1,1,9544,8969354166784,140.3707520592949,0.0
1,1,9545,8970077977088,140.38207971955129,0.0
1,0,4773,8970475747203,140.38830483778733,nan
1,1,9546,8971216118272,140.39989167467948,0.0
1,1,9547,8971595624448,140.40583096153847,0.0
1,1,9548,8972664080896,140.4225523477564,0.0
1,1,9549,8973388161024,140.43388423076922,0.0
1,0,4775,8973786659093,140.44012074151456,nan
1,1,9550,8974181973504,140.44630742788462,0.0
1,1,9551,8974905847296,140.45763608173078,0.0
1,1,9552,8976318302208,140.4797410576923,0.0
1,1,9553,8977041901568,140.49106541666666,0.0
1,0,4777,8977785336019,140.50270019560986,nan
1,1,9554,8978179741696,140.5088726602564,0.0
1,1,9555,8978903632384,140.52020157852564,0.0
1,1,9556,8979971802624,140.53691848557693,0.0
1,1,9557,8980351343104,140.54285830929487,0.0
1,0,4779,8981090528912,140.5544265968049,nan
1,1,9558,8981483811840,140.5605814903846,0.0
1,1,9559,8981863377920,140.5665217147436,0.0
1,1,9560,8983275769344,140.5886256971154,0.0
1,1,9561,8983655187968,140.59456361378204,0.0
1,0,4781,8984054576163,140.60081405503493,nan
1,1,9562,8984793085440,140.6123717548077,0.0
1,1,9563,8985861044736,140.62908536057694,0.0
1,1,9564,8986929140736,140.64580110576924,0.0
1,1,9565,8987997058048,140.6625140544872,0.0
1,0,4783,8988734385178,140.67405325361204,nan
1,1,9566,8989129379328,140.6802349278846,0.0
1,1,9567,8989508819968,140.68617318910256,0.0
1,1,9568,8990576781824,140.7028868349359,0.0
1,1,9569,8991300487680,140.71421286057694,0.0
1,0,4785,8991696816059,140.7204154155868,nan
1,1,9570,8992438432256,140.73202173878207,0.0
1,1,9571,8992817916416,140.73796068108976,0.0
1,1,9572,8993886311424,140.75468110576924,0.0
1,1,9573,8994610007552,140.76600697916666,0.0
1,0,4787,8995347286398,140.77754542264498,nan
1,1,9574,8995742355968,140.7837282772436,0.0
1,1,9575,8996465996288,140.7950532772436,0.0
1,1,9576,8997560564736,140.8121833173077,0.0
1,1,9577,8997939995136,140.81812141826924,0.0
1,1,9578,8999007513088,140.83482811698718,0.0
1,1,9579,8999730878976,140.8461488221154,0.0
1,0,4790,9000126188318,140.8523354291554,nan
1,1,9580,9000862898688,140.86386497596155,0.0
1,1,9581,9001242324480,140.8698030048077,0.0
1,1,9582,9002310387200,140.88651822916668,0.0
1,1,9583,9002689804800,140.8924561298077,0.0
1,0,4792,9003428541671,140.90401739143567,nan
1,1,9584,9003822114816,140.91017682692308,0.0
1,1,9585,9004545835008,140.92150307692307,0.0
1,1,9586,9005957649920,140.943598036859,0.0
1,1,9587,9006681158656,140.95492097756411,0.0
1,0,4794,9007078201507,140.9611347140894,nan
1,1,9588,9007823836672,140.9728039342949,0.0
1,1,9589,9008203121664,140.9787397596154,0.0
1,1,9590,9009270853120,140.99544979967948,0.0
1,1,9591,9009994320896,141.00677209935898,0.0
1,0,4796,9010391746090,141.01299181956756,nan
1,1,9592,9010792827904,141.01926876602565,0.0
1,1,9593,9011516398080,141.03059266826924,0.0
1,1,9594,9012584104960,141.04730232371796,0.0
1,1,9595,9012963666944,141.05324248397437,0.0
1,0,4798,9013700279759,141.06477050404084,nan
1,1,9596,9014096114176,141.07096532852566,0.0
1,1,9597,9014819707904,141.08228959935897,0.0
1,0,4799,9016221111710,141.10422162506887,nan
1,1,9598,9016962238976,141.11582029647437,0.0
1,1,9599,9017685790720,141.12714391025642,0.0
1,1,9600,9018753380352,141.14385173076923,0.0
1,1,9601,9019132767232,141.14978915064103,0.0
1,0,4801,9019871077720,141.161343739358,nan
1,1,9602,9020264894976,141.1675069951923,0.0
1,1,9603,9020644431872,141.1734467628205,0.0
1,1,9604,9021712592384,141.1901635176282,0.0
1,1,9605,9022436324864,141.2014899599359,0.0
1,0,4803,9022834087657,141.20771496358236,nan
1,1,9606,9023579338240,141.21937816506411,0.0
1,1,9607,9023958652928,141.2253144551282,0.0
1,1,9608,9025370606592,141.24741158653848,0.0
1,1,9609,9026099436032,141.25881779647437,0.0
1,0,4805,9026495679588,141.2650190240009,nan
1,1,9610,9027581169664,141.2820069871795,0.0
1,1,9611,9027960534016,141.28794405448718,0.0
1,1,9612,9029028521984,141.30465810897437,0.0
1,1,9613,9029752279552,141.31598494391025,0.0
1,0,4807,9030151575050,141.3222339344514,nan
1,1,9614,9030545822720,141.32840392628205,0.0
1,1,9615,9031269426176,141.33972834935898,0.0
1,1,9616,9032337258496,141.35643996794872,0.0
1,1,9617,9032716700672,141.36237825320512,0.0
1,0,4809,9033454982588,141.37393239476913,nan
1,1,9618,9033849141248,141.38010099358974,0.0
1,1,9619,9034573021696,141.39142975160257,0.0
1,1,9620,9035985412608,141.41353372596154,0.0
1,1,9621,9036709176320,141.42486065705128,0.0
1,0,4811,9037105361268,141.43106096736028,nan
1,1,9622,9037847459328,141.44267483173078,0.0
1,1,9623,9038571168256,141.4540009054487,0.0
1,1,9624,9039639049728,141.47071329326923,0.0
1,1,9625,9040018530816,141.4766521875,0.0
1,0,4813,9040755870497,141.48819158304852,nan
1,1,9626,9041151025664,141.4943757772436,0.0
1,1,9627,9041874776576,141.50570250801283,0.0
1,1,9628,9042942770176,141.52241665064102,0.0
1,1,9629,9043322315264,141.52835654647436,0.0
1,0,4815,9043718703297,141.53456003507173,nan
1,1,9630,9044460261888,141.54616545673076,0.0
1,1,9631,9045183988224,141.5574918028846,0.0
1,1,9632,9046252010496,141.57420639423077,0.0
1,1,9633,9046631462912,141.58014483974358,0.0
1,0,4817,9047369411699,141.5916937678254,nan
1,1,9634,9047763966464,141.59786856570514,0.0
1,1,9635,9048487657472,141.60919435897435,0.0
1,1,9636,9049555516928,141.6259064022436,0.0
1,1,9637,9049934938112,141.63184435897438,0.0
1,0,4819,9050332029448,141.63805885429187,nan
1,1,9638,9051072731648,141.64965087339743,0.0
1,1,9639,9051452180992,141.65558927083333,0.0
1,1,9640,9052519985152,141.67230044871795,0.0
1,1,9641,9053243564032,141.6836244871795,0.0
1,0,4821,9053640782754,141.689840976093,nan
1,1,9642,9054381287936,141.70142991185898,0.0
1,1,9643,9055105079808,141.71275728365384,0.0
1,1,9644,9056173176832,141.7294730448718,0.0
1,1,9645,9056552619520,141.73541133814103,0.0
1,0,4823,9057290295646,141.74695599906727,nan
1,1,9646,9057685109760,141.75313485576925,0.0
1,1,9647,9058408762368,141.76446004807693,0.0
1,1,9648,9059476657152,141.78117264423076,0.0
1,1,9649,9059856060416,141.78711032051282,0.0
1,0,4825,9060593654041,141.7986536902951,nan
1,1,9650,9060988213760,141.80482856570512,0.0
1,1,9651,9061711799296,141.81615270833333,0.0
1,1,9652,9062779875840,141.83286814903846,0.0
1,1,9653,9063159363072,141.83880713942307,0.0
1,0,4827,9063555971763,141.845014081327,nan
1,1,9654,9064297348608,141.85661665865385,0.0
1,1,9655,9064676921856,141.8625569951923,0.0
1,1,9656,9065745368576,141.87927822916666,0.0
1,1,9657,9066469546496,141.89061164262822,0.0
1,0,4829,9066870112808,141.89688052145934,nan
1,1,9658,9067607836672,141.90842592948718,0.0
1,1,9659,9067987417600,141.91436638621795,0.0
1,1,9660,9069055456768,141.9310812419872,0.0
1,1,9661,9069779112960,141.94240649038463,0.0
1,0,4831,9070174903258,141.94860062440532,nan
1,1,9662,9070572955136,141.9548301522436,0.0
1,1,9663,9071296941056,141.96616056089744,0.0
1,1,9664,9072365291520,141.98288028846153,0.0
1,1,9665,9072744958464,141.98882209134615,0.0
1,0,4833,9073484910444,142.00040236947868,nan
1,1,9666,9073877820416,142.00655142628204,0.0
1,1,9667,9074601792000,142.01788161057692,0.0
1,1,9668,9075670158848,142.03460159455128,0.0
1,1,9669,9076394043392,142.04593041666666,0.0
1,0,4835,9076794143500,142.05219199938654,nan
1,1,9670,9077532578816,142.06374854166668,0.0
1,1,9671,9077912275456,142.06969080929488,0.0
1,1,9672,9078980534272,142.08640910256412,0.0
1,1,9673,9079704609792,142.09774091346154,0.0
1,0,4837,9080104615576,142.10400102000702,nan
1,1,9674,9080498324480,142.11016258012822,0.0
1,1,9675,9081222243840,142.1214919471154,0.0
1,1,9676,9082290489856,142.1382100400641,0.0
1,1,9677,9082669946880,142.14414855769232,0.0
1,0,4839,9083068587042,142.1503872921988,nan
1,1,9678,9083807917568,142.1619578445513,0.0
1,1,9679,9084187326976,142.16789561698718,0.0
1,1,9680,9085599661568,142.1899987099359,0.0
1,1,9681,9085979197440,142.19593846153847,0.0
1,0,4841,9086726769063,142.2076379873892,nan
1,1,9682,9087122538496,142.2138317948718,0.0
1,1,9683,9087501984768,142.21977014423078,0.0
1,1,9684,9088570072064,142.23648575320513,0.0
1,1,9685,9089293995520,142.24781518429486,0.0
1,0,4843,9089691090742,142.25402974042845,nan
1,1,9686,9090431693312,142.2656202003205,0.0
1,1,9687,9090811102720,142.27155797275643,0.0
1,1,9688,9091878916608,142.28826930288463,0.0
1,1,9689,9092602521600,142.29959375,0.0
1,0,4845,9093003296955,142.30586590036245,nan
1,1,9690,9093395890688,142.31201000801283,0.0
1,1,9691,9094119547904,142.3233352724359,0.0
1,1,9692,9095531308032,142.345429375,0.0
1,1,9693,9095910537728,142.3513643349359,0.0
1,0,4847,9096650177159,142.36293972166405,nan
1,1,9694,9097047824896,142.3691629246795,0.0
1,1,9695,9097771357696,142.38048624198717,0.0
1,1,9696,9098839054336,142.3971957371795,0.0
1,1,9697,9099218504192,142.4031341426282,0.0
1,0,4849,9099614750222,142.40933540887295,nan
1,1,9698,9100356399104,142.42094224358974,0.0
1,1,9699,9100735925760,142.42688185096154,0.0
1,1,9700,9101804072960,142.4435983974359,0.0
1,1,9701,9102528044032,142.45492857371795,0.0
1,0,4851,9102925227424,142.46114450971555,nan
1,1,9702,9103321658880,142.46734867788462,0.0
1,1,9703,9104045583872,142.47867813301283,0.0
1,1,9704,9105458516480,142.5007905849359,0.0
1,1,9705,9106182487552,142.51212076121794,0.0
1,0,4853,9106923112265,142.52371156764886,nan
1,1,9706,9107320555520,142.52993157051282,0.0
1,1,9707,9107700218368,142.53587330929489,0.0
1,1,9708,9108768242176,142.5525879246795,0.0
1,1,9709,9109491995648,142.56391469551284,0.0
1,0,4855,9109891359939,142.57016476266713,nan
1,1,9710,9110630301696,142.58172923076924,0.0
1,1,9711,9111009834496,142.58766893429487,0.0
1,1,9712,9112078263808,142.60438989583335,0.0
1,1,9713,9112802038272,142.61571699519232,0.0
1,0,4857,9113201317459,142.62196573046563,nan
1,1,9714,9113595481088,142.62813440705128,0.0
1,1,9715,9114319323648,142.63946257211538,0.0
1,1,9716,9115387495936,142.65617951121794,0.0
1,1,9717,9116111227392,142.6675059375,0.0
1,0,4859,9116507127801,142.67370179476225,nan
1,1,9718,9117248826368,142.68530940705128,0.0
1,1,9719,9117628281344,142.6912478926282,0.0
1,1,9720,9118717666304,142.70829681089745,0.0
1,1,9721,9119097188864,142.71423635416667,0.0
1,1,9722,9120165343232,142.73095301282052,0.0
1,1,9723,9120889319424,142.74228326923077,0.0
1,0,4862,9121287725462,142.74851833968725,nan
1,1,9724,9121683103744,142.75470602564104,0.0
1,1,9725,9122406858752,142.76603282051283,0.0
1,1,9726,9123474707968,142.78274470352565,0.0
1,1,9727,9124198337536,142.79406953525643,0.0
1,0,4864,9124597985060,142.80032403501855,nan
1,1,9728,9125336273408,142.8118782772436,0.0
1,1,9729,9126059981312,142.8232043349359,0.0
1,1,9730,9127128204800,142.83992207532052,0.0
1,1,9731,9127852066304,142.85125053685897,0.0
1,0,4866,9128249388246,142.85746864116962,nan
1,1,9732,9128990166016,142.86906184294872,0.0
1,1,9733,9129369652736,142.8750008253205,0.0
1,1,9734,9130437706752,142.89171591346155,0.0
1,1,9735,9131161488896,142.90304313301283,0.0
1,0,4868,9131558724710,142.90925988941683,nan
1,1,9736,9131955085312,142.91546294871796,0.0
1,1,9737,9132678862336,142.92679008814102,0.0
1,1,9738,9133746890752,142.94350477564103,0.0
1,1,9739,9134126409216,142.9494442548077,0.0
1,0,4870,9135209639458,142.96639685149364,nan
1,1,9740,9135947502080,142.97794443108975,0.0
1,1,9741,9136671550464,142.98927581730769,0.0
1,1,9742,9137760741376,143.00632169871795,0.0
1,1,9743,9138484220928,143.01764418269232,0.0
1,1,9744,9139552182272,143.03435782051284,0.0
1,1,9745,9139931753984,143.0402981330128,0.0
1,0,4873,9140673024508,143.05189904641176,nan
1,1,9746,9141070129152,143.05811375000002,0.0
1,1,9747,9141449699840,143.06405404647435,0.0
1,1,9748,9142517794816,143.08076977564102,0.0
1,1,9749,9143241604096,143.0920974198718,0.0
1,0,4875,9143642245472,143.09836747345753,nan
1,1,9750,9144379478016,143.1099051923077,0.0
1,1,9751,9145448063488,143.12662859775642,0.0
1,1,9752,9146860623872,143.14873522435897,0.0
1,1,9753,9147240211968,143.15467579326923,0.0
1,0,4877,9147977617737,143.1662162230976,nan
1,1,9754,9148372771840,143.17240040064104,0.0
1,1,9755,9149096745472,143.1837306169872,0.0
1,1,9756,9150165023744,143.2004492147436,0.0
1,1,9757,9150544568832,143.20638911057694,0.0
1,0,4879,9151282998003,143.21794555668757,nan
1,1,9758,9151677094912,143.22411318910258,0.0
1,1,9759,9152401072128,143.23544346153847,0.0
1,1,9760,9153469306368,143.2521613701923,0.0
1,1,9761,9154192850944,143.26348487179487,0.0
1,0,4881,9154930344647,143.27502667779385,nan
1,1,9762,9155325285888,143.28120752403848,0.0
1,1,9763,9156049096704,143.2925351923077,0.0
1,1,9764,9157117216256,143.30925130608975,0.0
1,1,9765,9157841089536,143.3205799519231,0.0
1,0,4883,9158240693326,143.32683376724634,nan
1,1,9766,9158979107840,143.33838998397437,0.0
1,1,9767,9159358574592,143.34432865384616,0.0
1,1,9768,9160426713600,143.3610450721154,0.0
1,1,9769,9161150549504,143.37237313301281,0.0
1,0,4885,9161546207238,143.3785651924016,nan
1,1,9770,9162283173376,143.39009874198717,0.0
1,1,9771,9162662683136,143.3960380849359,0.0
1,1,9772,9163730584576,143.4127507852564,0.0
1,1,9773,9164454185472,143.42407516826924,0.0
1,0,4887,9165194012611,143.43565349263508,nan
1,1,9774,9165930855424,143.44718511217948,0.0
1,1,9775,9166654585344,143.4585115144231,0.0
1,1,9776,9167722896384,143.475230625,0.0
1,1,9777,9168446743552,143.4865588621795,0.0
1,0,4889,9168846010208,143.49280740134216,nan
1,1,9778,9169584576000,143.50436598557692,0.0
1,1,9779,9169964139008,143.51030616185898,0.0
1,1,9780,9171032345088,143.5270236298077,0.0
1,1,9781,9171411959296,143.5329646073718,0.0
1,0,4891,9172151506203,143.54453854609562,nan
1,1,9782,9172544979968,143.55069642628206,0.0
1,1,9783,9173268959232,143.56202673076925,0.0
1,1,9784,9174337138176,143.57874377403846,0.0
1,1,9785,9175405329408,143.59546100961538,0.0
1,0,4893,9176143905505,143.60701975512382,nan
1,1,9786,9176538097664,143.61318887820514,0.0
1,1,9787,9177261776896,143.62451448717948,0.0
1,1,9788,9178674100736,143.64661741185898,0.0
1,1,9789,9179053533184,143.6525555448718,0.0
1,0,4895,9179790754482,143.6640930877216,nan
1,1,9790,9180185869824,143.67027665865385,0.0
1,1,9791,9180565353984,143.67621560096154,0.0
1,1,9792,9181633604096,143.69293375801283,0.0
1,1,9793,9182357420544,143.70426151442308,0.0
1,0,4897,9182754301512,143.71047271747295,nan
1,1,9794,9183495582208,143.72207379006412,0.0
1,1,9795,9183875132928,143.72801377403846,0.0
1,1,9796,9185287642624,143.7501196073718,0.0
1,1,9797,9186011454464,143.76144729166668,0.0
1,0,4899,9186411202516,143.76770336469602,nan
1,1,9798,9187149765632,143.77926190705128,0.0
1,1,9799,9187529421824,143.78520354166668,0.0
1,1,9800,9188597862912,143.8019246875,0.0
1,1,9801,9189321569280,143.81325072115385,0.0
1,0,4901,9189721405790,143.81950817855443,nan
1,1,9802,9190459410944,143.83105798878205,0.0
1,1,9803,9190838822912,143.83699580128206,0.0
1,1,9804,9191906669568,143.85370764423078,0.0
1,1,9805,9192286109696,143.8596458974359,0.0
1,0,4903,9193026445070,143.87123217569987,nan
1,1,9806,9193423857152,143.87745169070513,0.0
1,1,9807,9194147474432,143.88877633012822,0.0
1,1,9808,9195903587328,143.9162595673077,0.0
1,1,9809,9196627333120,143.92758621794871,0.0
1,0,4905,9197025762501,143.9338216537241,nan
1,1,9810,9197765073920,143.9453919070513,0.0
1,1,9811,9198144519168,143.9513302403846,0.0
1,1,9812,9199212759552,143.9680482451923,0.0
1,1,9813,9199936525312,143.97937520833335,0.0
1,0,4907,9200332587123,143.98557359154336,nan
1,1,9814,9200730239488,143.9917968669872,0.0
1,1,9815,9201453953024,144.0031230128205,0.0
1,1,9816,9202522389504,144.01984408653846,0.0
1,1,9817,9202901986304,144.02578479166667,0.0
1,0,4909,9203638884891,144.0373172840764,nan
1,1,9818,9204034224640,144.04350436698718,0.0
1,1,9819,9204757869056,144.05482943108976,0.0
1,1,9820,9206196613632,144.07734584134616,0.0
1,1,9821,9207264452608,144.09405756410257,0.0
1,1,9822,9208332278784,144.11076908653845,0.0
1,1,9823,9209744366080,144.13286830929488,0.0
1,0,4912,9210139919375,144.1390587342091,nan
1,1,9824,9210876563968,144.15058725160256,0.0
1,1,9825,9211605476864,144.16199476762822,0.0
1,1,9826,9212673347584,144.17870698717948,0.0
1,1,9827,9213397258752,144.19003622596153,0.0
1,0,4914,9213797601687,144.19630160893368,nan
1,1,9828,9214535282176,144.20784633814102,0.0
1,1,9829,9215258851328,144.21917022435898,0.0
1,1,9830,9216670688256,144.24126552884616,0.0
1,1,9831,9217050156032,144.2472042147436,0.0
1,0,4916,9217449266512,144.2534503097456,nan
1,1,9832,9218187889152,144.26500978365385,0.0
1,1,9833,9218567235584,144.27094657051282,0.0
1,1,9834,9219634912256,144.28765575320514,0.0
1,1,9835,9220358445568,144.29897907852563,0.0
1,0,4918,9220754522888,144.30517770445212,nan
1,1,9836,9221151853568,144.31139594551283,0.0
1,1,9837,9221875689984,144.32272401442307,0.0
1,1,9838,9222943396864,144.3394336698718,0.0
1,1,9839,9223322826240,144.3453717548077,0.0
1,0,4920,9223718457492,144.3515633997521,nan
1,1,9840,9224454860288,144.36308813301284,0.0
1,1,9841,9225178302464,144.3744100320513,0.0
1,1,9842,9226590284288,144.39650760416666,0.0
1,1,9843,9227313792000,144.40783052884615,0.0
1,0,4922,9227711670380,144.4140573414338,nan
1,1,9844,9228107240960,144.42024803685896,0.0
1,1,9845,9228830912512,144.43157352564103,0.0
1,1,9846,9229898786816,144.44828580128205,0.0
1,1,9847,9230278341120,144.45422584134616,0.0
1,0,4924,9231017786907,144.46579819753794,nan
1,1,9848,9231410580992,144.47194544070513,0.0
1,1,9849,9232134206976,144.48327021634617,0.0
1,1,9850,9232857978880,144.49459727564104,0.0
1,1,9851,9233581587968,144.50592178685898,0.0
1,0,4926,9233981360561,144.51217824395596,nan
1,1,9852,9235063434752,144.52911274839744,0.0
1,1,9853,9235787015680,144.54043681891025,0.0
1,1,9854,9236854688768,144.55714594551281,0.0
1,1,9855,9237583578624,144.56855310096154,0.0
1,0,4928,9237979622762,144.5747512075884,nan
1,1,9856,9238721537536,144.58636220352565,0.0
1,1,9857,9239101015040,144.59230104166667,0.0
1,1,9858,9240168931328,144.609013974359,0.0
1,1,9859,9240892370432,144.62033582532052,0.0
1,0,4930,9241290331394,144.62656393031978,nan
1,1,9860,9241685939200,144.63275520833335,0.0
1,1,9861,9242409667584,144.64408158653848,0.0
1,1,9862,9243477851136,144.66079870192308,0.0
1,1,9863,9243857455616,144.6667395272436,0.0
1,0,4932,9244595570358,144.6782910525278,nan
1,1,9864,9245334183424,144.68985037660258,0.0
1,1,9865,9245713723904,144.69579020032052,0.0
1,1,9866,9247125831680,144.71788974358975,0.0
1,1,9867,9247505243136,144.72382754807694,0.0
1,0,4934,9247903090274,144.73005387172603,nan
1,1,9868,9248643057664,144.74163439102566,0.0
1,1,9869,9249022658560,144.74757516025642,0.0
1,1,9870,9250090798592,144.76429159455128,0.0
1,1,9871,9250814660096,144.77562005608974,0.0
1,0,4936,9251210196490,144.78181021650266,nan
1,1,9872,9251947198464,144.7933443269231,0.0
1,1,9873,9252326875648,144.79928629006412,0.0
1,1,9874,9253394964992,144.81600193108974,0.0
1,1,9875,9253774393344,144.82194,0.0
1,0,4938,9254515764672,144.8335424909856,nan
1,1,9876,9255256117248,144.84512903846155,0.0
1,1,9877,9255979858432,144.85645561698718,0.0
1,1,9878,9257392058880,144.87855661057694,0.0
1,1,9879,9258120996864,144.88996451923077,0.0
1,0,4940,9258520858960,144.89622237705328,nan
1,1,9880,9259258926592,144.9077731650641,0.0
1,1,9881,9259638399488,144.91371193108975,0.0
1,1,9882,9260706332672,144.93042512820514,0.0
1,1,9883,9261430029312,144.9417510096154,0.0
1,0,4942,9261827621626,144.94797334525867,nan
1,1,9884,9262223539712,144.95416947916667,0.0
1,1,9885,9262947437568,144.9654985096154,0.0
1,1,9886,9264015536640,144.9822143028846,0.0
1,1,9887,9265083651584,144.9989303445513,0.0
1,0,4944,9265822869187,145.01049912965433,nan
1,1,9888,9266560565760,145.02204411057693,0.0
1,1,9889,9267284749312,145.0333776121795,0.0
1,1,9890,9268352994304,145.05009568910256,0.0
1,1,9891,9268732530688,145.05603544871795,0.0
1,0,4946,9269129392745,145.06224635580992,nan
1,1,9892,9269870459904,145.07384408653846,0.0
1,1,9893,9270249865216,145.0797817948718,0.0
1,1,9894,9271317841408,145.0964956650641,0.0
1,1,9895,9272041589248,145.1078223477564,0.0
1,1,9896,9272819466240,145.11999615384616,0.0
1,1,9897,9273543025664,145.13131988782052,0.0
1,1,9898,9274954736640,145.15341322115384,0.0
1,1,9899,9275334191104,145.15935169871796,0.0
1,0,4950,9276075469846,145.17095274072892,nan
1,1,9900,9276471672832,145.17715333333334,0.0
1,1,9901,9277195408384,145.18847982371796,0.0
1,1,9902,9278263457280,145.20519483173078,0.0
1,1,9903,9278987180032,145.21652112179487,0.0
1,0,4952,9279386040243,145.222763300077,nan
1,1,9904,9279780586496,145.2289379647436,0.0
1,1,9905,9280504333824,145.2402646394231,0.0
1,1,9906,9281572116992,145.25697548878205,0.0
1,1,9907,9281951448576,145.26291204326924,0.0
1,0,4954,9282350003018,145.26914943625425,nan
1,1,9908,9283089359872,145.28072040064103,0.0
1,1,9909,9283468653056,145.28665635416667,0.0
1,1,9910,9284880616960,145.30875364583335,0.0
1,1,9911,9285260144640,145.3146932692308,0.0
1,0,4956,9286001869058,145.326301286089,nan
1,1,9912,9286742439936,145.33789125,0.0
1,1,9913,9287121953792,145.34383065705129,0.0
1,1,9914,9288190074880,145.3605467948718,0.0
1,1,9915,9288913940992,145.37187532852565,0.0
1,0,4958,9289312338583,145.37811026678625,nan
1,1,9916,9289707436544,145.38429356570512,0.0
1,1,9917,9290431060992,145.3956183173077,0.0
1,1,9918,9291499030528,145.41233208333333,0.0
1,1,9919,9291878479360,145.4182704727564,0.0
1,0,4960,9292617816663,145.42984113116924,nan
1,1,9920,9293010810368,145.43599149839744,0.0
1,1,9921,9293390248960,145.44192972756412,0.0
1,1,9922,9294802265600,145.46402784455128,0.0
1,1,9923,9295181756416,145.46996689102565,0.0
1,0,4962,9295922763287,145.48156367824458,nan
1,1,9924,9296319530496,145.48777310096153,0.0
1,1,9925,9297043082240,145.4990967147436,0.0
1,1,9926,9298111049728,145.51581044871796,0.0
1,1,9927,9298490452480,145.5217481169872,0.0
1,0,4964,9299227609550,145.53328465466623,nan
1,1,9928,9299622752256,145.53946865384617,0.0
1,1,9929,9300346540032,145.55079596153846,0.0
1,1,9930,9301414692352,145.56751258814103,0.0
1,1,9931,9301794119680,145.57345064102566,0.0
1,0,4966,9302533943165,145.58502890820625,nan
1,1,9932,9302926336512,145.5911698798077,0.0
1,1,9933,9303650012672,145.60249544070513,0.0
1,1,9934,9305061953536,145.62459237179488,0.0
1,1,9935,9305785649152,145.63591823717948,0.0
1,0,4968,9306186387759,145.64218981243428,nan
1,1,9936,9306923365888,145.65372354967948,0.0
1,1,9937,9307647108096,145.66505014423078,0.0
1,1,9938,9308371056640,145.67637996794872,0.0
1,1,9939,9309094991872,145.68770958333334,0.0
1,0,4970,9309491525860,145.69391535613232,nan
1,1,9940,9310232770560,145.70551586538463,0.0
1,1,9941,9310612271104,145.71145506410258,0.0
1,1,9942,9311680541184,145.72817353365386,0.0
1,1,9943,9312404306432,145.73950048878206,0.0
1,0,4972,9312801848445,145.74572203721266,nan
1,1,9944,9313542130688,145.75730748397436,0.0
1,1,9945,9313921528320,145.76324507211538,0.0
1,1,9946,9315333450752,145.7853417147436,0.0
1,1,9947,9316056826880,145.7966625801282,0.0
1,0,4974,9316794331231,145.8082045527688,nan
1,1,9948,9317188657664,145.81437577724358,0.0
1,1,9949,9317912072704,145.82569725160258,0.0
1,1,9950,9318979453440,145.8424018028846,0.0
1,1,9951,9319358613504,145.84833567307692,0.0
1,0,4976,9320098138659,145.8599092713811,nan
1,1,9952,9320495923712,145.86613462339744,0.0
1,1,9953,9321219386368,145.87745684294873,0.0
1,1,9954,9322286985216,145.8941648076923,0.0
1,1,9955,9322666422784,145.90010302083334,0.0
1,0,4978,9323402810325,145.9116275153527,nan
1,1,9956,9323798868992,145.917825849359,0.0
1,1,9957,9324522471424,145.92915025641025,0.0
1,1,9958,9326278563328,145.95663316506412,0.0
1,1,9959,9327002009088,145.9679551201923,0.0
1,0,4980,9327400734100,145.97419518260466,nan
1,1,9960,9328139611136,145.9857586378205,0.0
1,1,9961,9328518988800,145.99169591346154,0.0
1,1,9962,9329586738688,146.0084062419872,0.0
1,1,9963,9330310267392,146.0197294951923,0.0
1,0,4982,9330706007372,146.02592284173429,nan
1,1,9964,9331103614464,146.03214540865386,0.0
1,1,9965,9331827528192,146.0434746875,0.0
1,1,9966,9332895498752,146.0601884695513,0.0
1,1,9967,9333274906112,146.0661262099359,0.0
1,0,4984,9334017349349,146.07774547634028,nan
1,1,9968,9334756558336,146.08931412660257,0.0
1,1,9969,9335824293888,146.10602423076924,0.0
1,1,9970,9336892258304,146.12273791666667,0.0
1,1,9971,9337271693824,146.12867609775643,0.0
1,0,4986,9338011617970,146.1402559402857,nan
1,1,9972,9338404308480,146.14640156250002,0.0
1,1,9973,9338783768576,146.15234012820514,0.0
1,1,9974,9339851654656,146.16905258814103,0.0
1,1,9975,9340575590912,146.1803822195513,0.0
1,0,4988,9340976302658,146.18665337443034,nan
1,1,9976,9341713161728,146.19818524839744,0.0
1,1,9977,9342092569088,146.20412298878205,0.0
1,1,9978,9343160519680,146.22083645833334,0.0
1,1,9979,9343884331520,146.23216414262822,0.0
1,0,4990,9344971094033,146.24917201949683,nan
1,1,9980,9345710582784,146.26074504807693,0.0
1,1,9981,9346089972224,146.26668250801282,0.0
1,1,9982,9347501947392,146.28877997596155,0.0
1,1,9983,9347881354752,146.29471771634616,0.0
1,0,4992,9348618474467,146.30625366941794,nan
1,1,9984,9349013734400,146.31243950320513,0.0
1,1,9985,9349737319936,146.32376364583334,0.0
1,1,9986,9350804939776,146.34047193910257,0.0
1,1,9987,9351184421376,146.34641084134617,0.0
1,0,4994,9351923863965,146.3579831474891,nan
1,1,9988,9352316644352,146.36413017628206,0.0
1,1,9989,9353040079360,146.37545196314102,0.0
1,1,9990,9354108116480,146.39216678685898,0.0
1,1,9991,9354831776768,146.40349209935897,0.0
1,0,4996,9355229718353,146.4097199011074,nan
1,1,9992,9355969630208,146.42129955128206,0.0
1,1,9993,9356693260288,146.43262439102566,0.0
1,1,9994,9357761513984,146.44934260416667,0.0
1,1,9995,9358141076992,146.45528278044873,0.0
1,0,4998,9358883303161,146.4668986497302,nan
1,1,9996,9359278996480,146.47309126602565,0.0
1,1,9997,9360002696704,146.48441720352565,0.0
1,1,9998,9361070896128,146.5011345673077,0.0
1,1,9999,9361450397696,146.5070737820513,0.0
1,0,5000,9362188155581,146.51861972250916,nan
1,1,10000,9362583390720,146.52480516826924,0.0
1,1,10001,9362963010560,146.53074623397436,0.0
1,1,10002,9364375545856,146.55285246794872,0.0
1,1,10003,9365099430400,146.5641812900641,0.0
1,0,5002,9365840661100,146.57578158021585,nan
1,1,10004,9366237562368,146.58199310096154,0.0
1,1,10005,9366961458688,146.5933221073718,0.0
1,1,10006,9368029966336,146.6100442948718,0.0
1,1,10007,9368409625088,146.61598596955128,0.0
1,0,5004,9369146888740,146.62752417524288,nan
1,1,10008,9369542650880,146.63371786858974,0.0
1,1,10009,9370266665472,146.64504872596154,0.0
1,1,10010,9371335144448,146.6617704647436,0.0
1,1,10011,9371714752512,146.66771134615385,0.0
1,0,5006,9372452947417,146.6792641259922,nan
1,1,10012,9372847715840,146.68544226762822,0.0
1,1,10013,9373227349504,146.6913835496795,0.0
1,1,10014,9374639910400,146.71349018429487,0.0
1,1,10015,9375363680768,146.72481721955128,0.0
1,0,5008,9375764425579,146.7310888918989,nan
1,1,10016,9376502001664,146.7426319871795,0.0
1,1,10017,9376881494528,146.74857106570514,0.0
1,1,10018,9377949622272,146.76528730769232,0.0
1,1,10019,9378673456128,146.77661533653847,0.0
1,0,5010,9379069354281,146.7828111584942,nan
1,1,10020,9379811617280,146.79442760416666,0.0
1,1,10021,9380191098880,146.80036650641026,0.0
1,1,10022,9381259042304,146.81707986378206,0.0
1,1,10023,9381982751744,146.82840594551283,0.0
1,0,5012,9382380876992,146.83463662159457,nan
1,1,10024,9382776494592,146.84082805288463,0.0
1,1,10025,9383500471296,146.8521583173077,0.0
1,1,10026,9384913124352,146.87426639423077,0.0
1,1,10027,9385292692480,146.88020665064104,0.0
1,0,5014,9386033516670,146.891800578895,nan
1,1,10028,9386430664704,146.89801596153848,0.0
1,1,10029,9387154327040,146.90934130608974,0.0
1,1,10030,9388222437376,146.92605727564103,0.0
1,1,10031,9388602027008,146.93199786858975,0.0
1,0,5016,9389339523118,146.94353971225837,nan
1,1,10032,9389734563328,146.9497221073718,0.0
1,1,10033,9390458309632,146.96104876602564,0.0
1,1,10034,9391526207488,146.97776141025642,0.0
1,1,10035,9391905613824,146.9836991346154,0.0
1,0,5018,9392304068555,146.98993496711927,nan
1,1,10036,9393043567616,147.0015081570513,0.0
1,1,10037,9393423180288,147.0074491105769,0.0
1,1,10038,9394835298816,147.0295488221154,0.0
1,1,10039,9395214732288,147.03548697115386,0.0
1,0,5020,9395951866271,147.0470231475204,nan
1,1,10040,9396347402752,147.05321330929488,0.0
1,1,10041,9397071406080,147.0645439903846,0.0
1,1,10042,9398139709952,147.08126298878204,0.0
1,1,10043,9398519266816,147.08720306891027,0.0
1,0,5022,9398916938551,147.09342664749536,nan
1,1,10044,9399657508352,147.10501659455127,0.0
1,1,10045,9400037136896,147.11095779647437,0.0
1,1,10046,9401105388032,147.1276759695513,0.0
1,1,10047,9401829102592,147.13900213141025,0.0
1,0,5024,9402228171461,147.14524757519845,nan
1,1,10048,9402622749184,147.1514227323718,0.0
1,1,10049,9403346642944,147.16275169871795,0.0
1,1,10050,9404759266304,147.18485931089745,0.0
1,1,10051,9405138737152,147.1907980448718,0.0
1,0,5026,9405875679907,147.2023312285125,nan
1,1,10052,9406615504384,147.21390951121796,0.0
1,1,10053,9406995074048,147.21984979166666,0.0
1,1,10054,9408063296000,147.23656750801283,0.0
1,1,10055,9408787186688,147.24789642628207,0.0
1,0,5028,9409186636874,147.25414783769656,nan
1,1,10056,9409580645888,147.2603140945513,0.0
1,1,10057,9410304522240,147.27164278846155,0.0
1,1,10058,9411372906496,147.2883630448718,0.0
1,1,10059,9411752607744,147.2943053846154,0.0
1,0,5030,9412492178435,147.30587969555978,nan
1,1,10060,9412885124608,147.31202931891025,0.0
1,1,10061,9413609037824,147.3233585897436,0.0
1,1,10062,9414677515776,147.3400803125,0.0
1,1,10063,9415401538048,147.3514112900641,0.0
1,0,5032,9415797424580,147.35760693015075,nan
1,1,10064,9416539459072,147.36921979967948,0.0
1,1,10065,9416918993920,147.37515953525642,0.0
1,1,10066,9418331429376,147.39726420673077,0.0
1,1,10067,9418710982656,147.40320423076923,0.0
1,0,5034,9419450108283,147.4147715764442,nan
1,1,10068,9419843528704,147.42092862179487,0.0
1,1,10069,9420567324672,147.4322560576923,0.0
1,1,10070,9421635582464,147.4489743349359,0.0
1,1,10071,9422015192576,147.45491524839744,0.0
1,0,5036,9422413463321,147.46114820151305,nan
1,1,10072,9423153345024,147.4727273798077,0.0
1,1,10073,9423877045760,147.48405332532053,0.0
1,1,10074,9424945165312,147.50076943910256,0.0
1,1,10075,9425669005824,147.51209757211538,0.0
1,0,5038,9426406601979,147.52364098149226,nan
1,1,10076,9427146180608,147.53521541666666,0.0
1,1,10077,9427525693440,147.54115480769232,0.0
1,1,10078,9428594115584,147.55787565705128,0.0
1,1,10079,9429318083072,147.56920577724358,0.0
1,0,5040,9429718349470,147.57546996240862,nan
1,1,10080,9430111820800,147.5816278044872,0.0
1,1,10081,9430835536896,147.59295399038461,0.0
1,1,10082,9431903767040,147.6096718349359,0.0
1,1,10083,9432283322880,147.61561189903847,0.0
1,0,5042,9433025069645,147.62722026562813,nan
1,1,10084,9433765728768,147.63881161057694,0.0
1,1,10085,9434489500160,147.650138661859,0.0
1,1,10086,9435902006784,147.6722444471154,0.0
1,1,10087,9436281540608,147.67818416666668,0.0
1,0,5044,9437019106867,147.68972710816996,nan
1,1,10088,9437758634496,147.7013007451923,0.0
1,1,10089,9438138141184,147.7072400400641,0.0
1,1,10090,9439206264320,147.7239562099359,0.0
1,1,10091,9439930193408,147.73528572916666,0.0
1,0,5046,9440330061269,147.74154367721167,nan
1,1,10092,9441068425728,147.75309911057693,0.0
1,1,10093,9441448084480,147.75904078525642,0.0
1,1,10094,9442516515328,147.77576177083333,0.0
1,1,10095,9443240388096,147.78709040865385,0.0
1,0,5048,9443636158351,147.7932842290008,nan
1,1,10096,9444378460672,147.8049012900641,0.0
1,1,10097,9445102275584,147.8162290224359,0.0
1,1,10098,9446170589696,147.83294818108976,0.0
1,1,10099,9446894434816,147.84427638621796,0.0
1,0,5050,9447634990419,147.8558661110746,nan
1,1,10100,9448376581632,147.86747204326923,0.0
1,1,10101,9449100390400,147.87879967948717,0.0
1,1,10102,9450168670208,147.89551830128207,0.0
1,1,10103,9450548071936,147.90145595352564,0.0
1,0,5052,9451286967057,147.91301969177246,nan
1,1,10104,9451680250368,147.91917459134615,0.0
1,1,10105,9452403916288,147.93049999198718,0.0
1,1,10106,9453472011264,147.94721572115384,0.0
1,1,10107,9454195800064,147.9585430448718,0.0
1,0,5054,9454933236464,147.97008395407653,nan
1,1,10108,9456016796160,147.98704170673076,0.0
1,1,10109,9456740450304,147.99836692307693,0.0
1,1,10110,9458152716288,148.0204689423077,0.0
1,1,10111,9458532131840,148.02640681089744,0.0
1,0,5056,9459272822487,148.0379986491981,nan
1,1,10112,9459670211584,148.04421780448718,0.0
1,1,10113,9460393927680,148.05554399038462,0.0
1,1,10114,9461461679616,148.07225435096154,0.0
1,1,10115,9461841071104,148.0781918429487,0.0
1,0,5058,9462237561466,148.08439693299906,nan
1,1,10116,9462978999808,148.0960004727564,0.0
1,1,10117,9463702732288,148.1073269150641,0.0
1,1,10118,9465115009536,148.12942911057692,0.0
1,1,10119,9465838917632,148.14075830128206,0.0
1,0,5060,9466577889883,148.15232324661648,nan
1,1,10120,9467315518976,148.16386717147435,0.0
1,1,10121,9467694865408,148.16980395833335,0.0
1,1,10122,9468762790400,148.18651702724358,0.0
1,1,10123,9469486709760,148.19784639423077,0.0
1,0,5062,9469883088418,148.20404973610903,nan
1,1,10124,9470624329216,148.21565018429487,0.0
1,1,10125,9471003750912,148.22158814903847,0.0
1,1,10126,9472072210944,148.23830959134617,0.0
1,1,10127,9472451689984,148.24424845352564,0.0
1,0,5064,9473193487301,148.25585761125615,nan
1,1,10128,9473589445120,148.26205436698717,0.0
1,1,10129,9474657146368,148.2787639342949,0.0
1,1,10130,9476069435904,148.30086632211538,0.0
1,1,10131,9476793274880,148.31219443108975,0.0
1,0,5066,9477191673227,148.31842938118177,nan
1,1,10132,9477931015680,148.33000012019232,0.0
1,1,10133,9478310427136,148.33593792467948,0.0
1,1,10134,9479378155008,148.35264790865386,0.0
1,1,10135,9479757552128,148.35858548878207,0.0
1,0,5068,9480495549779,148.37013518158741,nan
1,1,10136,9480889768960,148.3763047275641,0.0
1,1,10137,9481613477888,148.38763080128206,0.0
1,1,10138,9482681295872,148.4043421955128,0.0
1,1,10139,9483060638720,148.41027892628205,0.0
1,0,5070,9483800821020,148.4218628089318,nan
1,1,10140,9484198690816,148.4280894871795,0.0
1,1,10141,9484922398208,148.43941553685897,0.0
1,1,10142,9486678585344,148.46689993589743,0.0
1,1,10143,9487402222592,148.47822488782052,0.0
1,0,5072,9487799234792,148.48443814465645,nan
1,1,10144,9488539726336,148.4960268669872,0.0
1,1,10145,9488919076864,148.5019637179487,0.0
1,1,10146,9489992042496,148.51875567307692,0.0
1,1,10147,9490720869376,148.53016184294873,0.0
1,0,5074,9491120511578,148.53641625942132,nan
1,1,10148,9491858365440,148.5479637019231,0.0
1,1,10149,9492237671936,148.55389986378205,0.0
1,1,10150,9493305618944,148.57061327724358,0.0
1,1,10151,9494373272576,148.58732209935897,0.0
1,0,5076,9495112984648,148.59889862292167,nan
1,1,10152,9495855037440,148.61051177884616,0.0
1,1,10153,9496578535936,148.62183455929488,0.0
1,1,10154,9497990633984,148.64393395032053,0.0
1,1,10155,9498714113024,148.65525642628205,0.0
1,0,5078,9499112203276,148.66148655467498,nan
1,1,10156,9499507587584,148.6676743349359,0.0
1,1,10157,9500231294976,148.6790003846154,0.0
1,1,10158,9501299331072,148.6957151923077,0.0
1,1,10159,9501678841344,148.70165454326923,0.0
1,0,5080,9502417803209,148.71321932606233,nan
1,1,10160,9502811172864,148.71937557692308,0.0
1,1,10161,9503535070720,148.7307046073718,0.0
1,1,10162,9504947513856,148.75280939903845,0.0
1,1,10163,9505327005696,148.75874846153846,0.0
1,0,5082,9506064360891,148.7702880998817,nan
1,1,10164,9506803497984,148.781855625,0.0
1,1,10165,9507182952448,148.7877941025641,0.0
1,1,10166,9508250970112,148.80450862179487,0.0
1,1,10167,9508974633472,148.8158339823718,0.0
1,0,5084,9509369970570,148.82202102379432,nan
1,1,10168,9510107263488,148.8335596875,0.0
1,1,10169,9510486944256,148.83950170673077,0.0
1,1,10170,9511555299840,148.85622151442308,0.0
1,1,10171,9512278873600,148.8675454727564,0.0
1,0,5086,9512675025740,148.8737452696189,nan
1,1,10172,9513072462336,148.87996516826922,0.0
1,1,10173,9514140485632,148.89667977564102,0.0
1,0,5087,9515544505656,148.91865274526742,nan
1,1,10174,9515938613760,148.92482055288463,0.0
1,1,10175,9516667408384,148.93622621794873,0.0
1,1,10176,9518079564288,148.95832651442308,0.0
1,1,10177,9518459065344,148.96426572115385,0.0
1,0,5089,9518855307472,148.97046692633214,nan
1,1,10178,9519596882944,148.98207261217948,0.0
1,1,10179,9519976230912,148.98800942307693,0.0
1,1,10180,9521043808768,149.00471705929488,0.0
1,1,10181,9521772624896,149.01612306089743,0.0
1,0,5091,9522171249240,149.02236154785157,nan
1,1,10182,9522915270144,149.0340055048077,0.0
1,1,10183,9523294502912,149.03994051282052,0.0
1,1,10184,9525050271744,149.0674183653846,0.0
1,1,10185,9525773642240,149.07873914262822,0.0
1,0,5093,9526511263807,149.09028294970392,nan
1,1,10186,9526905793024,149.09645734775643,0.0
1,1,10187,9527629263360,149.1077796875,0.0
1,1,10188,9528696973824,149.12448939903845,0.0
1,1,10189,9529076330496,149.13042634615385,0.0
1,0,5095,9529476978666,149.13669650606596,nan
1,1,10190,9530214091776,149.14823235576924,0.0
1,1,10191,9530937831936,149.15955891826923,0.0
1,1,10192,9532005690368,149.1762709455128,0.0
1,1,10193,9532385129472,149.1822091826923,0.0
1,0,5097,9533129255860,149.19385479047727,nan
1,1,10194,9533523055616,149.2000177724359,0.0
1,1,10195,9534246698496,149.2113428125,0.0
1,1,10196,9535658564096,149.23343856570514,0.0
1,1,10197,9536037844992,149.23937432692307,0.0
1,0,5099,9536775756696,149.25092267465445,nan
1,1,10198,9537519087104,149.2625558253205,0.0
1,1,10199,9538247688704,149.27395846955127,0.0
1,1,10200,9539320153088,149.2907425801282,0.0
1,1,10201,9539699237376,149.29667526442307,0.0
1,0,5101,9540098005245,149.3029159975492,nan
1,1,10202,9540836595200,149.3144749599359,0.0
1,1,10203,9541215880192,149.32041078525643,0.0
1,1,10204,9542289044992,149.3372058573718,0.0
1,1,10205,9543012524032,149.34852833333335,0.0
1,0,5103,9543410035366,149.35474940163638,nan
1,1,10206,9544493869568,149.3717114503205,0.0
1,1,10207,9545222484480,149.38311430288462,0.0
1,1,10208,9546639167488,149.40528544871796,0.0
1,1,10209,9547367849984,149.41668935897437,0.0
1,0,5105,9547765788213,149.42291710820126,nan
1,1,10210,9548510414336,149.43457053685898,0.0
1,1,10211,9548889564160,149.4405042467949,0.0
1,1,10212,9549962440192,149.4572947996795,0.0
1,1,10213,9550685912064,149.46861716346154,0.0
1,0,5107,9551082741697,149.4748275631166,nan
1,1,10214,9551828490752,149.48649856570512,0.0
1,1,10215,9552207648256,149.49243239583333,0.0
1,1,10216,9553624418816,149.51460491185898,0.0
1,1,10217,9554348057088,149.5259298798077,0.0
1,0,5109,9555087285600,149.53749883563702,nan
1,1,10218,9555480018432,149.5436451201923,0.0
1,1,10219,9556203514880,149.55496786858976,0.0
1,1,10220,9557271214592,149.57167741185899,0.0
1,1,10221,9557994723840,149.58300036057693,0.0
1,0,5111,9558392236845,149.58922145503118,nan
1,1,10222,9558788005376,149.59541524839744,0.0
1,1,10223,9559511595008,149.6067394551282,0.0
1,1,10224,9560584544256,149.62353115384616,0.0
1,1,10225,9560963782144,149.6294662419872,0.0
1,0,5113,9561703054552,149.64103588479068,nan
1,1,10226,9562095798272,149.64718233974358,0.0
1,1,10227,9562819467264,149.65850778846155,0.0
