node_id,message_transmitter_id,message_id,timestamp_bit,timestamp_seconds
3,0,0,278202847190,4.353885704470904
3,1,0,278957124788,4.365690179099059
3,3,0,279364103168,4.372059407051283
3,0,1,279423782754,4.372993394963191
3,1,1,279832005548,4.379382098044371
3,3,1,279893238272,4.380340392628205
3,1,2,280301162402,4.38672442160582
3,3,2,280704260608,4.3930329246794875
3,0,3,281107827841,4.399348768044496
3,2,3,281170598020,4.400331123860677
3,3,3,281582072832,4.406770721153847
3,1,4,281636243540,4.407618494904347
3,3,4,282044363264,4.4140055849358975
3,0,5,282104380744,4.414944860902444
3,1,5,282509231913,4.421280797917293
3,3,5,282567983616,4.422200264423077
3,1,6,282978203437,4.428620221056816
3,2,6,283041495167,4.4296107391670425
3,3,6,283454857216,4.436079871794872
3,1,7,283508807209,4.43692419134678
3,3,7,283917222912,4.4433159134615385
3,0,8,283975086951,4.444221487990159
3,2,8,284383961006,4.450620383332081
3,3,8,284789705728,4.45697030448718
3,1,8,284849009395,4.457898409251678
3,3,9,285257690624,4.464294286858975
3,2,10,285647970541,4.4704021831962395
3,3,10,286054342656,4.476761923076923
3,3,11,286446242816,4.482895176282051
3,1,11,286832809138,4.488944954708784
3,3,12,287237372416,4.495276386217949
3,2,13,287278937464,4.495926880884415
3,3,13,288055050752,4.508073084935898
3,3,14,288446939136,4.514206153846154
3,0,15,288506932648,4.51514505471254
3,2,16,288912855021,4.521497756112906
3,3,15,289319268864,4.527858149038462
3,1,15,290065417640,4.5395354072766425
3,2,17,291854971291,4.567541993611654
3,3,16,292603295744,4.579253301282051
3,0,17,292666920399,4.580249029681866
3,1,16,293070981816,4.586572607046274
3,2,18,293474656801,4.5928901367344
3,3,17,293880956928,4.59924875
3,0,18,294287071570,4.6056044604179185
3,1,17,295730545135,4.628194879541642
3,2,19,297168900673,4.650705201337765
3,3,18,297574807552,4.65705766025641
3,1,18,297973768728,4.663301418644832
3,2,20,298033484395,4.664235971225836
3,3,19,298792522752,4.676114951923077
3,0,20,299198288267,4.682465198489458
3,1,19,299605707734,4.688841329470904
3,2,21,300014146103,4.6952334063094705
3,3,20,300077286400,4.696221554487179
3,0,21,300488165050,4.702651821821164
3,2,22,300892601927,4.708981275149615
3,3,21,301298771968,4.715337852564103
3,0,22,301701438560,4.721639600861378
3,2,23,301762439274,4.722594264479417
3,3,22,302171364352,4.728993958333334
3,0,23,302920182245,4.7407129883595
3,2,24,302980591561,4.741658396575145
3,3,23,303384202752,4.7479749278846155
3,0,24,303790118274,4.754327522066557
3,2,25,303852296176,4.755300608723958
3,3,24,304262398464,4.761718725961539
3,1,24,304322440202,4.762658381566757
3,2,26,304728238095,4.769009134850135
3,3,25,305480288768,4.78077875801282
3,0,26,306571471038,4.797855804255559
3,1,25,306979718964,4.804244900653546
3,2,27,307386367055,4.810608959569687
3,3,26,308138614784,4.822381666666667
3,0,27,308542963806,4.828709745060848
3,1,26,309293387403,4.840453904418945
3,2,28,309699614563,4.846811375748072
3,3,27,309763150336,4.8478057131410255
3,0,28,310513533457,4.8595492390481025
3,1,27,310920460339,4.865917661054563
3,3,28,311324791808,4.87224546474359
3,0,29,311726526880,4.878532634715545
3,3,29,312132708864,4.884889399038462
3,2,31,312527080800,4.891061335637019
3,3,30,313274856960,4.9027640625
3,0,31,313678452578,4.909080350091396
3,1,30,314776737232,4.926268548928285
3,2,32,315523730660,4.937959026004107
3,3,31,315583963136,4.938901666666667
3,1,31,315991692919,4.945282654105944
3,3,32,316394974208,4.951594022435898
3,0,33,316796258069,4.9578741309376255
3,2,34,317200897866,4.964206759972206
3,3,33,317607061504,4.970563237179487
3,0,34,317668253804,4.9715208991261015
3,2,35,318074384761,4.977876864874424
3,3,34,318479553024,4.984217764423077
3,0,35,319233293367,4.996013830988957
3,2,36,320328674499,5.01315658959022
3,3,35,320732316160,5.01947359775641
3,1,35,321134156260,5.025762411420773
3,3,36,321539636224,5.032108189102564
3,0,37,321942593529,5.038414487069937
3,1,36,322005278905,5.03939551571577
3,3,37,322417485824,5.045846570512821
3,0,38,322818176876,5.052117401529948
3,3,38,323225129472,5.058486225961539
3,0,39,323965953352,5.070080149363982
3,2,40,325406541266,5.092625407933944
3,3,39,325812903424,5.098984991987179
3,1,39,326216738905,5.105305033444136
3,3,40,326620362240,5.111621754807692
3,0,41,327366898045,5.123305070065229
3,2,42,327772628685,5.1296547708364635
3,3,41,328177180160,5.1359860176282055
3,0,42,328580275509,5.142294475989709
3,2,43,328987839013,5.1486728611559744
3,3,42,329394609152,5.1550388301282055
3,2,44,329797225585,5.161339793435121
3,3,43,330202080256,5.16767578525641
3,2,45,330606257332,5.174001172688802
3,3,44,330666332160,5.1749413461538465
3,0,45,331076191755,5.181355665236254
3,2,46,331134591895,5.182269629767003
3,3,45,331547711488,5.188734967948718
3,0,46,331952168274,5.195064732853816
3,1,45,332356825297,5.201397631475987
3,2,47,332763611155,5.207763846451197
3,3,46,333169602048,5.214117620192308
3,0,47,333574685912,5.22045719889323
3,1,46,334329215066,5.232265610382862
3,2,48,335076758314,5.243964692163712
3,3,47,335482261504,5.250310833333334
3,0,48,335883250354,5.256586324901092
3,1,47,336290848689,5.262965255173904
3,2,49,337037375236,5.274648425543369
3,3,48,337444002816,5.281012163461539
3,0,49,337847841886,5.287332261086489
3,1,48,338252510487,5.293665340904822
3,2,50,338656322941,5.299985021988307
3,3,49,339060607488,5.306312091346154
3,0,50,339807510042,5.318001146240235
3,2,51,340899741385,5.335094610517453
3,3,50,341302288896,5.341394495192308
3,1,50,341710617567,5.34778485525278
3,3,51,342115031040,5.354113942307692
3,0,52,342517187554,5.360407707863832
3,1,51,342920821377,5.366724593365009
3,3,52,343327480320,5.373088822115385
3,0,53,343730035609,5.379388828516251
3,2,54,343793440406,5.380381116129557
3,3,53,344205571584,5.386830985576923
3,1,53,345303226120,5.404009323041867
3,2,55,346051006918,5.415712122489734
3,3,54,346453943296,5.4220180929487185
3,1,54,346859526012,5.428365478703426
3,2,56,346920547309,5.429320464446239
3,3,55,347331880960,5.435757852564103
3,0,56,347393210453,5.4367176615866635
3,1,55,347799027070,5.443068707901392
3,2,57,347857789431,5.443988341205304
3,3,56,348269005312,5.450423886217949
3,0,57,349366168561,5.46759453502166
3,2,58,350115862823,5.479327280257787
3,3,57,350866567680,5.491075841346154
3,1,57,350924808372,5.491987310509315
3,2,59,351329986181,5.49832835945325
3,3,58,351733154816,5.50463796474359
3,0,59,352134774135,5.510923323176457
3,3,59,352885568512,5.522673285256411
3,0,60,353282146669,5.528879749302009
3,1,59,353688806849,5.5352439974114835
3,3,60,354092219392,5.541557419871795
3,0,61,354494952727,5.547860212699694
3,2,62,354901321459,5.554219899636293
3,3,61,354960901120,5.555152323717949
3,1,61,355367589976,5.5615170206079725
3,3,62,355771916800,5.567844751602564
3,0,63,355833529883,5.568808998819987
3,2,64,356245182497,5.57525137872158
3,3,63,358029952000,5.6031830929487185
3,0,64,358434014308,5.609506684257312
3,1,63,359188352855,5.6213121127397585
3,2,65,359936574025,5.633021804027068
3,3,64,360342712320,5.639377884615385
3,0,65,360747911242,5.645719263978616
3,1,64,361501522619,5.65751331222143
3,2,66,361904190984,5.663815088266226
3,2,67,361951139825,5.664549839508839
3,3,65,362016118272,5.665566754807693
3,0,66,362423582606,5.671943587959485
3,1,65,363176889148,5.683732865522336
3,3,66,363581965824,5.69007233173077
3,0,67,365014446586,5.712490713047125
3,2,69,365418416773,5.718812862658378
3,3,67,365824187904,5.725163197115385
3,0,68,366571093963,5.736852306862856
3,1,66,366977138168,5.743206914938902
3,3,68,367380903936,5.749525865384616
3,0,69,367784564077,5.755843162763547
3,2,71,368189318850,5.762177591177133
3,3,69,368592829440,5.768492548076924
3,1,68,368996869736,5.774815794896835
3,3,70,369400434176,5.781131594551282
3,2,73,370146972324,5.792814946476863
3,3,71,370552999936,5.799169294871795
3,2,74,370955754196,5.805472415176783
3,3,72,371017065984,5.806431947115385
3,0,73,372111162561,5.823554602379432
3,1,71,372518585441,5.829930786774464
3,2,75,373263888881,5.841594815470378
3,3,73,373666487296,5.847895496794872
3,2,76,374073168450,5.8542600731482874
3,3,74,374479245312,5.860615192307693
3,1,73,374884125870,5.866951589261569
3,2,77,376322183042,5.889457241617839
3,3,75,376382932480,5.89040797275641
3,0,76,376794025030,5.896841587633965
3,3,76,377199448576,5.903186482371795
3,0,77,377604606981,5.909527227642353
3,1,75,378012698621,5.915913878158178
3,3,77,378416795648,5.922238012820513
3,0,78,378818700193,5.928527835051708
3,2,80,379564001456,5.9401918296774845
3,3,78,379968328704,5.946519567307693
3,2,81,380713377848,5.958179616261018
3,3,79,381121162240,5.964561458333334
3,2,82,381522351751,5.970840090253781
3,3,80,381928794624,5.9772009375
3,1,79,382311972692,5.983197689615886
3,3,81,383750151680,6.005705248397436
3,0,82,384151132640,6.011980616486379
3,3,82,384557758464,6.018344326923077
3,1,81,385300613176,6.029970032927684
3,2,85,386045025007,6.041620107907026
3,3,83,386794112512,6.053343357371795
3,0,84,387546389508,6.0651165224984975
3,1,82,387950898524,6.071447104805189
3,2,86,388358449672,6.07782529659956
3,3,84,388761616896,6.084134879807692
3,3,85,388809040384,6.084877059294872
3,1,83,389215440104,6.091237231194912
3,3,86,389964467712,6.102959543269231
3,0,86,390364585285,6.109221399317033
3,1,84,390772132721,6.115599533018455
3,2,88,391179253268,6.121970985889924
3,3,87,391585792512,6.128333341346154
3,0,87,391986694876,6.134607479404547
3,1,85,392393800469,6.140978698245318
3,2,89,393138123768,6.152627387695313
3,3,88,393541222400,6.158935897435898
3,0,88,394289129157,6.17064066814716
3,1,86,394696779873,6.17702041818472
3,3,89,395103522304,6.183385953525641
3,0,89,395507402841,6.189706700110802
3,1,87,395568474421,6.190662472784581
3,2,91,395971312128,6.196966899038462
3,3,90,396374508032,6.203276931089744
3,1,88,396776911835,6.209574566728641
3,3,91,397181818880,6.215911378205129
3,0,91,397928775091,6.227601272833408
3,1,89,397989510275,6.228551780896309
3,2,93,398393944803,6.2348811974628155
3,3,92,398798468608,6.241212011217949
3,3,93,399573394432,6.253339631410257
3,0,93,399952375585,6.259270701638246
3,3,94,400703992320,6.2710335336538465
3,0,94,400764811488,6.271985356069711
3,1,92,401170209980,6.278329858711438
3,3,95,401576604160,6.284689943910257
3,1,93,401980498070,6.291010899783403
3,3,96,402384194560,6.297328766025641
3,0,96,402786352201,6.3036225492193765
3,2,98,403190564044,6.309948480756711
3,3,97,403596179456,6.316296378205128
3,0,97,403999596041,6.322609863922902
3,2,99,404404337736,6.328944087665264
3,3,98,404464750080,6.329889543269231
3,0,98,404874919781,6.336308715522962
3,1,96,404933542632,6.337226165489784
3,3,99,405346185216,6.3436840384615385
3,0,99,405750194380,6.3500067980644035
3,2,100,405812310343,6.3509789153739735
3,3,100,406224166400,6.357424479166667
3,1,98,406278095840,6.358268477063302
3,2,101,406683060576,6.36460619140625
3,3,101,407085473792,6.370903974358974
3,0,101,407490233283,6.37723847660945
3,2,102,408585236346,6.394375318415715
3,3,102,408649225216,6.395376746794872
3,0,102,409400751552,6.4071381640625
3,1,100,409806547479,6.4134888865779
3,2,103,410209706510,6.419798341565254
3,3,103,410614204416,6.42612875
3,0,103,411016827221,6.432429813028971
3,1,101,411423174049,6.4387891571670925
3,2,104,411829283481,6.445144786048303
3,3,104,412235996672,6.451509863782052
3,1,102,412639215708,6.45782025785006
3,3,105,413389286912,6.46955890224359
3,0,105,413450987160,6.470524513596755
3,1,103,414553334026,6.487776286214193
3,2,105,415647941784,6.50490694148137
3,3,106,416053138432,6.511248285256411
3,1,104,416456070533,6.517554188780173
3,2,106,416862852616,6.523920344676482
3,3,107,416921929728,6.524844903846154
3,0,107,417330574933,6.531240217676407
3,1,105,417736798554,6.5375976336200425
3,2,107,418141970258,6.543938587020483
3,3,108,418892850688,6.555689895833334
3,0,108,418954769354,6.556658925436949
3,2,108,419362158792,6.563034586463342
3,3,109,419764685312,6.569334142628206
3,1,107,420168613079,6.575655628364759
3,2,109,420576727618,6.582042637250852
3,3,110,421326917632,6.593783141025641
3,1,108,421730432883,6.600098170870267
3,3,111,422134147072,6.606416314102565
3,1,109,422540070743,6.612769035816682
3,2,111,422601214980,6.613725945575421
3,3,112,423356706304,6.6255494150641026
3,1,110,423761269794,6.6318808498910755
3,3,113,424163946496,6.638182756410257
3,0,113,424566333587,6.644480130505684
3,3,114,424971193856,6.650816209935898
3,0,114,425029647898,6.651731018035107
3,1,112,425435620556,6.658084506397737
3,3,115,425494534144,6.659006506410257
3,0,115,425903531921,6.665407338006435
3,2,114,426309111871,6.671754680473132
3,3,116,427060469760,6.683513461538462
3,0,116,427814198688,6.6953093494591345
3,1,114,428220149816,6.701662500876402
3,2,115,428625153865,6.708000830469376
3,3,117,429027761664,6.714301658653846
3,0,117,429430074638,6.7205978728152544
3,1,115,430177749923,6.732299020980444
3,2,116,430584707406,6.73866792189378
3,3,118,430989657088,6.745005400641026
3,0,118,431738751248,6.7567287542568115
3,1,116,432833673983,6.773864338926658
3,2,117,433927395920,6.790981131059696
3,3,119,434332032000,6.797313701923077
3,0,119,435075927442,6.80895569539388
3,2,118,435483330312,6.8153315666316105
3,3,120,435889336832,6.8216855849358975
3,2,119,436292364125,6.8279929782182744
3,3,121,436696927744,6.834324415064103
3,2,120,437101360536,6.840653804462139
3,3,122,438539876864,6.863166642628205
3,0,122,438944817024,6.869503972355769
3,2,121,439350482676,6.875852656062199
3,3,123,439414055936,6.876847580128206
3,0,123,439826100437,6.883296093077049
3,1,121,439885201239,6.884221022996169
3,2,122,440293414661,6.890609579405173
3,3,124,441390095360,6.907772676282051
3,0,124,442134365397,6.919420532179613
3,2,123,442197072131,6.920401895079001
3,3,125,442607198720,6.926820392628206
3,2,124,443009321796,6.933113634878305
3,3,126,443759678976,6.9448567548076925
3,0,126,443822414864,6.9458385739683495
3,1,123,444226161528,6.952157225435697
3,2,125,444634761172,6.958551826234475
3,3,127,445041870336,6.964923100961538
3,3,128,445433818112,6.971057099358974
3,0,128,445837221298,6.977370375381861
3,3,129,446241410048,6.983695945512821
3,1,126,446646395106,6.990033977895884
3,2,128,447051260634,6.996370139629658
3,3,130,448143942144,7.013470649038462
3,0,130,448204181298,7.0144133942119895
3,1,127,448956025417,7.026179784796299
3,2,129,449360462351,7.032509239016802
3,3,131,450456369152,7.049660224358974
3,0,131,451200743312,7.061309709785657
3,1,128,451606680971,7.067662650412535
3,3,132,452013629440,7.074031410256411
3,0,132,453110796703,7.091202121879382
3,1,129,453171274814,7.092148606739533
3,2,131,453575283017,7.09847135130271
3,3,133,454670915584,7.115618044871795
3,0,133,455418577324,7.127318981057192
3,3,134,455823843328,7.13366141025641
3,0,134,456228808026,7.139999124004658
3,1,131,456291672981,7.140982963069035
3,3,135,456701372928,7.147394783653846
3,0,135,457098645722,7.153612118796325
3,1,132,457846885412,7.165322099922376
3,3,136,458597591040,7.177070673076924
3,1,133,458998055894,7.183337964086288
3,3,137,459442701824,7.190296690705129
3,0,138,459843735699,7.19657288691594
3,1,134,460251757879,7.202958450379983
3,2,136,460655322754,7.209274256842198
3,3,138,461059423744,7.215598453525641
3,1,135,461462049777,7.221899567072942
3,3,139,461523603968,7.222862892628205
3,0,140,462276294619,7.234642531472231
3,1,136,462339158246,7.235626349753356
3,2,138,462744399900,7.241968397874099
3,3,140,463494110720,7.25370140224359
3,1,137,463899728278,7.260049333276993
3,3,141,464306992640,7.266423036858974
3,1,138,464347450155,7.267056198589619
3,3,142,464752779264,7.273399615384616
3,0,143,465844519752,7.290485397761419
3,1,139,466942665111,7.307671416625976
3,2,141,467687854561,7.319333661373824
3,3,143,468094712320,7.325701001602564
3,0,144,468496567159,7.3319900459328675
3,1,140,468904651039,7.338376575004382
3,2,142,469651972551,7.350072186607948
3,3,144,470401041920,7.36179515224359
3,0,145,470804623242,7.3681112161020135
3,1,141,471213078678,7.374503560039814
3,2,143,471956957436,7.386145292405349
3,3,145,472361874944,7.392482267628205
3,0,146,472763969373,7.398775061551608
3,1,142,473862517718,7.415967387163211
3,2,144,473922979554,7.4169136173189605
3,3,146,474680065024,7.42876203525641
3,0,147,475083093823,7.435069452107747
3,1,143,475489783200,7.441434157151442
3,3,147,475892337152,7.447734142628206
3,0,148,476296446706,7.454058473338592
3,2,146,476357662180,7.455016497959235
3,3,148,477460880896,7.472281915064102
3,1,145,477856563740,7.478474367425381
3,3,149,478262993408,7.484835008012821
3,1,146,478666626036,7.4911518748122
3,3,150,479070757376,7.497476546474359
3,0,151,479472885893,7.503769873876327
3,2,149,480217795542,7.515427739727314
3,3,151,481313331712,7.532572924679488
3,1,148,481716116521,7.538876523077549
3,3,152,482121050112,7.54521375
3,1,149,482867139516,7.556890079064003
3,3,153,483274113024,7.563259230769231
3,0,154,483677059712,7.5695653625801285
3,1,150,483738647210,7.570529209391276
3,3,154,484152199680,7.577001322115385
3,0,155,484546770440,7.583176370317508
3,3,155,484954347520,7.589554967948718
3,0,156,485015518109,7.590512290117313
3,2,154,485425654552,7.596930941882011
3,3,156,486868492288,7.61951141025641
3,0,157,487272544711,7.625834846864358
3,1,153,487676676600,7.6321595271183895
3,2,155,488083139474,7.63852068738106
3,3,157,488142490624,7.639449535256411
3,0,158,488551834915,7.645855789810573
3,1,154,488958104040,7.65221391789363
3,2,156,489365705465,7.658592896525065
3,3,158,489425084928,7.6595221875
3,0,159,489836423813,7.665959657530173
3,1,155,490591277015,7.67777314038399
3,2,157,490994525063,7.68408398849096
3,3,159,491401331712,7.690450528846154
3,1,156,491807005350,7.696799337533804
3,2,158,492213461261,7.703160388825245
3,3,160,492275731968,7.704134927884615
3,0,161,492682755501,7.7105048624830985
3,1,157,493428990039,7.7221834629000154
3,2,159,493837148090,7.728571152750651
3,3,161,494586776064,7.740302860576923
3,1,158,494646855982,7.741243113700671
3,3,162,495054619648,7.747624631410257
3,0,163,495453412708,7.753865758776542
3,3,163,495856873472,7.760179935897436
3,0,164,496258043159,7.7664582575714896
3,1,160,496321053142,7.767444366329878
3,3,164,497420082176,7.78464421474359
3,0,165,498163178798,7.796273706649389
3,3,165,498567327232,7.802598645833333
3,0,166,498967700230,7.808864499292619
3,2,164,500064146137,7.82602392166529
3,3,166,500469838336,7.832373020833334
3,0,167,500872653069,7.838677087543195
3,1,163,501276329625,7.844994641817533
3,2,165,501334157359,7.845899648171449
3,3,167,501746555392,7.852353693910256
3,1,164,502129423132,7.858345589380509
3,2,166,502191426158,7.859315939221505
3,3,168,502602421248,7.865748028846154
3,0,169,503005318170,7.872053381817158
3,1,165,503066000172,7.873003057579628
3,3,169,503474622464,7.879398012820513
3,0,170,503875858310,7.885677369885567
3,1,166,504279738868,7.891998116799379
3,2,168,504338764804,7.8929218750626005
3,3,170,504751595520,7.899382692307692
3,1,167,504804943088,7.900217583884215
3,3,171,505213860864,7.906617163461538
3,0,172,505269611090,7.907489656732022
3,1,168,505678214654,7.9138843188789565
3,3,172,505737578496,7.9148133653846156
3,0,173,506835024925,7.931988445966672
3,1,169,507587187337,7.943759817849184
3,2,171,508333802432,7.9554443739983975
3,3,173,508739224576,7.961789246794872
3,0,174,509143738401,7.968119904362605
3,1,170,509549867547,7.974475841768705
3,2,172,509609167123,7.975403882508889
3,3,174,510713032192,7.992679415064103
3,0,175,510773258668,7.993621961826422
3,1,171,511182795788,8.00003123416216
3,2,173,511589166360,8.006390949894833
3,3,175,511995878912,8.012756017628206
3,0,176,512399138622,8.019067048245944
3,1,172,512805128150,8.02542080062475
3,3,176,513553565696,8.037133878205129
3,0,177,514642606488,8.05417741023137
3,2,174,515391540034,8.065898250231621
3,3,177,515795608576,8.072221939102564
3,0,178,515857884997,8.073196567586264
3,2,175,516263760763,8.079548539585211
3,3,178,516667894272,8.085873245192309
3,0,179,516728279253,8.086818272564228
3,1,175,517134649815,8.0931779881404
3,2,176,518228366700,8.110294701209435
3,3,179,520015361536,8.13826124198718
3,0,180,520420084635,8.144595174701397
3,1,176,520482824488,8.145577055914464
3,2,177,520892282352,8.151985087890624
3,2,178,520939226053,8.152719758692033
3,3,180,521345684992,8.159080857371794
3,1,177,521750206200,8.165411630483774
3,3,181,522843023872,8.182514270833334
3,0,182,523587820841,8.194170373237805
3,1,178,523993020731,8.200511767750276
3,3,182,524399473152,8.206872764423077
3,0,183,524795572954,8.21307174219376
3,3,183,525201299968,8.219421386217949
3,0,184,525953919201,8.231199907367413
3,1,180,526359215542,8.237542811341898
3,2,182,526767612370,8.243934238062149
3,3,184,527173765120,8.250290544871795
3,1,181,527235909818,8.251263111885267
3,3,185,527647009280,8.257696834935897
3,2,184,528033990971,8.263753113904121
3,3,186,528783056384,8.275476017628206
3,0,186,530215370451,8.297891790161133
3,2,185,530619672039,8.304219126211313
3,1,184,531362201449,8.315839741226588
3,2,186,531770526096,8.322230038311298
3,3,187,532173150208,8.328531121794873
3,0,188,532576155278,8.334838167286408
3,1,185,532983778598,8.34121748857547
3,2,187,533390406702,8.34758123469426
3,3,188,533794907648,8.353911690705129
3,1,186,534546045916,8.36566703469301
3,2,188,534952021768,8.372020573041867
3,3,189,535357184512,8.378361386217948
3,0,190,535419057605,8.37932970260229
3,1,187,536870620586,8.402046721410507
3,3,190,537275841536,8.40838844551282
3,0,191,537676918816,8.414665321013622
3,3,191,538083381760,8.421026482371795
3,0,192,538487433673,8.427349910998222
3,1,189,538896185951,8.433746900525216
3,2,191,539641270606,8.445407505227113
3,3,192,540045066752,8.451726931089745
3,2,192,540450636714,8.458074117243841
3,3,193,540857530368,8.46444201923077
3,1,191,540917645548,8.46538282420623
3,2,193,541323920843,8.471741048850035
3,3,194,542074740736,8.483491410256411
3,0,195,542476629285,8.489780982149565
3,2,194,542880513209,8.49610178174141
3,3,195,542943252992,8.497083661858975
3,1,193,543351556773,8.50347363238995
3,2,195,543759610052,8.509859682554588
3,3,196,544163723776,8.516184078525642
3,1,194,544912826709,8.527907569439227
3,2,196,544970170442,8.528805001158103
3,3,197,545380675584,8.535229423076924
3,0,198,545784323074,8.541546522467197
3,1,195,545843588926,8.542474035425432
3,3,198,546252659712,8.548876009615386
3,0,199,546654340478,8.555162329696264
3,1,196,546713084964,8.556081683255709
3,3,199,547124721664,8.562523814102564
3,2,199,547510470933,8.568560805617112
3,3,200,547915534336,8.574900064102565
3,0,201,548317883605,8.581196846282177
3,1,198,548725482142,8.587575779716296
3,3,201,549478226944,8.59935626602564
3,0,202,550217851138,8.610931414294122
3,1,199,550278260537,8.61187682380872
3,3,202,550690640896,8.618330592948718
3,0,203,551087714953,8.624544817849184
3,1,200,551492400125,8.630878157004332
3,2,202,551896354825,8.637200064243414
3,3,203,552301929984,8.643547331730769
3,0,204,552703540241,8.649832548342975
3,1,201,553108535209,8.656170735817934
3,2,203,553169983351,8.657132401702098
3,3,204,553578820096,8.663530713141025
3,0,205,553982515073,8.669848555704753
3,1,202,554390064033,8.676226713256836
3,1,203,554437684834,8.67697198070037
3,2,204,554846470155,8.683369487351637
3,3,205,555594570752,8.695077291666667
3,0,206,556682441603,8.712102514069386
3,1,204,557090711000,8.718491946489383
3,3,206,557497495040,8.724858133012821
3,1,205,557900771257,8.73116942196577
3,2,206,558305543403,8.737504122267504
3,3,207,558366379008,8.738456201923077
3,0,208,559462473498,8.755610124605619
3,3,208,559868325376,8.76196172275641
3,1,207,560255915531,8.768027524210613
3,2,208,560319201989,8.769017959813828
3,3,209,560729796096,8.775443774038461
3,0,210,561475092122,8.787107686704978
3,3,210,562573371904,8.804295809294873
3,1,209,562968583285,8.810480883241311
3,3,211,563721423360,8.822262860576924
3,1,210,564449424347,8.83365610519018
3,3,212,564852884992,8.839970280448718
3,2,212,565250942098,8.846199890105419
3,3,213,565655107072,8.852525088141025
3,3,214,566047014912,8.858658461538461
3,0,215,567459815319,8.880768844510593
3,2,214,568927956228,8.90374530855619
3,3,215,569675807744,8.91544921474359
3,0,216,570422256699,8.927131170795148
3,2,215,570830665499,8.93352278487768
3,3,216,571233200128,8.939822467948717
3,0,217,571294509500,8.940781962076823
3,1,215,571702661642,8.947169559451373
3,3,217,572451085312,8.958882419871795
3,0,218,572854817688,8.96520084773137
3,1,216,573259222196,8.971529794483674
3,2,217,574012091534,8.983312229786408
3,3,218,574418995712,8.98968029647436
3,0,219,575168570269,9.001411168322441
3,2,218,576260828628,9.018505055401143
3,3,219,576667092480,9.02486310096154
3,0,220,577068760529,9.031149222020858
3,1,218,577132051206,9.032139723651593
3,3,220,577545300992,9.038607099358975
3,0,221,578287605624,9.050224196589543
3,1,219,579038062508,9.061968876890525
3,3,221,579443136512,9.068308301282052
3,2,221,579845673595,9.074608022758289
3,3,222,580251042816,9.080952067307692
3,0,223,580654090542,9.087259780367338
3,2,222,581060025348,9.093612676344652
3,3,223,582154127872,9.110735424679488
3,2,223,582557028571,9.117040836760692
3,3,224,582961896960,9.123377043269231
3,0,225,583364532536,9.129678306164864
3,3,225,583769708032,9.136019318910257
3,0,226,584174896372,9.142360532664764
3,2,225,584580097222,9.148701942201273
3,3,226,584644250624,9.149705945512821
3,1,225,585056139965,9.156152030201447
3,2,226,585119283080,9.15714022248097
3,3,227,585531004928,9.163583685897436
3,1,226,585592522726,9.164546441900791
3,2,227,585995830730,9.170858228321565
3,3,228,586403429888,9.17723717147436
3,0,229,586808479049,9.18357620707194
3,1,227,587212510643,9.189899317705203
3,2,228,587274143505,9.19086387446477
3,3,229,587686132736,9.197311522435898
3,0,230,588430738647,9.208964634775015
3,1,228,588834777974,9.215287866430039
3,2,229,588897383879,9.216267651351538
3,3,230,589308317696,9.222698782051282
3,0,231,590053147774,9.23435540261293
3,3,231,590800642560,9.246053725961538
3,0,232,591527983844,9.257436646196414
3,2,231,592277213901,9.269162126605694
3,3,232,592681511936,9.275489407051282
3,0,233,593427966723,9.287171454373873
3,1,231,594181188885,9.298959411386344
3,2,232,594589305857,9.305346458348984
3,3,233,595339367936,9.317084959935897
3,1,232,595727114128,9.323153203375401
3,3,234,596130172416,9.32946108173077
3,0,235,596535692504,9.335807487354767
3,1,233,596598537330,9.33679101139949
3,3,235,597007527936,9.343191730769231
3,0,236,597411389014,9.349512172820262
3,2,235,598156412044,9.361171813088442
3,3,236,598558668800,9.367467147435898
3,0,237,598962405463,9.373785642387194
3,3,237,599366217728,9.38010532051282
3,0,238,599767205915,9.386380801704602
3,1,236,600174382519,9.392753131870368
3,2,237,600920402657,9.404428376918695
3,3,238,601328077824,9.410808509615386
3,0,239,601732547565,9.417138477266752
3,1,237,601793497464,9.418092345628006
3,3,239,602206134272,9.424550128205128
3,1,238,602602059097,9.43074636757875
3,2,239,602661035337,9.431669348097582
3,3,240,603068152320,9.438040745192309
3,1,239,603472264253,9.44436511313414
3,2,240,603877286601,9.450703729107197
3,3,241,603937361920,9.451643910256411
3,1,240,604688502041,9.463399283243815
3,3,242,605094162944,9.469747892628206
3,0,243,605496607349,9.476046163690029
3,2,242,605554016075,9.476944612551959
3,3,243,605966286848,9.483396666666668
3,1,242,606024298997,9.484304559122721
3,2,243,606429318012,9.490643122934195
3,3,244,608559332864,9.523977940705128
3,1,243,608965367894,9.530332405192057
3,3,245,609372666880,9.536706650641026
3,0,246,609773562953,9.542980690245017
3,1,244,609837346130,9.543978899520482
3,2,245,610590573781,9.555766942436023
3,3,246,611340656640,9.56750576923077
3,0,247,611743968266,9.573817612335988
3,1,245,611806382348,9.574794395219852
3,2,246,612552102091,9.586464939074395
3,3,247,612958040064,9.592817884615386
3,0,248,613018997110,9.593771864827474
3,1,246,613426459349,9.600148665192433
3,3,248,615212289024,9.628096971153846
3,0,249,615612867589,9.634366041744917
3,1,247,615673018184,9.635307400966546
3,3,249,616430090240,9.647155608974359
3,0,250,616825358266,9.653341569417318
3,1,248,616884220428,9.654262764610877
3,2,249,617290337021,9.660618505562024
3,3,250,617696197120,9.666970232371796
3,1,249,617754281716,9.667879258626302
3,2,250,618508333690,9.679680202229818
3,3,251,619259399680,9.691434415064103
3,1,250,619660810154,9.697716505064353
3,3,252,620067203072,9.704076570512822
3,1,251,620471087483,9.710397377726236
3,2,252,621218859209,9.72210003519694
3,3,253,621625184256,9.728459038461539
3,0,254,622031170760,9.734812743514624
3,1,252,622089657149,9.735728057845678
3,3,254,622498058752,9.742119559294872
3,0,255,622901124171,9.748427549250676
3,2,254,623306577047,9.754772903004183
3,3,255,623710535680,9.761094871794873
3,0,256,624114362867,9.767414783450397
3,1,254,624174514422,9.768356157696063
3,3,256,624577715200,9.77466626602564
3,1,255,624982220496,9.780996790114182
3,3,257,625385481216,9.787307836538462
3,0,258,625447715608,9.788281807266626
3,1,256,625851873723,9.794606897958609
3,2,257,625910799660,9.795529091233474
3,3,258,626317672960,9.801896674679487
3,0,259,628091104085,9.829650942836665
3,2,258,629535031204,9.852248460098657
3,3,259,630978875904,9.8748446875
3,0,260,631380854867,9.881135674375876
3,1,258,632131346268,9.892880894869291
3,2,259,632535113053,9.899199861231095
3,3,260,633287361024,9.910972572115385
3,0,261,633690150483,9.917276243286134
3,1,259,634093985015,9.9235962698912
3,3,261,634499478528,9.929942259615386
3,0,262,634903096322,9.93625889426207
3,1,260,634965190633,9.937230672716973
3,3,262,635377467392,9.943682820512821
3,0,263,635431796572,9.944533074356471
3,1,261,635838501616,9.950898024589343
3,3,263,636244450304,9.957251137820514
3,0,264,636991541577,9.968943146174505
3,1,262,637050141607,9.969860238991762
3,2,263,637456918317,9.976226310800406
3,3,264,637518495232,9.97718999198718
3,1,263,637922919583,9.983519249283228
3,3,265,638330008576,9.989890208333334
3,0,266,639075061872,10.001550322265626
3,1,264,639825218366,10.013290301451072
3,3,266,640228379648,10.019599791666668
3,0,267,640615421619,10.025657014019306
3,3,267,641365425664,10.037394607371795
3,0,268,641768743543,10.043706548336713
3,2,267,642174906231,10.050063010676457
3,3,268,642578638848,10.056381442307693
3,0,269,642641035261,10.057357948671
3,2,268,643048108462,10.063728660575672
3,3,269,643451655680,10.07004419070513
3,1,268,643508732519,10.07093744552221
3,3,270,643919722496,10.077369455128206
3,0,271,643978374919,10.078287367898012
3,1,269,644728395077,10.090025213419597
3,2,270,645477091507,10.101742342544947
3,3,271,645882692096,10.108090008012821
3,0,272,646284855079,10.11438387480907
3,1,270,646691056879,10.12074094925318
3,2,271,647097541963,10.127102457103241
3,3,272,647156934656,10.128031955128206
3,0,273,647563919514,10.134401284461388
3,2,272,647969579406,10.140749878023588
3,3,273,648718903296,10.152476826923078
3,1,272,649122481819,10.158792846977038
3,2,273,649869048202,10.170476640781501
3,3,274,651307666944,10.192991081730769
3,0,275,651712390913,10.199325028060523
3,1,273,652117779452,10.2056693749374
3,3,275,652870815232,10.217454415064102
3,0,276,653960703829,10.234511215272562
3,1,274,654022242470,10.235474297469702
3,2,275,654429901356,10.24185417536809
3,3,276,654833398272,10.248168918269231
3,2,276,655293097048,10.25536322253105
3,3,277,655700763136,10.261743213141026
3,2,277,656445290499,10.273395096200797
3,3,278,656848375808,10.279703397435897
3,0,279,657252176982,10.286022901986929
3,1,277,657655772405,10.292339186526569
3,2,278,657718408548,10.293319444673978
3,3,279,658131140096,10.299778709935898
3,1,278,658536469518,10.306122131629357
3,2,279,659280746042,10.317770089048729
3,3,280,659687988224,10.32414344551282
3,0,281,660436784609,10.335862138937927
3,1,279,660845358495,10.342256336622972
3,2,280,661250138641,10.348591162125025
3,3,281,661311402496,10.349549943910256
3,1,280,661720696492,10.355955411345654
3,3,282,662127712256,10.362325224358974
3,0,283,662874295124,10.374009276154347
3,3,283,663624877056,10.385755913461539
3,0,284,663686728483,10.38672389077211
3,1,282,664094090080,10.393099116085738
3,3,284,664497260032,10.39940874198718
3,1,283,664554506551,10.40030465230306
3,3,285,664964997632,10.406728854166667
3,0,286,665023919151,10.407650978299655
3,1,284,665427743294,10.413970842316457
3,2,285,666175483390,10.425673004776392
3,3,286,666581431296,10.43202610576923
3,0,287,666982390274,10.438301129838992
3,1,285,667390436322,10.444687066838192
3,2,286,668134245884,10.456327716283553
3,3,287,668194612224,10.457272451923076
3,0,288,668604604830,10.463688852632963
3,1,286,669358593959,10.475488812709711
3,2,287,669763613338,10.4818273822178
3,3,288,669827520512,10.482827532051282
3,0,289,670237749577,10.489247633353992
3,1,287,670991307687,10.501040847966122
3,3,289,671393707520,10.50733842147436
3,0,290,671799584037,10.513690405226487
3,1,288,672207289473,10.52007101163424
3,2,289,672952233486,10.531729415283204
3,3,290,673355307008,10.538037532051282
3,0,291,673759361800,10.544361005734174
3,1,289,675203883497,10.56696782816569
3,3,291,675607939072,10.573291314102564
3,0,292,676013318493,10.579635518282377
3,2,291,676418433798,10.585975589036208
3,3,292,676481996288,10.586970344551283
3,0,293,676889016031,10.593340219836113
3,1,291,676950509021,10.594302587593274
3,3,293,677363033088,10.600758605769231
3,0,294,678788614415,10.623069010651417
3,1,292,679197467754,10.62946758178711
3,2,293,679259687193,10.630441318500226
3,3,294,679669970432,10.636862267628205
3,1,293,680078135189,10.64325006242801
3,2,294,680483346565,10.64959163669684
3,3,295,681232825344,10.661321009615385
3,2,295,681639402545,10.667683959100186
3,3,296,682046027264,10.67404765224359
3,1,295,682100866626,10.67490589045598
3,2,296,682507254391,10.681265875259792
3,3,297,682913171456,10.687618493589744
3,0,298,683314881982,10.693905279415816
3,2,297,683721128950,10.700263060740935
3,3,298,683782318592,10.701220681089744
3,0,299,684190606640,10.707610405398638
3,2,298,684254343904,10.708607896133815
3,3,299,684663565312,10.715012227564102
3,2,299,685066255676,10.72131434789413
3,3,300,685127868928,10.72227859775641
3,1,299,685539560769,10.728721591562124
3,2,300,685599620623,10.729661530683469
3,3,301,686009414144,10.736074815705129
3,1,300,686064751176,10.736940842472958
3,3,302,686477407232,10.743398926282051
3,0,303,687213874077,10.754924661912185
3,1,301,688311933653,10.772109338269356
3,2,302,688715765171,10.778429317705204
3,3,303,689464274944,10.790143525641026
3,0,304,689524290458,10.791082770839594
3,1,302,689933319334,10.797484089136368
3,2,303,690338678866,10.803827982052534
3,3,304,690741515264,10.810132387820513
3,0,305,691144697149,10.816442200473883
3,1,303,691549807202,10.822782189033704
3,2,304,691612088255,10.823756890008388
3,3,305,692024693760,10.830214182692307
3,0,306,692428655266,10.836536196445563
3,1,304,692491924118,10.837526356514173
3,2,305,692897664276,10.843876206242488
3,3,306,693302932480,10.850218669871795
3,3,307,693350384640,10.850961298076923
3,2,306,694099635386,10.862687102269883
3,3,308,695542920192,10.885274567307693
3,0,308,695603682383,10.886225498031225
3,1,306,696009138405,10.892570901019758
3,2,307,696071368846,10.893544809914614
3,3,309,696480345600,10.8999453125
3,1,307,696884518389,10.90627063284067
3,0,310,696935244137,10.907064492829152
3,3,310,697341819392,10.913427411858974
3,1,308,698095108781,10.925216420976689
3,3,311,698846347264,10.936973333333334
3,0,312,699245355891,10.943217834331806
3,3,312,699648927232,10.94953374198718
3,0,313,699708878602,10.950471983329578
3,1,310,700813755231,10.967763346839318
3,2,311,700873666757,10.96870096462152
3,3,313,701277687808,10.97502391025641
3,1,311,701683404355,10.98137339047163
3,3,314,702091172352,10.987754975961538
3,0,315,702152319103,10.988711925064479
3,1,312,702558470996,10.99506821846204
3,2,313,702965159041,11.00143290265988
3,3,315,703368898048,11.007751434294873
3,1,313,703774480937,11.014098822757036
3,3,316,704182431232,11.020483261217949
3,0,317,704582905826,11.026750704658705
3,2,315,704645334790,11.027727720446464
3,3,317,705049689600,11.034055889423078
3,3,318,705441740288,11.040191498397435
3,0,319,705843655006,11.046481479836489
3,2,317,706251515848,11.052864518354367
3,3,319,708035786752,11.08078842948718
3,0,320,708441690127,11.087140833568084
3,1,317,709195658543,11.098940469485552
3,3,320,709599413760,11.105259254807693
3,0,321,710003916790,11.111589743433244
3,1,318,710411687960,11.11797137858073
3,3,321,710817396224,11.124320729166667
3,0,322,711217188788,11.130577498810597
3,1,319,711278302457,11.131533930178911
3,2,320,712025611772,11.143229350898938
3,3,322,712429651968,11.149552596153846
3,0,323,713176977302,11.161248267571866
3,1,320,714278236283,11.178483014745469
3,2,321,714681836684,11.184799377191005
3,3,323,715089652736,11.19118171474359
3,1,321,715488596286,11.197425197284405
3,3,324,715892003328,11.203738533653846
3,2,323,716989649866,11.22091674594977
3,3,325,717741878784,11.232689158653846
3,1,322,718143417557,11.238973256538587
3,2,324,718200986951,11.239874219861154
3,3,326,718609319424,11.246264639423078
3,1,323,719012855216,11.252579990735176
3,2,325,719418518727,11.25892864093487
3,3,327,719822420480,11.265249719551282
3,0,328,720223652141,11.271529011120919
3,1,324,720628730739,11.27786850740873
3,2,326,720689274445,11.27881601883326
3,3,328,721099924480,11.285242708333334
3,2,327,721849363943,11.296971465954902
3,3,329,722253248000,11.303292267628205
3,0,330,722655069398,11.309580788605519
3,3,330,723061079552,11.315934863782052
3,0,331,723118473287,11.31683307803423
3,1,327,723523660093,11.323174267781576
3,3,331,723928272896,11.329506474358976
3,2,330,724662208556,11.340992596842447
3,3,332,725064712704,11.347291802884616
3,0,333,725466148921,11.353574295763847
3,2,331,725872016315,11.359926136740661
3,3,333,726277475328,11.366271586538462
3,0,334,726679341059,11.372560801329001
3,1,330,727084826713,11.378906668059521
3,2,332,727492868179,11.385292533350235
3,3,334,727899747328,11.391660208333334
3,2,333,728628047371,11.403058133184972
3,3,335,729030844928,11.409361931089745
3,0,336,729775884289,11.421021826938727
3,1,332,729836827031,11.421975583292644
3,3,336,730248711168,11.428421586538462
3,0,337,730645931902,11.434638106939854
3,1,333,731050899558,11.440975866980919
3,2,335,731799607688,11.452693179211739
3,3,337,733241305600,11.475255809294872
3,0,338,733303741395,11.476232931988056
3,1,334,733716691507,11.482695617785332
3,2,336,734124192464,11.489073024088542
3,3,338,734186662912,11.490050689102564
3,1,335,734591430958,11.496385325239133
3,2,337,734997406472,11.502738858298278
3,3,339,735059785728,11.503715096153847
3,1,336,735466428483,11.510079071561373
3,2,338,736212209805,11.521750579129733
3,3,340,736616559104,11.528078661858975
3,0,341,737361366254,11.539734923596505
3,1,337,737424233952,11.540718805588943
3,2,339,737832582979,11.54710948422163
3,3,341,738239983104,11.553485312500001
3,1,338,738299168481,11.55441156602126
3,3,342,738708173824,11.560812516025642
3,0,343,739450157098,11.572424583990635
3,2,341,740197823611,11.584125594873672
3,3,343,740257347584,11.585057147435897
3,0,344,740669076950,11.591500728509365
3,1,340,740729877153,11.592452254122222
3,3,344,741139061248,11.598856001602565
3,0,345,741539100009,11.60511662423941
3,2,343,742286834230,11.61681869475536
3,3,345,742691748352,11.62315561698718
3,0,346,743095167837,11.62946914809007
3,2,344,743157087851,11.630438198789939
3,0,347,743905127734,11.642145052928436
3,2,345,743966309072,11.643102543319312
3,3,346,744378935808,11.64956016826923
3,1,344,744778799677,11.655818053839267
3,3,347,746217076224,11.678327139423077
3,0,349,746619917627,11.684631623519506
3,1,345,747719766689,11.701844305404272
3,2,347,748128160845,11.708235690307617
3,3,348,748531196928,11.714543221153846
3,0,350,748933943618,11.720846222988031
3,1,346,749687915642,11.732645915370844
3,2,348,750436723097,11.744364782041892
3,3,349,750496362496,11.745298141025641
3,0,351,751591101341,11.76243084780962
3,1,347,751651829803,11.763381250672952
3,2,349,752397872000,11.775056840945513
3,3,350,753493365248,11.792201354166666
3,1,348,753899096255,11.798551060681465
3,2,350,754305462180,11.804910703688401
3,3,351,754711394304,11.811263557692309
3,0,353,754771281716,11.812200798089444
3,2,351,755179229155,11.818585191853842
3,3,352,755583953408,11.824919142628206
3,1,350,756337046181,11.836705074697642
3,2,352,756396053345,11.837628539178311
3,3,353,757153147904,11.849477099358975
3,0,355,757553991903,11.85575032400278
3,1,351,757958832255,11.862086091731145
3,3,354,758366022144,11.868458629807693
3,1,352,759460793927,11.885591852072691
3,3,355,759865136640,11.89191983173077
3,0,357,759927310489,11.892892854958559
3,2,355,760338790240,11.899332529547276
3,3,356,760743394816,11.905664607371795
3,0,358,761492594328,11.917389609750602
3,2,356,761900574767,11.923774519966322
3,3,357,762307542016,11.930143573717949
3,0,359,762711457881,11.936464873187726
3,3,358,763115907072,11.94279451923077
3,2,358,763580128450,11.950059602395083
3,3,359,763983596544,11.95637389423077
3,0,361,764386126757,11.962673508191232
3,1,357,765134857648,11.974391176632613
3,3,360,765541634560,11.980757251602565
3,0,362,765942624666,11.987032762826773
3,1,358,766001134226,11.987948439784907
3,2,360,766406770424,11.994296662535056
3,3,361,766813926400,12.000668669871795
3,2,361,767216076612,12.006962336801383
3,3,362,767622030848,12.013315536858975
3,0,364,768025518297,12.019630131601188
3,2,362,768429541627,12.025953112902519
3,3,363,768835013632,12.032298766025642
3,0,365,769238588572,12.03861473000551
3,2,363,769642587752,12.044937333358373
3,3,364,769704643584,12.045908509615385
3,1,362,770112240941,12.052287424582458
3,3,365,770861977088,12.064020825320513
3,2,365,772994089348,12.097388467610678
3,3,366,773397521408,12.10370219551282
3,0,368,773803308861,12.110052785409781
3,3,367,774211192832,12.116436185897436
3,0,369,774271915171,12.117386492935573
3,2,367,774681153588,12.123791090557392
3,3,368,775084219904,12.130099094551282
3,0,370,775831696545,12.141797133929913
3,1,366,776236359762,12.148130129488433
3,3,369,776643345408,12.154499471153846
3,0,371,777045019239,12.160785682701698
3,2,369,777791525310,12.172468532620943
3,3,370,778542681088,12.184224150641025
3,2,370,778942045552,12.190474220502805
3,3,371,779001953792,12.191411786858975
3,0,373,779410785338,12.197810016933344
3,2,371,779815365002,12.204141704884066
3,3,372,780218673152,12.210453493589744
3,1,370,780279340982,12.211402947559845
3,2,372,780688688071,12.21780924590282
3,3,373,781091560448,12.22411421474359
3,0,375,781494394226,12.230418579508465
3,3,374,781899581952,12.236759783653847
3,0,376,781963363079,12.23775796084673
3,1,372,782368672665,12.244101072105995
3,3,375,782772628480,12.250422996794873
3,1,373,782834323350,12.251388523982122
3,2,375,783579967475,12.263057884411934
3,3,376,785021766144,12.285622091346154
3,0,378,785082177262,12.286567527763172
3,1,374,785487237913,12.292906743179714
3,2,376,786231904399,12.304560803520008
3,3,377,787676453888,12.327168060897437
3,0,379,788081125737,12.3335011915471
3,2,377,788485071328,12.339822956229968
3,3,378,789235135488,12.351561490384615
3,0,380,789637417839,12.357857225294847
3,1,376,790045052250,12.364236720158504
3,2,378,790451740149,12.37060140207144
3,3,379,790858388992,12.37696547275641
3,0,381,791259110679,12.383236783212515
3,2,379,792007506105,12.394949201613207
3,3,380,792756274688,12.406667459935898
3,0,382,793159419719,12.412976695822692
3,1,378,793564006344,12.419308492713341
3,3,381,793969014784,12.425646891025641
3,0,383,794357076770,12.431720076653896
3,3,382,794760619520,12.438035536858974
3,0,384,795161796329,12.444313969992614
3,1,380,795913798181,12.456082829104693
3,2,382,796663705413,12.467818907329853
3,3,383,797068874240,12.474159815705129
3,2,383,797473057180,12.480485294909355
3,3,384,797876564992,12.486800208333333
3,2,384,798281178611,12.493132427681164
3,3,385,798340808704,12.49406564102564
3,0,387,799091334842,12.505811405154498
3,2,385,799840295120,12.517532663511618
3,3,386,800247213056,12.523900945512821
3,2,386,800648703255,12.530184283212515
3,3,387,801055209984,12.536546129807693
3,0,389,801459367051,12.542871204098432
3,1,385,801866073688,12.54923617926182
3,2,387,802272129478,12.55559096864358
3,3,388,802678418944,12.561949415064102
3,2,388,803080498227,12.568241971951998
3,3,389,803486291456,12.57459265224359
3,2,389,803889164419,12.580897630255285
3,3,390,803950550528,12.581858325320514
3,0,392,804359463855,12.58825783527081
3,2,390,806493292862,12.621652344720303
3,3,391,806898044928,12.627986730769232
3,0,393,807643514017,12.639653351878632
3,2,391,808047152136,12.64597030461238
3,3,392,808450588672,12.652284102564103
3,0,394,809537844453,12.66929969909668
3,1,390,809943544065,12.67564891427847
3,2,392,810347045193,12.681963723097581
3,3,393,810753253376,12.688320897435897
3,0,395,811154242704,12.694596396484375
3,2,393,811560421068,12.700953104154147
3,3,394,812656492544,12.718106666666667
3,0,396,813059532962,12.72441426535582
3,2,394,813465788675,12.730772183540541
3,3,395,813868667392,12.737077251602564
3,2,395,814273979721,12.74342040578989
3,3,396,814676613120,12.749721634615385
3,1,394,815081961790,12.756065357540816
3,3,397,815489640960,12.762445552884616
3,0,399,815552465874,12.76342876530574
3,1,395,815956847671,12.769757356629983
3,2,397,816364352783,12.77613482795911
3,3,398,816767048192,12.78243702724359
3,1,396,817518672163,12.79419997250288
3,3,399,817925811712,12.80057172275641
3,1,397,818663841968,12.812121925831331
3,2,399,819408525532,12.82377625344301
3,3,400,819813509632,12.830114270833334
3,1,398,820220034933,12.836476408081055
3,3,401,820627031552,12.842845921474359
3,0,403,820689177939,12.843818514920748
3,1,399,821446921856,12.855677237580128
3,2,401,821851400654,12.86200734697391
3,3,402,822255380480,12.868329647435898
3,0,404,822658136886,12.874632801325872
3,2,402,823064446310,12.880991560089894
3,3,403,823467711488,12.88730267628205
3,1,401,823528797245,12.888258670826447
3,3,404,823935612928,12.894625352564104
3,0,406,823991647306,12.89550229282477
3,1,402,824396561217,12.901839211754432
3,3,405,824802454528,12.908191458333334
3,0,407,825546454099,12.91983508142716
3,1,403,826294816696,12.931546986052684
3,3,406,826699728896,12.93788387820513
3,0,408,827446133391,12.949565138455904
3,1,404,828197646436,12.96132634771885
3,2,406,829290555573,12.978430419499324
3,3,407,829697032704,12.984791802884615
3,0,409,830103219413,12.991148641153972
3,1,405,830857512470,13.002953357716097
3,2,407,830915982171,13.003868410879281
3,3,408,833051160064,13.037284030448719
3,2,408,833447327812,13.043484071577023
3,3,409,833853678080,13.049843469551282
3,0,411,834257216877,13.056158867891753
3,0,412,834305155378,13.056909107353015
3,2,409,834715663269,13.063333572293795
3,3,410,835466044928,13.075077075320513
3,0,413,836213635417,13.086776896424904
3,2,410,836619152342,13.093123252547826
3,3,411,837024490496,13.099466810897436
3,1,409,837430102757,13.105814659032578
3,2,411,837834083137,13.11213696816469
3,3,412,838237210624,13.11844592948718
3,0,415,838639554281,13.124742623838767
3,2,412,839043834586,13.131069626809145
3,3,413,839106086912,13.13204387820513
3,1,411,839510386340,13.138371180451223
3,3,414,839917114880,13.144736498397437
3,0,417,839978307060,13.145694158466046
3,1,412,840732151701,13.157491857299805
3,2,414,840793529162,13.158452417023488
3,3,415,841205296640,13.164896594551282
3,0,418,841609059198,13.171215494760366
3,3,416,842013038080,13.177537780448718
3,2,416,842405413373,13.183678469504333
3,3,417,842809703936,13.19000563301282
3,2,417,843203429969,13.19616746120355
3,3,418,844296577536,13.213275264423077
3,0,421,844697665941,13.219552314030574
3,1,416,845448653984,13.231305306991187
3,3,419,845854017024,13.237649254807693
3,1,417,846258450548,13.243978655661559
3,2,419,847007931518,13.255708062869342
3,3,420,847411349504,13.262021570512822
3,0,423,847814930826,13.268337634371244
3,1,418,848221038625,13.274693237695939
3,2,420,848628225359,13.28106572639661
3,3,421,849034094080,13.287417588141025
3,0,424,849436035889,13.293707993555314
3,1,419,849843066354,13.300078036639874
3,2,421,850937289360,13.317202670522837
3,3,422,852032063488,13.33433592948718
3,1,420,852438043277,13.340689529450247
3,3,423,852844922880,13.347057211538463
3,0,426,853245585280,13.353327594150642
3,1,421,854000014169,13.365134436489008
3,2,423,854407081860,13.37150506216196
3,3,424,854812196864,13.377845128205129
3,1,422,855215856187,13.384162412782327
3,2,424,855276071876,13.385104790727665
3,3,425,855684546048,13.391497427884616
3,0,428,856085432543,13.397771317592523
3,1,423,856837771275,13.4095454488901
3,2,425,857930776656,13.42665102689303
3,3,426,858681189888,13.438395024038462
3,0,429,859432979351,13.450160559254183
3,1,424,859840057237,13.456531344479293
3,2,426,859902331975,13.457505946623973
3,3,427,860313739264,13.463944487179488
3,1,425,860376281293,13.464923272439028
3,3,428,860787006464,13.471351137820513
3,1,426,861173599861,13.477401339972081
3,2,428,862961195024,13.505377275891426
3,3,429,863367535104,13.511736514423077
3,1,427,864120897824,13.523526671173878
3,2,429,864527857357,13.529895604169797
3,3,430,864935034880,13.53626794871795
3,0,433,865337104682,13.542560357227815
3,2,430,865742551124,13.548905610288962
3,3,431,865803752448,13.549863413461539
3,0,434,866899088152,13.567005461112782
3,1,429,867305104831,13.573359638405824
3,2,431,867708557384,13.57967368702424
3,3,432,868113780736,13.58601544871795
3,1,430,868521155744,13.592390883914263
3,2,432,868926978006,13.598742018573468
3,3,433,869331241472,13.605068758012822
3,2,433,869735249986,13.611391507443159
3,3,434,870138645504,13.61770466346154
3,2,434,870543617190,13.624042486572266
3,3,435,870602734080,13.624967668269232
3,1,433,871010346336,13.63134681640625
3,2,435,871071121797,13.632297954805814
3,3,436,871824041472,13.644081177884615
3,0,439,872229288352,13.650423307792469
3,1,434,873329797938,13.667646326904297
3,2,436,873733309446,13.673961298170823
3,3,437,874482240512,13.685682099358974
3,0,440,874887058910,13.69201752350636
3,1,435,875291955932,13.698354178122496
3,2,437,876041328471,13.710081888380785
3,3,438,876101410816,13.71102217948718
3,0,441,876509371792,13.71740678510617
3,1,436,876913258672,13.723727630959536
3,2,438,877319995086,13.730093072134165
3,3,439,877722494976,13.736392211538462
3,0,442,878125162298,13.742693971260266
3,1,437,878529419383,13.749020610836714
3,2,439,879622036496,13.766120112429888
3,3,440,880370714624,13.777836955128205
3,0,443,880434629447,13.778837224668846
3,1,438,880848794179,13.785318919317783
3,3,441,881254316032,13.791665352564102
3,1,439,881637260247,13.79765844487117
3,3,442,882040122880,13.80396326121795
3,0,445,882787632410,13.815661815310747
3,1,440,883535232630,13.82736178870568
3,3,443,883937973248,13.833664695512821
3,1,441,884000880229,13.834649192285783
3,2,443,884404991558,13.84097355077499
3,3,444,884810824704,13.847324855769232
3,0,447,885562361048,13.85908642966246
3,1,442,885967105062,13.865420689697267
3,2,444,886027040524,13.866358682078827
3,3,445,886434109952,13.872729334935897
3,2,445,886839579495,13.87907494952862
3,3,446,887242260480,13.885376923076924
3,0,449,887645005341,13.891679896287185
3,2,446,888048569576,13.897995692733375
3,3,447,888454906880,13.904354887820514
3,0,450,888858141645,13.910665528048002
3,2,447,889263212651,13.917004905520708
3,3,448,889667310592,13.92332905448718
3,3,449,890059383808,13.929465016025642
3,0,452,890120283986,13.930418106251253
3,1,447,890526241412,13.936771356232473
3,3,450,891622626816,13.95392983173077
3,0,453,893057626649,13.9763876366092
3,1,448,893463258325,13.982735788589869
3,2,450,893866916602,13.989053056797125
3,3,451,894270492160,13.995369030448717
3,1,449,894673949092,14.001683147598659
3,2,451,895081247353,14.008057381701347
3,3,452,895488711680,14.01443421474359
3,0,455,895891475855,14.020737490218725
3,1,450,896636833618,14.032402369071765
3,2,452,897383391180,14.044086024827225
3,3,453,897447720960,14.045092788461538
3,0,456,898198092692,14.05683613613031
3,1,451,898951129368,14.068621190279448
3,2,453,899696135435,14.080280565075997
3,3,454,900103925248,14.08666249198718
3,1,452,900502501818,14.092900231276293
3,3,455,900905786880,14.099211658653847
3,2,455,901303632328,14.105437955854367
3,3,456,901707941888,14.111765416666668
3,0,459,902109177703,14.11804477324657
3,1,454,902864226362,14.129861315010267
3,2,456,902926082174,14.130829360946265
3,3,457,903335595008,14.137238253205128
3,1,455,903739282753,14.143555982587765
3,2,457,903799451315,14.144497622993665
3,3,458,904208029696,14.150891891025642
3,0,461,904610257550,14.15718677305564
3,1,456,905360836384,14.168933361879008
3,3,459,905765141504,14.175260753205128
3,0,462,906170886271,14.181610675064478
3,3,460,906923566592,14.193390152243591
3,0,463,907323088010,14.199642678441757
3,1,458,907727877580,14.205977651429787
3,3,461,907786972672,14.20690249198718
3,0,464,908197977598,14.213334735545624
3,1,459,908258705112,14.214285123572717
3,3,462,908668439040,14.220697475961538
3,1,460,909067002566,14.226935011111529
3,2,462,909127606223,14.22788346077161
3,3,463,910232003584,14.245167323717949
3,0,466,912010918984,14.273007420998598
3,1,461,912415548477,14.279339888775166
3,2,463,912823220801,14.285719976978791
3,3,464,912882266624,14.28664404647436
3,0,467,913636417508,14.298446538023338
3,1,462,914043147853,14.304811884217875
3,3,465,914448767488,14.31115984775641
3,0,468,914853827482,14.317499052890875
3,1,463,915259571477,14.323848962668395
3,2,465,915664394839,14.33018446450258
3,3,466,916071398400,14.336554086538461
3,0,469,916823112545,14.348318443024464
3,1,464,917227876059,14.35465300823505
3,2,466,917975685038,14.366356248716697
3,3,467,918379301888,14.372672868589744
3,2,467,918783618580,14.37900044101813
3,3,468,919187074560,14.385314543269232
3,2,468,919591851611,14.39164932033441
3,3,469,920340254208,14.40336185096154
3,0,472,921091307881,14.41511587103428
3,1,467,921152852019,14.41607903925969
3,3,470,921563545600,14.42250641025641
3,0,473,921961632492,14.428736486065205
3,1,468,922022177060,14.429684010980068
3,3,471,922435919360,14.436159094551282
3,0,474,922831810162,14.442354801463592
3,1,469,924275011031,14.464940952883989
3,2,471,925371253388,14.482097189691006
3,3,472,925773675520,14.488395112179488
3,0,475,925838362865,14.489407471720378
3,1,470,926248398772,14.49582455009265
3,3,473,926651644928,14.502135368589745
3,0,476,926713934436,14.503110201885518
3,1,471,927128979160,14.509605668444511
3,2,473,927189709014,14.5105560930927
3,3,474,927945532416,14.522384759615385
3,1,472,928350368728,14.528720464117589
3,3,475,929098811392,14.540433621794872
3,0,478,929498295815,14.546685569019807
3,2,475,929905674572,14.553061062888121
3,3,476,930310878720,14.559402524038463
3,2,476,930715017616,14.565727313952324
3,3,477,931118590464,14.572043245192308
3,2,477,931508539369,14.57814596117851
3,3,478,931915470848,14.584514455128206
3,0,481,932669115299,14.596309020980444
3,1,476,933056063638,14.602364777988532
3,3,479,933808114176,14.614134399038463
3,0,482,934191717333,14.620137803814227
3,1,477,934596124428,14.626466791053186
3,2,479,934995723458,14.632720531882262
3,3,480,935398332928,14.63902138621795
3,0,483,936150725037,14.650796352867713
3,1,478,936558504629,14.657178119819838
3,2,480,936963635908,14.663518440567408
3,3,481,937366646784,14.669825576923078
3,0,484,937772396370,14.67617557419997
3,2,481,938178351682,14.682528791097006
3,0,485,938930555218,14.694300806571766
3,1,480,939336022638,14.700646387939454
3,2,482,939739944707,14.706967784502078
3,3,482,940834880000,14.724103565705128
3,0,486,941237084012,14.730398074606871
3,2,483,941642709804,14.736746134502704
3,3,483,941704023552,14.737705697115386
3,0,487,942112364258,14.744096245524089
3,2,484,942516199268,14.750416279609876
3,3,484,942920180736,14.75673860576923
3,1,483,942979555571,14.757667824315782
3,2,485,943725466831,14.769341365419045
3,3,485,944477998080,14.781118509615386
3,0,489,944880244374,14.787413680232122
3,3,486,945285770240,14.793760176282051
3,0,490,945689693796,14.800081596116286
3,1,485,946095797876,14.806437141238481
3,2,487,946501849382,14.812791863575471
3,3,487,946909062656,14.819164767628205
3,1,486,947305936708,14.825375862442408
3,3,488,947711834624,14.831728181089744
3,1,487,948110444830,14.837966446783604
3,3,489,948514320384,14.844287115384615
3,0,493,948578630540,14.845293571902545
3,1,488,948990765606,14.851743502197266
3,2,490,949396379960,14.858091383087942
3,3,490,949802913280,14.864453645833335
3,1,489,950206357268,14.870767560409154
3,2,491,950265620348,14.871695029985478
3,3,491,950675424256,14.878108477564103
3,1,490,950736899113,14.879070561539088
3,3,492,951143394816,14.885432235576923
3,0,496,951203951595,14.886379951594426
3,1,491,951609383730,14.892724980750451
3,3,493,952016159232,14.899091033653846
3,2,494,953455927551,14.921623465529223
3,3,494,953860348928,14.927952676282052
3,0,497,954604097104,14.939592365034056
3,1,493,955009673609,14.945939653586363
3,3,495,955413163520,14.952254286858976
3,0,498,955816795157,14.958571138149164
3,1,494,955875312227,14.959486932639098
3,2,496,956279678219,14.965815276614459
3,3,496,956685322752,14.972163629807692
3,0,499,957089394576,14.978487370042068
3,2,497,957493277870,14.98480815977439
3,3,497,958588684800,15.001951322115385
3,0,500,958992770984,15.008275287084336
3,1,496,959397364447,15.01460719098996
3,3,498,960492118528,15.03174013621795
3,0,501,961244566560,15.043515978064905
3,2,499,961305873603,15.044475435744065
3,3,499,962061133312,15.056295280448719
3,1,498,962466528642,15.06263973360502
3,2,500,962525538369,15.06356323819674
3,3,500,962939403264,15.070040240384616
3,1,499,963687155313,15.081742589909481
3,2,501,964093891843,15.088108032899514
3,3,501,964497614848,15.094426314102565
3,0,504,964557999869,15.095371342100487
3,2,502,964960402230,15.101668955172025
3,3,502,965021319168,15.102622307692307
3,0,505,965773932196,15.114400731733273
3,1,501,966870960931,15.131569275387495
3,2,503,966931734827,15.132520389294747
3,3,503,967344294912,15.138976971153847
3,1,502,967745991228,15.145263534592848
3,3,504,968152242688,15.151621386217949
3,1,503,968902090234,15.163356530354818
3,2,505,969307379279,15.16969932014661
3,3,505,969366558720,15.170625480769232
3,0,508,969777539066,15.17705733964969
3,3,506,970183315968,15.183407764423077
3,1,505,970576492738,15.189560996625852
3,2,507,970637783431,15.190520198426858
3,3,507,971395651584,15.202380865384615
3,0,510,972143220667,15.21408035148425
3,2,508,972886906619,15.22571906642816
3,3,508,973638834176,15.237486762820513
3,1,507,974046907482,15.243873126408504
3,2,509,974107076201,15.24481476927146
3,3,509,974511629312,15.251146041666667
3,0,512,975265930150,15.262950880001753
3,2,510,975670148403,15.269276911855846
3,3,510,976075146240,15.27561514423077
3,0,513,976478387053,15.281925879109702
3,3,511,976882975232,15.288257700320512
3,0,514,977631121251,15.299966215491661
3,1,510,978382455493,15.311724626480494
3,2,512,978788728016,15.318082807742389
3,3,512,979536584192,15.329786786858975
3,1,511,979939455356,15.336091736716247
3,3,513,980344692736,15.342433717948719
3,0,516,980747930939,15.348744411981045
3,2,514,981843571332,15.365891228027344
3,3,514,982939047424,15.383035472756411
3,1,513,983345859062,15.389402091189654
3,2,515,983404560199,15.390320766335511
3,3,515,983812050432,15.396698004807693
3,1,514,984215732451,15.4030156445782
3,2,516,984621069518,15.409359185916216
3,3,516,985369745408,15.421075993589744
3,0,519,985774014294,15.427402817852315
3,2,517,985836026949,15.428373318387546
3,3,517,986247701504,15.434816041666668
3,1,516,986648314028,15.441085643717448
3,2,518,987394270471,15.452759891936473
3,3,518,987799863296,15.459107435897437
3,1,517,988205584741,15.465456992766551
3,2,519,988264185673,15.466374099700145
3,3,519,988677575168,15.472843661858974
3,3,520,989069677568,15.478980080128206
3,0,523,989471484471,15.485268374258188
3,2,521,990216980295,15.496935413771409
3,3,521,991657854976,15.51948516025641
3,0,524,992062069962,15.525811140981821
3,2,522,992465765041,15.532128985141853
3,3,522,992870310400,15.53846013621795
3,0,525,992933948490,15.539456074876052
3,1,521,993344721823,15.545884693994767
3,2,523,994089689936,15.557543474809696
3,3,523,994492514816,15.563847700320514
3,1,522,994900941405,15.570239592801608
3,3,524,995305696256,15.576574022435898
3,0,527,995706504697,15.582846690595579
3,1,523,995766574891,15.583786791538337
3,2,525,996521510477,15.595601563705053
3,3,525,997618439680,15.612768549679487
3,0,528,998363349079,15.624426411617964
3,2,526,998770613662,15.630800118658604
3,3,526,998832853504,15.631774174679487
3,0,529,999239028680,15.638130832456932
3,3,527,999644121600,15.644470552884616
3,0,530,1000392363464,15.656180568033855
3,3,528,1001142822912,15.66792528846154
3,0,531,1001545172937,15.674222082472582
3,3,529,1001950828032,15.68057060096154
3,0,532,1002703547843,15.692350696160732
3,1,528,1003109913427,15.698710333831006
3,3,530,1003514111488,15.705036049679487
3,0,533,1003916812678,15.71133833943685
3,1,529,1004320590878,15.71765748444386
3,3,531,1005416762880,15.734812620192308
3,1,530,1005473547226,15.735701297482223
3,3,532,1006575172608,15.752941778846154
3,0,535,1006627131252,15.75375493370643
3,1,531,1007033903783,15.760120940113557
3,2,533,1007096468608,15.76110008213141
3,3,533,1007506958336,15.767524262820514
3,1,532,1007570351069,15.768516361631736
3,3,534,1007980291072,15.774931939102565
3,0,537,1008381031036,15.781203535594452
3,2,535,1008788048642,15.787573377435146
3,3,535,1009537470464,15.79930185897436
3,0,538,1009595912236,15.800216475047577
3,1,534,1010005698998,15.806629654290616
3,2,536,1010413706144,15.813014982471955
3,3,536,1010820332032,15.819378693910258
3,0,539,1011574431220,15.831180376414764
3,1,535,1011634821036,15.832125479454628
3,2,537,1012039398991,15.83845714065943
3,3,537,1012788311552,15.85017765224359
3,0,540,1013190129560,15.856466120167267
3,1,536,1013594989397,15.862802192836664
3,2,538,1014342405523,15.87449928515312
3,3,538,1014745429504,15.880806626602565
3,0,541,1015148892544,15.887120839342948
3,1,537,1015212421914,15.888115076528697
3,2,539,1015625325299,15.89457703104655
3,3,539,1016718832640,15.91169046474359
3,1,538,1017464884686,15.923366209153397
3,2,540,1017525024520,15.924307399964944
3,3,540,1017936702464,15.930750176282052
3,0,543,1018342321918,15.937098136987931
3,1,539,1018746018251,15.943416000773112
3,2,541,1018808462416,15.944393254457133
3,3,541,1019218862080,15.950816025641027
3,1,540,1019967486133,15.962532022063426
3,2,542,1020372335392,15.968867929186699
3,3,542,1021121232384,15.980588197115384
3,0,545,1021524130961,15.986893575987205
3,1,541,1021930040441,15.993246075611603
3,3,543,1022333814272,15.99956515224359
3,0,546,1022736437314,16.00586621898162
3,2,544,1023141789044,16.012209989796176
3,3,544,1023203081728,16.01316922275641
3,1,543,1023609782601,16.019534107712968
3,2,545,1024014256046,16.02586413333208
3,3,545,1025109562368,16.043005721153847
3,0,548,1025510252013,16.049276530151367
3,2,546,1025914322881,16.055600255424306
3,3,546,1026321989632,16.06198025641026
3,1,545,1026706486891,16.067997653918145
3,3,547,1026764357632,16.068903333333335
3,0,550,1027173611863,16.07530817844489
3,2,548,1027919225762,16.08697706583659
3,3,548,1027982087168,16.087960849358975
3,0,551,1028392248072,16.094379883939304
3,1,547,1028453500530,16.09533848736103
3,3,549,1028863481344,16.101754703525643
3,0,552,1029261818531,16.107988696461213
3,3,550,1029665474560,16.11430592948718
3,0,553,1029706828870,16.114953126095504
3,1,549,1030114392319,16.121331510401017
3,3,551,1030866591232,16.133103453525642
3,0,554,1032645219081,16.16093905062162
3,1,550,1033050491238,16.167281576115535
3,2,552,1033456235598,16.17363149160532
3,3,552,1034204678656,16.18534465544872
3,0,555,1034267805881,16.186332599049106
3,1,551,1034672458047,16.19266542165903
3,2,553,1035417201729,16.20432069011982
3,3,553,1035821798400,16.21065264423077
3,1,552,1036575497200,16.222448060647036
3,2,554,1036983974148,16.228840741248497
3,3,554,1037390779904,16.235207267628205
3,0,557,1037791368846,16.241476500619743
3,1,553,1038543100857,16.25324113670936
3,2,555,1038949875969,16.25960718350924
3,3,555,1039353425920,16.26592275641026
3,1,554,1039758737574,16.272265900033805
3,3,556,1040506426368,16.283967259615384
3,1,555,1040559474789,16.284797469529373
3,2,557,1041308750867,16.296523670169147
3,3,557,1041713560064,16.302858950320513
3,0,560,1042114254381,16.309129832435023
3,1,556,1042519389705,16.315470216487004
3,2,558,1042578687863,16.316398235035432
3,3,558,1042985777664,16.32276920673077
3,1,557,1043740727044,16.334584194774138
3,2,559,1044149203534,16.340976868207882
3,3,559,1044554514432,16.34732
3,0,562,1044617905458,16.348312072096604
3,1,558,1045032764730,16.35480463632437
3,3,560,1045438111232,16.361148325320514
3,0,563,1045839534316,16.367430612667768
3,1,559,1045898811927,16.368358309654823
3,2,561,1046647649589,16.38007764906663
3,3,561,1047054530048,16.386445344551284
3,2,562,1047429931926,16.392320398982122
3,3,562,1047834514432,16.398652131410255
3,3,563,1048226474496,16.404786322115385
3,0,566,1048627412637,16.411061020085263
3,2,564,1049031858755,16.417390618035732
3,3,564,1049095779328,16.4183909775641
3,0,567,1050188628103,16.43549410467686
3,1,563,1050596660945,16.44187983500163
3,2,565,1051004343877,16.448260089220877
3,3,565,1051407441408,16.45456858173077
3,0,568,1051810561045,16.460877420200447
3,1,564,1052218070179,16.467254954474033
3,2,566,1052278026127,16.468193267462315
3,3,566,1053036558336,16.480064326923078
3,2,567,1053778531473,16.491676236243617
3,3,567,1055221322240,16.514255969551282
3,0,570,1055974154914,16.526037831060947
3,1,566,1056036629553,16.52701556166429
3,2,568,1056440632074,16.533338217303935
3,3,568,1056844172288,16.539653637820514
3,0,571,1057933975688,16.55670910469251
3,1,567,1058337748915,16.56302817187187
3,2,569,1058744844377,16.569399232162084
3,3,569,1058808956416,16.570402588141025
3,0,572,1059217933281,16.576803092463567
3,3,570,1059625636352,16.583183661858975
3,0,573,1060027711947,16.589476161029523
3,2,571,1060435778787,16.595862423424354
3,3,571,1060494813184,16.596786314102566
3,0,574,1060902805306,16.603171407157703
3,2,572,1061648647762,16.61484387147561
3,3,572,1062056421888,16.621225552884617
3,0,575,1062458616129,16.627519908869818
3,2,573,1062517248644,16.628437510078626
3,3,573,1062928808448,16.6348784375
3,1,572,1063328707957,16.641136880837465
3,2,574,1063733328399,16.64746920696552
3,3,574,1063792287744,16.648391923076925
3,0,577,1064546650212,16.66019772592398
3,3,575,1064954419200,16.666579326923078
3,3,576,1066074701312,16.684111786858974
3,0,579,1066135329315,16.68506061753493
3,2,577,1066540570195,16.691402653542543
3,3,577,1066947039744,16.69776391826923
3,1,576,1067346583669,16.70401679670285
3,3,578,1067748956160,16.710313942307693
3,3,579,1068140911616,16.716448060897438
3,0,582,1068523853387,16.722441114955807
3,3,580,1068926372864,16.728740560897435
3,0,583,1069676550620,16.740480872834034
3,1,579,1070083431791,16.746848579461513
3,2,581,1070491427898,16.753233734882063
3,3,581,1070894259200,16.759538060897437
3,2,582,1071986303280,16.7766285945012
3,3,582,1072392349184,16.782983229166668
3,0,585,1073141975048,16.794714903971354
3,1,581,1073203000597,16.795669956258138
3,2,583,1073609536977,16.802032266892653
3,3,583,1074360588288,16.81378625
3,1,582,1074768080370,16.820163517409107
3,3,584,1075173833216,16.826513565705127
3,0,586,1075234533689,16.82746353053949
3,1,583,1075648275215,16.83393860199757
3,2,585,1076051531465,16.84024957846617
3,3,585,1077492973056,16.862808197115385
3,0,587,1077554342716,16.863768634753104
3,1,584,1077961009331,16.87013298357059
3,3,586,1078710939136,16.881869415064102
3,0,588,1079114262338,16.888181439334186
3,3,587,1079518712320,16.89451109775641
3,0,589,1079918484742,16.900767552177236
3,2,588,1080667923298,16.912496295604218
3,3,588,1081070488064,16.918796450320514
3,3,589,1081462608384,16.924933149038463
3,0,591,1081864012548,16.93121514028696
3,2,590,1082611328359,16.942910662669647
3,3,590,1083359693312,16.954622604166666
3,0,592,1083762453314,16.960925814334185
3,3,591,1084167155712,16.967259423076925
3,2,592,1084209197080,16.967917372170472
3,1,590,1084965521184,16.97975387469952
3,3,592,1085368032768,16.986053197115385
3,2,594,1085771719928,16.99237091734275
3,3,593,1086175702528,16.998693261217948
3,0,595,1086237604976,16.999662037009216
3,1,592,1086650024463,17.006116418503982
3,2,595,1086710868238,17.007068626020384
3,3,594,1087123662336,17.013528870192307
3,1,593,1087180452135,17.01441763282189
3,3,595,1087591382528,17.020848709935898
3,0,597,1087650715414,17.021777271978916
3,1,594,1088063810646,17.028242228910006
3,2,597,1089506159952,17.050815053335338
3,3,596,1090599426048,17.067924711538463
3,0,598,1091001528275,17.074217627500875
3,1,595,1091405193165,17.08053499920185
3,3,597,1092156856320,17.09229855769231
3,0,599,1092557561310,17.098569606839693
3,1,596,1092960965754,17.10488290255033
3,2,599,1093365088097,17.11120743340908
3,3,598,1093768215552,17.11751639423077
3,0,600,1094173118349,17.123853139225886
3,2,600,1094579490532,17.130212880170774
3,3,599,1094986113536,17.13657654647436
3,0,601,1096082523025,17.153735398903873
3,1,598,1096490694942,17.160123305757963
3,2,601,1096548259036,17.161024186135318
3,3,600,1096959519232,17.167460424679486
3,1,599,1097365823034,17.173819095458985
3,3,601,1097772568064,17.18018467147436
3,1,600,1098175962647,17.18649781285995
3,2,603,1098580793538,17.192833432523287
3,3,602,1098984990720,17.199159134615385
3,0,604,1099732384977,17.210855884681116
3,3,603,1100137986560,17.21720356570513
3,0,605,1100536575661,17.223441501104894
3,3,604,1100940105728,17.229756762820514
3,0,606,1101340463761,17.23602238207695
3,1,603,1102092850529,17.247797265139848
3,3,605,1102497834496,17.25413528044872
3,0,607,1102901254278,17.26044881619967
3,3,606,1103305667072,17.266777892628205
3,0,608,1103710836297,17.273118807232198
3,2,608,1104114369395,17.27943411638309
3,3,607,1104518268928,17.28575516025641
3,1,606,1104922689023,17.29208435094589
3,3,608,1105326030848,17.29839666666667
3,0,610,1105728592362,17.304696770489034
3,3,609,1106133886464,17.31103963942308
3,0,611,1106191917443,17.311947826569387
3,1,608,1106596176072,17.318274490309495
3,3,610,1108727003648,17.35162202724359
3,0,612,1109820655835,17.368737727786332
3,1,609,1110229006643,17.375128434291742
3,2,612,1110635500052,17.381490072428385
3,3,611,1110696583680,17.382446033653846
3,0,613,1111789401249,17.39954867239145
3,1,610,1112196132614,17.405914034549028
3,3,612,1112948328960,17.4176859375
3,0,614,1113350677146,17.42398270273062
3,1,611,1113757307861,17.430346489711663
3,3,613,1114160876032,17.43666234775641
3,2,615,1114204512984,17.437345267803487
3,0,615,1115303040623,17.45453726936536
3,1,612,1116054085961,17.466291158995016
3,3,614,1116458119680,17.472614302884615
3,0,616,1116863762040,17.478962622070313
3,3,615,1117266309632,17.48526250801282
3,0,617,1117673496646,17.491635001095503
3,1,614,1118771506669,17.50881890194624
3,2,618,1118832712010,17.509776767985027
3,3,616,1119245786112,17.516241394230768
3,1,615,1119646188793,17.522507712230194
3,2,619,1120391218722,17.534167460467998
3,3,617,1121144415744,17.545955024038463
3,1,616,1121548544934,17.552279662053035
3,2,620,1121611201463,17.553260239242164
3,3,618,1122022534144,17.559697612179487
3,2,621,1122422592516,17.565958541729266
3,3,619,1122830211072,17.57233778846154
3,0,621,1123231089050,17.578611544878054
3,2,622,1123635191685,17.584935767305815
3,3,620,1124042355200,17.591307892628205
3,1,619,1124104918937,17.592287017618816
3,3,621,1124515795968,17.598717259615384
3,0,623,1124575332003,17.599649000948393
3,2,624,1124985223879,17.606063825229743
3,3,622,1126769869824,17.63399360576923
3,0,624,1127860745659,17.651065856291943
3,1,621,1128610737941,17.66280326555301
3,2,625,1129014289544,17.669118864307894
3,3,623,1129418321920,17.67544198717949
3,0,625,1129818942887,17.681711721363556
3,1,622,1130226347222,17.688087615528595
3,3,624,1130630970880,17.69441999198718
3,0,626,1131031294316,17.700685069799178
3,2,627,1131436584339,17.70702787489671
3,3,625,1131843799552,17.71340080929487
3,0,627,1132249177359,17.71974498821552
3,1,624,1133004161173,17.73156051515237
3,3,626,1134097841152,17.748676650641027
3,0,628,1134502091132,17.755003179023937
3,1,625,1134562358106,17.755946359581582
3,3,627,1134975527936,17.76241248397436
3,0,629,1135372027652,17.768617720415165
3,1,626,1135775797811,17.774936739580205
3,3,628,1136872364032,17.792098044871796
3,0,630,1137276664609,17.798425365099785
3,2,631,1137682727150,17.804780260134965
3,3,629,1138090243584,17.811157908653847
3,1,628,1138839238361,17.8228797069217
3,2,632,1139243038118,17.829199189296624
3,3,630,1139647983616,17.835536602564105
3,0,632,1140050348772,17.841833633375902
3,2,633,1140112212971,17.842801810568787
3,3,631,1140526000128,17.849277596153847
3,0,633,1140590174226,17.850281923358626
3,1,630,1140999842802,17.856693252986027
3,3,632,1141403993088,17.863018221153848
3,1,631,1142155774934,17.874783637163212
3,2,635,1142560195803,17.88111283996582
3,3,633,1142966969856,17.887478870192307
3,1,632,1143365835445,17.89372113264035
3,3,634,1143769211392,17.900033982371795
3,1,633,1143831323292,17.901006036095254
3,3,635,1144242580992,17.907442235576923
3,0,636,1145332289429,17.924496216274164
3,1,634,1146429487434,17.941667409010666
3,2,638,1146838008354,17.94806077777569
3,3,636,1147241920000,17.954382011217948
3,0,637,1147304289142,17.955358090789012
3,1,635,1147710122839,17.961709404406427
3,2,639,1148116551055,17.96807002227001
3,3,637,1148864652288,17.979777836538464
3,0,638,1149265902927,17.98605742511456
3,1,636,1150018234100,17.997831438113483
3,2,640,1151457687241,18.02035893744053
3,3,638,1152898991104,18.042915400641025
3,0,639,1152963286599,18.04392162771372
3,1,637,1153376102061,18.0503822062331
3,2,641,1154815606231,18.072910504166043
3,3,639,1155568553984,18.08469416666667
3,0,640,1155971959000,18.091007471329128
3,3,640,1156376329728,18.09733588942308
3,0,641,1156782047900,18.10368539506961
3,1,639,1157186320428,18.110012276329627
3,3,641,1157589007360,18.11631434294872
3,0,642,1157989828728,18.122587213416466
3,2,644,1158395147417,18.128930467138048
3,3,642,1158801593344,18.135291362179487
3,0,643,1159202778657,18.14156992840107
3,2,645,1159951205734,18.153282842141177
3,3,643,1160010737664,18.15421451923077
3,0,644,1160421214692,18.160638501164364
3,2,646,1161171395319,18.17237885803223
3,3,644,1161577617408,18.17873625
3,0,645,1161982458325,18.185072026570637
3,1,643,1162045044668,18.186051505346054
3,2,647,1162449978447,18.192388735210713
3,3,645,1162511746048,18.193355400641025
3,1,644,1162917829812,18.19971062781701
3,3,646,1163668420608,18.211457403846154
3,0,647,1164064971026,18.21766343377529
3,1,645,1164469134176,18.223988603265227
3,2,649,1164528797203,18.22492233202812
3,3,647,1164935217152,18.23128282051282
3,1,646,1165338677344,18.23759698868189
3,3,648,1165743260672,18.24392873397436
3,2,651,1166138168005,18.250109049557416
3,3,649,1167236454912,18.267297283653846
3,0,650,1167637924515,18.273580299025316
3,1,648,1168392080599,18.285382871954504
3,2,652,1168799436620,18.291758010003505
3,3,650,1169205425664,18.298111754807692
3,1,649,1169607860150,18.304409870636768
3,2,653,1170012211426,18.31073798430614
3,3,651,1170418170368,18.31709125801282
3,0,652,1170819748430,18.323375970771984
3,1,650,1171223061373,18.329687834488308
3,3,652,1171626004480,18.33599391025641
3,0,653,1172375313984,18.347720634014422
3,1,651,1172435037273,18.348655305880033
3,2,655,1172845143326,18.355073482040016
3,3,653,1174286168576,18.3776255849359
3,0,654,1175036084368,18.3893617971254
3,1,652,1175439436286,18.395674270802033
3,3,654,1175844792320,18.40201810897436
3,0,655,1175907656199,18.403001931199295
3,2,657,1176315310595,18.409381738829
3,3,655,1176718202368,18.415687011217948
3,2,658,1177123314806,18.422027037103117
3,3,656,1177526363136,18.428334759615385
3,0,657,1178276689357,18.440077395035182
3,1,655,1179026537380,18.45181254663712
3,2,659,1179432786348,18.45817035926232
3,3,657,1179492167168,18.45909967147436
3,0,658,1179903855487,18.465542610160632
3,2,660,1180655864633,18.477311583424104
3,3,658,1181405272576,18.48903984775641
3,0,659,1181808682403,18.495353227711213
3,3,659,1182213304832,18.5016855849359
3,0,660,1182961823649,18.513399934410682
3,1,658,1183365158477,18.51971214062813
3,3,660,1183771619840,18.52607327724359
3,0,661,1184174790495,18.53238291414701
3,1,659,1184236564281,18.533349676372822
3,2,663,1184642018058,18.539695044227013
3,3,661,1184706235904,18.540700056089744
3,0,662,1185115944589,18.547112013424606
3,3,662,1185523569152,18.553491354166667
3,1,661,1185908744711,18.55951936709673
3,3,663,1186315404288,18.56588360576923
3,0,664,1187748679930,18.588314426989434
3,1,662,1188498224247,18.600044825580305
3,2,666,1188901866592,18.606361844451122
3,3,664,1189304630272,18.61266511217949
3,0,665,1190055883530,18.624422255765474
3,1,663,1190115860057,18.62536089081593
3,2,667,1191560408828,18.64796813695663
3,3,665,1192309435904,18.65969044070513
3,1,664,1192714828540,18.66603485170022
3,2,668,1193121051601,18.67239225887983
3,3,666,1193527828480,18.678758333333334
3,0,667,1193930219789,18.68505577344063
3,1,665,1193992031991,18.68602313687838
3,2,669,1194399400763,18.692398474481045
3,3,667,1194805501952,18.698753974358976
3,0,668,1195208222338,18.705056564534505
3,1,666,1195611773658,18.711372158860428
3,2,670,1196017520086,18.717722106714493
3,3,668,1197114532352,18.734890392628206
3,2,671,1197517163232,18.741191582031252
3,3,669,1197922727936,18.747538685897435
3,1,668,1198330015134,18.753912746863733
3,2,672,1199075928483,18.76558632065993
3,3,670,1199826260992,18.77732905448718
3,2,673,1200224006492,18.783553787497496
3,3,671,1200285372928,18.784514174679487
3,0,672,1200696482357,18.790948053714068
3,1,670,1201448675639,18.802719908713318
3,2,674,1202198072645,18.814448001881136
3,3,672,1202604050432,18.82080157051282
3,0,673,1202663386122,18.821730176438553
3,1,671,1203070277399,18.828098041225335
3,3,673,1203133388288,18.829085729166668
3,0,674,1203885673925,18.840859029525365
3,2,676,1204290942743,18.8472015027638
3,3,674,1204695339008,18.85353032051282
3,0,675,1205098428802,18.859838691938354
3,1,673,1205157676272,18.86076591721755
3,2,677,1205563794044,18.867121676620094
3,3,675,1205967512576,18.873439887820513
3,1,674,1206371614192,18.87976409430088
3,3,676,1206775642112,18.886087147435898
3,3,677,1207167897088,18.892225953525642
3,0,678,1207570687197,18.898529634868915
3,2,680,1207977620374,18.904898155392377
3,3,678,1208381001728,18.911211089743592
3,0,679,1208783025284,18.917502774501703
3,1,677,1209190590550,18.92388118724334
3,2,681,1209935443849,18.935538171214567
3,3,679,1210339197952,18.941856939102564
3,0,680,1210741236332,18.94814885585687
3,1,678,1211146995703,18.95449900626941
3,3,680,1211552074752,18.960838509615385
3,0,681,1212302313082,18.97257976953751
3,2,683,1213052866887,18.984325966656026
3,3,681,1213456286720,18.990639503205127
3,0,682,1213858119261,18.99692819857084
3,1,680,1213921130925,18.997914333636945
3,2,684,1214329252514,19.00430145285582
3,3,682,1215079726592,19.01604640224359
3,1,681,1216173619809,19.03316587491549
3,3,683,1216579070976,19.039511201923077
3,0,684,1216980676675,19.045796347202398
3,1,682,1217044920677,19.046801768407576
3,2,686,1217451204188,19.05316012163211
3,3,684,1217856782336,19.059507435897437
3,1,683,1218264153689,19.065882813892856
3,2,687,1218669166537,19.07222128119053
3,3,685,1218731735040,19.07320048076923
3,0,686,1219482793828,19.084954580891928
3,3,686,1219888736256,19.091307596153847
3,0,687,1220292923190,19.097633137864335
3,2,689,1221038679811,19.10930425886105
3,3,687,1221786941952,19.121014591346153
3,0,688,1221850407716,19.122007833095452
3,2,690,1222258183819,19.128389545444588
3,3,688,1222665376768,19.134762131410255
3,2,691,1223408448574,19.146391234944662
3,3,689,1223813257728,19.152726514423076
3,0,690,1223872843463,19.153659033563077
3,2,692,1224275864196,19.15996632418119
3,3,690,1224680787968,19.166303397435897
3,3,691,1225072988672,19.17244135416667
3,0,692,1225474032265,19.178717702464567
3,1,690,1227611249431,19.212165236738155
3,2,694,1227670137726,19.21308684091421
3,3,692,1228078199296,19.219473020833334
3,0,693,1228478795529,19.225742367929314
3,1,691,1228886493959,19.232122864692883
3,2,695,1228948330225,19.2330906047332
3,3,693,1229362021376,19.239564887820514
3,0,694,1229764069521,19.24585695739746
3,0,695,1229812001332,19.246607092159955
3,2,696,1229874970903,19.247592568468924
3,3,694,1230283669504,19.25398871794872
3,1,693,1230690003978,19.260347868746244
3,2,697,1231097485456,19.266724970202326
3,3,695,1232193081856,19.28387109775641
3,0,697,1232254529948,19.284832762858073
3,2,698,1232658381140,19.291153050192808
3,3,696,1233411651072,19.302941754807694
3,0,698,1234505926706,19.320067212320964
3,3,697,1234910845952,19.32640421474359
3,0,699,1235315874799,19.332742932426257
3,3,698,1235719299584,19.33905654647436
3,0,700,1236120497613,19.34533531170185
3,3,699,1236527572480,19.35170604967949
3,0,701,1236583715677,19.352584692961866
3,1,697,1236990850657,19.358956371710363
3,3,700,1237740563968,19.370689415064103
3,2,703,1238483089296,19.382309966195916
3,3,701,1238888236544,19.388650536858975
3,1,699,1238947665407,19.389580600945887
3,2,704,1239702966535,19.40140109385955
3,3,702,1240452101120,19.413125080128207
3,0,704,1240853516128,19.41940724108574
3,2,705,1240913756319,19.420350002488355
3,3,703,1241319682048,19.426702756410258
3,1,701,1241384135145,19.42771144996056
3,2,706,1242136856592,19.43949157076322
3,0,706,1242538571926,19.445778431834686
3,1,702,1242943868591,19.452121340879785
3,2,707,1243006272607,19.453097966230345
3,3,704,1243418946560,19.459556330128205
3,2,708,1243818633918,19.46581145329402
3,3,705,1244221575168,19.4721175
3,1,704,1244284349901,19.473099927086462
3,3,706,1244695277056,19.479530953525643
3,0,709,1245093012850,19.48575553463667
3,2,710,1245500545355,19.492133434667345
3,3,707,1246943994880,19.514723477564104
3,0,710,1247345946067,19.521014029744467
3,1,706,1248098239333,19.53278744949732
3,3,708,1248502332928,19.539111530448718
3,0,711,1248907431887,19.545451345386994
3,1,707,1249313667144,19.551808943434494
3,3,709,1249720595456,19.558177387820514
3,0,712,1250125902219,19.564520454899714
3,1,708,1250534714172,19.57091837834285
3,2,713,1250595503356,19.571869731507913
3,3,710,1250998350336,19.578174302884616
3,0,713,1251404254962,19.58452672654372
3,1,709,1251465402698,19.58548369106195
3,2,714,1251871835234,19.591844376533704
3,3,711,1252275844608,19.598167139423076
3,0,714,1252676927070,19.604444096022387
3,1,710,1253430330645,19.616234892155575
3,3,712,1254179193856,19.627954631410258
3,1,711,1254586109679,19.634322880342925
3,3,713,1254992651776,19.640685280448718
3,0,716,1255396201574,19.64700085095528
3,3,714,1255800484864,19.653327900641028
3,0,717,1257240120027,19.67585824861967
3,1,713,1257300693925,19.676806232550206
3,3,715,1257709226496,19.683199783653848
3,0,718,1258109645929,19.689466363822742
3,2,719,1258856104500,19.701148470365084
3,3,716,1259606825472,19.712897283653845
3,0,719,1260008395958,19.719181877848307
3,3,717,1260414166016,19.72553219551282
3,0,720,1260477120057,19.726517428776667
3,2,721,1260888456219,19.732954856191782
3,3,718,1261637054464,19.74467044871795
3,1,717,1262041840934,19.751005373190857
3,3,719,1262444389888,19.75730528044872
3,0,722,1262486850010,19.757969783059146
3,2,723,1262895590410,19.764366586694962
3,3,720,1262956899328,19.76532607371795
3,0,723,1263361917278,19.77166462086213
3,2,724,1263424054520,19.772637071188903
3,3,721,1263832702976,19.779032435897438
3,1,720,1263894766852,19.78000373804337
3,3,722,1264300379648,19.78635159455128
3,0,725,1264703143542,19.792654865628755
3,2,726,1265110182288,19.7990250383113
3,3,723,1266897725440,19.82700016025641
3,0,726,1267303813385,19.83335545286521
3,1,722,1268400918646,19.850525194154397
3,2,727,1268809647112,19.856921811022637
3,3,724,1268870964736,19.85788143429487
3,1,723,1269275768713,19.86421663275303
3,3,725,1269681742848,19.87057014423077
3,0,728,1270083521217,19.87685799180251
3,1,724,1270837547624,19.88865853528145
3,3,726,1271244165632,19.895022123397435
3,0,729,1271644836007,19.901292630818684
3,1,725,1272052983123,19.907680149536134
3,3,727,1273490617856,19.93017919070513
3,0,730,1273892336920,19.936466110151244
3,1,726,1273952248813,19.93740373367701
3,2,731,1274357384389,19.9437441216728
3,3,728,1274418430464,19.944699495192307
3,1,727,1274825118461,19.951064178638948
3,2,732,1275230149379,19.957402928732847
3,3,729,1276668737536,19.979916891025642
3,0,732,1277069742270,19.986192631178636
3,3,730,1277476022784,19.9925509375
3,0,733,1277533082199,19.993443919630785
3,1,729,1277947702948,19.999932750964042
3,2,734,1278352173213,20.006262726816033
3,0,734,1279097947721,20.01793412774502
3,3,731,1279502077440,20.02425877403846
3,1,731,1279907458145,20.030602998312926
3,2,736,1280652933631,20.042269719535632
3,3,732,1281403881984,20.054022091346155
3,0,736,1281464964124,20.054978029284356
3,1,732,1281868963868,20.06130064146384
3,3,733,1282276009984,20.06767092948718
3,2,738,1282665499113,20.073766449960562
3,3,734,1283072650752,20.080138389423077
3,3,735,1283464623616,20.08627278044872
3,0,739,1283870271951,20.092621193143405
3,2,740,1285664419269,20.12069967055101
3,3,736,1286414262784,20.132434751602563
3,0,740,1286814770837,20.13870271867801
3,1,736,1287222454322,20.145082981551734
3,2,741,1287280069763,20.145984665511694
3,3,737,1287691204608,20.152418942307694
3,0,741,1288092910088,20.15870564916366
3,1,737,1288497830426,20.165042668676133
3,2,742,1288901574485,20.171361279375127
3,3,738,1289308199936,20.17772498397436
3,0,742,1289709117372,20.183999357910157
3,1,738,1290114077162,20.190336994848007
3,3,739,1290520125440,20.196691666666666
3,0,743,1292300150878,20.224549136086488
3,2,744,1292703486868,20.230861360489282
3,3,740,1293106949120,20.237175560897438
3,0,744,1293166791154,20.238112091127054
3,2,745,1293570887120,20.244436209184695
3,3,741,1293973688320,20.250740064102565
3,1,741,1294378443081,20.25707449232835
3,2,746,1295477546476,20.274275504494693
3,3,742,1295881440256,20.280596458333335
3,0,746,1295941775263,20.28154070361015
3,1,742,1296346560814,20.28787561370067
3,3,743,1296753412096,20.294242852564103
3,2,748,1297498739671,20.305907258973733
3,3,744,1297905870848,20.312278878205127
3,0,748,1297970263874,20.313286631641876
3,2,749,1298375834129,20.319633822381437
3,3,745,1298778198528,20.325930841346153
3,1,745,1299182706673,20.332261410021662
3,3,746,1299585634816,20.338567251602566
3,0,750,1299969426164,20.34457360157502
3,2,751,1300376747535,20.350948197350135
3,3,747,1300781380608,20.357280721153845
3,2,752,1301185445990,20.363604360570665
3,3,748,1301588763136,20.369916290064104
3,3,749,1301980661248,20.37604951121795
3,0,753,1302724891847,20.38769674990923
3,1,749,1304164993442,20.410234397567358
3,2,754,1304572169614,20.416606720972307
3,3,750,1304978249728,20.42296189102564
3,0,754,1305381613351,20.429274547885992
3,1,750,1306133521783,20.441041944971328
3,2,755,1306191239736,20.441945233248198
3,3,751,1306945621504,20.453751338141025
3,0,755,1307699832612,20.46555477219802
3,1,751,1308107141999,20.471929180423054
3,3,752,1308859878912,20.48370954326923
3,0,756,1309260888346,20.489985356977414
3,2,757,1309663624504,20.49628819398538
3,3,753,1310411846656,20.507997900641026
3,0,757,1311846524364,20.5304506642503
3,1,753,1311909994208,20.531443969851765
3,3,754,1312320063488,20.53786157051282
3,0,758,1312722207071,20.544155133698293
3,1,754,1313129727968,20.550532852063302
3,2,759,1313191139330,20.551493942338993
3,3,755,1313602719744,20.557935192307692
3,1,755,1314010196735,20.564312223542043
3,2,760,1314755211491,20.57597173432179
3,3,756,1316195106304,20.598506145833333
3,2,761,1316592835886,20.604730629726312
3,3,757,1316997157888,20.611058285256412
3,0,761,1317401224511,20.617381944094927
3,2,762,1317806819517,20.623729522188626
3,3,758,1318899837952,20.64083530448718
3,0,762,1318959401288,20.64176747308193
3,1,758,1319363890966,20.648097752748146
3,3,759,1319423476736,20.649030272435898
3,0,763,1319832876229,20.655437390903572
3,1,759,1320239234596,20.661796915627505
3,3,760,1320644609536,20.668141049679488
3,0,764,1321051646081,20.67451118791629
3,2,765,1321455289213,20.68082821910369
3,3,761,1321862082560,20.68719455128205
3,2,766,1322259161022,20.693408845120945
3,3,762,1322663835648,20.69974201923077
3,3,763,1323055723008,20.705875072115386
3,0,767,1323458082843,20.71217201965332
3,1,763,1323864809092,20.718537301745293
3,2,768,1325654993616,20.74655376126803
3,3,764,1326058618880,20.752870512820515
3,0,768,1326805755103,20.764563224643805
3,1,764,1327213345823,20.770942035741562
3,2,769,1327618301661,20.777279610830455
3,3,765,1328716368384,20.79446439903846
3,0,769,1329119347447,20.800771037519407
3,2,770,1330209156519,20.81782659315843
3,3,766,1331304285184,20.834965400641025
3,0,770,1332057588186,20.846754622802735
3,1,766,1332465214578,20.853133992168722
3,3,767,1332873003008,20.859515897435898
3,0,771,1332934911323,20.86048476504595
3,1,767,1333340409725,20.866830831283178
3,3,768,1333745376768,20.87316858173077
3,0,772,1334146134816,20.87944046123798
3,1,768,1334897547850,20.89120010532477
3,2,773,1335302082900,20.897531095064604
3,3,769,1335364539904,20.898508549679487
3,1,769,1335772682589,20.904895999051607
3,3,770,1336175771648,20.91120435897436
3,0,774,1336925705426,20.922940852645482
3,2,775,1337330462032,20.929275309745595
3,3,771,1337389745664,20.93020310096154
3,1,771,1337798841906,20.93660547353891
3,3,772,1338206197248,20.94298060096154
3,0,776,1338604936755,20.94922089022123
3,1,772,1339009739014,20.95555606179262
3,2,777,1339072897474,20.956544494222005
3,3,773,1339483131392,20.96296467147436
3,0,777,1339547160914,20.963966736058946
3,2,778,1340301355337,20.97576990899502
3,3,774,1340706415616,20.982109118589744
3,1,774,1340762773291,20.982991118461413
3,2,779,1341169163644,20.98935114376753
3,3,775,1341573102080,20.99567279647436
3,0,779,1341633943187,20.996624962236453
3,1,775,1342042235181,21.003014748300405
3,2,780,1342446916855,21.009348032711713
3,3,776,1342849841664,21.015653822115386
3,2,781,1343254871374,21.021992553304038
3,3,777,1343314160640,21.02292043269231
3,1,777,1343722327581,21.0293082616718
3,2,782,1343782524998,21.030250353659607
3,3,778,1345576348160,21.058323758012822
3,0,782,1345978332233,21.064614824860403
3,1,778,1346383421919,21.070954494675856
3,3,779,1347133377024,21.082691322115384
3,0,783,1347533898318,21.08895949641301
3,1,779,1347940613797,21.09532460995405
3,2,784,1348344892678,21.101651590638774
3,3,780,1349095364608,21.113396506410258
3,0,784,1349498087456,21.119699135116186
3,1,780,1349903937155,21.12605069916554
3,3,781,1350307357696,21.13236424679487
3,0,785,1350710708717,21.13867670643342
3,2,786,1351114277230,21.144992569830478
3,3,782,1351864206336,21.156728990384615
3,0,786,1352266530780,21.163025384051984
3,1,782,1352671504394,21.16936323733599
3,2,787,1353074737037,21.17567384435409
3,3,783,1353137220096,21.17665170673077
3,1,783,1353541419772,21.182977447854068
3,3,784,1353948102656,21.18934205128205
3,0,788,1354348915494,21.195614788254957
3,1,784,1355449913819,21.21284545615172
3,3,785,1355855810048,21.219197748397438
3,0,789,1356257898342,21.225490446307845
3,2,790,1356663178816,21.23183310196314
3,3,786,1357068130304,21.23817060897436
3,1,786,1357475535021,21.244546509117715
3,2,791,1358223738125,21.2562559176714
3,3,787,1358975948800,21.268028044871794
3,1,787,1359034006909,21.268936656603692
3,3,788,1359443749888,21.275349150641027
3,1,788,1360193635185,21.28708488558256
3,2,793,1360597303888,21.29340231695713
3,3,789,1361001272832,21.299724447115384
3,1,789,1361059574871,21.300636876361555
3,2,794,1361464386184,21.306972189628407
3,3,790,1361525021184,21.307921129807692
3,1,790,1361932561250,21.31429914816832
3,3,791,1362335982080,21.320612700320513
3,0,795,1362739739676,21.326931522874098
3,2,796,1363145439531,21.33328074185885
3,3,792,1363892936192,21.34497909455128
3,0,796,1364295977983,21.35128671472794
3,1,792,1364704426259,21.357678946611454
3,2,797,1365110806834,21.364038818891476
3,3,793,1365514937856,21.370363485576924
3,0,797,1365917777325,21.376667939406175
3,1,793,1365981393666,21.377663537691557
3,2,798,1366388524694,21.384035154591096
3,3,794,1366792240128,21.390353317307692
3,0,798,1367540000585,21.402055798418093
3,1,794,1367946837719,21.40842281586476
3,2,799,1368353918639,21.41479364857209
3,3,795,1368759689728,21.421143982371795
3,0,799,1369161623286,21.427434258657602
3,1,795,1369568560829,21.433802847509142
3,2,800,1369628571659,21.434742019402922
3,3,796,1370732186624,21.452013637820514
3,0,800,1371485798152,21.46380768842648
3,1,796,1371543958207,21.464717895617362
3,3,797,1372300266496,21.476554150641025
3,0,801,1372698505408,21.48278660556891
3,2,802,1373102502168,21.48910917104868
3,3,798,1373506918400,21.495438301282054
3,3,799,1374298253824,21.507822732371796
3,0,803,1374709660275,21.514261259812574
3,2,804,1375458060394,21.525973751658906
3,3,800,1375860884480,21.53227796474359
3,2,805,1376266185914,21.538620948423727
3,3,801,1376673800704,21.54500013621795
3,0,805,1377418567803,21.556655771155725
3,1,801,1378172039359,21.568447631194285
3,2,806,1378576070167,21.57477072952662
3,3,802,1378980877824,21.581105985576922
3,1,802,1379044068298,21.582094919026694
3,3,803,1379454270976,21.588514607371796
3,1,803,1380193374090,21.6000816007174
3,2,808,1380598089740,21.606415416854468
3,3,804,1381000548352,21.61271391025641
3,0,808,1381064113595,21.613708708856045
3,1,804,1381468930936,21.62004411646134
3,2,809,1381876818775,21.626427577483348
3,3,805,1381939890688,21.627414655448717
3,0,809,1382345838902,21.63376776126177
3,3,806,1382751031296,21.64010903846154
3,0,810,1382814350012,21.641099978903746
3,1,806,1383219571634,21.647441713522888
3,3,807,1384314114560,21.664571354166668
3,0,811,1386094356446,21.69243221100636
3,1,807,1386501877787,21.69880993631999
3,3,808,1386907382272,21.70515609775641
3,0,812,1387312829843,21.711501368486452
3,1,808,1387717551877,21.71783528453338
3,2,813,1388122215105,21.72416828026405
3,3,809,1388524800512,21.730468758012822
3,0,813,1388929913161,21.736808787200147
3,0,814,1388977871106,21.73755933096079
3,1,809,1389387287990,21.74396672159831
3,2,814,1389795321210,21.750352457838794
3,3,810,1390200667136,21.756696137820512
3,0,815,1390602933912,21.76299162898137
3,2,815,1391697362322,21.78011947744516
3,3,811,1391759755776,21.7810959375
3,0,816,1392856228601,21.79825578114045
3,1,811,1393263218295,21.804625186157228
3,2,816,1393668400021,21.81096629640237
3,3,812,1393727762944,21.81189532852564
3,0,817,1394134959737,21.818267974650066
3,1,812,1394538966112,21.824590690604968
3,2,817,1394946894603,21.830974787832407
3,3,813,1395699335680,21.842750520833334
3,0,818,1396105396317,21.84910538607084
3,1,813,1396512268402,21.855472950502055
3,3,814,1396916875264,21.861805064102565
3,1,814,1396978024027,21.862762044693387
3,3,815,1397384531968,21.869123910256413
3,0,820,1398133901277,21.88085156996507
3,2,820,1398883173660,21.892577712777946
3,3,816,1398943806976,21.893526626602565
3,1,816,1399348462387,21.89985949999687
3,3,817,1399754808832,21.906218838141026
3,0,822,1400500783552,21.917893372395834
3,1,817,1400905220591,21.92422282825959
3,2,822,1400966729967,21.925185452458308
3,3,818,1401722282496,21.937009879807693
3,2,823,1402125658790,21.9433227349697
3,3,819,1402529905152,21.94964920673077
3,1,819,1402592265469,21.95062514819023
3,3,820,1403003197440,21.95705625
3,0,825,1403403204808,21.963316381335137
3,1,820,1404849676763,21.985953725382487
3,2,825,1405258220615,21.99234745303423
3,3,821,1405660631552,21.998645200320514
3,1,821,1406065470671,22.00498094875238
3,3,822,1406813362176,22.016685480769233
3,0,827,1407215568690,22.022980028827373
3,3,823,1407965998080,22.034724278846156
3,0,828,1408367839043,22.041013106016504
3,1,823,1408772551521,22.047346872511643
3,2,828,1409519827907,22.0590417778915
3,3,824,1409922619392,22.06534548076923
3,0,829,1410326358314,22.07166401107397
3,1,824,1410734851362,22.078056943641077
3,2,829,1411827190547,22.095152095649915
3,3,825,1412575359488,22.10686096955128
3,1,825,1412984133596,22.113258300718652
3,3,826,1413388649472,22.119588990384617
3,0,831,1413791228759,22.125889372355143
3,2,831,1414195359310,22.13221403166942
3,3,827,1414601068544,22.1385633974359
3,0,832,1414663298774,22.139537303028597
3,2,832,1415067301537,22.145859962455553
3,3,828,1415473925120,22.152223637820512
3,1,828,1415874707869,22.158495903899365
3,2,833,1416620463986,22.170167017008463
3,3,829,1417371363840,22.181918629807694
3,0,834,1417773196532,22.18820732753656
3,2,834,1418179433553,22.19456495319073
3,3,830,1418240244736,22.195516650641025
3,1,830,1418647119204,22.201884252366288
3,3,831,1419051457024,22.20821215544872
3,0,836,1419111837184,22.209157107371794
3,1,831,1419516662869,22.215492645561024
3,2,836,1419919996617,22.221804834876426
3,3,832,1421013305856,22.23891516826923
3,0,837,1421076137958,22.239898493182842
3,1,832,1421479427108,22.24620998453776
3,3,833,1421542396416,22.24719545673077
3,0,838,1422292337056,22.258932057792467
3,1,833,1422700842784,22.265325188802084
3,3,834,1423448950784,22.277033108974358
3,0,839,1423512681309,22.278030494243914
3,1,834,1423917126157,22.284360072318837
3,3,835,1424322063872,22.29069736378205
3,3,836,1424369528832,22.291440192307693
3,1,835,1424433164012,22.29243608542418
3,3,837,1424840587264,22.298812275641026
3,0,841,1425222964380,22.30479649282602
3,2,841,1425630401355,22.31117289780837
3,3,838,1426726272000,22.328323317307692
3,0,842,1427126801619,22.334591621891903
3,1,837,1427187524697,22.335541940495418
3,2,842,1428288958481,22.352779423342973
3,3,839,1428693382656,22.359108677884617
3,0,843,1429096549029,22.365418247774564
3,1,838,1429505429562,22.371817244497446
3,3,840,1429910918656,22.3781631650641
3,2,844,1429951380665,22.378796397126028
3,0,844,1430363781667,22.385250489329803
3,1,839,1430425822232,22.386221426657652
3,2,845,1430833467621,22.39260109332745
3,3,841,1431236177408,22.398903517628206
3,0,845,1431642000788,22.405254669784156
3,1,840,1431706429465,22.40626298116048
3,2,846,1432458924979,22.41803956610264
3,3,842,1432520344576,22.41900078525641
3,0,846,1432931333362,22.425432776223207
3,1,841,1433682963497,22.437195817949345
3,2,847,1435122443334,22.45972373506986
3,3,843,1435183945728,22.460686250000002
3,1,842,1435591507702,22.467064611221705
3,2,848,1435994640015,22.47337364807129
3,3,844,1436399995904,22.47971748397436
3,0,848,1436464255694,22.48072315226237
3,2,849,1436871902932,22.487102847869092
3,3,845,1437278025216,22.493458677884615
3,0,849,1437339785789,22.49442523332645
3,1,844,1438094693399,22.506239567667645
3,3,846,1438501278720,22.51260264423077
3,1,845,1438904840192,22.518918397435897
3,2,851,1439307917313,22.52522657052847
3,3,847,1440058426368,22.536972067307694
3,0,851,1440804858995,22.548653767825396
3,1,846,1440863936955,22.5495783402663
3,3,848,1441275589632,22.556020721153846
3,0,852,1441674801677,22.56226840565217
3,2,853,1442079725675,22.568605482443786
3,3,849,1442482275328,22.574905400641025
3,2,854,1443228514841,22.586584078916893
3,3,850,1443635087360,22.592946955128205
3,1,849,1443694346862,22.593874368708686
3,3,851,1444102857728,22.600267580128207
3,0,854,1444162395449,22.60119934784718
3,1,850,1444567480700,22.607538948254707
3,3,852,1444626676736,22.608465368589744
3,2,857,1445781591293,22.62653982767741
3,3,853,1446188433408,22.632906923076924
3,0,856,1446935163113,22.64459327287723
3,1,852,1447340940593,22.65094370669634
3,2,858,1447403088839,22.651916329236155
3,3,854,1447805807616,22.65821889423077
3,0,857,1448208009825,22.66451337491549
3,3,855,1449347747328,22.682350312500002
3,0,858,1449752841838,22.68869005781125
3,1,854,1450157283253,22.69501958215958
3,2,860,1450902444747,22.70668138939491
3,3,856,1450966715904,22.707687235576923
3,0,859,1451374536212,22.714069639736078
3,1,855,1452472371598,22.73125080751077
3,2,861,1452535546750,22.732239501170625
3,3,857,1453293711360,22.74410480769231
3,0,860,1453357372892,22.745101113218652
3,1,856,1453764510153,22.75147282766489
3,2,862,1454858510531,22.76859397741073
3,3,858,1455606046208,22.780292940705127
3,1,857,1456013736068,22.786673303347857
3,2,863,1456420057539,22.79303225064791
3,3,859,1456823263232,22.799342435897437
3,1,858,1456885381503,22.8003145893273
3,3,860,1457296423936,22.806747419871794
3,0,863,1458388684808,22.823841346279046
3,1,859,1458797707895,22.83024257397774
3,2,865,1460237705740,22.852778597944212
3,3,861,1460989821952,22.864549246794873
3,1,860,1461739745048,22.876285573292268
3,2,866,1462143581255,22.882605626111154
3,3,862,1462547341312,22.888924487179487
3,0,865,1462949042833,22.89521113207695
3,2,867,1463012532361,22.8962047457338
3,3,863,1463425313792,22.902664791666666
3,0,866,1463829788162,22.90899483176207
3,1,862,1464583521799,22.92079079337878
3,2,868,1464991737481,22.927179385156876
3,3,864,1465398370816,22.933543213141025
3,0,867,1466485613654,22.950558607115134
3,1,863,1466892963802,22.956933653251454
3,3,865,1467295254016,22.96322951121795
3,0,868,1467698962976,22.969547572616186
3,1,864,1467759217848,22.970490563777044
3,2,870,1468165488205,22.976848711140953
3,3,866,1468229181440,22.977845512820515
3,1,865,1468638056411,22.984244422497873
3,2,871,1469043350653,22.990587293622923
3,3,867,1469450482176,22.996958918269232
3,1,866,1469848648889,23.003190243279874
3,3,868,1470252827648,23.00951565705128
3,0,871,1470657744108,23.015852615872898
3,1,867,1471064932258,23.022225126734025
3,3,869,1471470913024,23.02857874198718
3,2,874,1472563750796,23.045681696902545
3,3,870,1472968987136,23.052023661858975
3,0,873,1473031641781,23.053004209563426
3,1,869,1473437216370,23.05935146813026
3,3,871,1473841647616,23.065680833333335
3,0,874,1474242749061,23.071958087017354
3,3,872,1474649566720,23.07832479967949
3,2,877,1475040011929,23.084435282843174
3,3,873,1475446501376,23.09079685897436
3,1,872,1476197742072,23.102553805964543
3,2,878,1477636653896,23.125072833658855
3,3,874,1478039630336,23.131379431089744
3,0,877,1478443111661,23.137693929991112
3,2,879,1479538912160,23.154843251702726
3,3,875,1479599161856,23.155786161858973
3,0,878,1480010483931,23.162223368811976
3,1,873,1480416738967,23.168581276401618
3,2,880,1481508672931,23.185670086685572
3,3,876,1481915687936,23.192039887820513
3,0,879,1482661423433,23.203710678225786
3,1,874,1483066585144,23.210051475235378
3,2,881,1483474043331,23.216428212186372
3,3,877,1483878140416,23.222752347756412
3,0,880,1484283197155,23.229091501949995
3,1,875,1484688580135,23.235435761828303
3,2,882,1485094118025,23.241782446054312
3,3,878,1485500407296,23.248140889423077
3,0,881,1486933702466,23.270572016257262
3,2,883,1487338190885,23.276902276220078
3,3,879,1487742698496,23.283232836538463
3,1,877,1487804538317,23.28420063221467
3,3,880,1488561451520,23.296046354166666
3,1,878,1489992691057,23.318445310262046
3,3,881,1490399671808,23.324814575320513
3,0,884,1490796820849,23.331029973723584
3,1,879,1490858824801,23.332000338056517
3,2,886,1491263873075,23.33833935977251
3,3,882,1491328154112,23.339345360576925
3,0,885,1491737920147,23.34575821544158
3,1,880,1492484602973,23.35744383158366
3,3,883,1493234859008,23.369185368589743
3,1,881,1493635574328,23.375456579402044
3,2,888,1494040912558,23.381800138941056
3,3,884,1494447074816,23.388156594551283
3,3,885,1494839160320,23.394292748397437
3,0,888,1495239575709,23.40055926527757
3,2,890,1496331658761,23.417650408794696
3,3,886,1496393569280,23.418619310897437
3,0,889,1497144037072,23.430364161909054
3,1,884,1497204059553,23.43130351614145
3,2,891,1497611185540,23.43767505414914
3,3,887,1498014412800,23.443985576923076
3,1,885,1498418331288,23.45030691744291
3,3,888,1498822422016,23.456630953525643
3,1,886,1498884259991,23.457598720311875
3,3,889,1499290480640,23.46395608974359
3,0,892,1499352709497,23.464929973848783
3,1,887,1499757773731,23.471269245339418
3,3,890,1499819907072,23.472241634615386
3,0,893,1500225917178,23.478595709040714
3,2,895,1500630535046,23.484927994885567
3,3,891,1501381745152,23.496684463141026
3,0,894,1501787356911,23.503032303419847
3,1,889,1502536952692,23.51476350742438
3,2,896,1502944799988,23.521146333946817
3,3,892,1503349879808,23.527485849358975
3,0,895,1503751965919,23.533778513105343
3,1,890,1504500152125,23.545487657204653
3,3,893,1504907072512,23.551855977564102
3,0,896,1505307898060,23.558128913449018
3,1,891,1505716522542,23.564523902963494
3,3,894,1506162534400,23.571504006410258
3,0,897,1506574936657,23.577958118254834
3,1,892,1506981999094,23.584328661702475
3,2,899,1507387312152,23.590671827298678
3,3,895,1507791727616,23.59700094551282
3,3,896,1507839242752,23.597744559294874
3,0,898,1507905223041,23.598777153461164
3,1,893,1509005077718,23.615989923220905
3,2,900,1509412201489,23.622361426548103
3,3,897,1509817038336,23.62869713942308
3,1,894,1510562594223,23.640365118924656
3,3,898,1510964919808,23.646661530448718
3,1,895,1511367717239,23.652965326381587
3,2,902,1511771708235,23.65928780165452
3,3,899,1512177669120,23.665641105769232
3,0,901,1512579487097,23.67192957320776
3,3,900,1512985525760,23.678284094551284
3,1,897,1513389589585,23.684607709600986
3,2,904,1514135502998,23.69628128439879
3,3,901,1514538456064,23.70258751602564
3,0,903,1514598691601,23.703530204592976
3,1,898,1515007190046,23.70992322162335
3,2,905,1515067801282,23.710871789895084
3,3,902,1515470724608,23.717177556089744
3,1,899,1515877293349,23.723540373175204
3,2,906,1515939880207,23.724519860010393
3,3,903,1516343921152,23.73084311698718
3,2,907,1516751327604,23.737219044283353
3,3,904,1517502842368,23.74898028044872
3,1,901,1517909598765,23.755346034358098
3,3,905,1518316313088,23.761711129807694
3,2,909,1518719122820,23.768015118251704
3,3,906,1519124681728,23.774362131410257
3,1,903,1519185888802,23.775320024570565
3,3,907,1519592921600,23.781690104166668
3,0,909,1520342507898,23.79342115976187
3,1,904,1521780797636,23.815930451785356
3,2,911,1522185360526,23.822261877222306
3,3,908,1522592791040,23.828638181089744
3,1,905,1522997130168,23.83496610464243
3,2,912,1523405210138,23.841352572522286
3,3,909,1523811162624,23.847705745192307
3,0,911,1524215201661,23.85402897230882
3,2,913,1524620169665,23.8603667377961
3,3,910,1525369095680,23.872087459935898
3,0,912,1525429465409,23.873032248613406
3,2,914,1526175711388,23.88471102808243
3,3,911,1526581806592,23.891066434294874
3,1,908,1526987723366,23.897419048070663
3,2,915,1527739714945,23.90918774640988
3,3,912,1527802413568,23.910168982371797
3,0,914,1528556621109,23.921972360605093
3,1,909,1528962668153,23.928327013111605
3,3,913,1529369829376,23.934699102564103
3,2,917,1529771616639,23.9409870893273
3,3,914,1530177789952,23.94734371794872
3,0,916,1530580183795,23.953641197713218
3,3,915,1530985570304,23.959985512820513
3,0,917,1531049163873,23.96098075472318
3,1,912,1531800262461,23.972735477717475
3,2,919,1532205213841,23.97907298303849
3,3,916,1532953093632,23.99077733173077
3,0,918,1533013476422,23.991722324813452
3,1,913,1533423366964,23.99813712821765
3,2,920,1533830383445,24.00450695245205
3,3,917,1534235815424,24.010851979166667
3,2,921,1534639529409,24.017170119206355
3,3,918,1535389002240,24.028899399038462
3,0,920,1535790868993,24.03518862982334
3,1,915,1536198192888,24.04156326509916
3,2,922,1536606075874,24.047946650171525
3,3,919,1536668552704,24.048924415064103
3,1,916,1537420344335,24.06068998420911
3,2,923,1537481315343,24.061644182927058
3,3,920,1537890220544,24.06804356570513
3,1,917,1538636892409,24.079729010307116
3,2,924,1538695572417,24.080647354783277
3,3,921,1539102455808,24.08701509615385
3,0,923,1539164457118,24.087985419139375
3,2,925,1539570802690,24.094344743621043
3,3,922,1539974686720,24.100665544871795
3,1,919,1540032418568,24.10156905060597
3,3,923,1540442417664,24.107985552884617
3,0,925,1540500991425,24.10890223459097
3,1,920,1540906320933,24.115245657630336
3,3,924,1540965977600,24.116179286858976
3,3,925,1542796886016,24.144833076923078
3,0,927,1543201489368,24.15116513559195
3,1,922,1543608921244,24.15754146077474
3,2,929,1544013210912,24.16386861027644
3,3,926,1544420150784,24.170237235576923
3,0,928,1544822349704,24.176531664788662
3,2,930,1545227645119,24.18287455427121
3,3,927,1545979061248,24.194634246794873
3,0,929,1546383497602,24.20096369193835
3,1,924,1546789920613,24.207324228343474
3,2,931,1547193402070,24.21363872931065
3,3,928,1547596043776,24.219940088141026
3,0,930,1547998680885,24.22624137502817
3,2,932,1548406144105,24.232618190745818
3,3,929,1549154433024,24.244328942307693
3,0,931,1550249995675,24.261474541688578
3,2,933,1550657105924,24.267845833395935
3,3,930,1551063209472,24.27420137019231
3,0,932,1551467447159,24.28052770618928
3,3,931,1551871008256,24.28684345352564
3,0,933,1552277036855,24.29319781736716
3,1,928,1553372718267,24.310345275362454
3,2,935,1553434035321,24.31130488971417
3,3,932,1553838911488,24.31764121794872
3,0,934,1553900037843,24.31859784785344
3,2,936,1554305098435,24.32493706234663
3,3,933,1554711423488,24.33129606570513
3,1,930,1555800685718,24.348343063244943
3,2,937,1556207455481,24.35470902633276
3,3,934,1556265584128,24.35561874198718
3,1,931,1556676039593,24.36204238645896
3,3,935,1557082486784,24.36840330128205
3,1,932,1557827476345,24.38006241775904
3,3,936,1558575599104,24.391770568910257
3,0,937,1558972356823,24.39797984310835
3,2,940,1559375875254,24.4042949227201
3,3,937,1559433759232,24.405200809294872
3,1,934,1559837880866,24.411525329057742
3,3,938,1560245361664,24.417902419871794
3,0,939,1560994227298,24.429622197046527
3,1,935,1561400693009,24.43598340170836
3,2,942,1562145095970,24.447633337871846
3,3,939,1562548093952,24.453940272435897
3,0,940,1562952463964,24.460268679324418
3,1,936,1563358595773,24.466624658406577
3,3,940,1563761051136,24.472923100961538
3,0,941,1564164900895,24.479243365869767
3,1,937,1564569798049,24.48558002255171
3,3,941,1564973984256,24.491905552884617
3,0,942,1565377343966,24.49821814850636
3,1,938,1565785916055,24.504612318068286
3,2,945,1566193283864,24.51098764059996
3,3,942,1566597504000,24.51731370192308
3,2,946,1567001926540,24.523642930876903
3,3,943,1567405716992,24.529962267628207
3,0,944,1568498685407,24.547067267111753
3,2,947,1569247336740,24.558783690467248
3,3,944,1569655374848,24.56516950320513
3,1,941,1570056204834,24.571442508544923
3,3,945,1570463601152,24.57781827724359
3,0,946,1570863429555,24.584075607769307
3,2,949,1571267604242,24.590400957813753
3,3,946,1572361680896,24.60752330128205
3,0,947,1572767167481,24.613869182582757
3,2,950,1573172356938,24.62021041381836
3,3,947,1573579935744,24.62658903846154
3,1,944,1573980847036,24.63286331624349
3,3,948,1574388046848,24.639236009615384
3,0,949,1574789357969,24.645516544737205
3,1,945,1575197116592,24.65189798352364
3,2,952,1575600931971,24.65821771038349
3,3,949,1575662248960,24.659177323717948
3,1,946,1576066205107,24.66549925360264
3,2,953,1576129469825,24.666489348973982
3,3,950,1576538484224,24.672890440705128
3,2,954,1577283535676,24.684550525778747
3,3,951,1577686132224,24.690851177884618
3,0,952,1578089791121,24.6971684557949
3,1,948,1578497514923,24.703549349631285
3,3,952,1578904328704,24.709916001602565
3,1,949,1579307568007,24.716226712849934
3,3,953,1579712193536,24.722559118589743
3,3,954,1580104421888,24.72869750801282
3,0,955,1580508265002,24.735017668926535
3,2,958,1581602405546,24.752141012275892
3,3,955,1582008133120,24.7584906650641
3,1,952,1582412913402,24.764825492694563
3,2,959,1582816716865,24.771145033068535
3,3,956,1583221204992,24.777475288461538
3,1,953,1583628827123,24.783854591142703
3,2,960,1584035755467,24.790223036029523
3,3,957,1584439523328,24.79654201923077
3,0,958,1584843401188,24.802862723920775
3,1,954,1585251154916,24.80924408610026
3,2,961,1585658459791,24.815618423712316
3,3,958,1586062897152,24.821947884615387
3,1,955,1586467586777,24.82828129346016
3,2,962,1587904589343,24.85077044119028
3,3,959,1588657584640,24.86255484775641
3,0,960,1589060297283,24.868857316753683
3,1,956,1589119713945,24.869787189894456
3,2,963,1589522410237,24.876089402997923
3,3,960,1589580774912,24.877002812500002
3,1,957,1589987497344,24.88336803485577
3,2,964,1590394504523,24.889737713513497
3,3,961,1591142974976,24.901451306089744
3,0,962,1591893781434,24.913201457237832
3,2,965,1592299570565,24.919552073395558
3,3,962,1592706335744,24.92591796474359
3,1,959,1593106516281,24.932180806180515
3,3,963,1593514057728,24.938558846153846
3,0,964,1594601631186,24.9555794143442
3,3,964,1595007566336,24.96193231570513
3,0,965,1595411452858,24.96825315595578
3,2,968,1595816593547,24.97459362397023
3,3,965,1596566340608,24.98632719551282
3,1,962,1596970494423,24.99265221890963
3,3,966,1597374583808,24.99897623397436
3,0,967,1597776725887,25.00526977362217
3,2,970,1597837163138,25.006215619021685
3,3,967,1598242044416,25.01255202724359
3,1,964,1598650040518,25.018937182585887
3,3,968,1598712011776,25.01990703525641
3,0,969,1599125026972,25.026370739620894
3,0,970,1599172969579,25.02712104334122
3,1,965,1600271599289,25.044314642318334
3,3,969,1600678257152,25.050678854166666
3,0,971,1601424346821,25.062355187377932
3,1,966,1601828020599,25.068672698176456
3,2,973,1602231883737,25.074993172466574
3,3,970,1602980889600,25.08671514423077
3,0,972,1603383327978,25.093013320969803
3,2,974,1603788609735,25.0993559967041
3,3,971,1604884908032,25.11651310897436
3,0,973,1605974153572,25.133559845315006
3,1,968,1606379531239,25.139904022044647
3,2,975,1606782327498,25.14620779963567
3,3,972,1606844986880,25.14718842147436
3,0,974,1607252397789,25.153564418522762
3,1,969,1607660131328,25.15994546474359
3,2,976,1607720596206,25.160891742506763
3,3,973,1608822448128,25.17813576923077
3,0,975,1608886759025,25.179142237345378
3,2,977,1609294563787,25.18552439820901
3,3,974,1609700508160,25.191877443910258
3,1,971,1610107303974,25.198243814697268
3,2,978,1610169402900,25.199215665377103
3,3,975,1610578396160,25.205616426282052
3,1,972,1611328607027,25.217357256407126
3,2,979,1612075499597,25.229046155051208
3,3,976,1612481262592,25.23539636217949
3,1,973,1612885060597,25.241715817135542
3,3,977,1613289064448,25.248038493589743
3,1,974,1614041654246,25.259816554080277
3,2,981,1615133630539,25.27690602681478
3,3,978,1615537564672,25.283227612179488
3,0,980,1615941296193,25.28954602665828
3,3,979,1616690887680,25.30127716346154
3,0,981,1617094494796,25.307593630997097
3,1,976,1617156637088,25.30856616035657
3,2,983,1617562814344,25.3149228506861
3,3,980,1618313380352,25.326669238782053
3,1,977,1618711575645,25.332901011070838
3,2,984,1619118718049,25.339272806005233
3,3,981,1619177364992,25.34019063301282
3,0,983,1619585754505,25.346581945253032
3,3,982,1619989220352,25.352896201923077
3,0,984,1620389750126,25.359164508933045
3,2,986,1620795557650,25.365515412941956
3,3,983,1620858605056,25.366502107371797
3,0,985,1621270564077,25.372949282555215
3,2,987,1621329476629,25.373871266354293
3,3,984,1621735169024,25.380220368589743
3,1,981,1621796906897,25.381186568775668
3,2,988,1622205903949,25.387587389025565
3,3,985,1622613797376,25.3939709375
3,0,987,1623359065113,25.405634407442534
3,1,982,1623763415399,25.411962505618366
3,2,989,1624167642733,25.41828867959047
3,3,986,1624918193664,25.43003483173077
3,1,983,1624981348450,25.43102320666191
3,2,990,1625387897347,25.437385713187975
3,3,987,1625791689216,25.443705072115385
3,0,989,1626193422218,25.449992209691757
3,1,984,1626256523362,25.450979745123448
3,2,991,1626661088652,25.457311208120494
3,3,988,1627064792576,25.463629190705127
3,0,990,1627466727176,25.469919483298277
3,1,985,1627526293052,25.470851691644132
3,2,992,1627934275338,25.477236630765475
3,3,989,1627993945088,25.47817046474359
3,0,991,1628402142776,25.484558774914863
3,1,986,1628805610563,25.49087306194599
3,2,993,1629900985118,25.50801571761694
3,3,990,1630997025280,25.525168790064104
3,0,992,1631059557001,25.52614741400303
3,1,987,1631471774772,25.532598638634315
3,2,994,1631533735907,25.533568332879483
3,3,991,1631946146816,25.540022580128205
3,0,993,1632005908918,25.54095785941882
3,2,995,1632410734626,25.547293397967998
3,3,992,1632813586944,25.553598052884617
3,0,994,1633216638849,25.55990583134578
3,1,989,1633968727355,25.57167604659643
3,3,993,1634371937280,25.577986298076922
3,0,995,1634431639875,25.578920646080604
3,1,990,1634838277701,25.585284544349083
3,3,994,1635589998592,25.597049006410256
3,0,996,1635991517511,25.603332793579103
3,1,991,1636051194651,25.604266743211014
3,3,995,1636457283584,25.610622051282053
3,0,997,1636861486279,25.61694783965282
3,2,999,1636923850040,25.61792383501102
3,3,996,1637681112576,25.629775024038462
3,2,1000,1638418913359,25.64132163585174
3,3,997,1638823368192,25.647651370192307
3,0,999,1638886094934,25.6486330462177
3,1,994,1639291416839,25.65497635026981
3,3,998,1639696022528,25.66130844551282
3,2,1002,1640778433413,25.67824821922889
3,3,999,1641529289728,25.689999150641025
3,0,1001,1641931826352,25.696298864933894
3,1,996,1642340487538,25.70269442886744
3,2,1003,1642744585143,25.709018572575495
3,3,1000,1643152389120,25.71540072115385
3,1,997,1643551021141,25.72163932825333
3,2,1004,1643959494993,25.72803196040227
3,3,1001,1644365025792,25.734378533653846
3,2,1005,1644768686004,25.74069583214393
3,3,1002,1645518471168,25.75243
3,0,1004,1645921585220,25.758738751064204
3,2,1006,1646329940108,25.765129521421777
3,3,1003,1646392818688,25.76611357371795
3,0,1005,1646803051963,25.772533740907328
3,1,1000,1647901899090,25.789730742469203
3,2,1007,1648648379396,25.801413189165164
3,3,1004,1649054868992,25.807774767628207
3,1,1001,1649114138161,25.80870233249762
3,2,1008,1649521325649,25.815074832998423
3,3,1005,1649584186368,25.816058605769232
3,0,1007,1649993492303,25.822464260050456
3,1,1002,1650054184026,25.823414087946965
3,3,1006,1650465826304,25.829856306089745
3,0,1008,1651892989854,25.85219147282527
3,1,1003,1652300983066,25.85857658293895
3,2,1010,1652363442347,25.859554073188978
3,3,1007,1652773776384,25.865975817307692
3,0,1009,1652835946682,25.86694878496219
3,1,1004,1653240938307,25.873286920119067
3,2,1011,1653301300942,25.87423159777519
3,3,1008,1653711297024,25.880648052884617
3,0,1010,1654460586586,25.89237446454953
3,2,1012,1655208096519,25.904073024949295
3,3,1009,1655615013888,25.910441298076925
3,0,1011,1655675212834,25.91138341399364
3,2,1013,1656081318228,25.91773897967999
3,3,1010,1656144241664,25.91872373397436
3,0,1012,1657240451615,25.93587946362618
3,2,1014,1657648513094,25.942265642121143
3,3,1011,1657707124224,25.943182908653846
3,0,1013,1658115883425,25.949580006526066
3,1,1008,1658176676443,25.950531419693384
3,3,1012,1658588568576,25.956977548076924
3,0,1014,1658644759782,25.957856942702072
3,1,1009,1659049888619,25.964197225232247
3,3,1013,1659112120832,25.965171161858976
3,0,1015,1659523958367,25.971616435781627
3,1,1010,1660623069821,25.98881757407164
3,2,1017,1661027112324,25.995140855431192
3,3,1014,1661091000320,25.996140705128205
3,0,1016,1661843769993,26.0079215806697
3,1,1011,1662250108558,26.014280795491537
3,3,1015,1662657492480,26.02065637019231
3,0,1017,1663062985778,26.027002356551733
3,1,1012,1663470798747,26.033384645855243
3,3,1016,1663875311104,26.039715280448718
3,0,1018,1664620314172,26.051374608310798
3,1,1013,1664682940022,26.052354705372345
3,2,1020,1665088859012,26.058707353828627
3,3,1017,1665837427712,26.070422483974358
3,0,1019,1666929156704,26.0875080864383
3,2,1021,1667332791074,26.093824980500052
3,3,1018,1667740293632,26.100202411858977
3,1,1015,1668140405804,26.10646418338091
3,3,1019,1668204539904,26.107467884615385
3,0,1021,1668614912450,26.113890231401495
3,1,1016,1669367555898,26.125669131516677
3,2,1023,1669772929605,26.132013246272162
3,3,1020,1670520748032,26.143716634615384
3,0,1022,1670923132895,26.150013973842523
3,3,1021,1671328398848,26.156356402243592
3,0,1023,1671733337539,26.162693708981244
3,1,1018,1671796210959,26.163677680523215
3,2,1025,1672554666703,26.17554754330366
3,3,1022,1672961598464,26.181916041666668
3,0,1024,1673366614898,26.188254565085387
3,2,1026,1673429809935,26.18924356994629
3,3,1023,1673839201792,26.195650568910256
3,0,1025,1674242504928,26.201962279146635
3,2,1027,1674647954609,26.208307582898264
3,3,1024,1675395473920,26.220006290064102
3,1,1021,1675455986724,26.220953317871093
3,3,1025,1675862938624,26.227322131410258
3,0,1027,1676266617489,26.233639721820538
3,3,1026,1676669892608,26.239950993589744
3,0,1028,1676730057756,26.240892580566406
3,2,1030,1677140018625,26.24730848459097
3,3,1027,1677547303936,26.25368251602564
3,1,1024,1678295928605,26.265398522088468
3,3,1028,1679389021696,26.282505472756412
3,0,1030,1680478859474,26.299561477645483
3,1,1025,1680886583732,26.30594237861829
3,2,1032,1681292337541,26.312292441985303
3,3,1029,1682040513024,26.32400141826923
3,0,1031,1682102831231,26.324976700705506
3,1,1026,1682508891043,26.331331553031728
3,2,1033,1683253167496,26.342979509339944
3,3,1030,1683313661440,26.34392624198718
3,0,1032,1683722584611,26.35032590599647
3,1,1027,1683786678199,26.35132897321652
3,2,1034,1684194499015,26.357711385325896
3,3,1031,1684599026176,26.364042251602566
3,0,1033,1685344642006,26.375711169214494
3,1,1028,1686099656085,26.387527169799807
3,3,1032,1686506200064,26.393889599358975
3,1,1029,1686909778312,26.400205615109176
3,2,1036,1687315847072,26.406560607471956
3,3,1033,1687723091968,26.412934006410257
3,1,1030,1688125938324,26.419238568021335
3,3,1034,1688875276800,26.43096574519231
3,0,1036,1689277494690,26.437260471285306
3,1,1031,1689338630500,26.43821724916116
3,3,1035,1689747474432,26.444615673076925
3,1,1032,1690130610449,26.450611767092976
3,3,1036,1690532811776,26.456906233974358
3,0,1038,1690940676379,26.46328933135204
3,1,1033,1691346729475,26.469644078572593
3,3,1037,1692094750208,26.48135063301282
3,0,1039,1692496729905,26.487641631375826
3,2,1041,1692558253370,26.48860447606796
3,3,1038,1692966684160,26.494996434294873
3,1,1035,1693367920351,26.50127579675919
3,2,1042,1693776478918,26.507669754701272
3,3,1039,1694184068096,26.514048541666668
3,2,1043,1694585685310,26.5203338671562
3,3,1040,1694991622656,26.526686802884615
3,3,1041,1695383520256,26.532820016025642
3,0,1043,1695784800333,26.53910006530762
3,2,1045,1695846608578,26.54006736681816
3,3,1042,1697291239936,26.562675905448717
3,0,1044,1698043025082,26.574441373103216
3,1,1039,1698104087686,26.575397005302236
3,2,1046,1698852759251,26.58711374528934
3,3,1043,1699258230784,26.593459391025643
3,0,1045,1699663934585,26.59980867176545
3,2,1047,1700072103511,26.606196531810273
3,3,1044,1700132526592,26.60714215544872
3,0,1046,1700544590302,26.61359096901918
3,2,1048,1700950823091,26.619948528442382
3,3,1045,1701353590784,26.62625185897436
3,0,1047,1702100205025,26.637936401758438
3,1,1042,1702507598447,26.64431212513459
3,2,1049,1702911676110,26.65063595674955
3,3,1046,1703315122688,26.656949911858977
3,0,1048,1704750082142,26.67940708480444
3,2,1050,1705154675826,26.68573899216872
3,3,1047,1705562403840,26.69211995192308
3,1,1044,1705968292390,26.69847212399214
3,2,1051,1706374525956,26.704829695575423
3,3,1048,1706779877888,26.711173469551284
3,1,1045,1706839968553,26.71211389086601
3,3,1049,1707247696384,26.71849484775641
3,0,1051,1707652908398,26.724836432009965
3,1,1046,1708752265767,26.742041418879584
3,2,1053,1708810885424,26.742958818860178
3,3,1050,1709220766208,26.749373469551283
3,1,1047,1709627385658,26.755737080234628
3,3,1051,1710033794560,26.762097395833333
3,1,1048,1710437353274,26.768413105875652
3,3,1052,1711186565120,26.78013830128205
3,0,1054,1711585556298,26.786382529202974
3,3,1053,1711988582400,26.792689903846156
3,1,1050,1712733217996,26.80434348075671
3,2,1057,1713480147460,26.81603295679337
3,3,1054,1713885536768,26.82237731570513
3,1,1051,1714290203556,26.82871036714994
3,2,1058,1714349798479,26.829643030082508
3,3,1055,1714763360256,26.83611528846154
3,0,1057,1715163862322,26.842383161840196
3,3,1056,1715570841600,26.848752403846156
3,1,1053,1715614439035,26.849434705450598
3,3,1057,1716027567104,26.855900176282052
3,1,1054,1716406374434,26.861828526173127
3,2,1061,1717845474650,26.884350502209788
3,3,1058,1717904601088,26.885275833333335
3,0,1060,1718311779028,26.891648184407554
3,1,1055,1718715694073,26.897969471044295
