node_id,message_transmitter_id,message_id,timestamp_bit,timestamp_seconds,clock_offset(not_used)
3,2,0,214967527511,3.3642504180282202,nan
3,3,0,216370130432,3.3862012099358973,0.0
3,2,1,217101239654,3.3976430985514323,nan
3,3,1,217830623744,3.4090579887820516,0.0
3,2,2,218565364611,3.420556712787335,nan
3,3,2,219296669696,3.432001666666667,0.0
3,2,3,220030040440,3.4434789481921073,nan
3,3,3,221434695680,3.465461858974359,0.0
3,2,4,222170058382,3.4769703147223057,nan
3,3,4,222900488704,3.4884015785256413,0.0
3,2,5,223634822310,3.499893928879958,nan
3,3,5,225038979584,3.521869046474359,0.0
3,2,6,225775073230,3.5333889415251902,nan
3,3,6,227177288192,3.5553336618589744,0.0
3,2,7,227910029514,3.566801092904898,nan
3,3,7,228643301376,3.578276826923077,0.0
3,2,8,229375501014,3.5897357805926986,nan
3,3,8,230109066240,3.6012161057692307,0.0
3,2,9,230840814296,3.6126679921624603,nan
3,3,9,232918907904,3.6451902403846157,0.0
3,2,10,233651679515,3.6566581454546023,nan
3,3,10,234384373760,3.66812483974359,0.0
3,2,11,235787171884,3.6900786865860375,nan
3,3,11,236516475904,3.701492323717949,0.0
3,2,12,237252331054,3.713008486296825,nan
3,3,12,237982162944,3.724430384615385,0.0
3,2,13,238717447731,3.73593762099046,nan
3,3,13,240120432128,3.7578943830128204,0.0
3,2,14,240852501332,3.7693512953851163,nan
3,3,14,242258023424,3.7913477724358975,0.0
3,2,15,242993794647,3.8028626215538615,nan
3,3,15,243723281920,3.8142791266025644,0.0
3,2,16,244459309669,3.8257979903627053,nan
3,3,16,245188889600,3.8372159455128205,0.0
3,2,17,245924502632,3.8487283189352968,nan
3,3,17,246654074368,3.8601461458333333,0.0
3,2,18,247389950057,3.8716626298483825,nan
3,3,18,248119879680,3.883086057692308,0.0
3,2,19,249525088639,3.9050776341990936,nan
3,3,19,250258387968,3.916553798076923,0.0
3,2,20,250990314883,3.928008483620668,nan
3,3,20,252396743168,3.9500191426282054,0.0
3,2,21,253131282586,3.961514713948568,nan
3,3,21,253863082496,3.9729674118589746,0.0
3,2,22,254595545211,3.9844304826941856,nan
3,3,22,255329264128,3.9959132131410255,0.0
3,2,23,256064224397,4.0074153707964,nan
3,3,23,256795361792,4.018857700320513,0.0
3,2,24,257527304825,4.030312638111604,nan
3,3,24,258261365760,4.041800721153846,0.0
3,2,25,259665551736,4.063776287935697,nan
3,3,25,260399744000,4.0752664262820515,0.0
3,2,26,261136482157,4.0867964079558545,nan
3,3,26,261866162176,4.098215929487179,0.0
3,2,27,262602063760,4.109732818760016,nan
3,3,27,263332966912,4.121171482371795,0.0
3,2,28,264737494667,4.143152398008689,nan
3,3,28,265471517696,4.154639887820513,0.0
3,2,29,266208327833,4.1661709959842,nan
3,3,29,266937227776,4.177578309294872,0.0
3,2,30,267674003579,4.1891088801300835,nan
3,3,30,268403036160,4.200518269230769,0.0
3,2,31,269139775637,4.212048271562625,nan
3,3,31,270541817344,4.233990280448718,0.0
3,2,32,271275373460,4.245470463053386,nan
3,3,32,272007751680,4.256932211538461,0.0
3,2,33,273410520753,4.278885603731596,nan
3,3,33,274140684800,4.290312700320513,0.0
3,2,34,274875486880,4.301812382311699,nan
3,3,34,275606737920,4.313256490384616,0.0
3,2,35,276340958367,4.324747069796048,nan
3,3,35,277072644096,4.336197980769231,0.0
3,2,36,278473831338,4.35812661724384,nan
3,3,36,279205245440,4.36957327724359,0.0
3,2,37,280605722827,4.39149080445901,nan
3,3,37,281337434112,4.402942115384615,0.0
3,2,38,282737131971,4.424847442955604,nan
3,3,38,283470436864,4.436323693910256,0.0
3,2,39,284205787598,4.447831962358523,nan
3,3,39,284936196608,4.459262892628205,0.0
3,2,40,285669147580,4.470733604705028,nan
3,3,40,286401912832,4.48220141025641,0.0
3,2,41,287137960394,4.493720584090795,nan
3,3,41,287867359232,4.505135705128205,0.0
3,2,42,288601506729,4.5166251428692155,nan
3,3,42,290005010432,4.538590032051282,0.0
3,2,43,290739479729,4.550084505975185,nan
3,3,43,291470020608,4.5615175,0.0
3,2,44,292202909871,4.572987246328501,nan
3,3,44,293606760448,4.594957564102565,0.0
3,2,45,294341151662,4.606450816024389,nan
3,3,45,295072015872,4.617888870192308,0.0
3,2,46,295804739516,4.629356024576823,nan
3,3,46,296537252352,4.640819879807692,0.0
3,2,47,297268653477,4.652266336716872,nan
3,3,47,298002388992,4.663749326923077,0.0
3,2,48,298738648990,4.675271825389373,nan
3,3,48,300138818048,4.69718452724359,0.0
3,2,49,300874938527,4.708704842231946,nan
3,3,49,301603610624,4.72010858974359,0.0
3,2,50,302340415116,4.731639609562801,nan
3,3,50,303741558784,4.753567564102564,0.0
3,2,51,304476444562,4.765068555970803,nan
3,3,51,305207452160,4.776508854166667,0.0
3,2,52,305942402957,4.788010863584861,nan
3,3,52,306673251840,4.799448677884616,0.0
3,2,53,307406279045,4.810920583010943,nan
3,3,53,308138982912,4.822387427884616,0.0
3,2,54,308869798799,4.833824725795648,nan
3,3,54,309598937600,4.84523577724359,0.0
3,2,55,310333356426,4.8567294612943215,nan
3,3,55,311736530432,4.878689190705129,0.0
3,2,56,313139167613,4.900640518783178,nan
3,3,56,313869384704,4.912068445512821,0.0
3,2,57,314605349770,4.923586328281501,nan
3,3,57,315335224320,4.935008894230769,0.0
3,2,58,316070893438,4.946522145401392,nan
3,3,58,316801029632,4.957948806089743,0.0
3,2,59,317536438101,4.969457978093074,nan
3,3,59,318938694656,4.991403349358975,0.0
3,2,60,319671690343,5.002874761227339,nan
3,3,60,320404323840,5.014340504807692,0.0
3,2,61,321806638442,5.036286784511469,nan
3,3,61,322537071104,5.047718084935898,0.0
3,2,62,323940701815,5.069684961798252,nan
3,3,62,324669693952,5.081093717948718,0.0
3,2,63,325403775079,5.09258211699657,nan
3,3,63,326135571968,5.104034767628205,0.0
3,2,64,326867087959,5.115483022194887,nan
3,3,64,327596180992,5.126893357371795,0.0
3,2,65,328330503754,5.1383855380170775,nan
3,3,65,329062740992,5.149845080128205,0.0
3,2,66,330463734605,5.171770686301207,nan
3,3,66,331196909056,5.183244895833334,0.0
3,2,67,331932675360,5.19475966796875,nan
3,3,67,332663450112,5.206196322115384,0.0
3,2,68,334064859157,5.228128429815831,nan
3,3,68,334796942336,5.239585560897436,0.0
3,2,69,335527943693,5.251025761421399,nan
3,3,69,336257677824,5.262446129807692,0.0
3,2,70,336991035912,5.273923213266226,nan
3,3,70,337723961856,5.2853935336538465,0.0
3,2,71,338456044019,5.2968506488350116,nan
3,3,71,339190406656,5.308343453525641,0.0
3,2,72,339925888986,5.3198537814565805,nan
3,3,72,340656520704,5.331288197115385,0.0
3,2,73,342057993940,5.3532213094075525,nan
3,3,73,342789500928,5.364669423076923,0.0
3,2,74,343522226360,5.37613660544371,nan
3,3,74,344255089664,5.387605945512821,0.0
3,2,75,344987615901,5.399070010469877,nan
3,3,75,345720906240,5.410546033653846,0.0
3,2,76,346453162115,5.422005867434771,nan
3,3,76,347186660352,5.43348514423077,0.0
3,2,77,347918248039,5.444934520842724,nan
3,3,77,348647323136,5.456344575320513,0.0
3,2,78,350053769574,5.4783555184232275,nan
3,3,78,350785741824,5.489810913461539,0.0
3,2,79,351519148887,5.501288763380784,nan
3,3,79,352924172288,5.523277435897436,0.0
3,2,80,353659071542,5.534778638665615,nan
3,3,80,354390581248,5.546226794871795,0.0
3,2,81,355124356139,5.557710401313978,nan
3,3,81,355856960512,5.569175689102564,0.0
3,2,82,356589679636,5.580642772748899,nan
3,3,82,357323905024,5.59213342948718,0.0
3,2,83,358060466677,5.603660648866311,nan
3,3,83,358790903296,5.615092011217949,0.0
3,2,84,360195356889,5.637071766216572,nan
3,3,84,360924795392,5.6484875080128205,0.0
3,2,85,361660527838,5.660001750269181,nan
3,3,85,362391119872,5.6714355448717955,0.0
3,2,86,363125987510,5.682936252848307,nan
3,3,86,363857771520,5.694388701923077,0.0
3,2,87,364590659223,5.705858423837515,nan
3,3,87,365324325888,5.717340336538462,0.0
3,2,88,366059180658,5.728840843130259,nan
3,3,88,366790623232,5.740287948717949,0.0
3,2,89,368190782794,5.762200501959385,nan
3,3,89,368923999744,5.773675376602564,0.0
3,2,90,369659179848,5.785180974684495,nan
3,3,90,370389885440,5.796616546474359,0.0
3,2,91,371123605294,5.808099291585287,nan
3,3,91,371855668736,5.819556113782052,0.0
3,2,92,372588576503,5.831026149698894,nan
3,3,92,373993305088,5.853010208333333,0.0
3,2,93,374728097788,5.864509743527144,nan
3,3,93,375458644480,5.875942828525641,0.0
3,2,94,376193385430,5.887441553829878,nan
3,3,94,376923900416,5.898874142628205,0.0
3,2,95,377658269620,5.910367050092648,nan
3,3,95,378389490688,5.921810689102564,0.0
3,2,96,379123297179,5.933294790086013,nan
3,3,96,379855401472,5.944752251602564,0.0
3,2,97,381257833098,5.966700362736629,nan
3,3,97,381988288000,5.978132011217949,0.0
3,2,98,382722365532,5.989620354003907,nan
3,3,98,383454103552,6.001072083333334,0.0
3,2,99,384184787029,6.012507309022562,nan
3,3,99,384914066944,6.023920568910256,0.0
3,2,100,385647457309,6.035398157505133,nan
3,3,100,386379987456,6.046862283653846,0.0
3,2,101,387116010491,6.058381073639699,nan
3,3,101,387845675008,6.069800352564103,0.0
3,2,102,389249762019,6.0917743705397385,nan
3,3,102,389978446336,6.103178309294872,0.0
3,2,103,390711813844,6.114655540176783,nan
3,3,103,392115735040,6.136626963141026,0.0
3,2,104,392850021291,6.148118572387696,nan
3,3,104,393580747264,6.159554463141026,0.0
3,2,105,394314227092,6.171033451835437,nan
3,3,105,395045750272,6.182481818910256,0.0
3,2,106,395779065204,6.193958226975662,nan
3,3,106,396511561728,6.205421826923077,0.0
3,2,107,397244055370,6.216885381767078,nan
3,3,107,397977644544,6.228366081730769,0.0
3,2,108,399383297065,6.250364600000626,nan
3,3,108,400115877376,6.2618295112179485,0.0
3,2,109,400852322833,6.273354912125026,nan
3,3,109,401580969472,6.284758261217949,0.0
3,2,110,402317067753,6.296278228806716,nan
3,3,110,403717891584,6.318201177884616,0.0
3,2,111,404451245767,6.3296782002297425,nan
3,3,111,405182860288,6.341127996794872,0.0
3,2,112,405916114066,6.352603447797726,nan
3,3,112,406647685632,6.364052572115384,0.0
3,2,113,407380662408,6.375523688025842,nan
3,3,113,408113384960,6.386990825320513,0.0
3,2,114,408845470297,6.398447990174905,nan
3,3,114,409579144704,6.409930024038462,0.0
3,2,115,410983156529,6.431902865350185,nan
3,3,115,411717395456,6.443393733974359,0.0
3,2,116,412451107086,6.454876350379357,nan
3,3,116,413183311872,6.466335384615385,0.0
3,2,117,413913518807,6.47776315240322,nan
3,3,117,414642957312,6.489178894230769,0.0
3,2,118,415375982793,6.500650772376427,nan
3,3,118,416108218368,6.512110288461539,0.0
3,2,119,416843514006,6.523617694655199,nan
3,3,119,418245056000,6.545551883012821,0.0
3,2,120,418980017522,6.557054060277695,nan
3,3,120,419710546944,6.5684868750000005,0.0
3,2,121,420443110227,6.579951519728441,nan
3,3,121,421176374784,6.591427139423077,0.0
3,2,122,421907937044,6.602876118101462,nan
3,3,122,422637233152,6.614289631410257,0.0
3,2,123,424042188288,6.636277235576923,nan
3,3,123,424774223872,6.647733621794872,0.0
3,2,124,425505048535,6.659171057050656,nan
3,3,124,426238481408,6.670649310897436,0.0
3,2,125,426973961633,6.682159605885041,nan
3,3,125,427703033344,6.693569607371795,0.0
3,2,126,428436938622,6.705055254375751,nan
3,3,126,429167739392,6.716492315705128,0.0
3,2,127,430569348686,6.738427557310447,nan
3,3,127,431299213824,6.7498499759615385,0.0
3,2,128,432032817197,6.76133089814015,nan
3,3,128,432764249088,6.772777836538462,0.0
3,2,129,433497423367,6.784252043378781,nan
3,3,129,434229602304,6.795710673076924,0.0
3,2,130,434962161114,6.807175247802735,nan
3,3,130,435695247360,6.818648076923077,0.0
3,2,131,436426900916,6.83009848438752,nan
3,3,131,437160551936,6.84158015224359,0.0
3,2,132,437897113487,6.853107370026417,nan
3,3,132,439297919488,6.875030040064103,0.0
3,2,133,440031671896,6.886513294646434,nan
3,3,133,440762912768,6.897957243589744,0.0
3,2,134,441496621598,6.90943981617463,nan
3,3,134,442900586496,6.931411923076923,0.0
3,2,135,443636779246,6.942933369109325,nan
3,3,135,444366181888,6.954348549679487,0.0
3,2,136,445101501625,6.965856333023463,nan
3,3,136,445831508992,6.977280977564103,0.0
3,2,137,446566257290,6.988779817864834,nan
3,3,137,447296516608,7.000208405448718,0.0
3,2,138,448031050857,7.011703895874024,nan
3,3,138,448761818112,7.0231404326923075,0.0
3,2,139,450165638470,7.045110277537811,nan
3,3,139,450898889728,7.0565856891025645,0.0
3,2,140,451631012615,7.068043441615961,nan
3,3,140,452363947008,7.07951389423077,0.0
3,2,141,453095153879,7.090957311057067,nan
3,3,141,453828604928,7.102435849358975,0.0
3,2,142,454560705717,7.113893256037786,nan
3,3,142,455293073920,7.125354847756411,0.0
3,2,143,456026081408,7.1368264443108975,nan
3,3,143,456757677568,7.1482759535256415,0.0
3,2,144,458160159570,7.170224853046124,nan
3,3,144,458888653312,7.181625809294872,0.0
3,2,145,459624639235,7.1931440184764375,nan
3,3,145,461025458688,7.215066899038462,0.0
3,2,146,461759363531,7.226552539234651,nan
3,3,146,462490846720,7.238000280448718,0.0
3,2,147,463224063390,7.249475150709886,nan
3,3,147,463956699136,7.260940929487179,0.0
3,2,148,464688937328,7.272400486528445,nan
3,3,148,465422144000,7.283875200320513,0.0
3,2,149,466153778499,7.295325309542142,nan
3,3,149,466882512896,7.3067300320512825,0.0
3,2,150,467618662657,7.318250805304112,nan
3,3,150,468348184064,7.329667844551282,0.0
3,2,151,469754355666,7.3516744864595855,nan
3,3,151,470486124544,7.363126698717949,0.0
3,2,152,471218364821,7.3745862883895485,nan
3,3,152,471951783936,7.386064326923077,0.0
3,2,153,472687070033,7.397571583799705,nan
3,3,153,473418166272,7.409013269230769,0.0
3,2,154,474151202071,7.420485308853541,nan
3,3,154,474884573184,7.431962596153847,0.0
3,2,155,475617374962,7.443430973338592,nan
3,3,155,476351250944,7.454916161858975,0.0
3,2,156,477752992692,7.4768534763747,nan
3,3,156,478484671488,7.4883042788461545,0.0
3,2,157,479218040195,7.499781528492464,nan
3,3,157,479950933504,7.511251338141026,0.0
3,2,158,480681443632,7.522683850911458,nan
3,3,158,481411665408,7.534111850961539,0.0
3,2,159,482144625415,7.545582704436473,nan
3,3,159,482878026240,7.5570604567307695,0.0
3,2,160,483609101514,7.568501814058744,nan
3,3,160,484338491392,7.579916794871795,0.0
3,2,161,485743401851,7.601903699841622,nan
3,3,161,486476499968,7.61337671474359,0.0
3,2,162,487207809875,7.624821744087415,nan
3,3,162,487937283584,7.636238036858974,0.0
3,2,163,488672390395,7.647742487902519,nan
3,3,163,489403193856,7.659179591346154,0.0
3,2,164,490137185994,7.67066659771259,nan
3,3,164,491540445184,7.69262766025641,0.0
3,2,165,492271821696,7.704073731971154,nan
3,3,165,493005752320,7.715559775641026,0.0
3,2,166,493742121799,7.727083987489358,nan
3,3,166,494471738880,7.738502524038462,0.0
3,2,167,495206877445,7.750007472033379,nan
3,3,167,495937324544,7.761438998397436,0.0
3,2,168,496671639755,7.772931060869266,nan
3,3,168,497403134464,7.784378982371795,0.0
3,2,169,498806037381,7.806334469228892,nan
3,3,169,499534841856,7.817740288461539,0.0
3,2,170,500270625097,7.829255325661684,nan
3,3,170,501671956992,7.851186225961539,0.0
3,2,171,502405130251,7.862660416838818,nan
3,3,171,503137109504,7.874115921474359,0.0
3,2,172,503870034382,7.885586225179036,nan
3,3,172,504602584064,7.897050657051282,0.0
3,2,173,505333443453,7.908488635770357,nan
3,3,173,506062834688,7.919903637820513,0.0
3,2,174,506796676416,7.931388290264423,nan
3,3,174,507528325632,7.942838629807692,0.0
3,2,175,508928841224,7.964756754932893,nan
3,3,175,509660698112,7.976210344551283,0.0
3,2,176,510393749442,7.987682627234826,nan
3,3,176,511126195200,7.999145432692308,0.0
3,2,177,512528299111,8.021088415073493,nan
3,3,177,513258597376,8.032517612179488,0.0
3,2,178,513992800802,8.044007925211588,nan
3,3,178,514724326912,8.055456338141026,0.0
3,2,179,515457556964,8.06693141783103,nan
3,3,179,516190159360,8.078396674679487,0.0
3,2,180,516922554268,8.089858684332432,nan
3,3,180,517655815680,8.101334254807693,0.0
3,2,181,518386975569,8.112776936363808,nan
3,3,181,519787849728,8.134700673076923,0.0
3,2,182,520520585229,8.146168013023964,nan
3,3,182,521253430784,8.157637075320514,0.0
3,2,183,521985379284,8.169092098670372,nan
3,3,183,522718867456,8.180571217948717,0.0
3,2,184,523455251327,8.192095655032427,nan
3,3,184,524184410624,8.20350702724359,0.0
3,2,185,525588992562,8.225488790846605,nan
3,3,185,526322366976,8.236966129807692,0.0
3,2,186,527053486059,8.248408172748272,nan
3,3,186,527782610944,8.259819006410257,0.0
3,2,187,528517840286,8.27132537506886,nan
3,3,187,529248612352,8.282761987179487,0.0
3,2,188,529982032730,8.294240045479016,nan
3,3,188,530714926080,8.305709855769232,0.0
3,2,189,531446786332,8.317163498034356,nan
3,3,189,532853061632,8.339171762820513,0.0
3,2,190,533587198896,8.350661040414664,nan
3,3,190,534318932480,8.362112700320512,0.0
3,2,191,535052292437,8.373589813028971,nan
3,3,191,535784891392,8.38505501602564,0.0
3,2,192,536517073692,8.396513698354868,nan
3,3,192,537250414592,8.407990512820513,0.0
3,2,193,537981731534,8.41943565226237,nan
3,3,193,538710320640,8.43083810096154,0.0
3,2,194,539444866694,8.442333776135568,nan
3,3,194,540175787520,8.453772716346155,0.0
3,2,195,541577666854,8.475712184088291,nan
3,3,195,542308595712,8.48715125,0.0
3,2,196,543043051202,8.4986455078438,nan
3,3,196,543774462464,8.510092123397436,0.0
3,2,197,544508209800,8.521575298602764,nan
3,3,197,545240368128,8.533033605769232,0.0
3,2,198,545973275194,8.544503630715395,nan
3,3,198,546705982976,8.555970536858975,0.0
3,2,199,547438627802,8.567436457738632,nan
3,3,199,548171595264,8.578907427884616,0.0
3,2,200,549577947774,8.600916901010367,nan
3,3,200,550308620800,8.612351963141025,0.0
3,2,201,551042811931,8.623842083755884,nan
3,3,201,551774044672,8.635285905448718,0.0
3,2,202,552506505166,8.64674894152519,nan
3,3,202,553239698944,8.658223453525641,0.0
3,2,203,553971791751,8.669680735285832,nan
3,3,203,554705803264,8.681168044871795,0.0
3,2,204,555442734373,8.692701046252129,nan
3,3,204,556843702784,8.71462625801282,0.0
3,2,205,557578455988,8.726125175092648,nan
3,3,205,558309357568,8.737563814102565,0.0
3,2,206,559044134227,8.749063098254082,nan
3,3,206,560447476736,8.77102546474359,0.0
3,2,207,561179313139,8.782478733770908,nan
3,3,207,561913576448,8.793969983974359,0.0
3,2,208,562647654810,8.80545833974985,nan
3,3,208,563379840512,8.816917075320513,0.0
3,2,209,564110636350,8.828354059463893,nan
3,3,209,564840755712,8.83978045673077,0.0
3,2,210,566242274773,8.861714286186023,nan
3,2,211,567631242130,8.883451680970804,nan
3,3,210,568360721408,8.894868060897435,0.0
3,2,212,569094112582,8.906345662153196,nan
3,3,211,569827081216,8.917816650641026,0.0
3,2,213,570562454229,8.929325267756536,nan
3,3,212,571293796352,8.940770801282051,0.0
3,2,214,572694166877,8.962686656102889,nan
3,3,213,573427410432,8.974161947115386,0.0
3,2,215,574162546440,8.985666855093148,nan
3,3,214,574893748736,8.997110200320513,0.0
3,2,216,575627018923,9.008585908124875,nan
3,3,215,576358822400,9.020038661858974,0.0
3,2,217,577092526670,9.031521163079677,nan
3,3,216,577824584704,9.042977900641025,0.0
3,2,218,579228273350,9.064945684188451,nan
3,3,217,579956920832,9.076349046474359,0.0
3,2,219,580693424748,9.087875362267127,nan
3,3,218,581422831616,9.099290608974359,0.0
3,2,220,582157877769,9.110794110717773,nan
3,3,219,582888515584,9.122228621794871,0.0
3,2,221,583622687130,9.133718435903695,nan
3,3,220,584354099712,9.145165072115384,0.0
3,2,222,585087483204,9.156642553147536,nan
3,3,221,585819953664,9.168105745192308,0.0
3,2,223,586551979217,9.179561974424704,nan
3,3,222,587285596672,9.19104311698718,0.0
3,2,224,588691302235,9.213042465366462,nan
3,3,223,589423408640,9.224499959935898,0.0
3,2,225,590825372127,9.246440744675857,nan
3,3,224,591554948608,9.257858645833334,0.0
3,2,226,592288093069,9.269332386020759,nan
3,3,225,593020333568,9.280791979166667,0.0
3,2,227,593750794510,9.29222372217423,nan
3,3,226,594480186368,9.30363873397436,0.0
3,2,228,595213624494,9.3151170700308,nan
3,3,227,595945367040,9.326568870192308,0.0
3,2,229,596677191750,9.338021956223708,nan
3,3,228,597410764800,9.349502403846154,0.0
3,2,230,598817169100,9.37151268748748,nan
3,3,229,599548821504,9.382963076923078,0.0
3,2,231,600282339927,9.394442669630784,nan
3,3,230,601686582272,9.416419118589744,0.0
3,2,232,602422526677,9.427936678012946,nan
3,3,231,603152085504,9.439354302884615,0.0
3,2,233,603887698552,9.450866676557492,nan
3,3,232,604617752064,9.462292043269231,0.0
3,2,234,605353102346,9.47380030464368,nan
3,3,233,606083895296,9.485237243589744,0.0
3,2,235,606818450829,9.496733067110503,nan
3,3,234,607549509632,9.508174166666667,0.0
3,2,236,608284295984,9.519673602514022,nan
3,3,235,609687154688,9.541628397435897,0.0
3,2,237,610418994081,9.553081713256836,nan
3,3,236,611153218048,9.56457234775641,0.0
3,2,238,611888555848,9.576080413787059,nan
3,3,237,612619058688,9.5875128125,0.0
3,2,239,613352935639,9.598998016185272,nan
3,3,238,614084915712,9.610453533653846,0.0
3,2,240,614816415338,9.621901532107623,nan
3,3,239,616217463808,9.643827996794872,0.0
3,2,241,616948246760,9.655264779271835,nan
3,3,240,617677688320,9.666680568910257,0.0
3,2,242,618413202568,9.678191396359175,nan
3,3,241,619143337984,9.689618044871795,0.0
3,2,243,619877783061,9.701112139751729,nan
3,3,242,620609003008,9.71255576121795,0.0
3,2,244,621342498192,9.724034990234376,nan
3,3,243,622074613760,9.735492628205128,0.0
3,2,245,623476957707,9.75743936715933,nan
3,3,244,624207227392,9.76886811698718,0.0
3,2,246,624941841315,9.780364854313778,nan
3,3,245,625673223680,9.791811017628206,0.0
3,2,247,626406032704,9.80327950821314,nan
3,3,246,627139397632,9.814756698717948,0.0
3,2,248,627870790860,9.826203032038762,nan
3,3,247,628599927808,9.83761405448718,0.0
3,2,249,630005739844,9.859615069173177,nan
3,3,248,630737574912,9.871068317307692,0.0
3,2,250,631470521554,9.882538961619842,nan
3,3,249,632203624448,9.894012051282052,0.0
3,2,251,632935081559,9.905459384374375,nan
3,3,250,633664510976,9.91687498397436,0.0
3,2,252,634399655923,9.928380031847832,nan
3,3,251,635131002368,9.939825633012822,0.0
3,2,253,635864542092,9.951305559082032,nan
3,3,252,636597346304,9.962773974358974,0.0
3,2,254,637329726220,9.97423574938652,nan
3,3,253,638736187392,9.996246923076923,0.0
3,2,255,639468963203,10.007714893877079,nan
3,3,254,640202378240,10.019192868589744,0.0
3,2,256,640938477327,10.030712848792444,nan
3,3,255,641668796928,10.042142379807693,0.0
3,2,257,642403179693,10.05363549950233,nan
3,3,256,643134821376,10.065085721153846,0.0
3,2,258,643867578448,10.076553398687901,nan
3,3,257,644600762368,10.088027756410257,0.0
3,2,259,646006980772,10.110035130771735,nan
3,3,258,646739708416,10.12150234775641,0.0
3,2,260,647471571017,10.132956026783479,nan
3,3,259,648200815616,10.144368733974359,0.0
3,2,261,648936325589,10.155879494519356,nan
3,3,260,649667195904,10.167317644230769,0.0
3,2,262,651070345802,10.189276996350412,nan
3,3,261,651800102400,10.200697716346154,0.0
3,2,263,652533951955,10.212182491282928,nan
3,3,262,653266504192,10.223646963141025,0.0
3,2,264,654002382184,10.235163483198118,nan
3,3,263,654732886528,10.246595905448718,0.0
3,2,265,655465313541,10.258058417546199,nan
3,3,264,656199308288,10.26954546474359,0.0
3,2,266,656933565583,10.281036620827699,nan
3,3,265,657665913344,10.292497892628205,0.0
3,2,267,659065942805,10.314408409783779,nan
3,3,266,659798835712,10.325878213141026,0.0
3,2,268,660529773745,10.337317422641853,nan
3,3,267,661259731968,10.348741298076924,0.0
3,2,269,661993648193,10.360227116401868,nan
3,3,268,662725729280,10.37168421474359,0.0
3,2,270,663456369621,10.38311876535269,nan
3,3,269,664186537984,10.39454592948718,0.0
3,2,271,664918952805,10.406008250779372,nan
3,3,270,665653120000,10.417497996794872,0.0
3,2,272,667056263647,10.439457251086113,nan
3,3,271,667786222080,10.450881129807692,0.0
3,2,273,668518629252,10.462343331392729,nan
3,3,272,669251793408,10.473817379807693,0.0
3,2,274,670655691265,10.49578843751565,nan
3,3,273,671389658112,10.507275048076924,0.0
3,2,275,672123648906,10.518762033409706,nan
3,3,274,672855393280,10.530213862179487,0.0
3,2,276,673586832166,10.54166091004983,nan
3,3,275,674315751936,10.553068533653846,0.0
3,2,277,675051976382,10.564590475729918,nan
3,3,276,675781528576,10.576007996794871,0.0
3,2,278,676516941395,10.587517236875877,nan
3,3,277,677919042560,10.609460176282052,0.0
3,3,278,679368427008,10.632143100961539,0.0
3,2,280,680769314647,10.654067048637195,nan
3,3,279,681500417024,10.665508830128205,0.0
3,2,281,682232498401,10.67696593300844,nan
3,3,280,682965633024,10.68843951923077,0.0
3,2,282,683698291845,10.699905659132737,nan
3,3,281,684431621120,10.711382291666666,0.0
3,2,283,685833299721,10.733318617929312,nan
3,3,282,686564017152,10.744754375000001,0.0
3,2,284,687298279573,10.756245611306214,nan
3,3,283,688029704192,10.767692435897436,0.0
3,2,285,688763322412,10.779173590432192,nan
3,3,284,690167571968,10.80115015224359,0.0
3,2,286,690903431862,10.812666389066257,nan
3,3,285,691632873472,10.82408217948718,0.0
3,2,287,692368349267,10.835592405145107,nan
3,3,286,693098914816,10.847025785256411,0.0
3,2,288,693833762269,10.858526177336865,nan
3,3,287,694564856832,10.869967836538462,0.0
3,2,289,695298718587,10.881452802405725,nan
3,3,288,696703026688,10.903430280448719,0.0
3,2,290,697436807670,10.914913982215294,nan
3,3,289,698168764928,10.926369142628205,0.0
3,2,291,698899966855,10.937812482080705,nan
3,3,290,700301422592,10.959745320512821,0.0
3,2,292,701033716761,10.97120575359638,nan
3,3,291,701767393280,10.98268782051282,0.0
3,2,293,702503848879,10.994213380142604,nan
3,3,292,703233503744,11.005632508012821,0.0
3,2,294,703968711492,11.01713853872446,nan
3,3,293,704698864640,11.02856546474359,0.0
3,2,295,705433226460,11.040058256648138,nan
3,3,294,706164532736,11.051503229166666,0.0
3,2,296,706897187464,11.062969305013022,nan
3,3,295,708302916608,11.084969022435898,0.0
3,2,297,709035350789,11.096431646712865,nan
3,3,296,709769320448,11.107918301282051,0.0
3,2,298,710505048748,11.119432478653346,nan
3,3,297,711235670016,11.130866730769231,0.0
3,2,299,711970460752,11.142366235226362,nan
3,3,298,712701506560,11.153807131410257,0.0
3,2,300,713435508692,11.165294294183193,nan
3,3,299,714167444992,11.176749126602564,0.0
3,2,301,715570471030,11.198706540308244,nan
3,3,300,716299712000,11.210119190705129,0.0
3,2,302,717035282442,11.221630897592398,nan
3,3,301,717765403136,11.233057315705128,0.0
3,2,303,718500379049,11.244559718189729,nan
3,3,302,719230587392,11.25598750801282,0.0
3,2,304,720635105321,11.27796826987242,nan
3,3,303,721367443968,11.289429399038461,0.0
3,2,305,722099883469,11.300892106573643,nan
3,3,304,722832883712,11.31236358974359,0.0
3,2,306,723565002591,11.323821279531625,nan
3,3,305,724298417152,11.335299246794872,0.0
3,2,307,725030280971,11.34675294488369,nan
3,3,306,725763879936,11.358233798076924,0.0
3,2,308,727165652874,11.380171600717398,nan
3,3,307,727894998016,11.391585881410256,0.0
3,2,309,728631352623,11.403109860511194,nan
3,3,308,729360272384,11.41451748397436,0.0
3,2,310,730096762070,11.426043577067057,nan
3,3,309,730825999360,11.437456169871796,0.0
3,2,311,731561776233,11.448971107412484,nan
3,3,310,732292389888,11.460405240384615,0.0
3,2,312,733027069954,11.471903012851813,nan
3,3,311,734431155200,11.493877003205128,0.0
3,2,313,735167515272,11.505401067833533,nan
3,3,312,735897277952,11.51682188301282,0.0
3,2,314,736633186855,11.528338886828301,nan
3,3,313,737363193856,11.539763525641026,0.0
3,2,315,738098686919,11.551274021543845,nan
3,3,314,738828959744,11.56270282051282,0.0
3,2,316,740234441281,11.584698662876228,nan
3,3,315,740966883328,11.59616141025641,0.0
3,2,317,741699813351,11.607631794480545,nan
3,3,316,742432888320,11.619104447115385,0.0
3,2,318,743165341064,11.630567361904047,nan
3,3,317,743898739200,11.642045072115385,0.0
3,2,319,744630928155,11.653503858595629,nan
3,3,318,745364654592,11.664986706730769,0.0
3,2,320,746101702835,11.676521541262895,nan
3,3,319,746830605312,11.687928894230769,0.0
3,2,321,747567120470,11.699455385961288,nan
3,3,320,748296325120,11.710867467948718,0.0
3,2,322,749702010572,11.732866501590044,nan
3,3,321,750434162688,11.744324711538463,0.0
3,2,323,751166917244,11.755792349697016,nan
3,3,322,752571974144,11.77778154647436,0.0
3,2,324,753307378446,11.789290653263972,nan
3,3,323,754037865984,11.8007228125,0.0
3,2,325,754772614799,11.812221660891803,nan
3,3,324,755503777792,11.823664391025641,0.0
3,2,326,756236290613,11.83512824602176,nan
3,3,325,756969772032,11.846607259615386,0.0
3,2,327,757706102225,11.858130856636244,nan
3,3,326,758435479040,11.869545633012821,0.0
3,2,328,759171067247,11.881057617923052,nan
3,3,327,760573534208,11.903006282051283,0.0
3,2,329,761307610098,11.914494599139875,nan
3,3,328,762039516672,11.925948966346153,0.0
3,2,330,762770396558,11.937387265844102,nan
3,3,329,763500504064,11.948813477564103,0.0
3,2,331,764233018674,11.960277360558143,nan
3,3,330,764966774784,11.971760673076924,0.0
3,2,332,765700872394,11.983249330084385,nan
3,3,331,766432763904,11.994703461538462,0.0
3,2,333,767165315693,12.006167926385341,nan
3,3,332,767898350080,12.017639943910257,0.0
3,2,334,769300527847,12.0395840821408,nan
3,3,333,770030544896,12.051008878205128,0.0
3,2,335,770765466263,12.062510427042644,nan
3,3,334,772168073216,12.084461282051283,0.0
3,2,336,772900154645,12.095918385745318,nan
3,3,335,773633903104,12.107401578525641,0.0
3,2,337,774370333886,12.118926749768379,nan
3,3,336,775099798528,12.130342900641025,0.0
3,2,338,775834473038,12.1418405861566,nan
3,3,337,776565801472,12.153285905448719,0.0
3,2,339,777298457595,12.164752003126878,nan
3,3,338,778032039424,12.176232588141026,0.0
3,2,340,778768164239,12.187752970987956,nan
3,3,339,780171397632,12.209713629807693,0.0
3,2,341,780906835476,12.22122326153095,nan
3,3,340,781638089728,12.232667419871795,0.0
3,2,342,782370636729,12.244131809786284,nan
3,3,341,783104921088,12.255623389423077,0.0
3,2,343,783840742742,12.267139027788211,nan
3,3,342,784571763712,12.27857953525641,0.0
3,2,344,785304038133,12.290039659282979,nan
3,3,343,786038183936,12.30152907051282,0.0
3,2,345,786772693132,12.313024168857673,nan
3,3,344,787504769024,12.324481185897437,0.0
3,2,346,788906633993,12.346420428826749,nan
3,3,345,789637577728,12.357859727564103,0.0
3,2,347,790369648321,12.369316661674304,nan
3,3,346,791103332864,12.380798854166667,0.0
3,2,348,792506990901,12.402766158682017,nan
3,3,347,793236812288,12.414187892628206,0.0
3,3,348,793285000704,12.414942043269232,0.0
3,2,349,794016761542,12.426394129701272,nan
3,3,349,794747381248,12.437828357371796,0.0
3,2,350,795479408224,12.4492846088742,nan
3,3,350,796213530624,12.460773653846154,0.0
3,2,351,796947480595,12.472260000297352,nan
3,3,351,797679302656,12.483713044871795,0.0
3,2,352,798410201501,12.495151641078852,nan
3,3,352,799139652096,12.506567572115385,0.0
3,2,353,800544289324,12.528550201009114,nan
3,3,353,801278445568,12.540039775641025,0.0
3,2,354,802014345672,12.551556641751803,nan
3,3,354,802744591360,12.56298501602564,0.0
3,2,355,803477380445,12.574453194564429,nan
3,3,355,804211116032,12.585936185897436,0.0
3,2,356,804946879236,12.597450909517729,nan
3,3,356,805677251072,12.60888125801282,0.0
3,2,357,806411290272,12.620369000901443,nan
3,3,357,807143396864,12.631826498397436,0.0
3,2,358,807875638856,12.643286114908854,nan
3,3,358,809281909760,12.665294310897437,0.0
3,2,359,810014999243,12.676767190676959,nan
3,3,359,810747959808,12.688238052884616,0.0
3,2,360,811479884918,12.699692710180038,nan
3,3,360,812213995008,12.7111815625,0.0
3,2,361,812950285324,12.722704535444212,nan
3,3,361,813680336384,12.734129863782051,0.0
3,2,362,814415315386,12.745632314609626,nan
3,3,362,815146399232,12.757073806089744,0.0
3,2,363,815879756104,12.76855087051783,nan
3,3,363,816612020736,12.780010841346154,0.0
3,2,364,817344468712,12.791473681515425,nan
3,3,364,818750293504,12.813474895833334,0.0
3,2,365,819481347963,12.824915927405725,nan
3,3,365,820211011072,12.836335184294873,0.0
3,2,366,820944455447,12.847813618148413,nan
3,3,366,821676833792,12.859275368589744,0.0
3,2,367,822407050452,12.87070328857422,nan
3,3,367,823137044992,12.882127732371796,0.0
3,2,368,824538559311,12.904061487614559,nan
3,3,368,825269504512,12.915500809294873,0.0
3,2,369,826001750267,12.926960484697391,nan
3,3,369,826735069696,12.938436963141026,0.0
3,2,370,827470373507,12.949944497242463,nan
3,3,370,828200619008,12.961372868589743,0.0
3,2,371,828933563460,12.972843478628306,nan
3,3,371,830337957888,12.994822307692308,0.0
3,2,372,831072683720,13.006320796399239,nan
3,3,372,831803397632,13.017756498397436,0.0
3,2,373,832537539177,13.029245842989408,nan
3,3,373,833269513728,13.040701274038462,0.0
3,2,374,834002973702,13.052179952016978,nan
3,3,374,835408203264,13.07417185096154,0.0
3,2,375,836142822038,13.08566866420648,nan
3,3,375,836874377216,13.097117532051282,0.0
3,2,376,837607686716,13.108593855105669,nan
3,3,376,838340791808,13.120066979166667,0.0
3,2,377,839072722386,13.131521722036508,nan
3,3,377,840479982080,13.153545392628205,0.0
3,2,378,841212379233,13.16500743741549,nan
3,3,378,841946567168,13.17649750801282,0.0
3,2,379,842681841163,13.188004575492664,nan
3,3,379,843413114368,13.199449030448719,0.0
3,2,380,844146431931,13.210925479689378,nan
3,3,380,844879748608,13.222401915064102,0.0
3,2,381,845611310417,13.233850886684321,nan
3,3,381,846341108736,13.245272259615385,0.0
3,2,382,847746228707,13.267262443456406,nan
3,3,382,848479890944,13.278744286858975,0.0
3,2,383,849216538516,13.2902728508739,nan
3,3,383,849945753088,13.301685088141026,0.0
3,2,384,850681366327,13.31319746480306,nan
3,3,384,851411417600,13.32462279647436,0.0
3,2,385,852146293974,13.336123641169621,nan
3,3,385,853549234176,13.358079711538462,0.0
3,2,386,854280912750,13.369530510535608,nan
3,3,386,855009761280,13.38093701923077,0.0
3,2,387,855746236156,13.392462880546375,nan
3,3,387,856475819520,13.403880889423077,0.0
3,2,388,857211769007,13.415398528379782,nan
3,3,388,857942059520,13.426827604166666,0.0
3,2,389,858677118028,13.438331299266327,nan
3,3,389,859408309248,13.449774471153846,0.0
3,2,390,860142362102,13.461262427728116,nan
3,3,390,861546488832,13.483237067307693,0.0
3,2,391,862282920066,13.49476224562425,nan
3,3,391,863012433408,13.506179158653847,0.0
3,2,392,863747988505,13.517690625391252,nan
3,3,392,864478718976,13.529126586538462,0.0
3,2,393,865212335561,13.540607715485402,nan
3,3,393,865945092096,13.552075384615385,0.0
3,2,394,866680413541,13.56358319468963,nan
3,3,394,867411826176,13.57502983173077,0.0
3,2,395,868145322769,13.586509082798102,nan
3,3,395,868878412288,13.597981963141025,0.0
3,2,396,870279557013,13.619909934222882,nan
3,3,396,871011406848,13.63136341346154,0.0
3,2,397,871744811814,13.64284123056265,nan
3,3,397,872477202432,13.654303173076924,0.0
3,2,398,873880703407,13.676268019565681,nan
3,3,398,874610078208,13.687682764423077,0.0
3,2,399,875344129367,13.699170694470528,nan
3,3,399,876076176896,13.710627267628206,0.0
3,2,400,876807297789,13.722069338895357,nan
3,3,400,877536719872,13.73348482371795,0.0
3,2,401,878269950611,13.74495991415953,nan
3,3,401,879003079168,13.756433405448718,0.0
3,2,402,880406669575,13.778399651551858,nan
3,3,402,881136057856,13.789814607371795,0.0
3,2,403,881869491893,13.801292879435222,nan
3,3,403,882602153984,13.81275907051282,0.0
3,2,404,883338171979,13.824277781622472,nan
3,3,404,884068175872,13.835702371794872,0.0
3,2,405,884801157099,13.847173557363657,nan
3,3,405,885534704640,13.85865360576923,0.0
3,2,406,886270061950,13.870161977132161,nan
3,3,406,887000949248,13.881600392628206,0.0
3,2,407,888405189637,13.903576810975686,nan
3,3,407,889139375104,13.915066842948718,0.0
3,2,408,890545625219,13.937074713588617,nan
3,3,408,891277459456,13.948527948717949,0.0
3,2,409,892010403344,13.959998549929889,nan
3,3,409,892743460352,13.97147092147436,0.0
3,2,410,893475369919,13.982925335521209,nan
3,3,410,894204407296,13.994334799679487,0.0
3,2,411,894940502856,14.005854724684495,nan
3,3,411,895670383104,14.017277379807693,0.0
3,2,412,896405813479,14.0287868946408,nan
3,3,412,897136845824,14.040227580128205,0.0
3,2,413,897870987912,14.051716933218149,nan
3,3,413,899275037696,14.073690368589745,0.0
3,2,414,900011521808,14.08521637444912,nan
3,3,414,900741231104,14.096636354166668,0.0
3,2,415,901476502662,14.108143383507363,nan
3,3,415,902207533056,14.11958403846154,0.0
3,2,416,903610644235,14.14154278462728,nan
3,3,416,904341245952,14.15297673076923,0.0
3,2,417,905075695791,14.164470900174654,nan
3,3,417,905807911424,14.175930104166667,0.0
3,2,418,906539694160,14.187382533303285,nan
3,3,418,907269198848,14.198799310897437,0.0
3,2,419,908003469786,14.210290680495042,nan
3,3,419,908735821824,14.22175201923077,0.0
3,2,420,909467881325,14.233208779750727,nan
3,3,420,910202225152,14.244701290064103,0.0
3,2,421,911606555633,14.266679118354993,nan
3,3,421,912336278016,14.278099302884616,0.0
3,2,422,913071315337,14.289602666406877,nan
3,3,422,913803290112,14.301058100961539,0.0
3,2,423,914534645006,14.312503834353716,nan
3,3,423,915264441344,14.323925176282051,0.0
3,2,424,915998295739,14.33541002696502,nan
3,3,424,916731073536,14.346878028846154,0.0
3,2,425,917462555215,14.358325746428662,nan
3,3,425,918192053248,14.369742419871795,0.0
3,2,426,919596616390,14.391723889316657,nan
3,3,426,920326030336,14.403139246794872,0.0
3,2,427,921060737106,14.41463743718074,nan
3,3,427,921792788480,14.426094070512821,0.0
3,2,428,922524113404,14.437539334873298,nan
3,3,428,923254254080,14.448966065705129,0.0
3,2,429,923986801543,14.460430462849935,nan
3,3,429,924720820736,14.471917892628205,0.0
3,2,430,925455216402,14.48341121422401,nan
3,3,430,926860409344,14.505402540064104,0.0
3,2,431,927594921855,14.516897690288838,nan
3,3,431,928327553024,14.528363397435898,0.0
3,2,432,929060269344,14.53983043719952,nan
3,3,432,929794692608,14.55132419070513,0.0
3,2,433,930530056894,14.562832671242738,nan
3,3,433,931261873664,14.57428563301282,0.0
3,2,434,931994391634,14.585749568590996,nan
3,3,434,932728617472,14.597240232371796,0.0
3,2,435,934133982919,14.61923425792205,nan
3,3,435,934868416512,14.630728173076923,0.0
3,2,436,935603412046,14.64223088263096,nan
3,3,436,936334636032,14.653674567307693,0.0
3,2,437,937067467232,14.665143404947917,nan
3,3,437,937800960000,14.676622596153846,0.0
3,2,438,938537170805,14.688144324747721,nan
3,3,438,939267455488,14.699573309294871,0.0
3,2,439,940002299138,14.711073641858224,nan
3,3,439,940734007296,14.722524903846153,0.0
3,2,440,941467287186,14.734000763502856,nan
3,3,440,942872693760,14.755995432692307,0.0
3,2,441,943607355147,14.767492912832408,nan
3,3,441,944339176960,14.778945953525641,0.0
3,2,442,945072582821,14.79042378463354,nan
3,3,442,945805854208,14.801899511217949,0.0
3,2,443,946536971835,14.813341531372071,nan
3,3,443,947266689536,14.824761642628205,0.0
3,2,444,948001446856,14.836260624123598,nan
3,3,444,948733125120,14.847711418269231,0.0
3,2,445,949466442580,14.859187865897937,nan
3,3,445,950872330752,14.881190072115386,0.0
3,2,446,951605622213,14.892666112858699,nan
3,3,446,952339088896,14.904144895833333,0.0
3,2,447,953070722397,14.915594989436224,nan
3,3,447,953800516096,14.927016290064103,0.0
3,2,448,954533828347,14.93849265617175,nan
3,3,448,955267169280,14.949969471153846,0.0
3,2,449,956002163332,14.961472157514523,nan
3,3,449,956734333440,14.972930649038462,0.0
3,2,450,957465390605,14.984371722959862,nan
3,3,450,958195858432,14.99580357371795,0.0
3,2,451,959600355461,15.017784008491713,nan
3,3,451,960329869312,15.02920092948718,0.0
3,2,452,961064618514,15.040699783935548,nan
3,3,452,961796781056,15.052158157051283,0.0
3,2,453,962528195512,15.063604822591147,nan
3,3,453,963257852416,15.075023982371796,0.0
3,2,454,964660948518,15.096982492581882,nan
3,3,454,965391726592,15.108419198717948,0.0
3,2,455,966124232635,15.119882947638096,nan
3,3,455,966858401280,15.131372716346155,0.0
3,2,456,967592896327,15.14286759325859,nan
3,3,456,968325199360,15.154328165064102,0.0
3,2,457,969056866002,15.16577877732497,nan
3,3,457,970459218944,15.187725657051283,0.0
3,2,458,971191307598,15.199182873816858,nan
3,3,458,971926021120,15.210681169871796,0.0
3,2,459,972662331606,15.222204458477314,nan
3,3,459,973392586240,15.23363297275641,0.0
3,2,460,974128280690,15.245146620373848,nan
3,3,460,974858820608,15.256579599358975,0.0
3,2,461,975593911316,15.268083798389924,nan
3,3,461,976324986368,15.27952515224359,0.0
3,2,462,977059535243,15.291020871566381,nan
3,3,462,977790946816,15.30246749198718,0.0
3,2,463,978525189922,15.31395842601287,nan
3,3,463,979928820736,15.33592530448718,0.0
3,2,464,980659755921,15.347364469416693,nan
3,3,464,981389093888,15.358778637820514,0.0
3,2,465,982124739368,15.37029151905549,nan
3,3,465,982854733824,15.381715961538461,0.0
3,2,466,983589396671,15.39321346452762,nan
3,3,466,984319863808,15.40464530448718,0.0
3,2,467,985052295753,15.416107893770658,nan
3,3,467,985785088512,15.427576129807692,0.0
3,2,468,986520328169,15.43908265989646,nan
3,3,468,987250918912,15.450516434294872,0.0
3,2,469,988652429914,15.472450137626453,nan
3,3,469,989383839744,15.483896730769231,0.0
3,2,470,990116740608,15.495366658653847,nan
3,3,470,990850544128,15.506850713141025,0.0
3,2,471,992256627822,15.528855979285607,nan
3,3,471,992989783552,15.540329895833334,0.0
3,2,472,993721700358,15.551784423170824,nan
3,3,472,994450992640,15.563197876602565,0.0
3,2,473,995186438033,15.574707626467974,nan
3,3,473,995917429760,15.586147676282051,0.0
3,2,474,996651004219,15.597628145955404,nan
3,3,474,997384017408,15.60909983173077,0.0
3,2,475,998115583691,15.620548873369266,nan
3,3,475,998845236224,15.63196796474359,0.0
3,2,476,1000248375617,15.653927152459561,nan
3,3,476,1000978606592,15.66535529647436,0.0
3,2,477,1001711829207,15.676830259775015,nan
3,3,477,1002444769280,15.688300801282052,0.0
3,2,478,1003176781943,15.699756828785432,nan
3,3,478,1004583676928,15.721774791666666,0.0
3,2,479,1005315410161,15.733226446079353,nan
3,3,479,1006044804608,15.744641498397437,0.0
3,2,480,1006778989196,15.756131516614083,nan
3,3,480,1007511049216,15.76758828525641,0.0
3,2,481,1008244214809,15.779062356160482,nan
3,3,481,1008976938496,15.79052951121795,0.0
3,2,482,1010378803862,15.812468760360327,nan
3,3,482,1011109402624,15.82390266025641,0.0
3,2,483,1011843790900,15.835395866198418,nan
3,3,483,1012575040000,15.846839943910258,0.0
3,2,484,1013308704717,15.858321826124925,nan
3,3,484,1014040790016,15.869778990384615,0.0
3,2,485,1014773907302,15.881252305282201,nan
3,3,485,1015506558464,15.892718325320514,0.0
3,2,486,1016238732033,15.90417687100924,nan
3,3,486,1016972204032,15.915655737179488,0.0
3,2,487,1018373107595,15.937579934066381,nan
3,3,487,1019104087552,15.949019799679487,0.0
3,2,488,1019838128392,15.960507568234176,nan
3,3,488,1020569920512,15.971960144230769,0.0
3,2,489,1021303308453,15.983437694889949,nan
3,3,489,1022708000768,16.005421185897436,0.0
3,2,490,1023443622691,16.016933698464417,nan
3,3,490,1024173883904,16.028362315705127,0.0
3,2,491,1024908481735,16.039858801191283,nan
3,3,491,1025639127552,16.0512934375,0.0
3,2,492,1026373446737,16.06278556216509,nan
3,3,492,1027105201664,16.074237556089745,0.0
3,2,493,1027838040055,16.085706506269407,nan
3,3,493,1029243629056,16.10770403044872,0.0
3,2,494,1029978283117,16.119201395936624,nan
3,3,494,1030709669376,16.13064762019231,0.0
3,2,495,1031443063811,16.142125272482847,nan
3,3,495,1032176329216,16.15360090544872,0.0
3,2,496,1032907976086,16.165051208276992,nan
3,3,496,1033637345792,16.176465873397436,0.0
3,2,497,1034372907323,16.1879774408272,nan
3,3,497,1035103497728,16.1994112099359,0.0
3,2,498,1036507800512,16.22138860476763,nan
3,3,498,1037241353728,16.23286874198718,0.0
3,2,499,1037977800011,16.24439415582119,nan
3,3,499,1038706906624,16.25580470352564,0.0
3,2,500,1039442776800,16.26732110126202,nan
3,3,500,1040172272640,16.278737740384617,0.0
3,2,501,1040907658368,16.290246556490384,nan
3,3,501,1042309574144,16.31218659455128,0.0
3,2,502,1043040320768,16.32362280849359,nan
3,3,502,1043769249792,16.335030576923078,0.0
3,2,503,1044504999054,16.346545082350513,nan
3,3,503,1045234483200,16.357961538461538,0.0
3,2,504,1045970375715,16.369478285804163,nan
3,3,504,1046699438592,16.380888149038462,0.0
3,2,505,1047435379656,16.39240565617488,nan
3,3,505,1048164522496,16.403816770833334,0.0
3,2,506,1048900019541,16.415327329054612,nan
3,3,506,1050306420224,16.437337556089744,0.0
3,2,507,1051040176588,16.448820872583635,nan
3,3,507,1051771398656,16.46026452724359,0.0
3,2,508,1052504372576,16.47173559845753,nan
3,3,508,1053236403200,16.483191907051282,0.0
3,2,509,1053967995661,16.494641358376526,nan
3,3,509,1054701830144,16.506125897435897,0.0
3,2,510,1055437767309,16.51764334355281,nan
3,3,510,1056168040448,16.529072147435897,0.0
3,2,511,1056902314534,16.54056356629983,nan
3,3,511,1057633573376,16.55200779647436,0.0
3,2,512,1059035584163,16.573949321461214,nan
3,3,512,1059766700544,16.585391322115385,0.0
3,2,513,1060498661450,16.59684653961964,nan
3,3,513,1061232368640,16.60832908653846,0.0
3,2,514,1061966850515,16.61982375730857,nan
3,3,514,1062697810432,16.631263309294873,0.0
3,2,515,1063429257066,16.642710478421726,nan
3,3,515,1064158341120,16.654120673076925,0.0
3,2,516,1065561199067,16.676075456151718,nan
3,3,516,1066291324928,16.687501955128205,0.0
3,2,517,1067025763716,16.698995951585037,nan
3,3,517,1067757268992,16.71044403846154,0.0
3,2,518,1068490162436,16.721913850222858,nan
3,3,518,1069895371776,16.74390543269231,0.0
3,2,519,1070627413392,16.755361913311297,nan
3,3,519,1071361266176,16.766846738782053,0.0
3,2,520,1072095097612,16.77833123015575,nan
3,3,520,1072827028480,16.789785977564105,0.0
3,2,521,1073558174378,16.801228440160507,nan
3,3,521,1074287827456,16.812647540064102,0.0
3,2,522,1075021339727,16.824127036492765,nan
3,3,522,1075753573888,16.83558653044872,0.0
3,2,523,1077156970697,16.8575497467354,nan
3,3,523,1077886175744,16.8689618349359,0.0
3,2,524,1078621681238,16.880472525384366,nan
3,3,524,1079351988736,16.89190186698718,0.0
3,2,525,1080086515175,16.903397235185672,nan
3,3,525,1081489952256,16.92536108173077,0.0
3,2,526,1082221530194,16.936810305770482,nan
3,3,526,1082955468288,16.948296466346154,0.0
3,2,527,1083692108783,16.959824919605744,nan
3,3,527,1084421074432,16.97123326121795,0.0
3,2,528,1085157219716,16.98275396440555,nan
3,3,528,1085887526400,16.99418329326923,0.0
3,2,529,1086622336266,17.00568309711163,nan
3,3,529,1087353453056,17.017125104166666,0.0
3,2,530,1088757628810,17.03910051097381,nan
3,3,530,1089492124672,17.050595400641026,0.0
3,2,531,1090226688786,17.06209135845478,nan
3,3,531,1090958380032,17.07354235576923,0.0
3,2,532,1091689601187,17.084985996140702,nan
3,3,532,1092419001344,17.096401137820514,0.0
3,2,533,1093152711745,17.107883734991614,nan
3,3,533,1093884990464,17.119343926282053,0.0
3,2,534,1095286006452,17.1412698826247,nan
3,3,534,1096017652736,17.152720176282052,0.0
3,2,535,1096750219332,17.164184872859074,nan
3,3,535,1097483754496,17.175664727564104,0.0
3,2,536,1098218442185,17.187162619331556,nan
3,3,536,1098950195200,17.198614583333335,0.0
3,2,537,1100350599750,17.220530970646784,nan
3,3,537,1101082494976,17.23198516025641,0.0
3,2,538,1101813165519,17.24342018352802,nan
3,3,538,1102543085056,17.25484345352564,0.0
3,2,539,1103275866965,17.266311519759743,nan
3,3,539,1104009325568,17.277790176282053,0.0
3,2,540,1104743627508,17.2892820310622,nan
3,3,540,1105475411968,17.300734487179486,0.0
3,2,541,1106875329365,17.322643250528973,nan
3,3,541,1107608122880,17.334111498397437,0.0
3,2,542,1108344213225,17.345631341787485,nan
3,3,542,1109073427968,17.35704358173077,0.0
3,2,543,1109808810627,17.368552349806567,nan
3,3,543,1110539106304,17.379981506410257,0.0
3,2,544,1111943131369,17.401954554928512,nan
3,2,545,1113334118033,17.423723551948743,nan
3,3,544,1114064739840,17.4351578125,0.0
3,2,546,1114799139363,17.44665119445801,nan
3,3,545,1115531358720,17.45811045673077,0.0
3,2,547,1116263871928,17.469574317783454,nan
3,3,546,1116997606400,17.481057291666666,0.0
3,2,548,1117734151474,17.492584251583786,nan
3,3,547,1118463947776,17.50400559294872,0.0
3,2,549,1119869045669,17.525995431268154,nan
3,3,548,1120602514944,17.537474254807695,0.0
3,2,550,1121339340601,17.549005605860003,nan
3,3,549,1122068299776,17.560413846153846,0.0
3,2,551,1122804870844,17.571941212878105,nan
3,3,550,1123534159872,17.583354615384614,0.0
3,2,552,1124270177343,17.594873318293644,nan
3,3,551,1125000207360,17.606298317307694,0.0
3,2,553,1125735775176,17.617809983097956,nan
3,3,552,1127138649088,17.639765016025642,0.0
3,2,554,1127871480881,17.651233862946338,nan
3,3,553,1128604830720,17.662710817307694,0.0
3,2,555,1129336929750,17.674168196458083,nan
3,3,554,1130071132672,17.685658501602564,0.0
3,2,556,1130807935303,17.69718949229705,nan
3,3,555,1131537351680,17.708604887820513,0.0
3,2,557,1132273278670,17.72012217469827,nan
3,3,556,1133003366400,17.731548076923076,0.0
3,2,558,1133737316968,17.743034432717348,nan
3,3,557,1135141408256,17.765008517628207,0.0
3,2,559,1135877119183,17.776522423111352,nan
3,3,558,1136607376896,17.787950985576924,0.0
3,2,560,1137342751313,17.79945962466509,nan
3,3,559,1138073133056,17.810890128205127,0.0
3,2,561,1138807950803,17.822390055385494,nan
3,3,560,1139539316224,17.833835953525643,0.0
3,2,562,1140274141538,17.84533599912986,nan
3,3,561,1141004551168,17.856766939102563,0.0
3,2,563,1142409846224,17.87875986303085,nan
3,3,562,1143142503936,17.890225985576922,0.0
3,2,564,1143875354955,17.901695133385292,nan
3,3,563,1144608536064,17.913169447115386,0.0
3,2,565,1145340899025,17.9246309567965,nan
3,3,564,1146074591744,17.93611327724359,0.0
3,2,566,1146806568540,17.947568743426984,nan
3,3,565,1147540352512,17.95905249198718,0.0
3,2,567,1148277450738,17.97058810875526,nan
3,3,566,1149011682816,17.982078870192307,0.0
3,2,568,1149748272994,17.99360653598883,nan
3,3,567,1151149764608,18.015539935897436,0.0
3,2,569,1151883754958,18.027026914281603,nan
3,3,568,1152615829504,18.03848391025641,0.0
3,2,570,1153348971858,18.0499576174692,nan
3,3,569,1154081898496,18.06142794871795,0.0
3,2,571,1154814038238,18.07288596501277,nan
3,3,570,1155547493888,18.084364575320514,0.0
3,2,572,1156279945845,18.095827477792593,nan
3,3,571,1157013387776,18.107305873397436,0.0
3,2,573,1157746193408,18.118774310897436,nan
3,3,572,1158479399424,18.13024901442308,0.0
3,2,574,1159882665054,18.152210177753155,nan
3,3,573,1160612288000,18.163628806089744,0.0
3,2,575,1161348809200,18.175155392377803,nan
3,3,574,1162078283264,18.18657169070513,0.0
3,2,576,1162814665585,18.198096103531274,nan
3,3,575,1163543878144,18.209508309294872,0.0
3,2,577,1164279215373,18.22101636638935,nan
3,3,576,1165009166848,18.23244013621795,0.0
3,2,578,1165742966406,18.24392412869967,nan
3,3,577,1167146915328,18.265895985576922,0.0
3,2,579,1167881528554,18.277392711995443,nan
3,3,578,1168612364288,18.288830320512822,0.0
3,2,580,1169345286762,18.3003005865948,nan
3,3,579,1170078537216,18.311775985576922,0.0
3,2,581,1170814537720,18.323294422951722,nan
3,3,580,1171544451072,18.334717596153848,0.0
3,2,582,1172278235006,18.34620134411934,nan
3,3,581,1173682325504,18.368175416666666,0.0
3,2,583,1174416215025,18.379660817072942,nan
3,3,582,1175147509760,18.39110560897436,0.0
3,2,584,1175879887735,18.402567353625177,nan
3,3,583,1176612948480,18.41403978365385,0.0
3,2,585,1177348692727,18.425554210596328,nan
3,3,584,1178078837248,18.436981001602565,0.0
3,2,586,1178811988608,18.448454849759617,nan
3,3,585,1180216588288,18.470436891025642,0.0
3,2,587,1180950467284,18.481922126715244,nan
3,3,586,1181681991680,18.493370512820512,0.0
3,2,588,1182414049385,18.504827245233,nan
3,3,587,1183146652160,18.51629250801282,0.0
3,2,589,1183882435056,18.527807539813704,nan
3,3,588,1184611611648,18.539219182692307,0.0
3,2,590,1185345821051,18.5507095892647,nan
3,3,589,1186076893184,18.5621508974359,0.0
3,2,591,1186809414402,18.573614883845405,nan
3,3,590,1188214010880,18.595596875000002,0.0
3,2,592,1188949401446,18.607105766820663,nan
3,3,591,1189679007232,18.618524126602566,0.0
3,2,593,1190414657255,18.630037078935672,nan
3,3,592,1191143653376,18.641445897435897,0.0
3,2,594,1191878449278,18.652945482741135,nan
3,3,593,1192608956416,18.66437794871795,0.0
3,2,595,1193341761551,18.67584637843988,nan
3,3,594,1194074493440,18.687313661858976,0.0
3,2,596,1195476219511,18.709250731029023,nan
3,3,595,1196207083520,18.720688782051283,0.0
3,2,597,1196941708796,18.732185697052785,nan
3,3,596,1197672474112,18.743622203525643,0.0
3,2,598,1198407429509,18.75512428493402,nan
3,3,597,1199809356800,18.77706450320513,0.0
3,2,599,1200544000495,18.78856170646472,nan
3,3,598,1201274118656,18.799988084935897,0.0
3,2,600,1202009530741,18.811497313529774,nan
3,3,599,1202738662400,18.822908253205128,0.0
3,2,601,1203475595511,18.834441285916842,nan
3,3,600,1204209121792,18.845921001602566,0.0
3,2,602,1204941278346,18.85737928100586,nan
3,3,601,1205674233856,18.868850064102563,0.0
3,2,603,1207076386541,18.890793809798804,nan
3,3,602,1207805423616,18.90220326923077,0.0
3,2,604,1208541690493,18.91372587535369,nan
3,3,603,1209942585344,18.935649935897438,0.0
3,2,605,1210676447456,18.947134907351764,nan
3,3,604,1211407995392,18.958583661858974,0.0
3,2,606,1212141065834,18.970056243646084,nan
3,3,605,1212873215488,18.981514415064105,0.0
3,2,607,1213605702662,18.992977868683646,nan
3,3,606,1214338116608,19.004440176282053,0.0
3,2,608,1215070417800,19.01590071927584,nan
3,3,607,1215802809344,19.027362676282053,0.0
3,2,609,1217204846594,19.049304615415917,nan
3,3,608,1217933634048,19.06071016826923,0.0
3,2,610,1218669394311,19.072224845862756,nan
3,3,609,1220070005248,19.094144463141028,0.0
3,2,611,1220803262455,19.10561996780787,nan
3,3,610,1221534006272,19.117056137820512,0.0
3,2,612,1222267464061,19.12853478160369,nan
3,3,611,1222997952512,19.139966955128205,0.0
3,2,613,1224401680871,19.161935360185673,nan
3,3,612,1225133804032,19.17339311698718,0.0
3,2,614,1225866330995,19.184857193306165,nan
3,3,613,1226598549504,19.196316442307694,0.0
3,2,615,1227330847489,19.207776935111806,nan
3,3,614,1228063276032,19.21923947115385,0.0
3,2,616,1228795721873,19.230702277910282,nan
3,3,615,1230199540224,19.252672091346156,0.0
3,2,617,1230935447813,19.264189074597482,nan
3,3,616,1231663823360,19.275588181089745,0.0
3,2,618,1232400270476,19.287113607960237,nan
3,3,617,1233133762560,19.29859278846154,0.0
3,2,619,1233870346773,19.310120360905575,nan
3,3,618,1234598668800,19.32151862980769,0.0
3,2,620,1235334917018,19.33304094391652,nan
3,3,619,1236063484928,19.344443060897436,0.0
3,2,621,1236799881520,19.355967697065307,nan
3,3,620,1238200667136,19.377890048076925,0.0
3,2,622,1238934888858,19.38938064744216,nan
3,3,621,1239665820672,19.400819759615384,0.0
3,2,623,1240399512884,19.412302072127904,nan
3,3,622,1241803201536,19.43426985576923,0.0
3,2,624,1242538643340,19.445779549466646,nan
3,3,623,1243268464640,19.457201282051283,0.0
3,2,625,1244002904365,19.4686952931722,nan
3,3,624,1244734314496,19.480141891025642,0.0
3,2,626,1245467418802,19.491615002785707,nan
3,3,625,1246199527936,19.503072540064103,0.0
3,2,627,1246932136515,19.51453789367676,nan
3,3,626,1247664982016,19.526006955128206,0.0
3,2,628,1248396669398,19.537457891970902,nan
3,3,627,1249801990144,19.55945121794872,0.0
3,2,629,1250536296523,19.570943142199393,nan
3,3,628,1251266992640,19.582378565705127,0.0
3,2,630,1252000552910,19.59385881332006,nan
3,3,629,1252731420672,19.605296923076924,0.0
3,2,631,1253465119055,19.61677933216584,nan
3,3,630,1254195974144,19.628217243589745,0.0
3,2,632,1254929941233,19.639703857938326,nan
3,3,631,1255660861440,19.651142788461538,0.0
3,2,633,1256394684541,19.662627149392154,nan
3,3,632,1257125803008,19.674069182692307,0.0
3,2,634,1258528759033,19.696025500691732,nan
3,3,633,1259262171648,19.7075034375,0.0
3,2,635,1259998910586,19.719033431396486,nan
3,3,634,1260732409344,19.730512716346155,0.0
3,2,636,1262138926296,19.752524762995794,nan
3,3,635,1262869602304,19.76395987179487,0.0
3,2,637,1263603638908,19.775447574055992,nan
3,3,636,1264335099904,19.78689496794872,0.0
3,2,638,1265067997706,19.79836484791291,nan
3,3,637,1265800329728,19.809825873397436,0.0
3,2,639,1266532674952,19.82128710549379,nan
3,3,638,1267265824768,19.83276092948718,0.0
3,2,640,1268667351046,19.85469487188877,nan
3,3,639,1269397434368,19.866120705128207,0.0
3,2,641,1270130647435,19.87759551900228,nan
3,3,640,1270862315520,19.889046153846156,0.0
3,2,642,1271592942883,19.900480501349033,nan
3,3,641,1272994125312,19.9224090625,0.0
3,2,643,1273726488469,19.933870575248523,nan
3,3,642,1274458823680,19.945331650641027,0.0
3,2,644,1275191660831,19.95680058141464,nan
3,3,643,1275923671552,19.96825657852564,0.0
3,2,645,1276656642742,19.979727607014976,nan
3,3,644,1277388452352,19.99118045673077,0.0
3,2,646,1278120069694,20.00263029744466,nan
3,3,645,1279530117120,20.024697596153846,0.0
3,2,647,1280262387890,20.03615766304212,nan
3,3,646,1280995424256,20.047629711538463,0.0
3,2,648,1281730690115,20.059136651689577,nan
3,3,647,1282460867072,20.070563950320512,0.0
3,2,649,1283193314773,20.082026786186024,nan
3,3,648,1283925634048,20.093487612179487,0.0
3,2,650,1284656208193,20.104921126818535,nan
3,3,649,1285384876032,20.11632480769231,0.0
3,2,651,1286787787204,20.138280423740486,nan
3,3,650,1287521457152,20.149762387820513,0.0
3,2,652,1288256506195,20.161265934792542,nan
3,3,651,1288986488320,20.172690184294872,0.0
3,2,653,1289721382109,20.184191301535584,nan
3,3,652,1290451265536,20.195614006410256,0.0
3,2,654,1291184784479,20.207093607255985,nan
3,3,653,1291916223488,20.218540657051282,0.0
3,2,655,1292647929846,20.22999189086914,nan
3,3,654,1293381280256,20.241468854166666,0.0
3,2,656,1294787473505,20.263475834851388,nan
3,3,655,1295517594112,20.274902251602565,0.0
3,2,657,1296252751862,20.2864074998435,nan
3,3,656,1296982398976,20.297826506410257,0.0
3,2,658,1297717262728,20.309327153570713,nan
3,3,657,1298447366656,20.320753309294872,0.0
3,2,659,1299181906701,20.33224889042781,nan
3,3,658,1299912056320,20.34367576121795,0.0
3,2,660,1300646545051,20.35517053928473,nan
3,3,659,1302053667328,20.377192059294874,0.0
3,2,661,1302786610944,20.388662656250002,nan
3,3,660,1303518072832,20.400110064102563,0.0
3,2,662,1304251394715,20.411586580951397,nan
3,3,661,1304982868992,20.42303418269231,0.0
3,2,663,1305716332583,20.43451291727702,nan
3,3,662,1306447762944,20.44595983173077,0.0
3,2,664,1307180941760,20.45743410957532,nan
3,3,663,1307912931840,20.468889783653847,0.0
3,2,665,1308645650251,20.480356856141704,nan
3,3,664,1310049226240,20.502322876602566,0.0
3,2,666,1310785731005,20.513849205682217,nan
3,3,665,1311514371072,20.525252451923077,0.0
3,2,667,1312250396484,20.536771279109075,nan
3,3,666,1312979470336,20.548181314102564,0.0
3,2,668,1313715042000,20.559693040114183,nan
3,3,667,1314444055552,20.571102131410257,0.0
3,2,669,1315179977296,20.5826193361879,nan
3,3,668,1315908142592,20.59401515224359,0.0
3,2,670,1316644588023,20.605540552743765,nan
3,3,669,1317383367680,20.61710248397436,0.0
3,2,671,1318783250001,20.63901069838304,nan
3,3,670,1319514613248,20.6504565625,0.0
3,2,672,1320245905390,20.661901313820863,nan
3,3,671,1320979256832,20.67337829326923,0.0
3,2,673,1321713595265,20.68487071916629,nan
3,3,672,1322443813376,20.696298661858975,0.0
3,2,674,1323176642832,20.70776747220553,nan
3,3,673,1323908295680,20.719217868589745,0.0
3,2,675,1324639974036,20.73066866417518,nan
3,3,674,1325373158400,20.742143028846154,0.0
3,2,676,1326777569041,20.764122111644255,nan
3,3,675,1327509657088,20.775579318910257,0.0
3,2,677,1328241052812,20.78702569129357,nan
3,3,676,1328974528512,20.798504615384616,0.0
3,2,678,1329709536281,20.810007516416892,nan
3,3,677,1331110982656,20.831940208333332,0.0
3,2,679,1331841738894,20.843376572735128,nan
3,3,678,1332570611200,20.85478345352564,0.0
3,2,680,1333306821147,20.86630516869178,nan
3,3,679,1334035437056,20.877708036858976,0.0
3,2,681,1334770173881,20.889206697606795,nan
3,3,680,1335500317696,20.900633477564103,0.0
3,2,682,1336233218884,20.912103410519332,nan
3,3,681,1336964911104,20.923554423076922,0.0
3,2,683,1337696319186,20.935000988863433,nan
3,3,682,1339101970944,20.95699949519231,0.0
3,2,684,1339833323839,20.968445197300056,nan
3,3,683,1340567219200,20.979930689102563,0.0
3,2,685,1341301743815,20.991426028755384,nan
3,3,684,1342031955968,21.00285387820513,0.0
3,2,686,1342764869709,21.01432400761531,nan
3,3,685,1343497116672,21.02578370192308,0.0
3,2,687,1344227913173,21.037220696442432,nan
3,3,686,1345628603392,21.05914155448718,0.0
3,2,688,1346359344723,21.070577685593825,nan
3,3,687,1347088226304,21.08198471153846,0.0
3,2,689,1347822699466,21.09347924594977,nan
3,3,688,1348553148928,21.10491080929487,0.0
3,2,690,1349285770066,21.116376359456382,nan
3,3,689,1350018385408,21.127841818910255,0.0
3,2,691,1350748872409,21.139273969742213,nan
3,3,690,1351477983232,21.150684583333334,0.0
3,2,692,1352882377040,21.17266340269431,nan
3,3,691,1353614800896,21.184125865384615,0.0
3,2,693,1354346571981,21.195578112182616,nan
3,3,692,1355079855104,21.207054022435898,0.0
3,2,694,1355814979163,21.218558743411332,nan
3,3,693,1356545305088,21.229988373397436,0.0
3,2,695,1357278052326,21.241455897028995,nan
3,3,694,1358010848768,21.25292419070513,0.0
3,2,696,1359415626314,21.27490901558118,nan
3,3,695,1360148599296,21.286380072115385,0.0
3,2,697,1360884224459,21.297892635388497,nan
3,3,696,1361613821952,21.309310865384617,0.0
3,2,698,1362346900320,21.320783571213944,nan
3,3,697,1363078980608,21.332240657051283,0.0
3,2,699,1363810228454,21.34368471513797,nan
3,3,698,1365211277312,21.365611185897436,0.0
3,2,700,1365942683471,21.37705772158892,nan
3,3,699,1366670975488,21.388455520833332,0.0
3,2,701,1367405919957,21.399957431218073,nan
3,3,700,1368135984128,21.41138296474359,0.0
3,2,702,1368871042645,21.4228866599841,nan
3,3,701,1370273579008,21.44483641025641,0.0
3,2,703,1371006960322,21.456313857202776,nan
3,3,702,1371738947584,21.46776948717949,0.0
3,2,704,1372472515143,21.479249848867564,nan
3,3,703,1373204067328,21.490698669871797,0.0
3,2,705,1373937793481,21.502181513562327,nan
3,3,704,1375341010944,21.524141923076925,0.0
3,2,706,1376072983599,21.5355973244535,nan
3,3,705,1376806206464,21.547072291666666,0.0
3,2,707,1377537715115,21.558520431362055,nan
3,3,706,1378943649792,21.580523365384614,0.0
3,2,708,1379677474317,21.59200774860089,nan
3,3,707,1380409481216,21.603463685897438,0.0
3,2,709,1381142663059,21.61493801111466,nan
3,3,708,1381874922496,21.626397900641027,0.0
3,2,710,1382607142669,21.63785717568422,nan
3,3,709,1383340228608,21.64933,0.0
3,2,711,1384072048269,21.66078300701435,nan
3,3,710,1384805954048,21.672268661858975,0.0
3,2,712,1385542183946,21.683790689259066,nan
3,3,711,1386271697408,21.69520760416667,0.0
3,2,713,1387676957819,21.717199985899313,nan
3,3,712,1388409831936,21.728669495192307,0.0
3,2,714,1389142348788,21.74013341327374,nan
3,3,713,1390547330560,21.762121434294873,0.0
3,2,715,1391282078289,21.77362026569073,nan
3,3,714,1392012209152,21.78504684294872,0.0
3,2,716,1392746743766,21.79654233908629,nan
3,3,715,1393477213184,21.80797421474359,0.0
3,2,717,1394211314514,21.819462929969202,nan
3,3,716,1394942615040,21.8309078125,0.0
3,2,718,1395673678036,21.842348977676785,nan
3,3,717,1396402471424,21.853754623397435,0.0
3,2,719,1397136737870,21.865245922695063,nan
3,3,718,1397868082176,21.876691490384616,0.0
3,2,720,1398601002958,21.88816172998673,nan
3,3,719,1400006025216,21.910150384615385,0.0
3,2,721,1400741002809,21.921652813392054,nan
3,3,720,1401471572480,21.93308625801282,0.0
3,2,722,1402205686700,21.944575174967447,nan
3,3,721,1402936803328,21.95601717948718,0.0
3,2,723,1403670930722,21.967506302615437,nan
3,3,722,1404402257920,21.978951602564102,0.0
3,2,724,1405135664829,21.990429450073243,nan
3,3,723,1405867759104,22.001886754807693,0.0
3,2,725,1407270430473,22.02383861792931,nan
3,3,724,1408000396288,22.035262612179487,0.0
3,2,726,1408734819984,22.046756372445913,nan
3,3,725,1409466052096,22.058200184294872,0.0
3,2,727,1410197832201,22.069652572256235,nan
3,3,726,1410931838464,22.081139799679487,0.0
3,2,728,1412335554135,22.103108006169247,nan
3,3,727,1413064075776,22.11450939903846,0.0
3,2,729,1413798226383,22.125998885451096,nan
3,3,728,1414529270784,22.137439759615386,0.0
3,2,730,1415261301589,22.148896071041793,nan
3,3,729,1415994515968,22.16037090544872,0.0
3,2,731,1416730394829,22.171887439105696,nan
3,3,730,1417460134912,22.183307900641026,0.0
3,2,732,1418193610315,22.19478682008401,nan
3,3,731,1419598113792,22.216767355769232,0.0
3,2,733,1420330997403,22.228237013643707,nan
3,3,732,1421063453184,22.23969997596154,0.0
3,2,734,1421794415629,22.251139567511142,nan
3,3,733,1422523670528,22.262552435897437,0.0
3,2,735,1423259926921,22.27407487794534,nan
3,3,734,1423989014016,22.28548512019231,0.0
3,2,736,1424725134600,22.29700543682392,nan
3,3,735,1425454078464,22.3084134375,0.0
3,2,737,1426189973132,22.31993021853716,nan
3,3,736,1426918929920,22.33133842147436,0.0
3,2,738,1428324997335,22.35334343285194,nan
3,3,737,1429055630848,22.364777876602563,0.0
3,2,739,1430460233013,22.38675995675894,nan
3,3,738,1431191849472,22.398209783653847,0.0
3,2,740,1431924947105,22.409682790981197,nan
3,3,739,1432656310272,22.421128653846154,0.0
3,2,741,1433389515302,22.432603341940855,nan
3,3,740,1434121273344,22.444055384615385,0.0
3,2,742,1434854657424,22.45553287484976,nan
3,3,741,1435586351104,22.46698391025641,0.0
3,2,743,1436320149771,22.478467888793947,nan
3,3,742,1437052111872,22.489923125,0.0
3,2,744,1438455109999,22.51188010189741,nan
3,3,743,1439184689664,22.523298052884616,0.0
3,2,745,1439920137440,22.53480784004407,nan
3,3,744,1440650362880,22.5462358974359,0.0
3,2,746,1441385472605,22.55774039408366,nan
3,3,745,1442115472384,22.569164919871795,0.0
3,2,747,1442850944971,22.580675095324395,nan
3,3,746,1443580420608,22.59209141826923,0.0
3,2,748,1444985966636,22.61408826991937,nan
3,3,747,1445717371904,22.625534791666666,0.0
3,2,749,1446451044255,22.63701679335374,nan
3,3,748,1447182319104,22.64846127403846,0.0
3,2,750,1447916114196,22.659945196627103,nan
3,3,749,1448647141888,22.671385809294872,0.0
3,2,751,1449381668489,22.682881180028673,nan
3,3,750,1450117393920,22.6943953125,0.0
3,2,752,1451521769697,22.716373849675104,nan
3,3,751,1452253858304,22.72783106570513,0.0
3,2,753,1452985390162,22.739279568590995,nan
3,3,752,1453719003136,22.750760641025643,0.0
3,2,754,1454454060497,22.762264318174704,nan
3,3,753,1455184214016,22.773691250000002,0.0
3,2,755,1455917168459,22.78516201639811,nan
3,3,754,1456649600000,22.796624599358974,0.0
3,2,756,1457379783361,22.808051998212765,nan
3,3,755,1458781257216,22.82998512019231,0.0
3,2,757,1459513689866,22.841447720509066,nan
3,3,756,1460246671360,22.85291891025641,0.0
3,2,758,1460982124176,22.86442877629207,nan
3,3,757,1461711856640,22.875849118589745,0.0
3,2,759,1462445160456,22.887325352689302,nan
3,3,758,1463177044480,22.89877936698718,0.0
3,2,760,1463908374902,22.91022471739158,nan
3,3,759,1464637257728,22.921631762820514,0.0
3,2,761,1465371806955,22.93312748765212,nan
3,3,760,1466103193088,22.9445737099359,0.0
3,2,762,1467503899459,22.96649482076009,nan
3,3,761,1468235548160,22.977945152243592,0.0
3,2,763,1469638377355,22.999899485348433,nan
3,3,762,1470367389184,23.011308549679487,0.0
3,2,764,1471103133958,23.022822984869542,nan
3,3,763,1471832981504,23.03424512820513,0.0
3,2,765,1472567974528,23.045747798477564,nan
3,3,764,1473298767360,23.057184735576925,0.0
3,2,766,1474032505327,23.068667764157027,nan
3,3,765,1474764521472,23.080123846153846,0.0
3,2,767,1475496720228,23.091582786020133,nan
3,3,766,1476230383104,23.103064639423078,0.0
3,2,768,1476966828237,23.114590035259543,nan
3,3,767,1478368204288,23.136521626602566,0.0
3,2,769,1479101734685,23.14800140670385,nan
3,3,768,1479833984512,23.159461145833333,0.0
3,2,770,1480566627474,23.17092703754132,nan
3,3,769,1481299478016,23.182396177884616,0.0
3,2,771,1482031288847,23.19384904670911,nan
3,3,770,1482764745216,23.20532766826923,0.0
3,2,772,1483495928710,23.216770719244543,nan
3,3,771,1484224830976,23.228178068910257,0.0
3,2,773,1484960763127,23.239695436557867,nan
3,3,772,1485690359296,23.251113645833335,0.0
3,2,774,1487095729991,23.273107753515,nan
3,3,773,1487828194816,23.284570857371797,0.0
3,2,775,1488560206013,23.296026861932216,nan
3,3,774,1489293843456,23.307508317307693,0.0
3,2,776,1490030475301,23.319036635194436,nan
3,3,775,1490759820800,23.33045092147436,0.0
3,2,777,1491495722911,23.341967818994767,nan
3,3,776,1492225147904,23.353383349358975,0.0
3,2,778,1492960815886,23.364896582751154,nan
3,3,777,1493690316288,23.37631329326923,0.0
3,2,779,1494424841868,23.38780864802434,nan
3,3,778,1495827761152,23.409764391025643,0.0
3,2,780,1496561959635,23.421254626699596,nan
3,3,779,1497293319168,23.432700432692307,0.0
3,2,781,1498024754759,23.44414742899577,nan
3,3,780,1498758627328,23.455632564102565,0.0
3,2,782,1499492952009,23.467124774780274,nan
3,3,781,1500224018944,23.478566001602566,0.0
3,2,783,1500956196151,23.490024604226136,nan
3,3,782,1501690093056,23.501510120192307,0.0
3,2,784,1502426300069,23.513031789441232,nan
3,3,783,1503828714496,23.534979631410256,0.0
3,2,785,1504560400116,23.546430540677584,nan
3,3,784,1505294458368,23.55791858173077,0.0
3,2,786,1506030255202,23.56943383166191,nan
3,3,785,1506760129536,23.58085639423077,0.0
3,2,787,1507494915532,23.59235582450671,nan
3,3,786,1508226041344,23.60379797275641,0.0
3,2,788,1508959819596,23.61528163179838,nan
3,3,787,1509691836416,23.626737724358975,0.0
3,2,789,1511094332306,23.648686841227214,nan
3,3,788,1511823277056,23.66009485576923,0.0
3,2,790,1512558878464,23.671607047275643,nan
3,3,789,1513288700416,23.683028790064103,0.0
3,2,791,1514023474824,23.694528038987382,nan
3,3,790,1514754481152,23.705968317307693,0.0
3,2,792,1515488308216,23.717452740259414,nan
3,3,791,1516220353024,23.728909270833334,0.0
3,2,793,1517622962740,23.750860169083033,nan
3,3,792,1518352207872,23.762272884615385,0.0
3,2,794,1519087933343,23.773787017712717,nan
3,3,793,1520489518080,23.795721875,0.0
3,2,795,1521222190582,23.807188229010166,nan
3,3,794,1521954331648,23.81864626602564,0.0
3,2,796,1522686732130,23.83010836291191,nan
3,3,795,1523419856896,23.841581794871797,0.0
3,2,797,1524151546068,23.853032759728066,nan
3,3,796,1524885420544,23.86451792467949,0.0
3,2,798,1525620865099,23.876027661430165,nan
3,3,797,1526351325184,23.88745939102564,0.0
3,2,799,1527084187590,23.898928717041017,nan
3,3,798,1528489475584,23.92092153044872,0.0
3,2,800,1529221884941,23.93238376622909,nan
3,3,799,1529955082752,23.943858341346154,0.0
3,2,801,1530690413929,23.95536630372659,nan
3,3,800,1531419943936,23.966783477564103,0.0
3,2,802,1532153920229,23.978270235955655,nan
3,3,801,1532884969472,23.989711185897438,0.0
3,2,803,1533617481298,24.001175025321764,nan
3,3,802,1534350260736,24.012643052884616,0.0
3,2,804,1535085951442,24.024156641908306,nan
3,3,803,1535815959552,24.035581298076924,0.0
3,2,805,1536549025588,24.047053810909958,nan
3,3,804,1537953887744,24.0690399599359,0.0
3,2,806,1538685869952,24.080495510817308,nan
3,3,805,1539419800576,24.09198155448718,0.0
3,2,807,1540154445560,24.103478777919673,nan
3,3,806,1540885515264,24.114920048076925,0.0
3,2,808,1541617646676,24.12637793400691,nan
3,3,807,1542351472128,24.13786233173077,0.0
3,2,809,1543086258126,24.149361762038012,nan
3,3,808,1544489948160,24.171329567307694,0.0
3,2,810,1545223626762,24.182811666823167,nan
3,3,809,1545955865600,24.19427123397436,0.0
3,2,811,1546686973833,24.205713107112004,nan
3,3,810,1547416655872,24.21713266025641,0.0
3,2,812,1548150131966,24.228611590513573,nan
3,3,811,1548882320896,24.240070376602564,0.0
3,2,813,1549614837354,24.25153428851788,nan
3,3,812,1550347732480,24.263004126602564,0.0
3,2,814,1551749516964,24.284942109938402,nan
3,3,813,1552479961600,24.29637359775641,0.0
3,2,815,1553214865432,24.307874872170473,nan
3,3,814,1553945863680,24.319315024038463,0.0
3,2,816,1554680427922,24.330810983855418,nan
3,3,815,1555412350976,24.34226560897436,0.0
3,2,817,1556145651463,24.353741790974937,nan
3,3,816,1556878603776,24.365212524038462,0.0
3,2,818,1558280380748,24.3871503898112,nan
3,3,817,1559011071488,24.39858572916667,0.0
3,2,819,1559745450183,24.41007878516564,nan
3,3,818,1560476738048,24.421523469551282,0.0
3,2,820,1561210414119,24.433005529456505,nan
3,3,819,1562614085632,24.454973044871796,0.0
3,2,821,1563350535779,24.46649851917756,nan
3,3,820,1564079153664,24.47790141826923,0.0
3,2,822,1564815665106,24.4894278518442,nan
3,3,821,1565544048128,24.500827075320515,0.0
3,2,823,1566280948559,24.51235959658892,nan
3,3,822,1567686502912,24.534356578525642,0.0
3,2,824,1568421525388,24.545859709723057,nan
3,3,823,1569151999488,24.557291658653845,0.0
3,2,825,1569885369610,24.568768930444964,nan
3,3,824,1570617484288,24.58022655448718,0.0
3,2,826,1571350122616,24.591692373672878,nan
3,3,825,1572759694336,24.613752227564103,0.0
3,2,827,1573495639738,24.625269802590395,nan
3,3,826,1574225037824,24.636684911858975,0.0
3,2,828,1574960703531,24.64819810964731,nan
3,3,827,1575690313728,24.65961653846154,0.0
3,2,829,1576424623507,24.671108515922352,nan
3,3,828,1577155821568,24.682551794871795,0.0
3,2,830,1577888138502,24.694012584228517,nan
3,3,829,1578621771264,24.705493966346154,0.0
3,2,831,1580026736462,24.727481727983523,nan
3,3,830,1580759552000,24.73895032051282,0.0
3,2,832,1581492266704,24.75041733498598,nan
3,3,831,1582225014784,24.761884871794873,0.0
3,2,833,1582958459963,24.773363318231045,nan
3,3,832,1583690840576,24.784825104166668,0.0
3,2,834,1584424148901,24.796301408832257,nan
3,3,833,1585156235776,24.80775859775641,0.0
3,2,835,1585889499921,24.81923421100323,nan
3,3,834,1587293453824,24.841206145833333,0.0
3,2,836,1588025362780,24.85266055031801,nan
3,3,835,1588758612992,24.86413594551282,0.0
3,2,837,1589490815696,24.875594947165464,nan
3,3,836,1590900895744,24.897662756410256,0.0
3,2,838,1591632236810,24.90910827339368,nan
3,3,837,1592361314304,24.920518365384616,0.0
3,2,839,1593098513548,24.932055563088444,nan
3,3,838,1593832515072,24.943542716346155,0.0
3,2,840,1594563123203,24.954976762867464,nan
3,3,839,1595292438528,24.96639057692308,0.0
3,2,841,1596027244924,24.977890326459836,nan
3,3,840,1596757757952,24.989322884615387,0.0
3,2,842,1597490563807,25.000791325605345,nan
3,3,841,1598894912512,25.022769439102564,0.0
3,2,843,1599628448553,25.03424930753268,nan
3,3,842,1600360117248,25.045699951923076,0.0
3,2,844,1601092097700,25.057155475323018,nan
3,3,843,1601824720384,25.06862104967949,0.0
3,2,845,1602555838988,25.080063085123697,nan
3,3,844,1603289191936,25.091540088141027,0.0
3,2,846,1604024777098,25.103052025396885,nan
3,3,845,1604754378752,25.114470320512822,0.0
3,2,847,1605490242835,25.125986622893507,nan
3,3,846,1606892127232,25.147926169871795,0.0
3,2,848,1607625727821,25.159407048480695,nan
3,3,847,1608357794816,25.170863926282053,0.0
3,2,849,1609760834963,25.192821560794147,nan
3,3,848,1610489670144,25.204227860576925,0.0
3,2,850,1611226273033,25.215755725301108,nan
3,3,849,1611954880000,25.227158453525643,0.0
3,2,851,1612691968643,25.23869392031939,nan
3,3,850,1613425743872,25.250177532051282,0.0
3,2,852,1614158151690,25.261639743746244,nan
3,3,851,1614891003392,25.27310890224359,0.0
3,2,853,1615624366973,25.284586071667793,nan
3,3,852,1616355959296,25.296035520833335,0.0
3,2,854,1617090362078,25.307528953794822,nan
3,3,853,1618493255680,25.329484294871797,0.0
3,2,855,1619226214202,25.340955125106422,nan
3,3,854,1619958540800,25.35241606570513,0.0
3,2,856,1620691957951,25.363894073501978,nan
3,3,855,1621424242688,25.37535435897436,0.0
3,2,857,1622157551667,25.386830673875075,nan
3,3,856,1622888914944,25.398276538461538,0.0
3,2,858,1624293487752,25.42025815917969,nan
3,3,857,1625026308608,25.431726834935898,0.0
3,2,859,1625759012352,25.443193677884615,nan
3,3,858,1626491687936,25.454660080128207,0.0
3,2,860,1627224460652,25.466128002491487,nan
3,3,859,1627957043200,25.477592948717948,0.0
3,2,861,1628690476786,25.489071213723207,nan
3,3,860,1629422387712,25.50052564903846,0.0
3,2,862,1630825610564,25.522486142891125,nan
3,3,861,1631559228416,25.533967291666666,0.0
3,2,863,1632295756482,25.545493985407905,nan
3,3,862,1633024155136,25.556893453525642,0.0
3,2,864,1633758904379,25.56839230861566,nan
3,3,863,1634488509952,25.5798106650641,0.0
3,2,865,1635221904307,25.59128831610264,nan
3,3,864,1635952603136,25.60272378205128,0.0
3,2,866,1637353910296,25.624654295247396,nan
3,3,865,1638083590656,25.636073822115385,0.0
3,2,867,1638818241937,25.64757114409618,nan
3,3,866,1639548675072,25.659002451923076,0.0
3,2,868,1640953658834,25.68099050408779,nan
3,2,869,1642344450418,25.702756448098206,nan
3,3,867,1643077507584,25.714228822115384,0.0
3,2,870,1643809395950,25.725682904365737,nan
3,3,868,1644542370816,25.737153990384616,0.0
3,2,871,1645274463353,25.748611267919298,nan
3,3,869,1646007341568,25.760080841346156,0.0
3,2,872,1646739522535,25.771539502813877,nan
3,3,870,1648144922112,25.7935340625,0.0
3,2,873,1648879993411,25.805037957779323,nan
3,3,871,1649609885696,25.81646080128205,0.0
3,2,874,1650345275841,25.82796968651405,nan
3,3,872,1651075714560,25.83940108173077,0.0
3,2,875,1651810594621,25.85090198412773,nan
3,3,873,1652541767168,25.862344863782052,0.0
3,2,876,1653275825335,25.873832903504983,nan
3,3,874,1654680224256,25.895811802884616,0.0
3,2,877,1655414199057,25.90729853792631,nan
3,3,875,1656146061312,25.91875221153846,0.0
3,2,878,1656877512343,25.93019944947854,nan
3,3,876,1657606490112,25.94160798076923,0.0
3,2,879,1659010229976,25.96357656588041,nan
3,3,877,1659739384832,25.974987868589743,0.0
3,2,880,1660473201237,25.98647212472769,nan
3,3,878,1661205215744,25.997928181089744,0.0
3,2,881,1661936030686,26.009365464211488,nan
3,3,879,1662665673216,26.02078439903846,0.0
3,2,882,1663399295824,26.032265622245593,nan
3,3,880,1664131395072,26.043723004807692,0.0
3,2,883,1664862782170,26.05516924219376,nan
3,3,881,1666264045568,26.077099070512823,0.0
3,2,884,1666995641128,26.08854857033754,nan
3,3,882,1667729691136,26.100036482371795,0.0
3,2,885,1668466501300,26.111567590958035,nan
3,3,883,1669868027392,26.13350153044872,0.0
3,2,886,1670602208525,26.14499149459448,nan
3,3,884,1671333583360,26.156437540064104,0.0
3,2,887,1672067481224,26.16792307103866,nan
3,3,885,1672799443456,26.179378309294872,0.0
3,2,888,1673531731974,26.190838653940055,nan
3,3,886,1674265506816,26.202322259615386,0.0
3,2,889,1675670069321,26.22430371909117,nan
3,3,887,1676403335168,26.23577935897436,0.0
3,2,890,1677138975173,26.247292154525365,nan
3,3,888,1677869135872,26.258719198717948,0.0
3,2,891,1678602099021,26.27019010136531,nan
3,3,889,1679334897152,26.28165842147436,0.0
3,2,892,1680065546957,26.29309312019544,nan
3,3,890,1680795445248,26.304516057692307,0.0
3,2,893,1681529110092,26.315997941894533,nan
3,3,891,1682933629440,26.337978725961538,0.0
3,2,894,1683666968724,26.349455515136718,nan
3,3,892,1684399258624,26.360915881410257,0.0
3,2,895,1685129896977,26.372350400907077,nan
3,3,893,1685859912704,26.38377517628205,0.0
3,2,896,1686592840076,26.39524551901793,nan
3,3,894,1687325889536,26.406717772435897,0.0
3,2,897,1688730352117,26.42869766809708,nan
3,3,895,1689464130560,26.440181330128205,0.0
3,2,898,1690198389604,26.451672513584235,nan
3,3,896,1690929662464,26.463116963141026,0.0
3,2,899,1691660963037,26.47456184640738,nan
3,3,897,1692390060544,26.485972251602565,0.0
3,2,900,1693123528786,26.49745105897561,nan
3,3,898,1693856421888,26.508920865384617,0.0
3,2,901,1694591607767,26.520426553845528,nan
3,3,899,1695322557952,26.531865953525642,0.0
3,2,902,1696725300281,26.553818927174106,nan
3,3,900,1697455245824,26.565242604166666,0.0
3,2,903,1698189401011,26.576732162256487,nan
3,3,901,1699593313792,26.59870345352564,0.0
3,2,904,1700324807173,26.610151354244916,nan
3,3,902,1701053267456,26.621551786858976,0.0
3,2,905,1701789597578,26.63307538276868,nan
3,3,903,1702518157824,26.644477379807693,0.0
3,2,906,1703254625548,26.65600312919421,nan
3,3,904,1703983047680,26.66740296474359,0.0
3,2,907,1704719705224,26.678931684820714,nan
3,3,905,1705449038848,26.69034578525641,0.0
3,2,908,1706184748037,26.70185966353979,nan
3,3,906,1707587563008,26.72381377403846,0.0
3,2,909,1708320726606,26.735287813720703,nan
3,3,907,1709053374464,26.746753782051282,0.0
3,2,910,1709784314828,26.758193028032352,nan
3,3,908,1711185903616,26.78012794871795,0.0
3,2,911,1711916633125,26.791563894809823,nan
3,3,909,1712646464000,26.80298577724359,0.0
3,2,912,1713379680145,26.814460639288487,nan
3,3,910,1714112272384,26.82592573717949,0.0
3,2,913,1714843257618,26.837365685377854,nan
3,3,911,1715572427776,26.848777227564103,0.0
3,2,914,1716306728072,26.860269056615586,nan
3,3,912,1717037995520,26.87171342147436,0.0
3,2,915,1718438750447,26.8936352922019,nan
3,3,913,1719170659328,26.90508969551282,0.0
3,2,916,1719904188521,26.91656945677146,nan
3,3,914,1720636758528,26.92803420673077,0.0
3,2,917,1721369732061,26.939505271888148,nan
3,3,915,1722102681600,26.95097596153846,0.0
3,2,918,1722835700056,26.96244772974259,nan
3,3,916,1724240642560,26.98443513621795,0.0
3,2,919,1724973011906,26.99589674582457,nan
3,3,917,1725706293760,27.007372636217948,0.0
3,2,920,1726441917746,27.018885181070964,nan
3,3,918,1727171935744,27.03030999198718,0.0
3,2,921,1727905270955,27.041786717419747,nan
3,3,919,1728637782016,27.053250544871794,0.0
3,2,922,1729368170026,27.064681146490635,nan
3,3,920,1730770764800,27.086631810897437,0.0
3,2,923,1731505350785,27.098128110993216,nan
3,3,921,1732236973568,27.109578036858974,0.0
3,2,924,1732968588288,27.121027836538463,nan
3,3,922,1733697683968,27.132438213141025,0.0
3,2,925,1734431409544,27.143921047801484,nan
3,3,923,1735163943936,27.155385240384618,0.0
3,2,926,1735899501322,27.166896742944964,nan
3,3,924,1736630100992,27.178330657051283,0.0
3,2,927,1737362547331,27.189793471601437,nan
3,3,925,1738767932416,27.21178780448718,0.0
3,2,928,1739500289734,27.22324922585512,nan
3,3,926,1740233309696,27.234721017628207,0.0
3,2,929,1740968519253,27.24622707665077,nan
3,3,927,1741698771456,27.257655552884618,0.0
3,2,930,1742431522248,27.269123132136418,nan
3,3,928,1743164412928,27.280592900641025,0.0
3,2,931,1743900068160,27.292105934495194,nan
3,3,929,1744630245376,27.303533237179487,0.0
3,2,932,1745364625599,27.31502631709172,nan
3,3,930,1746768165888,27.336991778846155,0.0
3,2,933,1747503884045,27.348505797479092,nan
3,3,931,1748233708032,27.359927572115385,0.0
3,2,934,1749638623587,27.381914556837817,nan
3,3,932,1750370818048,27.39337342948718,0.0
3,2,935,1751103433427,27.404838889520107,nan
3,3,933,1751836568064,27.41631247596154,0.0
3,2,936,1752568177745,27.427762196780474,nan
3,3,934,1753302108160,27.439248237179488,0.0
3,2,937,1754038843856,27.450778180338542,nan
3,3,935,1754767702528,27.46218484775641,0.0
3,2,938,1755503471438,27.47369966067583,nan
3,3,936,1756232996352,27.48511675480769,0.0
3,2,939,1756969046221,27.49663596474672,nan
3,3,937,1758370337792,27.51856623397436,0.0
3,2,940,1759102031638,27.530017271978917,nan
3,3,938,1759836032000,27.54150440705128,0.0
3,2,941,1760570126476,27.55299301501152,nan
3,3,939,1761302174208,27.564449591346154,0.0
3,2,942,1762032704523,27.575882420043946,nan
3,3,940,1762762715136,27.587307115384615,0.0
3,2,943,1763494709128,27.5987628506861,nan
3,3,941,1764228736512,27.610250408653847,0.0
3,2,944,1764962032895,27.62172652642666,nan
3,3,942,1766367011840,27.64371450320513,0.0
3,2,945,1767099379532,27.655176086926584,nan
3,3,943,1767832800768,27.66665415865385,0.0
3,2,946,1768569134799,27.67817781573956,nan
3,3,944,1769298673664,27.68959512820513,0.0
3,2,947,1770031034443,27.701056603737857,nan
3,3,945,1770764410880,27.712533974358976,0.0
3,2,948,1772167976077,27.734499825924605,nan
3,3,946,1772896487424,27.745901057692308,0.0
3,2,949,1773632599564,27.75742124217498,nan
3,3,947,1774361840128,27.768833886217948,0.0
3,2,950,1775096839550,27.78033665661934,nan
3,3,948,1775827261952,27.79176779647436,0.0
3,2,951,1776561805049,27.80326342537122,nan
3,3,949,1777292715520,27.81470220352564,0.0
3,2,952,1778696557890,27.836672392859825,nan
3,3,950,1779430249472,27.84815469551282,0.0
3,2,953,1780166599884,27.85967860896184,nan
3,3,951,1780895965696,27.871093213141027,0.0
3,2,954,1781629415470,27.882571731489133,nan
3,3,952,1782361489408,27.894028717948718,0.0
3,2,955,1783094218671,27.90549596027081,nan
3,3,953,1783826793984,27.916960793269233,0.0
3,2,956,1784558586133,27.928413369719678,nan
3,3,954,1785291950592,27.939890552884616,0.0
3,2,957,1786693020518,27.961817353359127,nan
3,3,955,1787423009280,27.97324170673077,0.0
3,2,958,1788157870817,27.984742319226388,nan
3,3,956,1788887759360,27.996165104166668,0.0
3,2,959,1789622674514,28.007666555770484,nan
3,3,957,1790352731648,28.019091979166667,0.0
3,2,960,1791087691730,28.030594133895484,nan
3,3,958,1791817426432,28.04201451121795,0.0
3,2,961,1792552632141,28.053520510019155,nan
3,3,959,1793287349248,28.06501886217949,0.0
3,2,962,1794693270923,28.087021592720227,nan
3,3,960,1795423911424,28.098456145833335,0.0
3,2,963,1796157744901,28.109940669148763,nan
3,3,961,1796889093632,28.121386306089743,0.0
3,2,964,1797621882514,28.132854481451574,nan
3,3,962,1798354057728,28.144313052884616,0.0
3,2,965,1799085964803,28.155767427931565,nan
3,3,963,1800491277312,28.177760625,0.0
3,2,966,1801225713740,28.189254584522736,nan
3,3,964,1801956787712,28.20069592147436,0.0
3,2,967,1802690645457,28.212180824584962,nan
3,3,965,1803422098944,28.223628100961538,0.0
3,2,968,1804155662637,28.23510840214656,nan
3,3,966,1804887154176,28.24655627403846,0.0
3,2,969,1805620729003,28.258036749471028,nan
3,3,967,1806352129536,28.269483197115385,0.0
3,2,970,1807085087774,28.280954022905398,nan
3,3,968,1808489555456,28.302933998397435,0.0
3,2,971,1809224946814,28.31444290261293,nan
3,3,969,1809954534400,28.325860977564105,0.0
3,2,972,1810690342886,28.33737640984951,nan
3,3,970,1811419602432,28.34878935096154,0.0
3,2,973,1812155276103,28.360302673386794,nan
3,3,971,1812884131328,28.371709286858977,0.0
3,2,974,1813619895496,28.383224025565905,nan
3,3,972,1814348905472,28.394633060897437,0.0
3,2,975,1815084712523,28.406148470725036,nan
3,3,973,1815813921792,28.417560625,0.0
3,2,976,1817219435669,28.439556973485704,nan
3,3,974,1817951540224,28.451014439102565,0.0
3,2,977,1819354230487,28.47296659791604,nan
3,3,975,1820082578432,28.484365272435898,0.0
3,2,978,1820814195272,28.49581510529347,nan
3,3,976,1821547195392,28.507286586538463,0.0
3,2,979,1822279525836,28.518747587327223,nan
3,3,977,1823011899392,28.530209262820513,0.0
3,2,980,1823745240388,28.541686078788562,nan
3,3,978,1824476744704,28.553134150641025,0.0
3,2,981,1825210647228,28.564619754544772,nan
3,3,979,1825941332480,28.576055008012823,0.0
3,2,982,1827344877841,28.598020549144255,nan
3,3,980,1828077354496,28.609483838141028,0.0
3,2,983,1829477947209,28.631403170212966,nan
3,3,981,1830208666624,28.642838958333336,0.0
3,2,984,1830941124803,28.654301958179964,nan
3,3,982,1831673704960,28.66576686698718,0.0
3,2,985,1832404458055,28.6772031822009,nan
3,3,983,1833132825088,28.68860215544872,0.0
3,2,986,1833867422641,28.700098636584162,nan
3,3,984,1834597820416,28.711529391025643,0.0
3,2,987,1835330772789,28.72300012502817,nan
3,3,985,1836063178240,28.73446229967949,0.0
3,2,988,1836793799843,28.745896557038137,nan
3,3,986,1837523357696,28.757314166666667,0.0
3,2,989,1838925844222,28.779263136987932,nan
3,3,987,1839655457792,28.790681618589744,0.0
3,2,990,1840389000299,28.802161588213018,nan
3,3,988,1841120586752,28.81361094551282,0.0
3,2,991,1841852823007,28.82507047223996,nan
3,3,989,1842586550272,28.836553333333335,0.0
3,2,992,1843322917194,28.848077505164515,nan
3,3,990,1844051921408,28.859486450320514,0.0
3,2,993,1844787543755,28.870998969523114,nan
3,3,991,1846189429248,28.892938533653847,0.0
3,2,994,1846922519824,28.904411430538865,nan
3,3,992,1847654476288,28.91586657852564,0.0
3,2,995,1849056510314,28.937808467203777,nan
3,3,993,1849785929728,28.94922391025641,0.0
3,2,996,1850521364194,28.96073348911383,nan
3,3,994,1851251486720,28.972159935897437,0.0
3,2,997,1851986659922,28.98366542596279,nan
3,3,995,1852716830208,28.99509262019231,0.0
3,2,998,1853451440596,29.006589302196016,nan
3,3,996,1854182318080,29.018027564102564,0.0
3,2,999,1854916518731,29.029517833705807,nan
3,3,997,1855647782912,29.0409621474359,0.0
3,2,1000,1857050653579,29.0629171295792,nan
3,3,998,1857779469312,29.074323125,0.0
3,2,1001,1858513521932,29.08581107791216,nan
3,3,999,1859244830208,29.09725608173077,0.0
3,2,1002,1859978009227,29.10873036275228,nan
3,3,1000,1860709812224,29.12018310897436,0.0
3,2,1003,1862113157844,29.142145524151143,nan
3,3,1001,1862846659584,29.15362485576923,0.0
3,2,1004,1863578227786,29.165073927440154,nan
3,3,1002,1864311593984,29.176551137820514,0.0
3,2,1005,1865043217871,29.188001080963918,nan
3,3,1003,1865776549376,29.199477748397438,0.0
3,2,1006,1867177477133,29.2214023239214,nan
3,3,1004,1867907655680,29.2328296474359,0.0
3,2,1007,1868642039682,29.244322786489633,nan
3,3,1005,1869372432384,29.25575346153846,0.0
3,2,1008,1870106907918,29.267248033071667,nan
3,3,1006,1870837831680,29.27868701923077,0.0
3,2,1009,1871571458175,29.290168303269606,nan
3,3,1007,1872303255040,29.301620953525642,0.0
3,2,1010,1873035563514,29.313081610483025,nan
3,3,1008,1874440582144,29.335070208333335,0.0
3,2,1011,1875171386438,29.34650732481345,nan
3,3,1009,1875900819968,29.357922988782054,0.0
3,2,1012,1876634506672,29.36940521509415,nan
3,3,1010,1877365927936,29.380851987179486,0.0
3,2,1013,1878099644208,29.39233467623197,nan
3,3,1011,1878831015424,29.403780665064104,0.0
3,2,1014,1879563698328,29.415247181865986,nan
3,3,1012,1880296369152,29.426713509615386,0.0
3,2,1015,1881700353767,29.44868592508952,nan
3,3,1013,1882433710080,29.460162980769233,0.0
3,2,1016,1883168298590,29.47165932038136,nan
3,3,1014,1883899059200,29.48309575320513,0.0
3,2,1017,1884630938578,29.49454969479292,nan
3,3,1015,1885364109312,29.506023846153848,0.0
3,2,1018,1886099119441,29.517526784120218,nan
3,3,1016,1886829309440,29.528954286858976,0.0
3,2,1019,1887563196617,29.540439650581558,nan
3,3,1017,1888966752768,29.562405360576925,0.0
3,2,1020,1889703217933,29.57393106991499,nan
3,3,1018,1890431666176,29.585331314102564,0.0
3,2,1021,1891167526541,29.5968475582964,nan
3,3,1019,1891897035776,29.608264407051283,0.0
3,2,1022,1892631825420,29.619763894418572,nan
3,3,1020,1893363011072,29.631206979166667,0.0
3,2,1023,1894096287614,29.642682786427034,nan
3,3,1021,1894828530176,29.654142411858974,0.0
3,2,1024,1895561108204,29.665607287347257,nan
3,3,1022,1896966388736,29.68759998397436,0.0
3,2,1025,1897701013318,29.699096888114735,nan
3,3,1023,1898431643136,29.710531274038463,0.0
3,2,1026,1899165856957,29.72202174975273,nan
3,3,1024,1899897409536,29.73347057692308,0.0
3,2,1027,1900630611522,29.74494521737906,nan
3,3,1025,1901361915392,29.75639015224359,0.0
3,2,1028,1902094951331,29.76786219405737,nan
3,3,1026,1902826675200,29.779313701923076,0.0
3,2,1029,1904229471235,29.801267516072592,nan
3,3,1027,1904958129152,29.81267104166667,0.0
3,2,1030,1905694418802,29.82419400418795,nan
3,3,1028,1906423540224,29.835604783653846,0.0
3,2,1031,1907159144172,29.84711701491136,nan
3,3,1029,1907888808960,29.858536298076924,0.0
3,2,1032,1909293344579,29.880517336785733,nan
3,3,1030,1910026155520,29.891985857371797,0.0
3,2,1033,1910757736627,29.903435131006486,nan
3,3,1031,1911491546112,29.914919278846156,0.0
3,2,1034,1912228201520,29.92644796549479,nan
3,3,1032,1912957053952,29.93785453525641,0.0
3,2,1035,1913692945827,29.949371272583008,nan
3,3,1033,1914422442496,29.960787924679487,0.0
3,2,1036,1915157269263,29.972287993023212,nan
3,3,1034,1915887626240,29.983718108974358,0.0
3,2,1037,1917291612010,30.005690542524288,nan
3,3,1035,1918025207296,30.017171338141026,0.0
3,2,1038,1918761254614,30.028690508156803,nan
3,3,1036,1919490911744,30.040109671474358,0.0
3,2,1039,1920225006160,30.051598278495593,nan
3,3,1037,1920955900416,30.063036802884618,0.0
3,2,1040,1921689335248,30.074515087389823,nan
3,3,1038,1922420907520,30.08596422275641,0.0
3,2,1041,1923821959710,30.10789074566181,nan
3,3,1039,1924552639488,30.11932591346154,0.0
3,2,1042,1925284221331,30.13077519861466,nan
3,3,1040,1926017746944,30.142254903846155,0.0
3,2,1043,1926751615233,30.15373997197078,nan
3,3,1041,1927482484224,30.16517810096154,0.0
3,2,1044,1928213789836,30.176623063088442,nan
3,3,1042,1928946906112,30.18809636217949,0.0
3,2,1045,1929678081543,30.199539286968527,nan
3,3,1043,1931083810816,30.221539006410257,0.0
3,2,1046,1931817427528,30.233020137344752,nan
3,3,1044,1932548922368,30.244468060897436,0.0
3,2,1047,1933281590220,30.255934342134918,nan
3,3,1045,1934014424064,30.267403221153845,0.0
3,2,1048,1934746782535,30.27886466056628,nan
3,3,1046,1935479827968,30.290336850961538,0.0
3,2,1049,1936211433147,30.301786501323996,nan
3,3,1047,1936944686080,30.313261939102564,0.0
3,2,1050,1938350500615,30.335262992898013,nan
3,3,1048,1939082479104,30.346718485576925,0.0
3,2,1051,1939814840454,30.358179970045825,nan
3,3,1049,1940548042752,30.369654615384615,0.0
3,2,1052,1941278949888,30.381093341346155,nan
3,3,1050,1942008056320,30.39250388621795,0.0
3,2,1053,1942742537574,30.40399854726938,nan
3,3,1051,1943473662464,30.415440681089745,0.0
3,2,1054,1944204708075,30.42688157419058,nan
3,3,1052,1944933848576,30.43829265224359,0.0
3,2,1055,1946336749375,30.4602481059539,nan
3,3,1053,1947065907200,30.471659455128204,0.0
3,2,1056,1947801808060,30.483176333070414,nan
3,3,1054,1948531171328,30.4945908974359,0.0
3,2,1057,1949266838061,30.506104111281175,nan
3,3,1055,1949996258816,30.517519575320513,0.0
3,2,1058,1951405748351,30.5395781430132,nan
3,3,1056,1952138497536,30.551045697115384,0.0
3,2,1059,1952874302975,30.56256108171512,nan
3,3,1057,1953603254784,30.57396920673077,0.0
3,2,1060,1954336979309,30.585452024943034,nan
3,3,1058,1955068219392,30.59689596153846,0.0
3,2,1061,1955801903837,30.60837815249712,nan
3,3,1059,1956533356032,30.619825408653845,0.0
3,2,1062,1957266854488,30.631304688877204,nan
3,3,1060,1958670464000,30.65327123397436,0.0
3,2,1063,1959402742968,30.66473142916166,nan
3,3,1061,1960135342592,30.676196642628206,0.0
3,2,1064,1960867922992,30.687661555238382,nan
3,3,1062,1961600246784,30.699122451923078,0.0
3,2,1065,1962333100984,30.710591649514225,nan
3,3,1063,1963065102848,30.72204750801282,0.0
3,2,1066,1963797970735,30.733516919806064,nan
3,3,1064,1964529727488,30.744968942307693,0.0
3,2,1067,1965262451872,30.75643610827324,nan
3,3,1065,1966666315264,30.778406626602564,0.0
3,2,1068,1967402546422,30.789928673721704,nan
3,3,1066,1968131307520,30.801333814102566,0.0
3,2,1069,1968865874557,30.812829817661385,nan
3,3,1067,1969596185088,30.82425920673077,0.0
3,2,1070,1970329063919,30.835728789798054,nan
3,3,1068,1971061492736,30.847191330128204,0.0
3,2,1071,1971792181605,30.85862664020245,nan
3,3,1069,1972521071616,30.870033798076925,0.0
3,2,1072,1973255334119,30.881525035666442,nan
3,3,1070,1974658467328,30.903484126602564,0.0
3,2,1073,1975392841519,30.914977112113757,nan
3,3,1071,1976124155392,30.926422203525643,0.0
3,2,1074,1976855821498,30.937872807398087,nan
3,3,1072,1977589529088,30.949355360576924,0.0
3,2,1075,1978324730414,30.960861290784006,nan
3,3,1073,1979055072768,30.972291177884617,0.0
3,2,1076,1980458132112,30.99424911283053,nan
3,3,1074,1981187251200,31.00565985576923,0.0
3,2,1077,1981920944641,31.017142187515653,nan
3,3,1075,1982653076480,31.028600080128207,0.0
3,2,1078,1983384403824,31.04004538236178,nan
3,3,1076,1984113398784,31.051454182692307,0.0
3,2,1079,1984848788728,31.062963064778646,nan
3,3,1077,1985579565568,31.074399751602567,0.0
3,2,1080,1986983625536,31.096373346354167,nan
3,3,1078,1987712688640,31.107783213141026,0.0
3,2,1081,1988448639173,31.119300868467676,nan
3,3,1079,1989178341376,31.130720737179487,0.0
3,2,1082,1989913581125,31.14222726870806,nan
3,3,1080,1990644023296,31.15365871794872,0.0
3,2,1083,1992048480402,31.175638527925933,nan
3,3,1081,1992782020608,31.18711846153846,0.0
3,2,1084,1993518696460,31.19864746813652,nan
3,3,1082,1994247694848,31.210056322115385,0.0
3,2,1085,1994983940483,31.221578595800157,nan
3,3,1083,1995713298432,31.232993076923076,0.0
3,2,1086,1996448890117,31.244505116264147,nan
3,3,1084,1997179067904,31.255932427884616,0.0
3,2,1087,1997914674827,31.267444705701,nan
3,3,1085,1999317387264,31.289397211538464,0.0
3,2,1088,2000049337036,31.300852254795174,nan
3,3,1086,2000783235584,31.31233779647436,0.0
3,2,1089,2001517676112,31.323831820162262,nan
3,3,1087,2002248824832,31.335274326923077,0.0
3,2,1090,2002980499919,31.346725071348533,nan
3,3,1088,2003714187776,31.35820731570513,0.0
3,2,1091,2004450291020,31.369727360965044,nan
3,3,1089,2005180009472,31.38114748397436,0.0
3,2,1092,2005915066057,31.39265114897899,nan
3,3,1090,2007318152192,31.414609503205128,0.0
3,2,1093,2008054685962,31.426136286214195,nan
3,3,1091,2008783754240,31.43754623397436,0.0
3,2,1094,2009517295755,31.449026188072793,nan
3,3,1092,2010249010176,31.460477548076923,0.0
3,2,1095,2010980054548,31.47191842178736,nan
3,3,1093,2011709195264,31.48332950320513,0.0
3,2,1096,2013113954401,31.505314039979595,nan
3,3,1094,2013846075904,31.516771770833333,0.0
3,2,1097,2014577439215,31.5282176359519,nan
3,3,1095,2015311219712,31.539701330128207,0.0
3,2,1098,2016045488995,31.551192673824996,nan
3,3,1096,2016777100288,31.562642419871796,0.0
3,2,1099,2017508417764,31.574087567670773,nan
3,3,1097,2018237960192,31.585504935897436,0.0
3,2,1100,2019640735044,31.607458418532154,nan
3,3,1098,2020371441664,31.618894006410258,0.0
3,2,1101,2021105157317,31.630376685775367,nan
3,3,1099,2021836960256,31.641829431089743,0.0
3,2,1102,2022568835649,31.653283310312126,nan
3,3,1100,2023302183424,31.664760232371794,0.0
3,2,1103,2024036873143,31.67625815590883,nan
3,3,1101,2024767264256,31.687688806089746,0.0
3,2,1104,2025499983658,31.69915589408679,nan
3,3,1102,2026904838656,31.721141931089743,0.0
3,2,1105,2027638131086,31.732617986997948,nan
3,3,1103,2028370392064,31.744077900641027,0.0
3,2,1106,2029102802173,31.75554014819023,nan
3,3,1104,2030507993600,31.777531450320513,0.0
3,2,1107,2031242722133,31.789029981298203,nan
3,3,1105,2031973413376,31.800465328525643,0.0
3,2,1108,2032705723087,31.811926004842125,nan
3,3,1106,2033438746112,31.823397844551284,0.0
3,2,1109,2034173747789,31.834900650243515,nan
3,3,1107,2034904255488,31.846333125,0.0
3,2,1110,2035636937174,31.857799622740135,nan
3,3,1108,2036369482752,31.869263990384617,0.0
3,2,1111,2037768421907,31.891157444207607,nan
3,3,1109,2038501499904,31.90263014423077,0.0
3,2,1112,2039904799348,31.924591836751304,nan
3,3,1110,2040633309696,31.935993052884616,0.0
3,2,1113,2041369357811,31.947512235373473,nan
3,3,1111,2042098756608,31.95892735576923,0.0
3,2,1114,2042833711970,31.970429436629857,nan
3,3,1112,2043563982848,31.981858205128205,0.0
3,2,1115,2044298031831,31.99334610112117,nan
3,3,1113,2045029643776,32.004795857371796,0.0
3,2,1116,2045762530903,32.01626557027181,nan
3,3,1114,2046495042560,32.02772940705128,0.0
3,2,1117,2047896122032,32.049656356921076,nan
3,3,1115,2048626119168,32.061080841346154,0.0
3,2,1118,2049360452139,32.0725731817627,nan
3,3,1116,2050091046912,32.08400701923077,0.0
3,2,1119,2050824667571,32.09548821193597,nan
3,3,1117,2051556256256,32.10693760416667,0.0
3,2,1120,2052961688571,32.1289326762038,nan
3,3,1118,2053693673984,32.14038827724359,0.0
3,2,1121,2054424626036,32.15182770614233,nan
3,3,1119,2055153681920,32.1632374599359,0.0
3,2,1122,2055887373033,32.17471975524902,nan
3,3,1120,2056619431936,32.186176506410256,0.0
3,2,1123,2057349687394,32.197605033584985,nan
3,3,1121,2058079880192,32.20903258012821,0.0
3,2,1124,2059481089230,32.23096155771109,nan
3,3,1122,2060211462656,32.24239193108974,0.0
3,2,1125,2060944175166,32.253858911226715,nan
3,3,1123,2061676317184,32.265316963141025,0.0
3,2,1126,2062407310776,32.27675704214243,nan
3,3,1124,2063136184832,32.28816395032052,0.0
3,2,1127,2063870197561,32.29965127893693,nan
3,3,1125,2064601511424,32.31109637019231,0.0
3,2,1128,2065333434050,32.32255098861303,nan
3,3,1126,2066738991616,32.34454802083334,0.0
3,2,1129,2067471149323,32.356006318281125,nan
3,3,1127,2068204378624,32.367481386217946,0.0
3,2,1130,2068939405439,32.378984585320886,nan
3,3,1128,2070341636096,32.400929551282054,0.0
3,2,1131,2071076220119,32.41242582067245,nan
3,3,1129,2071806384128,32.42385291666667,0.0
3,2,1132,2072540203084,32.435337212727866,nan
3,3,1130,2073271396352,32.44678041666667,0.0
3,2,1133,2074005274565,32.45826564010229,nan
3,3,1131,2074736408064,32.469707908653845,0.0
3,2,1134,2075470003008,32.48118869891827,nan
3,3,1132,2076201484288,32.49263641025641,0.0
3,2,1135,2077605255568,32.51460548702925,nan
3,3,1133,2078338512384,32.526080985576925,0.0
3,2,1136,2079070935819,32.537543441678565,nan
3,3,1134,2079803717120,32.549011498397434,0.0
3,2,1137,2080536253579,32.560475723329205,nan
3,3,1135,2081268815872,32.571940352564106,0.0
3,2,1138,2082001257972,32.58340310077374,nan
3,3,1136,2082733653504,32.59486512019231,0.0
3,2,1139,2083466260341,32.60633044654259,nan
3,3,1137,2084875365888,32.628383004807695,0.0
3,2,1140,2085610907593,32.63989426195976,nan
3,3,1138,2086340461056,32.651311802884614,0.0
3,2,1141,2087073755975,32.66278789774577,nan
3,3,1139,2087806099456,32.674249102564104,0.0
3,2,1142,2089205973390,32.6961571857159,nan
3,3,1140,2089938139648,32.707615616987184,0.0
3,2,1143,2090668809482,32.719050629162915,nan
3,3,1141,2091397731328,32.73045828525641,0.0
3,2,1144,2092133677709,32.74197587560409,nan
3,3,1142,2092862699008,32.75338508814102,0.0
3,2,1145,2093598257674,32.76489661073342,nan
3,3,1143,2094327807488,32.77631409455128,0.0
3,2,1146,2095063213438,32.787823227132165,nan
3,3,1144,2095793049600,32.799245192307694,0.0
3,2,1147,2097198425540,32.82123938207382,nan
3,3,1145,2097930565632,32.832697403846154,0.0
3,2,1148,2098663300942,32.84416474080404,nan
3,3,1146,2099395746304,32.855627540064106,0.0
3,2,1149,2100127972041,32.86708690218412,nan
3,3,1147,2100860971008,32.87855836538461,0.0
3,2,1150,2101593075269,32.890015826400365,nan
3,3,1148,2102326274560,32.90149042467949,0.0
3,2,1151,2103058028477,32.912942402797604,nan
3,3,1149,2104463620608,32.93493997596154,0.0
3,2,1152,2105198668802,32.946443509646684,nan
3,3,1150,2105929290752,32.9578777724359,0.0
3,2,1153,2106663461242,32.96936757001828,nan
3,3,1151,2107395150336,32.980818533653846,0.0
3,2,1154,2108128543470,32.99229616558368,nan
3,3,1152,2108860600832,33.003752892628206,0.0
3,2,1155,2110263620934,33.02571021343525,nan
3,3,1153,2110992099328,33.03711092948718,0.0
3,2,1156,2111728449734,33.0486348428423,nan
3,3,1154,2112457677312,33.060047283653844,0.0
3,2,1157,2113193377851,33.07156102656438,nan
3,3,1155,2113923375104,33.082985512820514,0.0
3,2,1158,2114657892265,33.09448073581793,nan
3,3,1156,2115389185024,33.105925496794875,0.0
3,2,1159,2116122421529,33.117400677474585,nan
3,3,1157,2116854359552,33.12885553685898,0.0
3,2,1160,2118254731122,33.1507714080341,nan
3,3,1158,2118986237952,33.16221951923077,0.0
3,2,1161,2119717532394,33.173664306546726,nan
3,3,1159,2120446426112,33.1850715224359,0.0
3,2,1162,2121180158579,33.19655446494078,nan
3,3,1160,2121912044032,33.20800850160256,0.0
3,2,1163,2122642822616,33.21944521572016,nan
3,3,1161,2123371592192,33.23085048878205,0.0
3,2,1164,2124105382225,33.24233433219714,nan
3,3,1162,2125509547520,33.26430957532051,0.0
3,2,1165,2126241890739,33.275770776038534,nan
3,3,1163,2126975063040,33.28724495192308,0.0
3,2,1166,2127709894421,33.29874509247609,nan
3,3,1164,2128440161280,33.310173798076924,0.0
3,2,1167,2129172420239,33.321633680122574,nan
3,3,1165,2129905441280,33.33310548878205,0.0
3,2,1168,2130640215052,33.34460472775191,nan
3,3,1166,2131370039296,33.35602650641026,0.0
3,2,1169,2132102814091,33.367494461309974,nan
3,3,1167,2132834838528,33.37895067307692,0.0
3,2,1170,2134236661193,33.40088925394694,nan
3,3,1168,2134965780480,33.4123,0.0
3,2,1171,2135698596180,33.4237685950646,nan
3,3,1169,2136431032320,33.43523125,0.0
3,2,1172,2137834936720,33.45720241010617,nan
3,3,1170,2138568710144,33.468685993589744,0.0
3,2,1173,2139302435084,33.480168818296775,nan
3,3,1171,2140034482688,33.49162539262821,0.0
3,2,1174,2140764881034,33.50305615600586,nan
3,3,1172,2141494586880,33.51447608173077,0.0
3,2,1175,2142229500926,33.52597751599434,nan
3,3,1173,2142960524288,33.53741806089744,0.0
3,2,1176,2143693578605,33.54889039032765,nan
3,3,1174,2144426326016,33.56035791666667,0.0
3,2,1177,2145157789925,33.57180535614796,nan
3,3,1175,2146563569152,33.5938058573718,0.0
3,2,1178,2147296905023,33.60528259313339,nan
3,3,1176,2148028805632,33.61673686698718,0.0
3,2,1179,2148761745083,33.62820739875989,nan
3,3,1177,2149494091264,33.63966864583333,0.0
3,2,1180,2150226115616,33.65112485627003,nan
3,3,1178,2150959270400,33.66259875801282,0.0
3,2,1181,2152358715513,33.68450013009878,nan
3,3,1179,2153091910656,33.69597466346154,0.0
3,2,1182,2153826219495,33.707466626211314,nan
3,3,1180,2154557912064,33.71891764423077,0.0
3,2,1183,2155289747282,33.73037089471279,nan
3,3,1181,2156023720960,33.74185761217949,0.0
3,2,1184,2156759622857,33.75337450635079,nan
3,3,1182,2157489326080,33.76479439102564,0.0
3,2,1185,2158223813188,33.77628914369241,nan
3,3,1183,2158955112960,33.78773401442308,0.0
3,2,1186,2159688120766,33.79920561595428,nan
3,3,1184,2161092908032,33.82119059294872,0.0
3,2,1187,2161828262414,33.83269891848833,nan
3,3,1185,2162558769664,33.84413138621795,0.0
3,2,1188,2163293070204,33.855623219088045,nan
3,3,1186,2164025127936,33.86707995192308,0.0
3,2,1189,2164758243052,33.87855323286008,nan
3,3,1187,2165490595840,33.89001458333333,0.0
3,2,1190,2166223441501,33.901483647288785,nan
3,3,1188,2166956489216,33.912955873397436,0.0
3,2,1191,2168358317753,33.934894546164486,nan
3,3,1189,2169088567808,33.94632298878205,0.0
3,2,1192,2169823238690,33.95782061751928,nan
3,3,1190,2170553885184,33.969255264423076,0.0
3,2,1193,2171287105942,33.98073019866161,nan
3,3,1191,2172019486720,33.99219198717949,0.0
3,2,1194,2173419963893,34.0141095110458,nan
3,3,1192,2174151087104,34.025551618589745,0.0
3,2,1195,2174884715359,34.03703293017265,nan
3,3,1193,2175616611328,34.048487131410255,0.0
3,2,1196,2176349729487,34.05996045997033,nan
3,3,1194,2177082461696,34.07142774839744,0.0
3,2,1197,2178484922137,34.09337631048741,nan
3,3,1195,2179214822400,34.10479927884615,0.0
3,2,1198,2179949641873,34.11629923303849,nan
3,3,1196,2180680207872,34.12773262019231,0.0
3,2,1199,2181412932112,34.139199783904246,nan
3,3,1197,2182145584640,34.150665825320516,0.0
3,2,1200,2182881961866,34.16219015840971,nan
3,3,1198,2183610316800,34.173588942307696,0.0
3,2,1201,2184346808570,34.18511506801507,nan
3,3,1199,2185080633856,34.19659946314103,0.0
3,2,1202,2185817225846,34.20812715729542,nan
3,3,1200,2187217729024,34.230045088141026,0.0
3,2,1203,2187948523201,34.24148204628969,nan
3,3,1201,2188677830656,34.252895737179486,0.0
3,2,1204,2189411365428,34.2643755857497,nan
3,3,1202,2190143388672,34.275831778846154,0.0
3,2,1205,2191542507659,34.29772804704715,nan
3,3,1203,2192275992064,34.3092071073718,0.0
3,2,1206,2193011595258,34.32071932682918,nan
3,3,1204,2193741349376,34.33214000801282,0.0
3,2,1207,2194474853736,34.34361938063402,nan
3,3,1205,2195206437376,34.355068693910255,0.0
3,2,1208,2195937608927,34.36651155797714,nan
3,3,1206,2196666596864,34.37792024839744,0.0
3,2,1209,2198069215550,34.399871287028,nan
3,3,1207,2198799304704,34.41129721153846,0.0
3,2,1210,2199531590832,34.42275751878005,nan
3,3,1208,2200264617984,34.43422942307692,0.0
3,2,1211,2200999140384,34.4457247280649,nan
3,3,1209,2201730237952,34.45716643429487,0.0
3,2,1212,2202461371282,34.46860870020157,nan
3,3,1210,2203190401536,34.48001805288462,0.0
3,2,1213,2203923378435,34.49148917072003,nan
3,3,1211,2205327026176,34.51345631410256,0.0
3,2,1214,2206060255056,34.52493137545072,nan
3,3,1212,2206792144384,34.536385472756415,0.0
3,2,1215,2207523086537,34.5478247467354,nan
3,3,1213,2208252167680,34.559234895833335,0.0
3,2,1216,2209655024415,34.58118965994028,nan
3,3,1214,2210384372736,34.59260399038462,0.0
3,2,1217,2211117974678,34.60408489016802,nan
3,3,1215,2211850301440,34.615545833333336,0.0
3,2,1218,2212581471253,34.62698867020045,nan
3,3,1216,2213310246400,34.638394030448715,0.0
3,2,1219,2214044319626,34.6498823058456,nan
3,3,1217,2214776451072,34.66134019230769,0.0
3,2,1220,2216175523787,34.683235736350035,nan
3,3,1218,2216909579776,34.69472374198718,0.0
3,2,1221,2217645468491,34.706240429859655,nan
3,3,1219,2218375642624,34.717667684294874,0.0
3,2,1222,2219111046336,34.72917678185096,nan
3,3,1220,2219841774592,34.74061270833334,0.0
3,2,1223,2220575753785,34.75209951211,nan
3,3,1221,2221307881472,34.76355733974359,0.0
3,2,1224,2222040199606,34.77501814788036,nan
3,3,1222,2223445371392,34.797009142628205,0.0
3,2,1225,2224180077055,34.80850731568948,nan
3,3,1223,2224911011840,34.81994647435898,0.0
3,2,1226,2225644936551,34.83143242549016,nan
3,3,1224,2226376920064,34.84288799679487,0.0
3,2,1227,2227109573343,34.85435404996432,nan
3,3,1225,2227842581504,34.86582565705128,0.0
3,2,1228,2229244860225,34.88777137521597,nan
3,3,1226,2229975126528,34.899200072115384,0.0
3,2,1229,2230709711533,34.910696356874126,nan
3,3,1227,2231440079872,34.922126650641026,0.0
3,2,1230,2232174857246,34.93362594598232,nan
3,3,1228,2232905280000,34.94505709134616,0.0
3,2,1231,2233638221209,34.956527650631635,nan
3,3,1229,2234370770944,34.967992083333336,0.0
3,2,1232,2235101658892,34.9794305090019,nan
3,3,1230,2235830379520,34.99083501602564,0.0
3,2,1233,2237234161511,35.01280426042606,nan
3,3,1231,2237967602688,35.02428264423077,0.0
3,2,1234,2239371739571,35.046257442705205,nan
3,3,1232,2240104945152,35.05773213942308,0.0
3,2,1235,2240836844319,35.06918639070951,nan
3,3,1233,2241570804736,35.08067290064103,0.0
3,2,1236,2242307643544,35.09220445750701,nan
3,3,1234,2243036464128,35.103610528846154,0.0
3,2,1237,2243772515851,35.115129767800354,nan
3,3,1235,2244502516224,35.126554302884614,0.0
3,2,1238,2245237587351,35.138058195472134,nan
3,3,1236,2245967930880,35.14948810096154,0.0
3,2,1239,2246702423816,35.16098294483674,nan
3,3,1237,2248104821248,35.18293052083333,0.0
3,2,1240,2248838029644,35.19440526160607,nan
3,3,1238,2249570122240,35.2058625400641,0.0
3,2,1241,2250303459516,35.217339297814,nan
3,3,1239,2251035774464,35.228800056089746,0.0
3,2,1242,2251768766006,35.24027140308869,nan
3,3,1240,2252501239808,35.251734647435896,0.0
3,2,1243,2253233810857,35.26319941370255,nan
3,3,1241,2253965836288,35.27465564102564,0.0
3,2,1244,2254698583323,35.28612316148025,nan
3,3,1242,2255430402048,35.29757615384616,0.0
3,2,1245,2256833274214,35.31953115944887,nan
3,3,1243,2257566647296,35.331008477564104,0.0
3,2,1246,2258298107107,35.342455852911534,nan
3,3,1244,2259031208448,35.35392891826923,0.0
3,2,1247,2259762882645,35.36537964876615,nan
3,3,1245,2260496363520,35.376858653846156,0.0
3,2,1248,2261232914378,35.3883857042831,nan
3,3,1246,2261966777856,35.39987069711538,0.0
3,2,1249,2263372171273,35.42186516039726,nan
3,3,1247,2264103401472,35.43330894230769,0.0
3,2,1250,2264835067274,35.44475954142253,nan
3,3,1248,2265568335360,35.45623521634616,0.0
3,2,1251,2266303289088,35.46773727163462,nan
3,3,1249,2267032986112,35.47915705929487,0.0
3,2,1252,2267765662841,35.49062347945776,nan
3,3,1250,2268497771520,35.50208100961539,0.0
3,2,1253,2269897766092,35.523990980756714,nan
3,3,1251,2270629504000,35.535442708333335,0.0
3,2,1254,2271361420361,35.546897228706555,nan
3,3,1252,2272094465024,35.55836940705128,0.0
3,2,1255,2272826042802,35.569818628586994,nan
3,3,1253,2273559511040,35.58129743589744,0.0
3,2,1256,2274295509280,35.59281583784055,nan
3,3,1254,2275024404992,35.604223084935896,0.0
3,2,1257,2276428968315,35.62620455721342,nan
3,3,1255,2277161171968,35.63766357371795,0.0
3,2,1258,2277893499113,35.64912452287723,nan
3,3,1256,2279298538496,35.67111344551282,0.0
3,2,1259,2280032439617,35.68259902745956,nan
3,3,1257,2280764904448,35.694062131410256,0.0
3,2,1260,2281496189628,35.70550677377554,nan
3,3,1258,2282225360896,35.71691833333333,0.0
3,2,1261,2282958609455,35.72839370265863,nan
3,3,1259,2283691138048,35.73985780448718,0.0
3,2,1262,2284423064989,35.751312490437826,nan
3,3,1260,2285156391424,35.76278907852564,0.0
3,2,1263,2286557127684,35.784710657113884,nan
3,3,1261,2287288530432,35.79615713942308,0.0
3,2,1264,2288021295476,35.807624941719254,nan
3,3,1262,2288754207232,35.819095040064106,0.0
3,2,1265,2289485539047,35.83054041226901,nan
3,3,1263,2290214227456,35.841944415064106,0.0
3,2,1266,2291619020093,35.86392947611491,nan
3,3,1264,2292351544832,35.875393517628204,0.0
3,2,1267,2293083246267,35.88684467440092,nan
3,3,1265,2293816455168,35.89831942307693,0.0
3,2,1268,2294553079846,35.90984762879983,nan
3,3,1266,2295286463488,35.92132511217949,0.0
3,2,1269,2296017390487,35.93276414899777,nan
3,3,1267,2296745713152,35.94416242788461,0.0
3,2,1270,2298149319146,35.966128917924934,nan
3,3,1268,2298882123264,35.97759733173077,0.0
3,2,1271,2299617099623,35.98909974119529,nan
3,3,1269,2300347506176,36.00053063301282,0.0
3,2,1272,2301080112349,36.01199594897148,nan
3,3,1270,2302485260800,36.03398657852564,0.0
3,2,1273,2303217812265,36.045451038301906,nan
3,3,1271,2303950350336,36.05691528846154,0.0
3,2,1274,2304685873835,36.06842626068898,nan
3,3,1272,2305415566336,36.079845977564105,0.0
3,2,1275,2306148374035,36.091314447412735,nan
3,3,1273,2306880719872,36.102775689102565,0.0
3,2,1276,2308282524271,36.12471398410895,nan
3,3,1274,2309012725248,36.13614165865385,0.0
3,2,1277,2309747216356,36.14763647392078,nan
3,3,1275,2310478132736,36.15907534455128,0.0
3,2,1278,2311210240857,36.170532865976185,nan
3,3,1276,2311943836672,36.18201366987179,0.0
3,2,1279,2312678556877,36.19351207051595,nan
3,3,1277,2313409679360,36.20495416666667,0.0
3,2,1280,2314142444107,36.21642196431478,nan
3,3,1278,2314875287552,36.227890993589746,0.0
3,2,1281,2315607697865,36.239353244331554,nan
3,3,1279,2316340916736,36.25082814903846,0.0
3,2,1282,2317741960205,36.27275453545986,nan
3,3,1280,2318472937472,36.28419435897436,0.0
3,2,1283,2319205050761,36.29565196127867,nan
3,3,1281,2319938358784,36.30712826121795,0.0
3,2,1284,2320673061125,36.31862638228979,nan
3,3,1282,2321403825152,36.33006286858974,0.0
3,2,1285,2322135629443,36.341515635062976,nan
3,3,1283,2322869489664,36.35300057692308,0.0
3,2,1286,2323603434998,36.36448685080504,nan
3,3,1284,2325007307776,36.386457516025644,0.0
3,2,1287,2325740883527,36.397938005918846,nan
3,3,1285,2326473127424,36.40939765224359,0.0
3,2,1288,2327208917429,36.42091279530061,nan
3,3,1286,2327938940928,36.43233769230769,0.0
3,2,1289,2328671975211,36.443809708205,nan
3,3,1287,2330076231168,36.46578637019231,0.0
3,2,1290,2330808953728,36.47725350761218,nan
3,3,1288,2331541555200,36.488718750000004,0.0
3,2,1291,2332272052462,36.50015106141702,nan
3,3,1289,2333001293312,36.5115637099359,0.0
3,2,1292,2333734803043,36.523043166613455,nan
3,3,1290,2334466454016,36.534493533653844,0.0
3,2,1293,2335197444066,36.54593355722281,nan
3,3,1291,2335926277120,36.55733982371795,0.0
3,2,1294,2336659970391,36.56882215280386,nan
3,3,1292,2338063292416,36.59078419871795,0.0
3,2,1295,2338796600238,36.60226049551157,nan
3,3,1293,2339528579584,36.61371600160256,0.0
3,2,1296,2340259352876,36.62515263290014,nan
3,3,1294,2340988478464,36.6365634775641,0.0
3,2,1297,2341722588818,36.648052334015674,nan
3,3,1295,2342453542912,36.6594917948718,0.0
3,2,1298,2343187904011,36.67098457549267,nan
3,3,1296,2343918582784,36.6824197275641,0.0
3,2,1299,2345322500709,36.704391099337066,nan
3,3,1297,2346055528448,36.71586301282051,0.0
3,2,1300,2346786892245,36.727308885545,nan
3,3,1298,2348187856896,36.74923403846154,0.0
3,2,1301,2348918798385,36.76067330204891,nan
3,3,1299,2349647988736,36.77208516025641,0.0
3,2,1302,2350382479790,36.78357997467823,nan
3,3,1300,2351112869888,36.79501060897436,0.0
3,2,1303,2351847190814,36.80650276088617,nan
3,3,1301,2352577627136,36.81793411858975,0.0
3,2,1304,2353311986323,36.82942686928774,nan
3,3,1302,2354042281984,36.840856025641024,0.0
3,2,1305,2355443572454,36.86278627763797,nan
3,3,1303,2356172904960,36.87420036057692,0.0
3,2,1306,2356908438631,36.885711491996574,nan
3,3,1304,2357637691904,36.897124334935896,0.0
3,2,1307,2358373129695,36.9086339658297,nan
3,3,1305,2359774635520,36.930567588141024,0.0
3,2,1308,2360507874346,36.94204280514448,nan
3,3,1306,2361239723520,36.953496274038464,0.0
3,2,1309,2361972873135,36.96497009488619,nan
3,3,1307,2362704702976,36.97642326121795,0.0
3,2,1310,2363436552992,36.98787674328926,nan
3,3,1308,2364170211328,36.99935852564103,0.0
3,2,1311,2364904370322,37.01084814331055,nan
3,3,1309,2365635688960,37.022293309294874,0.0
3,2,1312,2366366908434,37.033736923358624,nan
3,3,1310,2367095138816,37.045133758012824,0.0
3,2,1313,2368499710060,37.067115354254305,nan
3,3,1311,2369232350720,37.0785812099359,0.0
3,2,1314,2369964069851,37.09003264365172,nan
3,3,1312,2370697513984,37.10151107371795,0.0
3,2,1315,2371432424784,37.11301245718149,nan
3,3,1313,2372162833408,37.12444338141026,0.0
3,2,1316,2372895090885,37.13590324026254,nan
3,3,1314,2373628230656,37.14737690705128,0.0
3,2,1317,2374359455313,37.15882060222919,nan
3,3,1315,2375087788032,37.17021903846154,0.0
3,2,1318,2375823835069,37.18173820407965,nan
3,3,1316,2377224850944,37.203664158653844,0.0
3,2,1319,2377955300876,37.215095729354466,nan
3,3,1317,2379356937728,37.23703140224359,0.0
3,2,1320,2380092742738,37.24854678012946,nan
3,3,1318,2380822279680,37.2599640625,0.0
3,2,1321,2381555581904,37.271440271684696,nan
3,3,1319,2382287368704,37.282892764423075,0.0
3,2,1322,2383018683210,37.29433786574144,nan
3,3,1320,2383747073024,37.30573719551282,0.0
3,2,1323,2384481342660,37.31722854473408,nan
3,3,1321,2385212371968,37.32866918269231,0.0
3,2,1324,2385943870015,37.34011715643467,nan
3,3,1322,2387349952000,37.36212239583333,0.0
3,2,1325,2388081370763,37.37356912877792,nan
3,3,1323,2388810228224,37.38497577724359,0.0
3,2,1326,2389544413188,37.396465801344654,nan
3,3,1324,2390275992064,37.407915040064104,0.0
3,2,1327,2391006969205,37.4193548616067,nan
3,3,1325,2391735937024,37.43076323717949,0.0
3,2,1328,2392469396203,37.44224190271622,nan
3,3,1326,2393201515520,37.45369959935898,0.0
3,2,1329,2393932129379,37.465133735523715,nan
3,3,1327,2394661189120,37.47654354967949,0.0
3,2,1330,2396066335409,37.49853414539826,nan
3,3,1328,2396798320640,37.50998974358974,0.0
3,2,1331,2397531122225,37.52145811775403,nan
3,3,1329,2398263336448,37.53291729967949,0.0
3,2,1332,2398995915682,37.54438219404172,nan
3,3,1330,2400400261632,37.566360264423075,0.0
3,2,1333,2401135655914,37.57786921439929,nan
3,3,1331,2401865157120,37.5892859375,0.0
3,2,1334,2402600313701,37.60079116744604,nan
3,3,1332,2403329724416,37.61220647435898,0.0
3,2,1335,2404065173200,37.623716277293674,nan
3,3,1333,2404794533376,37.635130793269234,0.0
3,2,1336,2405528471125,37.64661694844564,nan
3,3,1334,2406259109376,37.65805146634615,0.0
3,2,1337,2406992961487,37.66953628128443,nan
3,3,1335,2408395730432,37.69148967147436,0.0
3,2,1338,2409127181844,37.7029369153771,nan
3,3,1336,2409860625408,37.714415336538465,0.0
3,2,1339,2410591793035,37.725858139194585,nan
3,3,1337,2411325432832,37.73733963141026,0.0
3,2,1340,2412061486856,37.748858906375204,nan
3,3,1338,2412790764032,37.760272123397435,0.0
3,2,1341,2414195506001,37.78225639149201,nan
3,3,1339,2414927437312,37.793711145833335,0.0
3,2,1342,2415659828423,37.80517309606308,nan
3,3,1340,2416392524800,37.81663982371795,0.0
3,2,1343,2417124256338,37.82809145160382,nan
3,3,1341,2417858074112,37.83957572916667,0.0
3,2,1344,2419263706254,37.861573928504356,nan
3,3,1342,2419995183104,37.87302157051282,0.0
3,2,1345,2420728500744,37.88449802095853,nan
3,3,1343,2421460713472,37.89595717948718,0.0
3,2,1346,2422193427332,37.907424180751704,nan
3,3,1344,2422926177792,37.918891754807696,0.0
3,2,1347,2423657513213,37.93033718344664,nan
3,3,1345,2424386137600,37.94174018429487,0.0
3,2,1348,2425122234995,37.953260138017704,nan
3,3,1346,2425851483648,37.964672908653846,0.0
3,2,1349,2427256692922,37.9866644900904,nan
3,3,1347,2427988563968,37.998118301282055,0.0
3,2,1350,2428721341999,38.0095863068253,nan
3,3,1348,2430125255168,38.031557604166665,0.0
3,2,1351,2430860906115,38.04307057096041,nan
3,3,1349,2431590507520,38.05448886217949,0.0
3,2,1352,2432325656055,38.065993966205305,nan
3,3,1350,2433055335936,38.077413485576926,0.0
3,2,1353,2433788536170,38.088888098614035,nan
3,3,1351,2434520697344,38.100346450320515,0.0
3,2,1354,2435250802399,38.11177262368227,nan
3,3,1352,2435980512256,38.12319261217949,0.0
3,2,1355,2436713188431,38.13465902367225,nan
3,3,1353,2438117575168,38.1566377323718,0.0
3,2,1356,2438849840814,38.16809771906926,nan
3,3,1354,2439583027200,38.179572115384616,0.0
3,2,1357,2440318701075,38.19108544100248,nan
3,3,1355,2441048301056,38.2025037099359,0.0
3,2,1358,2441783196559,38.21400485400078,nan
3,3,1356,2442513794048,38.22543873397436,0.0
3,2,1359,2443248123657,38.23693102177547,nan
3,3,1357,2443979320832,38.248374286858976,0.0
3,2,1360,2444712129159,38.25984276653583,nan
3,3,1358,2445444938752,38.27131126602564,0.0
3,2,1361,2446846437067,38.29324477080517,nan
3,3,1359,2447576898560,38.3046765224359,0.0
3,2,1362,2448311488067,38.31617287765112,nan
3,3,1360,2449041626624,38.32759957532051,0.0
3,2,1363,2449776258492,38.33909659348708,nan
3,3,1361,2451178073600,38.36103505608975,0.0
3,2,1364,2451910128650,38.372491746951376,nan
3,3,1362,2452643310592,38.38396607371795,0.0
3,2,1365,2453374443363,38.39540833087628,nan
3,3,1363,2454103229440,38.40681386217949,0.0
3,2,1366,2454838683868,38.41832375344301,nan
3,3,1364,2455568839168,38.429750713141026,0.0
3,2,1367,2456302401625,38.4412309949826,nan
3,3,1365,2457034205184,38.45268375,0.0
3,2,1368,2458435583149,38.474615371297205,nan
3,3,1366,2459165996032,38.486046362179486,0.0
3,2,1369,2459900034066,38.49753408682016,nan
3,3,1367,2460631540736,38.50898219551282,0.0
3,2,1370,2461364631437,38.52045509435409,nan
3,3,1368,2462097193472,38.53191971955128,0.0
3,2,1371,2462829302534,38.54337725570288,nan
3,3,1369,2464234778112,38.5653730048077,0.0
3,2,1372,2464968002890,38.576848001959384,nan
3,3,1370,2465700271104,38.58830802884616,0.0
3,2,1373,2466432355010,38.59976517130534,nan
3,3,1371,2467166241280,38.61125052083334,0.0
3,2,1374,2468571426047,38.633241718734354,nan
3,3,1372,2469304798720,38.64471903044872,0.0
3,2,1375,2470041077865,38.65624182856633,nan
3,3,1373,2470771253760,38.667669110576924,0.0
3,2,1376,2471505421794,38.679158869722805,nan
3,3,1374,2472237803520,38.69062067307692,0.0
3,2,1377,2472969784142,38.70207619913737,nan
3,3,1375,2473703520768,38.71355920673077,0.0
3,2,1378,2474439532739,38.72507782356458,nan
3,3,1376,2475169158656,38.736496498397436,0.0
3,2,1379,2475903860291,38.74799460842035,nan
3,3,1377,2477307594752,38.76996310897436,0.0
3,2,1380,2478043580033,38.7814813081086,nan
3,3,1378,2478773603328,38.79290620192308,0.0
3,2,1381,2479508385263,38.804405568644206,nan
3,3,1379,2480239625216,38.81584950320513,0.0
3,2,1382,2480973043552,38.827327529547276,nan
3,3,1380,2482377609216,38.84930903846154,0.0
3,2,1383,2483113204112,38.86082112805489,nan
3,3,1381,2483843337216,38.872247740384616,0.0
3,2,1384,2484577949454,38.883744451340895,nan
3,3,1382,2485308715520,38.895180969551284,0.0
3,2,1385,2486042640006,38.90666691716121,nan
3,3,1383,2486774272512,38.91811699519231,0.0
3,2,1386,2487507288050,38.929588717729615,nan
3,3,1384,2488239890944,38.9410539823718,0.0
3,2,1387,2488971041630,38.95249651990059,nan
3,3,1385,2490372141568,38.9744237900641,0.0
3,2,1388,2491104092600,38.985878853039864,nan
3,3,1386,2491837729280,38.99736029647436,0.0
3,2,1389,2492568949023,39.00880391474797,nan
3,3,1387,2493298152960,39.020215985576925,0.0
3,2,1390,2494033640075,39.0317263883933,nan
3,3,1388,2494763987968,39.04315636217949,0.0
3,2,1391,2495498526222,39.0546519152832,nan
3,3,1389,2496229952000,39.06609875801282,0.0
3,2,1392,2497632642635,39.088050922648115,nan
3,3,1390,2498362812928,39.09947811698718,0.0
3,2,1393,2499096845247,39.11096575218788,nan
3,3,1391,2499828559872,39.122417115384614,0.0
3,2,1394,2500560895270,39.13387819370368,nan
3,3,1392,2501293950976,39.145350544871796,0.0
3,2,1395,2502025292942,39.15679607594026,nan
3,3,1393,2502753855488,39.16819810897436,0.0
3,2,1396,2504159496403,39.19019644560985,nan
3,3,1394,2504891957760,39.20165949519231,0.0
3,2,1397,2505623885394,39.21311419198843,nan
3,3,1395,2506357038592,39.22458806891026,0.0
3,2,1398,2507093480881,39.236113420238006,nan
3,3,1396,2508494208512,39.25803486378205,0.0
3,2,1399,2509227713032,39.269514238907256,nan
3,3,1397,2509959314432,39.28096383012821,0.0
3,2,1400,2510691824994,39.292427649770886,nan
3,3,1398,2511424934400,39.303900841346156,0.0
3,2,1401,2512156146380,39.315344338128504,nan
3,3,1399,2512884941824,39.32675001602564,0.0
3,2,1402,2513620584532,39.33826285387871,nan
3,3,1400,2514350657536,39.34968852564103,0.0
3,2,1403,2515085007816,39.36118113694411,nan
3,3,1401,2515816022016,39.37262153846154,0.0
3,2,1404,2517219439620,39.39458508019081,nan
3,3,1402,2517947995136,39.40598700320513,0.0
3,2,1405,2518683801963,39.41750240952712,nan
3,3,1403,2519412951552,39.428913629807695,0.0
3,2,1406,2520148974807,39.44043242323655,nan
3,3,1404,2520877911040,39.45184030448718,0.0
3,2,1407,2521614008916,39.463360265737684,nan
3,3,1405,2522342761472,39.474765272435896,0.0
3,2,1408,2523078802369,39.486284341962765,nan
3,3,1406,2524479483904,39.50820506410256,0.0
3,2,1409,2525212879886,39.51968274060372,nan
3,3,1407,2525944523776,39.531132996794874,0.0
3,2,1410,2526677657457,39.54260656827486,nan
3,3,1408,2527409504256,39.55406,0.0
3,2,1411,2528811667381,39.57600390908266,nan
3,3,1409,2529540531200,39.58741065705129,0.0
3,2,1412,2530276452134,39.598927849152396,nan
3,3,1410,2531005725184,39.61034100160256,0.0
3,2,1413,2531741183630,39.621850955747945,nan
3,3,1411,2532471137280,39.63327475961538,0.0
3,2,1414,2533206291978,39.6447799600924,nan
3,3,1412,2533937559552,39.65622432692308,0.0
3,2,1415,2534671274359,39.667706993048256,nan
3,3,1413,2536075206656,39.68967858974359,0.0
3,2,1416,2536807801784,39.701143732847555,nan
3,3,1414,2537540477440,39.71261013621795,0.0
3,2,1417,2538276130087,39.724123129616764,nan
3,3,1415,2539006067712,39.73554668269231,0.0
3,2,1418,2540407975285,39.757486592375926,nan
3,3,1416,2541138831872,39.76892452724359,0.0
3,2,1419,2541870933199,39.780381942342125,nan
3,3,1417,2542604447232,39.791861466346155,0.0
3,2,1420,2543338976843,39.80335688418658,nan
3,3,1418,2544069737984,39.814793325320515,0.0
3,2,1421,2544801885645,39.826251465548005,nan
3,3,1419,2545534763520,39.83772103365385,0.0
3,2,1422,2546269950765,39.849226743492714,nan
3,3,1420,2546999511552,39.86064439903846,0.0
3,2,1423,2547735107725,39.87215650861691,nan
3,3,1421,2548464558080,39.883572435897435,0.0
3,2,1424,2549871056593,39.90558419397599,nan
3,3,1422,2550602138112,39.917025649038465,0.0
3,2,1425,2551336675915,39.92852119508401,nan
3,3,1423,2552067490816,39.939958477564105,0.0
3,2,1426,2552802460605,39.95146078420786,nan
3,3,1424,2553532724736,39.96288944711539,0.0
3,2,1427,2554268284194,39.974400982102615,nan
3,3,1425,2554998334464,39.98582629807692,0.0
3,2,1428,2555734125714,39.99734146061824,nan
3,3,1426,2556463788032,40.0087607051282,0.0
3,2,1429,2557199811583,40.02027950318948,nan
3,3,1427,2557928945664,40.031690480769235,0.0
3,2,1430,2559334748237,40.0536913473589,nan
3,3,1428,2560066021376,40.065135801282054,0.0
3,2,1431,2560798182338,40.076594149670726,nan
3,3,1429,2561531137024,40.0880649198718,0.0
3,2,1432,2562267756321,40.09959304138184,nan
3,3,1430,2562996023808,40.11099045673077,0.0
3,2,1433,2563727660171,40.122440595124075,nan
3,3,1431,2564460557824,40.13391047275641,0.0
3,2,1434,2565192928775,40.14537210748134,nan
3,3,1432,2565924866048,40.1568269551282,0.0
3,2,1435,2566657362800,40.16829055864383,nan
3,3,1433,2568066795008,40.190348229166666,0.0
3,2,1436,2568801685419,40.20184929354154,nan
3,3,1434,2569531195392,40.213266153846156,0.0
3,2,1437,2570267646747,40.22479164705717,nan
3,3,1435,2571001206784,40.236271891025645,0.0
3,2,1438,2571738082950,40.24780403254582,nan
3,3,1436,2572471320576,40.25927923076923,0.0
3,2,1439,2573203594754,40.27073935099284,nan
3,3,1437,2573935921664,40.28220029647436,0.0
3,2,1440,2574668917099,40.29367170439892,nan
3,3,1438,2575400190976,40.305116169871795,0.0
3,2,1441,2576803935147,40.3270848223877,nan
3,3,1439,2578213645312,40.34914684294872,0.0
3,2,1442,2578950169566,40.360673477032,nan
3,3,1440,2580360710656,40.38274850160256,0.0
3,2,1443,2581095673383,40.39425069772574,nan
3,3,1441,2581825487360,40.40567231570513,0.0
3,2,1444,2582560522117,40.417175639100684,nan
3,3,1442,2583290550784,40.42860061698718,0.0
3,2,1445,2584025667319,40.44010522021171,nan
3,3,1443,2584754904064,40.45151780448718,0.0
3,2,1446,2585490962540,40.4630371491261,nan
3,3,1444,2586224595456,40.47451853365385,0.0
3,2,1447,2587630941360,40.49652790339543,nan
3,3,1445,2588360969728,40.507952876602566,0.0
3,2,1448,2589095762455,40.519452412218925,nan
3,3,1446,2589825469440,40.53087235576923,0.0
3,2,1449,2590560970125,40.54238297095666,nan
3,3,1447,2591967179776,40.564390208333336,0.0
3,2,1450,2592701081559,40.575875800640404,nan
3,3,1448,2593431074304,40.58730021634616,0.0
3,2,1451,2594166024532,40.598802216859475,nan
3,3,1449,2594895206400,40.610213942307695,0.0
3,2,1452,2595630564014,40.62172231842823,nan
3,3,1450,2596359645184,40.63313246794872,0.0
3,2,1453,2597094845984,40.64463838992388,nan
3,3,1451,2597824454656,40.656056794871795,0.0
3,2,1454,2598558927240,40.66755132023738,nan
3,3,1452,2599961713664,40.68950498397436,0.0
3,2,1455,2600695346641,40.70098636945676,nan
3,3,1453,2601427217408,40.71244017628205,0.0
3,2,1456,2602159874891,40.72390629524427,nan
3,3,1454,2602892618752,40.735373766025646,0.0
3,2,1457,2603624919225,40.74683429776705,nan
3,3,1455,2604358090752,40.75830846153846,0.0
3,2,1458,2605089379359,40.769753157536435,nan
3,3,1456,2605818130432,40.78115814102564,0.0
3,2,1459,2607223431784,40.80315116348658,nan
3,3,1457,2607955462144,40.81460746794872,0.0
3,2,1460,2608687936472,40.826070720527845,nan
3,3,1458,2609420542976,40.83753604166667,0.0
3,2,1461,2610151949647,40.84898258537097,nan
3,3,1459,2610885766144,40.86046684294872,0.0
3,2,1462,2611619732169,40.87195344064566,nan
3,3,1460,2613022895104,40.893912996794874,0.0
3,2,1463,2613755555076,40.90537915471004,nan
3,3,1461,2614487933440,40.916840905448716,0.0
3,2,1464,2615219204728,40.92828533040365,nan
3,3,1462,2615952307200,40.93975841346154,0.0
3,2,1465,2616683730406,40.951205215939254,nan
3,3,1463,2617416489984,40.96267293269231,0.0
3,2,1466,2618148096851,40.97412260947203,nan
3,3,1464,2618886399488,40.98567707532052,0.0
3,2,1467,2620288150947,41.00761454181378,nan
3,3,1465,2621018018304,41.01903699519231,0.0
3,2,1468,2621753110790,41.03054122204903,nan
3,3,1466,2622483020288,41.0419643349359,0.0
3,2,1469,2623218248841,41.05347069124662,nan
3,3,1467,2623948533248,41.06489967147436,0.0
3,2,1470,2624683482105,41.07640165053148,nan
3,3,1468,2625413783552,41.0878308974359,0.0
3,2,1471,2626148128609,41.09932342699882,nan
3,3,1469,2626878886912,41.11075982371795,0.0
3,2,1472,2628281584050,41.13271209012545,nan
3,3,1470,2629010709504,41.14412293269231,0.0
3,2,1473,2629744679700,41.15560959566557,nan
3,3,1471,2630476120576,41.167056674679486,0.0
3,2,1474,2631207859853,41.178508423681016,nan
3,3,1472,2631941627904,41.189991923076924,0.0
3,2,1475,2633347208398,41.21198931412135,nan
3,3,1473,2634078729728,41.22343765224359,0.0
3,2,1476,2634812466248,41.23492065817808,nan
3,3,1474,2635544019456,41.24636949519231,0.0
3,2,1477,2636277052845,41.25784149709848,nan
3,3,1475,2637009361920,41.26930216346154,0.0
3,2,1478,2637741760803,41.280764235323396,nan
3,3,1476,2638474768384,41.292235833333336,0.0
3,2,1479,2639206478480,41.303687125651045,nan
3,3,1477,2640612506112,41.32569151442308,0.0
3,2,1480,2641346149073,41.33717305615548,nan
3,3,1478,2642078034432,41.34862709134615,0.0
3,2,1481,2642811224647,41.360101547585515,nan
3,3,1479,2643543550976,41.37156248397436,0.0
3,2,1482,2644276202415,41.383028508347735,nan
3,3,1480,2645008890368,41.394495104166666,0.0
3,2,1483,2645741234451,41.405956318406325,nan
3,3,1481,2646473947648,41.417423309294875,0.0
3,2,1484,2647206401673,41.428886244131235,nan
3,3,1482,2648610961920,41.45086766826923,0.0
3,2,1485,2649347030225,41.4623871667324,nan
3,3,1483,2650076017664,41.47379584935898,0.0
3,2,1486,2650812038724,41.485314608436,nan
3,3,1484,2651541411328,41.496729318910255,0.0
3,2,1487,2652276860331,41.50823912527231,nan
3,3,1485,2653006998016,41.51966580929487,0.0
3,2,1488,2653741862160,41.53116646259014,nan
3,3,1486,2654472118784,41.542595008012825,0.0
3,2,1489,2655206754441,41.55409208547739,nan
3,3,1487,2655937072640,41.565521594551285,0.0
3,2,1490,2657341570252,41.58750203844902,nan
3,3,1488,2658073774592,41.598961065705126,0.0
3,2,1491,2658806495303,41.61042817418808,nan
3,3,1489,2659538973696,41.62189149038462,0.0
3,2,1492,2660271796130,41.63336019083659,nan
3,3,1490,2661004601856,41.64482862980769,0.0
3,2,1493,2661736776461,41.656287191709865,nan
3,3,1491,2662470240768,41.6677659375,0.0
3,2,1494,2663877046606,41.689782505227114,nan
3,3,1492,2664606741504,41.701202259615386,0.0
3,2,1495,2665341990593,41.712708937315334,nan
3,3,1493,2666071381504,41.72412393429487,0.0
3,2,1496,2666806860333,41.73563420743502,nan
3,3,1494,2667535838720,41.74704274839744,0.0
3,2,1497,2668271202198,41.75855121628982,nan
3,3,1495,2669677378048,41.780557924679485,0.0
3,2,1498,2670411098078,41.79204067254482,nan
3,3,1496,2671141927936,41.80347818910256,0.0
3,2,1499,2671875859787,41.814964251975034,nan
3,3,1497,2672606438400,41.82639783653846,0.0
3,2,1500,2673340717763,41.837889337987654,nan
3,3,1498,2674070567936,41.8493115224359,0.0
3,2,1501,2674805491240,41.86081310158754,nan
3,3,1499,2675534733312,41.87222576923077,0.0
3,2,1502,2676270627724,41.88374254626152,nan
3,3,1500,2677675506688,41.905728958333334,0.0
3,2,1503,2678410370509,41.91722960657364,nan
3,3,1501,2679139483136,41.928640248397436,0.0
3,2,1504,2680544562190,41.95062979188577,nan
3,3,1502,2681275151872,41.96206354967949,0.0
3,2,1505,2682008445836,41.97353962959485,nan
3,3,1503,2682739864064,41.984986354166665,0.0
3,2,1506,2683471784159,41.99644093297714,nan
3,3,1504,2684204573184,42.007909110576925,0.0
3,2,1507,2684936701518,42.01936694833609,nan
3,3,1505,2686345450496,42.041413926282054,0.0
3,2,1508,2687081907854,42.05293951344026,nan
3,3,1506,2687815132160,42.06441450320513,0.0
3,2,1509,2688546493952,42.07586034455128,nan
3,3,1507,2689956141056,42.09792137820513,0.0
3,2,1510,2690687032913,42.109359865049704,nan
3,2,1511,2690734635055,42.110104840479146,nan
3,3,1508,2691473749504,42.12167201121795,0.0
3,2,1512,2692206687621,42.13314252211351,nan
3,3,1509,2692938089984,42.14458899839744,0.0
3,2,1513,2693671425789,42.15606573312613,nan
3,3,1510,2694402072064,42.16750037660257,0.0
3,2,1514,2695136450654,42.178993430958286,nan
3,3,1511,2695865847808,42.190408525641026,0.0
3,2,1515,2697270929579,42.212398111650515,nan
3,3,1512,2698001038848,42.22382435096154,0.0
3,2,1516,2698733818896,42.23529238807092,nan
3,3,1513,2699464832512,42.24673278044872,0.0
3,2,1517,2700196457347,42.25818273842836,nan
3,3,1514,2700928716288,42.26964262019231,0.0
3,2,1518,2701660777715,42.281099410854246,nan
3,3,1515,2702398332928,42.29264217948718,0.0
3,2,1519,2703799667495,42.31457312160394,nan
3,3,1516,2704528975360,42.32598681891026,0.0
3,2,1520,2705265057425,42.337506532717974,nan
3,3,1517,2705993952768,42.348913774038465,0.0
3,2,1521,2706729697805,42.36042821334448,nan
3,3,1518,2707458577408,42.37183520833334,0.0
3,2,1522,2708194733435,42.38335607964932,nan
3,3,1519,2708923298304,42.39475814903846,0.0
3,2,1523,2709659421396,42.40627850492037,nan
3,3,1520,2711059894272,42.428195961538464,0.0
3,2,1524,2711792281877,42.43965785689917,nan
3,3,1521,2712524588544,42.45111848557693,0.0
3,2,1525,2713259950735,42.4626269333277,nan
3,3,1522,2713989107712,42.47403826923077,0.0
3,2,1526,2714722973702,42.485523301375956,nan
3,3,1523,2715453507584,42.49695618589744,0.0
3,2,1527,2716185203549,42.50840725706443,nan
3,3,1524,2716917437952,42.519866754807694,0.0
3,2,1528,2717647550160,42.531293040114186,nan
3,3,1525,2719052702208,42.55328372596154,0.0
3,2,1529,2719787220242,42.564778962621446,nan
3,3,1526,2720516894208,42.57619838942308,0.0
3,2,1530,2721252740223,42.58771440903884,nan
3,3,1527,2721980521984,42.59910422275641,0.0
3,2,1531,2722712139259,42.61055406242175,nan
3,3,1528,2723444500992,42.62201555288462,0.0
3,2,1532,2724176527202,42.63347179239909,nan
3,3,1529,2724908609024,42.64492890224359,0.0
3,2,1533,2725639825097,42.65637246308156,nan
3,3,1530,2727049795072,42.67843854967949,0.0
3,2,1534,2727783921926,42.68992766435672,nan
3,3,1531,2728514209280,42.70135669070513,0.0
3,2,1535,2729917970251,42.7233256061417,nan
3,3,1532,2730649978880,42.73478157051282,0.0
3,2,1536,2731382446785,42.74624472257174,nan
3,3,1533,2732114144256,42.75769581730769,0.0
3,2,1537,2732845661217,42.76914408705491,nan
3,3,1534,2733578426880,42.78061189903846,0.0
3,2,1538,2734313917839,42.7921223620136,nan
3,3,1535,2735042711552,42.803528012820514,0.0
3,2,1539,2735776485646,42.81501160678962,nan
3,3,1536,2736512917504,42.8265367948718,0.0
3,2,1540,2737914867014,42.848477360871144,nan
3,3,1537,2738644423168,42.859894943910255,0.0
3,2,1541,2739378968748,42.871390611666165,nan
3,3,1538,2740108969472,42.882815152243595,0.0
3,2,1542,2740843212310,42.89430608207507,nan
3,3,1539,2741573403648,42.905733605769235,0.0
3,2,1543,2742307105674,42.917216071871245,nan
3,3,1540,2743710251008,42.939175352564106,0.0
3,2,1544,2744445567440,42.950683084184696,nan
3,3,1541,2745175112704,42.962100496794875,0.0
3,2,1545,2745907984700,42.97356997289413,nan
3,3,1542,2746639562752,42.98501919871795,0.0
3,2,1546,2748041552239,43.00696039035895,nan
3,3,1543,2748770433024,43.018367403846156,0.0
3,2,1547,2750174439349,43.04034015908266,nan
3,3,1544,2750906423296,43.05179573717949,0.0
3,2,1548,2751636563741,43.06322246439616,nan
3,3,1545,2752365370368,43.07462831730769,0.0
3,2,1549,2753098616967,43.08610365595891,nan
3,3,1546,2753830077440,43.09755104166667,0.0
3,2,1550,2754560593405,43.10898364578638,nan
3,3,1547,2755289519104,43.12039136217949,0.0
3,2,1551,2756691785274,43.14233688392052,nan
3,3,1548,2757420106240,43.153735136217946,0.0
3,2,1552,2758154210216,43.16522389285357,nan
3,3,1549,2759560583168,43.18723368589744,0.0
3,2,1553,2760296098798,43.19874453497471,nan
3,3,1550,2761024704512,43.210147243589745,0.0
3,2,1554,2761758201678,43.22162650362455,nan
3,3,1551,2762488905216,43.23306204326923,0.0
3,2,1555,2763220727497,43.24451509128669,nan
3,3,1552,2763953200640,43.25597832532051,0.0
3,2,1556,2764688032316,43.26747847049029,nan
3,3,1553,2765417805312,43.278899447115386,0.0
3,2,1557,2766150172577,43.29036102415427,nan
3,3,1554,2767559418880,43.31241578525641,0.0
3,2,1558,2768292675040,43.32389127353766,nan
3,3,1555,2769024274432,43.33534083333333,0.0
3,2,1559,2769754827081,43.34677401155912,nan
3,3,1556,2770483893760,43.35818393429487,0.0
3,2,1560,2771217532618,43.369665411815156,nan
3,3,1557,2771953981952,43.381190873397436,0.0
3,2,1561,2773354364158,43.40310691102639,nan
3,3,1558,2774084244480,43.414529567307696,0.0
3,2,1562,2774816928879,43.425996107506386,nan
3,3,1559,2775548609024,43.437446931089745,0.0
3,2,1563,2776279572944,43.448886545723155,nan
3,3,1560,2777007985664,43.46028623397436,0.0
3,2,1564,2777742232906,43.47177723272862,nan
3,3,1561,2778473004544,43.483213838141026,0.0
3,2,1565,2779205225655,43.49467312786396,nan
3,3,1562,2780614763008,43.51673244391026,0.0
3,2,1566,2781349182717,43.528226141779975,nan
3,3,1563,2782079592448,43.53965708333333,0.0
3,2,1567,2782814262376,43.551154697140426,nan
3,3,1564,2783544320512,43.56258013621795,0.0
3,2,1568,2784279164871,43.57408047987718,nan
3,3,1565,2785008780800,43.58549899839744,0.0
3,2,1569,2785744030531,43.597005686144705,nan
3,3,1566,2786473132032,43.60841615384616,0.0
3,2,1570,2787208536240,43.61992525916467,nan
3,3,1567,2788614168064,43.64192345352564,0.0
3,2,1571,2789345881333,43.65337479550093,nan
3,3,1568,2790078455296,43.664839607371796,0.0
3,2,1572,2790808831066,43.67627001743415,nan
3,3,1569,2791537407488,43.68767226762821,0.0
3,2,1573,2792940284073,43.70962734238845,nan
3,3,1570,2793673886208,43.72110824519231,0.0
3,2,1574,2794408997389,43.73261276462653,nan
3,3,1571,2795138590208,43.74403092147436,0.0
3,2,1575,2795874059137,43.755541039679116,nan
3,3,1572,2796603047936,43.76694974358975,0.0
3,2,1576,2797337722594,43.778447431421526,nan
3,3,1573,2798067885056,43.78987450320513,0.0
3,2,1577,2799470061347,43.81181861833621,nan
3,3,1574,2800199513600,43.82323457532051,0.0
3,2,1578,2800935262870,43.834749080873145,nan
3,3,1575,2801664417280,43.84616037660256,0.0
3,2,1579,2802399917575,43.857670985686475,nan
3,3,1576,2803806204928,43.87967943910257,0.0
3,2,1580,2804539626555,43.891157516948994,nan
3,3,1577,2805270642688,43.90259794871795,0.0
3,2,1581,2806004162982,43.91407757070688,nan
3,3,1578,2806735285760,43.92551967147436,0.0
3,2,1582,2807468548878,43.93699526864859,nan
3,3,1579,2808200186880,43.94844543269231,0.0
3,2,1583,2808932965516,43.959913447703826,nan
3,3,1580,2809664940544,43.97136888621795,0.0
3,2,1584,2811066899650,43.99330960239509,nan
3,3,1581,2811796664832,44.00473045673077,0.0
3,2,1585,2812531632175,44.016232725094525,nan
3,3,1582,2813261323264,44.0276524198718,0.0
3,2,1586,2813996327833,44.03915527082395,nan
3,3,1583,2814725720064,44.05057028846154,0.0
3,2,1587,2815461429507,44.06208417072003,nan
3,3,1584,2816190358528,44.07349193910257,0.0
3,2,1588,2816926285954,44.085009232803735,nan
3,3,1585,2818332124672,44.1070106650641,0.0
3,2,1589,2819066419905,44.11850241487944,nan
3,3,1586,2820473872896,44.14052911057692,0.0
3,2,1590,2821206413053,44.15199339338254,nan
3,3,1587,2821938990592,44.16345826121795,0.0
3,2,1591,2822671527517,44.17492249344264,nan
3,3,1588,2823404145664,44.18638799679487,0.0
3,2,1592,2824136694219,44.19785241102952,nan
3,3,1589,2824868987904,44.209312836538466,0.0
3,2,1593,2825602070848,44.22078561398237,nan
3,3,1590,2826333100544,44.23222625801282,0.0
3,2,1594,2827067240098,44.24371557144556,nan
3,3,1591,2828474354176,44.26573696314103,0.0
3,2,1595,2829207719652,44.27721416222206,nan
3,3,1592,2829939006464,44.288658830128206,0.0
3,2,1596,2830673325648,44.30015095477764,nan
3,3,1593,2831404336128,44.31159129807693,0.0
3,2,1597,2832138274250,44.3230774590908,nan
3,3,1594,2832869180928,44.334516177884616,0.0
3,2,1598,2833603009855,44.34600062999236,nan
3,3,1595,2834334015488,44.3574408974359,0.0
3,2,1599,2835738359155,44.379418932088214,nan
3,3,1596,2836471115776,44.3908866025641,0.0
3,2,1600,2837203379428,44.40234655805539,nan
3,3,1597,2837936576000,44.41382111378205,0.0
3,2,1601,2838668892741,44.425281900118314,nan
3,3,1598,2839401472512,44.43674680288461,0.0
3,2,1602,2840803843723,44.45869396852151,nan
3,3,1599,2841532703744,44.47010065705128,0.0
3,2,1603,2842268288018,44.48161258040991,nan
3,3,1600,2842997432832,44.49302372596154,0.0
3,2,1604,2843733159791,44.50453788234613,nan
3,3,1601,2844462368256,44.51595002403846,0.0
3,2,1605,2845198170323,44.52746535586626,nan
3,3,1602,2845927491584,44.538879262820515,0.0
3,2,1606,2846663350348,44.55039548195864,nan
3,3,1603,2847393009152,44.56181467147436,0.0
3,2,1607,2848128462784,44.57332455028045,nan
3,3,1604,2849530011136,44.59525883814103,0.0
3,2,1608,2850261725702,44.60671020041441,nan
3,3,1605,2850994976768,44.61818560897436,0.0
3,2,1609,2851726507899,44.62963410048265,nan
3,3,1606,2852459752960,44.6411094150641,0.0
3,2,1610,2853191713493,44.65256462673089,nan
3,3,1607,2853924665856,44.664035360576925,0.0
3,2,1611,2854656839240,44.675493903370395,nan
3,3,1608,2855389961216,44.68696729166667,0.0
3,2,1612,2856121608646,44.69841760325897,nan
3,3,1609,2857527303168,44.72041677884616,0.0
3,2,1613,2858261879817,44.73191293283316,nan
3,3,1610,2858992449536,44.74334637820513,0.0
3,2,1614,2859726562659,44.75483527799166,nan
3,3,1611,2860457633792,44.76627657051282,0.0
3,2,1615,2861191567056,44.7777626554988,nan
3,3,1612,2861922777088,44.78920612179488,0.0
3,2,1616,2863324101392,44.81113690329527,nan
3,3,1613,2864054904832,44.82257400641026,0.0
3,2,1617,2864787188366,44.83403427305564,nan
3,3,1614,2865520221696,44.84550627403846,0.0
3,2,1618,2866256035324,44.85702178679637,nan
3,3,1615,2866985062400,44.86843108974359,0.0
3,2,1619,2867721561452,44.879957329414566,nan
3,3,1616,2868450337792,44.89136270833333,0.0
3,2,1620,2869856711098,44.91337250691732,nan
3,3,1617,2870587391488,44.924807684294876,0.0
3,2,1621,2871321732365,44.93630014844063,nan
3,3,1618,2872052295680,44.947733493589745,0.0
3,2,1622,2872786687115,44.95922674897023,nan
3,3,1619,2873517508608,44.97066413461538,0.0
3,2,1623,2874251890679,44.982157243448896,nan
3,3,1620,2874982475776,44.99359092948718,0.0
3,2,1624,2875716631396,45.005080494353464,nan
3,3,1621,2876447238656,45.016514527243594,0.0
3,2,1625,2877181601483,45.02800733490773,nan
3,3,1622,2878583645184,45.049949375000004,0.0
3,2,1626,2879316478733,45.061418249402166,nan
3,3,1623,2880048027648,45.07286701923077,0.0
3,2,1627,2880781534865,45.08434643656413,nan
3,3,1624,2881512773120,45.09579034455128,0.0
3,2,1628,2882246569468,45.107274286796375,nan
3,3,1625,2882977328640,45.11871069711538,0.0
3,2,1629,2883711462242,45.13019991739909,nan
3,3,1626,2885114137088,45.1521518349359,0.0
3,2,1630,2885846049190,45.1636062886556,nan
3,3,1627,2886579152896,45.17507939102564,0.0
3,2,1631,2887310645007,45.186527271869366,nan
3,3,1628,2888044136448,45.198006442307694,0.0
3,2,1632,2888775607944,45.209454000525845,nan
3,3,1629,2889509243904,45.22093543269231,0.0
3,2,1633,2890245730804,45.23246148218399,nan
3,3,1630,2890974368768,45.24386469551282,0.0
3,2,1634,2891710562645,45.25538615918282,nan
3,3,1631,2893112126976,45.277320697115385,0.0
3,2,1635,2893845174684,45.288792923114485,nan
3,3,1632,2894577503232,45.30025389423077,0.0
3,2,1636,2895308672262,45.311696718843905,nan
3,3,1633,2896037099520,45.32309663461539,0.0
3,2,1637,2896772148881,45.33460018656413,nan
3,3,1634,2897501751808,45.346018501602565,0.0
3,2,1638,2898906286272,45.36799952223558,nan
3,3,1635,2899638814720,45.379463621794876,0.0
3,2,1639,2900371002924,45.39092239652194,nan
3,3,1636,2901104453632,45.40240092948718,0.0
3,2,1640,2901835821966,45.413846873215896,nan
3,3,1637,2902564664320,45.42525328525641,0.0
3,2,1641,2903300406540,45.436767680476265,nan
3,3,1638,2904030399488,45.44819209935898,0.0
3,2,1642,2904763009165,45.45965747015538,nan
3,3,1639,2905496242688,45.47113260416667,0.0
3,2,1643,2906231066605,45.482632627907776,nan
3,3,1640,2907634078208,45.50458981570513,0.0
3,2,1644,2908367930415,45.51607463214581,nan
3,3,1641,2909099211264,45.52751920673077,0.0
3,2,1645,2909830717326,45.5389673059082,nan
3,3,1642,2910564080640,45.550444471153845,0.0
3,2,1646,2911298830086,45.56194332942083,nan
3,3,1643,2912701026816,45.583887764423075,0.0
3,2,1647,2913435446606,45.59538146356045,nan
3,3,1644,2914165975040,45.606814262820514,0.0
3,2,1648,2914898020543,45.61827080427121,nan
3,3,1645,2915631342592,45.62974732371795,0.0
3,2,1649,2916366144043,45.64124699586526,nan
3,3,1646,2917096524800,45.65267748397436,0.0
3,2,1650,2918497564262,45.67460380768605,nan
3,3,1647,2919228664320,45.686045552884615,0.0
3,2,1651,2919960516554,45.69749906966772,nan
3,3,1648,2920694066176,45.70897915064103,0.0
3,2,1652,2921428341056,45.72047058193109,nan
3,3,1649,2922159495168,45.731913173076926,0.0
3,2,1653,2922890577078,45.743354634258566,nan
3,3,1650,2923619309056,45.75475931891026,0.0
3,2,1654,2924355002393,45.7662729491092,nan
3,3,1651,2925756061696,45.78819958333334,0.0
3,2,1655,2926489606748,45.79967959278596,nan
3,3,1652,2927220527104,45.81111852564103,0.0
3,2,1656,2927954204625,45.82260060823881,nan
3,3,1653,2928685185536,45.83404048878205,0.0
3,2,1657,2929418964298,45.84552415580554,nan
3,3,1654,2930150428160,45.85697159455128,0.0
3,2,1658,2930883305132,45.86844114852514,nan
3,3,1655,2931616089600,45.87990925480769,0.0
3,2,1659,2932348191762,45.89136668297401,nan
3,3,1656,2933757801984,45.91342713942308,0.0
3,2,1660,2934492878925,45.92493112299993,nan
3,3,1657,2935222519808,45.93635003205128,0.0
3,2,1661,2935957205460,45.9478478919396,nan
3,3,1658,2936687465984,45.959276498397436,0.0
3,2,1662,2937421239082,45.9707600767791,nan
3,3,1659,2938152773632,45.982208621794875,0.0
3,2,1663,2938885318806,45.99367298311674,nan
3,3,1660,2939618195968,46.00514254006411,0.0
3,2,1664,2941018727126,46.02706090879783,nan
3,3,1661,2941749434880,46.03849651442308,0.0
3,2,1665,2942482570319,46.04997011341584,nan
3,3,1662,2943213952000,46.061416266025645,0.0
3,2,1666,2943944197061,46.072844630486905,nan
3,3,1663,2944672983040,46.08425016025641,0.0
3,2,1667,2945407598375,46.09574691968086,nan
3,3,1664,2946137885696,46.10717594551282,0.0
3,2,1668,2946872081041,46.118666132076946,nan
3,3,1665,2948275023872,46.140622243589746,0.0
3,2,1669,2949010061002,46.15212560412285,nan
3,3,1666,2949740182016,46.16355202724359,0.0
3,2,1670,2950472097849,46.17500653935359,nan
3,3,1667,2951204800000,46.186473357371796,0.0
3,2,1671,2952608272013,46.20843775060409,nan
3,3,1668,2953340787200,46.21990164262821,0.0
3,2,1672,2954072177132,46.23134792436649,nan
3,3,1669,2954804936192,46.242815633012825,0.0
3,2,1673,2955536932682,46.254271407408105,nan
3,3,1670,2956269212160,46.26573161057692,0.0
3,2,1674,2957000360138,46.277174105725415,nan
3,3,1671,2957733801472,46.28865249198718,0.0
3,2,1675,2958469089835,46.3001597843268,nan
3,3,1672,2959870343680,46.322089463141026,0.0
3,2,1676,2960603684467,46.333566275838216,nan
3,3,1673,2961334784512,46.34500802083333,0.0
3,2,1677,2962068604369,46.356492330995216,nan
3,3,1674,2962799282176,46.36792746794872,0.0
3,2,1678,2963533176146,46.379412937982025,nan
3,3,1675,2964263875072,46.39084840544872,0.0
3,2,1679,2964997280441,46.4023262288568,nan
3,3,1676,2965728379392,46.41376795673077,0.0
3,2,1680,2967128305913,46.43567686287122,nan
3,3,1677,2967858746880,46.44710829326923,0.0
3,2,1681,2968590912603,46.458566716167745,nan
3,3,1678,2969323225088,46.470027435897435,0.0
3,2,1682,2970058748870,46.48153841255384,nan
3,3,1679,2970787446784,46.49294256410256,0.0
3,2,1683,2971520977222,46.5044223448455,nan
3,3,1680,2972251823616,46.51586012019231,0.0
3,2,1684,2973652141427,46.537775150036936,nan
3,3,1681,2974383156224,46.54921556089744,0.0
3,2,1685,2975115456735,46.56067609323355,nan
3,3,1682,2975847987200,46.572140224358975,0.0
3,2,1686,2976583178319,46.5836459948261,nan
3,3,1683,2977990087168,46.60566417467949,0.0
3,2,1687,2978725216393,46.61716897650303,nan
3,3,1684,2979454493184,46.6285821875,0.0
3,2,1688,2980187185671,46.640048854276216,nan
3,3,1685,2980918751744,46.65149789262821,0.0
3,2,1689,2981651411303,46.66296404407991,nan
3,3,1686,2982383181824,46.67441628205128,0.0
3,2,1690,2983115964623,46.68588436221392,nan
3,3,1687,2983847868416,46.697338685897435,0.0
3,2,1691,2985250590993,46.71929135042631,nan
3,3,1688,2985984118784,46.73077108974359,0.0
3,2,1692,2986715480207,46.74221692531488,nan
3,3,1689,2987448946688,46.75369570512821,0.0
3,2,1693,2988850389707,46.77562834452311,nan
3,3,1690,2989579634176,46.78704104967949,0.0
3,2,1694,2990315028009,46.798549992628836,nan
3,3,1691,2991043891200,46.80995673076923,0.0
3,2,1695,2991777925009,46.82144438928849,nan
3,3,1692,2992507953664,46.83286936698718,0.0
3,2,1696,2993240830218,46.844338914419325,nan
3,3,1693,2993972229632,46.855785344551286,0.0
3,2,1697,2994704422021,46.86724418477377,nan
3,3,1694,2995436427264,46.87870009615385,0.0
3,2,1698,2996835625663,46.900597607155824,nan
3,3,1695,2997566738432,46.91203955128205,0.0
3,2,1699,2998299551777,46.92350810949081,nan
3,3,1696,2999031134208,46.934957403846155,0.0
3,2,1700,3000433985618,46.95691208461664,nan
3,3,1697,3001167283200,46.968388221153845,0.0
3,2,1701,3001903700933,46.97991318817921,nan
3,3,1698,3002631954944,46.99131039262821,0.0
3,2,1702,3003368339759,47.002834844485555,nan
3,3,1699,3004096573440,47.01423173076923,0.0
3,2,1703,3004831871643,47.025739177105244,nan
3,3,1700,3005561420800,47.03715665064103,0.0
3,2,1704,3006963139291,47.05909360118377,nan
3,3,1701,3007692901888,47.0705144150641,0.0
3,2,1705,3008425934410,47.08198640340169,nan
3,3,1702,3009158029312,47.093443717948716,0.0
3,2,1706,3009888919992,47.104882186373196,nan
3,3,1703,3010617548288,47.11628524839744,0.0
3,2,1707,3011351942964,47.1277785544997,nan
3,3,1704,3012759627776,47.14980887820513,0.0
3,2,1708,3013494180706,47.16130466098883,nan
3,3,1705,3014224376832,47.17273225961539,0.0
3,2,1709,3014956683468,47.184192887807995,nan
3,3,1706,3015689315840,47.19565861378205,0.0
3,2,1710,3016424539705,47.20716489672539,nan
3,3,1707,3017154883584,47.21859480769231,0.0
3,2,1711,3018556038276,47.24052293475811,nan
3,3,1708,3019286234112,47.25195052884616,0.0
3,2,1712,3020018557426,47.26341141805013,nan
3,3,1709,3020751455232,47.27488129807693,0.0
3,2,1713,3021486107984,47.286378643078926,nan
3,3,1710,3022216640000,47.29781149839744,0.0
3,2,1714,3022949870282,47.30928658168695,nan
3,3,1711,3023681586688,47.32073797275641,0.0
3,2,1715,3024414322228,47.33220531331381,nan
3,3,1712,3025823828480,47.3542641426282,0.0
3,3,1713,3027272824320,47.37694098557692,0.0
3,2,1717,3028007385569,47.38843689855331,nan
3,3,1714,3028738002944,47.39987108974359,0.0
3,2,1718,3030142074404,47.42184486434545,nan
3,3,1715,3030875194368,47.43331822115385,0.0
3,2,1719,3031607558539,47.44477974977151,nan
3,3,1716,3032340039168,47.45624310096154,0.0
3,2,1720,3033072933632,47.4677129286859,nan
3,3,1717,3033805188096,47.47917274038462,0.0
3,2,1721,3034537752174,47.49063739755484,nan
3,3,1718,3035270421504,47.502103701923076,0.0
3,2,1722,3036001117649,47.51353912586701,nan
3,3,1719,3036730414592,47.52495265224359,0.0
3,2,1723,3038132892687,47.54690149061937,nan
3,3,1720,3038862578688,47.55832110576923,0.0
3,2,1724,3039596379019,47.56980511034843,nan
3,3,1721,3040327934464,47.5812539823718,0.0
3,2,1725,3041060892414,47.5927248036546,nan
3,3,1722,3041793242112,47.60418610576923,0.0
3,2,1726,3042525486696,47.61564576284555,nan
3,3,1723,3043258836992,47.627122724358976,0.0
3,2,1727,3043995407308,47.6386500793144,nan
3,3,1724,3044724319232,47.650057580128205,0.0
3,2,1728,3045460052799,47.661571839928264,nan
3,3,1725,3046189302272,47.67298462339744,0.0
3,2,1729,3047594763664,47.694980150490785,nan
3,3,1726,3048325855232,47.70642176282051,0.0
3,2,1730,3049058981120,47.71789521233975,nan
3,3,1727,3050462569984,47.73986143429487,0.0
3,2,1731,3051197433652,47.75136208014073,nan
3,3,1728,3051927410176,47.76278624198718,0.0
3,2,1732,3052659634856,47.774245587565105,nan
3,3,1729,3053392281600,47.78571153846154,0.0
3,2,1733,3054127752208,47.79722168294271,nan
3,3,1730,3054857134080,47.80863653846154,0.0
3,2,1734,3055592395658,47.820143411614836,nan
3,3,1731,3056321457152,47.83155325320513,0.0
3,2,1735,3057057139954,47.8430667185309,nan
3,3,1732,3057785759744,47.8544696474359,0.0
3,2,1736,3058521957461,47.86599117120205,nan
3,3,1733,3059927143936,47.88798239583333,0.0
3,2,1737,3060661190294,47.89947025074494,nan
3,3,1734,3061390758400,47.91088802083333,0.0
3,2,1738,3062126146056,47.92239686711238,nan
3,3,1735,3062855271424,47.93380770833333,0.0
3,2,1739,3063590798212,47.945318732033755,nan
3,3,1736,3064319786496,47.956727427884616,0.0
3,2,1740,3065055820014,47.96824638192984,nan
3,3,1737,3065784101888,47.9796440224359,0.0
3,2,1741,3067188630322,48.00162494869917,nan
3,3,1738,3067920047616,48.01307165865385,0.0
3,2,1742,3068651575467,48.02452009883,nan
3,3,1739,3069384171008,48.03598524839744,0.0
3,2,1743,3070114759192,48.047418982747395,nan
3,3,1740,3070843402752,48.058822283653846,0.0
3,2,1744,3071577807761,48.07031575146797,nan
3,3,1741,3072308066304,48.08174432692308,0.0
3,2,1745,3073040758010,48.093210981476616,nan
3,3,1742,3073772835840,48.104668028846156,0.0
3,2,1746,3074503469672,48.116102477589145,nan
3,3,1743,3075904016896,48.138021097756415,0.0
3,2,1747,3076636189882,48.14947963432117,nan
3,3,1744,3077368675328,48.16094306089744,0.0
3,2,1748,3078100815404,48.17240108241937,nan
3,3,1745,3078833599488,48.18386918269231,0.0
3,2,1749,3079565290897,48.195320182557715,nan
3,3,1746,3080975628800,48.21739202724359,0.0
3,2,1750,3081709913049,48.22888360515888,nan
3,3,1747,3082440892928,48.240323469551285,0.0
3,2,1751,3083172830534,48.251778322409606,nan
3,3,1748,3083905932800,48.26325140224359,0.0
3,2,1752,3084642453697,48.27477798378969,nan
3,3,1749,3085370782208,48.28617635416667,0.0
3,2,1753,3086107129914,48.29770022526668,nan
3,3,1750,3087512286208,48.31969097756411,0.0
3,2,1754,3088246395004,48.331179809632914,nan
3,3,1751,3088976921088,48.342612572115385,0.0
3,2,1755,3089709282282,48.35407405414288,nan
3,3,1752,3090441259520,48.36552952724359,0.0
3,2,1756,3091172538200,48.376974067883616,nan
3,3,1753,3091905572864,48.38844608974359,0.0
3,2,1757,3092640897739,48.39995395349747,nan
3,3,1754,3093369519104,48.411356907051285,0.0
3,2,1758,3094103765067,48.42284788578914,nan
3,3,1755,3094834210304,48.43427938301282,0.0
3,2,1759,3096235645583,48.45621190127642,nan
3,3,1756,3096965448704,48.46763334935898,0.0
3,2,1760,3098367494361,48.48957542006273,nan
3,3,1757,3099097051648,48.500993020833334,0.0
3,2,1761,3099832268875,48.5124991998917,nan
3,3,1758,3100562045440,48.52392023237179,0.0
3,2,1762,3101292448206,48.53535106492263,nan
3,3,1759,3102021745152,48.546764591346154,0.0
3,2,1763,3102757871929,48.558285004898465,nan
3,3,1760,3103486768128,48.56969225961539,0.0
3,2,1764,3104223608489,48.58122384078588,nan
3,3,1761,3105629370880,48.60322407852564,0.0
3,2,1765,3106362493164,48.61469747164213,nan
3,3,1762,3107095236608,48.626164935897435,0.0
3,2,1766,3107830531166,48.63767232518905,nan
3,3,1763,3109232535040,48.65961374198718,0.0
3,2,1767,3109966832811,48.671105531522315,nan
3,3,1764,3110697884160,48.68254651442308,0.0
3,2,1768,3111431051794,48.69402061726888,nan
3,3,1765,3112163354624,48.70548118589744,0.0
3,2,1769,3112894902667,48.716929942079204,nan
3,3,1766,3113624052736,48.7283411698718,0.0
3,2,1770,3114358758664,48.73983934708033,nan
3,3,1767,3115089546752,48.7512762099359,0.0
3,2,1771,3115822844020,48.76275234155899,nan
3,3,1768,3116555327488,48.77421573717949,0.0
3,2,1772,3117957382344,48.79615795184796,nan
3,3,1769,3118687976448,48.80759177884615,0.0
3,2,1773,3119421859893,48.819077084162785,nan
3,3,1770,3120825806848,48.84104891025641,0.0
3,2,1774,3121560259704,48.852543126878004,nan
3,3,1771,3122291282432,48.863983661858974,0.0
3,2,1775,3123022572515,48.87542838095641,nan
3,3,1772,3123751266304,48.88683246794872,0.0
3,2,1776,3124484212055,48.89830309831668,nan
3,3,1773,3125216266752,48.90975978365385,0.0
3,2,1777,3125947412689,48.9212022468606,nan
3,3,1774,3126675874816,48.932602708333334,0.0
3,2,1778,3128081736463,48.95460449943347,nan
3,3,1775,3128812337664,48.9660384375,0.0
3,2,1779,3129546220687,48.97752373621232,nan
3,3,1776,3130276922880,48.988959254807696,0.0
3,2,1780,3131010586629,49.00044112187312,nan
3,3,1777,3131741299712,49.01187681089744,0.0
3,2,1781,3133144340558,49.03383445634891,nan
3,3,1778,3133877244416,49.04530443108975,0.0
3,2,1782,3134608854977,49.056754165680715,nan
3,3,1779,3135341409792,49.068218677884616,0.0
3,2,1783,3136072956723,49.07966741666354,nan
3,3,1780,3136805689856,49.091134719551285,0.0
3,2,1784,3137537019041,49.10258005059658,nan
3,3,1781,3138942592000,49.12457732371795,0.0
3,2,1785,3139675907303,49.13605373758952,nan
3,3,1782,3140407556608,49.14750407852564,0.0
3,2,1786,3141138212457,49.158938871835566,nan
3,3,1783,3141867222016,49.170347900641026,0.0
3,2,1787,3142600330704,49.18182108097957,nan
3,3,1784,3143332176384,49.19327449519231,0.0
3,2,1788,3144063120713,49.204713803225786,nan
3,3,1785,3144791851520,49.21611846955128,0.0
3,2,1789,3145526785737,49.22762021949181,nan
3,3,1786,3146928568320,49.24955817307693,0.0
3,2,1790,3147659708168,49.26100054099059,nan
3,3,1787,3148393107456,49.272478269230774,0.0
3,2,1791,3149129313415,49.28399992198455,nan
3,3,1788,3149857541632,49.295396722756415,0.0
3,2,1792,3150593380858,49.306912636124046,nan
3,3,1789,3151994543616,49.32884088942308,0.0
3,2,1793,3152726556234,49.34029691622221,nan
3,3,1790,3153459827200,49.35177263621795,0.0
3,2,1794,3154195912121,49.36329239472218,nan
3,3,1791,3154925466112,49.37470994391026,0.0
3,2,1795,3155659906339,49.3862039628875,nan
3,3,1792,3156391129600,49.39764763621795,0.0
3,2,1796,3157793686385,49.41959770609538,nan
3,3,1793,3158523819008,49.431024310897435,0.0
3,2,1797,3159257899231,49.44251269579765,nan
3,3,1794,3159989801472,49.45396699519231,0.0
3,2,1798,3160722124878,49.46542788583609,nan
3,3,1795,3161455449600,49.47690444711539,0.0
3,2,1799,3162191632325,49.48842573625613,nan
3,3,1796,3162920886272,49.49983858974359,0.0
3,2,1800,3163653196093,49.511299267781574,nan
3,3,1797,3165062893568,49.53336108974359,0.0
3,2,1801,3165797176202,49.544852642384065,nan
3,3,1798,3166527937536,49.55628908653846,0.0
3,2,1802,3167260935924,49.56776054067758,nan
3,3,1799,3168665630208,49.5897440625,0.0
3,2,1803,3169396604237,49.60118383533967,nan
3,3,1800,3170125702656,49.612594254807696,0.0
3,2,1804,3170858847411,49.62406799959623,nan
3,3,1801,3171591401984,49.63553250801282,0.0
3,2,1805,3172322917420,49.64698075389373,nan
3,3,1802,3173056906240,49.65846770833333,0.0
3,2,1806,3173792602000,49.66998137645233,nan
3,3,1803,3174522196480,49.681399559294874,0.0
3,2,1807,3175257262339,49.69290336943798,nan
3,3,1804,3176659801600,49.714853165064106,0.0
3,2,1808,3177391431514,49.7263032025303,nan
3,3,1805,3178125121536,49.73778548076923,0.0
3,2,1809,3178856629959,49.74923361689641,nan
3,3,1806,3179590588928,49.760720104166666,0.0
3,2,1810,3180326512196,49.77223733279497,nan
3,3,1807,3181056302592,49.78365858173077,0.0
3,2,1811,3181790874551,49.795154662319085,nan
3,3,1808,3183194349056,49.81711909455128,0.0
3,2,1812,3183929190922,49.82861939919496,nan
3,3,1809,3184659724288,49.84005227564103,0.0
3,2,1813,3185393482620,49.85153562293419,nan
3,3,1810,3186125305856,49.862988685897434,0.0
3,2,1814,3186857916644,49.87445407408103,nan
3,3,1811,3187590832640,49.88592423878205,0.0
3,2,1815,3188322654299,49.89737727706518,nan
3,3,1812,3189728830464,49.91938399038462,0.0
3,2,1816,3190462541473,49.93086659707094,nan
3,3,1813,3191194576384,49.942322972756415,0.0
3,2,1817,3191926961172,49.953784824030954,nan
3,3,1814,3192659834368,49.965254318910254,0.0
3,2,1818,3193391596421,49.9767064243571,nan
3,3,1815,3194125002240,49.98818425480769,0.0
3,2,1819,3194861373193,49.999708489724185,nan
3,3,1816,3195590176768,50.011114294871795,0.0
3,2,1820,3196995787605,50.033112160785386,nan
3,3,1817,3197727257088,50.044559687500005,0.0
3,2,1821,3198459881672,50.056025291591546,nan
3,3,1818,3199192442880,50.06748990384615,0.0
3,2,1822,3200593787144,50.089420997721355,nan
3,3,1819,3201323865600,50.10084675480769,0.0
3,2,1823,3202057942666,50.11233509030073,nan
3,3,1820,3202788875264,50.12377421474359,0.0
3,2,1824,3203521452022,50.13523907035632,nan
3,3,1821,3204254150656,50.146705833333336,0.0
3,2,1825,3204989178216,50.15820904409556,nan
3,3,1822,3205719133696,50.16963287660256,0.0
3,2,1826,3206452449498,50.1811092982835,nan
3,3,1823,3207184098816,50.19255963942308,0.0
3,2,1827,3208587144486,50.214517360370344,nan
3,3,1824,3209316282368,50.2259283974359,0.0
3,2,1828,3210051835028,50.237439826034155,nan
3,3,1825,3210781305856,50.24885607371795,0.0
3,2,1829,3211516880905,50.26036785270495,nan
3,3,1826,3212246493696,50.27178632211539,0.0
3,2,1830,3212981793675,50.28329379624587,nan
3,3,1827,3213711402496,50.29471220352564,0.0
3,2,1831,3214446835450,50.306221758720206,nan
3,3,1828,3215176921088,50.31764762820513,0.0
3,2,1832,3216581736259,50.33963304191394,nan
3,3,1829,3217314215424,50.35109637019231,0.0
3,2,1833,3218046642876,50.362558889160155,nan
3,3,1830,3218779388416,50.37402638621795,0.0
3,2,1834,3219511299631,50.38548082605607,nan
3,3,1831,3220244100096,50.39694918269231,0.0
3,2,1835,3220975772576,50.40839988631811,nan
3,3,1832,3221708463104,50.419866522435896,0.0
3,2,1836,3222440280336,50.4313194914363,nan
3,3,1833,3223173255168,50.44279057692308,0.0
3,2,1837,3223905566345,50.45425127618252,nan
3,3,1834,3224638269952,50.46571811698718,0.0
3,2,1838,3226041086161,50.487672246860605,nan
3,3,1835,3226769473024,50.49907153044872,0.0
3,2,1839,3227500912719,50.51051859097994,nan
3,3,1836,3228234355712,50.52199700320513,0.0
3,2,1840,3228965993418,50.53344716261644,nan
3,3,1837,3229699061248,50.54491970352564,0.0
3,2,1841,3231102972937,50.56689097770496,nan
3,3,1838,3231835273728,50.578351514423076,0.0
3,2,1842,3232565791629,50.589784148841275,nan
3,3,1839,3233293824512,50.60117789262821,0.0
3,2,1843,3234028822791,50.6126806451416,nan
3,3,1840,3234758123520,50.62409423076923,0.0
3,2,1844,3235491933836,50.63557839161408,nan
3,3,1841,3236222970368,50.64701914262821,0.0
3,2,1845,3237624141514,50.66894752719977,nan
3,3,1842,3238353858048,50.68036762019231,0.0
3,2,1846,3239087322693,50.69184637127216,nan
3,3,1843,3239818157568,50.703283966346156,0.0
3,2,1847,3240550144430,50.714739590062855,nan
3,3,1844,3241282908160,50.72620737179487,0.0
3,2,1848,3242013381416,50.73763930751703,nan
3,3,1845,3242742258688,50.749046266025644,0.0
3,2,1849,3243478395042,50.760566829458384,nan
3,3,1846,3244883827712,50.78256190705128,0.0
3,2,1850,3245618516712,50.79405981933594,nan
3,3,1847,3246348724736,50.80548760416667,0.0
3,2,1851,3247083667551,50.816989488666245,nan
3,3,1848,3247813611008,50.82841313301282,0.0
3,2,1852,3248548721107,50.8399176355137,nan
3,3,1849,3249278720000,50.8513421474359,0.0
3,2,1853,3250683073577,50.87332033718012,nan
3,3,1850,3251416346624,50.88479608974359,0.0
3,2,1854,3252147727773,50.89624223402757,nan
3,3,1851,3252876343808,50.90764510416667,0.0
3,2,1855,3253612375308,50.919164026630106,nan
3,3,1852,3254341675008,50.930577596153846,0.0
3,2,1856,3255077052554,50.94208628421099,nan
3,3,1853,3256478402048,50.964017459935896,0.0
3,2,1857,3257211266768,50.975486822165465,nan
3,3,1854,3257943836160,50.9869515625,0.0
3,2,1858,3258675624522,50.998404079683745,nan
3,3,1855,3259409162752,51.0098839823718,0.0
3,2,1859,3260145925588,51.02141435027294,nan
3,3,1856,3260874411008,51.03281517628205,0.0
3,2,1860,3261610619716,51.04433687205779,nan
3,3,1857,3263011682304,51.06626355769231,0.0
3,2,1861,3263743677833,51.0777193170479,nan
3,3,1858,3264476725760,51.08919154647436,0.0
3,2,1862,3265211417869,51.10068950741499,nan
3,3,1859,3265941659648,51.11211782051282,0.0
3,2,1863,3266673992331,51.12357885634202,nan
3,3,1860,3267407083520,51.13505176282052,0.0
3,2,1864,3268807545035,51.1569690416385,nan
3,3,1861,3269538887168,51.16841457532051,0.0
3,2,1865,3270271152719,51.179874560531225,nan
3,3,1862,3271004250624,51.19134757211538,0.0
3,2,1866,3271739106751,51.20284809994429,nan
3,3,1863,3272469879808,51.214284727564106,0.0
3,2,1867,3273202939207,51.22575713652782,nan
3,3,1864,3273935222784,51.23721740384615,0.0
3,2,1868,3274667563196,51.24867856063452,nan
3,3,1865,3275400335872,51.260146482371795,0.0
3,2,1869,3276802475260,51.28209001996945,nan
3,3,1866,3277532317184,51.293512075320514,0.0
3,2,1870,3278267440768,51.30501678886218,nan
3,3,1867,3279002467840,51.31651999198718,0.0
3,2,1871,3280407034570,51.33850151758438,nan
3,3,1868,3281138882560,51.34995496794872,0.0
3,2,1872,3281871397952,51.36141886318109,nan
3,3,1869,3282603381760,51.37287443910257,0.0
3,2,1873,3283335987132,51.38433974252554,nan
3,3,1870,3284067599872,51.39578951121795,0.0
3,2,1874,3284800172839,51.407254307501375,nan
3,3,1871,3285532242944,51.41871123397436,0.0
3,2,1875,3286264505001,51.43017116450383,nan
3,3,1872,3286996452352,51.441626169871796,0.0
3,2,1876,3288399153910,51.463578505452475,nan
3,3,1873,3289132856320,51.475060977564105,0.0
3,2,1877,3289864354941,51.48650896028959,nan
3,3,1874,3290597501952,51.497982740384614,0.0
3,2,1878,3291329413621,51.50943718732785,nan
3,3,1875,3292062785536,51.52091448717949,0.0
3,2,1879,3292794639209,51.532368026483,nan
3,3,1876,3293528196096,51.543848221153844,0.0
3,2,1880,3294260152026,51.555303360783505,nan
3,3,1877,3294993463808,51.566779719551285,0.0
3,2,1881,3296395147562,51.588716126458586,nan
3,3,1878,3297124875776,51.60013640224359,0.0
3,2,1882,3297860262062,51.611645227082086,nan
3,3,1879,3298589870592,51.623063629807696,0.0
3,2,1883,3299325405220,51.63457477620443,nan
3,3,1880,3300055001600,51.645992988782055,0.0
3,2,1884,3300788368273,51.65747020659618,nan
3,3,1881,3301519453696,51.66891172275641,0.0
3,2,1885,3302251378445,51.68036637440217,nan
3,3,1882,3302984427520,51.69183862179487,0.0
3,2,1886,3303716293772,51.70329235796024,nan
3,3,1883,3305126358528,51.72535992788462,0.0
3,2,1887,3305861418196,51.73686364113832,nan
3,3,1884,3306591106048,51.74828328525641,0.0
3,2,1888,3307325895756,51.759782773625304,nan
3,3,1885,3308055722496,51.771204591346155,0.0
3,2,1889,3308790631891,51.78270595282139,nan
3,3,1886,3309520825344,51.794133509615385,0.0
3,2,1890,3310255502663,51.80563123909192,nan
3,3,1887,3310985201152,51.81705104967949,0.0
3,2,1891,3311720272070,51.82855493899615,nan
3,3,1888,3312449415168,51.83996605769231,0.0
3,2,1892,3313184957501,51.8514773246726,nan
3,3,1889,3314591114240,51.87348373397436,0.0
3,2,1893,3315325152385,51.88497146035219,nan
3,3,1890,3316056088064,51.89641063301282,0.0
3,2,1894,3316789689355,51.90789152260805,nan
3,3,1891,3317521372160,51.919342387820514,0.0
3,2,1895,3318254312328,51.930812930814305,nan
3,3,1892,3318986339840,51.94226919070513,0.0
3,2,1896,3319717351172,51.95370954733824,nan
3,3,1893,3320445937152,51.96511194711539,0.0
3,2,1897,3321850691404,51.9870964074394,nan
3,2,1898,3323241338584,52.008860091521434,nan
3,3,1894,3323974792704,52.02033867788462,0.0
3,2,1899,3324711498335,52.03186815052522,nan
3,3,1895,3325440014336,52.043269455128204,0.0
3,2,1900,3326175710683,52.05478313243377,nan
3,3,1896,3326904535552,52.066189270833334,0.0
3,2,1901,3327638583115,52.07767714460324,nan
3,3,1897,3329046478848,52.09971076923077,0.0
3,2,1902,3329781399453,52.11121230614295,nan
3,3,1898,3330511013376,52.12263079326923,0.0
3,2,1903,3331245620504,52.134127424253805,nan
3,3,1899,3331975919104,52.14555662660256,0.0
3,2,1904,3332709896328,52.1570433995643,nan
3,3,1900,3333440480768,52.16847707532052,0.0
3,2,1905,3334174059528,52.17995761230469,nan
3,3,1901,3334905200640,52.1914,0.0
3,2,1906,3336307939921,52.21335292594714,nan
3,3,1902,3337041558016,52.224834078525646,0.0
3,2,1907,3337777439687,52.23635065615923,nan
3,3,1903,3338506565120,52.24776149839744,0.0
3,2,1908,3339241476940,52.25926289782402,nan
3,3,1904,3339971383296,52.27068596153846,0.0
3,2,1909,3340705215166,52.282170459704275,nan
3,3,1905,3342108169216,52.30412674679487,0.0
3,2,1910,3342839867663,52.31557785680526,nan
3,3,1906,3343572890624,52.32704969551282,0.0
3,2,1911,3344304526466,52.33849982575246,nan
3,3,1907,3345037582336,52.34997217948718,0.0
3,2,1912,3345769608701,52.36142842142741,nan
3,3,1908,3346502334464,52.37289560897436,0.0
3,2,1913,3347234712438,52.38435735360952,nan
3,3,1909,3347966906880,52.39581622596154,0.0
3,2,1914,3349369599423,52.41776842045711,nan
3,3,1910,3350098071040,52.42916903044872,0.0
3,2,1915,3350834340681,52.440691679828355,nan
3,3,1911,3351562727424,52.45209096153846,0.0
3,2,1916,3352298810538,52.46361069176307,nan
3,3,1912,3353027501568,52.47501473557693,0.0
3,2,1917,3353763588140,52.486534519919374,nan
3,3,1913,3354491816960,52.4979313301282,0.0
3,2,1918,3355228460440,52.50945983010317,nan
3,3,1914,3355962234368,52.520943421474364,0.0
3,2,1919,3357368405997,52.542950063805215,nan
3,3,1915,3358099098624,52.55438543269231,0.0
3,2,1920,3358833443162,52.565877954132866,nan
3,3,1916,3359564386816,52.577317251602565,0.0
3,2,1921,3360298777290,52.58881049194336,nan
3,3,1917,3361029274112,52.60024279647436,0.0
3,2,1922,3362434122006,52.62222872229943,nan
3,3,1918,3363165558272,52.63367572916667,0.0
3,2,1923,3363900251272,52.64517370405149,nan
3,3,1919,3364630000128,52.65659430288461,0.0
3,2,1924,3365365403147,52.66810338959523,nan
3,3,1920,3366094656512,52.67951623397436,0.0
3,2,1925,3366830748545,52.69103610378168,nan
3,3,1921,3367559088128,52.7024346474359,0.0
3,2,1926,3368293983996,52.71393579721304,nan
3,3,1922,3369023743488,52.725356562500004,0.0
3,2,1927,3370426033991,52.747302465053465,nan
3,3,1923,3371154676224,52.75870574519231,0.0
3,2,1928,3371889021635,52.77019828029535,nan
3,3,1924,3372619761152,52.78163438301282,0.0
3,2,1929,3373352203835,52.79309714034643,nan
3,3,1925,3374084646400,52.804559895833336,0.0
3,2,1930,3374815756713,52.816001801523065,nan
3,3,1926,3375549315072,52.82748201923077,0.0
3,2,1931,3376955316221,52.84948599354279,nan
3,3,1927,3377686061568,52.8609221875,0.0
3,2,1932,3378420760427,52.8724202540784,nan
3,3,1928,3379150699008,52.88384382211539,0.0
3,2,1933,3379886008546,52.895351445844604,nan
3,3,1929,3380615783424,52.906772451923075,0.0
3,2,1934,3381351015506,52.918278863462795,nan
3,3,1930,3382081177600,52.929705929487184,0.0
3,2,1935,3382816726990,52.941217306909806,nan
3,3,1931,3384218596864,52.96315662660257,0.0
3,2,1936,3384952247828,52.97463829358223,nan
3,3,1932,3385683830784,52.98608759615385,0.0
3,2,1937,3386417164165,52.99756429294684,nan
3,3,1933,3387148741120,53.00901350160257,0.0
3,2,1938,3387881965307,53.020488489505084,nan
3,3,1934,3389286168576,53.04246432692308,0.0
3,2,1939,3390022398797,53.05398635937813,nan
3,3,1935,3390751685632,53.065399727564106,0.0
3,2,1940,3391487451333,53.076914490262546,nan
3,3,1936,3392217642496,53.088342011217954,0.0
3,2,1941,3392952187952,53.09983767703326,nan
3,3,1937,3393682567680,53.111268149038466,0.0
3,2,1942,3394417059744,53.12276297926683,nan
3,3,1938,3395147941888,53.13420131410257,0.0
3,2,1943,3396552365558,53.15618060080504,nan
3,3,1939,3397285173248,53.16764907051282,0.0
3,2,1944,3398017431386,53.179108939709785,nan
3,3,1940,3398750055936,53.190574543269236,0.0
3,2,1945,3400151975852,53.21251464612129,nan
3,3,1941,3400882529792,53.22394784455128,0.0
3,2,1946,3401616857885,53.23544010862693,nan
3,3,1942,3402348396032,53.2468887099359,0.0
3,2,1947,3403079797904,53.25833517853566,nan
3,3,1943,3403808555008,53.26974025641026,0.0
3,2,1948,3404543662606,53.281244719770385,nan
3,3,1944,3405273417728,53.292665416666665,0.0
3,2,1949,3406008919424,53.304176047676286,nan
3,3,1945,3407410837504,53.326116121794875,0.0
3,2,1950,3408139120072,53.33751377316206,nan
3,2,1951,3408186745253,53.33825910915277,nan
3,3,1946,3408923898880,53.349795592948716,0.0
3,2,1952,3409659374893,53.36130582201836,nan
3,3,1947,3410389386752,53.372730536858974,0.0
3,2,1953,3411124571291,53.38423620434884,nan
3,3,1948,3411854690304,53.39566259615385,0.0
3,2,1954,3412590039557,53.4071708414244,nan
3,3,1949,3413319916032,53.4185934375,0.0
3,2,1955,3414055651721,53.43010773050944,nan
3,3,1950,3414784992256,53.441521939102564,0.0
3,2,1956,3416189091279,53.463496145066486,nan
3,3,1951,3416921820160,53.474963381410255,0.0
3,2,1957,3417652775740,53.48640286552234,nan
3,3,1952,3418381549568,53.49780820512821,0.0
3,2,1958,3419115755188,53.509298552496496,nan
3,3,1953,3419846938112,53.52074159455128,0.0
3,2,1959,3420578777130,53.532194904503456,nan
3,3,1954,3421312212992,53.54367320512821,0.0
3,2,1960,3422046847895,53.555170270792644,nan
3,3,1955,3423449551360,53.57712263621795,0.0
3,2,1961,3424183930846,53.58861570459611,nan
3,3,1956,3424915072512,53.60005810096154,0.0
3,2,1962,3425646520146,53.61150528573843,nan
3,3,1957,3426375284224,53.62291047275641,0.0
3,2,1963,3427109438663,53.63440001914,nan
3,3,1958,3427840873984,53.64584701121795,0.0
3,2,1964,3428572289601,53.65729369492751,nan
3,3,1959,3429301387264,53.66870410256411,0.0
3,2,1965,3430034716084,53.680180727977266,nan
3,3,1960,3431438911488,53.7021564423077,0.0
3,2,1966,3432172268550,53.71363350970929,nan
3,3,1961,3432904394240,53.725091306089745,0.0
3,2,1967,3433635123570,53.73652724938026,nan
3,3,1962,3434364512256,53.747942211538465,0.0
3,2,1968,3435099556066,53.759445676613836,nan
3,3,1963,3435829613568,53.77087110576923,0.0
3,2,1969,3437232510765,53.7928265031081,nan
3,3,1964,3437961389568,53.80423348557692,0.0
3,2,1970,3438695741605,53.81572612437713,nan
3,3,1965,3439426868224,53.82716828525641,0.0
3,2,1971,3440160353290,53.83864735592573,nan
3,3,1966,3440892141568,53.850099871794875,0.0
3,2,1972,3441624915342,53.8615678107159,nan
3,3,1967,3442357493760,53.873032692307696,0.0
3,2,1973,3443088837893,53.88447825728979,nan
3,3,1968,3443817444352,53.895880977564104,0.0
3,2,1974,3444551206520,53.907364384890826,nan
3,3,1969,3445954652160,53.92932836538462,0.0
3,2,1975,3446688622801,53.94081503532214,nan
3,3,1970,3447420056576,53.95226200320513,0.0
3,2,1976,3448151113268,53.96370306972406,nan
3,3,1971,3448879577600,53.97510356570513,0.0
3,2,1977,3449613721000,53.98659293932793,nan
3,3,1972,3450344654848,53.998032083333335,0.0
3,2,1978,3451076930325,54.00949222388635,nan
3,3,1973,3451809455104,54.02095626602564,0.0
3,2,1979,3452541559953,54.03241373624362,nan
3,3,1974,3453946381824,54.05439925480769,0.0
3,2,1980,3454681656019,54.065906325417544,nan
3,3,1975,3455411359232,54.0773262099359,0.0
3,2,1981,3456146487884,54.08883100279197,nan
3,3,1976,3456876462592,54.10025513621795,0.0
3,2,1982,3457611724739,54.11176201827612,nan
3,3,1977,3458341753344,54.123186995192306,0.0
3,2,1983,3459077115196,54.134695437637724,nan
3,3,1978,3459807158784,54.146120649038465,0.0
3,2,1984,3460542198441,54.157624049119214,nan
3,3,1979,3461943736320,54.17955817307693,0.0
3,2,1985,3462677483761,54.191041349925506,nan
3,3,1980,3463408657920,54.20248425480769,0.0
3,2,1986,3464140458089,54.21393695677146,nan
3,3,1981,3464873767424,54.22541327724359,0.0
3,2,1987,3465610040270,54.2369359767816,nan
3,3,1982,3466338432512,54.248335344551286,0.0
3,2,1988,3467073640773,54.259841383291395,nan
3,3,1983,3468479698432,54.28184624198718,0.0
3,2,1989,3469211245968,54.29329499023438,nan
3,3,1984,3469944123904,54.304764559294874,0.0
3,2,1990,3470675773698,54.31621490788387,nan
3,3,1985,3471408905216,54.32768844551282,0.0
3,2,1991,3472140318333,54.33913509009728,nan
3,3,1986,3472873425920,54.35060825320513,0.0
3,2,1992,3473604819961,54.362054599249426,nan
3,3,1987,3474338442240,54.37353581730769,0.0
3,2,1993,3475069777240,54.38498123935798,nan
3,3,1988,3476480512000,54.40705929487179,0.0
3,2,1994,3477214443943,54.41854535918407,nan
3,3,1989,3477945454592,54.4299857051282,0.0
3,3,1990,3479394862592,54.452668998397435,0.0
3,2,1996,3480128156817,54.464145082397465,nan
3,3,1991,3480860388352,54.47560453525641,0.0
3,2,1997,3481593775632,54.48708207557092,nan
3,3,1992,3482325417984,54.49853230769231,0.0
3,2,1998,3483058998644,54.51001287441156,nan
3,3,1993,3483790644224,54.521463157051286,0.0
3,2,1999,3485192288184,54.54339894118089,nan
3,3,1994,3485921969152,54.554818477564105,0.0
3,2,2000,3486655624992,54.566300220853364,nan
3,3,1995,3487387091968,54.577747708333334,0.0
3,2,2001,3488118269595,54.58919066748986,nan
3,3,1996,3489523693568,54.61118560897436,0.0
3,2,2002,3490255293667,54.62263517983461,nan
3,3,1997,3490988300800,54.634106770833334,0.0
3,2,2003,3491723080271,54.645606098992765,nan
3,3,1998,3492452530176,54.65702201923077,0.0
3,2,2004,3493186000851,54.66850086468037,nan
3,3,1999,3493916930048,54.67993993589744,0.0
3,2,2005,3494650495809,54.691420269446745,nan
3,3,2000,3495381056000,54.70285356570513,0.0
3,2,2006,3496114628272,54.71433400115185,nan
3,3,2001,3497522272768,54.736363693910256,0.0
3,2,2007,3498253484778,54.74780719116211,nan
3,3,2002,3498986487808,54.75927871794872,0.0
3,2,2008,3499718311531,54.77073178853353,nan
3,3,2003,3500450379264,54.78218867788462,0.0
3,2,2009,3501183290319,54.79365876525879,nan
3,3,2004,3501914317824,54.805099375000005,0.0
3,2,2010,3502648713543,54.81659269742526,nan
3,3,2005,3503378370560,54.828011858974364,0.0
3,2,2011,3504112272063,54.839497446899415,nan
3,3,2006,3504842556416,54.85092642628205,0.0
3,2,2012,3506244070155,54.872860172447794,nan
3,3,2007,3506972460032,54.88425950320513,0.0
3,2,2013,3507707015267,54.89575532206218,nan
3,3,2008,3508436398080,54.907170192307696,0.0
3,2,2014,3509169439707,54.9186423231389,nan
3,3,2009,3509900185088,54.9300785176282,0.0
3,2,2015,3510632076628,54.94153264955178,nan
3,3,2010,3511364051456,54.952988084935896,0.0
3,2,2016,3512094360779,54.96441745510003,nan
3,3,2011,3512822501376,54.97581288461539,0.0
3,2,2017,3513557129277,54.987309840698245,nan
3,3,2012,3514963770880,55.00932383814103,0.0
3,2,2018,3515699724411,55.02084154038649,nan
3,3,2013,3516428301312,55.03224379807693,0.0
3,2,2019,3517164018156,55.04375779616136,nan
3,3,2014,3517892822528,55.05516361378205,0.0
3,2,2020,3518628230487,55.066672777803866,nan
3,3,2015,3519356675072,55.07807296474359,0.0
3,2,2021,3520092872901,55.08959449026255,nan
3,3,2016,3520820921344,55.1009884775641,0.0
3,2,2022,3521552272970,55.112434159811954,nan
3,3,2017,3522290706432,55.123990673076925,0.0
3,2,2023,3523691978885,55.1459206431071,nan
3,3,2018,3524422017024,55.15734576923077,0.0
3,2,2024,3525156814837,55.16884538444324,nan
3,3,2019,3525886989824,55.180272652243595,0.0
3,2,2025,3526621754202,55.19177174419697,nan
3,3,2020,3527352013312,55.20320032852564,0.0
3,2,2026,3528086755029,55.21469906583346,nan
3,3,2021,3529488841216,55.23664177083334,0.0
3,2,2027,3530221741834,55.248111694868044,nan
3,3,2022,3530954051072,55.259572363782056,0.0
3,2,2028,3531686098059,55.27102892845741,nan
3,3,2023,3532419354112,55.2825044150641,0.0
3,2,2029,3533153954299,55.29400093742175,nan
3,3,2024,3533884630016,55.30543604166667,0.0
3,2,2030,3534616795479,55.31689446049617,nan
3,3,2025,3535350405120,55.32837548076923,0.0
3,2,2031,3536085241541,55.33987570019844,nan
3,3,2026,3536816543232,55.35132060096154,0.0
3,2,2032,3538216918795,55.37323653462728,nan
3,3,2027,3538948883456,55.384691810897436,0.0
3,2,2033,3539679709824,55.39612927283654,nan
3,3,2028,3540409060352,55.40754363782052,0.0
3,2,2034,3541142175204,55.4190169146259,nan
3,3,2029,3541873990144,55.43046984775641,0.0
3,2,2035,3542604724583,55.44190587100298,nan
3,3,2030,3543333334016,55.45330863782051,0.0
3,2,2036,3544067333834,55.46479576437926,nan
3,3,2031,3544798602752,55.47624015224359,0.0
3,2,2037,3545529435213,55.48767770953839,nan
3,3,2032,3546930550272,55.50960521634615,0.0
3,2,2038,3547665019519,55.521099689487556,nan
3,3,2033,3548395955712,55.53253887019231,0.0
3,2,2039,3549127408636,55.54398613775791,nan
3,3,2034,3549861354496,55.5554724198718,0.0
3,2,2040,3550595667798,55.5669644524677,nan
3,3,2035,3551326802944,55.578406746794876,0.0
3,2,2041,3552058108114,55.58985170200446,nan
3,3,2036,3552786578944,55.60125229967949,0.0
3,2,2042,3553522268750,55.61276587461814,nan
3,3,2037,3554251498496,55.62417834935898,0.0
