node_id,message_transmitter_id,message_id,timestamp_bit,timestamp_seconds,clock_offset(not_used)
3,0,0,221157929541,3.461130457810622,nan
3,3,0,221889218560,3.4725751602564103,0.0
3,0,1,222618994544,3.4839961836438302,nan
3,3,1,224021852672,3.5059509695512823,0.0
3,0,2,224752512872,3.5173858309545274,nan
3,3,2,225482036736,3.528802908653846,0.0
3,0,3,226213405827,3.5402488642296426,nan
3,3,3,226942007296,3.5516515064102565,0.0
3,0,4,228346640008,3.5736340646284055,nan
3,3,4,229079378944,3.5851014583333334,0.0
3,0,5,229813552030,3.5965912965432194,nan
3,3,5,230544344064,3.6080282211538464,0.0
3,0,6,231275373765,3.619468865262545,nan
3,3,6,232676582912,3.6413978445512822,0.0
3,0,7,233408932021,3.652859137448042,nan
3,3,7,234142205952,3.664334903846154,0.0
3,0,8,234875434956,3.675809967134916,nan
3,3,8,235608214528,3.687277996794872,0.0
3,0,9,236341956834,3.698761093280499,nan
3,3,9,237746083328,3.720735729166667,0.0
3,0,10,238475451098,3.732150363988632,nan
3,3,10,239206168064,3.7435861137820514,0.0
3,0,11,239937143802,3.7550259133676382,nan
3,3,11,241338308096,3.7769541907051285,0.0
3,0,12,242070845926,3.788418437093099,nan
3,3,12,242804054528,3.7998931810897436,0.0
3,0,13,243537923826,3.8113782650052586,nan
3,3,13,244270051328,3.82283608974359,0.0
3,0,14,244999043096,3.8342448401191906,nan
3,3,14,245730236928,3.8456880528846153,0.0
3,0,15,247132472829,3.8676331009145883,nan
3,3,15,247862531584,3.8790585496794874,0.0
3,0,16,249266261489,3.9010269789319163,nan
3,3,16,249999034880,3.9124949118589747,0.0
3,0,17,250733965561,3.9239966064609626,nan
3,3,17,251463614976,3.9354156490384615,0.0
3,0,18,252195493908,3.9468695836463343,nan
3,3,18,252928304640,3.9583381009615386,0.0
3,0,19,253663154466,3.9698385301795374,nan
3,3,19,254393260032,3.981264711538462,0.0
3,0,20,255126092854,3.992733574563051,nan
3,3,20,255858966016,4.004203068910257,0.0
3,0,21,257266248213,4.026227091674805,nan
3,3,21,257996514304,4.03765578525641,0.0
3,0,22,258728245042,4.049107400622246,nan
3,3,22,259462473216,4.060598100961538,0.0
3,0,23,260195363895,4.072067869450496,nan
3,3,23,260928247296,4.083537524038461,0.0
3,0,24,261662361416,4.095026439428085,nan
3,3,24,262393922560,4.106475400641026,0.0
3,0,25,263796453670,4.128425068703676,nan
3,3,25,264526722048,4.139853798076923,0.0
3,0,26,265257939511,4.151297380668445,nan
3,3,26,265987013632,4.162707419871795,0.0
3,0,27,266719269702,4.174167256704477,nan
3,3,27,267453070336,4.1856512660256415,0.0
3,0,28,268186488403,4.197129288157928,nan
3,3,28,269591567872,4.219118838141026,0.0
3,0,29,270326585387,4.2306218916985925,nan
3,3,29,271057048064,4.242053661858974,0.0
3,0,30,271788444981,4.253500052912786,nan
3,3,30,272516979712,4.2649016506410256,0.0
3,0,31,273249899597,4.2763718762050535,nan
3,3,31,273982386688,4.287835328525641,0.0
3,0,32,274711996249,4.299253747386444,nan
3,3,32,275441761280,4.310674599358975,0.0
3,0,33,276173733471,4.322129993473934,nan
3,3,33,277578778624,4.344119006410256,0.0
3,0,34,278313225775,4.355613133748372,nan
3,3,34,279716711424,4.3775777403846154,0.0
3,0,35,280447596538,4.389016121700972,nan
3,3,35,281849317888,4.410953116987179,0.0
3,0,36,282582132171,4.4224216898756765,nan
3,3,36,283314653696,4.433885681089744,0.0
3,0,37,284044244188,4.445303801519932,nan
3,3,37,284774835712,4.456737588141026,0.0
3,0,38,285506717664,4.468191570012019,nan
3,3,38,286240992768,4.4796830048076925,0.0
3,0,39,286974132434,4.491156669953175,nan
3,3,39,288379333120,4.513148116987179,0.0
3,0,40,289110168230,4.524585715738932,nan
3,3,40,290511736320,4.5465203125,0.0
3,0,41,291245044851,4.557996620389498,nan
3,3,41,291977085440,4.569453084935898,0.0
3,0,42,292706769773,4.580872673981496,nan
3,3,42,293436933632,4.592299767628205,0.0
3,0,43,294168280180,4.603745370405148,nan
3,3,43,294897353728,4.615155400641026,0.0
3,0,44,295630050682,4.626622137325971,nan
3,3,44,296363476992,4.638100288461539,0.0
3,0,45,297769770292,4.660108834948417,nan
3,3,45,298501594624,4.671561915064102,0.0
3,0,46,299903927535,4.6935084813044625,nan
3,3,46,300634608640,4.704943669871795,0.0
3,0,47,302038016187,4.726907054208609,nan
3,3,47,302766749184,4.738311754807692,0.0
3,0,48,303499344321,4.7497768980525095,nan
3,3,48,304231912960,4.761241626602565,0.0
3,0,49,304966488248,4.772737759289864,nan
3,3,49,306368741888,4.7946830849358975,0.0
3,0,50,307099150451,4.806114008210011,nan
3,3,50,308505133568,4.828117700320513,0.0
3,0,51,309238764086,4.839599047319461,nan
3,3,51,309970122752,4.85104483974359,0.0
3,0,52,311372732919,4.872995745051457,nan
3,3,52,312102016000,4.88440905448718,0.0
3,0,53,312834153195,4.895867030921349,nan
3,3,53,313567521280,4.907344270833334,0.0
3,0,54,314301009360,4.918823388671875,nan
3,3,54,315032999936,4.930279070512821,0.0
3,0,55,315762238670,4.941691685916216,nan
3,3,55,316493241344,4.953131907051282,0.0
3,0,56,317223489991,4.964560327633589,nan
3,3,56,317953821184,4.975990040064103,0.0
3,0,57,319357526920,4.997958091070713,nan
3,3,57,320085899264,5.009357147435898,0.0
3,0,58,321491708222,5.031358113951072,nan
3,3,58,322222818304,5.042800016025641,0.0
3,0,59,322953158712,5.054229872671274,nan
3,3,59,323682054144,5.065637115384615,0.0
3,0,60,324414372142,5.077097921392979,nan
3,3,60,325147080192,5.0885648317307695,0.0
3,0,61,326553838818,5.110580660588191,nan
3,3,61,327283498496,5.121999863782052,0.0
3,0,62,328015371222,5.1334537012657755,nan
3,3,62,328748642304,5.144929423076923,0.0
3,0,63,329481792197,5.156403248275366,nan
3,3,63,330213715456,5.1678578766025645,0.0
3,0,64,331614942852,5.189787141488883,nan
3,3,64,332344995328,5.20121249198718,0.0
3,0,65,333075780982,5.212649316750551,nan
3,3,65,333804427264,5.224052660256411,0.0
3,0,66,334536746595,5.235513487126277,nan
3,3,66,335269538304,5.24698170673077,0.0
3,0,67,336003275086,5.258464716765575,nan
3,3,67,336734673408,5.269911129807692,0.0
3,0,68,337464221759,5.281328590729543,nan
3,3,68,338866440704,5.303273373397436,0.0
3,0,69,339597644274,5.314716738562951,nan
3,3,69,340326095360,5.32611702724359,0.0
3,0,70,341059231960,5.33759064440605,nan
3,3,70,341791303680,5.349047596153846,0.0
3,0,71,343192627338,5.370978367544321,nan
3,3,71,343922557952,5.382401810897436,0.0
3,0,72,344653808507,5.393845911380083,nan
3,3,72,345387474944,5.405327820512821,0.0
3,0,73,346120667741,5.416802317160582,nan
3,3,73,346852506624,5.428255625,0.0
3,0,74,347582093141,5.4396736832212795,nan
3,3,74,348984471552,5.461620961538462,0.0
3,0,75,349715660540,5.473064098495092,nan
3,3,75,350444521472,5.484470801282051,0.0
3,0,76,351177314810,5.4959390463804585,nan
3,3,76,351909773824,5.507402059294872,0.0
3,0,77,352644533456,5.518901076973157,nan
3,3,77,353375119872,5.530334783653847,0.0
3,0,78,354106214330,5.54177644121219,nan
3,3,78,354834865664,5.553179863782051,0.0
3,0,79,356239738213,5.575166175458859,nan
3,3,79,356972019712,5.58662641025641,0.0
3,0,80,357706671684,5.598123743051382,nan
3,3,80,358437037056,5.609553990384615,0.0
3,0,81,359167967026,5.620993073699169,nan
3,3,81,359896877568,5.632400552884616,0.0
3,0,82,361301479632,5.6543826314603365,nan
3,3,82,362034321920,5.665851642628206,0.0
3,0,83,362768766386,5.677345727945964,nan
3,3,83,363499670016,5.688784399038462,0.0
3,0,84,364230537375,5.700222502488357,nan
3,3,84,364959526912,5.711631217948718,0.0
3,0,85,365691969919,5.72309398035294,nan
3,3,85,366424987136,5.7345657291666665,0.0
3,0,86,367158936666,5.746052068716196,nan
3,3,86,367890539008,5.757501674679487,0.0
3,0,87,369293007353,5.779450360467373,nan
3,3,87,370022889472,5.790873044871795,0.0
3,0,88,370754691295,5.802325772720728,nan
3,3,88,371488347136,5.8138075160256415,0.0
3,0,89,372222434238,5.825296008582482,nan
3,3,89,372954300416,5.836749743589744,0.0
3,0,90,373684634268,5.848179497633714,nan
3,3,90,374414764544,5.859606065705129,0.0
3,0,91,375146180986,5.871052762325972,nan
3,3,91,376547701248,5.892986610576923,0.0
3,0,92,377281037585,5.904463353631435,nan
3,3,92,378013283840,5.915923036858975,0.0
3,0,93,378742865912,5.927341025515825,nan
3,3,93,379473950208,5.938782524038461,0.0
3,0,94,380205171926,5.950226173220903,nan
3,3,94,381606964736,5.972164286858974,0.0
3,0,95,382339823198,5.983633551150591,nan
3,3,95,383073037312,5.995108381410256,0.0
3,0,96,383807026488,6.006595341421274,nan
3,3,96,384538390016,6.018041209935897,0.0
3,0,97,385269510672,6.02948327749399,nan
3,3,97,385998246400,6.040888020833333,0.0
3,0,98,386731156199,6.052358088551057,nan
3,3,98,387463613440,6.063821073717949,0.0
3,0,99,388865079425,6.085754072531675,nan
3,3,99,389596168192,6.097195641025642,0.0
3,0,100,390326228308,6.108621111090245,nan
3,3,100,391056962048,6.120057123397436,0.0
3,0,101,391788014644,6.131498125813803,nan
3,3,101,393190115840,6.153441065705128,0.0
3,0,102,393921593276,6.164888716884516,nan
3,3,102,394650806784,6.1763009375,0.0
3,0,103,395382565521,6.187752991051307,nan
3,3,103,396111528448,6.199161290064103,0.0
3,0,104,396844310379,6.210629356642503,nan
3,3,104,397577863680,6.222109495192308,0.0
3,0,105,398312120366,6.233600641745543,nan
3,3,105,399716274688,6.255575713141026,0.0
3,0,106,400446686657,6.267006689719176,nan
3,3,106,401176384512,6.278426490384615,0.0
3,0,107,401908489346,6.289883960367839,nan
3,3,107,402642352128,6.301368942307692,0.0
3,0,108,403375407444,6.312841287372295,nan
3,3,108,404108553216,6.324315048076923,0.0
3,0,109,404842121251,6.335795417214419,nan
3,3,109,405575086080,6.347266346153846,0.0
3,0,110,406309513961,6.35876017191569,nan
3,3,110,407713929216,6.380739326923077,0.0
3,0,111,408444063870,6.392165963510367,nan
3,3,111,409174424576,6.403596137820513,0.0
3,0,112,409905704765,6.415040702076448,nan
3,3,112,410635386368,6.4264602483974365,0.0
3,0,113,412039989443,6.448442342795348,nan
3,3,113,412773779456,6.459926185897436,0.0
3,0,114,413507916677,6.471415462818635,nan
3,3,114,414239420416,6.482863525641026,0.0
3,0,115,414969607254,6.494290978910006,nan
3,3,115,415699138048,6.505708165064103,0.0
3,0,116,416431085859,6.517163177631085,nan
3,3,116,417164806144,6.52864592948718,0.0
3,0,117,417898497017,6.540128221044296,nan
3,3,117,418630515712,6.551584342948718,0.0
3,0,118,420033150833,6.5735356387876855,nan
3,3,118,420762781696,6.584954391025641,0.0
3,0,119,421495161396,6.596416162672776,nan
3,3,119,422228433408,6.607891899038462,0.0
3,0,120,422963150065,6.619390244156275,nan
3,3,120,424366362624,6.641350576923077,0.0
3,0,121,425098383471,6.652806732506385,nan
3,3,121,425832580096,6.664296939102564,0.0
3,0,122,426565897512,6.6757733860426685,nan
3,3,122,427298492416,6.687238525641026,0.0
3,0,123,428033448437,6.698740616815029,nan
3,3,123,428764512256,6.7101817948717954,0.0
3,0,124,429495377585,6.721619866552109,nan
3,3,124,430225153024,6.733040881410257,0.0
3,0,125,431629501994,6.755018999054737,nan
3,3,125,432363540992,6.766506738782051,0.0
3,0,126,433096945890,6.777984554818961,nan
3,3,126,433829445632,6.789448205128205,0.0
3,0,127,434559131044,6.800867811060196,nan
3,3,127,435290038784,6.8123065464743595,0.0
3,0,128,436021498993,6.823753928050506,nan
3,3,128,436750732800,6.835166466346154,0.0
3,0,129,437483653935,6.846636711472732,nan
3,3,129,438888582656,6.8686239022435895,0.0
3,0,130,439618989731,6.880054802230444,nan
3,3,130,440348740608,6.891475432692308,0.0
3,0,131,441081455456,6.90294244941907,nan
3,3,131,441814936576,6.914421458333334,0.0
3,0,132,442549239315,6.925913325617864,nan
3,3,132,443281134592,6.937367516025641,0.0
3,0,133,444011473615,6.948797350995969,nan
3,3,133,445414910976,6.970761201923077,0.0
3,0,134,446145587266,6.982196315135467,nan
3,3,134,446876166144,6.993629903846154,0.0
3,0,135,447607965952,7.005082600160256,nan
3,3,135,448337104384,7.016493645833333,0.0
3,0,136,449070671295,7.027973997380183,nan
3,3,136,450476580352,7.049976530448718,0.0
3,0,137,451211270438,7.061474459729317,nan
3,3,137,451943209984,7.072929342948719,0.0
3,0,138,452673015270,7.084350824913612,nan
3,3,138,453404068352,7.0957918349358975,0.0
3,0,139,454134657203,7.107225579724434,nan
3,3,139,454864807936,7.118652467948718,0.0
3,0,140,455596948832,7.130110502303686,nan
3,3,140,456331057152,7.141599326923077,0.0
3,0,141,457064688661,7.153080689431215,nan
3,3,141,457796911616,7.16454000801282,0.0
3,0,142,459199370622,7.1864885476449825,nan
3,3,142,459929937408,7.197921947115385,0.0
3,0,143,460661005372,7.209363190041567,nan
3,3,143,461390349824,7.220777459935897,0.0
3,0,144,462122818808,7.23224062888121,nan
3,3,144,462856090624,7.243716362179487,0.0
3,0,145,463590324149,7.255207146262145,nan
3,3,145,464994367488,7.277180480769231,0.0
3,0,146,465724567829,7.288608145360702,nan
3,3,146,466455014912,7.30003967147436,0.0
3,0,147,467186944458,7.31149439819336,nan
3,3,147,467921099776,7.322983958333333,0.0
3,0,148,468654561930,7.334462670428937,nan
3,3,148,470060131328,7.356459887820513,0.0
3,0,149,470794923501,7.367959414766752,nan
3,3,149,471526574592,7.379409783653847,0.0
3,0,150,472257527965,7.390849233226287,nan
3,3,150,472987520512,7.402273645833334,0.0
3,0,151,473720065360,7.413738002053285,nan
3,3,151,474454059520,7.4252250400641024,0.0
3,0,152,475187287046,7.4367000802221055,nan
3,3,152,475920917504,7.448181426282051,0.0
3,0,153,477327290205,7.470191215397762,nan
3,3,153,478060161536,7.4816606810897435,0.0
3,0,154,478795096091,7.493162436319987,nan
3,3,154,479526519296,7.504609238782051,0.0
3,0,155,480258287312,7.51606143755008,nan
3,3,155,480992428544,7.52755077724359,0.0
3,0,156,481725917570,7.53902990988707,nan
3,3,156,483131014656,7.561019735576923,0.0
3,0,157,483860362458,7.572434057898889,nan
3,3,157,484591534080,7.583876923076923,0.0
3,0,158,485322117026,7.595310575451974,nan
3,3,158,486052417024,7.606739799679487,0.0
3,0,159,486784148056,7.618191419646434,nan
3,3,159,487513361408,7.629603637820513,0.0
3,0,160,488246719242,7.641080717303937,nan
3,3,160,488979103232,7.6525425560897435,0.0
3,0,161,489708997066,7.6639654238343855,nan
3,3,161,491111564288,7.685915657051282,0.0
3,0,162,491843333408,7.6973678730969555,nan
3,3,162,492577303552,7.70885453525641,0.0
3,0,163,493310643159,7.720331329486553,nan
3,3,163,494043670528,7.731803237179488,0.0
3,0,164,494778216070,7.743298904340695,nan
3,3,164,495509990912,7.754751209935898,0.0
3,0,165,496239816511,7.766173009800055,nan
3,3,165,496970842112,7.77761358974359,0.0
3,0,166,497701280753,7.7890449837396085,nan
3,3,166,499104176640,7.811000360576923,0.0
3,0,167,499835432265,7.822444540405273,nan
3,3,167,500564753408,7.833858445512821,0.0
3,0,168,501297061890,7.845319102595403,nan
3,3,168,502030700544,7.856800576923077,0.0
3,0,169,502763299003,7.868265772157327,nan
3,3,169,504167986688,7.890249190705129,0.0
3,0,170,504902408705,7.901742924695138,nan
3,3,170,505633245184,7.913180544871795,0.0
3,0,171,506363908798,7.9246154597042775,nan
3,3,171,507093579264,7.93603483173077,0.0
3,0,172,507825398119,7.947487826131185,nan
3,3,172,508559358976,7.958974342948718,0.0
3,0,173,509292566549,7.970449070841472,nan
3,3,173,510025155584,7.981914118589744,0.0
3,0,174,510759543499,7.993407318882086,nan
3,3,174,511490852352,8.004852331730769,0.0
3,0,175,512894014497,8.02681187551645,nan
3,3,175,513623520256,8.038228669871796,0.0
3,0,176,514356317904,8.049696982421874,nan
3,3,176,515089541632,8.061171963141026,0.0
3,0,177,515823775101,8.07266274634728,nan
3,3,177,516555420672,8.084113028846154,0.0
3,0,178,517285607989,8.095540489611503,nan
3,3,178,518015801856,8.106968052884616,0.0
3,0,179,518747564766,8.11842017174354,nan
3,3,179,520153987584,8.140430745192308,0.0
3,0,180,520887390258,8.151908526423528,nan
3,3,180,521619920896,8.16337266025641,0.0
3,0,181,522349485790,8.174790380076873,nan
3,3,181,523081213952,8.186241955128205,0.0
3,0,182,523811165072,8.197665719401042,nan
3,3,182,524542345728,8.209108725961539,0.0
3,0,183,525272671809,8.220538358389048,nan
3,3,183,526003481088,8.231975552884615,0.0
3,0,184,526734647541,8.243418337167594,nan
3,3,184,527464829952,8.254845721153846,0.0
3,0,185,528868557903,8.276814119826097,nan
3,3,185,530270836736,8.29875983974359,0.0
3,0,186,531002764189,8.310214533707056,nan
3,3,186,531737105920,8.32170701121795,0.0
3,0,187,532470802497,8.333189392042893,nan
3,3,187,533203395584,8.344654503205128,0.0
3,0,188,533933148913,8.35607517204089,nan
3,3,188,534664406528,8.367519383012821,0.0
3,0,189,535395109289,8.378954910497422,nan
3,3,189,536125453824,8.390384831730769,0.0
3,0,190,536857046096,8.401834280098157,nan
3,3,190,538258572288,8.423768221153846,0.0
3,0,191,538991789981,8.435243107425006,nan
3,3,191,540397153792,8.457237107371794,0.0
3,0,192,541126323946,8.468648649495442,nan
3,3,192,541858251776,8.480103349358975,0.0
3,0,193,542587884959,8.491522137905024,nan
3,3,193,543318896640,8.5029625,0.0
3,0,194,544049168457,8.514391283193735,nan
3,3,194,544779367424,8.525818926282051,0.0
3,0,195,545510745840,8.537265027794472,nan
3,3,195,546912976896,8.55921,0.0
3,0,196,547644355133,8.570656098711064,nan
3,3,196,548374253056,8.582079030448718,0.0
3,0,197,549105935589,8.593529891404373,nan
3,3,197,550507348992,8.615462067307693,0.0
3,0,198,551240048694,8.626928846998949,nan
3,3,198,551973031936,8.638400064102564,0.0
3,0,199,552707206359,8.649889923236554,nan
3,3,199,553439250944,8.661346450320513,0.0
3,0,200,554168381825,8.672757377820137,nan
3,3,200,554900030464,8.684207708333334,0.0
3,0,201,555630251572,8.695635697929188,nan
3,3,201,556360408576,8.707062684294872,0.0
3,0,202,557091833557,8.718509514551407,nan
3,3,202,558493053440,8.740438661858974,0.0
3,0,203,559225539615,8.751902099844125,nan
3,3,203,559959244800,8.763384615384616,0.0
3,0,204,560692321987,8.774857302731245,nan
3,3,204,561425320448,8.786328758012822,0.0
3,0,205,562831491589,8.808335392706455,nan
3,3,205,563563309568,8.819788373397436,0.0
3,0,206,564292799146,8.831204914519482,nan
3,3,206,565023780864,8.842644807692308,0.0
3,0,207,565754083664,8.854074075771234,nan
3,3,207,566483942400,8.86549639423077,0.0
3,0,208,567215982063,8.876952844285231,nan
3,3,208,567949398016,8.888430833333334,0.0
3,0,209,568682825866,8.899909008569962,nan
3,3,209,570087368192,8.92189015224359,0.0
3,0,210,570816776142,8.933305415884165,nan
3,3,210,571547404800,8.944739783653846,0.0
3,0,211,572278090346,8.956175041723007,nan
3,3,211,573007926784,8.967597011217949,0.0
3,0,212,573739446036,8.97904531681941,nan
3,3,212,574468446720,8.99045420673077,0.0
3,0,213,575201045945,9.00191941395295,nan
3,3,213,575934022656,9.013390528846154,0.0
3,0,214,576667951696,9.024876547726363,nan
3,3,214,577399161344,9.03632000801282,0.0
3,0,215,578801568663,9.058267738741362,nan
3,3,215,579531321344,9.069688397435897,0.0
3,0,216,580263409203,9.08114560175969,nan
3,3,216,580997069824,9.092627419871794,0.0
3,0,217,581730524879,9.104106020867764,nan
3,3,217,582462586368,9.1155628125,0.0
3,0,218,583192376175,9.126984052217924,nan
3,3,218,584594980864,9.148934871794872,0.0
3,0,219,585326796474,9.160387815410907,nan
3,3,219,586060591104,9.171871730769231,0.0
3,0,220,586794300736,9.183354315905449,nan
3,3,220,587525936640,9.194804447115384,0.0
3,0,221,588255803893,9.206226898866312,nan
3,3,221,588985548288,9.217647427884616,0.0
3,0,222,589717158025,9.229097149579953,nan
3,3,222,591118391808,9.251026514423078,0.0
3,0,223,591851102655,9.26249346853403,nan
3,3,223,592584193024,9.273966362179488,0.0
3,0,224,593318011490,9.285450650572166,nan
3,3,224,594050313728,9.296911209935898,0.0
3,0,225,594785050357,9.30840986761631,nan
3,3,225,595516293632,9.319853854166666,0.0
3,0,226,596246638492,9.33128378048628,nan
3,3,226,596976330752,9.342703493589744,0.0
3,0,227,597707738169,9.354150048968975,nan
3,3,227,599114366976,9.376163846153846,0.0
3,0,228,599847172453,9.38763228122809,nan
3,3,228,600580556288,9.399109767628206,0.0
3,0,229,601314638332,9.410598181027144,nan
3,3,229,602046600192,9.422053413461539,0.0
3,0,230,602777403035,9.433490507233449,nan
3,3,230,603507474944,9.444916161858975,0.0
3,0,231,604239589688,9.456373786934094,nan
3,3,231,604973386752,9.467857740384616,0.0
3,0,232,605706206664,9.479326401367187,nan
3,3,232,607111628800,9.501321314102565,0.0
3,0,233,607846435583,9.512821069695889,nan
3,3,233,608577681920,9.524265104166666,0.0
3,0,234,609308008351,9.53569474207169,nan
3,3,234,610038857216,9.547132556089744,0.0
3,0,235,610770026554,9.558575385523087,nan
3,3,235,611499962368,9.56999891025641,0.0
3,0,236,612231954130,9.581454610658303,nan
3,3,236,612965979136,9.592942131410256,0.0
3,0,237,613698588012,9.604407489670974,nan
3,3,237,615104626176,9.62641204326923,0.0
3,0,238,615838072480,9.637890507311699,nan
3,3,238,616571056128,9.64936173076923,0.0
3,0,239,617305335606,9.660853234018179,nan
3,3,239,618037939712,9.672318517628206,0.0
3,0,240,618772698060,9.683817515211839,nan
3,3,240,619504643584,9.695272491987179,0.0
3,0,241,620906812673,9.717216494406676,nan
3,3,241,621638461952,9.728666834935897,0.0
3,0,242,622368534945,9.740092506526066,nan
3,3,242,623099596800,9.751533653846154,0.0
3,0,243,623830202427,9.762967661179763,nan
3,3,243,624560933888,9.774403637820512,0.0
3,0,244,625292094166,9.785846325464494,nan
3,3,244,626022337536,9.797274663461538,0.0
3,0,245,626753736567,9.808721087599535,nan
3,3,245,628156936704,9.83068122596154,0.0
3,0,246,628887660721,9.842117086103391,nan
3,3,246,629618299904,9.853551618589744,0.0
3,0,247,631021492701,9.875511642080454,nan
3,3,247,631751546368,9.886937011217949,0.0
3,0,248,632483461238,9.898391508256962,nan
3,3,248,633212723712,9.909804495192308,0.0
3,0,249,633945284363,9.921269098729843,nan
3,3,249,634679964160,9.93276686698718,0.0
3,0,250,635412420011,9.944229830400516,nan
3,3,250,636146717184,9.955721610576923,0.0
3,0,251,636879537718,9.96719028129382,nan
3,3,251,637613232640,9.978672636217949,0.0
3,0,252,638346481354,9.990148007969001,nan
3,3,252,639751963648,10.012143862179487,0.0
3,0,253,640485923832,10.023630368464543,nan
3,3,253,641218267648,10.035091578525641,0.0
3,0,254,641952937094,10.046589184789413,nan
3,3,254,642684582400,10.058039463141027,0.0
3,0,255,643414216481,10.06945826574081,nan
3,3,255,644145917440,10.080909415064102,0.0
3,0,256,644875322300,10.092324630346054,nan
3,3,256,645607140864,10.103777620192307,0.0
3,0,257,646336634453,10.115194224086665,nan
3,3,257,647067979264,10.126639799679488,0.0
3,0,258,648470521217,10.148589637435522,nan
3,3,258,649200585728,10.160015176282052,0.0
3,0,259,649932792865,10.171474247311323,nan
3,3,259,650666733568,10.18296044871795,0.0
3,0,260,651400415924,10.194442606983674,nan
3,3,260,652132683264,10.205902620192308,0.0
3,0,261,652862448463,10.217323474794046,nan
3,3,261,654265939968,10.239288173076924,0.0
3,0,262,654996657276,10.250723928222657,nan
3,3,262,655727332352,10.262159022435897,0.0
3,0,263,656458358545,10.273599611644256,nan
3,3,263,657189216768,10.285037572115385,0.0
3,0,264,657919934890,10.29647334000025,nan
3,3,264,658651067904,10.30791560096154,0.0
3,0,265,660054166734,10.329874153864933,nan
3,3,265,660784707584,10.341307147435897,0.0
3,0,266,661515526508,10.352744492876102,nan
3,3,266,662246083072,10.364177732371795,0.0
3,0,267,662977283072,10.375621041666667,nan
3,3,267,663707918848,10.387055520833334,0.0
3,0,268,664438375584,10.398487198016827,nan
3,3,268,665169394176,10.409927668269232,0.0
3,0,269,665899516221,10.421354107525165,nan
3,3,269,666630713856,10.432797379807692,0.0
3,0,270,668032888413,10.454741467801608,nan
3,3,270,668764514304,10.466191442307693,0.0
3,0,271,669494593776,10.47761721529447,nan
3,3,271,670225508864,10.489056065705128,0.0
3,0,272,670956446084,10.500495262482472,nan
3,3,272,671686589952,10.51192204326923,0.0
3,0,273,672418217495,10.523372043629182,nan
3,3,273,673820599296,10.545319375,0.0
3,0,274,674551945020,10.55676496488131,nan
3,3,274,675281650176,10.568184879807692,0.0
3,0,275,676013438416,10.579637395082132,nan
3,3,275,676742719488,10.591050673076923,0.0
3,0,276,677475176564,10.602513655661559,nan
3,3,276,678209457664,10.614005184294871,0.0
3,0,277,678942498032,10.625477295422677,nan
3,3,277,679676124672,10.63695858173077,0.0
3,0,278,681082013197,10.658960793472682,nan
3,3,278,681814420992,10.670423004807693,0.0
3,0,279,682543904427,10.681839449791541,nan
3,3,279,683274798080,10.69327796474359,0.0
3,0,280,684005936445,10.704720309448243,nan
3,3,280,684735038976,10.716130793269231,0.0
3,0,281,685467757513,10.727597867728992,nan
3,3,281,686200207360,10.739060737179488,0.0
3,0,282,686929896542,10.75048040211213,nan
3,3,282,687660078080,10.761907772435897,0.0
3,0,283,688392398064,10.77336860952524,nan
3,3,283,689798336000,10.795371594551282,0.0
3,0,284,690532716563,10.80686467978453,nan
3,3,284,691264681472,10.818319959935899,0.0
3,0,285,691994381983,10.829739802167843,nan
3,3,285,692725349888,10.841179479166668,0.0
3,0,286,693456198958,10.85261729639298,nan
3,3,286,694186562560,10.864047516025641,0.0
3,0,287,694917749691,10.875490623920147,nan
3,3,287,695648101888,10.886920665064103,0.0
3,0,288,696379521612,10.898367413048378,nan
3,3,288,697109458432,10.909790953525642,0.0
3,0,289,698513918323,10.931770807088217,nan
3,3,289,699243234304,10.943184631410256,0.0
3,0,290,699975812094,10.954649503173828,nan
3,3,290,700709982720,10.966139302884615,0.0
3,0,291,701442947720,10.977610234500201,nan
3,3,291,702176676864,10.989093125,0.0
3,0,292,702910337290,11.000574940060346,nan
3,3,292,703643604992,11.01205060897436,0.0
3,0,293,704377110929,11.023530006275667,nan
3,3,293,705110131200,11.035001802884615,0.0
3,0,294,705843911711,11.046485497280024,nan
3,3,294,707249615872,11.068484823717949,0.0
3,0,295,707982821175,11.079959516085111,nan
3,3,295,708715726848,11.09142951923077,0.0
3,0,296,709449799619,11.102917787506886,nan
3,3,296,710182170624,11.114379423076924,0.0
3,0,297,710911809613,11.125798302487105,nan
3,3,297,711642730496,11.137237243589745,0.0
3,0,298,713046626668,11.159208274927384,nan
3,3,298,713775921152,11.170621762820513,0.0
3,0,299,714508850680,11.182092139297877,nan
3,3,299,715241996288,11.193565897435898,0.0
3,0,300,715975850107,11.205050739104442,nan
3,3,300,716708091904,11.216510352564104,0.0
3,0,301,717442941182,11.22801077320588,nan
3,3,301,718846215680,11.249972075320514,0.0
3,0,302,719577440285,11.261415769684621,nan
3,3,302,720306734592,11.272829254807693,0.0
3,0,303,721039241390,11.28429301554362,nan
3,3,303,721772801536,11.29577326121795,0.0
3,0,304,722506487593,11.307255477404473,nan
3,3,304,723238767104,11.318715681089744,0.0
3,0,305,723968533430,11.330136553329076,nan
3,3,305,724699706368,11.341579439102565,0.0
3,0,306,725430792247,11.353020962399214,nan
3,3,306,726833304576,11.374970336538462,0.0
3,0,307,727564948815,11.386420598191481,nan
3,3,307,728294194688,11.397833325320514,0.0
3,0,308,729026769869,11.409298156253131,nan
3,3,308,730433863680,11.431319230769232,0.0
3,0,309,731166787808,11.442789522736378,nan
3,3,309,731900230656,11.454267932692307,0.0
3,0,310,732634612068,11.46576103121244,nan
3,3,310,733365981184,11.477206987179487,0.0
3,0,311,734097266674,11.488651634396284,nan
3,3,311,734826491904,11.500064038461538,0.0
3,0,312,735559849596,11.511541115722656,nan
3,3,312,736292504064,11.523007187500001,0.0
3,0,313,737695756681,11.544968147176107,nan
3,3,313,738425330176,11.556386001602565,0.0
3,0,314,739832109206,11.578402149783404,nan
3,3,314,740563765248,11.589852596153847,0.0
3,0,315,741295116567,11.60129827359713,nan
3,3,315,742024290304,11.612709871794872,0.0
3,0,316,742757818271,11.624189613866562,nan
3,3,316,743490291712,11.635652852564103,0.0
3,0,317,744220542504,11.647081306715746,nan
3,3,317,744951479808,11.658520504807692,0.0
3,0,318,745683056297,11.669969706170498,nan
3,3,318,746412431872,11.681384463141026,0.0
3,0,319,747818607543,11.703391168729341,nan
3,3,319,748551917568,11.7148675,0.0
3,0,320,749286831160,11.726368927158454,nan
3,3,320,750018421248,11.737818341346154,0.0
3,0,321,750749003964,11.749251990121696,nan
3,3,321,751479381504,11.760682427884616,0.0
3,0,322,752211237181,11.772135998550807,nan
3,3,322,752945616384,11.783629062500001,0.0
3,0,323,754351782472,11.805635618113982,nan
3,3,323,755084209664,11.81709813301282,0.0
3,0,324,755814290634,11.82852392944336,nan
3,3,324,756545058304,11.839960472756411,0.0
3,0,325,757276593487,11.851409027678661,nan
3,3,325,758006259712,11.862828333333333,0.0
3,0,326,758738906055,11.874294277954101,nan
3,3,326,759473146368,11.885785168269232,0.0
3,0,327,760879802583,11.9077993943904,nan
3,3,327,761611253248,11.919246626602565,0.0
3,0,328,762341995875,11.930682777991661,nan
3,3,328,763071541248,11.942100192307693,0.0
3,0,329,763804042211,11.953563861725636,nan
3,3,329,764537564672,11.965043517628205,0.0
3,0,330,765271140970,11.976524016081981,nan
3,3,330,766003589120,11.98798685897436,0.0
3,0,331,766738231518,11.999484041935848,nan
3,3,331,767469520896,12.01092875,0.0
3,0,332,768872629746,12.032887459716797,nan
3,3,332,769602510336,12.044310120192309,0.0
3,0,333,770334234240,12.055761628605769,nan
3,3,333,771063393280,12.067172996794872,0.0
3,0,334,771795749623,12.078634402904022,nan
3,3,334,772530067456,12.090126506410257,0.0
3,0,335,773263237491,12.101600646831805,nan
3,3,335,773996672512,12.113078934294872,0.0
3,0,336,775403059325,12.135088944263948,nan
3,3,336,776135532032,12.14655217147436,0.0
3,0,337,776870104833,12.158048265240009,nan
3,3,337,777601922560,12.169501241987179,0.0
3,0,338,778331958663,12.18092633624737,nan
3,3,338,779062528000,12.192359775641027,0.0
3,0,339,779793981967,12.203807059529623,nan
3,3,339,781195516416,12.225741129807693,0.0
3,0,340,781928169752,12.237207183869192,nan
3,3,340,782661081088,12.248677275641025,0.0
3,0,341,783395682717,12.260173820566031,nan
3,3,341,784126466048,12.27161060897436,0.0
3,0,342,784857323033,12.283048550070738,nan
3,3,342,785586647552,12.29446250801282,0.0
3,0,343,786319346848,12.30592928135016,nan
3,3,343,787052378112,12.31740125,0.0
3,0,344,787787023128,12.328898473933293,nan
3,3,344,789190356992,12.350860705128206,0.0
3,0,345,789921539627,12.362303742660131,nan
3,3,345,790650596864,12.373713517628206,0.0
3,0,346,791383807150,12.385188287979517,nan
3,3,346,792116264448,12.396651274038462,0.0
3,0,347,793523433915,12.418673532573994,nan
3,3,347,794253822464,12.430104142628206,0.0
3,0,348,794985859651,12.441560553933169,nan
3,3,348,795719230976,12.453037844551282,0.0
3,0,349,796453560504,12.464530131084736,nan
3,3,349,797184374784,12.475967403846154,0.0
3,0,350,797915510079,12.487409700505184,nan
3,3,350,798644039680,12.498811217948719,0.0
3,0,351,799377489341,12.51028973452837,nan
3,3,351,800781474304,12.532262155448718,0.0
3,0,352,801511620808,12.543688977488983,nan
3,3,352,802241521152,12.555111947115385,0.0
3,0,353,802973021520,12.566559957181491,nan
3,3,353,803701864960,12.577966386217948,0.0
3,0,354,804434859468,12.589437779634917,nan
3,3,354,805167890944,12.600909751602565,0.0
3,0,355,805902081610,12.612399864940155,nan
3,3,355,806634434048,12.623861209935898,0.0
3,0,356,807363525845,12.635271525769356,nan
3,3,356,808767776256,12.657248100961539,0.0
3,0,357,809497897460,12.66867452705579,nan
3,3,357,810228933120,12.680115264423078,0.0
3,0,358,810960624240,12.691566259765626,nan
3,3,358,811690062336,12.702981995192308,0.0
3,0,359,812423058663,12.714453417076697,nan
3,3,359,813155960832,12.725923365384615,0.0
3,0,360,813890807650,12.737423747527295,nan
3,3,360,814621918208,12.748865657051283,0.0
3,0,361,816025166966,12.770826556333885,nan
3,3,361,816754452480,12.782239903846154,0.0
3,0,362,817486986995,12.793704098354242,nan
3,3,362,818219802112,12.805172684294872,0.0
3,0,363,818954578281,12.81667196077787,nan
3,3,363,819684880384,12.828101217948719,0.0
3,0,364,820417099769,12.839560480659681,nan
3,3,364,821149903360,12.851028886217948,0.0
3,0,365,821879089267,12.862440674876678,nan
3,3,365,822609906688,12.873877996794873,0.0
3,0,366,823340945151,12.885318778029221,nan
3,3,366,824742069248,12.907246426282052,0.0
3,0,367,825476511742,12.918740480737931,nan
3,3,367,826207164416,12.930175224358974,0.0
3,0,368,826938498697,12.941620635156877,nan
3,3,368,827672585728,12.953109126602564,0.0
3,0,369,828406420218,12.964593665771485,nan
3,3,369,829810562560,12.986568549679488,0.0
3,0,370,830541758481,12.998011795137845,nan
3,3,370,831270826496,13.009421738782052,0.0
3,0,371,832004152978,13.020898327605419,nan
3,3,371,832737300992,13.032372123397437,0.0
3,0,372,833471971598,13.043869747815254,nan
3,3,372,834203331584,13.055315560897435,0.0
3,0,373,834933969812,13.066750078438002,nan
3,3,373,835664025088,13.07817547275641,0.0
3,0,374,837069298343,13.100168055498173,nan
3,3,374,837802561536,13.111643653846155,0.0
3,0,375,838536826130,13.123134924159906,nan
3,3,375,839268853248,13.134591177884616,0.0
3,0,376,839998519199,13.146010479251178,nan
3,3,376,840729922048,13.157456963141026,0.0
3,0,377,841459923493,13.168881515002129,nan
3,3,377,842190710784,13.180318365384617,0.0
3,0,378,842921611945,13.191756997837166,nan
3,3,378,843651173888,13.20317467147436,0.0
3,0,379,845056213434,13.225163596660908,nan
3,3,379,845789614080,13.236641346153846,0.0
3,0,380,846524250677,13.248138438329452,nan
3,3,380,847255626752,13.25958450320513,0.0
3,0,381,847986387125,13.271020932319837,nan
3,3,381,848716215808,13.282442780448719,0.0
3,0,382,850121045950,13.304428428454278,nan
3,3,382,850853953024,13.31589845352564,0.0
3,0,383,851588110912,13.327388053886219,nan
3,3,383,852320075776,13.338843333333333,0.0
3,0,384,853049706182,13.35026207841922,nan
3,3,384,853780765184,13.361703181089744,0.0
3,0,385,854511673672,13.373141928210137,nan
3,3,385,855241558528,13.384564655448719,0.0
3,0,386,855973624272,13.396021513671876,nan
3,3,386,856707788288,13.407511209935898,0.0
3,0,387,858114450643,13.429525532148313,nan
3,3,387,858846805504,13.440986915064103,0.0
3,0,388,859576171354,13.452401519837991,nan
3,3,388,860308114432,13.463856458333334,0.0
3,0,389,861038127581,13.475281193362505,nan
3,3,389,861769341952,13.486724727564104,0.0
3,0,390,862499784294,13.49815617948092,nan
3,3,390,863230452224,13.509591161858975,0.0
3,0,391,863961863398,13.521037776035406,nan
3,3,391,864691374080,13.532454647435898,0.0
3,0,392,865423925094,13.543919100153996,nan
3,3,392,866157366784,13.55539749198718,0.0
3,0,393,867564132466,13.577413431271285,nan
3,3,393,868295253504,13.588855504807693,0.0
3,0,394,869026421478,13.600298312894381,nan
3,3,394,869756010496,13.611716410256411,0.0
3,0,395,870488504696,13.623179973833134,nan
3,3,395,871222492160,13.634666907051283,0.0
3,0,396,872628757628,13.656675017966247,nan
3,3,396,873360809984,13.668131666666667,0.0
3,0,397,874091289850,13.679563705835587,nan
3,3,397,874820886528,13.690981923076924,0.0
3,0,398,875554159489,13.702457674294497,nan
3,3,398,876286727168,13.713922387820514,0.0
3,0,399,877016654845,13.725345785209461,nan
3,3,399,878419329024,13.747297692307693,0.0
3,0,400,879152551699,13.758772656547352,nan
3,3,400,879884973056,13.770235080128206,0.0
3,0,401,880614682516,13.78165506241236,nan
3,3,401,881344862720,13.793082411858975,0.0
3,0,402,882077331992,13.804545585311498,nan
3,3,402,882810000384,13.816011875000001,0.0
3,0,403,883540140181,13.827438592075445,nan
3,3,403,884269975552,13.838860544871796,0.0
3,0,404,885002329367,13.850321911417643,nan
3,3,404,886407597056,13.872314407051283,0.0
3,0,405,887141875239,13.883805890033429,nan
3,3,405,887873018368,13.895248309294873,0.0
3,0,406,888604266157,13.906692366489509,nan
3,3,406,890004761600,13.928610176282051,0.0
3,0,407,890739038650,13.940101641532703,nan
3,3,407,891469973504,13.951540801282052,0.0
3,0,408,892201167419,13.96298401534643,nan
3,3,408,892929922048,13.97438905448718,0.0
3,0,409,893663117507,13.985863592795347,nan
3,3,409,894395721728,13.997328878205128,0.0
3,0,410,895124609351,14.008735998707307,nan
3,3,410,895856126464,14.020184270833333,0.0
3,0,411,896585907657,14.031605375741812,nan
3,3,411,897988445184,14.053555144230769,0.0
3,0,412,898719917276,14.065002711776343,nan
3,3,412,899453741568,14.076487091346154,0.0
3,0,413,900187508562,14.08797057419997,nan
3,3,413,900919410688,14.099424871794872,0.0
3,0,414,901649346000,14.110848388671876,nan
3,3,414,902379946496,14.122282315705128,0.0
3,0,415,903110766166,14.133719672820263,nan
3,3,415,903840564736,14.145141049679488,0.0
3,0,416,904572689118,14.156598825589693,nan
3,3,416,905306552832,14.168083822115385,0.0
3,0,417,906713185765,14.19009768387232,nan
3,3,417,907444380672,14.201540913461539,0.0
3,0,418,908175660650,14.212985474415316,nan
3,3,418,908904670720,14.22439451121795,0.0
3,0,419,909637884130,14.235869330459986,nan
3,3,419,910370609152,14.247336506410257,0.0
3,0,420,911773446639,14.269290969285231,nan
3,3,420,912502649856,14.280703028846155,0.0
3,0,421,913235682941,14.292175025994718,nan
3,3,421,913968136704,14.30363795673077,0.0
3,0,422,914703120109,14.31514047646547,nan
3,3,422,915433826816,14.326576065705128,0.0
3,0,423,916165237109,14.338022666093876,nan
3,3,423,916894309888,14.349432684294872,0.0
3,0,424,917626969088,14.360898830128205,nan
3,3,424,919032491520,14.3828953125,0.0
3,0,425,919767468785,14.394397736143455,nan
3,3,425,920498479616,14.405838084935898,0.0
3,0,426,921229705078,14.417281792712089,nan
3,3,426,921958969344,14.428694807692308,0.0
3,0,427,922691540472,14.440159575195313,nan
3,3,427,923424638464,14.451632588141026,0.0
3,0,428,924158707826,14.463120803066156,nan
3,3,428,924890276864,14.474569887820513,0.0
3,0,429,925620641009,14.486000115951148,nan
3,3,429,927022846464,14.5079446875,0.0
3,0,430,927755627530,14.519412740541116,nan
3,3,430,928488436224,14.530881225961538,0.0
3,0,431,929218688645,14.542309705607098,nan
3,3,431,929948379648,14.553729399038462,0.0
3,0,432,930681254142,14.565198914231521,nan
3,3,432,931413605888,14.576660248397436,0.0
3,0,433,932816661515,14.59861812517215,nan
3,3,433,933545188864,14.610019607371795,0.0
3,0,434,934279386254,14.621509825940255,nan
3,3,434,935010367488,14.632949711538462,0.0
3,0,435,935741510416,14.644392127654248,nan
3,3,435,936470100992,14.655794599358975,0.0
3,0,436,937203509645,14.667272474161784,nan
3,3,436,937935072768,14.678721466346154,0.0
3,0,437,939339116189,14.700694802136544,nan
3,3,437,940072039424,14.712165080128205,0.0
3,0,438,940806637333,14.723661566835062,nan
3,3,438,941537041920,14.735092427884616,0.0
3,0,439,942269031319,14.746548091305463,nan
3,3,439,943002451968,14.758026153846155,0.0
3,0,440,943736956946,14.769521186179137,nan
3,3,440,944467505664,14.780954302884616,0.0
3,0,441,945199088267,14.792403599931767,nan
3,3,441,945933195776,14.803892411858975,0.0
3,0,442,947339126161,14.825895278711563,nan
3,3,442,948070979072,14.837348806089745,0.0
3,0,443,948800893461,14.84877199552096,nan
3,3,443,949531404288,14.86020451923077,0.0
3,0,444,950262821532,14.871651228402945,nan
3,3,444,950991640576,14.883057275641026,0.0
3,0,445,951724943642,14.894533498003055,nan
3,3,445,953129481216,14.916514567307694,0.0
3,0,446,953859037237,14.92793214826535,nan
3,3,446,954589914624,14.939370408653847,0.0
3,0,447,955320883891,14.950810106968024,nan
3,3,447,956050342912,14.962226169871796,0.0
3,0,448,956782911783,14.97369090205266,nan
3,3,448,957515935744,14.985162756410256,0.0
3,0,449,958922903600,15.007181859725561,nan
3,3,449,959653911040,15.018622155448718,0.0
3,0,450,960384779955,15.030060283250075,nan
3,3,450,961114427904,15.041479302884616,0.0
3,0,451,961846726960,15.052939812449921,nan
3,3,451,962579777536,15.064412083333334,0.0
3,0,452,963314774963,15.075914822512896,nan
3,3,452,964045596160,15.087352203525642,0.0
3,0,453,965448878764,15.1093136324995,nan
3,0,454,966840482193,15.131092281916692,nan
3,3,453,967570886144,15.142523133012821,0.0
3,0,455,968975076496,15.164498768279246,nan
3,3,454,969709156864,15.175987155448718,0.0
3,0,456,970442718976,15.187467431891026,nan
3,3,455,971175230976,15.198931274038461,0.0
3,0,457,971910061949,15.210431408206256,nan
3,3,456,972641384960,15.221876642628205,0.0
3,0,458,973371800572,15.233307676219452,nan
3,3,457,974102360064,15.244740961538461,0.0
3,0,459,975505571082,15.266701270188552,nan
3,3,458,976234813952,15.278113950320513,0.0
3,0,460,976966714755,15.289568227210411,nan
3,3,459,977701026304,15.301060232371796,0.0
3,0,461,978433389560,15.312521746669672,nan
3,3,460,979167689216,15.324013565705128,0.0
3,0,462,980572880634,15.346004867694562,nan
3,3,461,981306448384,15.357485232371795,0.0
3,0,463,982040051050,15.368966143485828,nan
3,3,462,982772718592,15.380432419871795,0.0
3,0,464,983507832809,15.391936986819537,nan
3,3,463,984238923264,15.40337858173077,0.0
3,0,465,984969596514,15.414813647367037,nan
3,3,464,985699749376,15.426240568910258,0.0
3,0,466,986431161049,15.437687190896058,nan
3,3,465,987160485376,15.449101145833334,0.0
3,0,467,988565258724,15.471085905010517,nan
3,3,466,989299769344,15.482581025641027,0.0
3,0,468,990032543832,15.494048975736177,nan
3,3,467,990766337024,15.505532868589745,0.0
3,0,469,991499690189,15.517009875003131,nan
3,3,468,992232363520,15.52847624198718,0.0
3,0,470,992967422782,15.53997994888697,nan
3,3,469,993698225664,15.55141704326923,0.0
3,0,471,994429480380,15.562861208871695,nan
3,3,470,995830995456,15.58479497596154,0.0
3,0,472,996564729542,15.596277943803837,nan
3,3,471,997296547328,15.60773092147436,0.0
3,0,473,998026981689,15.619162248488207,nan
3,3,472,998757079040,15.630588301282051,0.0
3,0,474,999488898497,15.642041305103792,nan
3,3,473,1000222882816,15.653528189102564,0.0
3,0,475,1000956277806,15.665005850078877,nan
3,3,474,1001688776704,15.676469487179487,0.0
3,0,476,1003090393397,15.698404844579452,nan
3,3,475,1003820885504,15.709837075320513,0.0
3,0,477,1004552250285,15.721282963444636,nan
3,3,476,1005286196736,15.732769254807693,0.0
3,0,478,1006019629081,15.744247500391252,nan
3,3,477,1006751230976,15.755697099358974,0.0
3,0,479,1007481582222,15.767127125619743,nan
3,3,478,1008887869952,15.789135584935899,0.0
3,0,480,1009621692810,15.800619942063552,nan
3,3,479,1010353362432,15.812070600961539,0.0
3,0,481,1011083844108,15.823502668457031,nan
3,3,480,1011813730816,15.834925424679488,0.0
3,0,482,1012546023547,15.846385835258289,nan
3,3,481,1013279063040,15.857857932692308,0.0
3,0,483,1014013602032,15.869353497345754,nan
3,3,482,1014744567296,15.880793133012821,0.0
3,0,484,1015476458342,15.892247257205279,nan
3,3,483,1016210108928,15.90372891826923,0.0
3,0,485,1017616709211,15.925742269052359,nan
3,3,484,1018347999232,15.937186987179487,0.0
3,0,486,1019078834388,15.948624586651142,nan
3,3,485,1019808421376,15.96004265224359,0.0
3,0,487,1020540670796,15.971502385003506,nan
3,3,486,1021274004992,15.982979094551283,0.0
3,0,488,1022007958972,15.99446550374349,nan
3,3,487,1023411842560,16.016436338141027,0.0
3,0,489,1024142090430,16.027864746563253,nan
3,3,488,1024872400384,16.039294126602563,0.0
3,0,490,1025603719480,16.050739299754607,nan
3,3,489,1026333162496,16.062155112179486,0.0
3,0,491,1027065807284,16.073621032464445,nan
3,3,490,1027799217152,16.08509892628205,0.0
3,0,492,1028533259806,16.09658672322591,nan
3,3,491,1029265242624,16.108042283653848,0.0
3,0,493,1030667439904,16.12998672726362,nan
3,3,492,1031397865984,16.141417924679487,0.0
3,0,494,1032128785299,16.152856841242865,nan
3,3,493,1032858037248,16.16426966346154,0.0
3,0,495,1033590539271,16.175733349468526,nan
3,3,494,1034324402176,16.187218333333334,0.0
3,0,496,1035058223740,16.198702670209837,nan
3,3,495,1035790354944,16.210160552884616,0.0
3,0,497,1036520565997,16.221588385119315,nan
3,3,496,1037922956800,16.243535857371796,0.0
3,0,498,1038655227385,16.25499592136481,nan
3,3,497,1039388265984,16.26646800480769,0.0
3,0,499,1040122495080,16.277958719576322,nan
3,3,498,1040853317632,16.289396121794873,0.0
3,0,500,1041584226515,16.30083487509703,nan
3,3,499,1042312727040,16.3122359375,0.0
3,0,501,1043046591809,16.323720950536483,nan
3,3,500,1043778148352,16.33516983974359,0.0
3,0,502,1045180750402,16.357120618020083,nan
3,3,501,1045910468096,16.368540729166668,0.0
3,0,503,1046642593477,16.379998520711265,nan
3,3,502,1047375943168,16.39147547275641,0.0
3,0,504,1048109849891,16.402961142374675,nan
3,3,503,1048841376768,16.414409567307693,0.0
3,0,505,1050243644470,16.43635511302459,nan
3,3,504,1050973089792,16.447770961538463,0.0
3,0,506,1051705058968,16.45922630846855,nan
3,3,505,1052438326272,16.470701971153847,0.0
3,0,507,1053172296455,16.482188633923652,nan
3,3,506,1053903940096,16.493638886217948,0.0
3,0,508,1054634075001,16.5050655267334,nan
3,3,507,1055364072448,16.516490016025642,0.0
3,0,509,1056094895611,16.527927427806365,nan
3,3,508,1056824155136,16.539340368589745,0.0
3,0,510,1058228520176,16.561318737730367,nan
3,3,509,1058961960448,16.572797107371795,0.0
3,0,511,1059696058708,16.584285774551784,nan
3,3,510,1060426785792,16.595721682692307,0.0
3,0,512,1061158170057,16.607167875741812,nan
3,3,511,1061891463168,16.618643942307692,0.0
3,0,513,1062625277494,16.630128165909206,nan
3,3,512,1063356363264,16.6415696875,0.0
3,0,514,1064759460655,16.663528217882988,nan
3,3,513,1065492835328,16.675005560897436,0.0
3,0,515,1066226489246,16.68648727410732,nan
3,3,514,1066957619200,16.697929487179486,0.0
3,0,516,1067688099850,16.70936153861804,nan
3,3,515,1069093865984,16.7313618349359,0.0
3,0,517,1069827573500,16.74284438695663,nan
3,3,516,1070558370304,16.75428138621795,0.0
3,0,518,1071288409968,16.765706536207933,nan
3,3,517,1072017634816,16.777118934294872,0.0
3,0,519,1072749912047,16.78857910229805,nan
3,3,518,1073483046400,16.800052684294872,0.0
3,0,520,1074217036366,16.81153965666942,nan
3,3,519,1074948400128,16.822985528846154,0.0
3,0,521,1076351029057,16.844936727780073,nan
3,3,520,1077079567872,16.856338389423076,0.0
3,0,522,1077813121472,16.867818532652244,nan
3,3,521,1078544449536,16.879263846153847,0.0
3,0,523,1079275055140,16.890697853127506,nan
3,3,522,1080003985920,16.90210564903846,0.0
3,0,524,1080737081497,16.913578624189327,nan
3,3,523,1082141789696,16.93556236378205,0.0
3,0,525,1082873472395,16.947013227335614,nan
3,0,526,1082922103645,16.94777430834648,nan
3,3,524,1083660640256,16.959332435897437,0.0
3,0,527,1084392445373,16.970785215297603,nan
3,3,525,1085126156288,16.98226782051282,0.0
3,0,528,1085860198937,16.99375561737843,nan
3,3,526,1086592162816,17.005210881410257,0.0
3,0,529,1087322397328,17.016639080779246,nan
3,3,527,1088052358656,17.02806300480769,0.0
3,0,530,1088784492284,17.03952092541817,nan
3,3,528,1089517919744,17.050999094551283,0.0
3,0,531,1090252156262,17.06248992547451,nan
3,3,529,1091655548928,17.084453076923076,0.0
3,0,532,1092386517588,17.09589276573768,nan
3,3,530,1093115992576,17.107309078525642,0.0
3,0,533,1093848100039,17.11876658965282,nan
3,3,531,1094581471232,17.13024387820513,0.0
3,0,534,1095315729717,17.141735052912786,nan
3,3,532,1096047330304,17.153184631410255,0.0
3,0,535,1096778596235,17.16462897252792,nan
3,3,533,1098179974656,17.18656060096154,0.0
3,0,536,1098912816256,17.19802960136218,nan
3,3,534,1099645924864,17.20950278044872,0.0
3,0,537,1100380253413,17.220995051660783,nan
3,3,535,1101111527424,17.23243951923077,0.0
3,0,538,1101841808725,17.243868450849483,nan
3,3,536,1102571294720,17.255284935897436,0.0
3,0,539,1103303352254,17.266741665633763,nan
3,3,537,1104036505088,17.278215536858976,0.0
3,0,540,1104770925599,17.289709247280022,nan
3,3,538,1106173561856,17.311660560897437,0.0
3,0,541,1106905593095,17.32311687911596,nan
3,3,539,1107638956032,17.33459403846154,0.0
3,0,542,1108373042041,17.346082513912886,nan
3,3,540,1109104504832,17.357529935897436,0.0
3,0,543,1110507833440,17.37949208483574,nan
3,3,541,1111236953088,17.390902836538462,0.0
3,0,544,1111969978050,17.402374706561748,nan
3,3,542,1112702618624,17.413840560897437,0.0
3,0,545,1113432038199,17.425256006469727,nan
3,3,543,1114163013632,17.436695801282053,0.0
3,0,546,1114893478814,17.448127610645784,nan
3,3,544,1115623549440,17.459553245192307,0.0
3,0,547,1116355056141,17.471001354370117,nan
3,3,545,1117756525056,17.49293439903846,0.0
3,0,548,1118489350395,17.504403144953802,nan
3,3,546,1119222348800,17.515874599358973,0.0
3,0,549,1119956304727,17.52736103902181,nan
3,3,547,1120688365056,17.5388178125,0.0
3,0,550,1121418301895,17.550241353274615,nan
3,3,548,1122149021696,17.561677147435898,0.0
3,0,551,1122880458285,17.5731241593581,nan
3,3,549,1123609371648,17.584531682692308,0.0
3,0,552,1124342195852,17.59600041084485,nan
3,3,550,1125747400192,17.617991915064103,0.0
3,0,553,1126476616065,17.62940417269193,nan
3,3,551,1127207575040,17.640843709935897,0.0
3,0,554,1127938625014,17.652284671317858,nan
3,3,552,1128668496896,17.66370719551282,0.0
3,0,555,1129401183306,17.675173767183743,nan
3,3,553,1130134463488,17.68664963141026,0.0
3,0,556,1131541905723,17.708676158775916,nan
3,3,554,1132272756224,17.720113998397437,0.0
3,0,557,1133004319646,17.731562995261168,nan
3,3,555,1133733309952,17.742971722756412,0.0
3,0,558,1134466854920,17.75445173089443,nan
3,3,556,1135199263232,17.765913950320513,0.0
3,0,559,1135929122410,17.777336275697365,nan
3,3,557,1136659713024,17.788770048076923,0.0
3,0,560,1138064159572,17.810749692821013,nan
3,3,558,1138798360576,17.82223996794872,0.0
3,0,561,1139531892161,17.833719766642254,nan
3,3,559,1140263835136,17.845174703525643,0.0
3,0,562,1140994450459,17.856608862602037,nan
3,3,560,1141724043776,17.868027027243592,0.0
3,0,563,1142457162367,17.879500362564478,nan
3,3,561,1143189728768,17.890965056089744,0.0
3,0,564,1143919704806,17.90238921033028,nan
3,3,562,1144649935360,17.91381734775641,0.0
3,0,565,1145382092098,17.925275630039312,nan
3,3,563,1146787325440,17.947267588141028,0.0
3,0,566,1147517109811,17.95868874278533,nan
3,3,564,1148247554560,17.970120232371794,0.0
3,0,567,1149652137750,17.992102015568662,nan
3,3,565,1150385371136,18.003577147435898,0.0
3,0,568,1151120144242,18.015076375982822,nan
3,3,566,1151850554368,18.02650732371795,0.0
3,0,569,1152582410206,18.037960896903797,nan
3,3,567,1153315728384,18.049437355769232,0.0
3,0,570,1154050006078,18.060928831098508,nan
3,3,568,1154781687296,18.07237967147436,0.0
3,0,571,1155512134835,18.083811204724434,nan
3,3,569,1156242218496,18.095237043269233,0.0
3,0,572,1156974470408,18.106696815029046,nan
3,3,570,1157708386304,18.11818262820513,0.0
3,0,573,1159115295209,18.14020080893492,nan
3,3,571,1159847342080,18.151657371794872,0.0
3,0,574,1160577421391,18.163083142261996,nan
3,3,572,1161308058112,18.17451763621795,0.0
3,0,575,1162039343282,18.185962278426732,nan
3,3,573,1162768381440,18.197371754807694,0.0
3,0,576,1163501397778,18.208843489865036,nan
3,3,574,1164234221568,18.220312211538463,0.0
3,0,577,1164968604539,18.231805334457007,nan
3,3,575,1165700587520,18.2432608974359,0.0
3,0,578,1167103165531,18.26521129950108,nan
3,3,576,1167833551872,18.276641875,0.0
3,0,579,1168564777144,18.288085579802686,nan
3,3,577,1169293871104,18.29949592948718,0.0
3,0,580,1170026928926,18.310968313770783,nan
3,3,578,1171431419904,18.332948653846156,0.0
3,0,581,1172161827328,18.34437955929487,nan
3,3,579,1172891837952,18.355804254807694,0.0
3,0,582,1173623886453,18.36726084317721,nan
3,3,580,1174357647872,18.37874423878205,0.0
3,0,583,1175091579073,18.390230291482,nan
3,3,581,1175823400960,18.401683333333335,0.0
3,0,584,1177226976171,18.423649341618464,nan
3,3,582,1177955650560,18.435053125,0.0
3,0,585,1178689367049,18.44653581744854,nan
3,3,583,1179421204480,18.457989102564103,0.0
3,0,586,1180151844461,18.469423647539188,nan
3,3,584,1180881001472,18.480834983974358,0.0
3,0,587,1181614548176,18.49231501928085,nan
3,3,585,1183019405312,18.51430108974359,0.0
3,0,588,1183754001839,18.52579755482209,nan
3,3,586,1184485926400,18.537252203525643,0.0
3,0,589,1185215610380,18.548671787046775,nan
3,3,587,1185946642944,18.56011247596154,0.0
3,0,590,1186677606526,18.57155208530524,nan
3,3,588,1187407598080,18.582976482371794,0.0
3,0,591,1188139228893,18.594426533907377,nan
3,3,589,1188868796416,18.605844294871794,0.0
3,0,592,1189601170245,18.617305974637546,nan
3,3,590,1190334955008,18.628789735576923,0.0
3,0,593,1191741210650,18.650797692714594,nan
3,3,591,1192473250304,18.662254142628207,0.0
3,0,594,1193203103359,18.673676372179862,nan
3,3,592,1193933601792,18.685108701923077,0.0
3,0,595,1194665199841,18.696558240700746,nan
3,3,593,1195393837056,18.707961442307692,0.0
3,0,596,1196127209278,18.719438746963892,nan
3,3,594,1196859956224,18.73090626602564,0.0
3,0,597,1197589271968,18.74232008663862,nan
3,3,595,1198992817152,18.764285625,0.0
3,0,598,1199723635330,18.775722958765275,nan
3,3,596,1200453614080,18.787147155448718,0.0
3,0,599,1201185215214,18.79859674250676,nan
3,3,597,1201914388480,18.810008333333332,0.0
3,0,600,1202647281993,18.821478146174506,nan
3,3,598,1203380725248,18.8329565625,0.0
3,0,601,1204114726311,18.844443708543043,nan
3,3,599,1204847561728,18.855912612179488,0.0
3,0,602,1205581244932,18.867394783716446,nan
3,3,600,1206986339328,18.889384567307694,0.0
3,0,603,1207720534743,18.900874754967322,nan
3,3,601,1208452715008,18.91233340544872,0.0
3,0,604,1209182321980,18.923751783791566,nan
3,3,602,1209913401856,18.935193213141027,0.0
3,0,605,1210644030889,18.946627586779474,nan
3,3,603,1211374611968,18.9580612099359,0.0
3,0,606,1212105731075,18.96950325325208,nan
3,3,604,1213507950080,18.991448036858976,0.0
3,0,607,1214239388906,19.002895083790314,nan
3,3,605,1214968793600,19.01431029647436,0.0
3,0,608,1215700798276,19.025766198980868,nan
3,3,606,1216435305472,19.03726126602564,0.0
3,0,609,1217167984553,19.04872772299742,nan
3,3,607,1218574844928,19.07074514423077,0.0
3,0,610,1219307828351,19.082216364167042,nan
3,3,608,1220041321472,19.093695560897437,0.0
3,0,611,1220774734035,19.105173496891904,nan
3,3,609,1221508073472,19.11665028846154,0.0
3,0,612,1222240543031,19.128113466405626,nan
3,3,610,1222974733312,19.13960357371795,0.0
3,0,613,1223707275149,19.15106788281563,nan
3,3,611,1224441027072,19.162551129807692,0.0
3,0,614,1225846695537,19.184549897601787,nan
3,3,612,1226580221440,19.196029607371795,0.0
3,0,615,1227313540811,19.207506084907727,nan
3,3,613,1228046385664,19.21897513621795,0.0
3,0,616,1228780399919,19.23046248871632,nan
3,3,614,1229512654848,19.24192230769231,0.0
3,0,617,1230242169739,19.25333924496382,nan
3,3,615,1230973473792,19.26478418269231,0.0
3,0,618,1231703814648,19.27621404634916,nan
3,3,616,1233106674176,19.29816885416667,0.0
3,0,619,1233838471377,19.309621509681115,nan
3,3,617,1234572789760,19.321113621794872,0.0
3,0,620,1235305683249,19.332583434260442,nan
3,3,618,1236038718464,19.34405546474359,0.0
3,0,621,1236773335949,19.35555225781563,nan
3,3,619,1237504717824,19.366998413461538,0.0
3,0,622,1238234994681,19.378427275531475,nan
3,3,620,1238965155328,19.389854318910256,0.0
3,0,623,1239697172572,19.401310418106473,nan
3,3,621,1241102592000,19.42330528846154,0.0
3,0,624,1241837637426,19.434808778827374,nan
3,3,622,1242567879168,19.446237091346156,0.0
3,0,625,1243299893140,19.457693139335436,nan
3,3,623,1244032798720,19.469163141025643,0.0
3,0,626,1244767896047,19.480667443644208,nan
3,3,624,1245497712640,19.492089102564105,0.0
3,0,627,1246230185045,19.503552325048204,nan
3,3,625,1246963740672,19.5150325,0.0
3,0,628,1247697667256,19.52651848044371,nan
3,3,626,1248430117376,19.537981354166668,0.0
3,0,629,1249832156578,19.55992332384941,nan
3,3,627,1250563389952,19.57136715544872,0.0
3,0,630,1251294356481,19.582806810913088,nan
3,3,628,1252023345152,19.594215512820515,0.0
3,0,631,1252756427365,19.605688278824243,nan
3,3,629,1253488896000,19.617151442307694,0.0
3,0,632,1254223903433,19.628654338081557,nan
3,3,630,1254954924032,19.64009483974359,0.0
3,0,633,1255686059821,19.65153714413374,nan
3,3,631,1257087324672,19.673466995192307,0.0
3,0,634,1257820293143,19.68493798112918,nan
3,3,632,1258552798720,19.69640172275641,0.0
3,0,635,1259287447169,19.70789900041629,nan
3,3,633,1260018659328,19.7193425,0.0
3,0,636,1260749313241,19.730777263011444,nan
3,3,634,1262151452672,19.752720801282052,0.0
3,0,637,1262884066237,19.764186232925805,nan
3,3,635,1263617246720,19.775660536858975,0.0
3,0,638,1264351266841,19.787147981160484,nan
3,3,636,1265083661312,19.79860998397436,0.0
3,0,639,1265813493376,19.810031885016027,nan
3,3,637,1266544744448,19.821475993589743,0.0
3,0,640,1267947877743,19.84343508587177,nan
3,3,638,1268678310912,19.85486639423077,0.0
3,0,641,1269409424338,19.866308348639073,nan
3,3,639,1270138880512,19.87772436698718,0.0
3,0,642,1270871324725,19.88918714826535,nan
3,3,640,1271605344768,19.900674591346153,0.0
3,0,643,1272338898581,19.91215473790878,nan
3,3,641,1273071890944,19.92362609775641,0.0
3,0,644,1273806628597,19.935124771462466,nan
3,3,642,1274538398208,19.94657699519231,0.0
3,0,645,1275268634462,19.95800522182367,nan
3,3,643,1275998827008,19.96943276442308,0.0
3,0,646,1277403023436,19.991408494779147,nan
3,3,644,1278136744448,20.00289125801282,0.0
3,0,647,1278870471337,20.01437411322178,nan
3,3,645,1279602257408,20.025826594551283,0.0
3,0,648,1280331891457,20.037245396650267,nan
3,3,646,1281062629888,20.048681482371794,0.0
3,0,649,1281793499502,20.06011962111253,nan
3,3,647,1282523036160,20.071536899038463,0.0
3,0,650,1283927964255,20.093524080012397,nan
3,3,648,1284661236736,20.10499982371795,0.0
3,0,651,1285395316937,20.116488208273864,nan
3,3,649,1286126903296,20.127937564102563,0.0
3,0,652,1286857448229,20.139370621572642,nan
3,3,650,1287587762688,20.150800072115384,0.0
3,0,653,1288318918537,20.16224269044534,nan
3,3,651,1289720020992,20.18417,0.0
3,0,654,1290453017205,20.195641420100287,nan
3,3,652,1291185428480,20.207103685897437,0.0
3,0,655,1291914954967,20.21852080464681,nan
3,3,653,1292645896192,20.229960064102563,0.0
3,0,656,1293377259840,20.241405934495194,nan
3,3,654,1294106104832,20.252812387820512,0.0
3,0,657,1294839083956,20.264283540477265,nan
3,3,655,1295571718656,20.275749302884616,0.0
3,0,658,1296306568718,20.287249735796024,nan
3,3,656,1297709279232,20.309202211538462,0.0
3,0,659,1298441338101,20.320658962167595,nan
3,3,657,1299175301632,20.332145520833333,0.0
3,0,660,1299908236121,20.343615974950545,nan
3,3,658,1300641407488,20.35509013621795,0.0
3,0,661,1302046831677,20.377085081082857,nan
3,3,659,1302780553216,20.388567852564105,0.0
3,0,662,1303513548966,20.40003926541842,nan
3,3,660,1304247201792,20.41152096153846,0.0
3,0,663,1304980565752,20.42299813689403,nan
3,3,661,1305713469952,20.43446811698718,0.0
3,0,664,1306447737706,20.445959436755057,nan
3,3,662,1307179663360,20.457414102564105,0.0
3,0,665,1307909642706,20.46883830857497,nan
3,3,663,1309313202176,20.49080407051282,0.0
3,0,666,1310043342009,20.502230788151667,nan
3,3,664,1310774015488,20.513665857371794,0.0
3,0,667,1311504855839,20.52510353814541,nan
3,3,665,1312234439168,20.536521546474358,0.0
3,0,668,1312966381453,20.54797647255922,nan
3,3,666,1313700775936,20.559469775641027,0.0
3,0,669,1314433898483,20.570943172873474,nan
3,3,667,1315166740992,20.5824121875,0.0
3,0,670,1315901181517,20.59390621114095,nan
3,3,668,1317305071616,20.6158771474359,0.0
3,0,671,1318035443008,20.62730748898237,nan
3,3,669,1318765109760,20.638726802884616,0.0
3,0,672,1319496929194,20.650179806346404,nan
3,3,670,1320230835712,20.66166547275641,0.0
3,0,673,1320964538881,20.67314795674642,nan
3,3,671,1321696732160,20.684606810897435,0.0
3,0,674,1322426511473,20.69602788638384,nan
3,3,672,1323156849152,20.707457700320514,0.0
3,0,675,1323888345297,20.7189056442965,nan
3,3,673,1324617373184,20.7303149599359,0.0
3,0,676,1326022927808,20.75231194611378,nan
3,3,674,1326755482624,20.763776458333332,0.0
3,0,677,1327485112367,20.775195193043245,nan
3,3,675,1328215725056,20.786629310897435,0.0
3,0,678,1329620121362,20.808608169352215,nan
3,3,676,1330353714688,20.820088934294873,0.0
3,0,679,1331087720819,20.831576159652318,nan
3,3,677,1331819443712,20.84302765224359,0.0
3,0,680,1332550137823,20.854463044355345,nan
3,3,678,1333279872512,20.865883421474358,0.0
3,0,681,1334012065851,20.877342276564377,nan
3,3,679,1334745856512,20.888826129807693,0.0
3,0,682,1335479593125,20.90030913719764,nan
3,3,680,1336211577344,20.911764719551282,0.0
3,0,683,1337614586756,20.933721873059394,nan
3,3,681,1338344439296,20.94514409455128,0.0
3,0,684,1339076703224,20.95660405436198,nan
3,3,682,1339810844160,20.96809338942308,0.0
3,0,685,1340544324178,20.979572381090996,nan
3,3,683,1341276739584,20.99103471153846,0.0
3,0,686,1342006648002,21.00245780752329,nan
3,3,684,1343409540096,21.024413125000002,0.0
3,0,687,1344141234605,21.035864173380535,nan
3,3,685,1344870133760,21.047271474358975,0.0
3,0,688,1345603399188,21.058747107684795,nan
3,3,686,1346335628800,21.07020653044872,0.0
3,0,689,1347065404012,21.081627541754308,nan
3,3,687,1348468330496,21.103583397435898,0.0
3,0,690,1349200149846,21.115036399583083,nan
3,3,688,1349934166528,21.126523790064102,0.0
3,0,691,1350668274110,21.138012603133763,nan
3,3,689,1351400040448,21.149464775641025,0.0
3,0,692,1352130821686,21.16090153129382,nan
3,3,690,1352860128256,21.172315208333334,0.0
3,0,693,1353593118862,21.183786540683844,nan
3,3,691,1354325867520,21.195254086538462,0.0
3,0,694,1355733217648,21.217279172425883,nan
3,3,692,1356463437824,21.228707147435898,0.0
3,0,695,1357195497426,21.24016390953651,nan
3,3,693,1357929412608,21.251649711538462,0.0
3,0,696,1358663723571,21.263141707528924,nan
3,3,694,1359395248640,21.274590104166666,0.0
3,0,697,1360125756060,21.286022574556792,nan
3,3,695,1360854720512,21.2974308974359,0.0
3,0,698,1361587515142,21.30889916275416,nan
3,3,696,1362319644672,21.32035701923077,0.0
3,0,699,1363722338287,21.34230923050318,nan
3,3,697,1364452280832,21.353732860576923,0.0
3,0,700,1365185184847,21.365202837774817,nan
3,3,698,1365918605824,21.37668090544872,0.0
3,0,701,1366653006514,21.388174305670322,nan
3,3,699,1367385399808,21.3996362900641,0.0
3,0,702,1368787841937,21.421584565570537,nan
3,3,700,1369519579648,21.433036290064102,0.0
3,0,703,1370250206204,21.444470624937402,nan
3,3,701,1370980798464,21.455904423076923,0.0
3,0,704,1371712364646,21.467353463134767,nan
3,3,702,1372441925632,21.47877112179487,0.0
3,0,705,1373174764230,21.490240075214093,nan
3,3,703,1373908590080,21.50172447916667,0.0
3,0,706,1374642503455,21.513210252889,nan
3,3,704,1375375274496,21.52467814903846,0.0
3,0,707,1376105101184,21.536099965945514,nan
3,3,705,1377509367808,21.558076794871795,0.0
3,0,708,1378239988336,21.569511035406652,nan
3,3,706,1378970785280,21.580948036858974,0.0
3,0,709,1379702181074,21.592394410337793,nan
3,3,707,1380431983616,21.603815849358973,0.0
3,0,710,1381163744568,21.61526793757512,nan
3,3,708,1381893606912,21.6266903125,0.0
3,0,711,1383297892904,21.648667444536258,nan
3,3,709,1384027477504,21.66008547275641,0.0
3,0,712,1384759808144,21.67154647661258,nan
3,3,710,1385494262272,21.683040713141025,0.0
3,0,713,1386227299560,21.694512776066706,nan
3,3,711,1386960885248,21.70599342147436,0.0
3,0,714,1387695037249,21.717482929703152,nan
3,3,712,1388427588096,21.728947379807693,0.0
3,0,715,1389830271538,21.750899431872245,nan
3,3,713,1390560688128,21.762330480769233,0.0
3,0,716,1391293049479,21.773791965253782,nan
3,3,714,1392026629632,21.78527252403846,0.0
3,0,717,1392761009893,21.7967656045454,nan
3,3,715,1393492405248,21.808211971153845,0.0
3,0,718,1394223353159,21.81965133524577,nan
3,3,716,1394953086976,21.83107169871795,0.0
3,0,719,1395685691835,21.842536994112457,nan
3,3,717,1396419108352,21.85401499198718,0.0
3,0,720,1397825793679,21.876029673712317,nan
3,3,718,1398557185024,21.887475977564105,0.0
3,0,721,1399287511796,21.898905620805788,nan
3,3,719,1400017366528,21.910327876602565,0.0
3,0,722,1400749692250,21.921788803491836,nan
3,3,720,1401482885632,21.933263309294873,0.0
3,0,723,1402217253307,21.944756192830404,nan
3,3,721,1403625199104,21.966790600961538,0.0
3,0,724,1404357437078,21.978250154591095,nan
3,3,722,1405090610176,21.98972434294872,0.0
3,0,725,1405824421108,22.001208513433994,nan
3,3,723,1406556390400,22.012663862179487,0.0
3,0,726,1407958438871,22.034605976922453,nan
3,3,724,1408689258496,22.046043333333333,0.0
3,0,727,1409420467267,22.057486779894706,nan
3,3,725,1410149711360,22.068899479166667,0.0
3,0,728,1410882486957,22.080367446617714,nan
3,3,726,1411615662080,22.091841666666667,0.0
3,0,729,1412350401275,22.103340364505083,nan
3,3,727,1413081635328,22.11478420673077,0.0
3,0,730,1413812404580,22.126220774802185,nan
3,3,728,1414541754880,22.13763513621795,0.0
3,0,731,1415947275847,22.159631595662436,nan
3,3,729,1416679217152,22.17108650641026,0.0
3,0,732,1417409436334,22.182514465864134,nan
3,3,730,1418139255808,22.193936169871794,0.0
3,0,733,1418871402763,22.205394299050358,nan
3,3,731,1420276500992,22.227384142628207,0.0
3,0,734,1421006304753,22.23880560072679,nan
3,3,732,1421735972864,22.250224935897435,0.0
3,0,735,1422468576332,22.261690209522737,nan
3,3,733,1423201178112,22.27315545673077,0.0
3,0,736,1423930617526,22.284571212784204,nan
3,3,734,1424661034496,22.296002267628207,0.0
3,0,737,1425392484121,22.30744948356433,nan
3,3,735,1426121163776,22.318853349358974,0.0
3,0,738,1426853692282,22.330317449825973,nan
3,3,736,1428258642432,22.352304975961538,0.0
3,0,739,1428987921506,22.363718222687552,nan
3,3,737,1429718680064,22.375154623397435,0.0
3,0,740,1430449768638,22.386596188870943,nan
3,3,738,1431179292672,22.39801326923077,0.0
3,0,741,1431911576360,22.40947353828626,nan
3,3,739,1432645062144,22.42095262019231,0.0
3,0,742,1433378859899,22.432436584457008,nan
3,3,740,1434111093760,22.443896073717948,0.0
3,0,743,1434841065951,22.45532016775278,nan
3,3,741,1436243759616,22.477272379807694,0.0
3,0,744,1436975531210,22.488724634571565,nan
3,3,742,1437704510464,22.500133189102566,0.0
3,0,745,1438437765933,22.511608666569636,nan
3,3,743,1439170368512,22.523073926282052,0.0
3,0,746,1440578055680,22.545104286858976,nan
3,3,744,1441308919808,22.55654233974359,0.0
3,0,747,1442040589915,22.56799300623185,nan
3,3,745,1442769809408,22.579405320512823,0.0
3,0,748,1443502543039,22.590872631194287,nan
3,3,746,1444235428864,22.60234232371795,0.0
3,0,749,1444970014998,22.613838626145583,nan
3,3,747,1445700670464,22.62527341346154,0.0
3,0,750,1446432329076,22.636723900052584,nan
3,3,748,1447161265664,22.648131786858976,0.0
3,0,751,1448566962770,22.670131002885867,nan
3,3,749,1449299404288,22.68159374198718,0.0
3,0,752,1450034305720,22.693094978841145,nan
3,3,750,1450764491264,22.704522411858974,0.0
3,0,753,1451496597255,22.715979899949293,nan
3,3,751,1452229620224,22.72745173878205,0.0
3,0,754,1452963687787,22.73893992555276,nan
3,3,752,1453694861312,22.750382820512822,0.0
3,0,755,1454425316799,22.761814478149414,nan
3,3,753,1455154295296,22.773223020833335,0.0
3,0,756,1456559214239,22.7952100585781,nan
3,3,754,1457290892800,22.806660857371796,0.0
3,0,757,1458020831993,22.818084434986606,nan
3,3,755,1459422698496,22.840023701923077,0.0
3,0,758,1460155297241,22.85148890163324,nan
3,3,756,1460888299520,22.862960416666667,0.0
3,0,759,1461623015991,22.874458758873573,nan
3,3,757,1462353708544,22.885894126602565,0.0
3,0,760,1463084936852,22.89733787891877,nan
3,3,758,1463813766144,22.908744086538462,0.0
3,0,761,1464546828527,22.9202165422019,nan
3,3,759,1465279214592,22.93167841346154,0.0
3,0,762,1466008705355,22.943094973128883,nan
3,3,760,1467410639872,22.96503530448718,0.0
3,0,763,1468143371323,22.97650258105156,nan
3,3,761,1468875788800,22.987964943910256,0.0
3,0,764,1469605008527,22.99937726185334,nan
3,3,762,1470335747072,23.010813349358976,0.0
3,0,765,1471067156204,23.022259931578027,nan
3,3,763,1471801055744,23.033745488782053,0.0
3,0,766,1472534612801,23.045225686113408,nan
3,3,764,1473266445824,23.05667890224359,0.0
3,0,767,1473996546986,23.068105014679738,nan
3,3,765,1475397921792,23.090036586538464,0.0
3,0,768,1476131418745,23.10151584323981,nan
3,3,766,1476863422976,23.11297173878205,0.0
3,0,769,1477593357009,23.124395235642655,nan
3,3,767,1478323342336,23.13581953525641,0.0
3,0,770,1479055652153,23.147280213231795,nan
3,3,768,1479789131264,23.15875919070513,0.0
3,0,771,1480523072905,23.17024540679149,nan
3,3,769,1481255350272,23.18170557692308,0.0
3,0,772,1481984716781,23.19312019201034,nan
3,3,770,1483388132864,23.215083709935897,0.0
3,0,773,1484119220930,23.226525267459184,nan
3,3,771,1484848821248,23.237943541666667,0.0
3,0,774,1485581503775,23.249410052568486,nan
3,3,772,1486314534912,23.26088201923077,0.0
3,0,775,1487048859000,23.272374220628006,nan
3,3,773,1487780154880,23.28381903044872,0.0
3,0,776,1488510752205,23.295252907855694,nan
3,3,774,1489912684544,23.317193205128206,0.0
3,0,777,1490646025897,23.32867002668332,nan
3,0,778,1490694615675,23.329430458655725,nan
3,3,775,1491431791104,23.340967283653846,0.0
3,0,779,1492163703994,23.35242174970578,nan
3,3,776,1492897505792,23.36390577724359,0.0
3,0,780,1493631262476,23.375389098745494,nan
3,3,777,1494363219968,23.386844262820514,0.0
3,0,781,1495093223788,23.39826885185046,nan
3,3,778,1495823489024,23.409697532051283,0.0
3,0,782,1496555053001,23.421146537600787,nan
3,3,779,1497283985920,23.43255436698718,0.0
3,0,783,1498689952426,23.454557799134868,nan
3,3,780,1499421778944,23.466010913461538,0.0
3,0,784,1500151719677,23.47743451517741,nan
3,3,781,1500882778112,23.48887560897436,0.0
3,0,785,1501614010712,23.50031942846054,nan
3,3,782,1502343895040,23.5117421474359,0.0
3,0,786,1503076552645,23.523208268307418,nan
3,3,783,1503810402816,23.534693052884617,0.0
3,0,787,1504544007181,23.546173990588066,nan
3,3,784,1505276707328,23.55764077724359,0.0
3,0,788,1506011518568,23.569140602589144,nan
3,3,785,1507415157760,23.59110761217949,0.0
3,0,789,1508145765693,23.60254165560209,nan
3,3,786,1508876132352,23.613971923076924,0.0
3,0,790,1509606848919,23.62540766662598,nan
3,3,787,1510336779776,23.63683111378205,0.0
3,0,791,1511068169211,23.64827738774226,nan
3,3,788,1511797911552,23.659697884615387,0.0
3,0,792,1512529432152,23.6711462113131,nan
3,3,789,1513930894336,23.693079150641026,0.0
3,0,793,1514663319346,23.70454163139148,nan
3,3,790,1515397459968,23.71603096153846,0.0
3,0,794,1516130587014,23.72750442918044,nan
3,3,791,1516863496704,23.73897449519231,0.0
3,0,795,1517598264793,23.750473645222982,nan
3,3,792,1518329626112,23.761919479166668,0.0
3,0,796,1519060446270,23.77335684391902,nan
3,3,793,1519790695424,23.784785272435897,0.0
3,0,797,1520522683023,23.796240907686673,nan
3,3,794,1521256763392,23.807729294871795,0.0
3,0,798,1521990525663,23.81921270381047,nan
3,3,795,1523393861632,23.841174967948717,0.0
3,0,799,1524125188537,23.852620263311923,nan
3,3,796,1524859454464,23.86411155448718,0.0
3,0,800,1525592523274,23.875584110733424,nan
3,3,797,1526325296128,23.88705203525641,0.0
3,0,801,1527059629148,23.898544376439805,nan
3,3,798,1527791513088,23.909998389423077,0.0
3,0,802,1529193022780,23.931932072253105,nan
3,3,799,1529924320256,23.94337690705128,0.0
3,0,803,1530654860689,23.95480989409618,nan
3,3,800,1531384488960,23.96622860576923,0.0
3,0,804,1532116906994,23.977690977345002,nan
3,3,801,1532849672704,23.989158790064103,0.0
3,0,805,1533579165252,24.000575377666767,nan
3,3,802,1534309688832,24.012008100961538,0.0
3,0,806,1535041246889,24.023457013862807,nan
3,3,803,1535775234560,24.034943950320514,0.0
3,0,807,1536508108020,24.046413449331432,nan
3,3,804,1537912664064,24.068394807692307,0.0
3,0,808,1538642813394,24.079821673959586,nan
3,3,805,1539372779008,24.091245665064104,0.0
3,0,809,1540104614948,24.102698926845452,nan
3,3,806,1540838284800,24.11418088942308,0.0
3,0,810,1541572185212,24.12566646027394,nan
3,3,807,1542976188928,24.147639174679487,0.0
3,0,811,1543706601292,24.159070157439405,nan
3,3,808,1544437237248,24.17050463942308,0.0
3,0,812,1545168661934,24.181951465062852,nan
3,3,809,1545898112000,24.193367387820512,0.0
3,0,813,1546630878208,24.204835208333336,nan
3,3,810,1547364070912,24.216309703525642,0.0
3,0,814,1548098452049,24.22780279774201,nan
3,3,811,1549502848512,24.24978165865385,0.0
3,0,815,1550233399084,24.2612148043745,nan
3,3,812,1550963757056,24.272644935897436,0.0
3,0,816,1551695698812,24.284099853703427,nan
3,3,813,1552424892416,24.295511762820514,0.0
3,0,817,1553158519259,24.306993052305565,nan
3,3,814,1553891526144,24.318464639423077,0.0
3,0,818,1554626522669,24.329967364486304,nan
3,3,815,1555357811712,24.341412067307694,0.0
3,0,819,1556088516226,24.352847622226815,nan
3,3,816,1557491532288,24.374804879807694,0.0
3,0,820,1558223873878,24.3862660550318,nan
3,3,817,1558957515776,24.397747580128208,0.0
3,0,821,1559692003252,24.409242338554186,nan
3,3,818,1560423993344,24.420698012820512,0.0
3,0,822,1561154638854,24.43213264432467,nan
3,3,819,1561884563456,24.443555993589744,0.0
3,0,823,1562617121368,24.455020554261818,nan
3,3,820,1563350589440,24.46649935897436,0.0
3,0,824,1564084816567,24.47799004292806,nan
3,3,821,1565488144384,24.49995217948718,0.0
3,0,825,1566219276148,24.511394420885917,nan
3,3,822,1566947737600,24.522794871794872,0.0
3,0,826,1567681152976,24.5342728518129,nan
3,3,823,1568413053952,24.545727131410256,0.0
3,0,827,1569143506987,24.55715875067295,nan
3,3,824,1569872872448,24.568573349358974,0.0
3,0,828,1570605091966,24.580032614151392,nan
3,3,825,1572010505728,24.602027395833336,0.0
3,0,829,1572745022797,24.613522617390952,nan
3,3,826,1573476113408,24.624964214743592,0.0
3,0,830,1574206484383,24.636394549764,nan
3,3,827,1574936329728,24.64781665865385,0.0
3,0,831,1575667817463,24.659264471012996,nan
3,3,828,1576396668416,24.670671017628205,0.0
3,0,832,1577129330764,24.682137212727866,nan
3,3,829,1577862484480,24.69361109775641,0.0
3,0,833,1579268299026,24.71561215172401,nan
3,3,830,1580001367040,24.727084695512822,0.0
3,0,834,1580735018856,24.738566375826323,nan
3,3,831,1581467766784,24.750033910256413,0.0
3,0,835,1582202176437,24.761527450749323,nan
3,3,832,1582933848064,24.772978141025643,0.0
3,0,836,1583664066052,24.78440608179337,nan
3,3,833,1584394231296,24.795833197115385,0.0
3,0,837,1585125883482,24.807283583139274,nan
3,3,834,1585859990016,24.818772379807694,0.0
3,0,838,1587265663798,24.84077123081305,nan
3,3,835,1587998612480,24.852241907051283,0.0
3,0,839,1588732916598,24.86373379591722,nan
3,3,836,1589464523264,24.87518346955128,0.0
3,0,840,1590194604494,24.886609270050833,nan
3,3,837,1590924701184,24.8980353125,0.0
3,0,841,1591656534056,24.90948852626703,nan
3,3,838,1593062490624,24.931491802884615,0.0
3,0,842,1593795299046,24.94296028404823,nan
3,3,839,1594527797760,24.95442391826923,0.0
3,0,843,1595262370109,24.965920004961063,nan
3,3,840,1595993634304,24.977364318910258,0.0
3,0,844,1596724198281,24.988797674419697,nan
3,3,841,1597454205440,25.00022231570513,0.0
3,0,845,1598186069487,25.011676017362156,nan
3,3,842,1598920331264,25.023167243589743,0.0
3,0,846,1600325463218,25.045157614965195,nan
3,3,843,1601058584576,25.056630993589746,0.0
3,0,847,1601792655106,25.06811922679412,nan
3,3,844,1602524746752,25.079576490384618,0.0
3,0,848,1603254284112,25.090993779296877,nan
3,3,845,1603984933376,25.10242846955128,0.0
3,0,849,1604716164516,25.1138722661884,nan
3,3,846,1605444908032,25.125277131410257,0.0
3,0,850,1606177985026,25.13674981573643,nan
3,3,847,1607583118336,25.158740208333334,0.0
3,0,851,1608312690891,25.170158048048755,nan
3,3,848,1609043695616,25.18159830128205,0.0
3,0,852,1609774626081,25.193037392343374,nan
3,3,849,1610504800256,25.2044646474359,0.0
3,0,853,1611236676466,25.215918539444363,nan
3,3,850,1611965883392,25.227330657051283,0.0
3,0,854,1612699135435,25.238806080901316,nan
3,3,851,1613432255488,25.250279439102563,0.0
3,0,855,1614167184401,25.261781106035283,nan
3,3,852,1615570786304,25.283747532051283,0.0
3,0,856,1616302050521,25.29519184634478,nan
3,3,853,1617031119360,25.306601802884614,0.0
3,0,857,1617763976503,25.31807104653383,nan
3,3,854,1618497090048,25.329544302884617,0.0
3,0,858,1619903387138,25.351552908685147,nan
3,3,855,1620635997696,25.36301829326923,0.0
3,0,859,1621370383953,25.374511467613807,nan
3,3,856,1622102321664,25.385966322115387,0.0
3,0,860,1622831271604,25.39737441788111,nan
3,3,857,1623563119104,25.408827860576924,0.0
3,0,861,1624292221694,25.420238345321266,nan
3,3,858,1625024119808,25.431692580128207,0.0
3,0,862,1625753565524,25.443108434808195,nan
3,3,859,1626484697600,25.454550681089746,0.0
3,0,863,1627215011241,25.465980118830753,nan
3,3,860,1628617553408,25.487929959935897,0.0
3,0,864,1629348031101,25.499361965097282,nan
3,3,861,1630077501440,25.510778205128204,0.0
3,0,865,1630809314003,25.52223110105857,nan
3,3,862,1631543342080,25.533718669871796,0.0
3,0,866,1632276125474,25.545186759346205,nan
3,3,863,1633009233408,25.556659927884617,0.0
3,0,867,1633742700400,25.568138715695113,nan
3,3,864,1635147214336,25.590119415064102,0.0
3,0,868,1635881330747,25.601608366307968,nan
3,3,865,1636613739520,25.61307059294872,0.0
3,0,869,1637347892870,25.624560122289413,nan
3,3,866,1638079992320,25.63601750801282,0.0
3,0,870,1639486486353,25.658029195979193,nan
3,3,867,1640218776576,25.669489567307693,0.0
3,0,871,1640952914848,25.680978860677083,nan
3,3,868,1641685221376,25.692439487179488,0.0
3,0,872,1642419375093,25.703929022263747,nan
3,3,869,1643151583744,25.71538811698718,0.0
3,0,873,1643886173758,25.72688448013697,nan
3,3,870,1644617759232,25.738333822115386,0.0
3,0,874,1645347499160,25.74975428122496,nan
3,3,871,1646078813184,25.761199375,0.0
3,0,875,1646809037040,25.772627407602165,nan
3,3,872,1648212614656,25.794593453525643,0.0
3,0,876,1648942803396,25.806020936560998,nan
3,3,873,1649673872384,25.81746219551282,0.0
3,0,877,1650404070939,25.828889832153322,nan
3,3,874,1651134761472,25.84032516826923,0.0
3,0,878,1651865831030,25.851766436141578,nan
3,3,875,1653267811840,25.87370749198718,0.0
3,0,879,1653999796547,25.88516308197804,nan
3,3,876,1654734104576,25.89665503205128,0.0
3,0,880,1655466783124,25.90812148068159,nan
3,3,877,1656200366080,25.919602083333334,0.0
3,0,881,1656934428637,25.931090191759942,nan
3,3,878,1657666808320,25.942551963141025,0.0
3,0,882,1658396558386,25.95397258091071,nan
3,3,879,1659127721472,25.9654153125,0.0
3,0,883,1660531138307,25.98737884219439,nan
3,3,880,1661261095936,25.998802708333333,0.0
3,0,884,1661992786779,26.010253699340822,nan
3,3,881,1662722099200,26.021667467948717,0.0
3,0,885,1663454282672,26.03312616861979,nan
3,3,882,1664188438016,26.04461572916667,0.0
3,0,886,1664921776637,26.05609250796587,nan
3,3,883,1665654725632,26.067563189102565,0.0
3,0,887,1666388863562,26.079052477119642,nan
3,3,884,1667793041408,26.101027916666666,0.0
3,0,888,1668522557724,26.112444876239483,nan
3,3,885,1669253673472,26.12388686698718,0.0
3,0,889,1669984069999,26.135317601897412,nan
3,3,886,1670714059776,26.146741971153848,0.0
3,0,890,1671445576650,26.158190239539515,nan
3,3,887,1672846827008,26.180119863782053,0.0
3,0,891,1673579510431,26.191586388706305,nan
3,3,888,1674312930816,26.203064447115384,0.0
3,0,892,1675047172841,26.214555364223383,nan
3,3,889,1675778910208,26.226007083333336,0.0
3,0,893,1676508751166,26.237429123566457,nan
3,3,890,1677239543808,26.248866057692307,0.0
3,0,894,1677970414482,26.260304213022085,nan
3,3,891,1679372474880,26.28224651442308,0.0
3,0,895,1680105164383,26.293713134499576,nan
3,3,892,1680838849024,26.30519532852564,0.0
3,0,896,1681572428470,26.316675876245743,nan
3,3,893,1682305394688,26.328146826923078,0.0
3,0,897,1683039727350,26.339639162503758,nan
3,3,894,1683772037120,26.35109983974359,0.0
3,0,898,1684506667341,26.362596832134543,nan
3,3,895,1685238551552,26.374050849358976,0.0
3,0,899,1685968149925,26.385469093127128,nan
3,3,896,1687371579904,26.407432828525643,0.0
3,0,900,1688102344301,26.41886932061611,nan
3,3,897,1688832201216,26.430291610576923,0.0
3,0,901,1689563651774,26.441738841114535,nan
3,3,898,1690292819968,26.453150352564105,0.0
3,0,902,1691024727836,26.464604740021535,nan
3,3,899,1691758523392,26.476088669871796,0.0
3,0,903,1692492234094,26.487571271753556,nan
3,3,900,1693896543232,26.50954876602564,0.0
3,0,904,1694626495031,26.520972540924856,nan
3,3,901,1695356145152,26.53239159455128,0.0
3,0,905,1696087972486,26.543844721648387,nan
3,3,902,1696821320704,26.555321650641027,0.0
3,0,906,1697555050190,26.566804546493138,nan
3,3,903,1698286612992,26.578253533653847,0.0
3,0,907,1699016538915,26.589676903592625,nan
3,3,904,1700419070464,26.61162657852564,0.0
3,0,908,1701152194043,26.62309999190893,nan
3,0,909,1701200778176,26.62386033553686,nan
3,3,905,1701938304512,26.63540265224359,0.0
3,0,910,1702670312443,26.64685860569098,nan
3,3,906,1703404186624,26.65834376602564,0.0
3,0,911,1704137743427,26.669823959381887,nan
3,3,907,1704869740032,26.681279735576926,0.0
3,0,912,1705599291540,26.69269724590595,nan
3,3,908,1706330361344,26.704138517628206,0.0
3,0,913,1707061333743,26.71557826495831,nan
3,3,909,1708463330304,26.737519567307693,0.0
3,0,914,1709196015547,26.74898612071502,nan
3,3,910,1709929649152,26.760467516025642,0.0
3,0,915,1710663779327,26.77195668267666,nan
3,3,911,1711395360256,26.78340595352564,0.0
3,0,916,1712125836363,26.794837933866063,nan
3,3,912,1712855730176,26.80626080128205,0.0
3,0,917,1713587680419,26.81771585190993,nan
3,3,913,1714321715712,26.829203533653846,0.0
3,0,918,1715728274282,26.851216231626854,nan
3,3,914,1716460133376,26.86266985576923,0.0
3,0,919,1717190240188,26.874096056628105,nan
3,3,915,1717921006592,26.885532580128206,0.0
3,0,920,1718651659269,26.8969673237962,nan
3,3,916,1719381755392,26.908393357371796,0.0
3,0,921,1720113257557,26.919841395561022,nan
3,3,917,1721515426304,26.941785392628205,0.0
3,0,922,1722247352109,26.953240060800407,nan
3,3,918,1722976759808,26.964655320512822,0.0
3,0,923,1723709136248,26.976117041140824,nan
3,3,919,1724443032064,26.987602540064103,0.0
3,0,924,1725176558531,26.99908225866073,nan
3,3,920,1725909133312,27.010547083333336,0.0
3,0,925,1726643694608,27.022042997045272,nan
3,3,921,1727375315456,27.033492892628207,0.0
3,0,926,1728105528936,27.044920762845553,nan
3,3,922,1729508015104,27.066869727564104,0.0
3,0,927,1730240093998,27.078326791585287,nan
3,3,923,1730973977600,27.089812099358976,0.0
3,0,928,1731708005240,27.101299661333133,nan
3,3,924,1732440183808,27.11275828525641,0.0
3,0,929,1733175011780,27.124258372458435,nan
3,3,925,1733906063872,27.13569936698718,0.0
3,0,930,1734636864030,27.147136418738732,nan
3,3,926,1735366567936,27.158556314102565,0.0
3,0,931,1736771365604,27.180541453888722,nan
3,3,927,1737505106432,27.19202452724359,0.0
3,0,932,1738238600499,27.203503738778924,nan
3,3,928,1738971044352,27.21496651442308,0.0
3,0,933,1739700465535,27.226381985160632,nan
3,3,929,1740431105536,27.23781653044872,0.0
3,0,934,1741835383364,27.25979353471805,nan
3,3,930,1742568303104,27.27126375801282,0.0
3,0,935,1743302593170,27.282755426964393,nan
3,3,931,1744033799168,27.294198830128206,0.0
3,0,936,1744764390114,27.305632607703576,nan
3,3,932,1745493858304,27.317048814102566,0.0
3,0,937,1746226122551,27.328508778905626,nan
3,3,933,1746959157760,27.33998080929487,0.0
3,0,938,1748365818871,27.361995112038638,nan
3,3,934,1749096191488,27.373425472756413,0.0
3,0,939,1749828155462,27.38488073827499,nan
3,3,935,1750561926656,27.396364286858976,0.0
3,0,940,1751295454352,27.407844024689503,nan
3,3,936,1752027571200,27.419301682692307,0.0
3,0,941,1752756837088,27.43071472305689,nan
3,3,937,1753487953920,27.44215673076923,0.0
3,0,942,1754217946414,27.453581142546827,nan
3,3,938,1754947982848,27.46500624198718,0.0
3,0,943,1755678989689,27.476446528335963,nan
3,3,939,1757079866880,27.4983703125,0.0
3,0,944,1757812818500,27.50984103471805,nan
3,3,940,1758544606208,27.52129354166667,0.0
3,0,945,1759274411675,27.532715026464217,nan
3,3,941,1760004751360,27.544144871794874,0.0
3,0,946,1760735398122,27.55557952289288,nan
3,3,942,1761465469952,27.567005176282052,0.0
3,0,947,1762868793263,27.58896724232209,nan
3,3,943,1763598467072,27.60038666666667,0.0
3,0,948,1764330490878,27.611842868558444,nan
3,3,944,1765064681472,27.62333298076923,0.0
3,0,949,1765797697100,27.634804704715044,nan
3,3,945,1766530784768,27.646277556089743,0.0
3,0,950,1767264632977,27.657762309961566,nan
3,3,946,1768668957184,27.679740040064104,0.0
3,0,951,1769398494559,27.691157329211112,nan
3,3,947,1770129755648,27.702601594551282,0.0
3,0,952,1770860714409,27.71404112844614,nan
3,3,948,1771590202368,27.72545764423077,0.0
3,0,953,1772322584565,27.736919454956055,nan
3,3,949,1773056267264,27.748401618589746,0.0
3,0,954,1773789346365,27.75987433589055,nan
3,3,950,1774522432000,27.77134715544872,0.0
3,0,955,1775255838347,27.782824994162535,nan
3,3,951,1775988732928,27.794294823717948,0.0
3,0,956,1777395315011,27.816307889670348,nan
3,3,952,1778127300608,27.827763493589746,0.0
3,0,957,1778857246100,27.839187169784154,nan
3,3,953,1779588610048,27.850633044871795,0.0
3,0,958,1780318628838,27.862057868182845,nan
3,3,954,1781049524736,27.87349641826923,0.0
3,0,959,1781780170810,27.88493105860001,nan
3,3,955,1782510317056,27.896357876602565,0.0
3,0,960,1783241557636,27.90780182097606,nan
3,3,956,1784643470336,27.929741810897436,0.0
3,0,961,1785374882627,27.941188442554964,nan
3,3,957,1786104621056,27.95260887820513,0.0
3,0,962,1786836061073,27.964055943775666,nan
3,3,958,1787565686784,27.975474615384616,0.0
3,0,963,1788298228207,27.98693891800318,nan
3,3,959,1789032127488,27.998424471153847,0.0
3,0,964,1790437727402,28.020422166122046,nan
3,3,960,1791171499520,28.031905729166667,0.0
3,0,965,1791904747246,28.04338108545548,nan
3,3,961,1792637893632,28.054854855769232,0.0
3,0,966,1793372482358,28.06635119876177,nan
3,3,962,1794104743936,28.077811121794873,0.0
3,0,967,1794834705280,28.089235046073718,nan
3,3,963,1795565537280,28.100672596153846,0.0
3,0,968,1796296177624,28.112107146809898,nan
3,3,964,1797025995264,28.123528822115386,0.0
3,0,969,1798430515876,28.145509625964042,nan
3,3,965,1799164070400,28.156989783653845,0.0
3,0,970,1799897625837,28.168469955632137,nan
3,3,966,1800629912576,28.179930272435897,0.0
3,0,971,1801359634748,28.19135045366336,nan
3,3,967,1802090591744,28.2027899599359,0.0
3,0,972,1802821253006,28.214224837959485,nan
3,3,968,1803551481344,28.225652940705128,0.0
3,0,973,1804282949591,28.237100448076298,nan
3,3,969,1805012204544,28.248513317307694,0.0
3,0,974,1805744391217,28.259972068074546,nan
3,3,970,1807151134208,28.28198765224359,0.0
3,0,975,1807884093166,28.293458489301635,nan
3,3,971,1808617494016,28.304936241987182,0.0
3,0,976,1809351205685,28.31641885900253,nan
3,3,972,1810083567104,28.327880344551282,0.0
3,0,977,1810818283387,28.33937868381598,nan
3,3,973,1812221647360,28.36134138621795,0.0
3,0,978,1812953284688,28.372791539713543,nan
3,0,979,1813001824274,28.37355118617914,nan
3,3,974,1813741417472,28.385125849358975,0.0
3,0,980,1814470297682,28.396532853847408,nan
3,3,975,1815202077184,28.407985232371797,0.0
3,0,981,1815931473068,28.419400307178986,nan
3,3,976,1816662167040,28.430835697115384,0.0
3,0,982,1817393229045,28.442276846782978,nan
3,3,977,1818122196480,28.453685216346155,0.0
3,0,983,1818854379339,28.465143907423755,nan
3,3,978,1820261002752,28.48715762019231,0.0
3,0,984,1820992848396,28.498611033841648,nan
3,3,979,1821721954304,28.510021570512823,0.0
3,0,985,1822454026344,28.52147852726863,nan
3,3,980,1823188264960,28.53296939102564,0.0
3,0,986,1823920582826,28.5444301949682,nan
3,3,981,1824654253056,28.55591216346154,0.0
3,0,987,1825387934452,28.567394306703225,nan
3,3,982,1826120343552,28.57885653846154,0.0
3,0,988,1827521847750,28.60079013531025,nan
3,3,983,1828253647360,28.61224282852564,0.0
3,0,989,1828983370767,28.623663029080905,nan
3,3,984,1829714110976,28.635099142628206,0.0
3,0,990,1830444937318,28.646536604160406,nan
3,3,985,1831174557184,28.657955184294874,0.0
3,0,991,1832578656046,28.679929387739133,nan
3,3,986,1833312024064,28.691406626602564,0.0
3,0,992,1834045791092,28.702890109988484,nan
3,3,987,1834777476608,28.714341017628207,0.0
3,0,993,1835506747850,28.725754141783103,nan
3,3,988,1836237757440,28.737194471153845,0.0
3,0,994,1836968006685,28.748622901094876,nan
3,3,989,1838369876480,28.770562219551284,0.0
3,0,995,1839100927210,28.782003192764673,nan
3,3,990,1839829611520,28.79340713141026,0.0
3,0,996,1840562481469,28.804876575473884,nan
3,3,991,1841294946304,28.81633967948718,0.0
3,0,997,1842028919685,28.827826392305816,nan
3,3,992,1842759357440,28.839257772435896,0.0
3,0,998,1844162331726,28.861214376220705,nan
3,3,993,1844895358464,28.87268627403846,0.0
3,0,999,1845629294753,28.88417240636581,nan
3,3,994,1846359092224,28.89559376602564,0.0
3,0,1000,1847762400106,28.917555590601214,nan
3,3,995,1848495421440,28.929027403846156,0.0
3,0,1001,1849228826550,28.940505223200873,nan
3,3,996,1849960139264,28.95195029647436,0.0
3,0,1002,1850689574404,28.963365985639523,nan
3,3,997,1851419782144,28.97479376602564,0.0
3,0,1003,1852150614629,28.98623132369604,nan
3,3,998,1852879454720,28.997637700320514,0.0
3,0,1004,1853612116154,29.009103881116037,nan
3,3,999,1855016535552,29.03108310096154,0.0
3,0,1005,1855750919034,29.042576231877256,nan
3,3,1000,1856481901056,29.054016129807692,0.0
3,0,1006,1857212426187,29.065448877375676,nan
3,3,1001,1857941767680,29.07686310096154,0.0
3,0,1007,1859345694357,29.09883460970365,nan
3,3,1002,1860079258112,29.110314911858975,0.0
3,0,1008,1860812968157,29.12179750345866,nan
3,3,1003,1861544578560,29.133247235576924,0.0
3,0,1009,1862274868027,29.144676294993864,nan
3,3,1004,1863004267520,29.156091426282053,0.0
3,0,1010,1863736329102,29.167548219369742,nan
3,3,1005,1864469204480,29.17901774839744,0.0
3,0,1011,1865202892755,29.19049999929575,nan
3,3,1006,1866606580224,29.212467764423078,0.0
3,0,1012,1867337358510,29.223904473876953,nan
3,3,1007,1868066757120,29.235319591346155,0.0
3,0,1013,1868799418612,29.24678577304938,nan
3,3,1008,1870204435456,29.268774342948717,0.0
3,0,1014,1870938977210,29.280269950827574,nan
3,3,1009,1871669703168,29.291705841346154,0.0
3,0,1015,1872400517642,29.30314311714368,nan
3,3,1010,1873129595904,29.314553221153847,0.0
3,0,1016,1873862130788,29.3260174214368,nan
3,3,1011,1874594966528,29.337486330128208,0.0
3,0,1017,1875328923825,29.348972791231596,nan
3,3,1012,1876060490240,29.3604218349359,0.0
3,0,1018,1877462820222,29.38236835533729,nan
3,3,1013,1878193043968,29.39379638621795,0.0
3,0,1019,1878925008846,29.405251665884165,nan
3,3,1014,1879659156480,29.41674110576923,0.0
3,0,1020,1880391783963,29.428206755230246,nan
3,3,1015,1881125226496,29.43968516025641,0.0
3,0,1021,1881858854516,29.45116646816156,nan
3,3,1016,1883262920704,29.47314016025641,0.0
3,0,1022,1883993119026,29.484567793250452,nan
3,3,1017,1884722836480,29.495987900641026,0.0
3,0,1023,1885454792069,29.50744303493402,nan
3,3,1018,1886188229120,29.518921354166668,0.0
3,0,1024,1887594123856,29.540923663110977,nan
3,3,1019,1888325768704,29.552373934294874,0.0
3,0,1025,1889055935652,29.563801076284555,nan
3,3,1020,1889785915392,29.57522528846154,0.0
3,0,1026,1890517478138,29.586674274745842,nan
3,3,1021,1891251392512,29.598160064102565,0.0
3,0,1027,1891984588617,29.609634612520658,nan
3,3,1022,1892717078528,29.62109810897436,0.0
3,0,1028,1893451470222,29.632591368408203,nan
3,3,1023,1894182707712,29.644035264423078,0.0
3,0,1029,1895584818774,29.665978358717698,nan
3,3,1024,1896315082752,29.67740701923077,0.0
3,0,1030,1897046148793,29.688848232061925,nan
3,3,1025,1897775003136,29.70025483173077,0.0
3,0,1031,1898507866367,29.711724170657426,nan
3,3,1026,1899239761408,29.723178357371797,0.0
3,0,1032,1899969303379,29.73459571844639,nan
3,3,1027,1900699643392,29.74602556891026,0.0
3,0,1033,1901430975912,29.757470952148438,nan
3,3,1028,1902831782912,29.779393637820515,0.0
3,0,1034,1903565835891,29.79088159635104,nan
3,3,1029,1904297073152,29.802325488782053,0.0
3,0,1035,1905028063934,29.813765523806843,nan
3,3,1030,1905756822528,29.825170625000002,0.0
3,0,1036,1906489668372,29.83663969181941,nan
3,3,1031,1907894409216,29.858623942307695,0.0
3,0,1037,1908628903891,29.870118813398314,nan
3,3,1032,1909359672832,29.881555376602567,0.0
3,0,1038,1910090417714,29.892991563282504,nan
3,3,1033,1910818501632,29.90438610576923,0.0
3,0,1039,1911551695993,29.915860626893657,nan
3,3,1034,1912283347456,29.927311001602565,0.0
3,0,1040,1913684907854,29.949245477983524,nan
3,3,1035,1914415076352,29.96067264423077,0.0
3,0,1041,1915146317735,29.97211660117125,nan
3,3,1036,1915874715648,29.98351605769231,0.0
3,0,1042,1916608557047,29.995000704987355,nan
3,3,1037,1917339481600,30.006439703525643,0.0
3,0,1043,1918071104581,30.01788963249011,nan
3,3,1038,1919481491968,30.039962251602564,0.0
3,0,1044,1920211586826,30.05138826538086,nan
3,3,1039,1920940957184,30.06280294070513,0.0
3,0,1045,1921673735510,30.074270950865134,nan
3,3,1040,1922405874176,30.085728950320515,0.0
3,0,1046,1923135698864,30.097150735927485,nan
3,3,1041,1923864891904,30.10856263621795,0.0
3,0,1047,1924597741059,30.120031754854644,nan
3,3,1042,1925329579008,30.131485048076925,0.0
3,0,1048,1926731973322,30.153432575276693,nan
3,3,1043,1927460806656,30.164838846153845,0.0
3,0,1049,1928193981732,30.176313065467248,nan
3,3,1044,1928926139392,30.18777136217949,0.0
3,0,1050,1929655544695,30.199186584394408,nan
3,3,1045,1930386042880,30.21061891025641,0.0
3,0,1051,1931789379134,30.232581178854918,nan
3,3,1046,1932523570176,30.244071298076925,0.0
3,0,1052,1933256642186,30.255543904403297,nan
3,3,1047,1933989352960,30.267010857371794,0.0
3,0,1053,1934723438801,30.278499330193934,nan
3,3,1048,1935455212032,30.289951610576924,0.0
3,0,1054,1936185356603,30.30137840236566,nan
3,3,1049,1937587840512,30.32332733173077,0.0
3,0,1055,1938319292409,30.334774583223783,nan
3,3,1050,1939048222720,30.34618237179487,0.0
3,0,1056,1939780699217,30.357645658318937,nan
3,3,1051,1940514594304,30.369131145833336,0.0
3,0,1057,1941247790747,30.380605699541142,nan
3,3,1052,1941980820480,30.39207764423077,0.0
3,0,1058,1942715200220,30.403570716584035,nan
3,3,1053,1943446450176,30.41501480769231,0.0
3,0,1059,1944849069495,30.436965856229342,nan
3,3,1054,1945579031040,30.448389783653848,0.0
3,0,1060,1946310590471,30.45983871805827,nan
3,3,1055,1947039385088,30.47124438301282,0.0
3,0,1061,1947771683420,30.482704881247496,nan
3,3,1056,1948504886272,30.49417953525641,0.0
3,0,1062,1949238942901,30.505667550909582,nan
3,3,1057,1950643009536,30.527641250000002,0.0
3,0,1063,1951373754227,30.53907743369078,nan
3,3,1058,1952103389184,30.550496250000002,0.0
3,0,1064,1952835764158,30.56195794768505,nan
3,3,1059,1953568931328,30.573432043269232,0.0
3,0,1065,1954303054858,30.584921105925734,nan
3,3,1060,1955034371072,30.59636623397436,0.0
3,0,1066,1956437259483,30.618321493811976,nan
3,3,1061,1957167152128,30.62974434294872,0.0
3,0,1067,1957898983726,30.641197536777597,nan
3,3,1062,1958633001472,30.652684943910256,0.0
3,0,1068,1959365749628,30.664152481908555,nan
3,3,1063,1960099065344,30.67562890224359,0.0
3,0,1069,1960832387536,30.687105423928287,nan
3,3,1064,1961564600832,30.698564591346155,0.0
3,0,1070,1962293614119,30.70997367849497,nan
3,3,1065,1963024431104,30.721410993589746,0.0
3,0,1071,1963754849402,30.732842069216996,nan
3,3,1066,1965156726784,30.754781506410257,0.0
3,3,1067,1966546842112,30.77653686698718,0.0
3,0,1072,1967275929597,30.787947115337666,nan
3,3,1068,1968006922752,30.799387187500002,0.0
3,0,1073,1969408679118,30.82132473078801,nan
3,3,1069,1970139210240,30.832757572115387,0.0
3,0,1074,1970869553440,30.844187472455932,nan
3,3,1070,1971599226368,30.855606883012822,0.0
3,0,1075,1972330945907,30.86705832311386,nan
3,3,1071,1973064934400,30.878545272435897,0.0
3,0,1076,1973798209988,30.890021064766128,nan
3,3,1072,1974530448896,30.90148063301282,0.0
3,0,1077,1975265025034,30.912976779002655,nan
3,3,1073,1975996493824,30.924424294871795,0.0
3,0,1078,1976726240360,30.935844857396837,nan
3,3,1074,1978129136640,30.957800240384618,0.0
3,0,1079,1978860068147,30.96923934775328,nan
3,3,1075,1979588963328,30.980646586538462,0.0
3,0,1080,1980321814398,30.99211573514498,nan
3,3,1076,1981054598656,31.003583838141026,0.0
3,0,1081,1981789144526,31.01507951043545,nan
3,3,1077,1982520401408,31.026523709935898,0.0
3,0,1082,1983251083828,31.037958919083035,nan
3,3,1078,1983980626432,31.049376290064103,0.0
3,0,1083,1984712847482,31.060835578832382,nan
3,3,1079,1986118792192,31.082838669871794,0.0
3,0,1084,1986852715335,31.094324596463718,nan
3,3,1080,1987584949248,31.105784086538463,0.0
3,0,1085,1988314478995,31.117201256306966,nan
3,3,1081,1989718065152,31.139167435897438,0.0
3,0,1086,1990447934053,31.150589913439628,nan
3,3,1082,1991178949120,31.162030328525642,0.0
3,0,1087,1991909164729,31.173458232061925,nan
3,3,1083,1992639327744,31.1848853125,0.0
3,0,1088,1993370644238,31.19633044493064,nan
3,3,1084,1994099259392,31.20773330128205,0.0
3,0,1089,1994832153956,31.219203130571415,nan
3,3,1085,1995565127168,31.23067419070513,0.0
3,0,1090,1996971855406,31.252689543989135,nan
3,3,1086,1997703998976,31.264147620192308,0.0
3,0,1091,1998433731710,31.275567966715496,nan
3,3,1087,1999164319744,31.28700169871795,0.0
3,0,1092,1999895639241,31.298446878145658,nan
3,3,1088,2000624876032,31.309859463141027,0.0
3,0,1093,2001357222693,31.32132071772649,nan
3,3,1089,2002090993152,31.332804254807694,0.0
3,0,1094,2003496198140,31.35479576916817,nan
3,3,1090,2004228738560,31.366260056089743,0.0
3,0,1095,2004962698297,31.377746555379233,nan
3,3,1091,2005694797824,31.38920394230769,0.0
3,0,1096,2006429380735,31.400700194295247,nan
3,3,1092,2007161136640,31.412152203525643,0.0
3,0,1097,2008563543885,31.43409993309608,nan
3,3,1093,2009294338560,31.445536899038462,0.0
3,0,1098,2010025511844,31.456979790226864,nan
3,3,1094,2010755513344,31.46840434294872,0.0
3,0,1099,2011487328769,31.479857283669496,nan
3,3,1095,2012221342208,31.49134462339744,0.0
3,0,1100,2012954432578,31.502817517058546,nan
3,3,1096,2013686884352,31.51428041666667,0.0
3,0,1101,2014421916816,31.525783704176682,nan
3,3,1097,2015151966208,31.537209006410258,0.0
3,0,1102,2015883502295,31.548657575480146,nan
3,3,1098,2017284448256,31.570582435897435,0.0
3,0,1103,2018017554876,31.582055583871696,nan
3,3,1099,2018750229504,31.593521971153848,0.0
3,0,1104,2019484872184,31.60501915852865,nan
3,3,1100,2020215979520,31.616461017628207,0.0
3,0,1105,2020947304515,31.627906283099836,nan
3,3,1101,2021675795968,31.639307203525643,0.0
3,0,1106,2022408785049,31.650778512009843,nan
3,3,1102,2023141093888,31.66223917467949,0.0
3,0,1107,2024542327654,31.68416853925656,nan
3,3,1103,2025273557504,31.69561231570513,0.0
3,0,1108,2026003801530,31.707040663968602,nan
3,3,1104,2026733550080,31.718461258012823,0.0
3,0,1109,2027465027593,31.72990891039726,nan
3,3,1105,2028199061504,31.741396570512823,0.0
3,0,1110,2029604285134,31.763388376621347,nan
3,3,1106,2030336884736,31.77485358974359,0.0
3,0,1111,2031071256856,31.78634654284355,nan
3,3,1107,2031802404352,31.79778903044872,0.0
3,0,1112,2032532966254,31.809222353484326,nan
3,3,1108,2033262342144,31.820637115384617,0.0
3,0,1113,2033994979779,31.832102923724836,nan
3,3,1109,2034728245760,31.84357856570513,0.0
3,0,1114,2035462442509,31.855068774241914,nan
3,3,1110,2036866439168,31.877041378205128,0.0
3,0,1115,2037597012695,31.888474883172453,nan
3,3,1111,2038326501888,31.89989141826923,0.0
3,0,1116,2039059673395,31.91136558172764,nan
3,3,1112,2039792030720,31.92282700320513,0.0
3,0,1117,2040521564035,31.934244228812975,nan
3,3,1113,2041252185600,31.945678485576924,0.0
3,0,1118,2041983398866,31.957122002485228,nan
3,3,1114,2042711835136,31.968522059294873,0.0
3,0,1119,2043444996641,31.97999606622158,nan
3,3,1115,2044849065984,32.00196980769231,0.0
3,0,1120,2045578286329,32.01338213530712,nan
3,3,1116,2046308533248,32.02481052884615,0.0
3,0,1121,2047039718731,32.036253610949394,nan
3,3,1117,2047768525824,32.04765947115385,0.0
3,0,1122,2049174170641,32.06965786885579,nan
3,3,1118,2049906907648,32.0811252323718,0.0
3,0,1123,2050640810598,32.092610842942456,nan
3,3,1119,2051372981248,32.10406934294872,0.0
3,0,1124,2052102049467,32.11547928978553,nan
3,3,1120,2052833018368,32.1269189823718,0.0
3,0,1125,2053563742980,32.13835485182542,nan
3,3,1121,2054293171200,32.14977043269231,0.0
3,0,1126,2055025347413,32.161229019759745,nan
3,3,1122,2056430740992,32.183223485576924,0.0
3,0,1127,2057165366302,32.19472040111053,nan
3,3,1123,2057895734784,32.20615069711538,0.0
3,0,1128,2058627165307,32.21759761410444,nan
3,3,1124,2059360523264,32.22907469551282,0.0
3,0,1129,2060094384825,32.240559658343976,nan
3,3,1125,2060825353216,32.25199934294872,0.0
3,0,1130,2061556227344,32.263437552333734,nan
3,3,1126,2062966525952,32.28550878205128,0.0
3,0,1131,2063696261069,32.29692916586851,nan
3,3,1127,2064425520128,32.308342099358974,0.0
3,0,1132,2065158071846,32.3198065630947,nan
3,3,1128,2065890256384,32.33126528044872,0.0
3,0,1133,2066619518585,32.3426782631116,nan
3,3,1129,2068022008320,32.364627283653846,0.0
3,0,1134,2068753930564,32.37608189609625,nan
3,3,1130,2069487074816,32.38755563301282,0.0
3,0,1135,2070220177297,32.39902871621157,nan
3,3,1131,2070952025088,32.41048216346154,0.0
3,0,1136,2071681633262,32.42190056061574,nan
3,3,1132,2072412039680,32.433331450320516,0.0
3,0,1137,2073143098941,32.444772557044395,nan
3,3,1133,2073872201216,32.456183036858974,0.0
3,0,1138,2074603862677,32.46763356803699,nan
3,3,1134,2075338046976,32.47912358173077,0.0
3,0,1139,2076742464357,32.50110277001014,nan
3,3,1135,2077475877376,32.51258071314103,0.0
3,0,1140,2078209268658,32.52405831608699,nan
3,3,1136,2078941050368,32.53551072916667,0.0
3,0,1141,2079670346755,32.546924246841826,nan
3,3,1137,2080401049600,32.55835977564103,0.0
3,0,1142,2081131432533,32.569790297804616,nan
3,3,1138,2082533710848,32.59173600961539,0.0
3,0,1143,2083265044258,32.6031814067821,nan
3,3,1139,2083993776128,32.61458608974359,0.0
3,0,1144,2084726457720,32.62605258601262,nan
3,3,1140,2085458839040,32.63751438301282,0.0
3,0,1145,2086188408271,32.64893217070751,nan
3,3,1141,2086918438400,32.66035717147436,0.0
3,0,1146,2087649859113,32.67180393493653,nan
3,3,1142,2089049835008,32.69371361378205,0.0
3,0,1147,2089783446779,32.7051946673897,nan
3,3,1143,2090514100736,32.71662943108974,0.0
3,0,1148,2091244958019,32.728067376849836,nan
3,3,1144,2091973168640,32.73946390224359,0.0
3,0,1149,2092706458525,32.750939918322445,nan
3,3,1145,2093437679104,32.76238354967949,0.0
3,0,1150,2094168097268,32.77381462320964,nan
3,3,1146,2094897223680,32.785225480769235,0.0
3,0,1151,2095629251138,32.79668173981496,nan
3,3,1147,2097034244608,32.81866994391026,0.0
3,0,1152,2097768072970,32.83015438717573,nan
3,3,1148,2098498898944,32.841591842948716,0.0
3,0,1153,2099229559134,32.853026704195464,nan
3,3,1149,2099958220800,32.86443028846154,0.0
3,0,1154,2100690683324,32.87589335630759,nan
3,3,1150,2101423837184,32.88736724358974,0.0
3,0,1155,2102157569541,32.898850184373124,nan
3,3,1151,2102889314304,32.91030201923077,0.0
3,0,1156,2104291446993,32.932245451988805,nan
3,3,1152,2105021425152,32.94366963942308,0.0
3,0,1157,2105752879408,32.95511692783454,nan
3,3,1153,2106486659584,32.96660061698718,0.0
3,0,1158,2107220351351,32.978082922535435,nan
3,3,1154,2107951938048,32.989532283653844,0.0
3,0,1159,2108681873358,33.00095580049955,nan
3,3,1155,2110083451392,33.02289055288462,0.0
3,0,1160,2110815947428,33.03435414519481,nan
3,3,1156,2111548983808,33.04582619391026,0.0
3,0,1161,2112283495660,33.05732133382161,nan
3,3,1157,2113014601728,33.068763173076924,0.0
3,0,1162,2113744870719,33.080191912043645,nan
3,3,1158,2114474879488,33.091616578525645,0.0
3,0,1163,2115206068629,33.103059717876725,nan
3,3,1159,2115935517696,33.114475625000004,0.0
3,0,1164,2117340201060,33.13645897592398,nan
3,3,1160,2118072947712,33.14792649038461,0.0
3,0,1165,2118802580146,33.159345267208785,nan
3,3,1161,2119532805120,33.17077331730769,0.0
3,0,1166,2120264555265,33.182225236393855,nan
3,3,1162,2120998624768,33.19371345352564,0.0
3,0,1167,2121731537740,33.20518357090094,nan
3,3,1163,2122464969728,33.216661810897435,0.0
3,0,1168,2123198449567,33.228140799764,nan
3,3,1164,2123930720256,33.23960086538462,0.0
3,0,1169,2125331979378,33.26153062678411,nan
3,3,1165,2126062946816,33.27297029647436,0.0
3,0,1170,2126793076924,33.28439686191657,nan
3,3,1166,2127523471872,33.295827572115385,0.0
3,0,1171,2128926964102,33.317792281744545,nan
3,3,1167,2129656921088,33.32921613782052,0.0
3,0,1172,2130388228577,33.34066112932254,nan
3,3,1168,2131118281216,33.352086482371796,0.0
3,0,1173,2131849966640,33.363537388571714,nan
3,3,1169,2132578952704,33.37494604967949,0.0
3,0,1174,2133311506558,33.3864105468437,nan
3,3,1170,2134045237760,33.397893469551285,0.0
3,0,1175,2134778170053,33.409363889301005,nan
3,3,1171,2135511740928,33.42084430288462,0.0
3,0,1176,2136917549969,33.44284527069875,nan
3,3,1172,2137650409984,33.45431455929487,0.0
3,0,1177,2138384593383,33.46580455890362,nan
3,3,1173,2139116305920,33.47725588942308,0.0
3,0,1178,2140517635254,33.49918674964318,nan
3,3,1174,2141248437760,33.51062383814103,0.0
3,0,1179,2141979035891,33.52205772816193,nan
3,3,1175,2142708749312,33.5334777724359,0.0
3,0,1180,2143440089418,33.54492327439528,nan
3,3,1176,2144168603136,33.556324543269234,0.0
3,0,1181,2144901176728,33.567789349333935,nan
3,3,1177,2145633963008,33.57925748397436,0.0
3,0,1182,2146368324072,33.59075026404748,nan
3,3,1178,2147772139520,33.612720032051286,0.0
3,0,1183,2148502228134,33.62414594811073,nan
3,3,1179,2149232883200,33.63558072916667,0.0
3,0,1184,2149963900666,33.64702118179713,nan
3,3,1180,2150693437952,33.658438469551285,0.0
3,0,1185,2151425494351,33.669895181524815,nan
3,3,1181,2152158989312,33.68137440705128,0.0
3,0,1186,2152892571025,33.69285499025003,nan
3,3,1182,2153625066496,33.70431857371795,0.0
3,0,1187,2154354243559,33.715730223967725,nan
3,3,1183,2155085901824,33.727180705128205,0.0
3,0,1188,2156488437415,33.749130443318684,nan
3,3,1184,2157218427392,33.76055481570513,0.0
3,0,1189,2157950573815,33.77201293655787,nan
3,3,1185,2158683729408,33.78348685096154,0.0
3,0,1190,2159417965364,33.79497767308944,nan
3,3,1186,2160148664320,33.806413141025644,0.0
3,0,1191,2160880352129,33.817864084550905,nan
3,3,1187,2162285944320,33.839861658653845,0.0
3,0,1192,2163019999293,33.85134964839055,nan
3,3,1188,2163751120384,33.86279172275641,0.0
3,0,1193,2164481523342,33.87422255831205,nan
3,3,1189,2165210942464,33.88563799679487,0.0
3,0,1194,2165943298766,33.89709940226237,nan
3,3,1190,2166676180992,33.908569038461536,0.0
3,0,1195,2167410415901,33.920059844203855,nan
3,3,1191,2168141230080,33.931497115384616,0.0
3,0,1196,2168872269164,33.94293790633764,nan
3,3,1192,2169601102848,33.95434418269231,0.0
3,0,1197,2171006556712,33.976339591972156,nan
3,3,1193,2171738736128,33.98779822916667,0.0
3,0,1198,2172468634737,33.99922117164025,nan
3,3,1194,2173198910464,34.01065001602564,0.0
3,0,1199,2173930414777,34.022098087831154,nan
3,3,1195,2174659252224,34.03350442307693,0.0
3,0,1200,2175391958786,34.04497131012746,nan
3,3,1196,2176124782080,34.056440024038466,0.0
3,0,1201,2176859788105,34.06794289777707,nan
3,3,1197,2177589845504,34.079368325320516,0.0
3,0,1202,2178994478082,34.101350881441554,nan
3,3,1198,2179727026688,34.11281529647436,0.0
3,0,1203,2180461648449,34.12431215646597,nan
3,3,1199,2181193223680,34.13576133814102,0.0
3,0,1204,2181923591823,34.147191628840524,nan
3,3,1200,2182653922816,34.158621338141025,0.0
3,0,1205,2183385689298,34.170073512901894,nan
3,3,1201,2184119714304,34.18156103365385,0.0
3,0,1206,2184852742418,34.19303295300606,nan
3,3,1202,2186257525248,34.21501786057692,0.0
3,0,1207,2186986926538,34.226433019988235,nan
3,3,1203,2187717606912,34.23786819711538,0.0
3,0,1208,2188449133084,34.249316611015125,nan
3,3,1204,2189182718464,34.26079725160257,0.0
3,0,1209,2189916996189,34.27228872741699,nan
3,3,1205,2190647287296,34.2837178125,0.0
3,0,1210,2191379151014,34.29517150900816,nan
3,3,1206,2192112529920,34.30664891826923,0.0
3,0,1211,2192846593753,34.31813704666529,nan
3,3,1207,2193577758208,34.329579799679486,0.0
3,0,1212,2194980373401,34.351530783644456,nan
3,3,1208,2195709571584,34.362942764423074,0.0
3,0,1213,2196442187758,34.374408236897786,nan
3,3,1209,2197175318528,34.38588176282052,0.0
3,0,1214,2197909009440,34.39736405498798,nan
3,3,1210,2198640592896,34.40881336538462,0.0
3,0,1215,2200042555111,34.43075413021772,nan
3,3,1211,2200772607488,34.44217947916667,0.0
3,0,1216,2201503659822,34.45362047748272,nan
3,3,1212,2202232464384,34.46502629807692,0.0
3,0,1217,2202964685681,34.476485590710766,nan
3,3,1213,2203698047488,34.4879627323718,0.0
3,0,1218,2204431855037,34.499446849912985,nan
3,3,1214,2205163464192,34.5108965625,0.0
3,0,1219,2205893014520,34.52231405436198,nan
3,3,1215,2207295061504,34.54425614583334,0.0
3,0,1220,2208026521785,34.555703528536284,nan
3,3,1216,2208759950336,34.56718171474359,0.0
3,0,1221,2209493350646,34.578659458978116,nan
3,3,1217,2210224994816,34.590109719551286,0.0
3,0,1222,2210954699581,34.6015296283585,nan
3,3,1218,2211685121536,34.61296076121795,0.0
3,0,1223,2212416209284,34.62440231376453,nan
3,3,1219,2213145692672,34.635818758012825,0.0
3,0,1224,2213877337555,34.647269029744464,nan
3,3,1220,2214606402560,34.65867892628205,0.0
3,0,1225,2216011582605,34.68067005028358,nan
3,3,1221,2216744534016,34.69214076923077,0.0
3,0,1226,2217479447247,34.70364219073956,nan
3,3,1222,2218210360832,34.71508101762821,0.0
3,0,1227,2218941399302,34.72652179897211,nan
3,3,1223,2219670455296,34.73793155448718,0.0
3,0,1228,2220403210071,34.74939919607309,nan
3,3,1224,2221136370688,34.76087318910257,0.0
3,0,1229,2221870245782,34.772358363725715,nan
3,3,1225,2223274096640,34.79432868589744,0.0
3,0,1230,2224004210255,34.80575499322353,nan
3,3,1226,2224734476800,34.81718369391026,0.0
3,0,1231,2225466127507,34.828634056787735,nan
3,3,1227,2226200337920,34.84012447916667,0.0
3,0,1232,2226933435088,34.85159747921675,nan
3,3,1228,2227666238976,34.863065889423076,0.0
3,0,1233,2228400398094,34.87455550903321,nan
3,3,1229,2229131991552,34.88600497596154,0.0
3,0,1234,2229861995865,34.897429572706955,nan
3,3,1230,2230592134656,34.90885627403846,0.0
3,0,1235,2231995977744,34.930826474609376,nan
3,3,1231,2232729988608,34.94231377403846,0.0
3,0,1236,2233462709843,34.95378089072203,nan
3,3,1232,2234196007424,34.96525702724359,0.0
3,0,1237,2234930116232,34.9767458595002,nan
3,3,1233,2235661660672,34.988194559294875,0.0
3,0,1238,2236391446225,34.999615732437526,nan
3,3,1234,2237121588224,35.01104248397436,0.0
3,0,1239,2238525360519,35.033011576631985,nan
3,3,1235,2239254513152,35.044422844551285,0.0
3,0,1240,2239987261388,35.05589038380158,nan
3,3,1236,2240720535552,35.06736615384615,0.0
3,0,1241,2241454791177,35.0788572837947,nan
3,3,1237,2242186497024,35.09030850961538,0.0
3,0,1242,2242916501079,35.101733102323095,nan
3,3,1238,2243646704640,35.113160817307694,0.0
3,0,1243,2244378505884,35.124613536095254,nan
3,3,1239,2245112053760,35.13609358974359,0.0
3,0,1244,2246518373205,35.158102545400766,nan
3,3,1240,2247249341440,35.1695422275641,0.0
3,0,1245,2247980463000,35.18098430926983,nan
3,3,1241,2248709164032,35.192388509615384,0.0
3,0,1246,2249442402788,35.20386372552334,nan
3,3,1242,2250174667776,35.215323701923076,0.0
3,0,1247,2251576641695,35.237264649924256,nan
3,3,1243,2252307073024,35.248695929487184,0.0
3,0,1248,2253038578396,35.26014401786609,nan
3,3,1244,2253772400128,35.271628357371796,0.0
3,0,1249,2254505809701,35.28310624657264,nan
3,3,1245,2255238375936,35.2945709375,0.0
3,0,1250,2255973239139,35.30607157606858,nan
3,3,1246,2256704398848,35.31751425480769,0.0
3,0,1251,2257435237805,35.32895191376515,nan
3,3,1247,2258836513280,35.350881931089745,0.0
3,0,1252,2259569154666,35.362347798133264,nan
3,3,1248,2260302188032,35.37381979967949,0.0
3,0,1253,2261036482217,35.38531153309358,nan
3,3,1249,2261768181760,35.396762660256414,0.0
3,0,1254,2262498830072,35.40819733561198,nan
3,3,1250,2263228617728,35.419618541666665,0.0
3,0,1255,2263960812348,35.431077416804385,nan
3,3,1251,2264694681600,35.4425625,0.0
3,0,1256,2266101090805,35.46457286040477,nan
3,3,1252,2266832756224,35.47602345352564,0.0
3,0,1257,2267563324472,35.487456875876404,nan
3,3,1253,2268293095936,35.49887782852564,0.0
3,0,1258,2269025104001,35.51033378407014,nan
3,3,1254,2269758825984,35.5218165625,0.0
3,0,1259,2270492705987,35.533301813949194,nan
3,3,1255,2271224873984,35.5447602724359,0.0
3,0,1260,2272627556224,35.5667123056891,nan
3,3,1256,2273357563392,35.57813694711538,0.0
3,0,1261,2274089420746,35.58959054402669,nan
3,3,1257,2274823202816,35.60107426282051,0.0
3,0,1262,2275556311569,35.61254744417631,nan
3,3,1258,2276288750592,35.62401014423077,0.0
3,0,1263,2277023612493,35.635510762423,nan
3,3,1259,2278426718208,35.657469423076925,0.0
3,0,1264,2279158118670,35.668915869610125,nan
3,3,1260,2279887088640,35.68032427884616,0.0
3,0,1265,2280619552091,35.69178736119979,nan
3,3,1261,2281353176576,35.70326861378205,0.0
3,0,1266,2282086748054,35.71474903680264,nan
3,3,1262,2282819277824,35.72621315705128,0.0
3,0,1267,2283553974752,35.73771119340945,nan
3,3,1263,2284284955648,35.74915107371795,0.0
3,0,1268,2285015376428,35.7605821881886,nan
3,3,1264,2286417362944,35.78252333333334,0.0
3,0,1269,2287149777635,35.79398565259102,nan
3,3,1265,2287882908160,35.80545917467949,0.0
3,0,1270,2288616696102,35.816942985370346,nan
3,3,1266,2289348219904,35.82839136217949,0.0
3,0,1271,2290078426990,35.83981913233048,nan
3,3,1267,2290808258048,35.851241017628205,0.0
3,0,1272,2291540281277,35.86269721048991,nan
3,3,1268,2292274255360,35.87418393429487,0.0
3,0,1273,2293679757937,35.89618010593512,nan
3,3,1269,2294412684288,35.90765043269231,0.0
3,0,1274,2295146943667,35.9191416213911,nan
3,3,1270,2295878130176,35.930584719551284,0.0
3,0,1275,2296608361720,35.942012872470954,nan
3,3,1271,2297338404352,35.95343806891026,0.0
3,0,1276,2298742111677,35.975406144784785,nan
3,3,1272,2299475512832,35.98688390224359,0.0
3,0,1277,2300209444343,35.99836995979505,nan
3,3,1273,2300940457984,36.0098103525641,0.0
3,0,1278,2301670798394,36.021240209241036,nan
3,3,1274,2302399799296,36.0326491025641,0.0
3,0,1279,2303132336261,36.04411333541479,nan
3,3,1275,2303864836608,36.05557699519231,0.0
3,0,1280,2304599609535,36.06707622093788,nan
3,3,1276,2305330338304,36.07851215544872,0.0
3,0,1281,2306061036803,36.08994761623285,nan
3,3,1277,2307462793216,36.11188516025641,0.0
3,0,1282,2308195368904,36.1233499991236,nan
3,3,1278,2308928157184,36.134818165064104,0.0
3,0,1283,2309662320121,36.146307844441736,nan
3,3,1279,2310393115136,36.15774481570513,0.0
3,0,1284,2311123743315,36.16917917597844,nan
3,3,1280,2311852617728,36.18058608974359,0.0
3,0,1285,2312585434261,36.192054697844675,nan
3,3,1281,2313990888448,36.214050112179486,0.0
3,0,1286,2314724836160,36.22553642327725,nan
3,3,1282,2315456818176,36.23699197115385,0.0
3,0,1287,2316186542467,36.24841218554375,nan
3,3,1283,2317589608448,36.27037022435898,0.0
3,0,1288,2318320666185,36.281811307232196,nan
3,3,1284,2319050118144,36.293227259615385,0.0
3,0,1289,2319782189710,36.30468420895308,nan
3,3,1285,2320516399616,36.31617462339744,0.0
3,0,1290,2321249586372,36.327649025503305,nan
3,3,1286,2321982577664,36.33912036858975,0.0
3,0,1291,2322717267722,36.35061829743214,nan
3,3,1287,2323448442368,36.362061209935895,0.0
3,0,1292,2324851515330,36.38401935800406,nan
3,3,1288,2325581035520,36.395436378205126,0.0
3,0,1293,2326313430024,36.406898381535456,nan
3,3,1289,2327046399488,36.41836938301282,0.0
3,0,1294,2328452600512,36.4403764853766,nan
3,3,1290,2329183965184,36.451822371794876,0.0
3,0,1295,2329914744576,36.46325909855769,nan
3,3,1291,2330643846144,36.47466956730769,0.0
3,0,1296,2331376335182,36.48613305009891,nan
3,3,1292,2332109241856,36.49760306891026,0.0
3,0,1297,2332843626384,36.509096216195914,nan
3,3,1293,2333574093312,36.520528052884615,0.0
3,0,1298,2334305559004,36.53197552026993,nan
3,3,1294,2335039125504,36.543455865384615,0.0
3,0,1299,2335773255195,36.55494502446101,nan
3,3,1295,2337180683264,36.57697133012821,0.0
3,0,1300,2337913256139,36.58843612497183,nan
3,3,1296,2338645072896,36.59988908653846,0.0
3,0,1301,2339375765776,36.61132445938502,nan
3,3,1297,2340104370176,36.622727147435896,0.0
3,0,1302,2341510400982,36.64473158588116,nan
3,3,1298,2342242036224,36.65618170673077,0.0
3,3,1299,2342290190848,36.65693532852564,0.0
3,3,1300,2343682053632,36.678718036858974,0.0
3,3,1301,2345077176832,36.700551770833336,0.0
3,0,1304,2346462514615,36.7222323626396,nan
3,3,1302,2347192596480,36.733658173076925,0.0
3,0,1305,2347924758515,36.74511653825809,nan
3,3,1303,2348658420736,36.75659838141026,0.0
3,0,1306,2349392057908,36.76807983254457,nan
3,3,1304,2350124201984,36.77953791666667,0.0
3,0,1307,2351526271219,36.801480356367065,nan
3,3,1305,2352256918528,36.81291501602564,0.0
3,0,1308,2352988434739,36.824363274035335,nan
3,3,1306,2353717050880,36.83576614583333,0.0
3,0,1309,2354450905464,36.84725099947416,nan
3,3,1307,2355182787584,36.85870498397436,0.0
3,0,1310,2355913496520,36.870140608097955,nan
3,3,1308,2357315662336,36.89208455929487,0.0
3,0,1311,2358048791162,36.90355805479392,nan
3,3,1309,2358781677568,36.91502775641026,0.0
3,0,1312,2359516882620,36.92653374492939,nan
3,3,1310,2360247688192,36.93797088141026,0.0
3,0,1313,2360979728134,36.94942733583108,nan
3,3,1311,2361713577472,36.9609121073718,0.0
3,0,1314,2362447922506,36.97240463657477,nan
3,3,1312,2363179084288,36.98384734775641,0.0
3,0,1315,2363910100869,36.995287786536586,nan
3,3,1313,2364639315456,37.006700024038466,0.0
3,0,1316,2366045662272,37.02870940805288,nan
3,3,1314,2366776650240,37.04014939903846,0.0
3,0,1317,2367508034192,37.0515955871895,nan
3,3,1315,2368236979200,37.06300360576923,0.0
3,0,1318,2368970466511,37.07448271157289,nan
3,3,1316,2369702799360,37.08594375,0.0
3,0,1319,2370432595233,37.09736508465107,nan
3,3,1317,2371835404800,37.119319110576924,0.0
3,0,1320,2372567145950,37.13077088889098,nan
3,3,1318,2373301035520,37.142256290064104,0.0
3,0,1321,2374034560547,37.15373598612467,nan
3,3,1319,2374767033344,37.16519921474359,0.0
3,0,1322,2375496922737,37.17662201298641,nan
3,3,1320,2376899589632,37.19857380608975,0.0
3,0,1323,2377631155490,37.21002284107698,nan
3,3,1321,2378365214720,37.2215108974359,0.0
3,0,1324,2379099033956,37.232995197879106,nan
3,3,1322,2379830577152,37.24444387820513,0.0
3,0,1325,2380561537463,37.25588343635755,nan
3,3,1323,2381290422272,37.267290512820516,0.0
3,0,1326,2382024381947,37.2787770111397,nan
3,3,1324,2382756007424,37.29022697916667,0.0
3,0,1327,2383486624318,37.30166116282928,nan
3,3,1325,2384888017920,37.323593028846155,0.0
3,0,1328,2385621485816,37.33507183080429,nan
3,3,1326,2386353158656,37.3465225400641,0.0
3,0,1329,2387083588929,37.357953803100585,nan
3,3,1327,2387812956160,37.36936842948718,0.0
3,0,1330,2388545292167,37.38082951733711,nan
3,3,1328,2389277870080,37.392294391025644,0.0
3,0,1331,2390679633994,37.414232052440155,nan
3,3,1329,2391408978432,37.425646322115384,0.0
3,0,1332,2392141698188,37.43711341565255,nan
3,3,1330,2392873473536,37.44856572916667,0.0
3,0,1333,2393603517665,37.45999094903408,nan
3,3,1331,2394332782592,37.47140397435898,0.0
3,0,1334,2395065348395,37.48286865852552,nan
3,3,1332,2396469617152,37.504845520833335,0.0
3,0,1335,2397199907301,37.5162745909236,nan
3,3,1333,2397929119744,37.5276867948718,0.0
3,0,1336,2398661554731,37.539149431762695,nan
3,3,1334,2399394208768,37.550615496794876,0.0
3,0,1337,2400128393326,37.56210551454202,nan
3,3,1335,2400859623424,37.573549294871796,0.0
3,0,1338,2401590102709,37.584981324948046,nan
3,3,1336,2402319831552,37.596401610576926,0.0
3,0,1339,2403051892477,37.607858393382536,nan
3,3,1337,2404457558528,37.629857123397436,0.0
3,0,1340,2405192951728,37.641366056440305,nan
3,0,1341,2405241566076,37.6421268729342,nan
3,3,1338,2405976985600,37.653636217948716,0.0
3,0,1342,2406711503269,37.66513144889636,nan
3,3,1339,2408115174400,37.68709895833334,0.0
3,0,1343,2408846024803,37.69853679642115,nan
3,3,1340,2409575746560,37.70995697115385,0.0
3,0,1344,2410308151474,37.72141913740109,nan
3,3,1341,2411041543168,37.73289674679487,0.0
3,0,1345,2411775335659,37.74438062867776,nan
3,3,1342,2412507740672,37.75584279647436,0.0
3,0,1346,2413237079353,37.76725697605231,nan
3,3,1343,2413968749568,37.77870764423077,0.0
3,0,1347,2414698878333,37.790134188654974,nan
3,3,1344,2416101905408,37.81209161858975,0.0
3,0,1348,2416833684535,37.823543991245366,nan
3,3,1345,2417562824192,37.83495505608975,0.0
3,0,1349,2418968660212,37.856956446126304,nan
3,3,1346,2419701236736,37.868421298076925,0.0
3,0,1350,2420435968818,37.8799198845966,nan
3,3,1347,2421167957504,37.89137553685897,0.0
3,0,1351,2421897982330,37.90280045463366,nan
3,3,1348,2422629372928,37.91424674679487,0.0
3,0,1352,2423360406473,37.92568745106232,nan
3,3,1349,2424090702336,37.93711661057692,0.0
3,0,1353,2424822261772,37.948565545059594,nan
3,3,1350,2425551886848,37.95998420673077,0.0
3,0,1354,2426957164235,37.981976854138495,nan
3,3,1351,2427691238400,37.99346514423077,0.0
3,0,1355,2428424802058,38.00494544486804,nan
3,3,1352,2429157724672,38.01641571314103,0.0
3,0,1356,2430565022143,38.03843997494429,nan
3,3,1353,2431296252416,38.04988375801282,0.0
3,0,1357,2432027686922,38.061330737335986,nan
3,3,1354,2432756830208,38.07274185897436,0.0
3,0,1358,2433489873999,38.08421402367225,nan
3,3,1355,2434222895616,38.09568584134615,0.0
3,0,1359,2434957726351,38.10718597178924,nan
3,3,1356,2435688861184,38.11862826121795,0.0
3,0,1360,2437092282708,38.140591864295374,nan
3,3,1357,2437821702656,38.15200731570513,0.0
3,0,1361,2438554900884,38.163481897348255,nan
3,3,1358,2439287820800,38.17495212339744,0.0
3,0,1362,2440017857505,38.18637722707895,nan
3,3,1359,2440748422144,38.19781059294872,0.0
3,0,1363,2441480417328,38.209266346905046,nan
3,3,1360,2442214027264,38.22074737179487,0.0
3,0,1364,2442947921525,38.23223284638234,nan
3,3,1361,2444352086016,38.25420807692308,0.0
3,0,1365,2445083811119,38.26565960410094,nan
3,3,1362,2445812850688,38.277069102564106,0.0
3,0,1366,2446546181493,38.28854575904259,nan
3,3,1363,2447279076352,38.30001559294872,0.0
3,0,1367,2448013643193,38.31151159344013,nan
3,3,1364,2448745258496,38.32296140224359,0.0
3,0,1368,2449475551741,38.334390520786386,nan
3,3,1365,2450878699520,38.356349839743594,0.0
3,0,1369,2451610499267,38.36780253510304,nan
3,3,1366,2452339578368,38.37921265224359,0.0
3,0,1370,2453072815881,38.39068784869854,nan
3,3,1367,2453806101504,38.40216379807693,0.0
3,0,1371,2454540376394,38.41365522952349,nan
3,3,1368,2455272587264,38.42511435897436,0.0
3,0,1372,2456674732546,38.447057988813356,nan
3,3,1369,2457405839872,38.458499847756414,0.0
3,0,1373,2458136873042,38.4699405461551,nan
3,3,1370,2458866444288,38.481358365384615,0.0
3,0,1374,2459598984866,38.4928226547789,nan
3,3,1371,2460332438528,38.50430123397436,0.0
3,0,1375,2461066473186,38.5157889057805,nan
3,3,1372,2461798922752,38.52725177083333,0.0
3,0,1376,2462528790313,38.53867422740447,nan
3,3,1373,2463259666944,38.55011247596154,0.0
3,0,1377,2463991237491,38.561561584331805,nan
3,3,1374,2465392098816,38.58348512019231,0.0
3,0,1378,2466125791280,38.59496743664864,nan
3,3,1375,2467529943552,38.61694247596154,0.0
3,0,1379,2468260541166,38.628376357891376,nan
3,3,1376,2468990554624,38.63980109775641,0.0
3,0,1380,2469722925364,38.65126272917919,nan
3,3,1377,2470456422912,38.662741995192306,0.0
3,0,1381,2471190820716,38.6742353502479,nan
3,3,1378,2471922397184,38.68568455128205,0.0
3,0,1382,2472653764025,38.69713047164526,nan
3,3,1379,2473383513600,38.70855108173077,0.0
3,0,1383,2474116884481,38.72002836540027,nan
3,3,1380,2474850056192,38.73150253205128,0.0
3,0,1384,2476258209977,38.75354019520295,nan
3,3,1381,2476989143552,38.7649793349359,0.0
3,0,1385,2477721055991,38.77643379392966,nan
3,3,1382,2478450113536,38.78784357371795,0.0
3,0,1386,2479856991673,38.80986127292731,nan
3,3,1383,2480588347904,38.82130702724359,0.0
3,0,1387,2481320015869,38.83275766020946,nan
3,3,1384,2482048733184,38.84416211538462,0.0
3,0,1388,2482782734412,38.85564926400992,nan
3,3,1385,2483514886656,38.86710747596154,0.0
3,0,1389,2484244640400,38.878528151292066,nan
3,3,1386,2484975586816,38.88996749198718,0.0
3,0,1390,2485706558163,38.90140722285344,nan
3,3,1387,2487108198400,38.92334294871795,0.0
3,0,1391,2487841068432,38.93481239408053,nan
3,3,1388,2488574228480,38.94628637820513,0.0
3,0,1392,2489309060053,38.95778652176295,nan
3,3,1389,2490040244224,38.96922958333334,0.0
3,0,1393,2490771578909,38.98067500045385,nan
3,3,1390,2491500307968,38.992079639423075,0.0
3,0,1394,2492234243173,39.00356575478578,nan
3,3,1391,2492965904896,39.0150162900641,0.0
3,0,1395,2493696662191,39.02645267100799,nan
3,3,1392,2494426085888,39.03786818108974,0.0
3,0,1396,2495832226150,39.059874332525794,nan
3,3,1393,2496563555328,39.07131966346154,0.0
3,0,1397,2497294539186,39.08275959012545,nan
3,3,1394,2498024052736,39.09417650641026,0.0
3,0,1398,2498756807672,39.10564415051583,nan
3,3,1395,2499490102272,39.117120240384615,0.0
3,0,1399,2500224352826,39.128611290971804,nan
3,3,1396,2500956027904,39.14006203525641,0.0
3,0,1400,2501686156420,39.15148857578375,nan
3,3,1397,2502416350720,39.162916145833336,0.0
3,0,1401,2503820558662,39.184892056383966,nan
3,3,1398,2504554520064,39.19637858173077,0.0
3,0,1402,2505288029568,39.20785803485577,nan
3,3,1399,2506020820480,39.21932624198718,0.0
3,0,1403,2507427365429,39.24133872679099,nan
3,3,1400,2508159030272,39.252789310897434,0.0
3,0,1404,2508889351295,39.26421886416704,nan
3,3,1401,2509619332608,39.27564310096154,0.0
3,0,1405,2510351021768,39.28709406563001,nan
3,3,1402,2511079691776,39.29849778044872,0.0
3,0,1406,2511812995849,39.30997401857034,nan
3,3,1403,2512545213952,39.32143326121795,0.0
3,0,1407,2513275110741,39.33285617520846,nan
3,3,1404,2514005340672,39.34428430288462,0.0
3,0,1408,2514737191848,39.355737803109974,nan
3,3,1405,2516138766336,39.3776725,0.0
3,0,1409,2516872198750,39.38915074666341,nan
3,3,1406,2517605109248,39.400620825320516,0.0
3,0,1410,2518339975840,39.41212151692709,nan
3,3,1407,2519070942720,39.423561177884615,0.0
3,0,1411,2519802429669,39.435008977942836,nan
3,3,1408,2520531724800,39.44642247596154,0.0
3,0,1412,2521937608608,39.46842461388221,nan
3,3,1409,2522670303232,39.47989131410257,0.0
3,0,1413,2523404828643,39.49138666621282,nan
3,3,1410,2524136461824,39.502836754807696,0.0
3,0,1414,2524866255917,39.51425806160169,nan
3,3,1411,2525597295104,39.52569885416667,0.0
3,0,1415,2526327496812,39.537126540151746,nan
3,3,1412,2527730442240,39.55908269230769,0.0
3,0,1416,2528462380846,39.57053756081606,nan
3,3,1413,2529196802560,39.5820312900641,0.0
3,0,1417,2529929520489,39.59349835500864,nan
3,3,1414,2530663137792,39.60497949519231,0.0
3,0,1418,2531396715440,39.61646001477364,nan
3,3,1415,2532129266176,39.62792446314103,0.0
3,0,1419,2532858672632,39.639339703400445,nan
3,3,1416,2533589765120,39.650781330128204,0.0
3,0,1420,2534319822396,39.662206755746695,nan
3,3,1417,2535050383872,39.67364007211538,0.0
3,0,1421,2536454468336,39.69561405023037,nan
3,3,1418,2537183828992,39.70702857371795,0.0
3,0,1422,2537916627259,39.718496895955404,nan
3,3,1419,2538650123264,39.729976137820515,0.0
3,0,1423,2539384357244,39.741466929023936,nan
3,3,1420,2540788236288,39.76343769230769,0.0
3,0,1424,2541519117882,39.774876018535906,nan
3,3,1421,2542248496640,39.78629082532051,0.0
3,0,1425,2542981269119,39.79775874397473,nan
3,3,1422,2543714011648,39.809226193910256,0.0
3,0,1426,2544448900285,39.82072723052196,nan
3,3,1423,2545179476480,39.832160777243594,0.0
3,0,1427,2545910686970,39.843604250707386,nan
3,3,1424,2547312067584,39.86553591346154,0.0
3,0,1428,2548045118396,39.87700818803836,nan
3,3,1425,2548778214400,39.888481169871795,0.0
3,0,1429,2549512559100,39.899973693847656,nan
3,3,1426,2550244360704,39.91142641826923,0.0
3,0,1430,2550974418508,39.92285185215094,nan
3,3,1427,2551705019392,39.934285785256414,0.0
3,0,1431,2552435744914,39.94572166895157,nan
3,3,1428,2553165475328,39.95714197916667,0.0
3,0,1432,2553897225935,39.96859390548315,nan
3,3,1429,2555298878464,39.99052982371795,0.0
3,0,1433,2556031012755,40.0019877547044,nan
3,3,1430,2556764536320,40.01346742788461,0.0
3,0,1434,2558170927171,40.035477501048554,nan
3,3,1431,2558902503424,40.04692669871795,0.0
3,0,1435,2559632760982,40.058355258757764,nan
3,3,1432,2560362730496,40.06977931089744,0.0
3,0,1436,2561094553309,40.08123236724071,nan
3,3,1433,2561828287488,40.09271533653846,0.0
3,0,1437,2562561513247,40.104190349042845,nan
3,3,1434,2563294191616,40.115656794871796,0.0
3,0,1438,2564027980128,40.127140614483174,nan
3,3,1435,2565432189440,40.14911654647436,0.0
3,0,1439,2566161863712,40.16053597806491,nan
3,3,1436,2566892627968,40.17197246794872,0.0
3,0,1440,2568296380634,40.19394125341171,nan
3,3,1437,2569025217024,40.205347572115386,0.0
3,0,1441,2569758556444,40.21682436341897,nan
3,3,1438,2570491229184,40.22829072115385,0.0
3,0,1442,2571221248363,40.23971555055276,nan
3,3,1439,2571951753216,40.25114798076923,0.0
3,0,1443,2572683810226,40.26260470230494,nan
3,3,1440,2573417707520,40.27409022435898,0.0
3,0,1444,2574151728627,40.28557768409142,nan
3,3,1441,2574883446784,40.2970291025641,0.0
3,0,1445,2576286559406,40.31898787131285,nan
3,3,1442,2577015751680,40.33039975961539,0.0
3,0,1446,2577749279473,40.34187949896397,nan
3,3,1443,2578481356288,40.35333653044872,0.0
3,0,1447,2579211521344,40.36476364282853,nan
3,3,1444,2579941491200,40.376187700320514,0.0
3,0,1448,2580673121154,40.387637738412714,nan
3,3,1445,2581402215936,40.39904810096154,0.0
3,0,1449,2582134717908,40.410511786170375,nan
3,3,1446,2583540307968,40.432509326923075,0.0
3,0,1450,2584274319503,40.44399663685334,nan
3,3,1447,2585006342144,40.455452820512825,0.0
3,0,1451,2585735831761,40.46686936224522,nan
3,3,1448,2587139698688,40.48883993589744,0.0
3,0,1452,2587869992847,40.500269068744366,nan
3,3,1449,2588600551424,40.51170233974359,0.0
3,0,1453,2589331762657,40.52314582483536,nan
3,3,1450,2590061721088,40.53456970352564,0.0
3,0,1454,2590793326630,40.54601935956906,nan
3,3,1451,2591522316288,40.55742807692308,0.0
3,0,1455,2592255406699,40.56890097122584,nan
3,3,1452,2592988671488,40.58037659455128,0.0
3,0,1456,2593723101874,40.59187045951648,nan
3,3,1453,2595127893504,40.613855504807695,0.0
3,0,1457,2595862427488,40.62535099108574,nan
3,3,1454,2596594442240,40.636807051282055,0.0
3,0,1458,2597996803623,40.65875406311035,nan
3,3,1455,2598727703040,40.67019266826923,0.0
3,0,1459,2599458181740,40.68162468919021,nan
3,3,1456,2600188320768,40.69305139423077,0.0
3,0,1460,2600920215224,40.704505571789866,nan
3,3,1457,2601654289920,40.71599387019231,0.0
3,0,1461,2602388115710,40.72747827320588,nan
3,3,1458,2603120220672,40.73893574519231,0.0
3,0,1462,2603850935102,40.75037145529723,nan
3,3,1459,2604581017088,40.761797267628204,0.0
3,0,1463,2605313427331,40.77325951727452,nan
3,3,1460,2606720118272,40.79527428685898,0.0
3,0,1464,2607454560827,40.80676834226951,nan
3,3,1461,2608185940992,40.818214471153844,0.0
3,0,1465,2608916886141,40.82965379202036,nan
3,3,1462,2609647176192,40.841082860576925,0.0
3,0,1466,2610379059907,40.85253687003894,nan
3,3,1463,2611108697600,40.86395572916667,0.0
3,0,1467,2612513849723,40.88594641618778,nan
3,3,1464,2613247079936,40.897421498397435,0.0
3,0,1468,2613982024640,40.908923412459934,nan
3,3,1465,2614712617472,40.920357219551285,0.0
3,0,1469,2615444425221,40.93181004014235,nan
3,3,1466,2616178557440,40.94329923878205,0.0
3,0,1470,2616911599180,40.95477137138171,nan
3,3,1467,2617644213760,40.96623681891026,0.0
3,0,1471,2619051561212,40.98826186291817,nan
3,3,1468,2619781687808,40.99968837339744,0.0
3,0,1472,2620513229640,41.0111370323768,nan
3,3,1469,2621247285248,41.02262503205128,0.0
3,0,1473,2621980624769,41.034101824935526,nan
3,3,1470,2622713270784,41.045567764423076,0.0
3,0,1474,2623447903169,41.05706479068071,nan
3,3,1471,2624179830272,41.06851947916667,0.0
3,0,1475,2624909496336,41.07993878230168,nan
3,3,1472,2625641265152,41.09139099358975,0.0
3,0,1476,2627043425998,41.11333486700596,nan
3,3,1473,2627775353344,41.124789559294875,0.0
3,0,1477,2628504633624,41.13620282489483,nan
3,3,1474,2629236103168,41.147650352564106,0.0
3,0,1478,2629965413222,41.15906408412835,nan
3,3,1475,2630696756736,41.17050963942308,0.0
3,0,1479,2631426316208,41.181927274389025,nan
3,3,1476,2632157534720,41.193370873397434,0.0
3,0,1480,2633559693423,41.21531471327562,nan
3,3,1477,2634290972672,41.226759262820515,0.0
3,0,1481,2635021035189,41.23818477046086,nan
3,3,1478,2635751645184,41.24961884615385,0.0
3,0,1482,2637154424692,41.27157240165515,nan
3,3,1479,2637883981824,41.28299,0.0
3,0,1483,2638615883205,41.294444285935626,nan
3,3,1480,2639350215680,41.30593661858975,0.0
3,0,1484,2640083314180,41.31740963948568,nan
3,3,1481,2640816450560,41.32888325320513,0.0
3,0,1485,2641551094845,41.340380465698246,nan
3,3,1482,2642282517504,41.35182725961538,0.0
3,0,1486,2643013151375,41.36326170896873,nan
3,3,1483,2643742694912,41.37467909455128,0.0
3,0,1487,2644475043530,41.38614037976387,nan
3,3,1484,2645879917568,41.40812671474359,0.0
3,0,1488,2646609547661,41.41954545493102,nan
3,3,1485,2648011497472,41.44148602564103,0.0
3,0,1489,2648744110158,41.4529514435284,nan
3,3,1486,2649476841984,41.464418725961536,0.0
3,0,1490,2650211738260,41.4759198821239,nan
3,3,1487,2650942289408,41.48735303685898,0.0
3,0,1491,2651674110689,41.49880606922639,nan
3,3,1488,2652407919616,41.51029020833334,0.0
3,0,1492,2653142158623,41.521781078209514,nan
3,3,1489,2653873846784,41.53323202724359,0.0
3,0,1493,2654604066668,41.544659997683794,nan
3,3,1490,2655334196736,41.5560865625,0.0
3,0,1494,2656066193847,41.56754234661396,nan
3,3,1491,2657472877056,41.58955699519231,0.0
3,0,1495,2658205955187,41.601029697312576,nan
3,3,1492,2658938992128,41.612501754807695,0.0
3,0,1496,2659673152187,41.62399138914451,nan
3,3,1493,2660404698112,41.63544011217949,0.0
3,0,1497,2661134923513,41.646868168960964,nan
3,3,1494,2661865447936,41.65830090544872,0.0
3,0,1498,2662596890435,41.66974800986266,nan
3,3,1495,2663326159360,41.68116109775641,0.0
3,0,1499,2664058695059,41.69262531079415,nan
3,3,1496,2664792186880,41.704104487179485,0.0
3,0,1500,2666198960717,41.72612055408967,nan
3,3,1497,2666930637824,41.737571330128205,0.0
3,0,1501,2667661345432,41.74900693346855,nan
3,3,1498,2668391407616,41.760432435897435,0.0
3,0,1502,2669123562209,41.771890684611,nan
3,3,1499,2669857509376,41.78337698717949,0.0
3,0,1503,2670591151919,41.79485852237017,nan
3,3,1500,2671323484160,41.80631955128205,0.0
3,0,1504,2672053011312,41.817736680438706,nan
3,3,1501,2673455834112,41.83969091346154,0.0
3,0,1505,2674187641906,41.85114373475686,nan
3,3,1502,2674921272832,41.86262508814103,0.0
3,0,1506,2675655270520,41.874112181365184,nan
3,3,1503,2676387144192,41.885566033653845,0.0
3,0,1507,2677117570241,41.89699723058456,nan
3,3,1504,2678519421952,41.91893626602564,0.0
3,0,1508,2679252048254,41.93040189700396,nan
3,3,1505,2679985039360,41.941873237179486,0.0
3,0,1509,2680718912451,41.953358380455605,nan
3,3,1506,2681450637824,41.96480991185898,0.0
3,0,1510,2682180718096,41.97623569736579,nan
3,3,1507,2682910559232,41.98765774038462,0.0
3,0,1511,2683643503705,41.99912835075183,nan
3,3,1508,2684376346624,42.01059737179487,0.0
3,0,1512,2685779302681,42.032553690295096,nan
3,3,1509,2686509102080,42.043975080128206,0.0
3,0,1513,2687242316137,42.05544990949582,nan
3,3,1510,2687975017984,42.06691672275641,0.0
3,0,1514,2689377449002,42.08886482437525,nan
3,3,1511,2690107711488,42.10029346153846,0.0
3,0,1515,2690839661171,42.11174850340232,nan
3,3,1512,2691573425664,42.123231947115386,0.0
3,0,1516,2692307075255,42.13471359260755,nan
3,3,1513,2693039016960,42.146168509615386,0.0
3,0,1517,2693768635648,42.157587071314104,nan
3,3,1514,2694499376640,42.169023197115386,0.0
3,0,1518,2695230296403,42.18046212068998,nan
3,3,1515,2696631664128,42.20239358173077,0.0
3,0,1519,2697364913679,42.213868966580904,nan
3,3,1516,2698097225216,42.22532967147436,0.0
3,0,1520,2698827499107,42.23675848712628,nan
3,3,1517,2699557173760,42.24817792467949,0.0
3,0,1521,2700290057383,42.25964758274176,nan
3,3,1518,2701022431744,42.271109270833335,0.0
3,0,1522,2701752325881,42.28253214331994,nan
3,3,1519,2702482213376,42.293954911858975,0.0
3,0,1523,2703214589765,42.30541663168883,nan
3,3,1520,2703947644416,42.316888966346156,0.0
3,0,1524,2705354760181,42.33891038444324,nan
3,3,1521,2706085130240,42.350340705128204,0.0
3,0,1525,2706817035335,42.361795049188075,nan
3,3,1522,2707551163904,42.37328419070513,0.0
3,0,1526,2708284729479,42.38476452134353,nan
3,3,1523,2709017066496,42.396225625,0.0
3,0,1527,2709746753750,42.40764525975936,nan
3,3,1524,2710477415424,42.41908014423077,0.0
3,0,1528,2711881595792,42.441055623247195,nan
3,3,1525,2712614910464,42.45253202724359,0.0
3,0,1529,2713349220828,42.46402401385968,nan
3,3,1526,2714080427008,42.4754674198718,0.0
3,0,1530,2714811129394,42.48690294148763,nan
3,3,1527,2715540509696,42.4983177724359,0.0
3,0,1531,2716945394921,42.52030428249262,nan
3,3,1528,2717678077952,42.53177080128205,0.0
3,0,1532,2718407836473,42.54319155137282,nan
3,3,1529,2719137580032,42.554612067307694,0.0
3,0,1533,2719870122372,42.566076384277345,nan
3,3,1530,2720602395136,42.5775364823718,0.0
3,0,1534,2721332212179,42.588958148334214,nan
3,3,1531,2722062268928,42.60038356570513,0.0
3,0,1535,2723466074770,42.62235318337465,nan
3,3,1532,2724199806464,42.63383611378205,0.0
3,0,1536,2724933205731,42.645313841693586,nan
3,3,1533,2725665207296,42.65676969551282,0.0
3,0,1537,2726394166070,42.668177929531,nan
3,3,1534,2727796659200,42.69012700320513,0.0
3,0,1538,2728527840752,42.701570023788065,nan
3,3,1535,2729256312320,42.71297063301282,0.0
3,0,1539,2729989408323,42.724443614830605,nan
3,3,1536,2730721578496,42.73590210737179,0.0
3,0,1540,2731450868363,42.74731552300869,nan
3,3,1537,2732181254144,42.75874608974359,0.0
3,0,1541,2732912654037,42.77019252737192,nan
3,3,1538,2733641058816,42.781592091346155,0.0
3,0,1542,2734374380852,42.793068610589444,nan
3,3,1539,2735106647040,42.804528605769235,0.0
3,0,1543,2736513372659,42.82654391806578,nan
3,3,1540,2737245365248,42.837999631410256,0.0
3,0,1544,2737974743086,42.84941442379682,nan
3,3,1541,2738705860608,42.86085644230769,0.0
3,0,1545,2739436642943,42.87229321512858,nan
3,3,1542,2740166669824,42.8837181650641,0.0
3,0,1546,2740898439379,42.895170387917545,nan
3,3,1543,2741627473920,42.90657980769231,0.0
3,0,1547,2742360320286,42.91804888268104,nan
3,3,1544,2743093548544,42.92952393429487,0.0
3,0,1548,2743827783018,42.941014733229416,nan
3,3,1545,2745231778816,42.96298732371795,0.0
3,0,1549,2745962056251,42.97441619483361,nan
3,3,1546,2746692713472,42.98585100961539,0.0
3,0,1550,2747424061053,42.99729662855882,nan
3,3,1547,2748153571840,43.008713501602564,0.0
3,0,1551,2748885940419,43.0201750992056,nan
3,3,1548,2749619632640,43.03165741185897,0.0
3,0,1552,2750353207049,43.043137880749825,nan
3,3,1549,2751085683200,43.054601161858976,0.0
3,0,1553,2751815146838,43.06601729701898,nan
3,3,1550,2753219535872,43.08799604166667,0.0
3,0,1554,2753948891166,43.099410481238735,nan
3,3,1551,2754680749568,43.11086409455128,0.0
3,0,1555,2755410682482,43.12228757389949,nan
3,3,1552,2756814545408,43.1442580849359,0.0
3,0,1556,2757544322871,43.155679131469725,nan
3,3,1553,2758275622912,43.167124006410255,0.0
3,0,1557,2759005589368,43.17854801069211,nan
3,3,1554,2759736636928,43.189988934294874,0.0
3,0,1558,2760466527177,43.201411745934124,nan
3,3,1555,2761197795328,43.21285612179487,0.0
3,0,1559,2761927993366,43.224283750344306,nan
3,3,1556,2762659030528,43.23572451121795,0.0
3,0,1560,2763389229687,43.24715215731107,nan
3,3,1557,2764791938048,43.269104599358975,0.0
3,0,1561,2765523739951,43.28055732845991,nan
3,3,1558,2766252820992,43.29196747596154,0.0
3,0,1562,2766986135922,43.30344388399564,nan
3,3,1559,2767718916608,43.314911931089746,0.0
3,0,1563,2768453895102,43.3264143739671,nan
3,3,1560,2769185209344,43.33785947115385,0.0
3,0,1564,2770587802248,43.35981010629507,nan
3,3,1561,2771318892544,43.37125169871795,0.0
3,0,1565,2772049773266,43.38269001129933,nan
3,3,1562,2772779801088,43.39411497596154,0.0
3,0,1566,2773511381796,43.40556424335186,nan
3,3,1563,2774240760832,43.41697905448718,0.0
3,0,1567,2774973018485,43.428438916093874,nan
3,3,1564,2775707115008,43.43992755608974,0.0
3,0,1568,2776439864770,43.451395119222006,nan
3,3,1565,2777845731840,43.47339699519231,0.0
3,0,1569,2778579558008,43.484881404121595,nan
3,3,1566,2779312285696,43.49634862179487,0.0
3,0,1570,2780046446782,43.507838272204275,nan
3,3,1567,2780778659840,43.519297435897435,0.0
3,0,1571,2781508220677,43.530715092225684,nan
3,3,1568,2782239396864,43.54215802884615,0.0
3,0,1572,2782969921881,43.55359077463003,nan
3,3,1569,2783699334144,43.565006105769235,0.0
3,0,1573,2784431344049,43.5764620901098,nan
3,3,1570,2785836378624,43.598450937500004,0.0
3,0,1574,2786565941873,43.60986863157615,nan
3,3,1571,2787296468992,43.621301410256414,0.0
3,0,1575,2788027286717,43.63273873693222,nan
3,3,1572,2788756956672,43.64415810096154,0.0
3,0,1576,2789488937225,43.65561362594213,nan
3,3,1573,2790222560768,43.667094863782054,0.0
3,0,1577,2790956327255,43.6785783387013,nan
3,3,1574,2791688103424,43.69003066506411,0.0
3,0,1578,2793090948632,43.71198524877304,nan
3,3,1575,2793820769280,43.72340697115385,0.0
3,0,1579,2794552559217,43.734859512986404,nan
3,3,1576,2795286798848,43.74635039262821,0.0
3,0,1580,2796019190973,43.75781235872709,nan
3,3,1577,2796753008128,43.76929662660257,0.0
3,0,1581,2798158774136,43.79129692094852,nan
3,3,1578,2798890963968,43.80275572115385,0.0
3,0,1582,2799620743615,43.81417680186736,nan
3,3,1579,2800351470592,43.82561270833333,0.0
3,0,1583,2801082513932,43.83705356589293,nan
3,3,1580,2801811754496,43.8484662099359,0.0
3,0,1584,2802544324713,43.85993096318172,nan
3,3,1581,2803277711360,43.87140849358975,0.0
3,0,1585,2804011320500,43.88288950602214,nan
3,3,1582,2804742903808,43.89433881410257,0.0
3,0,1586,2806145075060,43.9162828503731,nan
3,3,1583,2806875106816,43.92770787660257,0.0
3,0,1587,2807606864830,43.9391599188389,nan
3,3,1584,2808340819968,43.950646346153846,0.0
3,0,1588,2809073929727,43.96211954325358,nan
3,3,1585,2809806208000,43.9735797275641,0.0
3,0,1589,2810535404121,43.98499167607234,nan
3,3,1586,2811266283008,43.996429959935895,0.0
3,0,1590,2811997212327,44.00786903306228,nan
3,3,1587,2812726098944,44.01927613782051,0.0
3,0,1591,2814131448689,44.04126991763384,nan
3,3,1588,2814863387136,44.05272478365385,0.0
3,0,1592,2815592866740,44.06414116868239,nan
3,3,1589,2816322999808,44.07556778044872,0.0
3,0,1593,2817054420485,44.08701454334748,nan
3,3,1590,2817783268352,44.09842104166667,0.0
3,0,1594,2818515468892,44.109880009452624,nan
3,3,1591,2819921350144,44.131882107371794,0.0
3,0,1595,2820654717716,44.14335933925531,nan
3,3,1592,2821387186176,44.1548225,0.0
3,0,1596,2822121446753,44.16631370744754,nan
3,3,1593,2822852813312,44.177759623397435,0.0
3,0,1597,2823582512557,44.189179445816436,nan
3,3,1594,2824312365056,44.20060166666667,0.0
3,0,1598,2825043884026,44.21204996785482,nan
3,3,1595,2826444380672,44.23396779647436,0.0
3,0,1599,2827177535677,44.24544170167581,nan
3,3,1596,2827909666304,44.25689957532052,0.0
3,0,1600,2828638452494,44.26830510839218,nan
3,3,1597,2829369805824,44.27975081730769,0.0
3,0,1601,2830099368801,44.29116850712703,nan
3,3,1598,2830829523968,44.30259546474359,0.0
3,0,1602,2831560307632,44.31403225836338,nan
3,3,1599,2832289024512,44.32543670673077,0.0
3,0,1603,2833021537278,44.336900560866134,nan
3,3,1600,2833753843200,44.34836117788462,0.0
3,0,1604,2835155331786,44.3702945304049,nan
3,3,1601,2835885516288,44.38172194711539,0.0
3,0,1605,2836616591632,44.39316330553886,nan
3,3,1602,2837345413120,44.40456939102564,0.0
3,0,1606,2838078096744,44.416035919095556,nan
3,3,1603,2838810646528,44.4275003525641,0.0
3,0,1607,2839545491373,44.43900070382925,nan
3,3,1604,2840275878912,44.45043129807692,0.0
3,0,1608,2841007047160,44.461874110451724,nan
3,3,1605,2841740495360,44.47335260416667,0.0
3,0,1609,2842473786433,44.48482863883777,nan
3,3,1606,2843877603328,44.50679842948718,0.0
3,0,1610,2844607900927,44.51822761617025,nan
3,3,1607,2845337476608,44.5296455048077,0.0
3,0,1611,2846069841235,44.541107040561776,nan
3,3,1608,2846803293696,44.55258560096154,0.0
3,0,1612,2847537120659,44.56407002233261,nan
3,3,1609,2848268991488,44.575523830128205,0.0
3,0,1613,2848999267305,44.5869526759221,nan
3,3,1610,2850401438208,44.60889670673077,0.0
3,0,1614,2851132586161,44.62033920148801,nan
3,3,1611,2851862026240,44.631754967948716,0.0
3,0,1615,2852594041072,44.64321102939704,nan
3,3,1612,2853327628288,44.65469169871795,0.0
3,0,1616,2854061283140,44.66617342654497,nan
3,3,1613,2855465749504,44.68815338141026,0.0
3,0,1617,2856195807743,44.69957882209974,nan
3,3,1614,2856925969408,44.71100588141026,0.0
3,0,1618,2857657105486,44.72244819032327,nan
3,3,1615,2858385459200,44.73384695512821,0.0
3,0,1619,2859119363229,44.74533258258526,nan
3,3,1616,2859851026432,44.75678314102564,0.0
3,0,1620,2860581007585,44.76820737531613,nan
3,3,1617,2861982453760,44.790140064102566,0.0
3,3,1618,2863372826112,44.81189944711539,0.0
3,0,1621,2864106555993,44.82338234914926,nan
3,3,1619,2864838850048,44.83484278044872,0.0
3,0,1622,2865573385371,44.846338287682165,nan
3,3,1620,2866976915456,44.86830358974359,0.0
3,0,1623,2867707155292,44.879731872433396,nan
3,3,1621,2868437285888,44.89115844551282,0.0
3,0,1624,2869168554918,44.90260283512996,nan
3,3,1622,2869897163264,44.9140055849359,0.0
3,0,1625,2870629359093,44.92546447899452,nan
3,3,1623,2871362667008,44.93694077724359,0.0
3,0,1626,2872096172090,44.948420161164115,nan
3,3,1624,2872827828736,44.95987061698718,0.0
3,0,1627,2873557324427,44.97128725377792,nan
3,3,1625,2874964242432,44.99330557692308,0.0
3,0,1628,2875697037123,45.00477384319599,nan
3,3,1626,2876429298176,45.016233758012824,0.0
3,0,1629,2877163750283,45.027727962912536,nan
3,3,1627,2877894502400,45.03916426282051,0.0
3,0,1630,2879297295943,45.061118037970125,nan
3,3,1628,2880026413568,45.07252875801282,0.0
3,0,1631,2880758563979,45.08398694127792,nan
3,3,1629,2881492248064,45.095469126602566,0.0
3,0,1632,2882225432787,45.1069434968919,nan
3,3,1630,2882957691392,45.118403373397435,0.0
3,0,1633,2883687085342,45.12981841793745,nan
3,3,1631,2885089246720,45.15176229967949,0.0
3,0,1634,2885820284391,45.16320306851901,nan
3,3,1632,2886549090304,45.17460891025641,0.0
3,0,1635,2887280986162,45.186063109756866,nan
3,3,1633,2888014695424,45.19754568910257,0.0
3,0,1636,2888747051644,45.20900709328676,nan
3,3,1634,2889480636928,45.220487732371794,0.0
3,0,1637,2890213064893,45.23195025936811,nan
3,3,1635,2890946142208,45.24342294871795,0.0
3,0,1638,2892352006004,45.26542477345002,nan
3,3,1636,2893083658752,45.276875168269235,0.0
3,0,1639,2893813118404,45.28829124104818,nan
3,3,1637,2894543942656,45.2997286698718,0.0
3,0,1640,2895274502159,45.311161955362955,nan
3,3,1638,2896675620352,45.33308951121795,0.0
3,0,1641,2897408113360,45.34455305613982,nan
3,3,1639,2898141122048,45.35602467147436,0.0
3,0,1642,2898874714900,45.367505428998896,nan
3,3,1640,2899606552064,45.3789587099359,0.0
3,0,1643,2900335590751,45.39036819459573,nan
3,3,1641,2901066128384,45.40180113782051,0.0
3,0,1644,2901796509099,45.41323162527231,nan
3,3,1642,2902525586432,45.42464171474359,0.0
3,0,1645,2903257550322,45.43609697894757,nan
3,3,1643,2904667769856,45.45816697115385,0.0
3,0,1646,2905402233503,45.469661356655024,nan
3,3,1644,2906133275648,45.48110219551282,0.0
3,0,1647,2906863604471,45.492531870852744,nan
3,3,1645,2907593022976,45.50394729967949,0.0
3,0,1648,2908324890939,45.51540106262207,nan
3,3,1646,2909058536448,45.52688264423077,0.0
3,0,1649,2909792008060,45.53836150434445,nan
3,3,1647,2910523935744,45.54981620192308,0.0
3,0,1650,2911925440058,45.57174980058719,nan
3,3,1648,2912654654976,45.58316204326923,0.0
3,0,1651,2913387097220,45.59462479373247,nan
3,3,1649,2914119671808,45.60608961538462,0.0
3,0,1652,2914853754053,45.61757803192921,nan
3,3,1650,2915584842752,45.629019599358976,0.0
3,0,1653,2916987464070,45.65097067918044,nan
3,3,1651,2917716538368,45.662380721153845,0.0
3,0,1654,2918448704464,45.67383914988982,nan
3,3,1652,2919182050304,45.68531604166667,0.0
3,0,1655,2919915194911,45.696789784139,nan
3,3,1653,2920647256064,45.70824657051282,0.0
3,0,1656,2922053671633,45.73025703051445,nan
3,3,1654,2922784529920,45.74169499198718,0.0
3,0,1657,2923514995493,45.75312680747008,nan
3,3,1655,2924244274176,45.764540048076924,0.0
3,0,1658,2924975972205,45.7759911515456,nan
3,3,1656,2926381554176,45.79798856570513,0.0
3,0,1659,2927114768941,45.80946340615297,nan
3,3,1657,2927846837760,45.8209203125,0.0
3,0,1660,2928576241268,45.832335506623096,nan
3,3,1658,2929306710528,45.843767379807694,0.0
3,0,1661,2930037623484,45.855206196852464,nan
3,3,1659,2930766799872,45.86661783653846,0.0
3,0,1662,2931499090178,45.87807820916591,nan
3,3,1660,2932232600576,45.88955767628205,0.0
3,0,1663,2933637836732,45.91154967842298,nan
3,3,1661,2934370174976,45.923010801282054,0.0
3,0,1664,2935772082813,45.944950715097285,nan
3,3,1662,2936502987776,45.95638940705128,0.0
3,0,1665,2937233224395,45.96781763939491,nan
3,3,1663,2937963652608,45.97924887019231,0.0
3,0,1666,2938694717709,45.990690068312425,nan
3,3,1664,2939424719360,46.00211462339744,0.0
3,0,1667,2940155825500,46.01355646377955,nan
3,3,1665,2940885539328,46.02497651442308,0.0
3,0,1668,2941617352614,46.03642942166842,nan
3,3,1666,2942346444800,46.04783974358975,0.0
3,0,1669,2943078703599,46.05929962313139,nan
3,3,1667,2944485172224,46.08131091346154,0.0
3,0,1670,2945890223382,46.10330002037635,nan
3,3,1668,2946623566848,46.114776875000004,0.0
3,0,1671,2947356827476,46.12625243320563,nan
3,3,1669,2948089866752,46.13772452724359,0.0
3,0,1672,2948823361947,46.149203756432165,nan
3,3,1670,2949556157952,46.16067204326923,0.0
3,0,1673,2950962376272,46.182679416316105,nan
3,3,1671,2951694357504,46.194134951923076,0.0
3,0,1674,2952424078483,46.20555511448004,nan
3,3,1672,2953154916864,46.216992764423075,0.0
3,0,1675,2953885099230,46.22842014770508,nan
3,3,1673,2955287008256,46.2503600801282,0.0
3,0,1676,2956019221407,46.26181924527682,nan
3,3,1674,2956752262656,46.27329137019231,0.0
3,0,1677,2958158996054,46.29530680423052,nan
3,3,1675,2958889534464,46.30673975961538,0.0
3,0,1678,2959620918939,46.3181859559514,nan
3,3,1676,2960354693120,46.32966955128205,0.0
3,0,1679,2961088505554,46.34115374527369,nan
3,3,1677,2961819593216,46.35259529647436,0.0
3,0,1680,2962550653223,46.364036414873176,nan
3,3,1678,2963279277056,46.37543940705128,0.0
3,0,1681,2964684867549,46.397436954580456,nan
3,3,1679,2965417045504,46.40889556891026,0.0
3,0,1682,2966146541601,46.42031221205492,nan
3,3,1680,2966877512192,46.43175193108974,0.0
3,0,1683,2967607949422,46.44318330300356,nan
3,3,1681,2968337965056,46.45460807692308,0.0
3,0,1684,2969070386355,46.46607049959623,nan
3,3,1682,2969804007936,46.47755170673077,0.0
3,0,1685,2971209496939,46.49954766593738,nan
3,3,1683,2971942483456,46.511018934294874,0.0
3,0,1686,2972676629425,46.52250834812262,nan
3,3,1684,2973408240640,46.53395809294872,0.0
3,0,1687,2974138105330,46.54538050458859,nan
3,3,1685,2975539790336,46.56731693108974,0.0
3,0,1688,2976272194232,46.57877908140525,nan
3,3,1686,2977677857280,46.60077776442308,0.0
3,0,1689,2978411807584,46.61226411608574,nan
3,3,1687,2979143786496,46.623719615384616,0.0
3,0,1690,2979873116082,46.63513365262545,nan
3,3,1688,2980604355584,46.64657758012821,0.0
3,0,1691,2981334406643,46.6580029084504,nan
3,3,1689,2982064750080,46.6694328125,0.0
3,0,1692,2982795502650,46.680869119497444,nan
3,3,1690,2984196511744,46.70279496794872,0.0
3,0,1693,2984928791809,46.714255180304114,nan
3,3,1691,2985661508608,46.725722227564106,0.0
3,0,1694,2986395298619,46.73720607063489,nan
3,3,1692,2987126745600,46.74865324519231,0.0
3,0,1695,2987856384384,46.76007212139423,nan
3,3,1693,2988587257856,46.771510320512824,0.0
3,0,1696,2989317295556,46.78293543976613,nan
3,3,1694,2990047945728,46.79437014423077,0.0
3,0,1697,2991450595458,46.81632166870117,nan
3,3,1695,2992180776960,46.82774903846154,0.0
3,0,1698,2992911598799,46.83918642952161,nan
3,3,1696,2993641494016,46.85060931891026,0.0
3,0,1699,2994372849939,46.86205506840633,nan
3,3,1697,2995102002688,46.87346633814103,0.0
3,0,1700,2996506201033,46.89544209849822,nan
3,3,1698,2997240522240,46.906934254807695,0.0
3,0,1701,2997972838420,46.91839503236429,nan
3,3,1699,2998706469376,46.92987638621795,0.0
3,0,1702,2999439585870,46.941349688720706,nan
3,3,1700,3000172500480,46.95281983173077,0.0
3,0,1703,3000905949847,46.96429834370931,nan
3,3,1701,3001638112256,46.97575671474359,0.0
3,0,1704,3002372322513,46.98724713468112,nan
3,3,1702,3003776072704,47.009215881410256,0.0
3,0,1705,3004505042321,47.02062428512182,nan
3,3,1703,3005235598848,47.032057524038464,0.0
3,0,1706,3006638297678,47.054009816925834,nan
3,3,1704,3007367182848,47.06541689903846,0.0
3,0,1707,3008098741912,47.07686582769932,nan
3,3,1705,3008832603136,47.08835078525641,0.0
3,0,1708,3009564785368,47.099809466521435,nan
3,3,1706,3010298409984,47.11129072115385,0.0
3,0,1709,3011031344922,47.12276118229793,nan
3,3,1707,3011764340736,47.13423259615385,0.0
3,0,1710,3012497728350,47.14571014169547,nan
3,3,1708,3013230324224,47.157175296474364,0.0
3,0,1711,3014636014609,47.17917440731733,nan
3,3,1709,3015368378368,47.19063592948718,0.0
3,0,1712,3016102751317,47.202128895561025,nan
3,3,1710,3016834892288,47.21358693108974,0.0
3,0,1713,3017564103830,47.22499912093725,nan
3,3,1711,3018296182784,47.23645618589744,0.0
3,0,1714,3019030553821,47.247949122048404,nan
3,3,1712,3019763040256,47.25941256410257,0.0
3,0,1715,3021169431439,47.28142264246232,nan
3,3,1713,3021901952000,47.29288661858975,0.0
3,0,1716,3022636221392,47.30437796399239,nan
3,3,1714,3023368544768,47.31583885416667,0.0
3,0,1717,3024102638102,47.32732744425456,nan
3,3,1715,3024835270656,47.33879317307692,0.0
3,0,1718,3026241927873,47.36080741487943,nan
3,3,1716,3026973812224,47.37226143429487,0.0
3,0,1719,3027703845137,47.38368647863144,nan
3,3,1717,3028433952256,47.39511268429487,0.0
3,0,1720,3029165344085,47.406558995721284,nan
3,3,1718,3029893942272,47.41796158653846,0.0
3,0,1721,3030626746783,47.42943000649477,nan
3,3,1719,3031359620608,47.44089951121795,0.0
3,0,1722,3032093197787,47.45238002345941,nan
3,3,1720,3032824852480,47.46383044871795,0.0
3,0,1723,3033553932331,47.47524057759603,nan
3,3,1721,3034956467200,47.497190304487184,0.0
3,0,1724,3035687380196,47.508629122157956,nan
3,3,1722,3036416624640,47.52004182692308,0.0
3,0,1725,3037149044001,47.53150421926645,nan
3,3,1723,3037882471424,47.542982387820516,0.0
3,0,1726,3038616609639,47.55447168029785,nan
3,3,1724,3039348491264,47.56592565705128,0.0
3,0,1727,3040750447148,47.58786632280399,nan
3,3,1725,3041481262080,47.59930360576923,0.0
3,0,1728,3042211827825,47.61073698894794,nan
3,3,1726,3042941878784,47.62216231570513,0.0
3,0,1729,3043672719030,47.633599994835485,nan
3,3,1727,3044402232832,47.645016915064105,0.0
3,0,1730,3045805883757,47.66698410827637,nan
3,3,1728,3046534479872,47.67838666666667,0.0
3,0,1731,3047267407289,47.6898570101068,nan
3,3,1729,3047999907328,47.7013206650641,0.0
3,0,1732,3048734259707,47.71281330921662,nan
3,3,1730,3049465383936,47.72425543269231,0.0
3,0,1733,3050195819594,47.73568678000426,nan
3,3,1731,3050925526528,47.74710672275641,0.0
3,0,1734,3051656835717,47.75855174086351,nan
3,3,1732,3052385624064,47.76995730769231,0.0
3,0,1735,3053790274375,47.791940141335516,nan
3,3,1733,3054522836992,47.80340477564103,0.0
3,0,1736,3055257356161,47.814900030063725,nan
3,3,1734,3055987668480,47.826329447115384,0.0
3,0,1737,3056718643149,47.83776922997108,nan
3,3,1735,3058118877696,47.85968295673077,0.0
3,0,1738,3058852504194,47.871164240816555,nan
3,3,1736,3059583946240,47.882611338141025,0.0
3,0,1739,3060314035912,47.89403727075821,nan
3,3,1737,3061043532800,47.90545392628205,0.0
3,0,1740,3061775525138,47.91690963569837,nan
3,3,1738,3062508446208,47.92837987980769,0.0
3,0,1741,3063242809168,47.93987268955328,nan
3,3,1739,3064645464064,47.961824294871796,0.0
3,0,1742,3065377217544,47.97327626615084,nan
3,3,1740,3066110425088,47.98475099358974,0.0
3,0,1743,3066844285512,47.9962359386268,nan
3,3,1741,3067575801344,48.00768419070513,0.0
3,0,1744,3068305517706,48.01910428100586,nan
3,3,1742,3069035442176,48.03052762820513,0.0
3,0,1745,3069767404244,48.04198286389473,nan
3,3,1743,3071172380672,48.06397080128205,0.0
3,0,1746,3071901845893,48.075386961216076,nan
3,3,1744,3072632038400,48.08681450320513,0.0
3,0,1747,3073364100562,48.09827130536984,nan
3,3,1745,3074096799232,48.10973806891026,0.0
3,0,1748,3074831957530,48.12124332572741,nan
3,3,1746,3075561790976,48.13266524839744,0.0
3,0,1749,3076967221449,48.1546602916072,nan
3,3,1747,3077698685440,48.1661077323718,0.0
3,0,1750,3078429267209,48.17754136632675,nan
3,3,1748,3079158716416,48.18895727564103,0.0
3,0,1751,3079891077962,48.20041876317733,nan
3,3,1749,3080624246784,48.21189288461539,0.0
3,0,1752,3081358583176,48.22338527857072,nan
3,3,1750,3082089747968,48.23482803685898,0.0
3,0,1753,3082820500949,48.24626435028859,nan
3,3,1751,3083549842944,48.25767858173077,0.0
3,0,1754,3084955147904,48.27967166065705,nan
3,3,1752,3085687334912,48.29113041666667,0.0
3,0,1755,3086417638604,48.30255969870543,nan
3,3,1753,3087147158528,48.31397671474359,0.0
3,0,1756,3087880602894,48.32545514845628,nan
3,3,1754,3088612398592,48.33690778044872,0.0
3,0,1757,3089343056207,48.34834260139661,nan
3,3,1755,3090744569856,48.37027634615385,0.0
3,0,1758,3091478956544,48.38176952724359,nan
3,3,1756,3092209838592,48.39320786057692,0.0
3,0,1759,3092941254222,48.40465454448994,nan
3,3,1757,3093675082752,48.41613899038462,0.0
3,0,1760,3094408779916,48.42762138039613,nan
3,3,1758,3095140365824,48.439070729166666,0.0
3,0,1761,3096543732544,48.461033474559294,nan
3,3,1759,3097272588800,48.472440104166665,0.0
3,0,1762,3098005964156,48.48391745787009,nan
3,3,1760,3098737645568,48.495368301282056,0.0
3,0,1763,3099468525501,48.50680660151555,nan
3,3,1761,3100197121024,48.51820915064103,0.0
3,0,1764,3100931378690,48.529700312531304,nan
3,3,1762,3101662022656,48.541134919871794,0.0
3,0,1765,3102394075209,48.55259157165528,nan
3,3,1763,3103127556096,48.56407057692308,0.0
3,0,1766,3104534805224,48.58609408215645,nan
3,3,1764,3105263681024,48.597501017628204,0.0
3,0,1767,3105997158704,48.60897997270633,nan
3,3,1765,3106733586432,48.62050509615385,0.0
3,0,1768,3108138299870,48.64248891773713,nan
3,3,1766,3108870034944,48.65394060096154,0.0
3,0,1769,3109600734239,48.6653760742031,nan
3,3,1767,3110329580544,48.67678254807692,0.0
3,0,1770,3111063541856,48.688269072015224,nan
3,3,1768,3111794577408,48.69970980769231,0.0
3,0,1771,3112526165165,48.711159185399765,nan
3,3,1769,3113259732992,48.72263955128205,0.0
3,0,1772,3114667363661,48.74466902764736,nan
3,3,1770,3115397490176,48.75609553685898,0.0
3,0,1773,3116129974679,48.76755894867726,nan
3,3,1771,3116862398976,48.77902141826923,0.0
3,0,1774,3117591980504,48.79043939841246,nan
3,3,1772,3118322000896,48.80186424679487,0.0
3,0,1775,3119054186519,48.81332298112918,nan
3,3,1773,3119787400192,48.82479780448718,0.0
3,0,1776,3121193984200,48.846810900565906,nan
3,3,1774,3121925539840,48.858259775641024,0.0
3,0,1777,3122656462602,48.86969874615009,nan
3,3,1775,3123385641984,48.88111043269231,0.0
3,0,1778,3124118552390,48.89258050990961,nan
3,3,1776,3124851696640,48.90405424679487,0.0
3,0,1779,3126258638841,48.9260729486084,nan
3,3,1777,3126989444096,48.937510080128206,0.0
3,0,1780,3127721210942,48.94896226058569,nan
3,3,1778,3128454859776,48.96044389423077,0.0
3,0,1781,3129189777017,48.97194537849622,nan
3,3,1779,3129920301568,48.98337811698718,0.0
3,0,1782,3130652696260,48.99484012325971,nan
3,3,1780,3131385512960,49.00630873397436,0.0
3,0,1783,3132115378430,49.01773115782127,nan
3,3,1781,3132845305344,49.02915454326923,0.0
3,0,1784,3134250405809,49.05114442184057,nan
3,3,1782,3134983050240,49.06261033653846,0.0
3,0,1785,3135712713204,49.07402959115836,nan
3,3,1783,3136443479552,49.085466113782054,0.0
3,0,1786,3137175194680,49.09691748485076,nan
3,3,1784,3137909167104,49.10840418269231,0.0
3,0,1787,3138642851969,49.11988638022398,nan
3,3,1785,3139375046656,49.131345256410256,0.0
3,0,1788,3140105544383,49.142777575104546,nan
3,3,1786,3141506724352,49.164706097756415,0.0
3,0,1789,3142240505716,49.1761898055013,nan
3,3,1787,3142971473920,49.187629487179485,0.0
3,0,1790,3143702335926,49.19906750685472,nan
3,3,1788,3144431238144,49.210474855769235,0.0
3,0,1791,3145836938352,49.23247412034255,nan
3,3,1789,3146568564736,49.2439241025641,0.0
3,0,1792,3147298711732,49.25535093230419,nan
3,3,1790,3148028596224,49.26677365384616,0.0
3,0,1793,3148760234232,49.27822381798377,nan
3,3,1791,3149494390272,49.28971338942308,0.0
3,0,1794,3150227589945,49.301187993680514,nan
3,3,1792,3150960509952,49.312658221153846,0.0
3,0,1795,3151694989688,49.32415285844852,nan
3,3,1793,3152426450944,49.33560025641026,0.0
3,0,1796,3153156435903,49.3470245502648,nan
3,3,1794,3153886516736,49.35845034455129,0.0
3,0,1797,3155290497146,49.380422694216996,nan
3,3,1795,3156024404992,49.39190838141026,0.0
3,0,1798,3156758076605,49.4033903715476,nan
3,3,1796,3157489574400,49.414838341346154,0.0
3,0,1799,3158219955466,49.426268834291115,nan
3,3,1797,3158949469184,49.43768575320513,0.0
3,0,1800,3159682084682,49.449151215100414,nan
3,3,1798,3160414887424,49.4606196073718,0.0
3,0,1801,3161149649289,49.472118659996625,nan
3,3,1799,3161880125952,49.48355064903846,0.0
3,0,1802,3163283743297,49.50551731672238,nan
3,3,1800,3164016683008,49.51698785256411,0.0
3,0,1803,3164751749759,49.528491676667045,nan
3,3,1801,3166153336832,49.55042657051282,0.0
3,3,1802,3167548114944,49.57225490384616,0.0
3,0,1804,3168279699430,49.58370423036233,nan
3,3,1803,3169013361152,49.59518606570513,0.0
3,0,1805,3169747273247,49.60667181939541,nan
3,3,1804,3170478695936,49.61811861378205,0.0
3,0,1806,3171209317997,49.62955287830842,nan
3,3,1805,3171938729472,49.640968197115384,0.0
3,0,1807,3173344035110,49.6629612866524,nan
3,3,1806,3174076817920,49.674429366987184,0.0
3,0,1808,3174811166567,49.68592195273375,nan
3,3,1807,3175542694400,49.69737039262821,0.0
3,0,1809,3176272952245,49.70879895715958,nan
3,3,1808,3177002927104,49.72022309294872,0.0
3,0,1810,3177734716409,49.73167562489045,nan
3,3,1809,3178468661248,49.74316189102564,0.0
3,0,1811,3179201932352,49.75463761318109,nan
3,3,1810,3179934313984,49.766099415064105,0.0
3,0,1812,3180668891780,49.777595587001706,nan
3,3,1811,3182071660032,49.79954896634616,0.0
3,0,1813,3182802782014,49.8109910546562,nan
3,3,1812,3183531907072,49.82240189102564,0.0
3,0,1814,3184936371200,49.84438181089744,nan
3,3,1813,3185669334016,49.85585270833334,0.0
3,0,1815,3186403175999,49.867337364768005,nan
3,3,1814,3187134703104,49.87878579326923,0.0
3,0,1816,3187865242767,49.8902187682636,nan
3,3,1815,3188594301440,49.90162856570513,0.0
3,0,1817,3189327531722,49.91310364899464,nan
3,3,1816,3190058900992,49.924549607371794,0.0
3,0,1818,3190789632287,49.93598558141464,nan
3,3,1817,3191518240256,49.94738832532052,0.0
3,0,1819,3192252078953,49.95887293032915,nan
3,3,1818,3193655264256,49.98083283653846,0.0
3,0,1820,3194387112481,49.99228629058056,nan
3,3,1819,3195120074240,50.00375717147436,0.0
3,0,1821,3195854872173,50.01525678856483,nan
3,3,1820,3196584724480,50.026679006410255,0.0
3,0,1822,3197317523629,50.03814734245105,nan
3,3,1821,3198050042880,50.049611298076925,0.0
3,0,1823,3198784672496,50.0611082809996,nan
3,3,1822,3199515676160,50.072548517628206,0.0
3,0,1824,3200246909239,50.083992344610756,nan
3,3,1823,3201648159232,50.10592196314103,0.0
3,0,1825,3202381473779,50.11739836518117,nan
3,3,1824,3203114348544,50.12886788461539,0.0
3,0,1826,3203848970296,50.14036474446615,nan
3,3,1825,3205252741120,50.16233381410257,0.0
3,0,1827,3205983176955,50.17376516418457,nan
3,3,1826,3206713069568,50.18518801282051,0.0
3,0,1828,3207444872505,50.19664075810359,nan
3,3,1827,3208179018752,50.208130176282054,0.0
3,0,1829,3208912333699,50.21960658458221,nan
3,3,1828,3209644848128,50.23107046474359,0.0
3,0,1830,3210374311377,50.242486593815734,nan
3,3,1829,3211105291776,50.25392646634616,0.0
3,0,1831,3212509287569,50.27589905675644,nan
3,3,1830,3213243508224,50.287389639423075,0.0
3,0,1832,3213976915154,50.29886748726087,nan
3,3,1831,3214709630464,50.31033451121795,0.0
3,0,1833,3215444513034,50.32183545288086,nan
3,3,1832,3216175998976,50.33328323717949,0.0
3,0,1834,3217579967951,50.35525540788699,nan
3,3,1833,3218309322752,50.366669839743594,0.0
3,0,1835,3219042320412,50.37814128248949,nan
3,3,1834,3219775810560,50.38962043269231,0.0
3,0,1836,3220510140508,50.40111272579878,nan
3,3,1835,3221242379264,50.41257229166667,0.0
3,0,1837,3221972091573,50.423992318537785,nan
3,3,1836,3223375837696,50.44596100160256,0.0
3,0,1838,3224106034026,50.45738860342173,nan
3,3,1837,3224836888576,50.46882650641026,0.0
3,0,1839,3225568003002,50.4802684764686,nan
3,3,1838,3226298274304,50.49169725160257,0.0
3,0,1840,3227029870594,50.50314676285181,nan
3,3,1839,3227759597056,50.51456701121795,0.0
3,0,1841,3229164162237,50.53654851257324,nan
3,3,1840,3229893785088,50.54796713942308,0.0
3,0,1842,3230626812680,50.559439050605974,nan
3,3,1841,3231360483328,50.57092102564103,0.0
3,0,1843,3232094395730,50.58240678413587,nan
3,3,1842,3232827037184,50.59387265224359,0.0
3,0,1844,3233556915094,50.60529527077699,nan
3,3,1843,3234960992256,50.62726913461539,0.0
3,0,1845,3235691946586,50.638708599164914,nan
3,3,1844,3236422370816,50.650139767628204,0.0
3,0,1846,3237154487463,50.66159742248535,nan
3,3,1845,3237883796480,50.67301113782052,0.0
3,0,1847,3238616578278,50.68447920231746,nan
3,3,1846,3239350457344,50.69596443910257,0.0
3,0,1848,3240084584249,50.70745355457795,nan
3,3,1847,3240816941056,50.71891496794872,0.0
3,0,1849,3241546623346,50.730334525021284,nan
3,3,1848,3242950182400,50.75230028044872,0.0
3,0,1850,3244354671797,50.77428059578138,nan
3,3,1849,3245083726848,50.785690336538465,0.0
3,0,1851,3245817296637,50.79717073312613,nan
3,3,1850,3246550308864,50.80864240384616,0.0
3,0,1852,3247284620087,50.82013440390563,nan
3,3,1851,3248016772096,50.83159261217949,0.0
3,0,1853,3248747383686,50.84302671283429,nan
3,3,1852,3249477704704,50.85445626602564,0.0
3,0,1854,3250210303429,50.8659214654228,nan
3,3,1853,3251616071680,50.887921794871794,0.0
3,0,1855,3252346043522,50.89934588344477,nan
3,3,1854,3253076758016,50.91078159455128,0.0
3,0,1856,3253808906440,50.922239746719754,nan
3,3,1855,3254542238720,50.933716426282054,0.0
3,0,1857,3255276749570,50.94521155051207,nan
3,3,1856,3256007567872,50.95664888621795,0.0
3,0,1858,3256738995027,50.968095750497675,nan
3,3,1857,3257472787968,50.97957963942308,0.0
3,0,1859,3258207375254,50.99107595987956,nan
3,3,1858,3258938828288,51.00252322916667,0.0
3,0,1860,3260342927439,51.02449743713379,nan
3,3,1859,3261076795904,51.03598250801282,0.0
3,0,1861,3261810818708,51.047469994303384,nan
3,3,1860,3262543089152,51.05893005608974,0.0
3,0,1862,3263946393412,51.08089182398087,nan
3,3,1861,3264677147648,51.092328157051284,0.0
3,3,1862,3264725317632,51.09308201923077,0.0
3,0,1863,3265462771011,51.104623194157526,nan
3,3,1863,3266193386496,51.11605735576923,0.0
3,0,1864,3266925321618,51.127512169752855,nan
3,3,1864,3267659516416,51.13900234775641,0.0
3,0,1865,3268393032144,51.15048189828726,nan
3,3,1865,3269125394432,51.1619433974359,0.0
3,0,1866,3269855269403,51.17336596997384,nan
3,3,1866,3270586040320,51.18480256410257,0.0
3,0,1867,3271317017711,51.19624238955767,nan
3,3,1867,3272718795264,51.218180264423076,0.0
3,0,1868,3273451273511,51.22964357833471,nan
3,3,1868,3274184721408,51.24112206730769,0.0
3,0,1869,3274918692192,51.25260873948317,nan
3,3,1869,3275650697216,51.2640646474359,0.0
3,0,1870,3276380610482,51.27548781929212,nan
3,3,1870,3277111265280,51.28692259615385,0.0
3,0,1871,3277843242997,51.29837807675093,nan
3,3,1871,3278576937472,51.30986042467949,0.0
3,0,1872,3279311664183,51.3213589271428,nan
3,3,1872,3280042806784,51.332801338141024,0.0
3,0,1873,3280773699710,51.3442398417155,nan
3,3,1873,3282175469568,51.36617759615385,0.0
3,0,1874,3282909040443,51.37765800973746,nan
3,3,1874,3283641455104,51.38912032852564,0.0
3,0,1875,3284371526529,51.40054597557655,nan
3,3,1875,3285101729792,51.411973685897436,0.0
3,0,1876,3285833856975,51.42343150564341,nan
3,3,1876,3286567608320,51.434914743589744,0.0
3,0,1877,3287301670931,51.44640285286145,nan
3,3,1877,3288033277952,51.457852532051284,0.0
3,0,1878,3288763940438,51.46928742923052,nan
3,3,1878,3289493148160,51.48069955929488,0.0
3,0,1879,3290898389775,51.502691646869366,nan
3,3,1879,3291630809600,51.51415404647436,0.0
3,0,1880,3292360517984,51.52557401191907,nan
3,3,1880,3293091566592,51.53701495192308,0.0
3,0,1881,3293822651822,51.54845646506285,nan
3,3,1881,3294552214528,51.55987415064103,0.0
3,0,1882,3295957236341,51.581862798305416,nan
3,3,1882,3296690744832,51.59334223557693,0.0
3,0,1883,3297425414830,51.60483985047952,nan
3,3,1883,3298156892672,51.616287508012825,0.0
3,0,1884,3298887676157,51.627724298831254,nan
3,3,1884,3299618043904,51.63915458333334,0.0
3,0,1885,3300349668163,51.65060453229855,nan
3,3,1885,3301751542272,51.672543918269234,0.0
3,0,1886,3302484872707,51.68402056895721,nan
3,3,1886,3303217497600,51.69548617788462,0.0
3,0,1887,3303947059797,51.70690385549692,nan
3,3,1887,3304677599232,51.71833682692308,0.0
3,0,1888,3305409338011,51.729788568130886,nan
3,3,1888,3306143477248,51.74127787660257,0.0
3,0,1889,3307549267794,51.763278554969204,nan
3,3,1889,3308281360384,51.77473583333334,0.0
3,0,1890,3309011317663,51.78615969399477,nan
3,3,1890,3309740852224,51.79757693910256,0.0
3,0,1891,3310473585137,51.8090442385473,nan
3,3,1891,3311878345728,51.83102879807692,0.0
3,0,1892,3312608375991,51.84245380094088,nan
3,3,1892,3313338425856,51.853879110576926,0.0
3,0,1893,3314070390011,51.86533437892816,nan
3,3,1893,3314803875328,51.87681345352564,0.0
3,0,1894,3315538118454,51.88830438786434,nan
3,3,1894,3316269367808,51.899748469551284,0.0
3,0,1895,3317000501632,51.9111907431891,nan
3,3,1895,3318401998336,51.93312422275641,0.0
3,0,1896,3319135310911,51.94460059393467,nan
3,3,1896,3319867768832,51.95606358974359,0.0
3,0,1897,3320597477006,51.96748355190179,nan
3,3,1897,3321328385024,51.97892229166667,0.0
3,0,1898,3322059880668,51.99037022780198,nan
3,3,1898,3322789155840,52.00178341346154,0.0
3,0,1899,3323521996068,52.01325239239033,nan
3,3,1899,3324927468032,52.0352480849359,0.0
3,0,1900,3325662461922,52.04675076876127,nan
3,3,1900,3326393139712,52.05818590544872,0.0
3,0,1901,3327124547119,52.06963246067145,nan
3,3,1901,3327853244416,52.081036602564104,0.0
3,0,1902,3328586431603,52.09251101141514,nan
3,3,1902,3329318922752,52.103974527243594,0.0
3,0,1903,3330053516985,52.1154709564209,nan
3,3,1903,3330784964096,52.12691813301282,0.0
3,0,1904,3331515346185,52.138348641967774,nan
3,3,1904,3332917309440,52.160289423076925,0.0
3,0,1905,3333650106307,52.171757723404326,nan
3,3,1905,3334383168000,52.18323016826923,0.0
3,0,1906,3335117539343,52.194723109209114,nan
3,3,1906,3335848515584,52.20616291666667,0.0
3,0,1907,3336579837018,52.21760812640851,nan
3,3,1907,3337308440064,52.22901079326923,0.0
3,0,1908,3338041954990,52.24049033124875,nan
3,3,1908,3339445553152,52.26245669871795,0.0
3,0,1909,3340176058720,52.2738891401242,nan
3,3,1909,3340904951296,52.28529633814103,0.0
3,0,1910,3341637799849,52.2967654473564,nan
3,3,1910,3342370226688,52.30822795673077,0.0
3,0,1911,3343100022268,52.31964928679638,nan
3,3,1911,3344501850112,52.34158794871795,0.0
3,0,1912,3345234670266,52.35305661348783,nan
3,3,1912,3345966899200,52.36451602564103,0.0
3,0,1913,3346696532223,52.37593481168307,nan
3,3,1913,3347426913280,52.38736530448718,0.0
3,0,1914,3348157992260,52.3988067198142,nan
3,3,1914,3348887172096,52.41021841346154,0.0
3,0,1915,3349620327313,52.42169232198079,nan
3,3,1915,3350352880128,52.43315680288462,0.0
3,0,1916,3351755368018,52.45510579455254,nan
3,3,1916,3352484941312,52.466523645833334,0.0
3,0,1917,3353890181896,52.48851571727264,nan
3,3,1917,3354622356480,52.49997427884615,0.0
3,0,1918,3355352405842,52.51139958061023,nan
3,3,1918,3356082338304,52.52282305288462,0.0
3,0,1919,3356814723486,52.53428491032527,nan
3,3,1919,3357547814400,52.5457578125,0.0
3,0,1920,3358282761183,52.55725975909893,nan
3,3,1920,3359013207552,52.568691274038464,0.0
3,0,1921,3359744897588,52.580142252416366,nan
3,3,1921,3360478948352,52.59163017628205,0.0
3,0,1922,3361885112543,52.613636702207906,nan
3,3,1922,3362616988160,52.6250905849359,0.0
3,0,1923,3363347222828,52.636518786746294,nan
3,3,1923,3364077270528,52.6479440625,0.0
3,0,1924,3364809023858,52.65939603143154,nan
3,3,1924,3365542958080,52.67088213141026,0.0
3,0,1925,3366276370357,52.682360062928815,nan
3,3,1925,3367008540160,52.69381854967949,0.0
3,0,1926,3368415767665,52.715841716512045,nan
3,3,1926,3369145961984,52.72726928685898,0.0
3,0,1927,3369877449392,52.738717094100565,nan
3,3,1927,3370605931008,52.75011786057692,0.0
3,0,1928,3371338873081,52.76158843338404,nan
3,3,1928,3372071553536,52.77305491185898,0.0
3,0,1929,3373477697971,52.79506112860264,nan
3,3,1929,3374209453056,52.806513125,0.0
3,0,1930,3374939639294,52.81794056887896,nan
3,3,1930,3375669631488,52.82936497596154,0.0
3,0,1931,3376401546305,52.8408194721711,nan
3,3,1931,3377134891520,52.85229635416667,0.0
3,0,1932,3377868685444,52.86378025847606,nan
3,3,1932,3378600136192,52.87522749198718,0.0
3,0,1933,3379330570956,52.886658825308,nan
3,3,1933,3380060579840,52.898083493589745,0.0
3,0,1934,3380792048911,52.909531013856544,nan
3,3,1934,3382193081856,52.93145723557692,0.0
3,0,1935,3383598758980,52.95345613888472,nan
3,3,1935,3384330513920,52.96490813301282,0.0
3,0,1936,3385060258959,52.97632867210975,nan
3,3,1936,3385790469632,52.98775649839744,0.0
3,0,1937,3386521190100,52.999192302997294,nan
3,3,1937,3387250456576,53.010605352564106,0.0
3,0,1938,3387982675231,53.02206460385054,nan
3,3,1938,3389388440064,53.04406487980769,0.0
3,0,1939,3390121436112,53.05553629732572,nan
3,3,1939,3390853986304,53.06700073717949,0.0
3,0,1940,3391587515917,53.07848050501114,nan
3,3,1940,3392318568448,53.089921506410256,0.0
3,0,1941,3393721402573,53.111875916669796,nan
3,3,1941,3394454774784,53.12335322115385,0.0
3,0,1942,3395188055819,53.134829098729845,nan
3,3,1942,3395919560192,53.14627717147436,0.0
3,0,1943,3396649646928,53.15770305814303,nan
3,3,1943,3397378933760,53.16911642628205,0.0
3,0,1944,3398110974360,53.1805728910006,nan
3,3,1944,3398844372992,53.19205060897436,0.0
3,0,1945,3399577624026,53.203526017033504,nan
3,3,1945,3400310001664,53.21498775641026,0.0
3,0,1946,3401716505735,53.23699960147173,nan
3,3,1946,3402448204800,53.248450721153844,0.0
3,0,1947,3403178216651,53.25987543586927,nan
3,3,1947,3403909256704,53.27131624198718,0.0
3,0,1948,3404639871761,53.28275039690067,nan
3,3,1948,3405369666560,53.29417171474359,0.0
3,0,1949,3406101786968,53.30562942846054,nan
3,3,1949,3406835927552,53.317118758012825,0.0
3,0,1950,3408241555981,53.339116899241915,nan
3,3,1950,3408975240704,53.350599094551285,0.0
3,0,1951,3409708914247,53.36208111489321,nan
3,3,1951,3410441267200,53.37354246794872,0.0
3,0,1952,3411171476109,53.384970266629736,nan
3,3,1952,3411901893120,53.39640132211539,0.0
3,0,1953,3412633289419,53.407847703497474,nan
3,3,1953,3413362151424,53.41925442307692,0.0
3,0,1954,3414768232844,53.44125965363332,nan
3,3,1954,3415500163072,53.452714391025644,0.0
3,0,1955,3416230366667,53.46414210654235,nan
3,3,1955,3416959416320,53.475551762820515,0.0
3,0,1956,3417692325393,53.487021819176306,nan
3,3,1956,3418424492544,53.49848026442308,0.0
3,0,1957,3419154178126,53.50989987301558,nan
3,3,1957,3419883981312,53.521321322115384,0.0
3,0,1958,3421287928580,53.54329315310747,nan
3,3,1958,3422020947968,53.55476493589744,0.0
3,0,1959,3422754562888,53.566246038787064,nan
3,3,1959,3423486044672,53.57769375801282,0.0
3,0,1960,3424215975811,53.589117209582206,nan
3,3,1960,3424945823744,53.60053935897436,0.0
3,0,1961,3425677142987,53.61198453442696,nan
3,3,1961,3426405740544,53.62338711538462,0.0
3,0,1962,3427138272272,53.634851266276044,nan
3,3,1962,3428543524864,53.65684352564103,0.0
3,0,1963,3429276506811,53.66831472247784,nan
3,3,1963,3430009130496,53.6797803125,0.0
3,0,1964,3430743282925,53.69126982742701,nan
3,3,1964,3431474731008,53.70271701923077,0.0
3,0,1965,3432204402487,53.71413640711075,nan
3,3,1965,3432934992896,53.725570176282055,0.0
3,0,1966,3433665771892,53.737006896847454,nan
3,3,1966,3434395015168,53.74841958333334,0.0
3,0,1967,3435127089592,53.75987657739884,nan
3,3,1967,3435860446208,53.77135363782052,0.0
3,0,1968,3436594497530,53.782841570418924,nan
3,3,1968,3437997740544,53.8048023798077,0.0
3,0,1969,3438728959137,53.816245980083764,nan
3,3,1969,3439457567232,53.82764872596154,0.0
3,0,1970,3440190459096,53.839118512995796,nan
3,3,1970,3440923239936,53.8505865625,0.0
3,0,1971,3442329728895,53.87259817105807,nan
3,3,1971,3443060387840,53.88403301282052,0.0
3,0,1972,3443791867331,53.89548069616073,nan
3,3,1972,3444525760000,53.90696614583334,0.0
3,0,1973,3445259367423,53.91844713139461,nan
3,3,1973,3445991311872,53.92990209134616,0.0
3,0,1974,3447394356913,53.95185980244955,nan
3,3,1974,3448123392512,53.963269238782054,0.0
3,0,1975,3448856761570,53.97474649392153,nan
3,3,1975,3449589105664,53.98620770833333,0.0
3,0,1976,3450318979875,53.99763026897724,nan
3,3,1976,3451049281024,54.00905951121795,0.0
3,0,1977,3451781326700,54.020516055376106,nan
3,3,1977,3453187060224,54.04251584134616,0.0
3,0,1978,3453921343496,54.054007403971355,nan
3,3,1978,3454652389376,54.06544830128205,0.0
3,0,1979,3455383787585,54.07689471255571,nan
3,3,1979,3456112679936,54.08830190705128,0.0
3,0,1980,3456846504060,54.09978628399189,nan
3,3,1980,3457579058176,54.11125078525641,0.0
3,0,1981,3458309115581,54.12267621289376,nan
3,3,1981,3459040033792,54.13411511217949,0.0
3,0,1982,3460444039530,54.15608785822942,nan
3,3,1982,3461173137920,54.16749827724359,0.0
3,0,1983,3462578965516,54.18949953544421,nan
3,3,1983,3463311169024,54.20095854967949,0.0
3,0,1984,3464040916039,54.2123791197009,nan
3,3,1984,3464771585024,54.22381411858974,0.0
3,0,1985,3465502225537,54.23524867189065,nan
3,3,1985,3466232049152,54.24667044070513,0.0
3,0,1986,3466963389640,54.25811594864283,nan
3,3,1986,3467692467200,54.269526041666666,0.0
3,0,1987,3468424815359,54.28098731969589,nan
3,3,1987,3469830547456,54.302987083333335,0.0
3,0,1988,3470564449694,54.31447268276117,nan
3,3,1988,3471295990272,54.325921322115384,0.0
3,0,1989,3472698225220,54.34786635523087,nan
3,3,1989,3473428663296,54.35929774038462,0.0
3,0,1990,3474160600189,54.370752582084464,nan
3,3,1990,3474894635520,54.38224026442308,0.0
3,0,1991,3475628242623,54.39372124497634,nan
3,3,1991,3476360628224,54.40518310897436,0.0
3,0,1992,3477090573053,54.4166067747928,nan
3,3,1992,3477821200896,54.428041129807696,0.0
3,0,1993,3478552535851,54.43948655115372,nan
3,3,1993,3479281758720,54.45089891826923,0.0
3,0,1994,3480686818773,54.47288816439115,nan
3,3,1994,3481420266496,54.48436665064103,0.0
3,0,1995,3482154418184,54.49585615397135,nan
3,3,1995,3483558885888,54.51783612980769,0.0
3,0,1996,3484288808122,54.529259442013476,nan
3,3,1996,3485019923456,54.540701426282055,0.0
3,0,1997,3485751165163,54.55214538829315,nan
3,3,1997,3486480498688,54.56355948717949,0.0
3,0,1998,3487213769007,54.57503519704966,nan
3,3,1998,3487946472448,54.58650203525641,0.0
3,0,1999,3488676055912,54.59792004569812,nan
3,3,1999,3489407385088,54.60936537660257,0.0
3,0,2000,3490810760208,54.63132825345553,nan
3,3,2000,3491540559360,54.64274963942308,0.0
3,0,2001,3492273105998,54.6542140236566,nan
3,3,2001,3493007101952,54.66570108974359,0.0
3,0,2002,3493741095041,54.677188110993214,nan
3,3,2002,3494473710592,54.68865357371795,0.0
3,0,2003,3495208708281,54.70015631699782,nan
3,3,2003,3496612739584,54.72212946314103,0.0
3,0,2004,3497343333219,54.73356328279935,nan
3,3,2004,3498073687040,54.74499334935898,0.0
3,0,2005,3498805117869,54.756440271136945,nan
3,3,2005,3499534520832,54.76785545673077,0.0
3,0,2006,3500266715623,54.77931433454465,nan
3,3,2006,3501672754176,54.80131889423077,0.0
3,0,2007,3502406276747,54.81279855185485,nan
3,3,2007,3503138950656,54.82426492788462,0.0
3,0,2008,3503873776832,54.83576498697917,nan
3,3,2008,3504604635136,54.84720294871795,0.0
3,0,2009,3505336067838,54.85864989980845,nan
3,3,2009,3506064995328,54.87005764423077,0.0
3,0,2010,3506798363451,54.881534884737455,nan
3,3,2010,3507530590720,54.892994270833334,0.0
3,0,2011,3508260550005,54.904418162888746,nan
3,3,2011,3508990556160,54.91584278846154,0.0
3,0,2012,3510394681905,54.937817412625826,nan
3,3,2012,3511128364032,54.94929956730769,0.0
3,0,2013,3511861417564,54.960771884452626,nan
3,3,2013,3512593998336,54.972236802884616,0.0
3,0,2014,3513323233952,54.98364936949119,nan
3,3,2014,3514054274048,54.995090176282055,0.0
3,0,2015,3514784893656,55.00652440241887,nan
3,3,2015,3516186883584,55.02846560096154,0.0
3,0,2016,3516920297858,55.039943563733225,nan
3,3,2016,3517652762112,55.051406658653846,0.0
3,0,2017,3518382403518,55.06282557589017,nan
3,3,2017,3519113043968,55.07426012820513,0.0
3,0,2018,3519844604415,55.08570907850999,nan
3,3,2018,3520578818560,55.09719955929487,0.0
3,0,2019,3521312530995,55.108682188298154,nan
3,3,2019,3522044319232,55.12013470352564,0.0
3,0,2020,3522774658160,55.13156453700922,nan
3,3,2020,3524176110080,55.15349731570513,0.0
3,0,2021,3524909869843,55.16498068539351,nan
3,3,2021,3525641773056,55.176435000000005,0.0
3,0,2022,3526371951948,55.187862328913766,nan
3,3,2022,3527101930496,55.1992865224359,0.0
3,0,2023,3527833983884,55.210743187287164,nan
3,3,2023,3528567455744,55.22222205128205,0.0
3,0,2024,3529301333955,55.233707274686374,nan
3,3,2024,3530032927232,55.24515673878205,0.0
3,0,2025,3531435712629,55.26711038644644,nan
3,3,2025,3532164417024,55.27851463942308,0.0
3,0,2026,3532897843894,55.28999279932267,nan
3,3,2026,3533629201408,55.30143857371795,0.0
3,0,2027,3534360503524,55.31288348113231,nan
3,3,2027,3535094226944,55.32436628205129,0.0
3,0,2028,3536500457352,55.346373844275845,nan
3,3,2028,3537231128576,55.35780887820513,0.0
3,0,2029,3537962331585,55.369252234590974,nan
3,3,2029,3538690625024,55.38065005608974,0.0
3,0,2030,3539424463356,55.39213465538612,nan
3,3,2030,3540156011520,55.40358341346154,0.0
3,0,2031,3541559077552,55.42554145307492,nan
3,3,2031,3542288323584,55.43695418269231,0.0
3,0,2032,3543020820711,55.4484177920767,nan
3,3,2032,3543754264576,55.45989621794872,0.0
3,0,2033,3544488537882,55.47138762460562,nan
3,3,2033,3545219740672,55.482830977564106,0.0
3,0,2034,3545950809424,55.49427223282252,nan
3,3,2034,3546679956992,55.50568342147436,0.0
3,0,2035,3547413437320,55.517162417993795,nan
3,3,2035,3548818265600,55.539148036858975,0.0
3,0,2036,3549547437113,55.55055960025103,nan
3,3,2036,3550278795776,55.56200539262821,0.0
3,0,2037,3551009144948,55.57343538643079,nan
3,3,2037,3552411650048,55.5953846474359,0.0
3,0,2038,3553143299352,55.60683498835637,nan
3,3,2038,3553877581312,55.61832653044872,0.0
3,0,2039,3554610232143,55.62979254530687,nan
3,3,2039,3555343667712,55.641270841346156,0.0
3,0,2040,3556077341054,55.65275285854242,nan
3,3,2040,3556809693184,55.66421419871795,0.0
3,0,2041,3557539162558,55.67563042364659,nan
3,3,2041,3558270421504,55.68707465544872,0.0
3,0,2042,3559000909306,55.698506818816355,nan
