node_id,message_transmitter_id,message_id,timestamp_bit,timestamp_seconds,clock_offset(not_used)
0,0,0,244262533120,3.8227184294871797,0.0
0,1,0,244999884610,3.834258009847005,5.568339707687526e-41
0,0,1,245398211584,3.840491842948718,0.0
0,1,1,246826989087,3.8628522681133566,5.539192699629569e-41
0,0,2,247569601536,3.8744741826923077,0.0
0,1,2,248654501115,3.891452904569186,5.524479065754159e-41
0,0,3,249741303808,3.9084614102564106,0.0
0,1,3,250482196927,3.920056417251978,5.522937637443402e-41
0,0,4,250882853888,3.92632671474359,0.0
0,1,4,251621094328,3.9378802072065304,5.53751114147238e-41
0,0,5,252019107840,3.9441091346153847,0.0
0,1,5,252759687086,3.9556992294859277,5.643309175528903e-41
0,0,6,253160785408,3.961976434294872,0.0
0,1,6,253553869613,3.968128217851688,5.655360342322097e-41
0,0,7,254291104256,3.979665969551282,0.0
0,1,7,254687170299,3.9858644189922625,5.544797893486869e-41
0,0,8,255426898432,3.9974411939102565,0.0
0,1,8,255820256944,4.003597270382612,5.442222845898292e-41
0,0,9,256563022336,4.015221578525641,0.0
0,1,9,256958895290,4.021417006116036,5.539613089168867e-41
0,0,10,257357834752,4.027660424679487,0.0
0,1,10,258097700014,4.039239345671825,5.716316825520226e-41
0,0,11,258493994496,4.045441370192308,0.0
0,1,11,259236342933,4.057059152972882,5.535969713161622e-41
0,0,12,259977018368,4.068650753205128,0.0
0,1,12,261407827428,4.091042972318209,5.59286243081321e-41
0,0,13,261806797824,4.097286875,0.0
0,1,13,262545958319,4.108854766360552,5.587537496648776e-41
0,0,14,262942753792,4.115064631410257,0.0
0,1,14,263684297146,4.126669814609626,5.608416843767215e-41
0,0,15,264772666880,4.1437028445512825,0.0
0,1,15,265511526004,4.1552660194436095,5.622569958256896e-41
0,0,16,265908379136,4.161476786858975,0.0
0,1,16,266650139771,4.173085370514698,5.626633723803438e-41
0,0,17,267390931968,4.184678798076924,0.0
0,1,17,268477377861,4.201681719829853,5.599588663441969e-41
0,0,18,269562013184,4.218656306089744,0.0
0,1,18,269954915708,4.224805246331631,5.640226318907389e-41
0,0,19,271039143424,4.241773453525641,0.0
0,1,19,271777241650,4.253324720333784,5.579269835709259e-41
0,0,20,272516661760,4.264896674679488,0.0
0,1,20,272910551549,4.271061065658178,5.620468010560409e-41
0,0,21,273652467712,4.282672083333334,0.0
0,1,21,274049629163,4.288887675953401,5.602671520063484e-41
0,0,22,274788128768,4.300445224358975,0.0
0,1,22,275182985149,4.306624742541191,5.617805543478192e-41
0,0,23,275923701248,4.3182169791666665,0.0
0,1,23,276321523600,4.324442914913862,5.657462290018584e-41
0,0,24,277059589120,4.335993669871795,0.0
0,1,24,277799090106,4.347566889930138,5.674698261129779e-41
0,0,25,278537494016,4.359122940705128,0.0
0,1,25,279621125241,4.3760818127910905,5.674137741744049e-41
0,0,26,280361697792,4.387671802884616,0.0
0,1,26,281104040123,4.399289490106045,5.616264115167434e-41
0,0,27,281844266496,4.4108740625000005,0.0
0,1,27,282581425399,4.42241062886556,5.579269835709259e-41
0,0,28,283321429504,4.43399172275641,0.0
0,1,28,283714537145,4.440143873087565,5.553766203658547e-41
0,0,29,284451422208,4.451676153846154,0.0
0,1,29,284847501948,4.457874817645734,5.514669976503885e-41
0,0,30,285586869248,4.46944594551282,0.0
0,1,30,285980332604,4.475603662797977,5.521396209132644e-41
0,0,31,286722391552,4.487216915064103,0.0
0,1,31,287463223457,4.498810964058118,5.59286243081321e-41
0,0,32,288204918784,4.510418525641025,0.0
0,1,32,288601633400,4.51662712527544,5.478656605970737e-41
0,0,33,289340263424,4.5281867147435895,0.0
0,1,33,290078957234,4.539747302465194,5.546479451644058e-41
0,0,34,290475885568,4.5459592467948715,0.0
0,1,34,291217393295,4.557563872430263,5.595384768048995e-41
0,0,35,291617209856,4.5638210176282055,0.0
0,1,35,292355767933,4.575379481122922,5.596926196359752e-41
0,0,36,292752984064,4.58159592948718,0.0
0,1,36,293149791218,4.587805977345002,5.61206021977446e-41
0,0,37,293888178688,4.599361770833333,0.0
0,1,37,294282728880,4.605536497145433,5.514109457118155e-41
0,0,38,295024044032,4.617138108974359,0.0
0,1,38,295420666739,4.623345270229242,5.507383224489396e-41
0,0,39,296159951872,4.634915112179487,0.0
0,1,39,296897519548,4.646458075858875,5.487484786295984e-41
0,0,40,297636939264,4.658030024038462,0.0
0,1,40,298030192511,4.66418445310935,5.542275556251084e-41
0,0,41,298772117504,4.675795608974359,0.0
0,1,41,299512922046,4.687389229736328,5.700201893180491e-41
0,0,42,299913032704,4.693650977564102,0.0
0,1,42,300651115442,4.705202001984425,5.701743321491248e-41
0,0,43,301048732672,4.711424727564102,0.0
0,1,43,301789255022,4.723013932009966,5.599588663441969e-41
0,0,44,302190084608,4.729286931089744,0.0
0,1,44,302927360365,4.740825326225085,5.513548937732425e-41
0,0,45,303325847552,4.747061666666667,0.0
0,1,45,304065623869,4.758639195666191,5.629296190885655e-41
0,0,46,304462027264,4.7648429246794874,0.0
0,1,46,305203668773,4.776449644008538,5.617245024092462e-41
0,0,47,305603353600,4.782704727564103,0.0
0,1,47,306341865206,4.794262463785808,5.484401929674469e-41
0,0,48,307428087808,4.811261891025641,0.0
0,1,48,307825046835,4.817474315701999,5.64597164261112e-41
0,0,49,308563850240,4.829036618589743,0.0
0,1,49,308957884149,4.8352032650522085,5.55110373657633e-41
0,0,50,309699872768,4.846815416666667,0.0
0,1,50,310096461546,4.85302204693134,5.689692154698055e-41
0,0,51,310835732480,4.864591666666667,0.0
0,1,51,311229372583,4.870752150049454,5.669373326965345e-41
0,0,52,311976911360,4.882451161858975,0.0
0,1,52,312373027496,4.888650395257412,5.699080854409031e-41
0,0,53,312771452416,4.894885761217949,0.0
0,1,53,313511206528,4.906462942708333,5.655920861707827e-41
0,0,54,313907786240,4.912669431089744,0.0
0,1,54,314305071604,4.918886962953225,5.63350008627863e-41
0,0,55,315043724800,4.930446915064103,0.0
0,1,55,315437669290,4.936612162115635,5.590199963730993e-41
0,0,56,316179494400,4.948221754807692,0.0
0,1,56,316920110068,4.9598124196839946,5.620888400099706e-41
0,0,57,317321111552,4.966088108974359,0.0
0,1,57,318058783666,4.9776327071126305,5.587537496648776e-41
0,0,58,318457519616,4.983872940705129,0.0
0,1,58,319197239729,4.995449590109801,5.531765817768648e-41
0,0,59,319934723584,5.00699124198718,0.0
0,1,59,320330232678,5.013180975153997,5.641347357678849e-41
0,0,60,320729420800,5.01942828525641,0.0
0,1,60,321468913467,5.03100137512207,5.668392418040318e-41
0,0,61,321865626624,5.037209951923077,0.0
0,1,61,322607833893,5.0488255254187955,5.620888400099706e-41
0,0,62,323007378432,5.055078413461539,0.0
0,1,62,323402279550,5.061258631779597,5.557829969205089e-41
0,0,63,324143704064,5.0728619551282055,0.0
0,1,63,324541280368,5.079084040214343,5.507383224489396e-41
0,0,64,325280220672,5.090648485576923,0.0
0,1,64,325675109424,5.096828510366587,5.639245409982361e-41
0,0,65,326416784896,5.108435761217949,0.0
0,1,65,326813978110,5.1146518509302386,5.628315281960628e-41
0,0,66,327899962368,5.1316475480769235,0.0
0,1,66,328642146993,5.143262767193134,5.634480995203657e-41
0,0,67,329041260032,5.14950890224359,0.0
0,1,67,329781120679,5.161087751010993,5.508924652800153e-41
0,0,68,330177582080,5.167292387820513,0.0
0,1,68,330920103554,5.178912878637069,5.588098016034506e-41
0,0,69,331319304704,5.185160392628205,0.0
0,1,69,332059079277,5.19673789433406,5.725145005845473e-41
0,0,70,332455758848,5.202945945512821,0.0
0,1,70,333197962819,5.214561467394707,5.583894120641531e-41
0,0,71,333597852160,5.220819751602564,0.0
0,1,71,333992286640,5.226992667017227,5.550122827651303e-41
0,0,72,334733464576,5.238592131410257,0.0
0,1,72,335130941815,5.244812666125175,5.700762412566221e-41
0,0,73,335869270016,5.256367532051282,0.0
0,1,73,336264299841,5.262549764639048,5.693335530705299e-41
0,0,74,337351976448,5.279571947115385,0.0
0,1,74,338092252671,5.291157299663837,5.630837619196412e-41
0,0,75,338829608960,5.302696955128205,0.0
0,1,75,339225088947,5.308886232769306,5.630837619196412e-41
0,0,76,339965542912,5.320474366987179,0.0
0,1,76,340363014530,5.326694813733224,5.66629047034383e-41
0,0,77,340759863296,5.332905512820513,0.0
0,1,77,341501139781,5.34450651950934,5.464083101941759e-41
0,0,78,341901349888,5.350769823717949,0.0
0,1,78,342639738673,5.362325637786083,5.594964378509697e-41
0,0,79,343037283328,5.368547227564103,0.0
0,1,79,343433849490,5.3747535038874705,5.588098016034506e-41
0,0,80,344173322240,5.386326282051282,0.0
0,1,80,344566657085,5.39248198813414,5.532326337154378e-41
0,0,81,344962457600,5.398676282051282,0.0
0,1,81,345704935464,5.410296090369592,5.699080854409031e-41
0,0,82,346445584896,5.421887283653846,0.0
0,1,82,347531911863,5.4388883442101115,5.648634109693338e-41
0,0,83,347929101824,5.44510438301282,0.0
0,1,83,349014225138,5.462086606351413,5.502058290324962e-41
0,0,84,349412311040,5.4683166666666665,0.0
0,1,84,350152439521,5.4798997070469,5.589639444345263e-41
0,0,85,350548068864,5.486091322115385,0.0
0,1,85,351285211782,5.497627638315055,5.613601648085217e-41
0,0,86,351684023808,5.5038690625,0.0
0,1,86,352079139325,5.5100526361709985,5.668392418040318e-41
0,0,87,352819886080,5.521645352564103,0.0
0,1,87,353217270208,5.527864430088141,5.559511527362279e-41
0,0,88,353614521856,5.534081434294872,0.0
0,1,88,354355672999,5.545680479376378,5.584454640027261e-41
0,0,89,354755704320,5.551940985576923,0.0
0,1,89,355493906304,5.563493876201923,5.662086574950856e-41
0,0,90,355891670528,5.56971890224359,0.0
0,1,90,356287797997,5.575918313003932,5.601690611138456e-41
0,0,91,357027712000,5.587497996794872,0.0
0,1,91,357764773117,5.599033032805614,5.583473731102234e-41
0,0,92,358504886272,5.610615833333333,0.0
0,1,92,358898008753,5.616768215911083,5.623550867181923e-41
0,0,93,359635204096,5.6283053525641025,0.0
0,1,93,360031336550,5.634504841339894,5.64653216199685e-41
0,0,94,360429616640,5.640737940705129,0.0
0,1,94,361169942076,5.652324063439003,5.66629047034383e-41
0,0,95,361565651968,5.658516939102564,0.0
0,1,95,362302958576,5.670055817057292,5.550122827651303e-41
0,0,96,362702124032,5.676302772435897,0.0
0,1,96,363441154499,5.68786862885304,5.640226318907389e-41
0,0,97,363838638080,5.694089262820513,0.0
0,1,97,364235148075,5.70029466012808,5.557829969205089e-41
0,0,98,364974568960,5.711866626602564,0.0
0,1,98,365368153299,5.718026237276518,5.567779188301796e-41
0,0,99,366110690816,5.729646979166667,0.0
0,1,99,366506793654,5.735846004450871,5.622990347796193e-41
0,0,100,367246590976,5.747423862179487,0.0
0,1,100,368328386864,5.764354011167868,5.579830355094989e-41
0,0,101,368729568768,5.7706325240384615,0.0
0,1,101,369466956024,5.7821726641376205,5.525600104525619e-41
0,0,102,369866033152,5.788418237179488,0.0
0,1,102,370605459655,5.799990291575897,5.641767747218146e-41
0,0,103,371002430976,5.806202908653846,0.0
0,1,103,371743762096,5.817804770382613,5.555307631969305e-41
0,0,104,372143741440,5.824064463141026,0.0
0,1,104,372882325106,5.835623327104617,5.631958657967872e-41
0,0,105,373279666688,5.841841738782051,0.0
0,1,105,373676393441,5.848050528361003,5.61206021977446e-41
0,0,106,374415104512,5.859611386217949,0.0
0,1,106,374809666433,5.865786296089368,5.464643621327489e-41
0,0,107,375550721024,5.877383830128205,0.0
0,1,107,375948603758,5.88361071085612,5.669933846351075e-41
0,0,108,376686556160,5.89515969551282,0.0
0,1,108,377770734053,5.912127122974885,5.61318125854592e-41
0,0,109,378510551552,5.923705296474359,0.0
0,1,109,378904306061,5.92986757031563,5.587537496648776e-41
0,0,110,379646177280,5.941477884615384,0.0
0,1,110,380043364207,5.947693875935872,5.587537496648776e-41
0,0,111,380781916672,5.959252251602564,0.0
0,1,111,381176400651,5.965425941678561,5.630277099810683e-41
0,0,112,381917795328,5.977028798076923,0.0
0,1,112,382315418867,5.983251622392704,5.693896050091029e-41
0,0,113,382712416256,5.989464647435898,0.0
0,1,113,383454115006,6.001072262588893,5.467726477949004e-41
0,0,114,383853983744,6.007330224358975,0.0
0,1,114,384592618103,6.018889881670047,5.546899841183356e-41
0,0,115,384989543936,6.025101786858975,0.0
0,1,115,385386827253,6.031319286686824,5.557829969205089e-41
0,0,116,386125280768,6.042876113782051,0.0
0,1,116,386864977404,6.054452395770733,5.485382838599496e-41
0,0,117,387261298688,6.06065483974359,0.0
0,1,117,388004150247,6.0722804964036206,5.575626459702015e-41
0,0,118,388402766336,6.078518854166667,0.0
0,1,118,389142911416,6.090102154321915,5.398362203964925e-41
0,0,119,389885479424,6.101723373397436,0.0
0,1,119,390281765229,6.107925262122521,5.535969713161622e-41
0,0,120,391021355520,6.119499879807693,0.0
0,1,120,391415268666,6.125664636324369,5.458337778238027e-41
0,0,121,392157323776,6.137277828525641,0.0
0,1,121,392553895166,6.143484186667418,5.440681417587535e-41
0,0,122,392951772672,6.149710985576923,0.0
0,1,122,393692646592,6.161305692107372,5.493790629385445e-41
0,0,123,394092708864,6.167566682692308,0.0
0,1,123,394831369898,6.179126757468199,5.646952551536148e-41
0,0,124,395228901888,6.185348149038462,0.0
0,1,124,395625535997,6.191555488735101,5.505841796178639e-41
0,0,125,396365050880,6.2031289262820515,0.0
0,1,125,397448519797,6.220085258241311,5.554186593197845e-41
0,0,126,398188923904,6.231672612179487,0.0
0,1,126,398926986930,6.24322332810622,5.667271379268858e-41
0,0,127,399324601344,6.249446009615385,0.0
0,1,127,400065966202,6.261048399345203,5.650595927543392e-41
0,0,128,400807642624,6.272655665064103,0.0
0,1,128,401204470842,6.278866042574369,5.695017088862489e-41
0,0,129,401602205184,6.285090600961539,0.0
0,1,129,402343356423,6.296689647545448,5.535549323622325e-41
0,0,130,402743484416,6.302951666666667,0.0
0,1,130,403482192873,6.314512483614409,5.636022423514414e-41
0,0,131,403879126528,6.320724511217949,0.0
0,1,131,404276371768,6.326941415139223,5.469267906259761e-41
0,0,132,405014635008,6.338495264423077,0.0
0,1,132,405409431291,6.344673842069186,5.59174139204175e-41
0,0,133,405808612864,6.350921049679488,0.0
0,1,133,406547702973,6.362487839496319,5.539613089168867e-41
0,0,134,407285372928,6.374032403846154,0.0
0,1,134,408024812211,6.385604658250076,5.615283206242407e-41
0,0,135,408762397696,6.397147900641026,0.0
0,1,135,409157620846,6.403333158772787,5.657462290018584e-41
0,0,136,410244729344,6.420346450320513,0.0
0,1,136,410640588970,6.4265416693271735,5.589639444345263e-41
0,0,137,411379772928,6.438109927884615,0.0
0,1,137,411773597751,6.444273302142804,5.53134542822935e-41
0,0,138,412514895872,6.4558746474358975,0.0
0,1,138,412912249359,6.4620932454270585,5.543256465176111e-41
0,0,139,413650201088,6.473642219551282,0.0
0,1,139,414045600178,6.479830231151092,5.585575678798721e-41
0,0,140,414444269568,6.486069423076923,0.0
0,1,140,415184450935,6.497653291125175,5.554186593197845e-41
0,0,141,415585268224,6.503926097756411,0.0
0,1,141,416322877776,6.515469716796876,5.575065940316285e-41
0,0,142,416720913408,6.521698990384616,0.0
0,1,142,417461425442,6.5332880333846655,5.536530232547352e-41
0,0,143,418203277824,6.544898052884616,0.0
0,1,143,418944665943,6.556500806650015,5.561052955673037e-41
0,0,144,419685757952,6.568098926282051,0.0
0,1,144,420083903792,6.574329924629407,5.619907491174679e-41
0,0,145,420826942464,6.585958509615385,0.0
0,1,145,421222945019,6.592155965466622,5.488605825067444e-41
0,0,146,421621178368,6.598388333333333,0.0
0,1,146,422361660608,6.60997691005609,5.579269835709259e-41
0,0,147,422762105856,6.616243894230769,0.0
0,1,147,423155834919,6.622405769841121,5.55222477534779e-41
0,0,148,423898019840,6.634020993589743,0.0
0,1,148,424294250484,6.640222019042969,5.609958272077973e-41
0,0,149,425033944576,6.651798261217949,0.0
0,1,149,425427222403,6.657953074966822,5.590199963730993e-41
0,0,150,426164146688,6.669485969551282,0.0
0,1,150,426904663972,6.681075094714043,5.595384768048995e-41
0,0,151,428341179392,6.703556618589744,0.0
0,1,151,428737589349,6.709760450298603,5.671475274661832e-41
0,0,152,429477123584,6.721334190705129,0.0
0,1,152,430215242351,6.732885778980744,5.670494365736805e-41
0,0,153,430613341696,6.739116049679487,0.0
0,1,153,431009101242,6.745309702430139,5.600149182827699e-41
0,0,154,431749305344,6.756893926282052,0.0
0,1,154,432142015355,6.763039853687776,5.613601648085217e-41
0,0,155,432879778816,6.774585881410257,0.0
0,1,155,433274749210,6.780767183900491,5.648073590307608e-41
0,0,156,433674028544,6.787015921474359,0.0
0,1,156,434413098725,6.798582399417192,5.463102193016732e-41
0,0,157,434809659904,6.804788597756411,0.0
0,1,157,435551123121,6.816392526808519,5.594403859123967e-41
0,0,158,435951031296,6.822651105769231,0.0
0,1,158,436689512563,6.83420836718437,5.662086574950856e-41
0,0,159,437428231168,6.845769342948718,0.0
0,1,159,438166759040,6.857327333733974,5.658022809404314e-41
0,0,160,438563939328,6.863543221153846,0.0
0,1,160,439305319987,6.875145858169947,5.474032321038465e-41
0,0,161,439705608704,6.881410392628205,0.0
0,1,161,440443390457,6.892956706621219,5.537090751933082e-41
0,0,162,440841794048,6.899191738782052,0.0
0,1,162,441581521345,6.910768500616612,5.622569958256896e-41
0,0,163,441977943040,6.916972516025641,0.0
0,1,163,442375428920,6.923193185972556,5.518733742050427e-41
0,0,164,443114186752,6.934754775641026,0.0
0,1,164,443507991759,6.94091783977802,5.602251130524186e-41
0,0,165,444250499072,6.952538108974359,0.0
0,1,165,444646102692,6.958729321476863,5.574505420930555e-41
0,0,166,445386690560,6.970319551282051,0.0
0,1,166,445784106084,6.976539120154748,5.680863974372808e-41
0,0,167,446522885632,6.9881010496794875,0.0
0,1,167,447260920940,6.999651331818409,5.593843339738237e-41
0,0,168,447658725376,7.005876987179487,0.0
0,1,168,448398675506,7.017457236359426,5.631398138582142e-41
0,0,169,449136167936,7.028999022435897,0.0
0,1,169,449875417654,7.0405683101399745,5.590199963730993e-41
0,0,170,450272657920,7.046785136217949,0.0
0,1,170,451013247987,7.058375400437575,5.588098016034506e-41
0,0,171,451413562880,7.064640344551282,0.0
0,1,171,451807073617,7.0707988033509865,5.528682961147133e-41
0,0,172,452548927488,7.082408846153847,0.0
0,1,172,452945147665,7.088609707798102,5.620468010560409e-41
0,0,173,453684307456,7.100177588141026,0.0
0,1,173,454077799619,7.106335756256886,5.616824634553164e-41
0,0,174,454478322688,7.112603958333334,0.0
0,1,174,455216054397,7.124149489135743,5.63350008627863e-41
0,0,175,455613684736,7.1303724198717955,0.0
0,1,175,456354257976,7.1419624207481975,5.556288540894332e-41
0,0,176,457096247808,7.153574591346154,0.0
0,1,176,457492394486,7.159774302728115,5.505841796178639e-41
0,0,177,458231503360,7.171341386217949,0.0
0,1,177,458969738252,7.182894791854467,5.511446990035938e-41
0,0,178,459708304896,7.194453389423077,0.0
0,1,178,460102640059,7.200624750522712,5.671054885122535e-41
0,0,179,460843983360,7.212226802884616,0.0
0,1,179,461241027449,7.218440558784681,5.736635653252936e-41
0,0,180,461979504640,7.229997756410256,0.0
0,1,180,462374164756,7.23617420303736,5.719960201527471e-41
0,0,181,462773692928,7.242426834935897,0.0
0,1,181,463512643823,7.253991446048052,5.59174139204175e-41
0,0,182,463909105664,7.26019608974359,0.0
0,1,182,464651078318,7.271807991505159,5.521396209132644e-41
0,0,183,465049979904,7.278050817307692,0.0
0,1,183,465444723191,7.284228565564278,5.513128548193128e-41
0,0,184,466185401856,7.295820216346154,0.0
0,1,184,466582826928,7.302039934645433,5.619907491174679e-41
0,0,185,467320897024,7.313590761217949,0.0
0,1,185,468403856951,7.330539127463316,5.649054499232635e-41
0,0,186,468803632640,7.33679563301282,0.0
0,1,186,469541715443,7.348346658450396,5.572963992619797e-41
0,0,187,469939157504,7.354566642628205,0.0
0,1,187,470679274936,7.366149510091146,5.692354621780272e-41
0,0,188,471074711552,7.372338108974359,0.0
0,1,188,471816948090,7.3839541405311,5.718979292602443e-41
0,0,189,472216110592,7.390201049679487,0.0
0,1,189,472610414779,7.39637192600348,5.661666185411558e-41
0,0,190,473351601152,7.407971522435898,0.0
0,1,190,473748313221,7.41418008220966,5.541154517479624e-41
0,0,191,474487106560,7.425742227564103,0.0
0,1,191,474880894011,7.431905016948994,5.559931916901577e-41
0,0,192,475622879744,7.443517123397436,0.0
0,1,192,476019019764,7.4497167305814305,5.665309561418803e-41
0,0,193,476758471168,7.461289174679488,0.0
0,1,193,477495896052,7.472829903658353,5.650175538004095e-41
0,0,194,477894039040,7.479060857371795,0.0
0,1,194,478633977267,7.490640920269306,5.625092295492681e-41
0,0,195,479029939200,7.496837740384616,0.0
0,1,195,479772209533,7.50845430083446,5.545918932258329e-41
0,0,196,480512458240,7.52003922275641,0.0
0,1,196,480910646077,7.526270878358499,5.626213334264141e-41
0,0,197,481306413056,7.532464647435898,0.0
0,1,197,482043871460,7.544005901004107,5.639665799521659e-41
0,0,198,482442047488,7.550237371794872,0.0
0,1,198,483182494374,7.561825395226112,5.558390488590819e-41
0,0,199,483583260672,7.568097403846154,0.0
0,1,199,484320860776,7.57964087502504,5.694456569476759e-41
0,0,200,484719521280,7.585879927884616,0.0
0,1,200,485114696636,7.592064438038362,5.558951007976549e-41
0,0,201,485855240704,7.603653982371795,0.0
0,1,201,486252755329,7.609875102179112,5.600569572366996e-41
0,0,202,487338086912,7.626860584935898,0.0
0,1,202,488079776754,7.638468060678336,5.556288540894332e-41
0,0,203,488821117440,7.650070072115385,0.0
0,1,203,489562594355,7.661674215541742,5.70748864519498e-41
0,0,204,489962074112,7.66792608974359,0.0
0,1,204,490701268976,7.679494518980369,5.70804916458071e-41
0,0,205,491097741312,7.685699326923078,0.0
0,1,205,491839586231,7.697309229626778,5.722622668609688e-41
0,0,206,492238824448,7.703557323717949,0.0
0,1,206,492977989490,7.715125286239233,5.578148796937799e-41
0,0,207,493374440448,7.721329759615385,0.0
0,1,207,494116389686,7.732941294915615,5.703845269187735e-41
0,0,208,494515689984,7.739190360576924,0.0
0,1,208,494910401153,7.745367606185522,5.528682961147133e-41
0,0,209,495651736064,7.75696952724359,0.0
0,1,209,496048945219,7.763185866433168,5.572963992619797e-41
0,0,210,496787953664,7.774751378205129,0.0
0,1,210,497526324799,7.786306916050055,5.637563851825172e-41
0,0,211,498265454080,7.797874318910257,0.0
0,1,211,499003964998,7.809432044364733,5.566798279376768e-41
0,0,212,499742275072,7.820986626602564,0.0
0,1,212,500136517110,7.827156530292218,5.599028144056239e-41
0,0,213,500877995008,7.838760689102564,0.0
0,1,213,501274815418,7.844970944417318,5.76171889576435e-41
0,0,214,501672498688,7.851194703525641,0.0
0,1,214,502413341043,7.862788916062575,5.645411123225391e-41
0,0,215,502813813760,7.869056330128205,0.0
0,1,215,503551541552,7.8806017996294075,5.604212948374241e-41
0,0,216,503949487616,7.886829671474359,0.0
0,1,216,504345283696,7.893023895983574,5.627754762574898e-41
0,0,217,505085722624,7.904611794871795,0.0
0,0,218,506206026752,7.922144599358974,0.0
0,1,218,506599808375,7.928307297535432,5.577167888012772e-41
0,0,219,507341952512,7.939921883012821,0.0
0,1,219,508082621858,7.951513387951973,5.625652814878411e-41
0,0,220,508824491520,7.9631236778846155,0.0
0,1,220,509220982621,7.969328779500326,5.694456569476759e-41
0,0,221,509960462336,7.980901666666667,0.0
0,1,221,510354075392,7.98706172676282,5.738177081563693e-41
0,0,222,511096583680,7.998682011217949,0.0
0,1,222,511492817087,8.004883079912235,5.689271765158757e-41
0,0,223,512232814080,8.0164640625,0.0
0,1,223,512625812558,8.022614504425832,5.590760483116723e-41
0,0,224,513363163136,8.034154070512821,0.0
0,1,224,513758797813,8.04034576905862,5.70692812580925e-41
0,0,225,514157660672,8.046587988782052,0.0
0,1,225,514897363898,8.058164373904498,5.650175538004095e-41
0,0,226,515293459456,8.06436328525641,0.0
0,1,226,515691204339,8.070588008610653,5.562033864598064e-41
0,0,227,516429227520,8.082138100961538,0.0
0,1,227,516824579242,8.088325371250251,5.750228248356887e-41
0,0,228,517912122880,8.10534547275641,0.0
0,1,228,518307476682,8.111532775597206,5.566798279376768e-41
0,0,229,519048586752,8.123131177884616,0.0
0,1,229,519445861513,8.129348543810723,5.588658535420235e-41
0,0,230,520184985088,8.140915857371795,0.0
0,1,230,520578008623,8.14706669144068,5.630277099810683e-41
0,0,231,521315594752,8.158609943910257,0.0
0,1,231,521710468012,8.164789726249499,5.709590592891467e-41
0,0,232,522110297088,8.171047067307693,0.0
0,1,232,522848350075,8.182597626123673,5.573524512005527e-41
0,0,233,523246303744,8.18882561698718,0.0
0,1,233,523986289974,8.200406431133564,5.766343180696622e-41
0,0,234,524382433792,8.20660609775641,0.0
0,1,234,525123991802,8.218211510322767,5.718979292602443e-41
0,0,235,525523635712,8.224465953525641,0.0
0,1,235,525917547568,8.230630689853767,5.672035794047562e-41
0,0,236,526659480576,8.242241971153847,0.0
0,1,236,527399147626,8.253817790120443,5.624111386567653e-41
0,0,237,528136768000,8.265361578525642,0.0
0,1,237,528530886133,8.271529543097081,5.625092295492681e-41
0,0,238,529272681984,8.283138677884615,0.0
0,1,238,529668336049,8.289330679853391,5.667831898654588e-41
0,0,239,530408398336,8.300912684294872,0.0
0,1,239,530805826410,8.30713244957557,5.628735671499925e-41
0,0,240,531544216576,8.31868828525641,0.0
0,1,240,531937700090,8.324846318015075,5.633920475817927e-41
0,0,241,532338537984,8.331119447115384,0.0
0,1,241,533075590834,8.342654353747246,5.63237904750717e-41
0,0,242,533474324992,8.348894559294871,0.0
0,1,242,534213223532,8.360458351049179,5.695997997787516e-41
0,0,243,534610344448,8.366673309294873,0.0
0,1,243,535350943792,8.37826371869992,5.569881135998283e-41
0,0,244,535751748096,8.384536322115386,0.0
0,1,244,536144711038,8.390686207901393,5.539192699629569e-41
0,0,245,536882084864,8.402226137820513,0.0
0,1,245,537621819254,8.413803010660807,5.813286679251504e-41
0,0,246,538358379008,8.425330200320513,0.0
0,1,246,539098777968,8.436917473707933,5.710010982430765e-41
0,0,247,539499040256,8.443181594551282,0.0
0,1,247,540236773678,8.45472715216221,5.684086960840755e-41
0,0,248,540634356736,8.460949342948718,0.0
0,1,248,541374600938,8.472534194367238,5.815949146333721e-41
0,0,249,541775356416,8.478806033653846,0.0
0,1,249,542512340125,8.490339858226287,5.671054885122535e-41
0,0,250,542910827008,8.496576193910256,0.0
0,1,250,543305894898,8.502759022216797,5.61318125854592e-41
0,0,251,544046584832,8.514350849358975,0.0
0,1,251,544443846065,8.52056800357134,5.606875415456458e-41
0,0,252,545182089216,8.532121538461539,0.0
0,1,252,545576212285,8.538289580281576,5.558390488590819e-41
0,0,253,545976414208,8.544552756410257,0.0
0,1,253,546713925876,8.5560948435622,5.619907491174679e-41
0,0,254,547454163968,8.567679599358975,0.0
0,1,254,548195815153,8.579286470117813,5.598607754516942e-41
0,0,255,548595312640,8.585538621794871,0.0
0,1,255,549678025506,8.602483121525692,5.59230191142748e-41
0,0,256,550078067712,8.608743798076924,0.0
0,1,256,550815995612,8.620292399276343,5.679322546062051e-41
0,0,257,551213801472,8.626518076923077,0.0
0,1,257,551954222741,8.638105699447241,5.609958272077973e-41
0,0,258,552354678784,8.644372852564103,0.0
0,1,258,553092671562,8.655922469106821,5.539613089168867e-41
0,0,259,553490538496,8.662149102564102,0.0
0,1,259,553886530483,8.668346393025717,5.633920475817927e-41
0,0,260,554626049536,8.679919895833333,0.0
0,1,260,555019220268,8.686073033541167,5.549001788879843e-41
0,0,261,555755954176,8.697602948717948,0.0
0,1,261,556152145627,8.703803360799155,5.64597164261112e-41
0,0,262,556890953216,8.715365729166667,0.0
0,1,262,557285074546,8.721533743771284,5.596505806820454e-41
0,0,263,558026101248,8.733130841346155,0.0
0,1,263,558423534641,8.739350689869417,5.637563851825172e-41
0,0,264,559514097152,8.756418036858975,0.0
0,1,264,559911610473,8.762639136258638,5.659984627254369e-41
0,0,265,560649694720,8.774190184294872,0.0
0,1,265,561044180469,8.78036390207144,5.585996068338018e-41
0,0,266,561785650688,8.791967940705128,0.0
0,1,266,562182675893,8.798181401069836,5.558951007976549e-41
0,0,267,562580234240,8.804403205128205,0.0
0,1,267,563320873839,8.815994244525616,5.635602033975117e-41
0,0,268,563721441792,8.822263149038461,0.0
0,1,268,564459013421,8.833806174582458,5.554747112583575e-41
0,0,269,564857146880,8.840036979166667,0.0
0,1,269,565252694135,8.846227309554664,5.583473731102234e-41
0,0,270,565992585728,8.857806642628205,0.0
0,1,270,566735170197,8.869428119319036,5.618366062863922e-41
0,0,271,567474938368,8.881005520833334,0.0
0,1,271,568212351618,8.892546067739634,5.502618809710692e-41
0,0,272,568609992704,8.898769166666668,0.0
0,1,272,569694937772,8.915748600448218,5.741820457570938e-41
0,0,273,570091537408,8.921955400641027,0.0
0,1,273,570833249896,8.93356323079427,5.624111386567653e-41
0,0,274,571572944896,8.945139487179487,0.0
0,1,274,571965983231,8.951290552868965,5.711692540587954e-41
0,0,275,572702473216,8.962816650641026,0.0
0,1,275,573098642313,8.969016712881235,5.688711245773027e-41
0,0,276,573837791744,8.980584431089744,0.0
0,1,276,574231760167,8.986750052693685,5.674698261129779e-41
0,0,277,574972787712,8.998347163461538,0.0
0,1,277,575369977572,9.004563200683593,5.689692154698055e-41
0,0,278,575766735360,9.010772475961538,0.0
0,1,278,576508421292,9.02237989051232,5.605894506531431e-41
0,0,279,577248976384,9.033969607371795,0.0
0,1,279,577646930510,9.04019760538737,5.57198308369477e-41
0,0,280,578384484352,9.051740352564103,0.0
0,1,280,578779905003,9.057928701594426,5.659003718329341e-41
0,0,281,579520051712,9.06951202724359,0.0
0,1,281,580262335481,9.081128797967374,5.588658535420235e-41
0,0,282,580660939264,9.087366963141026,0.0
0,1,282,581400452534,9.098940375444462,5.638684890596631e-41
0,0,283,581796123136,9.105132636217949,0.0
0,1,283,582533231964,9.116668418907752,5.566237759991038e-41
0,0,284,582931210240,9.122896794871796,0.0
0,1,284,583327302845,9.12909566000914,5.596505806820454e-41
0,0,285,584066541568,9.140664775641026,0.0
0,1,285,584460263473,9.14682653922839,5.53807166085811e-41
0,0,286,585202082816,9.158436041666667,0.0
0,1,286,585598636534,9.164642123240936,5.488045305681714e-41
0,0,287,586337686016,9.17620827724359,0.0
0,1,287,587075435001,9.187754078416091,5.606314896070728e-41
0,0,288,587814432256,9.199319415064103,0.0
0,1,288,588552996856,9.21087798064403,5.577728407398502e-41
0,0,289,588950016000,9.217091346153847,0.0
0,1,289,589691313586,9.228692683074168,5.671054885122535e-41
0,0,290,590091237376,9.234951506410257,0.0
0,1,290,590829627762,9.246507345534106,5.449509597912781e-41
0,0,291,591568118784,9.258064759615385,0.0
0,1,291,591962521336,9.26423717535557,5.523498156829131e-41
0,0,292,592703585280,9.275834855769231,0.0
0,1,292,593101280435,9.28205880087828,5.559931916901577e-41
0,0,293,593497914368,9.288266137820512,0.0
0,1,293,594239767680,9.299876171875,5.5505432171906e-41
0,0,294,594638822912,9.30612140224359,0.0
0,1,294,595033920474,9.312304694918119,5.518733742050427e-41
0,0,295,595774117376,9.323888806089744,0.0
0,1,295,596511486405,9.335428660935623,5.474032321038465e-41
0,0,296,597251171840,9.347004767628205,0.0
0,1,296,597988673979,9.358546705650916,5.544797893486869e-41
0,0,297,598387083264,9.364781826923076,0.0
0,1,297,599126836089,9.37635898827186,5.595945287434724e-41
0,0,298,599522767872,9.382555336538461,0.0
0,1,298,600265229115,9.394174884737454,5.638124371210901e-41
0,0,299,600663862784,9.400413517628206,0.0
0,1,299,601403586817,9.411990228381034,5.590199963730993e-41
0,0,300,601799177728,9.41818124198718,0.0
0,1,300,602197230660,9.424410786320614,5.525600104525619e-41
0,0,301,602934473216,9.435948661858975,0.0
0,1,301,603329843693,9.442136225664187,5.722062149223958e-41
0,0,302,604070181888,9.453722548076923,0.0
0,1,302,604467851675,9.459946096175756,5.559511527362279e-41
0,0,303,605206274560,9.471502443910257,0.0
0,1,303,605600445241,9.47767123086,5.555868151355035e-41
0,0,304,606342146560,9.48927888621795,0.0
0,1,304,607083215162,9.500876639529498,5.494771538310473e-41
0,0,305,607825160704,9.51248811698718,0.0
0,1,305,608565636467,9.524076592344628,5.575626459702015e-41
0,0,306,608966540288,9.530350753205129,0.0
0,1,306,609703996708,9.541891975723658,5.468707386874031e-41
0,0,307,610102165504,9.548123333333333,0.0
0,1,307,610481963525,9.55406718757825,5.476134268734953e-41
0,0,308,611221454848,9.565640256410257,0.0
0,1,308,611614725045,9.571794950749323,5.528122441761403e-41
0,0,309,612351902208,9.583331802884615,0.0
0,1,309,612747273022,9.589519371963892,5.472911282267006e-41
0,0,310,613487387648,9.601102195512821,0.0
0,1,310,613885337331,9.607330123995268,5.603792558834943e-41
0,0,311,614623004160,9.618874639423078,0.0
0,1,311,615017887349,9.625054577151568,5.542836075636814e-41
0,0,312,615764226048,9.636734807692308,0.0
0,1,312,616506037949,9.648344193662986,5.625652814878411e-41
0,0,313,617247064576,9.659941290064102,0.0
0,1,313,617989206772,9.671555845164765,5.599028144056239e-41
0,0,314,618729910784,9.683147892628206,0.0
0,1,314,619128028324,9.689378448079427,5.61318125854592e-41
0,0,315,619865287168,9.700916578525641,0.0
0,1,315,620605369494,9.712498896578275,5.526581013450646e-41
0,0,316,621005998080,9.71876875,0.0
0,1,316,621399479287,9.724926746654022,5.59174139204175e-41
0,0,317,622141473792,9.736538990384616,0.0
0,1,317,622538301365,9.742749357800607,5.638124371210901e-41
0,0,318,623277138432,9.7543121875,0.0
0,1,318,623671581500,9.760485237317209,5.635041514589387e-41
0,0,319,624071440896,9.766743052884616,0.0
0,1,319,624810273025,9.778305805304111,5.659564237715071e-41
0,0,320,625207013376,9.784514807692307,0.0
0,1,320,626292942608,9.801509643679887,5.49687348600696e-41
0,0,321,627031026176,9.813060681089745,0.0
0,1,321,627770561283,9.824634435143103,5.587117107109478e-41
0,0,322,628513496064,9.83626139423077,0.0
0,1,322,629253504829,9.847842561050806,5.545358412872599e-41
0,0,323,629990496768,9.859376514423078,0.0
0,1,323,630386586814,9.86557533951197,5.454133882845053e-41
0,0,324,631126809088,9.87715984775641,0.0
0,1,324,631519608929,9.883307181005234,5.475013229963493e-41
0,0,325,632257724928,9.894858725961539,0.0
0,1,325,632652626941,9.901038958286383,5.544797893486869e-41
0,0,326,633393623552,9.912635584935897,0.0
0,1,326,633791150522,9.918856897942959,5.581932302791476e-41
0,0,327,634187753472,9.92506375,0.0
0,1,327,634929810293,9.93667696897849,5.594964378509697e-41
0,0,328,635328787456,9.942920977564103,0.0
0,1,328,636068510511,9.954497673011193,5.718418773216714e-41
0,0,329,636805630464,9.966033629807693,0.0
0,1,329,637546329391,9.97762559769068,5.457777258852298e-41
0,0,330,638294264832,9.989330817307692,0.0
0,1,330,638690144513,9.995526350175906,5.583473731102234e-41
0,0,331,639429998592,10.007105096153847,0.0
0,1,331,639823254680,10.013259569686499,5.498975433703447e-41
0,0,332,640565456384,10.024875056089744,0.0
0,1,332,640962238033,10.031084704793294,5.637143462285874e-41
0,0,333,641701339648,10.042651674679487,0.0
0,1,333,642095656445,10.048822748350487,5.714214877823739e-41
0,0,334,642495440384,10.05507938301282,0.0
0,1,334,643234638780,10.06664786752554,5.510466081110911e-41
0,0,335,643630483968,10.072842860576923,0.0
0,1,335,644368004922,10.084385093055138,5.502618809710692e-41
0,0,336,644765778432,10.090610264423077,0.0
0,1,336,645162383013,10.096817142005333,5.606314896070728e-41
0,0,337,645901498368,10.108384326923078,0.0
0,1,337,646984690941,10.125336334087665,5.665309561418803e-41
0,0,338,647725151744,10.136924575320513,0.0
0,1,338,648467873569,10.148548201638247,5.626213334264141e-41
0,0,339,649207202304,10.160118725961539,0.0
0,1,339,650290138493,10.177066720706256,5.5725436030805e-41
0,0,340,650689330688,10.183314094551282,0.0
0,1,340,651428571454,10.1948832421562,5.549001788879843e-41
0,0,341,651824489472,10.201079375,0.0
0,1,341,652567219449,10.21270312889686,5.513548937732425e-41
0,0,342,652965457920,10.218935576923077,0.0
0,1,342,653705841846,10.230522615027795,5.626213334264141e-41
0,0,343,654106566656,10.236793974358974,0.0
0,1,343,654500360188,10.242956858911759,5.528122441761403e-41
0,0,344,655241832960,10.2545609375,0.0
0,1,344,655984010795,10.266176050352438,5.589639444345263e-41
0,0,345,656724100608,10.277758485576923,0.0
0,1,345,657462279221,10.289311010444838,5.539192699629569e-41
0,0,346,658201066496,10.300873060897436,0.0
0,1,346,658595684794,10.307048853071164,5.603232039449214e-41
0,0,347,659336531456,10.31864313301282,0.0
0,1,347,660079341031,10.330268132621569,5.508924652800153e-41
0,0,348,660477819392,10.336504334935897,0.0
0,1,348,661218117023,10.348090022520408,5.415598175076121e-41
0,0,349,661613899264,10.354284030448719,0.0
0,1,349,662006985931,10.360435852535932,5.473471801652735e-41
0,0,350,662744431616,10.371976907051282,0.0
0,1,350,663140454004,10.378174673289763,5.565677240605308e-41
0,0,351,663880561152,10.389757379807692,0.0
0,1,351,664274097150,10.395916233943058,5.451051026223538e-41
0,0,352,664674582016,10.402183838141026,0.0
0,1,352,665413233597,10.413743764977088,5.544377503947571e-41
0,0,353,666151584768,10.425298990384615,0.0
0,1,353,666546939753,10.431486311739409,5.611079310849433e-41
0,0,354,667633510912,10.448491193910257,0.0
0,1,354,668375227883,10.460099094222631,5.516771924200372e-41
0,0,355,669116069888,10.471693301282052,0.0
0,1,355,669514241962,10.477924710192559,5.642888785989606e-41
0,0,356,670251728896,10.48946641025641,0.0
0,1,356,670647662916,10.495662793532151,5.677220598365564e-41
0,0,357,671387141632,10.507235665064103,0.0
0,1,357,671781103836,10.513401189340446,5.489026214606741e-41
0,0,358,672181157376,10.51966204326923,0.0
0,1,358,672920003726,10.531225018247946,5.520835689746914e-41
0,0,359,673316158464,10.537424855769231,0.0
0,1,359,674058929219,10.549049247843424,5.498975433703447e-41
0,0,360,674456773632,10.555275528846154,0.0
0,1,360,675197780996,10.566872323780549,5.554747112583575e-41
0,0,361,675597436416,10.573126947115385,0.0
0,1,361,675991925100,10.57930071082482,5.512568028807398e-41
0,0,362,677079385088,10.596319503205128,0.0
0,1,362,677819712498,10.607905656832182,5.620888400099706e-41
0,0,363,678561402880,10.61951314102564,0.0
0,1,363,679302606334,10.631113004776392,5.606314896070728e-41
0,0,364,679702564864,10.637372371794871,0.0
0,1,364,680441252284,10.64893285951272,5.522937637443402e-41
0,0,365,680837756416,10.655138165064104,0.0
0,1,365,681579753343,10.666750446699094,5.45623583054154e-41
0,0,366,682320032768,10.678335849358975,0.0
0,1,366,682718188349,10.68456700015337,5.556288540894332e-41
0,0,367,683455474688,10.696105560897436,0.0
0,1,367,683851078844,10.702296781788363,5.526581013450646e-41
0,0,368,684249380352,10.708530216346155,0.0
0,1,368,684989156472,10.72010774226262,5.572963992619797e-41
0,0,369,685384798208,10.726299551282052,0.0
0,1,369,686121924131,10.73783560150929,5.645411123225391e-41
0,0,370,687208234496,10.75483640224359,0.0
0,1,370,687949900964,10.766443512181992,5.588658535420235e-41
0,0,371,688690995712,10.778041674679487,0.0
0,1,371,689433429169,10.789660788026467,5.569320616612553e-41
0,0,372,689832379392,10.795904375000001,0.0
0,1,372,690572167792,10.807482093098958,5.651716966314852e-41
0,0,373,690967793664,10.813673653846154,0.0
0,1,373,691360887214,10.819825583652595,5.565677240605308e-41
0,0,374,692097930240,10.831360336538461,0.0
0,1,374,692494032179,10.837559347753281,5.398362203964925e-41
0,0,375,693233318912,10.84912921474359,0.0
0,1,375,693627092206,10.855291782570864,5.514109457118155e-41
0,0,376,694368714752,10.866898205128205,0.0
0,1,376,694765837992,10.873113199744592,5.540734127940327e-41
0,0,377,695162788352,10.879325488782051,0.0
0,1,377,696249079981,10.8963259962972,5.466185049638246e-41
0,0,378,696986176000,10.907861578525642,0.0
0,1,378,697727423154,10.919462126183143,5.524479065754159e-41
0,0,379,698126630400,10.925709735576923,0.0
0,1,379,699210803423,10.942677086823293,5.567218668916066e-41
0,0,380,699608247808,10.948897107371796,0.0
0,1,380,700349368474,10.96049567548703,5.760177467453593e-41
0,0,381,700749044224,10.96675061698718,0.0
0,1,381,701472506866,10.978072836319361,5.70748864519498e-41
0,0,382,701872997376,10.984340528846154,0.0
0,1,382,702611670451,10.995900792064178,5.723603577534715e-41
0,0,383,703007970816,11.002102908653846,0.0
0,1,383,703405905655,11.0083306048271,5.43647752219456e-41
0,0,384,704143169024,11.019868806089743,0.0
0,1,384,704539422374,11.02607018689278,5.527702052222106e-41
0,0,385,705278237696,11.037632676282051,0.0
0,1,385,705672641071,11.04380510490222,5.469828425645491e-41
0,0,386,706760094720,11.060823798076923,0.0
0,1,386,707500113070,11.072405114902594,5.526160623911349e-41
0,0,387,707895448576,11.078592131410257,0.0
0,1,387,708633176654,11.09013760538737,5.76115837637862e-41
0,0,388,709030583296,11.09635703525641,0.0
0,1,388,709771732990,11.107956057661008,5.639245409982361e-41
0,0,389,710512957952,11.119556258012821,0.0
0,1,389,710910553017,11.125778636709361,5.521396209132644e-41
0,0,390,711648376832,11.13732560897436,0.0
0,1,390,712043764064,11.143513434995993,5.739298120335153e-41
0,0,391,712442715136,11.14975703525641,0.0
0,1,391,713182270245,11.161331102341872,5.677781117751294e-41
0,0,392,713578063872,11.167525288461539,0.0
0,1,392,714315493569,11.179066092764048,5.691373712855245e-41
0,0,393,714713767424,11.185299094551283,0.0
0,1,393,715109636613,11.191494463219277,5.733552796631422e-41
0,0,394,715849062400,11.203066506410257,0.0
0,1,394,716931758192,11.220010738932292,5.697539426098274e-41
0,0,395,717672324096,11.231600625,0.0
0,1,395,718415009404,11.24322367982522,5.638684890596631e-41
0,0,396,719154078720,11.25479014423077,0.0
0,1,396,719892963443,11.266353719748473,5.729348901238447e-41
0,0,397,720289381888,11.272557684294872,0.0
0,1,397,720687297507,11.278785079674355,5.786241618890035e-41
0,0,398,721424643584,11.290324575320513,0.0
0,1,398,721820482420,11.29651946896284,5.716316825520226e-41
0,0,399,722560251904,11.308096891025642,0.0
0,1,399,722953461510,11.314250637113132,5.752330196053374e-41
0,0,400,723348813824,11.320437916666666,0.0
0,1,400,724086797490,11.331987390606221,5.711692540587954e-41
0,0,401,724484338688,11.338208926282052,0.0
0,1,401,724880814079,11.344413782035632,5.700201893180491e-41
0,0,402,725619567104,11.355975296474359,0.0
0,1,402,726358171138,11.367534479197968,5.66685098972956e-41
0,0,403,727442883072,11.384510264423078,0.0
0,1,403,727840926225,11.39073965571477,5.563575292908821e-41
0,0,404,728578272768,11.402279158653846,0.0
0,1,404,728973697961,11.408467578766652,5.634480995203657e-41
0,0,405,729714010624,11.420053501602565,0.0
0,1,405,730456251823,11.431669606104142,5.629856710271385e-41
0,0,406,730855179776,11.437912844551283,0.0
0,1,406,731594550650,11.449484028351613,5.734533705556449e-41
0,0,407,731990647808,11.45568296474359,0.0
0,1,407,732388476108,11.461908993577223,5.733552796631422e-41
0,0,408,733125355008,11.473441177884617,0.0
0,1,408,733521855092,11.479646420084636,5.711132021202224e-41
0,0,409,734260610560,11.49120797275641,0.0
0,1,409,734654588928,11.49737375,5.72780747292769e-41
0,0,410,735054688768,11.503635328525641,0.0
0,1,410,735792764858,11.515186248904497,5.616824634553164e-41
0,0,411,736530777088,11.526736169871795,0.0
0,1,411,737269931957,11.538303973185222,5.736635653252936e-41
0,0,412,738007357952,11.549844719551283,0.0
0,1,412,738402900778,11.55603498062525,5.678341637137024e-41
0,0,413,739142393344,11.567608068910257,0.0
0,1,413,739880322367,11.579156687684671,5.674137741744049e-41
0,0,414,740619185664,11.590719927884615,0.0
0,1,414,741013499585,11.5968909565461,5.682405402683566e-41
0,0,415,741754571776,11.60848876602564,0.0
0,1,415,742151700082,11.61470383992513,5.701743321491248e-41
0,0,416,742548503040,11.620913822115385,0.0
0,1,416,743290119747,11.632520153292143,5.681985013144268e-41
0,0,417,743689625088,11.638772427884616,0.0
0,1,417,744084027785,11.644944845894056,5.520835689746914e-41
0,0,418,744824859136,11.656538886217948,0.0
0,1,418,745222161201,11.66275667945275,5.725705525231203e-41
0,0,419,745960169472,11.674306538461538,0.0
0,1,419,747043554721,11.691261561013247,5.633920475817927e-41
0,0,420,747783440384,11.702840801282052,0.0
0,1,420,748520637837,11.714377970956656,5.583894120641531e-41
0,0,421,749265286144,11.726031746794872,0.0
0,1,421,749658960183,11.73219276127742,5.64597164261112e-41
0,0,422,750400608768,11.743799591346153,0.0
0,1,422,750797033718,11.750003657696064,5.735654744327909e-41
0,0,423,751194566144,11.756225056089743,0.0
0,1,423,751935367357,11.76781862475273,5.679322546062051e-41
0,0,424,752335535104,11.774081266025641,0.0
0,1,424,753073505388,11.78563053053636,5.626213334264141e-41
0,0,425,753470898176,11.791849743589744,0.0
0,1,425,753867182009,11.79805160145295,5.725705525231203e-41
0,0,426,754606371840,11.809619951923077,0.0
0,1,426,754999531837,11.81577292162773,5.539613089168867e-41
0,0,427,755736558080,11.827307411858975,0.0
0,1,427,756820332963,11.844268532198393,5.49687348600696e-41
0,0,428,757560781824,11.855856586538462,0.0
0,1,428,758646653460,11.872850521146335,5.643869694914633e-41
0,0,429,759043559424,11.879062115384615,0.0
0,1,429,759784834488,11.890663099834736,5.564135812294551e-41
0,0,430,760184850432,11.896923365384616,0.0
0,1,430,760922990451,11.908475286254884,5.676660078979834e-41
0,0,431,761320906752,11.914702692307692,0.0
0,1,431,762061596478,11.926294516194663,5.576186979087745e-41
0,0,432,762462128640,11.932562860576924,0.0
0,1,432,762855818371,11.938724120639899,5.599588663441969e-41
0,0,433,763597899264,11.950337716346155,0.0
0,1,433,763994514998,11.956544768473307,5.625652814878411e-41
0,0,434,764392233984,11.962769086538461,0.0
0,1,434,765133265914,11.97436626593174,5.64597164261112e-41
0,0,435,765874483712,11.985966354166667,0.0
0,1,435,766271738813,11.992183412412986,5.563575292908821e-41
0,0,436,767010422784,12.003743846153846,0.0
0,1,436,767405233473,12.009922649254433,5.580250744634287e-41
0,0,437,768145844736,12.021513245192308,0.0
0,1,437,768544041716,12.027745043882712,5.660545146640099e-41
0,0,438,769281085440,12.039279807692308,0.0
0,1,438,769677095082,12.045477374455379,5.709590592891467e-41
0,0,439,770415898624,12.057039679487179,0.0
0,1,439,770809938485,12.063206419098684,5.672035794047562e-41
0,0,440,771209667072,12.069462187500001,0.0
0,1,440,771948055028,12.081017988594251,5.640786838293119e-41
0,0,441,772344948224,12.08722938301282,0.0
0,1,441,773086356390,12.098832450514573,5.777273308718356e-41
0,0,442,773485582336,12.105080352564103,0.0
0,1,442,773880590075,12.111262239505084,5.721081240298931e-41
0,0,443,774620661248,12.12284438301282,0.0
0,1,443,775013407862,12.12899088325696,5.698660464869734e-41
0,0,444,775750014464,12.140518806089744,0.0
0,1,444,776490655357,12.152109865738307,5.753311104978401e-41
0,0,445,777231815168,12.16370904647436,0.0
0,1,445,777973272731,12.175312887041141,5.679883065447781e-41
0,0,446,778372654592,12.181563229166667,0.0
0,1,446,779111786047,12.193130666050056,5.643309175528903e-41
0,0,447,779507901952,12.199329895833333,0.0
0,1,447,779905883571,12.20555832411546,5.595945287434724e-41
0,0,448,780642821632,12.217091434294872,0.0
0,1,448,781039247680,12.223295517828525,5.703845269187735e-41
0,0,449,781778001920,12.234857051282052,0.0
0,1,449,782172646082,12.241033248228415,5.668952937426047e-41
0,0,450,782571999744,12.247283149038461,0.0
0,1,450,783311300214,12.258853231013372,5.577728407398502e-41
0,0,451,783706971136,12.265045496794873,0.0
0,1,451,784444608043,12.276589543942183,5.656341251247124e-41
0,0,452,784842220032,12.282812187500001,0.0
0,1,452,785583090645,12.294406842275766,5.663207613722316e-41
0,0,453,786324146176,12.306004391025642,0.0
0,1,453,786721561977,12.312223964233398,5.644430214300363e-41
0,0,454,787459028480,12.323765344551282,0.0
0,1,454,788198986105,12.335345711028271,5.656901770632854e-41
0,0,455,788599632384,12.341615841346155,0.0
0,1,455,789337278784,12.353160037059295,5.720520720913201e-41
0,0,456,789734845952,12.359381979166667,0.0
0,1,456,790475380477,12.370971374151768,5.658443198943611e-41
0,0,457,790875886592,12.377239310897437,0.0
0,1,457,791269387828,12.383397621006111,5.582913211716504e-41
0,0,458,792010909696,12.395002467948718,0.0
0,1,458,792407464438,12.401208565548629,5.639245409982361e-41
0,0,459,793146177024,12.412769447115386,0.0
0,1,459,793540120946,12.418934685277694,5.563575292908821e-41
0,0,460,793939744256,12.425188806089745,0.0
0,1,460,794678321468,12.436747569047977,5.733552796631422e-41
0,0,461,795074880512,12.44295373397436,0.0
0,1,461,795816530680,12.454560588817108,5.575065940316285e-41
0,0,462,796557075456,12.46615014423077,0.0
0,1,462,797299228914,12.477764875582182,5.66685098972956e-41
0,0,463,798039238656,12.489346057692307,0.0
0,1,463,798776322299,12.500881446235853,5.671475274661832e-41
0,0,464,799515999232,12.512457419871795,0.0
0,1,464,799908819068,12.51860506604317,5.608416843767215e-41
0,0,465,800645622272,12.530136065705129,0.0
0,1,465,801041627681,12.53633356622158,5.725705525231203e-41
0,0,466,801439441408,12.542559366987179,0.0
0,1,466,802179544510,12.554142010185046,5.676239689440537e-41
0,0,467,802580038144,12.560409751602565,0.0
0,1,467,803317705078,12.571954268673629,5.604773467759971e-41
0,0,468,803715398144,12.578178181089744,0.0
0,1,468,804455762236,12.589764908791567,5.688150726387297e-41
0,0,469,804855931904,12.596027580128206,0.0
0,1,469,805249546871,12.602187670131586,5.672035794047562e-41
0,0,470,805997057536,12.61388624198718,0.0
0,1,470,807081956132,12.630864948480069,5.705386697498493e-41
0,0,471,807820518400,12.642423477564103,0.0
0,1,471,808215077050,12.648598336244241,5.668952937426047e-41
0,0,472,808955572736,12.660187123397437,0.0
0,1,472,809353430120,12.666413607396835,5.637143462285874e-41
0,0,473,810090393600,12.677947115384615,0.0
0,1,473,810486326267,12.684143477485852,5.605894506531431e-41
0,0,474,810883989504,12.690366923076924,0.0
0,1,474,811624592302,12.70195738653721,5.635041514589387e-41
0,0,475,812024207360,12.708211378205128,0.0
0,1,475,812762841449,12.71977103129069,5.721501629838228e-41
0,0,476,813159054848,12.725971786858974,0.0
0,1,476,813557011133,12.732199818662986,5.606875415456458e-41
0,0,477,814294240768,12.74373749198718,0.0
0,1,477,814690151478,12.749933510460487,5.630277099810683e-41
0,0,478,815775561728,12.766920224358975,0.0
0,1,478,816172919898,12.773138895639272,5.742380976956668e-41
0,0,479,817257098240,12.790106330128205,0.0
0,1,479,817650561605,12.796264047554212,5.527141532836376e-41
0,0,480,818392181248,12.807870424679487,0.0
0,1,480,819133348467,12.819469721351037,5.601690611138456e-41
0,0,481,819532846592,12.825721883012822,0.0
0,1,481,820272073777,12.837290818074544,5.475573749349223e-41
0,0,482,820667598848,12.843480801282052,0.0
0,1,482,821405206970,12.855024397942959,5.751209157281914e-41
0,0,483,821802629632,12.861244078525642,0.0
0,1,483,822543792497,12.872843307056916,5.713233968898712e-41
0,0,484,822943148544,12.879093245192308,0.0
0,1,484,823337722034,12.88526833611904,5.656341251247124e-41
0,0,485,824078358528,12.896859326923078,0.0
0,1,485,824476397689,12.90308865573981,5.566237759991038e-41
0,0,486,825213755392,12.914628333333333,0.0
0,1,486,825609282035,12.920818341142704,5.593282820352507e-41
0,0,487,826348295680,12.932383934294872,0.0
0,1,487,827086787061,12.943941353994516,5.595945287434724e-41
0,0,488,827483098624,12.950143645833334,0.0
0,1,488,828225292219,12.961759005330403,5.638124371210901e-41
0,0,489,828965035520,12.973336017628206,0.0
0,1,489,829702780326,12.98488175339919,5.717437864291686e-41
0,0,490,830100246528,12.991102115384615,0.0
0,1,490,830840893273,13.002693266617213,5.567779188301796e-41
0,0,491,831241199104,13.008958068910257,0.0
0,1,491,831979267313,13.020508865951147,5.647513070921878e-41
0,0,492,832375910912,13.026716354166666,0.0
0,1,492,832772921450,13.032929584992237,5.633920475817927e-41
0,0,493,833511304704,13.0444853125,0.0
0,1,493,833905550323,13.050655272232447,5.661105666025828e-41
0,0,494,834646886912,13.062257219551283,0.0
0,1,494,835043524014,13.068464606088492,5.746584872349642e-41
0,0,495,835782256640,13.080025801282051,0.0
0,1,495,836176179002,13.086190702029498,5.676660078979834e-41
0,0,496,836917458944,13.097791762820513,0.0
0,1,496,837658735412,13.10939276924329,5.600569572366996e-41
0,0,497,838058008064,13.11564140224359,0.0
0,1,497,838797119230,13.127208521603317,5.673577222358319e-41
0,0,498,839192818688,13.133401233974359,0.0
0,1,498,839929958012,13.144937493927785,5.599588663441969e-41
0,0,499,840328085504,13.151168205128206,0.0
0,1,499,840723782630,13.157360881003356,5.577728407398502e-41
0,0,500,841463174144,13.168932387820513,0.0
0,1,500,841856496496,13.175087898387421,5.715756306134496e-41
0,0,501,842598125568,13.186694423076924,0.0
0,1,501,842995054378,13.19290637485602,5.696978906712544e-41
0,0,502,843733125120,13.204457211538461,0.0
0,1,502,844127922877,13.210635812252729,5.807541355547772e-41
0,0,503,844526914560,13.216880048076924,0.0
0,1,503,845266473069,13.22845416837252,5.709030073505737e-41
0,0,504,845667020288,13.234722748397436,0.0
0,1,504,846748899445,13.251654200549003,5.851261867634706e-41
0,0,505,847148910592,13.257914391025642,0.0
0,1,505,847886973490,13.26946510494917,5.683526441455026e-41
0,0,506,848625449984,13.281022291666668,0.0
0,1,506,849363943964,13.292579752040766,5.61262073916019e-41
0,0,507,849761165312,13.298796282051283,0.0
0,1,507,850157684603,13.305001824841622,5.737196172638666e-41
0,0,508,850896618496,13.316566169871795,0.0
0,1,508,851290743541,13.322734242616312,5.762699804689378e-41
0,0,509,852032169472,13.334337588141025,0.0
0,1,509,852429277878,13.340552350604717,5.791846812747334e-41
0,0,510,852826444288,13.346768020833334,0.0
0,1,510,853568097908,13.35837492970002,5.711692540587954e-41
0,0,511,853967620608,13.364627475961539,0.0
0,1,511,854706778660,13.376195329089043,5.640786838293119e-41
0,0,512,855102837760,13.382393669871796,0.0
0,1,512,855845472198,13.394015928579478,5.583473731102234e-41
0,0,513,856585284608,13.405594022435897,0.0
0,1,513,857322811820,13.417136352852063,5.646952551536148e-41
0,0,514,858062129152,13.42870669871795,0.0
0,1,514,858800113597,13.440256184848884,5.730890329549204e-41
0,0,515,859539253760,13.451823758012821,0.0
0,1,515,859933494057,13.457993634455754,5.636582942900144e-41
0,0,516,860674670080,13.469593068910257,0.0
0,1,516,861072404217,13.475817624089169,5.751209157281914e-41
0,0,517,861810098176,13.487362564102565,0.0
0,1,517,862205325954,13.493547894662711,5.600149182827699e-41
0,0,518,862604157952,13.499789631410257,0.0
0,1,518,863343552571,13.511361186820789,5.70692812580925e-41
0,0,519,863739398144,13.517556185897437,0.0
0,1,519,864482348535,13.529183389282228,5.678762026676321e-41
0,0,520,864879656448,13.535401274038461,0.0
0,1,520,865621057967,13.547004237514399,5.729909420624177e-41
0,0,521,866020250624,13.553251618589744,0.0
0,1,521,866415318274,13.559434443140274,5.662647094336586e-41
0,0,522,867155226624,13.57101403846154,0.0
0,1,522,867893461756,13.582567447854068,5.622009438871166e-41
0,0,523,868631279616,13.594114326923078,0.0
0,1,523,869026948727,13.600306564362356,5.605333987145701e-41
0,0,524,869766491648,13.611880440705129,0.0
0,1,524,870159940623,13.61803793292706,5.590760483116723e-41
0,0,525,870560619008,13.624308565705128,0.0
0,1,525,871298564020,13.635857434708033,5.680863974372808e-41
0,0,526,871695751680,13.6420734375,0.0
0,1,526,872437237119,13.6536777143273,5.70748864519498e-41
0,0,527,872836479488,13.659925873397436,0.0
0,1,527,873575876922,13.67149747286283,5.731450848934934e-41
0,0,528,873971779072,13.677693357371796,0.0
0,1,528,874370039927,13.683926155708509,5.500096472474907e-41
0,0,529,875107189248,13.695462572115385,0.0
0,1,529,875847801979,13.70705319102752,5.740279029260181e-41
0,0,530,876589535232,13.718661346153846,0.0
0,1,530,877331381896,13.730271276166867,5.660545146640099e-41
0,0,531,877729983488,13.736509407051283,0.0
0,1,531,878815119539,13.753491829724435,5.669373326965345e-41
0,0,532,879553001984,13.765039719551282,0.0
0,1,532,879948635201,13.771231395248023,5.723603577534715e-41
0,0,533,880688261120,13.782806570512822,0.0
0,1,533,881082029513,13.788969061639248,5.639245409982361e-41
0,0,534,881482127360,13.795230608974359,0.0
0,1,534,882220770675,13.80679040644719,5.575065940316285e-41
0,0,535,882617280512,13.812995801282051,0.0
0,1,535,883359481149,13.824611270986704,5.598607754516942e-41
0,0,536,883757810176,13.830845136217949,0.0
0,1,536,884498002676,13.842429178498097,5.698099945484004e-41
0,0,537,884898316800,13.848694110576924,0.0
0,1,537,885636852399,13.86025222229004,5.746584872349642e-41
0,0,538,886374482432,13.871796161858974,0.0
0,1,538,887804416869,13.894174693087065,5.582913211716504e-41
0,0,539,888543720960,13.90574483173077,0.0
0,1,539,889282074953,13.91730010130271,5.599028144056239e-41
0,0,540,889678616576,13.923505993589744,0.0
0,1,540,890420511987,13.935116686495268,5.566237759991038e-41
0,0,541,890819410432,13.941359463141026,0.0
0,1,541,891214580311,13.947543887579503,5.596505806820454e-41
0,0,542,891954698240,13.959126762820514,0.0
0,1,542,892347554285,13.965274975664189,5.536530232547352e-41
0,0,543,893084463616,13.976807636217949,0.0
0,1,543,893480709507,13.983008900287334,5.725705525231203e-41
0,0,544,894219744768,13.99457483173077,0.0
0,1,544,894613732093,14.000740749151769,5.5177528331254e-41
0,0,545,895013685760,14.007000040064103,0.0
0,1,545,895752607915,14.018564201394106,5.583894120641531e-41
0,0,546,896490485248,14.030112011217948,0.0
0,1,546,897229905079,14.041683961197291,5.721081240298931e-41
0,0,547,897967581184,14.053228621794872,0.0
0,1,547,898707242662,14.064804353559445,5.821133950651723e-41
0,0,548,899444335616,14.076339887820513,0.0
0,1,548,899840291889,14.082536619356596,5.663628003261613e-41
0,0,549,900580253184,14.09411704326923,0.0
0,1,549,900973527981,14.100271809598484,5.636022423514414e-41
0,0,550,901710245376,14.111801466346154,0.0
0,1,550,902106996563,14.118010638318184,5.483421020749442e-41
0,0,551,902845443072,14.12956735576923,0.0
0,1,551,903240615154,14.135751814684745,5.788203436740089e-41
0,0,552,903639304192,14.141991314102565,0.0
0,1,552,904379290784,14.153572133914263,5.710571501816495e-41
0,0,553,905121734144,14.16519140224359,0.0
0,1,553,905862612151,14.176786172735753,5.652277485700582e-41
0,0,554,906604158976,14.188391410256411,0.0
0,1,554,907001294448,14.194606596304087,5.693335530705299e-41
0,0,555,907739939328,14.20616641826923,0.0
0,1,555,908479036514,14.217733318841397,5.697539426098274e-41
0,0,556,908875662848,14.223940536858974,0.0
0,1,556,909617447925,14.235549503032978,5.520835689746914e-41
0,0,557,910016930816,14.241801426282052,0.0
0,1,557,910411729762,14.247980045604217,5.719960201527471e-41
0,0,558,911152362496,14.259570977564103,0.0
0,1,558,911550461190,14.265801238074669,5.587537496648776e-41
0,0,559,912288113152,14.277345520833334,0.0
0,1,559,912683519660,14.283533648525141,5.595384768048995e-41
0,0,560,913082475520,14.28977732371795,0.0
0,1,560,913822198351,14.301354015659431,5.604212948374241e-41
0,0,561,914218547712,14.307556899038461,0.0
0,1,561,914960865783,14.319174206589919,5.61318125854592e-41
0,0,562,915360308224,14.325425496794873,0.0
0,1,562,916099509180,14.336994021371694,5.739718509874451e-41
0,0,563,916837635072,14.348545721153847,0.0
0,1,563,917577059762,14.360117747176734,5.693896050091029e-41
0,0,564,918314826240,14.371663822115385,0.0
0,1,564,918710025022,14.37784869888697,5.625652814878411e-41
0,0,565,919450766336,14.389441330128205,0.0
0,1,565,919848287978,14.395662559751853,5.567218668916066e-41
0,0,566,920586888704,14.407221690705128,0.0
0,1,566,920981322358,14.413394593192859,5.683526441455026e-41
0,0,567,921381254144,14.419653541666667,0.0
0,1,567,922119822388,14.43121216427534,5.604773467759971e-41
0,0,568,922516954624,14.437427299679488,0.0
0,1,568,922913920377,14.443639829618014,5.677220598365564e-41
0,0,569,923652173824,14.455193525641025,0.0
0,1,569,924047059698,14.461373505389874,5.530224389457891e-41
0,0,570,924787206656,14.472956834935898,0.0
0,1,570,925524835071,14.484500749183068,5.606314896070728e-41
0,0,571,926610405888,14.501489975961539,0.0
0,1,571,927352915314,14.513110278226412,5.691794102394542e-41
0,0,572,928092658688,14.524687291666668,0.0
0,1,572,928486172926,14.530845805257162,5.662086574950856e-41
0,0,573,929228105728,14.542457083333334,0.0
0,1,573,929624626355,14.548662647032128,5.68604877869081e-41
0,0,574,930363243008,14.56022202724359,0.0
0,1,574,930757777469,14.566396507364908,5.711692540587954e-41
0,0,575,931498582528,14.577990136217949,0.0
0,1,575,931896078828,14.584210969238281,5.732992277245692e-41
0,0,576,932292657152,14.590417435897436,0.0
0,1,576,933034228631,14.602023059254183,5.676239689440537e-41
0,0,577,933433295872,14.608268477564103,0.0
0,1,577,934172329271,14.619834379867163,5.579269835709259e-41
0,0,578,934910052352,14.631379775641026,0.0
0,1,578,935977747741,14.648089251255133,5.398922723350655e-41
0,0,579,936717355008,14.659664134615385,0.0
0,1,579,937110484671,14.665816629591722,5.629856710271385e-41
0,0,580,938194059264,14.682774615384616,0.0
0,1,580,938932531967,14.694331742772812,5.601690611138456e-41
0,0,581,939671214592,14.70589215544872,0.0
0,1,581,940065617558,14.71206457766802,5.559511527362279e-41
0,0,582,940812333568,14.723750713141026,0.0
0,1,582,941209588341,14.729967766254132,5.59230191142748e-41
0,0,583,941606685184,14.736182347756412,0.0
0,1,583,942347846173,14.747781546928211,5.566798279376768e-41
0,0,584,942747565568,14.754037171474359,0.0
0,1,584,943141719411,14.760205694908729,5.625092295492681e-41
0,0,585,943882836992,14.77180421474359,0.0
0,1,585,944280302863,14.778024571548853,5.581371783405746e-41
0,0,586,945017960960,14.789568950320513,0.0
0,1,586,945413462700,14.795758568396936,5.660545146640099e-41
0,0,587,946500495872,14.812770681089743,0.0
0,1,587,947240907526,14.824358153138773,5.640786838293119e-41
0,0,588,947983077888,14.835973149038463,0.0
0,1,588,948379450545,14.842176397000827,5.658022809404314e-41
0,0,589,948777644544,14.848408149038463,0.0
0,1,589,949518315640,14.859999681365185,5.660545146640099e-41
0,0,590,949919115264,14.866272211538462,0.0
0,1,590,950656777777,14.877816659420699,5.722062149223958e-41
0,0,591,951054775296,14.884045336538462,0.0
0,1,591,951450747257,14.890242313592374,5.643869694914633e-41
0,0,592,952190660096,14.901821979166668,0.0
0,1,592,952584023795,14.90797813681578,5.661666185411558e-41
0,0,593,953320772608,14.919508285256411,0.0
0,1,593,953716749945,14.925705346444937,5.637563851825172e-41
0,0,594,954114991616,14.931937844551282,0.0
0,1,594,954855016509,14.943519263775165,5.655360342322097e-41
0,0,595,955939361792,14.960489310897437,0.0
0,1,595,956332456492,14.966641258701422,5.732011368320664e-41
0,0,596,957069057536,14.978169094551282,0.0
0,1,596,957465357748,14.984371208746495,5.593843339738237e-41
0,0,597,958204305408,14.995935769230769,0.0
0,1,597,958943155616,15.00749880458734,5.670494365736805e-41
0,0,598,959681673728,15.019056642628206,0.0
0,1,598,960076385074,15.025233891006861,5.61262073916019e-41
0,0,599,960817304064,15.036829302884616,0.0
0,1,599,961215071955,15.04305438631498,5.623550867181923e-41
0,0,600,961958542336,15.054689727564103,0.0
0,1,600,962353644665,15.060873094842373,5.471930373341978e-41
0,0,601,962752960000,15.067122395833334,0.0
0,1,601,963492312631,15.078693294129984,5.629296190885655e-41
0,0,602,963888451584,15.084892884615385,0.0
0,1,602,964286569837,15.091123451225085,5.600569572366996e-41
0,0,603,965024398336,15.102670496794872,0.0
0,1,603,965764429172,15.114252009026943,5.625652814878411e-41
0,0,604,966501734400,15.125790865384616,0.0
0,1,604,966897543424,15.131985292467949,5.762139285303648e-41
0,0,605,967637301248,15.143562532051282,0.0
0,1,605,968375149802,15.155109891482622,5.521956728518374e-41
0,0,606,968772806656,15.161333237179488,0.0
0,1,606,969513909897,15.172931532592774,5.544797893486869e-41
0,0,607,969913961984,15.179192363782052,0.0
0,1,607,970652426808,15.190749367863582,5.657462290018584e-41
0,0,608,971048885248,15.196953958333333,0.0
0,1,608,971446548341,15.203177401670798,5.595945287434724e-41
0,0,609,972183895552,15.214716915064104,0.0
0,1,609,972579655427,15.220910572963618,5.61262073916019e-41
0,0,610,973319006720,15.232481450320513,0.0
0,1,610,973712713890,15.238642983304537,5.656341251247124e-41
0,0,611,974112721408,15.24490311698718,0.0
0,1,611,974851124789,15.256459159483299,5.558951007976549e-41
0,0,612,975589588480,15.268016145833334,0.0
0,1,612,975984253901,15.2741926754839,5.61206021977446e-41
0,0,613,976724770816,15.285781794871795,0.0
0,1,613,977467354085,15.297403252782578,5.593282820352507e-41
0,0,614,977865615872,15.30363606570513,0.0
0,1,614,978606444922,15.315230070018279,5.514109457118155e-41
0,0,615,979347969024,15.326834951923077,0.0
0,1,615,980090058137,15.338448676272662,5.614722686856677e-41
0,0,616,980489233920,15.344695793269231,0.0
0,1,616,980884360437,15.35087953909067,5.653818914011339e-41
0,0,617,981625505792,15.362478493589744,0.0
0,1,617,982023453841,15.368706396500025,5.639245409982361e-41
0,0,618,982419926528,15.374911209935897,0.0
0,1,618,983162706991,15.38653575394068,5.621448919485436e-41
0,0,619,983561287680,15.392773557692308,0.0
0,1,619,984301296116,15.404354719363482,5.662647094336586e-41
0,0,620,984697521152,15.410555657051283,0.0
0,1,620,985439771029,15.422171897363908,5.610518791463703e-41
0,0,621,986180608000,15.433766025641026,0.0
0,1,621,986922509221,15.445376809473283,5.650595927543392e-41
0,0,622,987663196160,15.45696858974359,0.0
0,1,622,988060811576,15.463191286934094,5.618366062863922e-41
0,0,623,988798777344,15.474740480769231,0.0
0,1,623,989193621703,15.480919810806666,5.617245024092462e-41
0,0,624,989939992064,15.492600536858975,0.0
0,1,624,990337974947,15.498828984922751,5.609958272077973e-41
0,0,625,990733948416,15.505025985576923,0.0
0,1,625,991476454962,15.516646242769681,5.462541673631002e-41
0,0,626,991874868736,15.522881434294872,0.0
0,1,626,992270558602,15.529073996550732,5.604212948374241e-41
0,0,627,993010418688,15.540652836538461,0.0
0,1,627,993403222801,15.546800236644255,5.643309175528903e-41
0,0,628,994140483072,15.558338389423078,0.0
0,1,628,994880441598,15.569918770000752,5.711692540587954e-41
0,0,629,995617326592,15.581451049679488,0.0
0,1,629,996357642985,15.59303703089005,5.788763956125819e-41
0,0,630,996758362112,15.599308301282052,0.0
0,1,630,997495963775,15.61085179685935,5.563575292908821e-41
0,0,631,997893888000,15.617079326923077,0.0
0,1,631,998634746421,15.628673790893556,5.617805543478192e-41
0,0,632,999034744320,15.634933774038462,0.0
0,1,632,999773572574,15.646496465814053,5.697539426098274e-41
0,0,633,1000170601984,15.65270999198718,0.0
0,1,633,1000912410484,15.664319324732071,5.578709316323529e-41
0,0,634,1001311659008,15.670567580128205,0.0
0,1,634,1001706732258,15.676750492318961,5.692354621780272e-41
0,0,635,1002446989312,15.688335544871796,0.0
0,1,635,1002839741540,15.694482132975262,5.675118650669077e-41
0,0,636,1003577387008,15.706026314102564,0.0
0,1,636,1003972820977,15.712214871560121,5.641347357678849e-41
0,0,637,1004713125376,15.723800665064102,0.0
0,1,637,1005450366906,15.735338524545524,5.506262185717936e-41
0,0,638,1006190335488,15.7469190625,0.0
0,1,638,1006583145287,15.753066551591923,5.502058290324962e-41
0,0,639,1007320506368,15.764606282051282,0.0
0,1,639,1008060677951,15.776189996979543,5.673016702972589e-41
0,0,640,1008797825536,15.78772638621795,0.0
0,1,640,1009193752775,15.793922663370768,5.755973572060619e-41
0,0,641,1009933002240,15.805491947115385,0.0
0,1,641,1010326517816,15.811650481645634,5.673577222358319e-41
0,0,642,1011068496384,15.823262475961538,0.0
0,1,642,1011464818668,15.829464935584436,5.735654744327909e-41
0,0,643,1011862587904,15.835690040064103,0.0
0,1,643,1012603202947,15.84728069515913,5.625652814878411e-41
0,0,644,1013003762688,15.853549471153846,0.0
0,1,644,1013741347129,15.865092697206155,5.762139285303648e-41
0,0,645,1014139159552,15.871318477564103,0.0
0,1,645,1014879274729,15.882901309736203,5.711132021202224e-41
0,0,646,1015621385728,15.894515376602564,0.0
0,1,646,1016017549940,15.900715362392328,5.590760483116723e-41
0,0,647,1016756508160,15.912280088141026,0.0
0,1,647,1017150190589,15.918441233927409,5.564696331680281e-41
0,0,648,1017891682816,15.93004561698718,0.0
0,1,648,1018288271804,15.936252250538361,5.607435934842188e-41
0,0,649,1019027004416,15.947813445512821,0.0
0,1,649,1019765029758,15.959363571683443,5.651716966314852e-41
0,0,650,1020162202112,15.965579334935898,0.0
0,1,650,1020903530816,15.977181158854167,5.534988804236595e-41
0,0,651,1021302872576,15.983430873397436,0.0
0,1,651,1021697712239,15.989610129942283,5.585015159412991e-41
0,0,652,1022437808128,16.00119266025641,0.0
0,1,652,1022830927859,16.00734499979655,5.533867765465135e-41
0,0,653,1023572824576,16.018955713141025,0.0
0,1,653,1023969264574,16.02516001499274,5.588098016034506e-41
0,0,654,1024708302336,16.036725985576922,0.0
0,1,654,1025446806927,16.0482836120136,5.681985013144268e-41
0,0,655,1026531989504,16.065266762820514,0.0
0,1,655,1027273947644,16.0768784374374,5.704405788573465e-41
0,0,656,1027673084928,16.08312495192308,0.0
0,1,656,1028412151205,16.094691368768153,5.521396209132644e-41
0,0,657,1028808231936,16.100890048076923,0.0
0,1,657,1029550381864,16.112504724183694,5.640226318907389e-41
0,0,658,1029949198848,16.118746225961537,0.0
0,1,658,1030343941763,16.12492396839631,5.583473731102234e-41
0,0,659,1031085168128,16.136524190705128,0.0
0,1,659,1031481791027,16.14273135496482,5.68716981746227e-41
0,0,660,1032220341248,16.15428969551282,0.0
0,1,660,1032613930930,16.16044938980494,5.630837619196412e-41
0,0,661,1033014409216,16.16671689102564,0.0
0,1,661,1033751608653,16.178254091749924,5.545918932258329e-41
0,0,662,1034150263808,16.184493060897438,0.0
0,1,662,1034889274107,16.19605860168457,5.641767747218146e-41
0,0,663,1035627263488,16.2076081650641,0.0
0,1,663,1036365998288,16.21916939428085,5.569320616612553e-41
0,0,664,1037103884800,16.23071734775641,0.0
0,1,664,1037842312375,16.2422737688896,5.522517247904104e-41
0,0,665,1038239409152,16.248488349358976,0.0
0,1,665,1038980248136,16.260082509139625,5.548441269494113e-41
0,0,666,1039380421632,16.266345240384616,0.0
0,1,666,1040118276598,16.277892700164013,5.567779188301796e-41
0,0,667,1040515716608,16.28411265224359,0.0
0,1,667,1040911915328,16.290313178084936,5.628735671499925e-41
0,0,668,1041651066880,16.30188092948718,0.0
0,1,668,1042044003007,16.30803039561736,5.656901770632854e-41
0,0,669,1042780723200,16.319560096153847,0.0
0,1,669,1043176249913,16.32575010505872,5.59230191142748e-41
0,0,670,1043574816256,16.331987684294873,0.0
0,1,670,1044314298325,16.34356060830141,5.620468010560409e-41
0,0,671,1045051212800,16.355093349358974,0.0
0,1,671,1046479841909,16.37745145215157,5.608416843767215e-41
0,0,672,1047221380096,16.38905655448718,0.0
0,1,672,1047962405494,16.400653631654396,5.53078490884362e-41
0,0,673,1048362817024,16.406920088141025,0.0
0,1,673,1049100902949,16.418471162438028,5.541154517479624e-41
0,0,674,1049498770432,16.42469780448718,0.0
0,1,674,1050239382449,16.436288412225185,5.623550867181923e-41
0,0,675,1050640352256,16.44256360576923,0.0
0,1,675,1051033233138,16.44871220731295,5.643309175528903e-41
0,0,676,1051771054592,16.460259142628207,0.0
0,1,676,1052165631102,16.46643428081806,5.729909420624177e-41
0,0,677,1052907051008,16.47803753205128,0.0
0,1,677,1053303312944,16.48423904722556,5.587537496648776e-41
0,0,678,1053701359104,16.490468485576923,0.0
0,1,678,1054785280046,16.507431891745544,5.61318125854592e-41
0,0,679,1055525621760,16.51901826923077,0.0
0,1,679,1055923182000,16.525240102914665,5.704405788573465e-41
0,0,680,1056661416448,16.536793501602563,0.0
0,1,680,1057400104867,16.548354004954803,5.725145005845473e-41
0,0,681,1057796684800,16.55456049679487,0.0
0,1,681,1058538516790,16.566170197159206,5.735094224942179e-41
0,0,682,1058937559040,16.572415224358974,0.0
0,1,682,1059676720374,16.583983128849912,5.619907491174679e-41
0,0,683,1060073013760,16.59018513621795,0.0
0,1,683,1060470464563,16.59640525720841,5.643869694914633e-41
0,0,684,1061208626688,16.60795752403846,0.0
0,1,684,1061603128764,16.614131497333233,5.732992277245692e-41
0,0,685,1062002480128,16.620381362179486,0.0
0,1,685,1062741240150,16.631942986121544,5.751209157281914e-41
0,0,686,1063137455104,16.638143766025642,0.0
0,1,686,1063879207672,16.649752223432493,5.765782661310892e-41
0,0,687,1064278306816,16.65599814102564,0.0
0,1,687,1065017406113,16.667565074635043,5.723603577534715e-41
0,0,688,1065755463168,16.679115697115385,0.0
0,1,688,1066494471285,16.69068120375413,5.671054885122535e-41
0,0,689,1066891482624,16.696894447115387,0.0
0,1,689,1067632566313,16.70849243653909,5.832624598059186e-41
0,0,690,1068373901824,16.72009436698718,0.0
0,1,690,1068770742197,16.726304934723682,5.786241618890035e-41
0,0,691,1069509308928,16.737863533653847,0.0
0,1,691,1069903384357,16.744030829905974,5.740839548645911e-41
0,0,692,1070644887552,16.755635384615385,0.0
0,1,692,1071041550051,16.76184316861666,5.783018632422088e-41
0,0,693,1071780168704,16.773402580128206,0.0
0,1,693,1072174008421,16.77956618747809,5.730890329549204e-41
0,0,694,1072574074368,16.785827235576924,0.0
0,1,694,1073312252415,16.797379751586913,5.710571501816495e-41
0,0,695,1073709700096,16.80359982371795,0.0
0,1,695,1074794609145,16.820578693800705,5.814828107562261e-41
0,0,696,1075539186176,16.832231354166666,0.0
0,1,696,1076621614168,16.849171395607975,5.70692812580925e-41
0,0,697,1077362807296,16.860771097756412,0.0
0,1,697,1078104551513,16.872379424469777,5.713233968898712e-41
0,0,698,1078845627392,16.883977291666667,0.0
0,1,698,1079587531867,16.895588126424155,5.695997997787516e-41
0,0,699,1079986942976,16.901838926282053,0.0
0,1,699,1080725711860,16.913400688914763,5.711692540587954e-41
0,0,700,1081122723328,16.919613934294873,0.0
0,1,700,1081863831970,16.931212314234024,5.732011368320664e-41
0,0,701,1082264254464,16.937478942307692,0.0
0,1,701,1083001950019,16.949023907298553,5.702303840876978e-41
0,0,702,1083400401408,16.9552596875,0.0
0,1,702,1083795862646,16.9614486717185,5.764241233000135e-41
0,0,703,1084536464896,16.973039126602565,0.0
0,1,703,1085278538363,16.984652606091622,5.68660929807654e-41
0,0,704,1086019240960,16.996244631410256,0.0
0,1,704,1086761302657,17.007857926698343,5.677781117751294e-41
0,0,705,1087502012928,17.019450072115387,0.0
0,1,705,1087899378704,17.02566886242989,5.675679170054807e-41
0,0,706,1088637925376,17.0372271474359,0.0
0,1,706,1089032047494,17.043395174372748,5.644990733686093e-41
0,0,707,1089773483008,17.054998669871797,0.0
0,1,707,1090170474807,17.061211607431265,5.644990733686093e-41
0,0,708,1090909271552,17.072773806089746,0.0
0,1,708,1091303453873,17.078942775205956,5.695997997787516e-41
0,0,709,1091704026112,17.085211746794872,0.0
0,1,709,1092442245702,17.096764912954477,5.568900227073256e-41
0,0,710,1092839763456,17.10298608173077,0.0
0,1,710,1093236251026,17.109191128086188,5.716316825520226e-41
0,0,711,1093975286272,17.12075705929487,0.0
0,1,711,1094713360754,17.132307954508462,5.759616948067863e-41
0,0,712,1095452125184,17.1438696474359,0.0
0,1,712,1096191057204,17.155433963153545,5.688711245773027e-41
0,0,713,1096929300480,17.1669875,0.0
0,1,713,1097324148925,17.1731668939835,5.55222477534779e-41
0,0,714,1098411386880,17.190182211538463,0.0
0,1,714,1099151541539,17.201765661605446,5.642888785989606e-41
0,0,715,1099552104448,17.20803448717949,0.0
0,1,715,1099945490023,17.21419098718888,5.668952937426047e-41
0,0,716,1100687889408,17.225809567307692,0.0
0,1,716,1101083848697,17.232006346044297,5.640786838293119e-41
0,0,717,1101823197184,17.24357717948718,0.0
0,1,717,1102216599937,17.24973394833296,5.628735671499925e-41
0,0,718,1102959023616,17.261352908653848,0.0
0,1,718,1103354895114,17.267548313457784,5.556288540894332e-41
0,0,719,1103753065984,17.27377970352564,0.0
0,1,719,1104837453573,17.290750412738507,5.623550867181923e-41
0,0,720,1105576943104,17.30232345352564,0.0
0,1,720,1106659401535,17.31926397133852,5.543256465176111e-41
0,0,721,1107059911680,17.325531971153847,0.0
0,1,721,1107797824234,17.33708033218775,5.593843339738237e-41
0,0,722,1108536933888,17.348647427884615,0.0
0,1,722,1108930889825,17.35481285408216,5.583894120641531e-41
0,0,723,1109672454144,17.366418365384614,0.0
0,1,723,1110069193207,17.37262734761556,5.567779188301796e-41
0,0,724,1110466491904,17.378845088141027,0.0
0,1,724,1111207655821,17.390444333136145,5.626633723803438e-41
0,0,725,1111607345152,17.396699487179486,0.0
0,1,725,1112346252606,17.408263418438253,5.637563851825172e-41
0,0,726,1112743000064,17.41447253205128,0.0
0,1,726,1113140201589,17.420688751831054,5.555307631969305e-41
0,0,727,1113878493184,17.432243044871797,0.0
0,1,727,1114617617974,17.443810377447665,5.61206021977446e-41
0,0,728,1115355643904,17.455360512820512,0.0
0,1,728,1115750580147,17.46154128084623,5.660545146640099e-41
0,0,729,1117185005056,17.483990088141027,0.0
0,1,729,1117583023677,17.490219095505935,5.721501629838228e-41
0,0,730,1118320503808,17.501760689102564,0.0
0,1,730,1118715938229,17.50794925363394,5.691373712855245e-41
0,0,731,1119455718912,17.51952685096154,0.0
0,1,731,1119848300333,17.525670765928613,5.600149182827699e-41
0,0,732,1120585710592,17.53721126602564,0.0
0,1,732,1120980826270,17.543394842216298,5.656341251247124e-41
0,0,733,1121379630080,17.549636137820514,0.0
0,1,733,1122118858302,17.56120508911133,5.648073590307608e-41
0,0,734,1122514894848,17.56740307692308,0.0
0,1,734,1123257271752,17.57902130521334,5.730890329549204e-41
0,0,735,1123655869952,17.585259383012822,0.0
0,1,735,1124395731834,17.596838251108025,5.724724616306175e-41
0,0,736,1125133006336,17.608376626602563,0.0
0,1,736,1126217163164,17.625343724396537,5.691373712855245e-41
0,0,737,1126615647744,17.631580024038463,0.0
0,1,737,1127355137338,17.64315306581155,5.681985013144268e-41
0,0,738,1127751313920,17.64935324519231,0.0
0,1,738,1128493191877,17.660963664942035,5.664188522647343e-41
0,0,739,1128892594176,17.667214326923077,0.0
0,1,739,1129286864382,17.67338467144306,5.701743321491248e-41
0,0,740,1130027547648,17.68497639423077,0.0
0,1,740,1130424824747,17.69119379674667,5.698660464869734e-41
0,0,741,1131163101184,17.7027478525641,0.0
0,1,741,1131557277977,17.70891673516689,5.794509279829551e-41
0,0,742,1132298677248,17.720519663461538,0.0
0,1,742,1132695344318,17.726727518999148,5.631398138582142e-41
0,0,743,1133092786688,17.73294750801282,0.0
0,1,743,1133833173059,17.744534584381885,5.755973572060619e-41
0,0,744,1134575479296,17.75615170673077,0.0
0,1,744,1135315553844,17.767733903057394,5.6657299509581e-41
0,0,745,1136404207104,17.78477137019231,0.0
0,1,745,1137142588551,17.79632706942045,5.653818914011339e-41
0,0,746,1137880805888,17.807880200320515,0.0
0,1,746,1138274876912,17.814047427634215,5.795490188754578e-41
0,0,747,1139016086528,17.825647387820514,0.0
0,1,747,1139413360033,17.83186473409017,5.717437864291686e-41
0,0,748,1140151105536,17.843410480769233,0.0
0,1,748,1140546205960,17.849593818234176,5.644430214300363e-41
0,0,749,1141286336512,17.861176891025643,0.0
0,1,749,1141684274863,17.867404642161834,5.792407332133064e-41
0,0,750,1142080155136,17.873600184294872,0.0
0,1,750,1142822562868,17.88521889504457,5.710571501816495e-41
0,0,751,1143221397504,17.891460673076924,0.0
0,1,751,1143961026537,17.90303589707595,5.759616948067863e-41
0,0,752,1144356899840,17.909231330128204,0.0
0,1,752,1145443601886,17.92623826068585,5.626633723803438e-41
0,0,753,1146180667904,17.937773373397437,0.0
0,1,753,1146576570703,17.943969268063277,5.644430214300363e-41
0,0,754,1147316130816,17.955543413461537,0.0
0,1,754,1148053342508,17.967080805977062,5.620468010560409e-41
0,0,755,1148452236800,17.973323517628206,0.0
0,1,755,1149191446717,17.984892182445037,5.576186979087745e-41
0,0,756,1149588158976,17.99110074519231,0.0
0,1,756,1150329791582,18.002707325189053,5.742941496342398e-41
0,0,757,1150729421824,18.00896155448718,0.0
0,1,757,1151123622808,18.015130815680088,5.64653216199685e-41
0,0,758,1151865238016,18.026737123397435,0.0
0,1,758,1152261873468,18.03294448411208,5.661666185411558e-41
0,0,759,1152659441664,18.039166442307693,0.0
0,1,759,1153400064701,18.05075722250914,5.649615018618365e-41
0,0,760,1153800518656,18.05702434294872,0.0
0,1,760,1154537992803,18.06856584289551,5.639665799521659e-41
0,0,761,1154936504320,18.074802564102566,0.0
0,1,761,1155675848704,18.086373333333334,5.635602033975117e-41
0,0,762,1156414307328,18.097930240384617,0.0
0,1,762,1156808422265,18.104098154938526,5.660545146640099e-41
0,0,763,1157550817792,18.115716674679486,0.0
0,1,763,1157946379507,18.121907231367064,5.629856710271385e-41
0,0,764,1158686807040,18.133494951923076,0.0
0,1,764,1159084470955,18.139718408124875,5.636582942900144e-41
0,0,765,1159822816768,18.151273549679487,0.0
0,1,765,1160217103897,18.1574441590451,5.6329395668929e-41
0,0,766,1160617084416,18.163703870192307,0.0
0,1,766,1161355436990,18.17525911755684,5.667271379268858e-41
0,0,767,1161752649216,18.181475504807693,0.0
0,1,767,1162493669184,18.193072496995192,5.642328266603876e-41
0,0,768,1162893614080,18.199331650641025,0.0
0,1,768,1163287593596,18.205497445850863,5.699080854409031e-41
0,0,769,1164029169152,18.21710313301282,0.0
0,1,769,1164425643565,18.223307973460663,5.654379433397069e-41
0,0,770,1165164836864,18.23487637820513,0.0
0,1,770,1165902703604,18.246424022248096,5.618366062863922e-41
0,0,771,1166642120192,18.25799592147436,0.0
0,1,771,1167035374961,18.264150374364608,5.668952937426047e-41
0,0,772,1167430984192,18.27034167467949,0.0
0,1,772,1168173369595,18.28196003597944,5.796611227526038e-41
0,0,773,1168572364288,18.288204318910257,0.0
0,1,773,1169311455386,18.299771124204977,5.692354621780272e-41
0,0,774,1169708360704,18.305982708333335,0.0
0,1,774,1170449558070,18.317582476806642,5.619907491174679e-41
0,0,775,1170849971200,18.323848958333333,0.0
0,1,775,1171243311987,18.33000475740873,5.764241233000135e-41
0,0,776,1171985656320,18.34162247596154,0.0
0,1,776,1172381508335,18.347817575855746,5.728788381852717e-41
0,0,777,1172779912704,18.35405262019231,0.0
0,1,777,1173519668895,18.365629834219128,5.669933846351075e-41
0,0,778,1173916243968,18.37183625,0.0
0,1,778,1174657389618,18.383435209115834,5.589639444345263e-41
0,0,779,1175399250944,18.395045368589745,0.0
0,1,779,1176139410983,18.406628902853942,5.542836075636814e-41
0,0,780,1176534903808,18.412818381410258,0.0
0,1,780,1177271621527,18.42434804322854,5.739298120335153e-41
0,0,781,1178011888640,18.43593325320513,0.0
0,1,781,1178409496882,18.442155838122247,5.759056428682133e-41
0,0,782,1179147259904,18.45370185897436,0.0
0,1,782,1179541640876,18.45987393698668,5.594964378509697e-41
0,0,783,1180282528768,18.47146886217949,0.0
0,1,783,1180679471157,18.477681026470478,5.656341251247124e-41
0,0,784,1181417977856,18.489238685897437,0.0
0,1,784,1181812237748,18.495408869002905,5.651156446929122e-41
0,0,785,1182553316352,18.507006778846154,0.0
0,1,785,1182950291763,18.513219459932767,5.627194243189168e-41
0,0,786,1183347021824,18.51942830128205,0.0
0,1,786,1184088135910,18.531026766420023,5.584454640027261e-41
0,0,787,1184828898816,18.542619735576924,0.0
0,1,787,1185914855725,18.55961500471066,5.688150726387297e-41
0,0,788,1186652301824,18.57115606570513,0.0
0,1,788,1187391620347,18.58272643021021,5.693335530705299e-41
0,0,789,1188128846848,18.59426405448718,0.0
0,1,789,1188868378284,18.605837751089243,5.589639444345263e-41
0,0,790,1189264126464,18.612031225961537,0.0
0,1,790,1190006574178,18.62365056243114,5.669933846351075e-41
0,0,791,1190404698624,18.62988122596154,0.0
0,1,791,1191144805873,18.641463934060123,5.74140006803164e-41
0,0,792,1191540157952,18.647651209935898,0.0
0,1,792,1192277025137,18.65918321090307,5.683526441455026e-41
0,0,793,1192675098112,18.665413068910258,0.0
0,1,793,1193070791855,18.67160569184132,5.593282820352507e-41
0,0,794,1193810698752,18.683185264423077,0.0
0,1,794,1194548006007,18.69472415250338,5.593282820352507e-41
0,0,795,1195287634432,18.70629936698718,0.0
0,1,795,1195680833522,18.71245294849885,5.650175538004095e-41
0,0,796,1196417489408,18.723981642628207,0.0
0,1,796,1197157621690,18.73556474249424,5.596505806820454e-41
0,0,797,1197558344192,18.74183606570513,0.0
0,1,797,1198295425876,18.753371423590245,5.6657299509581e-41
0,0,798,1198693918208,18.759607844551283,0.0
0,1,798,1199433463542,18.7711817586576,5.582913211716504e-41
0,0,799,1199829751808,18.777383685897437,0.0
0,1,799,1200227344940,18.783606034342448,5.648073590307608e-41
0,0,800,1200965580288,18.795159447115385,0.0
0,1,800,1201360231854,18.801335759934645,5.708469554120007e-41
0,0,801,1201759971840,18.80759170673077,0.0
0,1,801,1202498246454,18.81914573401818,5.821133950651723e-41
0,0,802,1202896033792,18.825371121794873,0.0
0,1,802,1203636521680,18.836959786909055,5.538632180243839e-41
0,0,803,1204037490176,18.8432349599359,0.0
0,1,803,1204774840940,18.854774528933795,5.616824634553164e-41
0,0,804,1205514619392,18.866352091346155,0.0
0,1,804,1206252209715,18.877895409451998,5.691794102394542e-41
0,0,805,1206991780352,18.889469719551283,0.0
0,1,805,1207385135548,18.895625744128104,5.61206021977446e-41
0,0,806,1208121878016,18.907155793269233,0.0
0,1,806,1208517689644,18.91335026110527,5.672035794047562e-41
0,0,807,1209257180160,18.924923317307695,0.0
0,1,807,1209650350765,18.93107645302797,5.630277099810683e-41
0,0,808,1210387319296,18.942610040064103,0.0
0,1,808,1210783129114,18.948804479573568,5.533867765465135e-41
0,0,809,1211181474304,18.95503859775641,0.0
0,1,809,1211921306039,18.966616994049854,5.545358412872599e-41
0,0,810,1212317224960,18.972813141025643,0.0
0,1,810,1213059635004,18.984431887958234,5.568339707687526e-41
0,0,811,1213458772480,18.99067840544872,0.0
0,1,811,1214197640943,19.00224172649677,5.74756578127467e-41
0,0,812,1214935959552,19.013796442307694,0.0
0,1,812,1216018883824,19.03074425055088,5.595945287434724e-41
0,0,813,1216759822336,19.042339967948717,0.0
0,1,813,1217157052583,19.04855663722894,5.575065940316285e-41
0,0,814,1217895373824,19.06011139423077,0.0
0,1,814,1218634127977,19.07167292632274,5.642328266603876e-41
0,0,815,1219030910464,19.077882588141026,0.0
0,1,815,1219427653549,19.084091633316433,5.63237904750717e-41
0,0,816,1220166593536,19.09565607371795,0.0
0,1,816,1220559940389,19.101811967726487,5.681985013144268e-41
0,0,817,1221301938688,19.113424270833335,0.0
0,1,817,1221697560246,19.119615764066257,5.57086204492331e-41
0,0,818,1222095924736,19.125850184294872,0.0
0,1,818,1222835136563,19.13741887900328,5.611639830235162e-41
0,0,819,1223231302656,19.14361889423077,0.0
0,1,819,1223972559317,19.1552195906732,5.613601648085217e-41
0,0,820,1224713912832,19.166821802884616,0.0
0,1,820,1225454521265,19.178412354532878,5.698099945484004e-41
0,0,821,1226195821056,19.19001372596154,0.0
0,1,821,1227281418238,19.207003365353316,5.646952551536148e-41
0,0,822,1228019267584,19.218550737179488,0.0
0,1,822,1228413782381,19.224724909558418,5.611639830235162e-41
0,0,823,1229154829824,19.23632233173077,0.0
0,1,823,1229551661330,19.242532760698367,5.746024352963912e-41
0,0,824,1229948652544,19.248745689102563,0.0
0,1,824,1230689340597,19.260337486807018,5.636022423514414e-41
0,0,825,1231090031616,19.266608317307693,0.0
0,1,825,1231827373117,19.278147741339268,5.691794102394542e-41
0,0,826,1232225768448,19.28438264423077,0.0
0,1,826,1232621299052,19.29057271402995,5.678762026676321e-41
0,0,827,1233361169920,19.30215172275641,0.0
0,1,827,1233754217208,19.308302928560696,5.667831898654588e-41
0,0,828,1234491315712,19.31983854967949,0.0
0,1,828,1235230996668,19.331414586275542,5.644430214300363e-41
0,0,829,1235967797248,19.342945544871796,0.0
0,1,829,1236707722382,19.35452540286333,5.677220598365564e-41
0,0,830,1237449137664,19.36612858173077,0.0
0,1,830,1238189972602,19.377722678191358,5.561052955673037e-41
0,0,831,1238589558784,19.383976217948717,0.0
0,1,831,1238983878062,19.390147330447466,5.597486715745482e-41
0,0,832,1239724676096,19.401740849358976,0.0
0,1,832,1240122041693,19.40795963687212,5.568339707687526e-41
0,0,833,1240859915776,19.419507395833335,0.0
0,1,833,1241254400702,19.425681100729918,5.688150726387297e-41
0,0,834,1241653873664,19.431932868589744,0.0
0,1,834,1242392071271,19.443485690714517,5.544377503947571e-41
0,0,835,1242789118464,19.44969949519231,0.0
0,1,835,1243530099700,19.461295881222455,5.618926582249651e-41
0,0,836,1243929792000,19.467551081730768,0.0
0,1,836,1244668207989,19.479107321542593,5.696558517173246e-41
0,0,837,1245065295872,19.485321762820515,0.0
0,1,837,1245806641952,19.496923858673878,5.719399682141741e-41
0,0,838,1246206336000,19.503179086538463,0.0
0,1,838,1246944351932,19.514729065442207,5.619907491174679e-41
0,0,839,1247341969408,19.520951794871795,0.0
0,1,839,1248082580550,19.532542388916017,5.582913211716504e-41
0,0,840,1248482479104,19.538800817307692,0.0
0,1,840,1249220882920,19.55035686661158,5.506822705103666e-41
0,0,841,1249617835520,19.55656919070513,0.0
0,1,841,1250359102332,19.56817004601112,5.587537496648776e-41
0,0,842,1250758583808,19.574421947115386,0.0
0,1,842,1251497237258,19.585981903201372,5.64653216199685e-41
0,0,843,1251894174720,19.592193990384615,0.0
0,1,843,1252635519661,19.603796068412585,5.521396209132644e-41
0,0,844,1253034970624,19.61004749198718,0.0
0,1,844,1253429519342,19.61622219523112,5.595945287434724e-41
0,0,845,1254170226688,19.627814294871797,0.0
0,1,845,1254567545204,19.634032345565405,5.641767747218146e-41
0,0,846,1255305593344,19.64558282852564,0.0
0,1,846,1256044682552,19.657149604241788,5.464083101941759e-41
0,0,847,1256440423424,19.663342964743592,0.0
0,1,847,1257177727667,19.674881805685974,5.5725436030805e-41
0,0,848,1257575265280,19.681103285256413,0.0
0,1,848,1258316165718,19.692698406794623,5.594964378509697e-41
0,0,849,1258715515904,19.698948253205128,0.0
0,1,849,1259110146962,19.705124245073367,5.628735671499925e-41
0,0,850,1259850313216,19.716707876602566,0.0
0,1,850,1260248445741,19.722938666569636,5.618366062863922e-41
0,0,851,1260984861696,19.734463605769232,0.0
0,1,851,1261381595815,19.74067251062638,5.716877344905956e-41
0,0,852,1261778522624,19.746884431089743,0.0
0,1,852,1262520280633,19.758492973648462,5.695017088862489e-41
0,0,853,1262919620608,19.76474266025641,0.0
0,1,853,1263658682835,19.776309013718826,5.590199963730993e-41
0,0,854,1264054760960,19.78250765224359,0.0
0,1,854,1264452720911,19.78873574142065,5.749667728971157e-41
0,0,855,1265189871104,19.800272171474358,0.0
0,1,855,1265930069232,19.811856301832933,5.596505806820454e-41
0,0,856,1266330424320,19.818121875,0.0
0,1,856,1267068481147,19.829672493912135,5.47767569704571e-41
0,0,857,1267465082880,19.835879326923077,0.0
0,1,857,1268206762000,19.847486634865785,5.576186979087745e-41
0,0,858,1268605487616,19.853726706730768,0.0
0,1,858,1269345455012,19.8653072261243,5.607435934842188e-41
0,0,859,1270087561216,19.87692121794872,0.0
0,1,859,1270483966263,19.88312497281588,5.562594383983794e-41
0,0,860,1270881433600,19.889345352564103,0.0
0,1,860,1271622339299,19.900940556437174,5.791846812747334e-41
0,0,861,1272022403072,19.90720157051282,0.0
0,1,861,1272760676468,19.918755578738484,5.710571501816495e-41
0,0,862,1273157539328,19.924966498397435,0.0
0,1,862,1273554778027,19.931183299951797,5.595945287434724e-41
0,0,863,1274292623360,19.942730608974358,0.0
0,1,863,1274687341862,19.948907969344702,5.698660464869734e-41
0,0,864,1275774666752,19.965924647435898,0.0
0,1,864,1276514345325,19.977500646737905,5.661666185411558e-41
0,0,865,1276910373888,19.983698509615387,0.0
0,1,865,1277652352239,19.995310500535233,5.605894506531431e-41
0,0,866,1278051512832,20.001557379807693,0.0
0,1,866,1278790614686,20.013124353434247,5.604212948374241e-41
0,0,867,1279186675200,20.019322716346153,0.0
0,1,867,1279584560605,20.025549638875326,5.570441655384013e-41
0,0,868,1280321657344,20.037085232371794,0.0
0,1,868,1280717329733,20.043277521111904,5.583473731102234e-41
0,0,869,1281115466752,20.049508381410256,0.0
0,1,869,1281855205607,20.06108532412798,5.614722686856677e-41
0,0,870,1282250866688,20.067277435897438,0.0
0,1,870,1282993208956,20.078895122132913,5.668392418040318e-41
0,0,871,1283391818752,20.085133381410255,0.0
0,1,871,1283787008950,20.091318123841898,5.580250744634287e-41
0,0,872,1284527343104,20.10290438301282,0.0
0,1,872,1285269085615,20.11451268302722,5.59118087265602e-41
0,0,873,1286009503744,20.126100256410258,0.0
0,1,873,1286750815624,20.13770181703225,5.635041514589387e-41
0,0,874,1287150607360,20.14395857371795,0.0
0,1,874,1287888888111,20.155512697049655,5.540734127940327e-41
0,0,875,1288286032896,20.161728028846156,0.0
0,1,875,1288682571878,20.16793387980143,5.665309561418803e-41
0,0,876,1289421883392,20.179504134615385,0.0
0,1,876,1289815293413,20.185661017205653,5.697539426098274e-41
0,0,877,1290215882240,20.191930248397437,0.0
0,1,877,1290953555326,20.203474861747548,5.584454640027261e-41
0,0,878,1291351048704,20.209695649038462,0.0
0,1,878,1292091930360,20.22129047663762,5.600149182827699e-41
0,0,879,1292491209728,20.22753921474359,0.0
0,1,879,1293229678765,20.23909628475874,5.603792558834943e-41
0,0,880,1293626262016,20.24530282852564,0.0
0,1,880,1294023195110,20.251514847349508,5.601130091752726e-41
0,0,881,1294761514496,20.263069575320515,0.0
0,1,881,1295499874737,20.274624942673903,5.679322546062051e-41
0,0,882,1296238172160,20.286179326923076,0.0
0,1,882,1296632569124,20.292351655210837,5.620468010560409e-41
0,0,883,1297373581824,20.30394853365385,0.0
0,1,883,1298114935036,20.3155507411233,5.492249201074688e-41
0,0,884,1298514221568,20.321799591346153,0.0
0,1,884,1299253233832,20.333365162885617,5.746584872349642e-41
0,0,885,1299649596416,20.33956825320513,0.0
0,1,885,1300046971880,20.34578719513722,5.614722686856677e-41
0,0,886,1300784801280,20.357334254807693,0.0
0,1,886,1301179604829,20.363512946166992,5.638124371210901e-41
0,0,887,1301919989760,20.3751,0.0
0,1,887,1302317671668,20.381323737792968,5.631958657967872e-41
0,0,888,1303055001088,20.39286297275641,0.0
0,1,888,1303450149992,20.399047068935296,5.604212948374241e-41
0,0,889,1303848998912,20.405289070512822,0.0
0,1,889,1304588037113,20.416855047967374,5.664188522647343e-41
0,0,890,1305325645312,20.428398645833333,0.0
0,1,890,1306064580018,20.43996300358699,5.543256465176111e-41
0,0,891,1306460879360,20.446165104166667,0.0
0,1,891,1307202527587,20.45777192863269,5.621448919485436e-41
0,0,892,1307601994240,20.464023597756412,0.0
0,1,892,1308340615424,20.475583048878207,5.634480995203657e-41
0,0,893,1308737319936,20.481791490384616,0.0
0,1,893,1309478657667,20.4933934555758,5.589219054805965e-41
0,0,894,1309877907968,20.499641738782053,0.0
0,1,894,1310616560168,20.51120167530549,5.620468010560409e-41
0,0,895,1311013107200,20.51740765224359,0.0
0,1,895,1311410481000,20.523626568134016,5.525600104525619e-41
0,0,896,1312148014592,20.535168998397438,0.0
0,1,896,1312543284450,20.54135498751127,5.736075133867206e-41
0,0,897,1313283302912,20.552936306089745,0.0
0,1,897,1313681222267,20.559163759937775,5.61206021977446e-41
0,0,898,1314418655232,20.570704615384617,0.0
0,1,898,1315158170173,20.582278053839268,5.622990347796193e-41
0,0,899,1315554051072,20.58847360576923,0.0
0,1,899,1316296470989,20.60009250721467,5.617805543478192e-41
0,0,900,1316695099392,20.60633105769231,0.0
0,1,900,1317434486128,20.617902489733574,5.673016702972589e-41
0,0,901,1317830658048,20.624102596153847,0.0
0,1,901,1318572463332,20.63571187856821,5.554747112583575e-41
0,0,902,1318971288576,20.641953509615384,0.0
0,1,902,1319710419601,20.653520939769255,5.558390488590819e-41
0,0,903,1320106236928,20.659715496794874,0.0
0,1,903,1320504418770,20.66594705857497,5.522937637443402e-41
0,0,904,1321241320448,20.677479599358975,0.0
0,1,904,1321637143351,20.683674243649214,5.541154517479624e-41
0,0,905,1322376156160,20.695239823717948,0.0
0,1,905,1322769699510,20.70139879291241,5.687730336848e-41
0,0,906,1323511075840,20.713001362179487,0.0
0,1,906,1323907897434,20.71921163602389,5.582352692330774e-41
0,0,907,1324304509952,20.725418637820514,0.0
0,1,907,1325046337003,20.7370282608893,5.626213334264141e-41
0,0,908,1325444834816,20.743264767628204,0.0
0,1,908,1326184798077,20.75484522230882,5.684507350380053e-41
0,0,909,1326585163264,20.76111095352564,0.0
0,1,909,1327323036966,20.77265870652419,5.596505806820454e-41
0,0,910,1327720102912,20.77887280448718,0.0
0,1,910,1328461339833,20.790473191997823,5.542836075636814e-41
0,0,911,1329207037440,20.802143389423076,0.0
0,1,911,1329599742027,20.808289231942986,5.68660929807654e-41
0,0,912,1329995240448,20.814478798076923,0.0
0,1,912,1330732744632,20.826020768103966,5.717858253830984e-41
0,0,913,1331129888256,20.83223608173077,0.0
0,1,913,1331870920551,20.843833266836313,5.641347357678849e-41
0,0,914,1332269829120,20.850076201923077,0.0
0,1,914,1332664711341,20.85625612450233,5.584454640027261e-41
0,0,915,1333404592640,20.86783529647436,0.0
0,1,915,1333797604377,20.87398594590407,5.589639444345263e-41
0,0,916,1334534002176,20.88551060096154,0.0
0,1,916,1334930458486,20.891715158096705,5.659564237715071e-41
0,0,917,1335668877312,20.903271442307695,0.0
0,1,917,1336063527663,20.909447736112156,5.504160238021449e-41
0,0,918,1336803353600,20.921026041666668,0.0
0,1,918,1337540841173,20.932567751730897,5.621448919485436e-41
0,0,919,1337937976320,20.93878293269231,0.0
0,1,919,1338679446131,20.95038696494078,5.651156446929122e-41
0,0,920,1339078149632,20.95662669070513,0.0
0,1,920,1339817776125,20.96820187495305,5.805439407851285e-41
0,0,921,1340218452992,20.97447248397436,0.0
0,1,921,1340611776826,20.980628017734627,5.53078490884362e-41
0,0,922,1341352920576,20.992226947115384,0.0
0,1,922,1341750187763,20.99844419450809,5.544797893486869e-41
0,0,923,1342487412736,21.009981794871795,0.0
0,1,923,1342883095136,21.016174240284457,5.628735671499925e-41
0,0,924,1343280652288,21.022396025641026,0.0
0,1,924,1344021377009,21.03398839720115,5.59118087265602e-41
0,0,925,1344761870336,21.0455771474359,0.0
0,1,925,1345159871869,21.05180588737292,5.717437864291686e-41
0,0,926,1345896984064,21.063341722756412,0.0
0,1,926,1346981401525,21.080312899467273,5.480758553667225e-41
0,0,927,1347378916352,21.0865340224359,0.0
0,1,927,1348119400262,21.09812262529422,5.467726477949004e-41
0,0,928,1348519801856,21.104388926282052,0.0
0,1,928,1349257608430,21.11593562872471,5.527141532836376e-41
0,0,929,1349996208128,21.127494743589743,0.0
0,1,929,1350390283870,21.133662044740333,5.603232039449214e-41
0,0,930,1350789483008,21.13990952724359,0.0
0,1,930,1351528438770,21.15147421452449,5.65269787523988e-41
0,0,931,1351924433920,21.15767155448718,0.0
0,1,931,1352666261366,21.16928118373773,5.705386697498493e-41
0,0,932,1353064566784,21.17551467948718,0.0
0,1,932,1353460224193,21.18170673378969,5.723603577534715e-41
0,0,933,1354199144960,21.193270873397438,0.0
0,1,933,1354592939573,21.199433774867913,5.659564237715071e-41
0,0,934,1355333722624,21.21102705929487,0.0
0,1,934,1356075486268,21.222635690041567,5.717437864291686e-41
0,0,935,1356474165760,21.228875040064104,0.0
0,1,935,1357213647806,21.240447963710686,5.513128548193128e-41
0,0,936,1357614239232,21.246717235576924,0.0
0,1,936,1358351736683,21.258259100232248,5.561052955673037e-41
0,0,937,1358748839424,21.26447377403846,0.0
0,1,937,1359489877244,21.27607104561048,5.595945287434724e-41
0,0,938,1359889081344,21.28231860576923,0.0
0,1,938,1360283558967,21.288492196373575,5.646952551536148e-41
0,0,939,1361023839744,21.300077620192308,0.0
0,1,939,1361421609417,21.306302731511042,5.695997997787516e-41
0,0,940,1362158321152,21.317832299679488,0.0
0,1,940,1362554221881,21.324028161949744,5.642328266603876e-41
0,0,941,1362951936512,21.330252411858975,0.0
0,1,941,1363692340452,21.341839763183593,5.664188522647343e-41
0,0,942,1364092306944,21.348099254807693,0.0
0,1,942,1364830334587,21.359649416989058,5.661105666025828e-41
0,0,943,1365568382976,21.371199903846154,0.0
0,1,943,1366307769908,21.38277133895483,5.76059785699289e-41
0,0,944,1366703313920,21.388961618589743,0.0
0,1,944,1367440706984,21.400501849584337,5.663628003261613e-41
0,0,945,1367838475264,21.406726939102565,0.0
0,1,945,1368578750299,21.41831227305877,5.59230191142748e-41
0,0,946,1368979188224,21.424579142628208,0.0
0,1,946,1369716601589,21.43611969133426,5.691794102394542e-41
0,0,947,1370114575360,21.442347996794872,0.0
0,1,947,1370510352949,21.448541931919195,5.685628389151513e-41
0,0,948,1371249260544,21.460105865384616,0.0
0,1,948,1371642868146,21.466265840125452,5.601690611138456e-41
0,0,949,1372384033280,21.477865104166668,0.0
0,1,949,1372780263731,21.484066126599433,5.512568028807398e-41
0,0,950,1373178100736,21.490292291666666,0.0
0,1,950,1374262429483,21.507262079999876,5.622990347796193e-41
0,0,951,1374659572736,21.51347738782051,0.0
0,1,951,1375744895279,21.530462729100936,5.789884994897279e-41
0,0,952,1376481765888,21.54199478365385,0.0
0,1,952,1377221788406,21.553576165708886,5.590760483116723e-41
0,0,953,1377963583488,21.56518528846154,0.0
0,1,953,1378359852674,21.571386917098607,5.692354621780272e-41
0,0,954,1379098281984,21.582943365384615,0.0
0,1,954,1379492792827,21.589117475883288,5.673016702972589e-41
0,0,955,1379892227072,21.595368637820513,0.0
0,1,955,1380631228328,21.606934037084336,5.556288540894332e-41
0,0,956,1381027090432,21.613129294871797,0.0
0,1,956,1381769457462,21.624747368633564,5.696978906712544e-41
0,0,957,1382166899712,21.630967355769233,0.0
0,1,957,1382907522772,21.642558136330628,5.702724230416276e-41
0,0,958,1383307173888,21.648812692307693,0.0
0,1,958,1384045685880,21.660370434570314,5.808522264472799e-41
0,0,959,1384783606272,21.67191891826923,0.0
0,1,959,1385522680375,21.683485457591523,5.718979292602443e-41
0,0,960,1385918375424,21.68967810096154,0.0
0,1,960,1386660823000,21.701297435271435,5.721501629838228e-41
0,0,961,1387399693824,21.712860793269233,0.0
0,1,961,1387793809234,21.719028715225612,5.640786838293119e-41
0,0,962,1388533812736,21.73060979967949,0.0
0,1,962,1388926780605,21.736759762573243,5.680303454987078e-41
0,0,963,1389326931456,21.74302213942308,0.0
0,1,963,1390064982634,21.754572669928134,5.652277485700582e-41
0,0,964,1390461549056,21.760778950320514,0.0
0,1,964,1391203187183,21.77238561672113,5.57198308369477e-41
0,0,965,1391601796608,21.77862387019231,0.0
0,1,965,1391997138227,21.784810982368665,5.655360342322097e-41
0,0,966,1392736301056,21.79637891025641,0.0
0,1,966,1393129992360,21.8025401949369,5.557829969205089e-41
0,0,967,1393871479808,21.814144503205128,0.0
0,1,967,1394612527276,21.82574192576873,5.672035794047562e-41
0,0,968,1395353008128,21.837330480769232,0.0
0,1,968,1396094978720,21.84894235026042,5.688150726387297e-41
0,0,969,1396834862080,21.860521554487182,0.0
0,1,969,1397227715618,21.866669728096205,5.656341251247124e-41
0,0,970,1397964015616,21.878192852564105,0.0
0,1,970,1398360426899,21.884396705024916,5.72836799231342e-41
0,0,971,1399098860544,21.895953221153846,0.0
0,1,971,1399492861687,21.9021193548271,5.72780747292769e-41
0,0,972,1399892521472,21.90837404647436,0.0
0,1,972,1400630848164,21.919928888784558,5.492809720460418e-41
0,0,973,1401027239936,21.926132435897436,0.0
0,1,973,1401768774696,21.937737484600362,5.672035794047562e-41
0,0,974,1402167288832,21.943974246794873,0.0
0,1,974,1402562570602,21.950160422331983,5.489586733992471e-41
0,0,975,1403301739008,21.9617284375,0.0
0,1,975,1404039077697,21.973267817523663,5.70748864519498e-41
0,0,976,1404777263616,21.98482045673077,0.0
0,1,976,1405515699991,21.99637701558431,5.662086574950856e-41
0,0,977,1406252915200,22.007914463141027,0.0
0,1,977,1406648045711,22.014098271468725,5.704405788573465e-41
0,0,978,1407387755520,22.025674759615384,0.0
0,1,978,1407785732659,22.031903117785333,5.743922405267425e-41
0,0,979,1408522832384,22.043438758012822,0.0
0,1,979,1408918035360,22.049623700420675,5.745043444038885e-41
0,0,980,1409316515840,22.055859935897438,0.0
0,1,980,1410055877437,22.067430974512344,5.709030073505737e-41
0,0,981,1410451320320,22.07361967147436,0.0
0,1,981,1411188210864,22.08515203801082,5.803897979540527e-41
0,0,982,1411585999360,22.091377443910257,0.0
0,1,982,1411981544429,22.097567740087264,5.738177081563693e-41
0,0,983,1412720778240,22.109136778846153,0.0
0,1,983,1413113760099,22.11528696068397,5.553766203658547e-41
0,0,984,1413850105344,22.126810793269232,0.0
0,1,984,1414590551345,22.138398802850187,5.643309175528903e-41
0,0,985,1415331595264,22.149996169871795,0.0
0,1,985,1416417102188,22.166984396722256,5.750788767742617e-41
0,0,986,1416813192704,22.173183229166668,0.0
0,1,986,1417554787582,22.184789218718702,5.662647094336586e-41
0,0,987,1418294703104,22.19636892628205,0.0
0,1,987,1418692630694,22.202596509008163,5.614722686856677e-41
0,0,988,1419088346112,22.208789471153846,0.0
0,1,988,1419830378032,22.22040230043069,5.732011368320664e-41
0,0,989,1420228516864,22.226633189102564,0.0
0,1,989,1420968134094,22.238208228384167,5.53807166085811e-41
0,0,990,1421363681280,22.244398557692307,0.0
0,1,990,1421756439804,22.250545244328425,5.685067869765783e-41
0,0,991,1422493423616,22.262079070512822,0.0
0,1,991,1422889010279,22.268270017637597,5.628315281960628e-41
0,0,992,1423628335104,22.27984048076923,0.0
0,1,992,1424365717045,22.291380537688426,5.628315281960628e-41
0,0,993,1425104668160,22.30294515224359,0.0
0,1,993,1425842171382,22.314487107215296,5.572963992619797e-41
0,0,994,1426240026624,22.320713557692308,0.0
0,1,994,1426979924892,22.332292995229867,5.6329395668929e-41
0,0,995,1427375319040,22.33848092948718,0.0
0,1,995,1428112124171,22.350011959306766,5.725705525231203e-41
0,0,996,1428510458880,22.35624591346154,0.0
0,1,996,1429249710257,22.367815227129032,5.63350008627863e-41
0,0,997,1429645630976,22.37401140224359,0.0
0,1,997,1430043024362,22.3802306246557,5.508924652800153e-41
0,0,998,1430780582400,22.3917734375,0.0
0,1,998,1431174890331,22.397944372417744,5.566798279376768e-41
0,0,999,1431915701760,22.40953810096154,0.0
0,1,999,1432312482040,22.415747728240184,5.557829969205089e-41
0,0,1000,1433051204608,22.427308766025643,0.0
0,1,1000,1433445139567,22.433473863916642,5.667831898654588e-41
0,0,1001,1434186660352,22.445078693910258,0.0
0,1,1001,1434927534684,22.456673406888523,5.543256465176111e-41
0,0,1002,1435327975936,22.46294032852564,0.0
0,1,1002,1436065865715,22.474488333129884,5.693896050091029e-41
0,0,1003,1436805235200,22.486059495192308,0.0
0,1,1003,1437198698354,22.492217209316156,5.678341637137024e-41
0,0,1004,1437940584960,22.50382776442308,0.0
0,1,1004,1438336714993,22.51002721531012,5.564135812294551e-41
0,0,1005,1439076026880,22.52159747596154,0.0
0,1,1005,1439468846705,22.527745121960763,5.617245024092462e-41
0,0,1006,1440205895168,22.539279959935897,0.0
0,1,1006,1440601083377,22.54546467123961,5.476134268734953e-41
0,0,1007,1440999846400,22.551705328525642,0.0
0,1,1007,1441738524032,22.563265663060896,5.53078490884362e-41
0,0,1008,1442134895616,22.56946889423077,0.0
0,1,1008,1442876598555,22.581076574941783,5.684086960840755e-41
0,0,1009,1443275328000,22.58731670673077,0.0
0,1,1009,1444014764213,22.59888891308907,5.6657299509581e-41
0,0,1010,1444410896384,22.6050883974359,0.0
0,1,1010,1445152608844,22.616696227150943,5.459879206548785e-41
0,0,1011,1445552048128,22.62294746794872,0.0
0,1,1011,1446290553323,22.634505103838016,5.668392418040318e-41
0,0,1012,1447028951552,22.64606106570513,0.0
0,1,1012,1447422603103,22.652221728249575,5.530224389457891e-41
0,0,1013,1448164495872,22.663832379807694,0.0
0,1,1013,1448560303358,22.670026782821264,5.556288540894332e-41
0,0,1014,1448958709248,22.676261850961538,0.0
0,1,1014,1449698216068,22.687835162322216,5.524058676214861e-41
0,0,1015,1450093993472,22.694029094551283,0.0
0,1,1015,1450836596270,22.705650858091698,5.696558517173246e-41
0,0,1016,1451234962432,22.71188530448718,0.0
0,1,1016,1451974549934,22.72345987852439,5.641347357678849e-41
0,0,1017,1452370251264,22.729652620192308,0.0
0,1,1017,1452768235253,22.73588108556503,5.501077381399934e-41
0,0,1018,1453505554432,22.74742016025641,0.0
0,1,1018,1453900535412,22.753601628417968,5.600569572366996e-41
0,0,1019,1454987625984,22.770614639423076,0.0
0,1,1019,1455727027388,22.78218630101913,5.646952551536148e-41
0,0,1020,1456464467968,22.793727275641025,0.0
0,1,1020,1457203938446,22.805300018247948,5.617805543478192e-41
0,0,1021,1457941739008,22.816846626602565,0.0
0,1,1021,1458336563716,22.823025649101062,5.662647094336586e-41
0,0,1022,1458735878144,22.829274935897438,0.0
0,1,1022,1459474535849,22.840834958574344,5.779375256414843e-41
0,0,1023,1459871104000,22.84704126602564,0.0
0,1,1023,1460612773170,22.85864841825045,5.630277099810683e-41
0,0,1024,1461012053504,22.86489717147436,0.0
0,1,1024,1461750938840,22.876460756585537,5.575065940316285e-41
0,0,1025,1462147851264,22.882672451923078,0.0
0,1,1025,1462889051764,22.89427226944361,5.556288540894332e-41
0,0,1026,1463288809984,22.900528501602565,0.0
0,1,1026,1464027022853,22.91208156257825,5.589639444345263e-41
0,0,1027,1464765752832,22.923642716346155,0.0
0,1,1027,1465503715801,22.93519186637683,5.585996068338018e-41
0,0,1028,1466589552640,22.952185256410257,0.0
0,1,1028,1467330741297,22.963784888587366,5.493790629385445e-41
0,0,1029,1468071716864,22.975381185897437,0.0
0,1,1029,1468813177373,22.986985072569237,5.646952551536148e-41
0,0,1030,1469212241920,22.99323044871795,0.0
0,1,1030,1469951137200,23.004794189453126,5.588098016034506e-41
0,0,1031,1470347312640,23.01099435096154,0.0
0,1,1031,1471089405259,23.022608130180163,5.549001788879843e-41
0,0,1032,1471488128512,23.028848165064105,0.0
0,1,1032,1472227373806,23.040417383532404,5.603792558834943e-41
0,0,1033,1472623141888,23.046611169871795,0.0
0,1,1033,1473021013038,23.052837869309645,5.636582942900144e-41
0,0,1034,1474104494592,23.06979439903846,0.0
0,1,1034,1474842513999,23.081344432326098,5.545918932258329e-41
0,0,1035,1475239721472,23.08756074519231,0.0
0,1,1035,1475980561398,23.099154919715296,5.72836799231342e-41
0,0,1036,1476721879552,23.110756578525642,0.0
0,1,1036,1477462917595,23.122353853587615,5.489026214606741e-41
0,0,1037,1477862844928,23.128612732371796,0.0
0,1,1037,1478600944499,23.140164020229243,5.523498156829131e-41
0,0,1038,1479339715072,23.151725809294874,0.0
0,1,1038,1479733540595,23.157889194508087,5.521396209132644e-41
0,0,1039,1480475487744,23.169500697115385,0.0
0,1,1039,1480871529093,23.175698760094278,5.569320616612553e-41
0,0,1040,1481610873344,23.18726952724359,0.0
0,1,1040,1482003951098,23.193421209841997,5.681985013144268e-41
0,0,1041,1482399355904,23.199609310897436,0.0
0,1,1041,1483136488298,23.211145462396086,5.667271379268858e-41
0,0,1042,1483876500480,23.222726682692308,0.0
0,1,1042,1484613566786,23.23426179991111,5.689271765158757e-41
0,0,1043,1485353887744,23.245847852564104,0.0
0,1,1043,1485751920880,23.252077087089344,5.510466081110911e-41
0,0,1044,1486489422336,23.263619014423078,0.0
0,1,1044,1487228763843,23.275189738628683,5.577728407398502e-41
0,0,1045,1487966202368,23.286730681089743,0.0
0,1,1045,1488361336884,23.292914552095855,5.562033864598064e-41
0,0,1046,1489101752832,23.304502091346155,0.0
0,1,1046,1489499638209,23.310729013437125,5.449509597912781e-41
0,0,1047,1490236950016,23.32226797275641,0.0
0,1,1047,1490631912238,23.32844914735452,5.393737919032653e-41
0,0,1048,1491030656512,23.33468951121795,0.0
0,1,1048,1491769608919,23.346254145992965,5.663628003261613e-41
0,0,1049,1492165575680,23.35245104166667,0.0
0,1,1049,1492907686518,23.36406510601337,5.552645164887088e-41
0,0,1050,1493305995776,23.370298661858975,0.0
0,1,1050,1494045928964,23.381878645895934,5.663207613722316e-41
0,0,1051,1494787840000,23.393489583333334,0.0
0,1,1051,1495527963641,23.405072547967375,5.721501629838228e-41
0,0,1052,1495928094720,23.411334615384614,0.0
0,1,1052,1496665883031,23.422881032010594,5.526160623911349e-41
0,0,1053,1497063572480,23.429104887820515,0.0
0,1,1053,1497803699504,23.44068790539864,5.775171361021869e-41
0,0,1054,1498199058944,23.44687529647436,0.0
0,1,1054,1498936180912,23.45841128480569,5.597486715745482e-41
0,0,1055,1499334239232,23.46464091346154,0.0
0,1,1055,1500074397243,23.476224415987456,5.659984627254369e-41
0,0,1056,1500474926592,23.482492716346155,0.0
0,1,1056,1500868221301,23.488647794299006,5.541154517479624e-41
0,0,1057,1501604732416,23.50017422275641,0.0
0,1,1057,1502000883950,23.506374010134966,5.685628389151513e-41
0,0,1058,1502740624384,23.5179509775641,0.0
0,1,1058,1503133492336,23.524099376752805,5.482860501363712e-41
0,0,1059,1503871054848,23.535642259615386,0.0
0,1,1059,1504610823239,23.54721966457269,5.694456569476759e-41
0,0,1060,1505348305920,23.558761298076924,0.0
0,1,1060,1506088112679,23.57033930349497,5.601130091752726e-41
0,0,1061,1506825369600,23.581877403846153,0.0
0,1,1061,1507220838810,23.588066512826774,5.618366062863922e-41
0,0,1062,1507960656896,23.599644695512822,0.0
0,1,1062,1508353529108,23.605793161370695,5.625092295492681e-41
0,0,1063,1509090863104,23.617332467948717,0.0
0,1,1063,1509486545033,23.62352490599021,5.533447375925838e-41
0,0,1064,1510226671104,23.635107908653847,0.0
0,1,1064,1510619509241,23.641255841236603,5.714775397209469e-41
0,0,1065,1511015597568,23.647454639423078,0.0
0,1,1065,1511757551529,23.659066248638446,5.625092295492681e-41
0,0,1066,1512156998656,23.66531761217949,0.0
0,1,1066,1512895748908,23.676879083220655,5.563575292908821e-41
0,0,1067,1513292583424,23.683089559294874,0.0
0,1,1067,1514033913045,23.694691397564227,5.630837619196412e-41
0,0,1068,1514775183872,23.706292315705127,0.0
0,1,1068,1515172022393,23.712502854457757,5.698099945484004e-41
0,0,1069,1515910499840,23.724060056089744,0.0
0,1,1069,1516649164850,23.735620193090195,5.610518791463703e-41
0,0,1070,1517045689344,23.741825817307692,0.0
0,1,1070,1517787559902,23.75343612126277,5.740279029260181e-41
0,0,1071,1518186594304,23.759681025641026,0.0
0,1,1071,1518925816176,23.771249877554087,5.486503877370956e-41
0,0,1072,1519322350592,23.777455657051284,0.0
0,1,1072,1519719647919,23.783673376136193,5.562594383983794e-41
0,0,1073,1520457784832,23.795225248397436,0.0
0,1,1073,1520852033590,23.801395257255358,5.589639444345263e-41
0,0,1074,1521598717440,23.813080889423077,0.0
0,1,1074,1521995597813,23.819292083161184,5.509905561725181e-41
0,0,1075,1522392685056,23.82550651442308,0.0
0,1,1075,1523133738868,23.837104036270535,5.637143462285874e-41
0,0,1076,1523874799104,23.848701658653848,0.0
0,1,1076,1524616251250,23.860305414444362,5.651716966314852e-41
0,0,1077,1525356445696,23.871889487179487,0.0
0,1,1077,1526443378623,23.88890003103403,5.55166425596206e-41
0,0,1078,1526844193792,23.89517280448718,0.0
0,1,1078,1527581615457,23.906713483088566,5.6657299509581e-41
0,0,1079,1527979799552,23.912945080128207,0.0
0,1,1079,1528375516837,23.919138071492515,5.545918932258329e-41
0,0,1080,1529115232256,23.9307146474359,0.0
0,1,1080,1529508280355,23.93686586593237,5.473471801652735e-41
0,0,1081,1530244889600,23.948393830128207,0.0
0,1,1081,1530640542092,23.954585807479468,5.735094224942179e-41
0,0,1082,1531038789120,23.96081838942308,0.0
0,1,1082,1531778479916,23.972394580015525,5.670494365736805e-41
0,0,1083,1532173800448,23.978581362179487,0.0
0,1,1083,1532566575170,23.984728302314956,5.434936093883803e-41
0,0,1084,1533304071168,23.99627014423077,0.0
0,1,1084,1534043730455,24.007845841706107,5.580811264020016e-41
0,0,1085,1534439540736,24.01404028846154,0.0
0,1,1085,1535182066612,24.025660848169572,5.70804916458071e-41
0,0,1086,1535922182656,24.037243693910256,0.0
0,1,1086,1536664397219,24.048859381557367,5.704826178112763e-41
0,0,1087,1537404371968,24.06044001602564,0.0
0,1,1087,1537796998938,24.06658464383639,5.63350008627863e-41
0,0,1088,1538534155776,24.078121177884615,0.0
0,1,1088,1538929736852,24.084312037572616,5.479217125356467e-41
0,0,1089,1539669624832,24.095891314102566,0.0
0,1,1089,1540067690538,24.10212105834961,5.530224389457891e-41
0,0,1090,1540463683584,24.108318365384616,0.0
0,1,1090,1541205972915,24.119935223153924,5.599588663441969e-41
0,0,1091,1541604683264,24.126175056089743,0.0
0,1,1091,1542344147805,24.137747705782377,5.548020879954816e-41
0,0,1092,1542740222464,24.143946290064104,0.0
0,1,1092,1543137827491,24.15016882466634,5.711132021202224e-41
0,0,1093,1543875554304,24.161714278846155,0.0
0,1,1093,1544614617714,24.173280650822566,5.7481263006604e-41
0,0,1094,1545351636480,24.18481502403846,0.0
0,1,1094,1546091850289,24.196399399805316,5.491128162303228e-41
0,0,1095,1546492286464,24.20266624198718,0.0
0,1,1095,1546885800304,24.20882474934896,5.464083101941759e-41
0,0,1096,1547627569664,24.22043346955128,0.0
0,1,1096,1548023682333,24.22663264869103,5.690252674083785e-41
0,0,1097,1548763001344,24.238203020833335,0.0
0,1,1097,1549156329617,24.244358624064127,5.668392418040318e-41
0,0,1098,1549898185728,24.255968701923077,0.0
0,1,1098,1550294225963,24.262166747467823,5.628735671499925e-41
0,0,1099,1551033490944,24.273736274038463,0.0
0,1,1099,1551426717084,24.279890278883716,5.555307631969305e-41
0,0,1100,1551827201024,24.286157868589743,0.0
0,1,1100,1552564720954,24.29770008504232,5.533447375925838e-41
0,0,1101,1552962800128,24.303930040064103,0.0
0,1,1101,1553702875343,24.315512246829304,5.596926196359752e-41
0,0,1102,1554444532224,24.32711920673077,0.0
0,1,1102,1555184839859,24.338705050878282,5.618926582249651e-41
0,0,1103,1555926932992,24.350318838141025,0.0
0,1,1103,1556667154615,24.36190333619729,5.61262073916019e-41
0,0,1104,1557068115456,24.36817838942308,0.0
0,1,1104,1557805160515,24.379713174125477,5.588098016034506e-41
0,0,1105,1558203682816,24.385950064102566,0.0
0,1,1105,1558943278567,24.397524767236956,5.603792558834943e-41
0,0,1106,1559338963456,24.403717251602565,0.0
0,1,1106,1560081302901,24.415334893657977,5.734113316017151e-41
0,0,1107,1560480143360,24.421576762820514,0.0
0,1,1107,1560874911931,24.427754906772712,5.63350008627863e-41
0,0,1108,1561615297024,24.439341963141025,0.0
0,1,1108,1562012621885,24.44556011313414,5.577728407398502e-41
0,0,1109,1562750607872,24.457109623397436,0.0
0,1,1109,1563145117106,24.463283708715196,5.741820457570938e-41
0,0,1110,1563885935616,24.474877548076925,0.0
0,1,1110,1564627799479,24.486487747254984,5.558390488590819e-41
0,0,1111,1565367967744,24.49807141025641,0.0
0,1,1111,1566104956787,24.509605318306164,5.693896050091029e-41
0,0,1112,1566844261888,24.52117547275641,0.0
0,1,1112,1567237585642,24.527331005264674,5.723603577534715e-41
0,0,1113,1567979359744,24.538939799679486,0.0
0,1,1113,1568375576205,24.545140603168196,5.661666185411558e-41
0,0,1114,1569114575872,24.556705977564103,0.0
0,1,1114,1569508220922,24.56286653836764,5.709030073505737e-41
0,0,1115,1569908548608,24.56913168269231,0.0
0,1,1115,1570646469541,24.5806801748579,5.505281276792909e-41
0,0,1116,1571044084736,24.586902868589743,0.0
0,1,1116,1571440441069,24.593105861080854,5.783579151807817e-41
0,0,1117,1572179714048,24.604675512820513,0.0
0,1,1117,1572573146717,24.61083274985289,5.614722686856677e-41
0,0,1118,1573314847744,24.622440400641025,0.0
0,1,1118,1573711291896,24.628644767503005,5.576186979087745e-41
0,0,1119,1574796755968,24.64563232371795,0.0
0,1,1119,1575193773546,24.6518456647198,5.628735671499925e-41
0,0,1120,1575931484160,24.663390865384617,0.0
0,1,1120,1576670135739,24.674950792189378,5.620888400099706e-41
0,0,1121,1577066749952,24.681157820512823,0.0
0,1,1121,1577808451906,24.692765485808543,5.605333987145701e-41
0,0,1122,1578207204864,24.699005985576925,0.0
0,1,1122,1578946740964,24.710579755170773,5.641347357678849e-41
0,0,1123,1579342504448,24.71677346955128,0.0
0,1,1123,1580079657566,24.728309945381362,5.737196172638666e-41
0,0,1124,1580477728768,24.734539775641025,0.0
0,1,1124,1580873532823,24.74073412495931,5.660545146640099e-41
0,0,1125,1581612899840,24.752305248397438,0.0
0,1,1125,1582006424844,24.758463930476264,5.524479065754159e-41
0,0,1126,1582748422656,24.77007622596154,0.0
0,1,1126,1583144805552,24.776279634164663,5.618926582249651e-41
0,0,1127,1583542447616,24.782502748397437,0.0
0,1,1127,1584283297335,24.794097076181266,5.529803999918593e-41
0,0,1128,1585024332288,24.805694302884618,0.0
0,1,1128,1585765949495,24.817300641886394,5.702303840876978e-41
0,0,1129,1586506273792,24.828886746794872,0.0
0,1,1129,1587248658478,24.84050509687375,5.74140006803164e-41
0,0,1130,1587646988800,24.846738982371797,0.0
0,1,1130,1588387125683,24.858322154243666,5.658443198943611e-41
0,0,1131,1588787500032,24.864588028846153,0.0
0,1,1131,1589525430114,24.87613666419396,5.537090751933082e-41
0,0,1132,1589922885632,24.882356858974358,0.0
0,1,1132,1590319576228,24.88856508269481,5.691373712855245e-41
0,0,1133,1591058492416,24.900129150641025,0.0
0,1,1133,1591452319257,24.906292556480995,5.627194243189168e-41
0,0,1134,1591852589568,24.912556802884616,0.0
0,1,1134,1592590326709,24.92410241869804,5.660545146640099e-41
0,0,1135,1592988351488,24.9303315224359,0.0
0,1,1135,1593728589623,24.941916278905623,5.605333987145701e-41
0,0,1136,1594124532224,24.94811279647436,0.0
0,1,1136,1594866634458,24.95972672616812,5.475013229963493e-41
0,0,1137,1595607643136,24.971323541666667,0.0
0,1,1137,1596004727420,24.977537926620094,5.57142256430904e-41
0,0,1138,1596748611072,24.989179735576922,0.0
0,1,1138,1597487541360,25.000744024188702,5.572963992619797e-41
0,0,1139,1597884161536,25.006951145833334,0.0
0,1,1139,1598625933817,25.018559911749424,5.419241551083365e-41
0,0,1140,1599025284608,25.024809767628206,0.0
0,1,1140,1599764016537,25.03637095191369,5.664188522647343e-41
0,0,1141,1600161504768,25.042591658653848,0.0
0,1,1141,1600557458651,25.048788352786335,5.712112930127252e-41
0,0,1142,1601297495040,25.06036995192308,0.0
0,1,1142,1601695310968,25.066595787134414,5.682405402683566e-41
0,0,1143,1602433795072,25.078153092948718,0.0
0,1,1143,1602827835882,25.08431984741211,5.697539426098274e-41
0,0,1144,1603228307456,25.090587243589745,0.0
0,1,1144,1604310035415,25.107516329486554,5.637143462285874e-41
0,0,1145,1604705698816,25.113708477564103,0.0
0,1,1145,1605452748163,25.125399829774516,5.831503559287726e-41
0,0,1146,1606193886720,25.136998677884616,0.0
0,1,1146,1606590502682,25.14320573357998,5.504160238021449e-41
0,0,1147,1607329174016,25.15476596955128,0.0
0,1,1147,1608067394798,25.166319154365738,5.528682961147133e-41
0,0,1148,1608464682496,25.172536722756412,0.0
0,1,1148,1608861050415,25.178739896568885,5.818471483569505e-41
0,0,1149,1609600671232,25.19031499198718,0.0
0,1,1149,1609993250211,25.196458868736855,5.690813193469515e-41
0,0,1150,1610731087360,25.208006049679486,0.0
0,1,1150,1611125728012,25.21418219169421,5.484962449060199e-41
0,0,1151,1611525213696,25.22043415865385,0.0
0,1,1151,1612263455404,25.23198767096104,5.736635653252936e-41
0,0,1152,1612661058048,25.23821016826923,0.0
0,1,1152,1613400848443,25.24978791759002,5.576607368627042e-41
0,0,1153,1613797049344,25.255988477564102,0.0
0,1,1153,1614538590165,25.26759362112192,5.532886856540108e-41
0,0,1154,1615280041472,25.279197363782053,0.0
0,1,1154,1615676539253,25.28540256994003,5.681985013144268e-41
0,0,1155,1616415348224,25.2969649599359,0.0
0,1,1155,1616809138404,25.30312779202975,5.68716981746227e-41
0,0,1156,1617550932480,25.31473689903846,0.0
0,1,1156,1617947200629,25.32093851144644,5.623550867181923e-41
0,0,1157,1618686188544,25.332503701923077,0.0
0,1,1157,1619079667191,25.338661658512997,5.593843339738237e-41
0,0,1158,1619821406720,25.350269911858977,0.0
0,1,1158,1620217259905,25.356465030063728,5.823656287887507e-41
0,0,1159,1620956905984,25.368040520833333,0.0
0,1,1159,1621349395179,25.37418299245981,5.582913211716504e-41
0,0,1160,1622086735872,25.385722403846156,0.0
0,1,1160,1622481611888,25.39190222931691,5.610518791463703e-41
0,0,1161,1622881307136,25.39815747596154,0.0
0,1,1161,1623618985980,25.40970217942458,5.703284749802005e-41
0,0,1162,1624017510912,25.415939110576925,0.0
0,1,1162,1625105716242,25.432969567589392,5.636582942900144e-41
0,0,1163,1625506468864,25.439241362179487,0.0
0,1,1163,1626243044779,25.45076880475949,5.631398138582142e-41
0,0,1164,1626642143232,25.457014711538463,0.0
0,1,1164,1627385652069,25.468650654625527,5.601130091752726e-41
0,0,1165,1627783213056,25.4748725,0.0
0,1,1165,1628528263949,25.486532576325246,5.525600104525619e-41
0,0,1166,1628924416000,25.492732371794872,0.0
0,1,1166,1629671052999,25.504417270742564,5.694456569476759e-41
0,0,1167,1630070955008,25.510675753205128,0.0
0,1,1167,1630464211972,25.516830240447216,5.752330196053374e-41
0,0,1168,1631206166528,25.52844185897436,0.0
0,1,1168,1631601597349,25.53463036716559,5.59174139204175e-41
0,0,1169,1632341931008,25.546216618589746,0.0
0,1,1169,1632738869557,25.55242872278458,5.549562308265573e-41
0,0,1170,1633136472064,25.558651217948718,0.0
0,1,1170,1633881353457,25.570308641592174,5.694456569476759e-41
0,0,1171,1634619309056,25.581857676282052,0.0
0,1,1171,1635012647516,25.588013438939804,5.688711245773027e-41
0,0,1172,1635755231744,25.599634911858974,0.0
0,1,1172,1636149559796,25.605806161671175,5.64653216199685e-41
0,0,1173,1636890946560,25.61740889423077,0.0
0,1,1173,1637286542705,25.623599989749223,5.735094224942179e-41
0,0,1174,1638026720768,25.635183806089746,0.0
0,1,1174,1638773182346,25.64686595969176,5.729348901238447e-41
0,0,1175,1639173692928,25.653133966346154,0.0
0,1,1175,1639566687435,25.659284346125677,5.644990733686093e-41
0,0,1176,1640303690752,25.670818477564104,0.0
0,1,1176,1640698680381,25.67700008108286,5.579830355094989e-41
0,0,1177,1641439512576,25.688594134615386,0.0
0,1,1177,1641836166619,25.694801786279925,5.814267588176531e-41
0,0,1178,1642574996992,25.70636451121795,0.0
0,1,1178,1642967740742,25.712510966640377,5.736635653252936e-41
0,0,1179,1643363458560,25.718703966346155,0.0
0,1,1179,1644110458096,25.73039453901242,5.76171889576435e-41
0,0,1180,1644850825728,25.741981322115386,0.0
0,1,1180,1645247516828,25.74818955372346,5.575626459702015e-41
0,0,1181,1645985757696,25.759743052884616,0.0
0,1,1181,1646728670334,25.771369665433443,5.595384768048995e-41
0,0,1182,1647468014592,25.782940432692307,0.0
0,1,1182,1647860379120,25.789080953275242,5.520835689746914e-41
0,0,1183,1648597730304,25.800620528846153,0.0
0,1,1183,1648992220521,25.8067943165471,5.590760483116723e-41
0,0,1184,1649391527424,25.813043485576923,0.0
0,1,1184,1650129805039,25.824597559830103,5.656341251247124e-41
0,0,1185,1650526939136,25.830812724358974,0.0
0,1,1185,1651272718515,25.842484201519305,5.692354621780272e-41
0,0,1186,1651673061888,25.848749591346156,0.0
0,1,1186,1652066045939,25.85489980748886,5.613601648085217e-41
0,0,1187,1652802408960,25.86642391826923,0.0
0,1,1187,1653197867888,25.872612866336137,5.604212948374241e-41
0,0,1188,1653937225216,25.884183838141027,0.0
0,1,1188,1654329668827,25.890325596376076,5.605894506531431e-41
0,0,1189,1655413767168,25.907291778846155,0.0
0,1,1189,1656160231732,25.91897397917919,5.53751114147238e-41
0,0,1190,1657248063488,25.93599858974359,0.0
0,1,1190,1657991308195,25.947630399185574,5.729348901238447e-41
0,0,1191,1658388436480,25.95384547275641,0.0
0,1,1191,1659128791855,25.965432064036836,5.542275556251084e-41
0,0,1192,1659529267200,25.97169951923077,0.0
0,1,1192,1660266320594,25.983234434376254,5.596926196359752e-41
0,0,1193,1660664667136,25.98946857371795,0.0
0,1,1193,1661059829772,25.995652884803185,5.63350008627863e-41
0,0,1194,1661800235008,26.007240256410256,0.0
0,1,1194,1662197370792,26.013455447340746,5.498414914317717e-41
0,0,1195,1662935544832,26.025007900641025,0.0
0,1,1195,1663329307414,26.03117030082507,5.504160238021449e-41
0,0,1196,1663729706496,26.0374365625,0.0
0,1,1196,1664466839735,26.04897272722293,5.496453096467662e-41
0,0,1197,1665206450176,26.06054766025641,0.0
0,1,1197,1665948235930,26.07215663702549,5.570441655384013e-41
0,0,1198,1666347719168,26.07840856570513,0.0
0,1,1198,1667090883142,26.090039111672425,5.737756692024396e-41
0,0,1199,1667489118720,26.096271514423076,0.0
0,1,1199,1668228299244,26.10783971923828,5.740839548645911e-41
0,0,1200,1668624898048,26.114046506410258,0.0
0,1,1200,1669021627681,26.120255341061323,5.604773467759971e-41
0,0,1201,1669760284160,26.13181534455128,0.0
0,1,1201,1670153458828,26.137968543857674,5.531765817768648e-41
0,0,1202,1670890052608,26.149496266025643,0.0
0,1,1202,1671285271034,26.155681450226613,5.618926582249651e-41
0,0,1203,1671684199936,26.161924703525642,0.0
0,1,1203,1672427755437,26.173561376906175,5.719960201527471e-41
0,0,1204,1672825662464,26.179788637820515,0.0
0,1,1204,1673570396018,26.191443747777694,5.676660078979834e-41
0,0,1205,1673967097344,26.197652139423077,0.0
0,1,1205,1674713212201,26.20932886682755,5.654799822936367e-41
0,0,1206,1675455137792,26.22094003205128,0.0
0,1,1206,1676199971122,26.23259670350686,5.68716981746227e-41
0,0,1207,1676596452352,26.238801650641026,0.0
0,1,1207,1677342412010,26.25047594917493,5.520415300207617e-41
0,0,1208,1677737891328,26.256665216346153,0.0
0,1,1208,1678135865901,26.2628935343581,5.533867765465135e-41
0,0,1209,1678873633792,26.274439631410257,0.0
0,1,1209,1679268097946,26.280613011224208,5.692915141166002e-41
0,0,1210,1680009541632,26.292216634615386,0.0
0,1,1210,1680405390641,26.29841168746557,5.561473345212334e-41
0,0,1211,1680803721728,26.304645584935898,0.0
0,1,1211,1681547729126,26.316289330522586,5.516771924200372e-41
0,0,1212,1681945295872,26.322511266025643,0.0
0,1,1212,1682685097076,26.334089184507715,5.718418773216714e-41
0,0,1213,1683081333248,26.34029029647436,0.0
0,1,1213,1683827821627,26.351972869513098,5.655920861707827e-41
0,0,1214,1684569591808,26.363581602564103,0.0
0,1,1214,1685314872877,26.37524528115297,5.582352692330774e-41
0,0,1215,1686052516864,26.386789439102564,0.0
0,1,1215,1686796198956,26.39842809363732,5.581371783405746e-41
0,0,1216,1687193558528,26.404646786858976,0.0
0,1,1216,1687933548461,26.416227658957457,5.740839548645911e-41
0,0,1217,1688329051648,26.422417299679488,0.0
0,1,1217,1689076150635,26.43410942875789,5.641767747218146e-41
0,0,1218,1689475881984,26.440365240384615,0.0
0,1,1218,1689869235374,26.446521236697468,5.619346971788949e-41
0,0,1219,1690605986304,26.458051418269232,0.0
0,1,1219,1691000521754,26.46422591386844,5.634480995203657e-41
0,0,1220,1691741060608,26.475815376602565,0.0
0,1,1220,1692137705901,26.48202289132925,5.773629932711111e-41
0,0,1221,1692535158272,26.488243036858975,0.0
0,1,1221,1693280330584,26.499905013396436,5.596505806820454e-41
0,0,1222,1693676345344,26.50610266025641,0.0
0,1,1222,1694418047230,26.517710324487933,5.713233968898712e-41
0,0,1223,1695158982656,26.529305993589745,0.0
0,1,1223,1696248974679,26.546364412419248,5.640226318907389e-41
0,0,1224,1696988331520,26.557935376602565,0.0
0,1,1224,1697381064900,26.564081669734076,5.679883065447781e-41
0,0,1225,1698118398976,26.575620977564103,0.0
0,1,1225,1698513078318,26.58179772507888,5.68604877869081e-41
0,0,1226,1698912391168,26.58804698717949,0.0
0,1,1226,1699650664912,26.59960100085136,5.685628389151513e-41
0,0,1227,1700047911936,26.605817932692307,0.0
0,1,1227,1700788091240,26.617401768454528,5.508924652800153e-41
0,0,1228,1701183521792,26.623590272435898,0.0
0,1,1228,1701925690615,26.635205244250177,5.585996068338018e-41
0,0,1229,1702324814848,26.64145155448718,0.0
0,1,1229,1703063537294,26.653012590363332,5.715335916595199e-41
0,0,1230,1703802249216,26.664573461538463,0.0
0,1,1230,1704539778140,26.676115818747498,5.644990733686093e-41
0,0,1231,1705626487296,26.693122860576924,0.0
0,1,1231,1706366218411,26.704699682163337,5.608977363152945e-41
0,0,1232,1706761995264,26.710893605769233,0.0
0,1,1232,1707503950390,26.722505233216896,5.724164096920445e-41
0,0,1233,1707903073280,26.7287515224359,0.0
0,1,1233,1708641626066,26.740309903126253,5.615703595781704e-41
0,0,1234,1709038469632,26.746520520833336,0.0
0,1,1234,1709434751751,26.75272235187237,5.494771538310473e-41
0,0,1235,1710174023168,26.764291979166668,0.0
0,1,1235,1710566789240,26.770438783929286,5.639665799521659e-41
0,0,1236,1711303729664,26.781971931089743,0.0
0,1,1236,1711699387384,26.788163990259417,5.644990733686093e-41
0,0,1237,1712097684992,26.794397363782053,0.0
0,1,1237,1712837224832,26.80597119190705,5.588658535420235e-41
0,0,1238,1713233186304,26.812168004807692,0.0
0,1,1238,1713974694186,26.82377263286884,5.481739462592252e-41
0,0,1239,1714715380736,26.835364407051284,0.0
0,1,1239,1715111841468,26.841569033390925,5.681424493758538e-41
0,0,1240,1715850439680,26.853128125,0.0
0,1,1240,1716592531604,26.864741893341847,5.609958272077973e-41
0,0,1241,1716991263232,26.87098205929487,0.0
0,1,1241,1717735080000,26.882622821514424,5.527702052222106e-41
0,0,1242,1718132496384,26.888842403846155,0.0
0,1,1242,1718877740017,26.900505496560122,5.838229791916485e-41
0,0,1243,1719273122304,26.906693245192308,0.0
0,1,1243,1720010054523,26.918226263944188,5.565677240605308e-41
0,0,1244,1720408601088,26.924463533653846,0.0
0,1,1244,1721147712769,26.936030661073342,5.704405788573465e-41
0,0,1245,1721543954432,26.94223185897436,0.0
0,1,1245,1721941136949,26.94844778127817,5.615283206242407e-41
0,0,1246,1722679434752,26.96000217147436,0.0
0,1,1246,1723073285041,26.96616594427647,5.600149182827699e-41
0,0,1247,1723814726656,26.97776953525641,0.0
0,1,1247,1724554974632,26.989354445738183,5.819032002955235e-41
0,0,1248,1724955506176,26.99562278044872,0.0
0,1,1248,1725692368689,27.007154708298906,5.679322546062051e-41
0,0,1249,1726090724864,27.013388998397435,0.0
0,1,1249,1726829873369,27.024956702114007,5.620468010560409e-41
0,0,1250,1727226013184,27.031156306089745,0.0
0,1,1250,1727972594820,27.042840338604268,5.704826178112763e-41
0,0,1251,1728372527616,27.049099302884617,0.0
0,1,1251,1729110016548,27.060641034217248,5.565677240605308e-41
0,0,1252,1729507723264,27.066865160256413,0.0
0,1,1252,1729903050590,27.073052048746746,5.671054885122535e-41
0,0,1253,1730642790912,27.08462901442308,0.0
0,1,1253,1731040178421,27.0908481448599,5.708469554120007e-41
0,0,1254,1731436539904,27.097051217948717,0.0
0,1,1254,1732177432691,27.108646219748472,5.732431757859962e-41
0,0,1255,1732577298944,27.114904142628205,0.0
0,1,1255,1733319979578,27.126527124305138,5.617805543478192e-41
0,0,1256,1733718160384,27.132758669871794,0.0
0,1,1256,1734462439910,27.144406674272588,5.693335530705299e-41
0,0,1257,1735200112128,27.15595127403846,0.0
0,1,1257,1735593872214,27.162113635160008,5.669933846351075e-41
0,0,1258,1736335464448,27.173719583333334,0.0
0,1,1258,1737080137568,27.185373747495994,5.677781117751294e-41
0,0,1259,1737476784640,27.191581290064104,0.0
0,1,1259,1737873350299,27.1977875585155,5.735654744327909e-41
0,0,1260,1738611662336,27.20934217147436,0.0
0,1,1260,1739005313033,27.215502820653672,5.610518791463703e-41
0,0,1261,1739746696192,27.227105496794874,0.0
0,1,1261,1740142108574,27.233293716415016,5.625652814878411e-41
0,0,1262,1740881820672,27.244870240384618,0.0
0,1,1262,1741279193909,27.251089147464068,5.529803999918593e-41
0,0,1263,1741675714560,27.257294711538464,0.0
0,1,1263,1742416529591,27.2688884964537,5.627194243189168e-41
0,0,1264,1742816619520,27.275149919871797,0.0
0,1,1264,1743559400562,27.286774472937953,5.582352692330774e-41
0,0,1265,1743957106688,27.29299858974359,0.0
0,1,1265,1745385686712,27.315355924353966,5.742380976956668e-41
0,0,1266,1746126909952,27.326956097756412,0.0
0,1,1266,1746523331169,27.333160105684723,5.568900227073256e-41
0,0,1267,1747262152704,27.344722692307695,0.0
0,1,1267,1747655593432,27.350880055463744,5.68716981746227e-41
0,0,1268,1748397398016,27.36248932692308,0.0
0,1,1268,1748793164141,27.368683082635343,5.769005647778839e-41
0,0,1269,1749532661248,27.38025624198718,0.0
0,1,1269,1749925329635,27.386401517975635,5.771107595475327e-41
0,0,1270,1750320876032,27.3925918349359,0.0
0,1,1270,1751062919289,27.404204841637245,5.553766203658547e-41
0,0,1271,1751461306368,27.410439615384615,0.0
0,1,1271,1752200654337,27.42201044072078,5.636022423514414e-41
0,0,1272,1752596452864,27.42820470352564,0.0
0,1,1272,1753338404775,27.43981628065843,5.698099945484004e-41
0,0,1273,1753737437184,27.446061153846156,0.0
0,1,1273,1754820221836,27.46300677703075,5.836267974066431e-41
0,0,1274,1755219209728,27.46925095352564,0.0
0,1,1274,1755957872940,27.48081106238732,5.691373712855245e-41
0,0,1275,1756695339520,27.492352443910256,0.0
0,1,1275,1757089841818,27.498526420679337,5.621448919485436e-41
0,0,1276,1757830497792,27.510117716346155,0.0
0,1,1276,1758228021296,27.516338975110177,5.693896050091029e-41
0,0,1277,1758624275456,27.522540368589745,0.0
0,1,1277,1759365495737,27.53414049568372,5.713794488284442e-41
0,0,1278,1759764614144,27.54038671474359,0.0
0,1,1278,1760503260518,27.551946560089895,5.527141532836376e-41
0,0,1279,1760899798528,27.558152395833336,0.0
0,1,1279,1761297026723,27.564369032999675,5.556288540894332e-41
0,0,1280,1762034891264,27.575916642628204,0.0
0,1,1280,1762429685785,27.582095192698944,5.696978906712544e-41
0,0,1281,1763170078720,27.593682371794873,0.0
0,1,1281,1763567781303,27.59990643315242,5.690252674083785e-41
0,0,1282,1764651556864,27.616867564102566,0.0
0,1,1282,1765044828022,27.62302227348132,5.530224389457891e-41
0,0,1283,1765786810880,27.6346343349359,0.0
0,1,1283,1766182768931,27.640831094297752,5.791426423208036e-41
0,0,1284,1766922048512,27.652400849358976,0.0
0,1,1284,1767315274901,27.658554858101088,5.6657299509581e-41
0,0,1285,1768056714240,27.67015841346154,0.0
0,1,1285,1768453043756,27.676360986265525,5.833605506984213e-41
0,0,1286,1769191497216,27.6879178125,0.0
0,1,1286,1769585391017,27.69408226626665,5.732992277245692e-41
0,0,1287,1770326654464,27.705683068910258,0.0
0,1,1287,1770723368244,27.71189165546124,5.500516862014204e-41
0,0,1288,1771120704000,27.71810997596154,0.0
0,1,1288,1771861156045,27.729698080131335,5.508924652800153e-41
0,0,1289,1772261407232,27.73596202724359,0.0
0,1,1289,1772654553106,27.742114775922726,5.594403859123967e-41
0,0,1290,1773396156416,27.753720897435898,0.0
0,1,1290,1774136717815,27.765310713000176,5.70804916458071e-41
0,0,1291,1774877963264,27.77691123397436,0.0
0,1,1291,1775274577820,27.783118267665767,5.650595927543392e-41
0,0,1292,1776013164544,27.79467717948718,0.0
0,1,1292,1776751272297,27.806228595393254,5.504720757407179e-41
0,0,1293,1777148012544,27.812437596153845,0.0
0,1,1293,1777889231084,27.824037696001103,5.639245409982361e-41
0,0,1294,1778288604160,27.830287900641025,0.0
0,1,1294,1779027218588,27.84184724603115,5.646952551536148e-41
0,0,1295,1779765170688,27.85339622596154,0.0
0,1,1295,1780159576577,27.859568693925908,5.682965922069296e-41
0,0,1296,1780900724224,27.87116768429487,0.0
0,1,1296,1781297649058,27.87737957384941,5.721081240298931e-41
0,0,1297,1782035722240,27.88893044871795,0.0
0,1,1297,1782430326043,27.895106014044348,5.72836799231342e-41
0,0,1298,1782829225984,27.901348814102565,0.0
0,1,1298,1783568094900,27.912912142240085,5.575626459702015e-41
0,0,1299,1784652010496,27.929875464743592,0.0
0,1,1299,1785044854893,27.936023495295597,5.549001788879843e-41
0,0,1300,1785781095936,27.947545697115384,0.0
0,1,1300,1786866056876,27.964525379294372,5.837809402377188e-41
0,0,1301,1787262611456,27.970731474358974,0.0
0,1,1301,1788003906104,27.98233276529948,5.554186593197845e-41
0,0,1302,1788403563520,27.988587419871795,0.0
0,1,1302,1789141775313,28.000140464008037,5.630837619196412e-41
0,0,1303,1789538839552,28.00635453525641,0.0
0,1,1303,1790279517043,28.01794616766514,5.621448919485436e-41
0,0,1304,1790679899136,28.024212163461538,0.0
0,1,1304,1791417321715,28.035752856367065,5.606314896070728e-41
0,0,1305,1791815531008,28.04198484775641,0.0
0,1,1305,1792210568242,28.048167196295324,5.704405788573465e-41
0,0,1306,1792951369728,28.05976076923077,0.0
0,1,1306,1793348621258,28.065977771590795,5.536530232547352e-41
0,0,1307,1794086963200,28.077532852564104,0.0
0,1,1307,1794825527709,28.089091416719878,5.596926196359752e-41
0,0,1308,1795222643200,28.095306290064105,0.0
0,1,1308,1795963474732,28.106900333220654,5.736635653252936e-41
0,0,1309,1796705700352,28.118516193910256,0.0
0,1,1309,1797101489866,28.124710315661307,5.628735671499925e-41
0,0,1310,1797841556480,28.136292387820514,0.0
0,1,1310,1798239016548,28.142512653808595,5.729909420624177e-41
0,0,1311,1798977025024,28.154062516025643,0.0
0,1,1311,1799371039695,28.160228861412637,5.65269787523988e-41
0,0,1312,1800112363520,28.17183060897436,0.0
0,1,1312,1800508856695,28.17803574304825,5.567779188301796e-41
0,0,1313,1801247836672,28.189600809294873,0.0
0,1,1313,1801641199845,28.195756958712064,5.681985013144268e-41
0,0,1314,1802041987072,28.202029294871796,0.0
0,1,1314,1802778663538,28.213558311078977,5.718418773216714e-41
0,0,1315,1803177375232,28.219798165064102,0.0
0,1,1315,1803916072956,28.231358814039964,5.602251130524186e-41
0,0,1316,1804654208512,28.2429106650641,0.0
0,1,1316,1805048103793,28.249075141992815,5.635041514589387e-41
0,0,1317,1805794780672,28.260760665064105,0.0
0,1,1317,1806535139194,28.272347305595204,5.438018950505318e-41
0,0,1318,1806935522304,28.278613317307695,0.0
0,1,1318,1807672637205,28.29014919504019,5.614162167470947e-41
0,0,1319,1808070640128,28.29637795673077,0.0
0,1,1319,1808810122933,28.307950892255736,5.567218668916066e-41
0,0,1320,1809206222848,28.31414987179487,0.0
0,1,1320,1809603662823,28.320369823326697,5.689692154698055e-41
0,0,1321,1810341995520,28.331924759615386,0.0
0,1,1321,1810735986525,28.33809073462853,5.576607368627042e-41
0,0,1322,1811477505536,28.349695536858974,0.0
0,1,1322,1811873609466,28.355894579233023,5.593282820352507e-41
0,0,1323,1812271438336,28.36212061698718,0.0
0,1,1323,1813011175542,28.37369753389799,5.798713175222526e-41
0,0,1324,1813406664704,28.379886955128207,0.0
0,1,1324,1814143668725,28.39142109758426,5.609958272077973e-41
0,0,1325,1815229043712,28.408407259615384,0.0
0,1,1325,1815969885237,28.420001459162787,5.734113316017151e-41
0,0,1326,1816369182720,28.42625048076923,0.0
0,1,1326,1817107953097,28.437812266767455,5.667271379268858e-41
0,0,1327,1817504490496,28.44401809294872,0.0
0,1,1327,1818245879145,28.45562085500864,5.567218668916066e-41
0,0,1328,1818644992000,28.461866987179487,0.0
0,1,1328,1819383304430,28.473421606288813,5.626213334264141e-41
0,0,1329,1819780043776,28.47963059294872,0.0
0,1,1329,1820176822841,28.485840201212564,5.614722686856677e-41
0,0,1330,1820915082240,28.497393990384616,0.0
0,1,1330,1821308646307,28.503553283800958,5.554186593197845e-41
0,0,1331,1822050011648,28.515155681089745,0.0
0,1,1331,1822445924152,28.521351727639225,5.595384768048995e-41
0,0,1332,1822843366400,28.52757171474359,0.0
0,1,1332,1823588736235,28.539236782523915,5.557829969205089e-41
0,0,1333,1824325257728,28.550763373397437,0.0
0,1,1333,1825064799924,28.56233723839393,5.684507350380053e-41
0,0,1334,1825801335808,28.57386405448718,0.0
0,1,1334,1826541024882,28.58544021813026,5.503739848482152e-41
0,0,1335,1827277844992,28.596971482371796,0.0
0,1,1335,1828022444125,28.60862448863494,5.608416843767215e-41
0,0,1336,1828418845696,28.614828189102564,0.0
0,1,1336,1829160060410,28.62642822907277,5.594403859123967e-41
0,0,1337,1829559322624,28.63267669871795,0.0
0,1,1337,1830298052981,28.644237858401567,5.667271379268858e-41
0,0,1338,1830694618112,28.650444118589743,0.0
0,1,1338,1831091360956,28.65665315999349,5.675679170054807e-41
0,0,1339,1831829763072,28.66820918269231,0.0
0,1,1339,1832223376434,28.674369247577374,5.519854780821887e-41
0,0,1340,1832964668928,28.685970504807692,0.0
0,1,1340,1833361279414,28.692177474803437,5.520835689746914e-41
0,0,1341,1834446797824,28.709165881410257,0.0
0,1,1341,1835187223549,28.720753573671,5.450490506837808e-41
0,0,1342,1835928384512,28.7323527724359,0.0
0,1,1342,1836669134845,28.743945544824847,5.522937637443402e-41
0,0,1343,1837410604032,28.755549567307693,0.0
0,1,1343,1838151150047,28.767139142111755,5.528122441761403e-41
0,0,1344,1838551396864,28.773403020833335,0.0
0,1,1344,1839289124215,28.784948483432867,5.557829969205089e-41
0,0,1345,1839686704128,28.791170625,0.0
0,1,1345,1840427068144,28.802757351512422,5.595945287434724e-41
0,0,1346,1840827917312,28.809030657051284,0.0
0,1,1346,1841220699197,28.815177709287987,5.57198308369477e-41
0,0,1347,1841957845504,28.82671407852564,0.0
0,1,1347,1842352858546,28.832896048458785,5.543256465176111e-41
0,0,1348,1843093185024,28.844482187500002,0.0
0,1,1348,1843490505523,28.85070026922764,5.545918932258329e-41
0,0,1349,1844228703744,28.86225310096154,0.0
0,1,1349,1845316350321,28.879274813467173,5.558951007976549e-41
0,0,1350,1845716749824,28.88554108173077,0.0
0,1,1350,1846453822740,28.897076302396336,5.587537496648776e-41
0,0,1351,1847193245696,28.908648301282053,0.0
0,1,1351,1847930078433,28.920179763136645,5.577167888012772e-41
0,0,1352,1848328175616,28.92641,0.0
0,1,1352,1848723345430,28.932594423421225,5.705386697498493e-41
0,0,1353,1849463376896,28.94417594551282,0.0
0,1,1353,1849860657582,28.950393404165414,5.714214877823739e-41
0,0,1354,1850598966784,28.961947972756413,0.0
0,1,1354,1850992778006,28.968111134158406,5.61318125854592e-41
0,0,1355,1851393101824,28.97437621794872,0.0
0,1,1355,1852130253993,28.98591267892691,5.482299981977982e-41
0,0,1356,1852528017408,28.992137692307693,0.0
0,1,1356,1853267776043,29.00371494458321,5.514669976503885e-41
0,0,1357,1854005024768,29.015252916666668,0.0
0,1,1357,1854744162809,29.02682045662122,5.548441269494113e-41
0,0,1358,1855481573888,29.038360969551285,0.0
0,1,1358,1855876367219,29.044539500998475,5.478096086585007e-41
0,0,1359,1856616801280,29.05612732371795,0.0
0,1,1359,1857019030315,29.062422224230644,5.64653216199685e-41
0,0,1360,1857757558784,29.073980224358976,0.0
0,1,1360,1858150942868,29.080136701034156,5.522517247904104e-41
0,0,1361,1858892784640,29.09174655448718,0.0
0,1,1361,1859288514607,29.097939744325295,5.651156446929122e-41
0,0,1362,1860028062208,29.10951369391026,0.0
0,1,1362,1860420508056,29.11565548715445,5.57086204492331e-41
0,0,1363,1860816466944,29.121852259615384,0.0
0,1,1363,1861558049066,29.13345804953551,5.593282820352507e-41
0,0,1364,1861956913152,29.13970028846154,0.0
0,1,1364,1862695732920,29.15126284743089,5.68716981746227e-41
0,0,1365,1863092033024,29.157464959935897,0.0
0,1,1365,1863833424970,29.169067773594,5.679322546062051e-41
0,0,1366,1864232840704,29.175318645833332,0.0
0,1,1366,1864971142122,29.18687309260442,5.776292399793328e-41
0,0,1367,1865368076288,29.19308512820513,0.0
0,1,1367,1866108889461,29.204678884042593,5.509905561725181e-41
0,0,1368,1866508865536,29.210938525641026,0.0
0,1,1368,1867246748401,29.22248642204089,5.631398138582142e-41
0,0,1369,1867644277760,29.228707772435897,0.0
0,1,1369,1868384663193,29.240294834125226,5.562033864598064e-41
0,0,1370,1868784931840,29.24655905448718,0.0
0,1,1370,1869522657843,29.25810449599046,5.488605825067444e-41
0,0,1371,1869920528896,29.26433119391026,0.0
0,1,1371,1870660724671,29.27591528744429,5.641767747218146e-41
0,0,1372,1871061318656,29.282184599358974,0.0
0,1,1372,1871454701806,29.288341061417018,5.513128548193128e-41
0,0,1373,1872196660736,29.299952748397438,0.0
0,1,1373,1872593324701,29.306160555341673,5.620888400099706e-41
0,0,1374,1873331881472,29.317718998397435,0.0
0,1,1374,1874070538353,29.329279008178712,5.699080854409031e-41
0,0,1375,1874808673792,29.340830857371795,0.0
0,1,1375,1875547251770,29.35238963231796,5.576607368627042e-41
0,0,1376,1875944126464,29.358600737179486,0.0
0,1,1376,1876685375939,29.37020132116073,5.516211404814642e-41
0,0,1377,1877084962304,29.37645486378205,0.0
0,1,1377,1877823425372,29.388011840382113,5.505841796178639e-41
0,0,1378,1878220300288,29.39422294871795,0.0
0,1,1378,1878617065113,29.400432334125227,5.506822705103666e-41
0,0,1379,1879355670528,29.41199153846154,0.0
0,1,1379,1879749741580,29.41815876621344,5.495892577081933e-41
0,0,1380,1880491293184,29.429764078525643,0.0
0,1,1380,1880887753646,29.435968700639773,5.594403859123967e-41
0,0,1381,1881627019776,29.44753824519231,0.0
0,1,1381,1882020047626,29.453689146791117,5.733552796631422e-41
0,0,1382,1882416076288,29.45988701121795,0.0
0,1,1382,1883157669035,29.47149296741975,5.588658535420235e-41
0,0,1383,1883898496512,29.483086947115385,0.0
0,1,1383,1884295623221,29.489301996021762,5.5725436030805e-41
0,0,1384,1885033620992,29.50085169070513,0.0
0,1,1384,1885772404724,29.512413685709635,5.615703595781704e-41
0,0,1385,1886168803840,29.51861734775641,0.0
0,1,1385,1886910550423,29.53022571149777,5.650175538004095e-41
0,0,1386,1887309679616,29.536472099358974,0.0
0,1,1386,1888048709426,29.54803794549404,5.466185049638246e-41
0,0,1387,1888444637184,29.554234230769232,0.0
0,1,1387,1888842276461,29.56045730138534,5.560492436287307e-41
0,0,1388,1889580172800,29.572005408653848,0.0
0,1,1388,1889974489568,29.578176481870994,5.506822705103666e-41
0,0,1389,1890715260416,29.589769575320513,0.0
0,1,1389,1891112451449,29.595985630900067,5.610518791463703e-41
0,0,1390,1891509066752,29.60219267628205,0.0
0,1,1390,1892250676474,29.61379889814328,5.689271765158757e-41
0,0,1391,1892649816064,29.62004544871795,0.0
0,1,1391,1893388799143,29.631610563510993,5.493230109999715e-41
0,0,1392,1894126163968,29.643150352564103,0.0
0,1,1392,1894865414252,29.654719649126104,5.613601648085217e-41
0,0,1393,1895602092544,29.66624869391026,0.0
0,1,1393,1895997994973,29.672444582785584,5.692354621780272e-41
0,0,1394,1896737091584,29.684011474358975,0.0
0,1,1394,1897130524496,29.69016871519431,5.542836075636814e-41
0,0,1395,1897872132096,29.701774903846154,0.0
0,1,1395,1898268094185,29.70797172640287,5.664188522647343e-41
0,0,1396,1899007365120,29.719541346153846,0.0
0,1,1396,1899400450648,29.725693150415665,5.555307631969305e-41
0,0,1397,1900137359872,29.737225809294873,0.0
0,1,1397,1900532854212,29.743415311560998,5.541715036865354e-41
0,0,1398,1900931356672,29.749651891025643,0.0
0,1,1398,1901670675814,29.761222265218098,5.540734127940327e-41
0,0,1399,1902066717184,29.767420328525642,0.0
0,1,1399,1902808619766,29.779031133657604,5.716316825520226e-41
0,0,1400,1903207724032,29.785277131410258,0.0
0,1,1400,1904290726630,29.802226165458485,5.585575678798721e-41
0,0,1401,1904689804288,29.808471746794872,0.0
0,1,1401,1905773463764,29.825431061010118,5.718979292602443e-41
0,0,1402,1906171679232,29.831663149038462,0.0
0,1,1402,1906911497841,29.843241339909483,5.68604877869081e-41
0,0,1403,1907306963968,29.849430400641026,0.0
0,1,1403,1908044184547,29.860967932238456,5.724724616306175e-41
0,0,1404,1908442354688,29.867199310897437,0.0
0,1,1404,1909182039405,29.87877540635329,5.771107595475327e-41
0,0,1405,1909577631744,29.884966442307693,0.0
0,1,1405,1909975563445,29.89119408937112,5.580250744634287e-41
0,0,1406,1910712440320,29.90272624198718,0.0
0,1,1406,1911107970600,29.908916306715746,5.545358412872599e-41
0,0,1407,1911847318016,29.920487123397436,0.0
0,1,1407,1912240476059,29.926640062521912,5.573524512005527e-41
0,0,1408,1912982129152,29.938246963141026,0.0
0,1,1408,1913722404225,29.949832297691934,5.567218668916066e-41
0,0,1409,1914463439872,29.96142953525641,0.0
0,1,1409,1915204497778,29.973027121175132,5.543816984561841e-41
0,0,1410,1915945006592,29.984616113782053,0.0
0,1,1410,1916686419296,29.996219252303685,5.566798279376768e-41
0,0,1411,1917085295104,30.002461674679488,0.0
0,1,1411,1917824370929,30.01402824095115,5.640226318907389e-41
0,0,1412,1918219766272,30.020216193910258,0.0
0,1,1412,1918956616298,30.031747926338394,5.685067869765783e-41
0,0,1413,1919354545664,30.037975536858976,0.0
0,1,1413,1919750223273,30.044167907292294,5.590760483116723e-41
0,0,1414,1920489455616,30.055736923076925,0.0
0,1,1414,1920883068705,30.06189698368953,5.639665799521659e-41
0,0,1415,1921624036864,30.073493165064104,0.0
0,1,1415,1922021022904,30.07970601249499,5.540734127940327e-41
0,0,1416,1922758908416,30.091253950320514,0.0
0,1,1416,1923497549426,30.102813711720003,5.725145005845473e-41
0,0,1417,1923893806080,30.10901514423077,0.0
0,1,1417,1924635360275,30.120620497092222,5.61206021977446e-41
0,0,1418,1925375620608,30.13220560096154,0.0
0,1,1418,1926117747191,30.143819911718126,5.659003718329341e-41
0,0,1419,1926515815936,30.150049703525642,0.0
0,1,1419,1927255771548,30.161630038499098,5.579269835709259e-41
0,0,1420,1927651137536,30.167817532051284,0.0
0,1,1420,1928388187910,30.179352399933645,5.693896050091029e-41
0,0,1421,1928786109952,30.185579895833335,0.0
0,1,1421,1929526294702,30.19716381682567,5.580250744634287e-41
0,0,1422,1929926590976,30.203428469551284,0.0
0,1,1422,1930320218602,30.20958875766852,5.49687348600696e-41
0,0,1423,1931061731328,30.221193461538462,0.0
0,1,1423,1931458348926,30.22740054283729,5.687730336848e-41
0,0,1424,1932196835840,30.238957892628207,0.0
0,1,1424,1932590736116,30.245122447728868,5.639665799521659e-41
0,0,1425,1933331750400,30.25671935096154,0.0
0,1,1425,1934072856804,30.2683176958759,5.498975433703447e-41
0,0,1426,1934813010944,30.279901137820513,0.0
0,1,1426,1935210590319,30.286123270967924,5.689271765158757e-41
0,0,1427,1936294393344,30.30308483173077,0.0
0,1,1427,1936687286326,30.309233622639976,5.714214877823739e-41
0,0,1428,1937423884288,30.32076141025641,0.0
0,1,1428,1937819789739,30.32695734642616,5.577728407398502e-41
0,0,1429,1938558877184,30.338524094551282,0.0
0,1,1429,1938951939896,30.344675541741786,5.559511527362279e-41
0,0,1430,1939352333824,30.35094172275641,0.0
0,1,1430,1940089905843,30.362484754403923,5.549001788879843e-41
0,0,1431,1940487531008,30.36870760416667,0.0
0,1,1431,1941227926104,30.380294817082333,5.531765817768648e-41
0,0,1432,1941628009984,30.386556145833335,0.0
0,1,1432,1942021722009,30.3927177547983,5.692915141166002e-41
0,0,1433,1942762796544,30.40431560096154,0.0
0,1,1433,1943504252803,30.41591942112067,5.70692812580925e-41
0,0,1434,1943903214592,30.422163189102566,0.0
0,1,1434,1944642255654,30.433729211331883,5.506822705103666e-41
0,0,1435,1945038173184,30.43992533653846,0.0
0,1,1435,1945780001971,30.451534986775716,5.59174139204175e-41
0,0,1436,1946519459840,30.463107532051282,0.0
0,1,1436,1946912722993,30.46926211615147,5.831503559287726e-41
0,0,1437,1947654299136,30.4808678125,0.0
0,1,1437,1948050837432,30.487073652719353,5.735094224942179e-41
0,0,1438,1948788858880,30.498623717948718,0.0
0,1,1438,1949183249196,30.504795942195013,5.601130091752726e-41
0,0,1439,1949923572224,30.51638202724359,0.0
0,1,1439,1950321105093,30.52260343257024,5.537090751933082e-41
0,0,1440,1950717018112,30.528799487179487,0.0
0,1,1440,1951458680931,30.540406540010892,5.49687348600696e-41
0,0,1441,1951857179136,30.546643052884615,0.0
0,1,1441,1952596565499,30.558214479088416,5.703845269187735e-41
0,0,1442,1953333331968,30.569744903846154,0.0
0,1,1442,1953728889705,30.57593539827787,5.560492436287307e-41
0,0,1443,1954468161536,30.587505032051283,0.0
0,1,1443,1955205481775,30.599044123331705,5.559511527362279e-41
0,0,1444,1955944495616,30.610609719551285,0.0
0,1,1444,1956337793713,30.61676485052647,5.680303454987078e-41
0,0,1445,1957079492096,30.6283724599359,0.0
0,1,1445,1957475546674,30.634570729949168,5.563575292908821e-41
0,0,1446,1958214386688,30.646133605769233,0.0
0,1,1446,1958607506358,30.65228594435472,5.526581013450646e-41
0,0,1447,1959002888704,30.658473693910256,0.0
0,1,1447,1959739733794,30.670005349089795,5.590199963730993e-41
0,0,1448,1960138144768,30.676240496794872,0.0
0,1,1448,1960877629111,30.6878134563896,5.648634109693338e-41
0,0,1449,1961273632256,30.69401092147436,0.0
0,1,1449,1961671302641,30.700234478931918,5.445866221905537e-41
0,0,1450,1962408781312,30.71177604967949,0.0
0,1,1450,1962803797871,30.717958074653822,5.646952551536148e-41
0,0,1451,1963544589312,30.729551490384615,0.0
0,1,1451,1963941466869,30.735762640052208,5.608416843767215e-41
0,0,1452,1965026871296,30.752749262820515,0.0
0,1,1452,1965423775993,30.758960837230195,5.660545146640099e-41
0,0,1453,1966162220544,30.770517524038464,0.0
0,1,1453,1966900129974,30.78206583618164,5.806560446622744e-41
0,0,1454,1967297335808,30.788282123397437,0.0
0,1,1454,1968037964366,30.799872990002754,5.568339707687526e-41
0,0,1455,1968438082560,30.806134855769233,0.0
0,1,1455,1969175706603,30.817678701594428,5.642888785989606e-41
0,0,1456,1969573502464,30.82390422275641,0.0
0,1,1456,1969969085224,30.830095108799078,5.543256465176111e-41
0,0,1457,1970708756992,30.841671001602563,0.0
0,1,1457,1971106660529,30.847898207898265,5.597486715745482e-41
0,0,1458,1971843823104,30.85943483173077,0.0
0,1,1458,1972238773806,30.865615826040415,5.472911282267006e-41
0,0,1459,1972637499392,30.8718558974359,0.0
0,1,1459,1973381546990,30.883500272154198,5.512007509421668e-41
0,0,1460,1974466316800,30.900476963141028,0.0
0,1,1460,1975207276584,30.912073013446516,5.496453096467662e-41
0,0,1461,1975948651008,30.923675552884617,0.0
0,1,1461,1976344683957,30.92987348440317,5.57086204492331e-41
0,0,1462,1977083777536,30.94144032852564,0.0
0,1,1462,1977476685608,30.94758935559395,5.543816984561841e-41
0,0,1463,1978213339136,30.959118012820515,0.0
0,1,1463,1978608648854,30.965304625744942,5.580250744634287e-41
0,0,1464,1979007315968,30.971543782051285,0.0
0,1,1464,1979751319100,30.983187460874902,5.730890329549204e-41
0,0,1465,1980147745280,30.98939154647436,0.0
0,1,1465,1980888890852,31.000990504369494,5.582352692330774e-41
0,0,1466,1981288748032,31.007248285256413,0.0
0,1,1466,1982026655598,31.018796568227916,5.582352692330774e-41
0,0,1467,1982424482816,31.025022580128205,0.0
0,1,1467,1982820173497,31.03121515513885,5.715756306134496e-41
0,0,1468,1983907749376,31.04823576121795,0.0
0,1,1468,1984646250223,31.059793329060874,5.528682961147133e-41
0,0,1469,1985384984064,31.07135454326923,0.0
0,1,1469,1986127431396,31.08297387376052,5.505841796178639e-41
0,0,1470,1986867062272,31.094549126602566,0.0
0,1,1470,1987259541081,31.100691435687725,5.606875415456458e-41
0,0,1471,1987996945920,31.11223185096154,0.0
0,1,1471,1988391679926,31.118409453970102,5.577728407398502e-41
0,0,1472,1989132041216,31.129996137820513,0.0
0,1,1472,1989529240927,31.136212329211112,5.655360342322097e-41
0,0,1473,1989926157824,31.142424094551284,0.0
0,1,1473,1990666997494,31.154018265067858,5.595384768048995e-41
0,0,1474,1991067088384,31.160279703525642,0.0
0,1,1474,1991805020296,31.171828367513022,5.59118087265602e-41
0,0,1475,1992202214400,31.178044471153846,0.0
0,1,1475,1992598658497,31.184248837155074,5.593843339738237e-41
0,0,1476,1993337378816,31.19580983974359,0.0
0,1,1476,1994075133846,31.207355735520583,5.529243480532863e-41
0,0,1477,1994472757248,31.21357855769231,0.0
0,1,1477,1995213040946,31.22516402722481,5.628735671499925e-41
0,0,1478,1995955174912,31.23677845352564,0.0
0,1,1478,1996350713014,31.24296864066882,5.630837619196412e-41
0,0,1479,1997090726400,31.254549879807694,0.0
0,1,1479,1997832531636,31.266159161470853,5.492249201074688e-41
0,0,1480,1998231825408,31.272408125000002,0.0
0,1,1480,1998625978871,31.278576642487355,5.596505806820454e-41
0,0,1481,1999367580160,31.290182732371797,0.0
0,1,1481,1999763899267,31.296385142274517,5.594403859123967e-41
0,0,1482,2000502906368,31.307950633012823,0.0
0,1,1482,2000896287486,31.314107063269983,5.670494365736805e-41
0,0,1483,2001291987968,31.320299791666667,0.0
0,1,1483,2002034262684,31.331916420710638,5.520835689746914e-41
0,0,1484,2002433178624,31.338159471153848,0.0
0,1,1484,2003515831424,31.35510303084936,5.507803614028693e-41
0,0,1485,2003915992064,31.361365560897436,0.0
0,1,1485,2004997421177,31.378289969842374,5.493230109999715e-41
0,0,1486,2005734936064,31.389832107371795,0.0
0,1,1486,2006473732142,31.401394295591697,5.489586733992471e-41
0,0,1487,2006870940160,31.40761061698718,0.0
0,1,1487,2007611129817,31.419194614774266,5.614722686856677e-41
0,0,1488,2008006351872,31.425379855769233,0.0
0,1,1488,2008743115581,31.43691023733286,5.596505806820454e-41
0,0,1489,2009141468160,31.443144471153847,0.0
0,1,1489,2009885820656,31.454793617538062,5.543816984561841e-41
0,0,1490,2010282334720,31.460999078525642,0.0
0,1,1490,2010678918189,31.467205625704253,5.567779188301796e-41
0,0,1491,2011417748480,31.478768349358976,0.0
0,1,1491,2011810840501,31.484920255236503,5.532326337154378e-41
0,0,1492,2012206377472,31.491110424679487,0.0
0,1,1492,2012948413762,31.502723322347006,5.408311423061631e-41
0,0,1493,2013689139712,31.514315713141027,0.0
0,1,1493,2014430597937,31.525919564068136,5.545358412872599e-41
0,0,1494,2015171668480,31.53751734775641,0.0
0,1,1494,2015912011558,31.54910374658829,5.522937637443402e-41
0,0,1495,2016307472384,31.555292724358974,0.0
0,1,1495,2016700052029,31.561436611531576,5.643309175528903e-41
0,0,1496,2017437085184,31.572971209935897,0.0
0,1,1496,2017832105400,31.57915329214243,5.616264115167434e-41
0,0,1497,2018572371456,31.590738485576924,0.0
0,1,1497,2018969415498,31.596952240741437,5.636582942900144e-41
0,0,1498,2019366989312,31.603174286858977,0.0
0,1,1498,2020106964212,31.614754923690406,5.582913211716504e-41
0,0,1499,2020502742016,31.62094886217949,0.0
0,1,1499,2021244500082,31.63255740563026,5.622990347796193e-41
0,0,1500,2021644279808,31.638813974358975,0.0
0,1,1500,2022037972917,31.644975287287785,5.701182802105518e-41
0,0,1501,2022779966976,31.656587524038464,0.0
0,1,1501,2023175846232,31.66278305025541,5.565256851066011e-41
0,0,1502,2023916002304,31.6743665224359,0.0
0,1,1502,2024658189136,31.685981776091747,5.662086574950856e-41
0,0,1503,2025398546432,31.697568397435898,0.0
0,1,1503,2026140566832,31.70918104642428,5.488605825067444e-41
0,0,1504,2026539766784,31.715428541666668,0.0
0,1,1504,2027278177497,31.72698469890888,5.586556587723748e-41
0,0,1505,2027675215872,31.733198365384617,0.0
0,1,1505,2028071696923,31.739403309717424,5.618366062863922e-41
0,0,1506,2028810805248,31.750970384615385,0.0
0,1,1506,2029204026252,31.757124309082034,5.649615018618365e-41
0,0,1507,2029946062336,31.768737203525642,0.0
0,1,1507,2030341648168,31.774928137645233,5.701182802105518e-41
0,0,1508,2030740442112,31.781169278846154,0.0
0,1,1508,2031479048878,31.792728504325673,5.454133882845053e-41
0,0,1509,2031876368896,31.79894657852564,0.0
0,1,1509,2032616854618,31.810535209741836,5.679322546062051e-41
0,0,1510,2033017498624,31.81680530448718,0.0
0,1,1510,2033754345969,31.828336994957557,5.805439407851285e-41
0,0,1511,2034840873984,31.845341201923077,0.0
0,1,1511,2035236052963,31.85152576877692,5.605894506531431e-41
0,0,1512,2036323560448,31.86854530448718,0.0
0,1,1512,2036717435852,31.874709470340044,5.556288540894332e-41
0,0,1513,2037117739520,31.880974238782052,0.0
0,1,1513,2037855010154,31.89251255374224,5.740279029260181e-41
0,0,1514,2038253245440,31.898744951923078,0.0
0,1,1514,2038992836334,31.910319579045222,5.566798279376768e-41
0,0,1515,2039388365824,31.916509631410257,0.0
0,1,1515,2040125577838,31.928047028965096,5.654379433397069e-41
0,0,1516,2040523447296,31.93427370192308,0.0
0,1,1516,2040919334319,31.940469349693885,5.775171361021869e-41
0,0,1517,2041658973696,31.952044735576923,0.0
0,1,1517,2042051835186,31.958193033635066,5.684086960840755e-41
0,0,1518,2042788840960,31.969727203525643,0.0
0,1,1518,2043528443632,31.98130201497396,5.559511527362279e-41
0,0,1519,2044265968640,31.992844310897436,0.0
0,1,1519,2045004798679,32.00440703060835,5.484962449060199e-41
0,0,1520,2045742707200,32.01595532852564,0.0
0,1,1520,2046136850498,32.02212368693034,5.729909420624177e-41
0,0,1521,2046878513152,32.03373073717949,0.0
0,1,1521,2047618170941,32.045306411211065,5.532886856540108e-41
0,0,1522,2048014337024,32.05150642628205,0.0
0,1,1522,2049104793139,32.068572108169946,5.496453096467662e-41
0,0,1523,2049843890688,32.080139014423075,0.0
0,1,1523,2050236612017,32.086285118955956,5.550122827651303e-41
0,0,1524,2050974067200,32.09782632211539,0.0
0,1,1524,2051368358697,32.10399699984037,5.59230191142748e-41
0,0,1525,2052109721088,32.11559935096154,0.0
0,1,1525,2052505967792,32.12180062775441,5.676239689440537e-41
0,0,1526,2053245742080,32.133378125,0.0
0,1,1526,2053643677781,32.13960583466359,5.527141532836376e-41
0,0,1527,2054728789504,32.156587876602565,0.0
0,1,1527,2055470226602,32.168191396891274,5.57142256430904e-41
0,0,1528,2055870648832,32.174458020833335,0.0
0,1,1528,2056608389168,32.18600368664864,5.6657299509581e-41
0,0,1529,2057348800512,32.197591153846155,0.0
0,1,1529,2058090430518,32.209197693152795,5.655920861707827e-41
0,0,1530,2058832563712,32.2208121073718,0.0
0,1,1530,2059228436422,32.22700753114358,5.646952551536148e-41
0,0,1531,2059968194048,32.238584767628204,0.0
0,1,1531,2060360753459,32.2447283381379,5.630277099810683e-41
0,0,1532,2061098645504,32.25627637820513,0.0
0,1,1532,2061493214906,32.2624514051545,5.567779188301796e-41
0,0,1533,2061893121024,32.26870995192308,0.0
0,1,1533,2062631036494,32.2802583585925,5.691794102394542e-41
0,0,1534,2063029389312,32.28649259615385,0.0
0,1,1534,2063768769020,32.29806391820663,5.604212948374241e-41
0,0,1535,2064506671616,32.309612123397436,0.0
0,1,1535,2064900824938,32.315780638678135,5.575626459702015e-41
0,0,1536,2065642676736,32.32739064903846,0.0
0,1,1536,2066038495983,32.33358523611216,5.603792558834943e-41
0,0,1537,2066778375168,32.345164375,0.0
0,1,1537,2067176287888,32.35139172501002,5.659564237715071e-41
0,0,1538,2067914202624,32.362940120192306,0.0
0,1,1538,2068308536842,32.36911146650265,5.625652814878411e-41
0,0,1539,2068708880896,32.37537686698718,0.0
0,1,1539,2069446115237,32.386914613960464,5.600569572366996e-41
0,0,1540,2069844731904,32.39315298076923,0.0
0,1,1540,2070588864351,32.40479868337778,5.550122827651303e-41
0,0,1541,2070985952256,32.411013125000004,0.0
0,1,1541,2071382240410,32.41721505048703,5.662647094336586e-41
0,0,1542,2072121885184,32.42879052083333,0.0
0,1,1542,2072519676984,32.435015978440504,5.659003718329341e-41
0,0,1543,2073257841664,32.44656828525641,0.0
0,1,1543,2073651715498,32.45273242653871,5.59286243081321e-41
0,0,1544,2074394234880,32.46435288461539,0.0
0,1,1544,2075138874285,32.476006521136945,5.580250744634287e-41
0,0,1545,2075877675008,32.487568782051284,0.0
0,1,1545,2076271378744,32.49373026129307,5.66629047034383e-41
0,0,1546,2077013831680,32.50534967948718,0.0
0,1,1546,2077409018052,32.511534362041765,5.548441269494113e-41
0,0,1547,2078150171136,32.5231334375,0.0
0,1,1547,2078546515042,32.52933623550806,5.663207613722316e-41
0,0,1548,2079286125056,32.54091116185897,0.0
0,1,1548,2079684038639,32.547138525374976,5.598607754516942e-41
0,0,1549,2080422089216,32.55868904647436,0.0
0,1,1549,2080816378234,32.564859685402894,5.55222477534779e-41
0,0,1550,2081216578048,32.571122828525645,0.0
0,1,1550,2081954219772,32.582666951059196,5.489026214606741e-41
0,0,1551,2082352595968,32.58890155448718,0.0
0,1,1551,2083091853989,32.60047097213354,5.683526441455026e-41
0,0,1552,2083830073344,32.61202413461539,0.0
0,1,1552,2084207913391,32.61793734648876,5.703284749802005e-41
0,0,1553,2084949379584,32.62954132211539,0.0
0,1,1553,2085689760181,32.64112830812112,5.576607368627042e-41
0,0,1554,2086085275648,32.64731814102564,0.0
0,1,1554,2086827420975,32.65893274512658,5.550122827651303e-41
0,0,1555,2087226222080,32.665173998397435,0.0
0,1,1555,2087965140699,32.676738104388896,5.562033864598064e-41
0,0,1556,2088361689600,32.682944110576926,0.0
0,1,1556,2088758499352,32.68915419909355,5.693335530705299e-41
0,0,1557,2089497067008,32.7007128125,0.0
0,1,1557,2089890631563,32.70687211355356,5.646952551536148e-41
0,0,1558,2090632282624,32.7184789823718,0.0
0,1,1558,2091028123431,32.72467390686035,5.693896050091029e-41
0,0,1559,2091767924736,32.73625182692308,0.0
0,1,1559,2092165362868,32.74247174961188,5.528682961147133e-41
0,0,1560,2092562254336,32.74868311698718,0.0
0,1,1560,2093652121800,32.76573958646334,5.624111386567653e-41
0,0,1561,2094050368512,32.77197216346154,0.0
0,1,1561,2094789561958,32.78354057050656,5.703284749802005e-41
0,0,1562,2095527359488,32.795087131410256,0.0
0,1,1562,2096265610295,32.806640786117164,5.654799822936367e-41
0,0,1563,2097004506112,32.81820453525641,0.0
0,1,1563,2097397463986,32.82435434172802,5.542275556251084e-41
0,0,1564,2098134518272,32.835889270833334,0.0
0,1,1564,2098529514272,32.842070974058494,5.66685098972956e-41
0,0,1565,2099270114816,32.85366140224359,0.0
0,1,1565,2099667152558,32.859875058812854,5.660545146640099e-41
0,0,1566,2100064537088,32.86609414262821,0.0
0,1,1566,2100804760149,32.87767866318923,5.722062149223958e-41
0,0,1567,2101205362688,32.88394810897436,0.0
0,1,1567,2101942283251,32.89548094530937,5.602251130524186e-41
0,0,1568,2102340889088,32.90171914262821,0.0
0,1,1568,2103080124790,32.91328821098132,5.589219054805965e-41
0,0,1569,2103818130432,32.92483802884615,0.0
0,1,1569,2104556505434,32.93639362720979,5.619907491174679e-41
0,0,1570,2105294883840,32.94794927884615,0.0
0,1,1570,2105688871126,32.954115195656804,5.514109457118155e-41
0,0,1571,2106430610944,32.96572345352564,0.0
0,1,1571,2106826201716,32.971914464956434,5.526581013450646e-41
0,0,1572,2107566356480,32.983497916666664,0.0
0,1,1572,2107963432443,32.98971217139611,5.656341251247124e-41
0,0,1573,2108701970432,33.00127032051282,0.0
0,1,1573,2109095111026,33.007422986559746,5.651156446929122e-41
0,0,1574,2109490751488,33.013614775641024,0.0
0,1,1574,2110232447229,33.02522234370305,5.6657299509581e-41
0,0,1575,2110632106496,33.03147702724359,0.0
0,1,1575,2111369705638,33.04302048336714,5.564696331680281e-41
0,0,1576,2111767241728,33.049241939102565,0.0
0,1,1576,2112506905651,33.060817709131484,5.546899841183356e-41
0,0,1577,2112902967296,33.06701608974359,0.0
0,1,1577,2113993630777,33.0840850169177,5.644430214300363e-41
0,0,1578,2114732579840,33.09564959935898,0.0
0,1,1578,2115469786140,33.107186907489485,5.569881135998283e-41
0,0,1579,2115867700224,33.11341427884616,0.0
0,1,1579,2116268444019,33.11968593529335,5.51831335251113e-41
0,0,1580,2117008622080,33.13126975160257,0.0
0,1,1580,2117749894001,33.14287068686461,5.609958272077973e-41
0,0,1581,2118149758464,33.14912858173077,0.0
0,1,1581,2118543087267,33.15528419325609,5.566798279376768e-41
0,0,1582,2119285029376,33.16689561698718,0.0
0,1,1582,2119680457771,33.173084087211414,5.677220598365564e-41
0,0,1583,2120420344832,33.18466334935898,0.0
0,1,1583,2120817887177,33.1908849029854,5.552645164887088e-41
0,0,1584,2121561053184,33.20251548076923,0.0
0,1,1584,2121955367276,33.20868651210687,5.634480995203657e-41
0,0,1585,2122355356672,33.21494636217949,0.0
0,1,1585,2123093009648,33.22649066080729,5.619907491174679e-41
0,0,1586,2123833243648,33.2380753525641,0.0
0,1,1586,2124574731510,33.24967966731145,5.601690611138456e-41
0,0,1587,2124974029824,33.255928701923075,0.0
0,1,1587,2125712459909,33.26748516233787,5.725145005845473e-41
0,0,1588,2126450277888,33.27903204326923,0.0
0,1,1588,2126844595187,33.28520312479655,5.784560060732845e-41
0,0,1589,2127244476416,33.29146128205128,0.0
0,1,1589,2127982374295,33.30300941342085,5.588658535420235e-41
0,0,1590,2128379904000,33.30923076923077,0.0
0,1,1590,2129119999290,33.32081329017053,5.590760483116723e-41
0,0,1591,2129520717312,33.32708454326923,0.0
0,1,1591,2129913647217,33.333233912024866,5.702303840876978e-41
0,0,1592,2130650926592,33.34477236378205,0.0
0,1,1592,2131045823464,33.35095251565004,5.608416843767215e-41
0,0,1593,2131786674688,33.36254686698718,0.0
0,1,1593,2132183285093,33.36875383571527,5.581371783405746e-41
0,0,1594,2132922306560,33.38031955128205,0.0
0,1,1594,2133659811656,33.39186153558193,5.613601648085217e-41
0,0,1595,2134399019520,33.40343016826923,0.0
0,1,1595,2135136184093,33.41496682337052,5.583473731102234e-41
0,0,1596,2135876158464,33.42654745192308,0.0
0,1,1596,2136273513140,33.432766068522135,5.532886856540108e-41
0,0,1597,2137011703296,33.444318774038464,0.0
0,1,1597,2137405559852,33.45048264491937,5.618366062863922e-41
0,0,1598,2138146985472,33.46208598557693,0.0
0,1,1598,2138542910897,33.46828223434057,5.535549323622325e-41
0,0,1599,2139282022400,33.47984935897436,0.0
0,1,1599,2139674570546,33.48599275318635,5.514109457118155e-41
0,0,1600,2140412556288,33.497542259615386,0.0
0,1,1600,2140806473384,33.50370707794972,5.607856324381485e-41
0,0,1601,2141206753792,33.509971482371796,0.0
0,1,1601,2141949361243,33.521593318731846,5.600149182827699e-41
0,0,1602,2142348272640,33.52783629807693,0.0
0,1,1602,2143086752249,33.5393935335443,5.553766203658547e-41
0,0,1603,2143825477632,33.55095461538462,0.0
0,1,1603,2144562507182,33.56248915737054,5.693335530705299e-41
0,0,1604,2144960925184,33.5687244150641,0.0
0,1,1604,2145704985459,33.58036898817796,5.615283206242407e-41
0,0,1605,2146102057984,33.58658318910256,0.0
0,1,1605,2146503236294,33.59286164572691,5.638684890596631e-41
0,0,1606,2147243570688,33.604447908653846,0.0
0,1,1606,2147640106586,33.610653711344405,5.587537496648776e-41
0,0,1607,2148379560960,33.62222620192308,0.0
0,1,1607,2148776999922,33.628446137601415,5.511026600496641e-41
0,0,1608,2149515224064,33.639999375,0.0
0,1,1608,2149908560744,33.64615510980068,5.522937637443402e-41
0,0,1609,2150650572800,33.65776762820513,0.0
0,1,1609,2151045924591,33.663954899573696,5.631958657967872e-41
0,0,1610,2151444355584,33.670190360576925,0.0
0,1,1610,2152183382664,33.68175616398738,5.673016702972589e-41
0,0,1611,2152921030656,33.693300384615384,0.0
0,1,1611,2153659259491,33.70485369545961,5.496453096467662e-41
0,0,1612,2154397716992,33.7164105849359,0.0
0,1,1612,2154791210449,33.72256877330291,5.641347357678849e-41
0,0,1613,2155533639680,33.73418782051282,0.0
0,1,1613,2156278027235,33.74583751557179,5.580250744634287e-41
0,0,1614,2156674819072,33.75204732371795,0.0
0,1,1614,2157420777881,33.76372160896497,5.636022423514414e-41
0,0,1615,2157821538816,33.769993533653846,0.0
0,1,1615,2158563471186,33.7816048049692,5.703845269187735e-41
0,0,1616,2158962237952,33.787845520833336,0.0
0,1,1616,2159706228984,33.79948901029147,5.729348901238447e-41
0,0,1617,2160102806528,33.80569546474359,0.0
0,1,1617,2160499426357,33.81190258095766,5.575065940316285e-41
0,0,1618,2161237663232,33.8234560176282,0.0
0,1,1618,2161631210415,33.82961504680927,5.733552796631422e-41
0,0,1619,2162372728832,33.84121983974359,0.0
0,1,1619,2162768706381,33.847416904249926,5.659003718329341e-41
0,0,1620,2163507917312,33.8589855849359,0.0
0,1,1620,2164589319538,33.875909573098205,5.750788767742617e-41
0,0,1621,2165330777600,33.88751342147436,0.0
0,1,1621,2165726999309,33.89371430709448,5.681424493758538e-41
0,0,1622,2166465472000,33.905271434294875,0.0
0,1,1622,2166859095163,33.91143165256598,5.68604877869081e-41
0,0,1623,2167259193344,33.91769320512821,0.0
0,1,1623,2167996670514,33.929234752385064,5.519854780821887e-41
0,0,1624,2168394477056,33.93546044070513,0.0
0,1,1624,2169134356906,33.94703959000025,5.749107209585427e-41
0,0,1625,2169530187264,33.95323435096154,0.0
0,1,1625,2169927604475,33.959453946235854,5.671475274661832e-41
0,0,1626,2170665511424,33.97100221955128,0.0
0,1,1626,2171059481719,33.9771678704521,5.731450848934934e-41
0,0,1627,2171800238080,33.98876073717949,0.0
0,1,1627,2172196515308,33.99496249167418,5.780496295186303e-41
0,0,1628,2172935208960,34.00652307692308,0.0
0,1,1628,2173677609978,34.01814168259841,5.74868682004613e-41
0,0,1629,2174764052480,34.03514455128205,0.0
0,1,1629,2175158352860,34.041315368026346,5.644430214300363e-41
0,0,1630,2175899415040,34.05291302083334,0.0
0,1,1630,2176645140461,34.0645836535488,5.539613089168867e-41
0,0,1631,2177045814784,34.07085422275641,0.0
0,1,1631,2177438492462,34.07699964414939,5.498975433703447e-41
0,0,1632,2178175797248,34.088538493589745,0.0
0,1,1632,2178576109753,34.09480340033116,5.501637900785664e-41
0,0,1633,2179316293120,34.10638729967949,0.0
0,1,1633,2179713336412,34.11260104310647,5.606314896070728e-41
0,0,1634,2180451452928,34.12415259615385,0.0
0,1,1634,2180845187522,34.13031455832457,5.613601648085217e-41
0,0,1635,2181245095424,34.136573133012824,0.0
0,1,1635,2181988056953,34.14820051070776,5.595945287434724e-41
0,0,1636,2182385762816,34.15442462339744,0.0
0,1,1636,2183130883373,34.16608578996707,5.511026600496641e-41
0,0,1637,2183868343296,34.1776270673077,0.0
0,1,1637,2184612137268,34.18926747276893,5.538632180243839e-41
0,0,1638,2185009496576,34.19548616185897,0.0
0,1,1638,2185754855664,34.20715106144832,5.555307631969305e-41
0,0,1639,2186149863424,34.21333294871795,0.0
0,1,1639,2186887259750,34.224873230762974,5.703284749802005e-41
0,0,1640,2187284828672,34.23109520032052,0.0
0,1,1640,2188024928751,34.24267779620831,5.673577222358319e-41
0,0,1641,2188425103872,34.24894055288462,0.0
0,1,1641,2188818007857,34.25508951599121,5.738737600949423e-41
0,0,1642,2189554420224,34.26661439903846,0.0
0,1,1642,2189949734073,34.272801076613206,5.649615018618365e-41
0,0,1643,2190688894464,34.28436896634616,0.0
0,1,1643,2191081302566,34.29051016886393,5.611079310849433e-41
0,0,1644,2191817902080,34.302037980769235,0.0
0,1,1644,2192212872588,34.30821928504357,5.620468010560409e-41
0,0,1645,2192611757056,34.31446184294872,0.0
0,1,1645,2193355520827,34.3261017757631,5.790305384436577e-41
0,0,1646,2194093525504,34.337651578525644,0.0
0,1,1646,2194487507649,34.34381741487943,5.722062149223958e-41
0,0,1647,2195228281344,34.355410552884614,0.0
0,1,1647,2195968682163,34.36699785536546,5.702303840876978e-41
0,0,1648,2196368750592,34.37325894230769,0.0
0,1,1648,2196761950192,34.37941253180088,5.844535635005947e-41
0,0,1649,2197503832576,34.39102302083334,0.0
0,1,1649,2197899543411,34.39721591125488,5.749107209585427e-41
0,0,1650,2198638579200,34.40878185096154,0.0
0,1,1650,2199031554285,34.41493192678598,5.608977363152945e-41
0,0,1651,2199427190272,34.42112364583333,0.0
0,1,1651,2200168776333,34.43272949739897,5.627754762574898e-41
0,0,1652,2200568115200,34.43897916666667,0.0
0,1,1652,2201311432260,34.450612108436,5.771107595475327e-41
0,0,1653,2201708723200,34.456829727564106,0.0
0,1,1653,2202104585603,34.463024990030924,5.771527985014624e-41
0,0,1654,2202843834368,34.47459426282052,0.0
0,1,1654,2203580673368,34.48612582269131,5.68660929807654e-41
0,0,1655,2204320184320,34.49769919871795,0.0
0,1,1655,2204717942524,34.50392413054637,5.493790629385445e-41
0,0,1656,2205455385600,34.51546514423077,0.0
0,1,1656,2206199173351,34.52710545233311,5.533447375925838e-41
0,0,1657,2206595582976,34.533309278846154,0.0
0,1,1657,2207341634708,34.54498501834185,5.554186593197845e-41
0,0,1658,2207741753856,34.55124689903846,0.0
0,1,1658,2208484024378,34.56286346244617,5.658022809404314e-41
0,0,1659,2208882813952,34.569104535256415,0.0
0,1,1659,2209626477035,34.580742892299554,5.643869694914633e-41
0,0,1660,2210023298560,34.5869531650641,0.0
0,1,1660,2210769117102,34.598625255126954,5.485943357985226e-41
0,0,1661,2211169626112,34.60489323717949,0.0
0,1,1661,2211562238189,34.611037631914186,5.65269787523988e-41
0,0,1662,2212299259904,34.62257205128205,0.0
0,1,1662,2212694033006,34.628750266144586,5.752750585592672e-41
0,0,1663,2213434351104,34.64033627403846,0.0
0,1,1663,2214180774513,34.6520178302941,5.49799452477842e-41
0,0,1664,2214580624384,34.65827549679487,0.0
0,1,1664,2215323439156,34.66990057773688,5.70804916458071e-41
0,0,1665,2215721667584,34.67613286858975,0.0
0,1,1665,2216460737467,34.687699341868864,5.784139671193547e-41
0,0,1666,2217198038528,34.69923813301282,0.0
0,1,1666,2217592596259,34.70541297731057,5.635602033975117e-41
0,0,1667,2218333508096,34.71700827724359,0.0
0,1,1667,2218729609419,34.72320727881799,5.672596313433292e-41
0,0,1668,2219127331840,34.729431650641025,0.0
0,1,1668,2219866956393,34.74100680452787,5.536530232547352e-41
0,0,1669,2220262599168,34.74719862980769,0.0
0,1,1669,2221004327920,34.75880671449319,5.671475274661832e-41
0,0,1670,2221403408384,34.76505233974359,0.0
0,1,1670,2221802731359,34.77130176030086,5.577167888012772e-41
0,0,1671,2222543751168,34.78289875,0.0
0,1,1671,2223288980335,34.794561616320486,5.570441655384013e-41
0,0,1672,2223684218368,34.8007471073718,0.0
0,1,1672,2224426161899,34.81235855335725,5.598607754516942e-41
0,0,1673,2225166021120,34.823937379807695,0.0
0,1,1673,2225563600524,34.83015951340896,5.516211404814642e-41
0,0,1674,2226301149696,34.8417021875,0.0
0,1,1674,2226695749109,34.84787768412272,5.589639444345263e-41
0,0,1675,2227436646912,34.859472764423074,0.0
0,1,1675,2227833449377,34.86568273889786,5.483841410288739e-41
0,0,1676,2228572213760,34.87724443108974,0.0
0,1,1676,2228965793051,34.883403962762294,5.554186593197845e-41
0,0,1677,2229707383296,34.895009879807695,0.0
0,1,1677,2230103703215,34.901212302418244,5.607856324381485e-41
0,0,1678,2230501446656,34.90743700320513,0.0
0,1,1678,2231241933385,34.91902565018091,5.650175538004095e-41
0,0,1679,2231642461184,34.92529392628205,0.0
0,1,1679,2232379885554,34.9368346472168,5.80235655122977e-41
0,0,1680,2232777782784,34.943061754807694,0.0
0,1,1680,2233517816180,34.954643307103865,5.663207613722316e-41
0,0,1681,2233913492480,34.960835657051284,0.0
0,1,1681,2234655268630,34.97244448351738,5.546899841183356e-41
0,0,1682,2235054785024,34.97869693108974,0.0
0,1,1682,2235797908690,34.99032684623523,5.575626459702015e-41
0,0,1683,2236537020416,35.00189397435898,0.0
0,1,1683,2236929532988,35.00803681183644,5.696558517173246e-41
0,0,1684,2237325551104,35.01423451121795,0.0
0,1,1684,2238072037882,35.02591705920097,5.536530232547352e-41
0,0,1685,2238471836160,35.03217391826923,0.0
0,1,1685,2239209390470,35.04371667277018,5.605333987145701e-41
0,0,1686,2239607217664,35.04994268429487,0.0
0,1,1686,2240002585804,35.05613021152594,5.492809720460418e-41
0,0,1687,2240742669824,35.067712556089745,0.0
0,1,1687,2241139945070,35.07392992960612,5.777833828104086e-41
0,0,1688,2241883247616,35.08556264423077,0.0
0,1,1688,2242276930029,35.09172378976675,5.527702052222106e-41
0,0,1689,2243018854400,35.103334935897436,0.0
0,1,1689,2243414185857,35.109521889038085,5.675679170054807e-41
0,0,1690,2244501106688,35.12653224358974,0.0
0,1,1690,2245244685299,35.13816927864271,5.626213334264141e-41
0,0,1691,2245983196160,35.14972700320513,0.0
0,1,1691,2246376594280,35.15588369954427,5.492809720460418e-41
0,0,1692,2247118612480,35.167496314102564,0.0
0,1,1692,2247514072817,35.173685284220376,5.418260642158338e-41
0,0,1693,2248254075904,35.18526636217949,0.0
0,1,1693,2248651569822,35.19148715792142,5.515650885428912e-41
0,0,1694,2249389353472,35.20303350160256,0.0
0,1,1694,2249783708666,35.20920517618815,5.683526441455026e-41
0,0,1695,2250183298048,35.21545876602564,0.0
0,1,1695,2250926411697,35.22708852440467,5.752750585592672e-41
0,0,1696,2251324722688,35.2333221073718,0.0
0,1,1696,2252069117288,35.244971912685294,5.665309561418803e-41
0,0,1697,2252466109952,35.25118486378205,0.0
0,1,1697,2253211514672,35.26285047751402,5.839911350073675e-41
0,0,1698,2253948440064,35.27438338942308,0.0
0,1,1698,2254342973614,35.28055785528721,5.697539426098274e-41
0,0,1699,2255083864064,35.29215282051282,0.0
0,1,1699,2255479927870,35.29835123494466,5.767464219468082e-41
0,0,1700,2256219239424,35.30992149038462,0.0
0,1,1700,2256961180199,35.321532893238555,5.617805543478192e-41
0,0,1701,2257360053248,35.3277752724359,0.0
0,1,1701,2258103803863,35.33941499935835,5.763260324075108e-41
0,0,1702,2258500958208,35.34563048076923,0.0
0,1,1702,2259246450564,35.35729746600811,5.790865903822307e-41
0,0,1703,2259641798656,35.36348467948718,0.0
0,1,1703,2260039434947,35.36970770337227,5.722062149223958e-41
0,0,1704,2260777572864,35.38125959134616,0.0
0,1,1704,2261170930233,35.38741564993052,5.676239689440537e-41
0,0,1705,2261912819200,35.39902624198718,0.0
0,1,1705,2262308054474,35.405211689860025,5.695997997787516e-41
0,0,1706,2263048650752,35.416802051282055,0.0
0,1,1706,2263789461936,35.42839577599159,5.543256465176111e-41
0,0,1707,2264531302400,35.44000560897436,0.0
0,1,1707,2265270887851,35.45158015091334,5.655920861707827e-41
0,0,1708,2265666763776,35.457775625000004,0.0
0,1,1708,2266408277293,35.46938034124913,5.618926582249651e-41
0,0,1709,2266807715328,35.4756315625,0.0
0,1,1709,2267545559762,35.48717885745317,5.660545146640099e-41
0,0,1710,2268284141568,35.49873769230769,0.0
0,1,1710,2268677698116,35.50489686805138,5.611639830235162e-41
0,0,1711,2269077991424,35.51116147435898,0.0
0,1,1711,2269815266275,35.52269985531538,5.70636760642352e-41
0,0,1712,2270213397504,35.528930625,0.0
0,1,1712,2270958268824,35.540587891000605,5.620468010560409e-41
0,0,1713,2271354591744,35.54679036057692,0.0
0,1,1713,2272095891250,35.55839172754532,5.717858253830984e-41
0,0,1714,2272495316992,35.56464275641026,0.0
0,1,1714,2273232987829,35.57618733456343,5.653818914011339e-41
0,0,1715,2273971954688,35.58775219551282,0.0
0,1,1715,2274364860988,35.59390119484926,5.772088504400354e-41
0,0,1716,2275448825344,35.61086528044872,0.0
0,1,1716,2276190522476,35.62247287027995,5.593843339738237e-41
0,0,1717,2276590135296,35.62872682692308,0.0
0,1,1717,2277328047641,35.640275184686125,5.669933846351075e-41
0,0,1718,2277725910016,35.646501746794875,0.0
0,1,1718,2278465773489,35.65808063978929,5.683526441455026e-41
0,0,1719,2278861558784,35.66427469551282,0.0
0,1,1719,2279603484464,35.675885862129405,5.825758235583994e-41
0,0,1720,2280002807296,35.68213528044872,0.0
0,1,1720,2280396860526,35.68830222928561,5.754432143749861e-41
0,0,1721,2281138436608,35.699907924679486,0.0
0,1,1721,2281534245900,35.70610235595703,5.809082783858529e-41
0,0,1722,2282273745408,35.717675552884614,0.0
0,1,1722,2282666348913,35.72381981346717,5.603792558834943e-41
0,0,1723,2283403678720,35.73535905448718,0.0
0,1,1723,2284142876493,35.74692752924992,5.836267974066431e-41
0,0,1724,2284539262464,35.753130985576924,0.0
0,1,1724,2285280726259,35.76473492367476,5.805439407851285e-41
0,0,1725,2286021902336,35.77633435897436,0.0
0,1,1725,2286418007159,35.7825334153239,5.63237904750717e-41
0,0,1726,2287157742080,35.79411029647436,0.0
0,1,1726,2287555442195,35.80033431920761,5.619907491174679e-41
0,0,1727,2287951969280,35.80653998397436,0.0
0,1,1727,2288692769192,35.81813353227665,5.738737600949423e-41
0,0,1728,2289093149184,35.82439949519231,0.0
0,1,1728,2289830277936,35.83593558969351,5.681985013144268e-41
0,0,1729,2290229155840,35.842178044871794,0.0
0,1,1729,2290967796946,35.85373780777369,5.659984627254369e-41
0,0,1730,2291365300736,35.85995875801282,0.0
0,1,1730,2291760934408,35.86615044083033,5.622569958256896e-41
0,0,1731,2292501293568,35.877737091346155,0.0
0,1,1731,2292898343335,35.88395093610715,5.582913211716504e-41
0,0,1732,2293642995200,35.89560476762821,0.0
0,1,1732,2294385245107,35.90722100841033,5.671054885122535e-41
0,0,1733,2295126019584,35.918814158653845,0.0
0,1,1733,2295871734702,35.930484630126955,5.775171361021869e-41
0,0,1734,2296272401920,35.93675508814103,0.0
0,1,1734,2297014262128,35.94836523011819,5.68660929807654e-41
0,0,1735,2297413198848,35.95460860576923,0.0
0,1,1735,2298156685601,35.96624420324081,5.669933846351075e-41
0,0,1736,2298554182656,35.97246504807693,0.0
0,1,1736,2299299295445,35.98412609307705,5.694456569476759e-41
0,0,1737,2299695242240,35.990322676282055,0.0
0,1,1737,2300092341252,35.99653729172927,5.625092295492681e-41
0,0,1738,2300830673920,36.008092227564106,0.0
0,1,1738,2301224265070,36.01425194483048,5.6329395668929e-41
0,0,1739,2301966666240,36.02587055288462,0.0
0,1,1739,2302361631499,36.032051775011894,5.584454640027261e-41
0,0,1740,2303102607872,36.043648084935896,0.0
0,1,1740,2304192293244,36.060701704664964,5.742380976956668e-41
0,0,1741,2304932125184,36.072280104166666,0.0
0,1,1741,2305673755493,36.08388664821527,5.702724230416276e-41
0,0,1742,2306414859776,36.095484959935895,0.0
0,1,1742,2306811116792,36.10168639811198,5.622569958256896e-41
0,0,1743,2307550438400,36.11325681089744,0.0
0,1,1743,2307943094883,36.11940190058782,5.870039267056659e-41
0,0,1744,2308680249344,36.1309383974359,0.0
0,1,1744,2309075178458,36.13711905389248,5.624671905953383e-41
0,0,1745,2309474233856,36.143364286858976,0.0
0,1,1745,2310218019702,36.15500456514799,5.648073590307608e-41
0,0,1746,2310615246336,36.16122117788461,0.0
0,1,1746,2311355423005,36.17280497240898,5.620888400099706e-41
0,0,1747,2311750854656,36.17899349358974,0.0
0,1,1747,2312487784589,36.19052647656563,5.550122827651303e-41
0,0,1748,2312886372352,36.196764391025646,0.0
0,1,1748,2313969519222,36.21371568293645,5.615703595781704e-41
0,0,1749,2314710063104,36.225305224358976,0.0
0,1,1749,2315451359346,36.23690654024564,5.766903700082352e-41
0,0,1750,2315850845184,36.243158509615384,0.0
0,1,1750,2316588978682,36.25471032843174,5.634480995203657e-41
0,0,1751,2317327543808,36.26626890224359,0.0
0,1,1751,2317721144187,36.272428763944184,5.716877344905956e-41
0,0,1752,2318463014400,36.2840390625,0.0
0,1,1752,2318858696960,36.29023151041667,5.564696331680281e-41
0,0,1753,2319598562304,36.30181043269231,0.0
0,1,1753,2319996069547,36.30803143697103,5.724164096920445e-41
0,0,1754,2320733933568,36.31957903846154,0.0
0,1,1754,2321128010253,36.32574635437012,5.616264115167434e-41
0,0,1755,2321528081408,36.33200748397436,0.0
0,1,1755,2322270985143,36.34363395719088,5.596505806820454e-41
0,0,1756,2322669528064,36.3498711698718,0.0
0,1,1756,2323408886638,36.36144216117663,5.543256465176111e-41
0,0,1757,2324146527744,36.37298627403846,0.0
0,1,1757,2324885439793,36.38455027720916,5.762139285303648e-41
0,0,1758,2325623695360,36.396104006410255,0.0
0,1,1758,2326361746674,36.40765453904372,5.719960201527471e-41
0,0,1759,2326759606784,36.41388106570513,0.0
0,1,1759,2327499277957,36.42545694919684,5.589219054805965e-41
0,0,1760,2327895617536,36.43165967948718,0.0
0,1,1760,2328642155056,36.44334302158454,5.524479065754159e-41
0,0,1761,2329042304512,36.44960537660256,0.0
0,1,1761,2329435567476,36.455759957744895,5.675679170054807e-41
0,0,1762,2330172400640,36.46729142628205,0.0
0,1,1762,2330567403772,36.4734732411233,5.758075519757106e-41
0,0,1763,2331308079616,36.48506484775641,0.0
0,1,1763,2331704991344,36.491276532201525,5.598607754516942e-41
0,0,1764,2332102428160,36.497496434294874,0.0
0,1,1764,2332842516003,36.50907883868878,5.564696331680281e-41
0,0,1765,2333579995648,36.520620424679485,0.0
0,1,1765,2334318538720,36.532178653345355,5.676239689440537e-41
0,0,1766,2335057231872,36.54373923076923,0.0
0,1,1766,2335450395466,36.54989225676708,5.575626459702015e-41
0,0,1767,2336187813376,36.56143287660257,0.0
0,1,1767,2336931829549,36.57307675951836,5.616824634553164e-41
0,0,1768,2337329242112,36.57929628205128,0.0
0,1,1768,2338069205710,36.59087674200596,5.718418773216714e-41
0,0,1769,2338816849920,36.602577403846155,0.0
0,1,1769,2339211903607,36.608760009875176,5.490147253378201e-41
0,0,1770,2339611239936,36.61500963942308,0.0
0,1,1770,2340349356066,36.62656118642954,5.601690611138456e-41
0,0,1771,2340746963968,36.63278376602564,0.0
0,1,1771,2341491768774,36.64443999107948,5.605894506531431e-41
0,0,1772,2341888069632,36.65064211538461,0.0
0,1,1772,2342285143302,36.656856334228515,5.625092295492681e-41
0,0,1773,2343023626240,36.668413621794876,0.0
0,1,1773,2344449664890,36.69073118380033,5.650175538004095e-41
0,0,1774,2345189529600,36.702310096153845,0.0
0,1,1774,2345931631986,36.713924028226415,5.662647094336586e-41
0,0,1775,2346330774528,36.720170625,0.0
0,1,1775,2347757451183,36.742498171809274,5.550122827651303e-41
0,0,1776,2348842591744,36.7594806650641,0.0
0,1,1776,2349239312306,36.76568935775366,5.574085031391257e-41
0,0,1777,2349978191360,36.777252844551285,0.0
0,1,1777,2350720738708,36.78887374029698,5.730469940009907e-41
0,0,1778,2351119703040,36.795117548076924,0.0
0,1,1778,2351514030297,36.80128878544734,5.777833828104086e-41
0,0,1779,2352255588352,36.81289419871795,0.0
0,1,1779,2352651741814,36.81909401626978,5.692354621780272e-41
0,0,1780,2353391548928,36.830672027243594,0.0
0,1,1780,2354133599321,36.84228514562363,5.807541355547772e-41
0,0,1781,2354874352640,36.85387796474359,0.0
0,1,1781,2355615534653,36.865477492941835,5.654799822936367e-41
0,0,1782,2356356615680,36.87707544070513,0.0
0,1,1782,2357097051701,36.888663294098684,5.683526441455026e-41
0,0,1783,2357497482752,36.89493005608974,0.0
0,1,1783,2358234600393,36.90646597670335,5.685067869765783e-41
0,0,1784,2358633372160,36.91270677083333,0.0
0,1,1784,2359372060528,36.92426727338742,5.68660929807654e-41
0,0,1785,2359768978432,36.93047905448718,0.0
0,1,1785,2360165283500,36.93668124467899,5.755973572060619e-41
0,0,1786,2360904556544,36.9482508974359,0.0
0,1,1786,2361297024535,36.95439303721893,5.602671520063484e-41
0,0,1787,2361693114368,36.96059185897436,0.0
0,1,1787,2362439626686,36.97227480665941,5.64653216199685e-41
0,0,1788,2362840319488,36.978545665064104,0.0
0,1,1788,2363926162901,36.99553915798089,5.597486715745482e-41
0,0,1789,2364665060864,37.00710294070513,0.0
0,1,1789,2365401978788,37.018635735739686,5.655920861707827e-41
0,0,1790,2365801461760,37.02488766025641,0.0
0,1,1790,2366539217213,37.03643356265337,5.730890329549204e-41
0,0,1791,2366937025536,37.04265927884615,0.0
0,1,1791,2367681898734,37.05431657423753,5.750228248356887e-41
0,0,1792,2368078397440,37.060521794871796,0.0
0,1,1792,2368475059236,37.06672956787109,5.554186593197845e-41
0,0,1793,2369214078464,37.07829524839744,0.0
0,1,1793,2369606565272,37.08443768266727,5.642888785989606e-41
0,0,1794,2370344328704,37.0959837099359,0.0
0,1,1794,2370738784506,37.10215695904072,5.553205684272818e-41
0,0,1795,2371138657280,37.10841498397436,0.0
0,1,1795,2371876552872,37.119963079552285,5.661105666025828e-41
0,0,1796,2372274502656,37.12619100961538,0.0
0,1,1796,2373014204466,37.13776737257737,5.8029170706155e-41
0,0,1797,2374099772928,37.1547565625,0.0
0,1,1797,2374496288298,37.16096204392653,5.604212948374241e-41
0,0,1798,2375235964416,37.17253800480769,0.0
0,1,1798,2375972487671,37.18406462325659,5.590760483116723e-41
0,0,1799,2376713364992,37.195659383012824,0.0
0,1,1799,2377109795706,37.201863539569565,5.661666185411558e-41
0,0,1800,2377507613184,37.208089399038464,0.0
0,1,1800,2378247435035,37.21966764064691,5.786241618890035e-41
0,0,1801,2378643450368,37.22586529647436,0.0
0,1,1801,2379390254807,37.23755281586476,5.637563851825172e-41
0,0,1802,2379790482944,37.24381640224359,0.0
0,1,1802,2380183566350,37.249968173296025,5.600149182827699e-41
0,0,1803,2380920344064,37.261498774038465,0.0
0,1,1803,2381315722098,37.26768645611103,5.602671520063484e-41
0,0,1804,2382056139776,37.2792740224359,0.0
0,1,1804,2382452948763,37.28548409898024,5.683526441455026e-41
0,0,1805,2383191901696,37.29704874198718,0.0
0,1,1805,2384278390109,37.314052329179816,5.696558517173246e-41
0,0,1806,2385016256512,37.32559996794872,0.0
0,1,1806,2385759909686,37.337238169915615,5.581371783405746e-41
0,0,1807,2386157541888,37.34346112980769,0.0
0,1,1807,2386902690545,37.35512273614346,5.692915141166002e-41
0,0,1808,2387639722496,37.366657315705126,0.0
0,1,1808,2388034263667,37.372831900838214,5.732431757859962e-41
0,0,1809,2388775504384,37.38443234775641,0.0
0,1,1809,2389171612160,37.39063145032051,5.615703595781704e-41
0,0,1810,2389910786560,37.40219955929487,0.0
0,1,1810,2390303691643,37.40834853958521,5.786241618890035e-41
0,0,1811,2390699026432,37.414535544871796,0.0
0,1,1811,2391435653863,37.42606379367926,5.72668643415623e-41
0,0,1812,2391834511360,37.43230592948718,0.0
0,1,1812,2392573130867,37.44386535436386,5.672596313433292e-41
0,0,1813,2392969854976,37.4500741025641,0.0
0,1,1813,2393710931449,37.461671979057115,5.639665799521659e-41
0,0,1814,2394451844608,37.47326729967949,0.0
0,1,1814,2395192654320,37.484861001352165,5.694456569476759e-41
0,0,1815,2395592467968,37.491118100961536,0.0
0,1,1815,2396335491501,37.50274644902156,5.574085031391257e-41
0,0,1816,2396733453312,37.508974567307696,0.0
0,1,1816,2397478147931,37.520629067930564,5.793528370904524e-41
0,0,1817,2397874499584,37.52683198717949,0.0
0,1,1817,2398615335158,37.5384260935935,5.773209543171814e-41
0,0,1818,2399015416832,37.54468738782052,0.0
0,1,1818,2399408524330,37.55083953591371,5.695437478401787e-41
0,0,1819,2400145432576,37.562372179487184,0.0
0,1,1819,2400540210582,37.56855047109751,5.777833828104086e-41
0,0,1820,2401280855040,37.58014158653846,0.0
0,1,1820,2401677367612,37.586347024176185,5.743922405267425e-41
0,0,1821,2402075053568,37.592570825320514,0.0
0,1,1821,2402820168930,37.60423191058819,5.699641373794761e-41
0,0,1822,2403904318464,37.62119889423077,0.0
0,1,1822,2404301515462,37.62741504316281,5.504160238021449e-41
0,0,1823,2405040089600,37.638973758012824,0.0
0,1,1823,2405777345677,37.65051184515537,5.542275556251084e-41
0,0,1824,2406175764992,37.65674712339744,0.0
0,1,1824,2406920106039,37.66839609060434,5.536530232547352e-41
0,0,1825,2407317146624,37.67460979166667,0.0
0,1,1825,2407713400685,37.68081118359688,5.708469554120007e-41
0,0,1826,2408452740096,37.692381875,0.0
0,1,1826,2408845117694,37.69852260012896,5.583473731102234e-41
0,0,1827,2409582880256,37.71006861378205,0.0
0,1,1827,2409976973412,37.71623618746244,5.705947216884223e-41
0,0,1828,2410377111040,37.7224983573718,0.0
0,1,1828,2411114541051,37.73403916658842,5.526160623911349e-41
0,0,1829,2411512273920,37.74026370192308,0.0
0,1,1829,2412252111219,37.75184218529335,5.529803999918593e-41
0,0,1830,2412989139456,37.76337670673077,0.0
0,1,1830,2413733734262,37.77502964527619,5.70748864519498e-41
0,0,1831,2414471445504,37.78657485576923,0.0
0,1,1831,2414865425634,37.792740660588194,5.84243368730946e-41
0,0,1832,2415606865920,37.80434423076923,0.0
0,1,1832,2416352068335,37.816006678419846,5.68660929807654e-41
0,0,1833,2416748021248,37.8222033573718,0.0
0,1,1833,2417145312295,37.82842097817446,5.674698261129779e-41
0,0,1834,2417883748864,37.839977540064105,0.0
0,1,1834,2418277031301,37.84613242595966,5.574085031391257e-41
0,0,1835,2419013629952,37.85766022435897,0.0
0,1,1835,2419408576235,37.863841149511096,5.669933846351075e-41
0,0,1836,2420149212160,37.87543213141026,0.0
0,1,1836,2420546102926,37.88164348779923,5.564696331680281e-41
0,0,1837,2420943744512,37.887866594551284,0.0
0,1,1837,2421683954738,37.89945091424404,5.580811264020016e-41
0,0,1838,2422079813120,37.905646113782055,0.0
0,1,1838,2422821876146,37.91725942986904,5.616824634553164e-41
0,0,1839,2423562225152,37.92884592147436,0.0
0,1,1839,2424304215480,37.940458099834736,5.719960201527471e-41
0,0,1840,2425044620800,37.95204547275641,0.0
0,1,1840,2425786914716,37.96366240228115,5.684086960840755e-41
0,0,1841,2426185508352,37.96990040865385,0.0
0,1,1841,2426924895028,37.98147183975611,5.70692812580925e-41
0,0,1842,2427321134592,37.9876730048077,0.0
0,1,1842,2428062545091,37.99927610882099,5.695437478401787e-41
0,0,1843,2428462832128,38.00554061698718,0.0
0,1,1843,2429200066139,38.01707835879595,5.701182802105518e-41
0,0,1844,2429598703104,38.02331704326923,0.0
0,1,1844,2429993521050,38.02949595994216,5.614722686856677e-41
0,0,1845,2430734651392,38.04109467948718,0.0
0,1,1845,2431131155247,38.0472999807035,5.660545146640099e-41
0,0,1846,2431870475264,38.058870368589744,0.0
0,1,1846,2432263689898,38.06502419336564,5.61262073916019e-41
0,0,1847,2433000646656,38.07655759615385,0.0
0,1,1847,2433740396148,38.08813470534105,5.698099945484004e-41
0,0,1848,2434136091136,38.09432734775641,0.0
0,1,1848,2435222150763,38.111324224430966,5.765362271771595e-41
0,0,1849,2435960226304,38.12287513621795,0.0
0,1,1849,2436354652617,38.12904792381874,5.636022423514414e-41
0,0,1850,2436754429952,38.13530445512821,0.0
0,1,1850,2437492281713,38.14685186474922,5.726266044616932e-41
0,0,1851,2437890017792,38.15307645032051,0.0
0,1,1851,2438629880040,38.16465532414363,5.676660078979834e-41
0,0,1852,2439025815040,38.17085172275641,0.0
0,1,1852,2439423363115,38.17707336605757,5.674137741744049e-41
0,0,1853,2440161483264,38.18862497596154,0.0
0,1,1853,2440555417520,38.194790062850565,5.668392418040318e-41
0,0,1854,2441297351168,38.206401354166665,0.0
0,1,1854,2441692542773,38.212586118617914,5.597486715745482e-41
0,0,1855,2442091632128,38.21883188301282,0.0
0,1,1855,2442829967052,38.23038685415415,5.583894120641531e-41
0,0,1856,2443568287232,38.241941594551285,0.0
0,1,1856,2443962054708,38.24810407132662,5.655920861707827e-41
0,0,1857,2444703800832,38.259712427884615,0.0
0,1,1857,2445443823670,38.27129381494767,5.783579151807817e-41
0,0,1858,2445844402688,38.277562892628204,0.0
0,1,1858,2446581714871,38.28910185783191,5.665309561418803e-41
0,0,1859,2446979585536,38.29532854967949,0.0
0,1,1859,2447719666017,38.306910838857796,5.752750585592672e-41
0,0,1860,2448120122880,38.313178004807696,0.0
0,1,1860,2448513149098,38.31932888086563,5.705947216884223e-41
0,0,1861,2449249816064,38.330857748397435,0.0
0,1,1861,2449645159935,38.337044895817684,5.608977363152945e-41
0,0,1862,2450384772096,38.34861985576923,0.0
0,1,1862,2450782440857,38.35484338781112,5.581932302791476e-41
0,0,1863,2451178636288,38.361043862179486,0.0
0,1,1863,2451919824182,38.37264348241562,5.66685098972956e-41
0,0,1864,2452319466496,38.37889790064103,0.0
0,1,1864,2453062559987,38.39052734354655,5.672035794047562e-41
0,0,1865,2453460577792,38.396756338141024,0.0
0,1,1865,2454543697605,38.4137072066087,5.605333987145701e-41
0,0,1866,2455284226560,38.42529651442308,0.0
0,1,1866,2455686193266,38.43158730947641,5.567218668916066e-41
0,0,1867,2456425004032,38.443149727564105,0.0
0,1,1867,2457162137140,38.45468589023688,5.595384768048995e-41
0,0,1868,2457560110080,38.460914182692306,0.0
0,1,1868,2458299590105,38.47248707471016,5.599588663441969e-41
0,0,1869,2458695605248,38.4786847275641,0.0
0,1,1869,2459437242224,38.49029137595152,5.606875415456458e-41
0,0,1870,2459836762112,38.49654387820513,0.0
0,1,1870,2460574864626,38.508095212120644,5.531765817768648e-41
0,0,1871,2460972026880,38.514310817307695,0.0
0,1,1871,2461368333363,38.520513029644306,5.650595927543392e-41
0,0,1872,2462107041280,38.532073838141024,0.0
0,1,1872,2462500102065,38.538225255173906,5.739298120335153e-41
0,0,1873,2463241999360,38.5498359775641,0.0
0,1,1873,2463986860978,38.56149309172802,5.576186979087745e-41
0,0,1874,2464724122624,38.573031266025644,0.0
0,1,1874,2465807014345,38.58997856484438,5.681424493758538e-41
0,0,1875,2466206539264,38.596231145833336,0.0
0,1,1875,2466944735088,38.60778394005409,5.677220598365564e-41
0,0,1876,2467341878272,38.613999246794876,0.0
0,1,1876,2468082286837,38.62558667050093,5.667831898654588e-41
0,0,1877,2468482274304,38.63184649038462,0.0
0,1,1877,2469219684995,38.643386997242466,5.681985013144268e-41
0,0,1878,2469617378816,38.64961092147436,0.0
0,1,1878,2470357044269,38.66118671544784,5.638684890596631e-41
0,0,1879,2470752968192,38.66738294070513,0.0
0,1,1879,2471150416213,38.67360301815718,5.622990347796193e-41
0,0,1880,2471888351744,38.685151738782054,0.0
0,1,1880,2472282325701,38.69131744699332,5.671054885122535e-41
0,0,1881,2473023478272,38.70291651442308,0.0
0,1,1881,2473768937676,38.71458298396184,5.624111386567653e-41
0,0,1882,2474506126336,38.72612001602564,0.0
0,1,1882,2475250231468,38.737765291153345,5.630277099810683e-41
0,0,1883,2475646987776,38.74397454326923,0.0
0,1,1883,2476387540038,38.755564215839094,5.669933846351075e-41
0,0,1884,2477129150464,38.76717044871795,0.0
0,1,1884,2477524999651,38.77336550435384,5.723043058148985e-41
0,0,1885,2477923052544,38.77959504807692,0.0
0,1,1885,2478667926939,38.7912523622014,5.735094224942179e-41
0,0,1886,2479063952896,38.797450184294874,0.0
0,1,1886,2479805578033,38.80905664740147,5.713233968898712e-41
0,0,1887,2480205369344,38.8153133974359,0.0
0,1,1887,2480598916722,38.821472429668724,5.702303840876978e-41
0,0,1888,2481341601792,38.83309548076923,0.0
0,1,1888,2481736393724,38.83927399032201,5.680303454987078e-41
0,0,1889,2482477187584,38.85086744391026,0.0
0,1,1889,2482873724291,38.857073259261696,5.704826178112763e-41
0,0,1890,2483612140032,38.86862949519231,0.0
0,1,1890,2484350119255,38.88017889959873,5.677781117751294e-41
0,0,1891,2485088452608,38.89173384615385,0.0
0,1,1891,2485482012853,38.89789307975573,5.598607754516942e-41
0,0,1892,2486223527936,38.90949782051282,0.0
0,1,1892,2486963568311,38.92107948203063,5.700762412566221e-41
0,0,1893,2487705660928,38.93269326121795,0.0
0,1,1893,2488100773935,38.93887679560735,5.596926196359752e-41
0,0,1894,2488840979968,38.95046104967949,0.0
0,1,1894,2489237834699,38.95667184211927,5.644430214300363e-41
0,0,1895,2489635200000,38.962890625,0.0
0,1,1895,2490380263281,38.97455089519794,5.593843339738237e-41
0,0,1896,2490776380928,38.980750152243594,0.0
0,1,1896,2491522813751,38.992431855828706,5.70748864519498e-41
0,0,1897,2491922642944,38.99868919871795,0.0
0,1,1897,2492316096117,39.00484675663875,5.639245409982361e-41
0,0,1898,2493057671680,39.01645244391026,0.0
0,1,1898,2493797812315,39.028035674501076,5.566798279376768e-41
0,0,1899,2494198195200,39.03430168269231,0.0
0,1,1899,2494935436282,39.045839535162514,5.777833828104086e-41
0,0,1900,2495333473280,39.052068830128206,0.0
0,1,1900,2496417300440,39.06903076860477,5.788763956125819e-41
0,0,1901,2496815718400,39.07526602564103,0.0
0,1,1901,2497554916217,39.086834501092376,5.645411123225391e-41
0,0,1902,2497951564800,39.09304206730769,0.0
0,1,1902,2498348457650,39.09925345631135,5.776852919179058e-41
0,0,1903,2499087265280,39.110815825320515,0.0
0,1,1903,2499480633383,39.116972051892404,5.667271379268858e-41
0,0,1904,2500222880768,39.12858825320513,0.0
0,1,1904,2500618463673,39.13477914151705,5.747145391735372e-41
0,0,1905,2501017424896,39.141022900641026,0.0
0,1,1905,2501756206402,39.152584860808545,5.568339707687526e-41
0,0,1906,2502153003008,39.158794743589745,0.0
0,1,1906,2502893976292,39.17039100517077,5.689271765158757e-41
0,0,1907,2503635353600,39.18199358974359,0.0
0,1,1907,2504375827141,39.193582030326645,5.61206021977446e-41
0,0,1908,2504776282624,39.199849174679485,0.0
0,1,1908,2505513459816,39.21138602726863,5.742380976956668e-41
0,0,1909,2505911703552,39.21761855769231,0.0
0,1,1909,2506651217396,39.22919197897887,5.59230191142748e-41
0,0,1910,2507047228928,39.23538957532051,0.0
0,1,1910,2507789046659,39.246999052530924,5.651716966314852e-41
0,0,1911,2508188093952,39.25324415865385,0.0
0,1,1911,2508926713133,39.26480357842861,5.652277485700582e-41
0,0,1912,2509323365888,39.2710112099359,0.0
0,1,1912,2509720269921,39.27722277395395,5.610518791463703e-41
0,0,1913,2510458616320,39.288777924679486,0.0
0,1,1913,2510852676056,39.29494497533554,5.610518791463703e-41
0,0,1914,2511593689600,39.30654186698718,0.0
0,1,1914,2511990662005,39.31275450102977,5.753871624364131e-41
0,0,1915,2512728740352,39.32430545673077,0.0
0,1,1915,2513466801457,39.33585614259378,5.676239689440537e-41
0,0,1916,2514205733888,39.34742046474359,0.0
0,1,1916,2514943092978,39.35896016404372,5.653818914011339e-41
0,0,1917,2516029530624,39.37596295673077,0.0
0,1,1917,2516424940785,39.382151141592175,5.693335530705299e-41
0,0,1918,2516823689728,39.38839157852564,0.0
0,1,1918,2517546713124,39.39970692364032,5.633920475817927e-41
0,0,1919,2517943097344,39.405910352564106,0.0
0,1,1919,2518684274095,39.417509798411835,5.664749042033073e-41
0,0,1920,2519084299776,39.423770216346156,0.0
0,1,1920,2519822008116,39.435315381422775,5.662086574950856e-41
0,0,1921,2520220419072,39.44155052884616,0.0
0,1,1921,2520615514238,39.447733784023185,5.834586415909241e-41
0,0,1922,2521356197376,39.459325504807694,0.0
0,1,1922,2521753263628,39.4655396075596,5.696978906712544e-41
0,0,1923,2522491419648,39.47709177884615,0.0
0,1,1923,2523229895648,39.48864895783253,5.664188522647343e-41
0,0,1924,2523968702976,39.50021132211538,0.0
0,1,1924,2524706521512,39.511758211763826,5.681424493758538e-41
0,0,1925,2525792611328,39.52875556089744,0.0
0,1,1925,2526188505464,39.53495131998698,5.642888785989606e-41
0,0,1926,2526928225792,39.54652797275641,0.0
0,1,1926,2527320794359,39.55267168655787,5.716877344905956e-41
0,0,1927,2528058212352,39.56421230769231,0.0
0,1,1927,2528452729961,39.570386524079154,5.76059785699289e-41
0,0,1928,2528852754944,39.57664693108975,0.0
0,1,1928,2529590231030,39.58818846138196,5.573524512005527e-41
0,0,1929,2529988814848,39.59442631410256,0.0
0,1,1929,2530388898142,39.60068763368265,5.679322546062051e-41
0,0,1930,2531130392064,39.612292043269235,0.0
0,1,1930,2531526204144,39.61848651817909,5.818471483569505e-41
0,0,1931,2532266108928,39.63006605769231,0.0
0,1,1931,2533008287964,39.641681189340446,5.641767747218146e-41
0,0,1932,2533407286272,39.64792552884615,0.0
0,1,1932,2534145784940,39.65948306258764,5.736635653252936e-41
0,0,1933,2534884308480,39.67104098557692,0.0
0,1,1933,2535621860919,39.68258371079665,5.730890329549204e-41
0,0,1934,2536361629696,39.69416112179487,0.0
0,1,1934,2536759488432,39.70038762695312,5.746024352963912e-41
0,0,1935,2537496797696,39.71192654647436,0.0
0,1,1935,2537891580724,39.71810491667919,5.780496295186303e-41
0,0,1936,2538632368640,39.72969827724359,0.0
0,1,1936,2539028999348,39.73590556371445,5.640786838293119e-41
0,0,1937,2539426627584,39.742128461538464,0.0
0,1,1937,2540166569564,39.75370858317057,5.778814737029113e-41
0,0,1938,2540561922560,39.75989587339744,0.0
0,1,1938,2541298699715,39.7714264653915,5.685067869765783e-41
0,0,1939,2541697816064,39.77767265224359,0.0
0,1,1939,2542092022512,39.78384199894832,5.565256851066011e-41
0,0,1940,2542833464832,39.79544560096154,0.0
0,1,1940,2543573751032,39.80703110965044,5.667831898654588e-41
0,0,1941,2544316339712,39.81865265224359,0.0
0,1,1941,2545055420119,39.83021929022373,5.729348901238447e-41
0,0,1942,2545793191424,39.84176544070513,0.0
0,1,1942,2546187373623,39.847934407912035,5.709590592891467e-41
0,0,1943,2546928983552,39.85954063301282,0.0
0,1,1943,2547324713943,39.86573382948655,5.659564237715071e-41
0,0,1944,2548064198144,39.87730678685897,0.0
0,1,1944,2548457066299,39.883455189224634,5.712673449512982e-41
0,0,1945,2548852823552,39.889648806089745,0.0
0,1,1945,2549595020508,39.9012642181866,5.624671905953383e-41
0,0,1946,2549993965568,39.90750772435898,0.0
0,1,1946,2550732668020,39.91906844732823,5.649054499232635e-41
0,0,1947,2551129135616,39.92527318108974,0.0
0,1,1947,2551525974962,39.931483732753655,5.750788767742617e-41
0,0,1948,2552264561664,39.94304264423077,0.0
0,1,1948,2553002041197,39.954584228468676,5.618366062863922e-41
0,0,1949,2554088456704,39.971586674679486,0.0
0,1,1949,2554828129724,39.983162587076826,5.659003718329341e-41
0,0,1950,2555223798272,39.98935481570513,0.0
0,1,1950,2555965878595,40.00096840249086,5.654799822936367e-41
0,0,1951,2556705719296,40.01254693910256,0.0
0,1,1951,2557098364603,40.0186918538881,5.688150726387297e-41
0,0,1952,2557835532288,40.03022855769231,0.0
0,1,1952,2558230597687,40.0364113470146,5.614722686856677e-41
0,0,1953,2558629522432,40.04265453525641,0.0
0,1,1953,2559368057269,40.054212635044195,5.685067869765783e-41
0,0,1954,2559764566528,40.06041802083333,0.0
0,1,1954,2560505717087,40.072017056775216,5.746584872349642e-41
0,0,1955,2560905672192,40.078276370192306,0.0
0,1,1955,2561299014813,40.084432197969875,5.736075133867206e-41
0,0,1956,2562041045504,40.09604500801282,0.0
0,1,1956,2562436198963,40.10222917547764,5.7809166847256e-41
0,0,1957,2563182048256,40.11390174679487,0.0
0,1,1957,2563579290599,40.12011860537798,5.648634109693338e-41
0,0,1958,2564664528896,40.13710262820513,0.0
0,1,1958,2565754664082,40.154163287541316,5.665309561418803e-41
0,0,1959,2566152659456,40.16039193108975,0.0
0,1,1959,2566892474413,40.171970064806814,5.758495909296403e-41
0,0,1960,2567288623104,40.178169807692306,0.0
0,1,1960,2568030296493,40.189777025944636,5.691794102394542e-41
0,0,1961,2568429761536,40.196028669871794,0.0
0,1,1961,2569168319320,40.20758712878105,5.654379433397069e-41
0,0,1962,2569565419008,40.21380175480769,0.0
0,1,1962,2569962036365,40.22000883233486,5.656341251247124e-41
0,0,1963,2570701247488,40.231577516025645,0.0
0,1,1963,2571094824950,40.23773701907427,5.680303454987078e-41
0,0,1964,2571495556096,40.2440084775641,0.0
0,1,1964,2572232787362,40.25554617641351,5.641347357678849e-41
0,0,1965,2572972535808,40.26712326923077,0.0
0,1,1965,2573714552695,40.27873586324056,5.688711245773027e-41
0,0,1966,2574113972736,40.28498680288462,0.0
0,1,1966,2574851973919,40.296536550965925,5.717858253830984e-41
0,0,1967,2575590596608,40.30809602564103,0.0
0,1,1967,2576328370418,40.31964221532577,5.775171361021869e-41
0,0,1968,2576726030848,40.32586561698718,0.0
0,1,1968,2577466323063,40.33745121981107,5.809082783858529e-41
0,0,1969,2577866967552,40.343721322115385,0.0
0,1,1969,2578259959746,40.34987166569636,5.687730336848e-41
0,0,1970,2578996923904,40.361405184294874,0.0
0,1,1970,2579392504632,40.36759603853666,5.698660464869734e-41
0,0,1971,2580132280832,40.37917356570513,0.0
0,1,1971,2580524852397,40.38531732642541,5.725145005845473e-41
0,0,1972,2580920797696,40.39151388621795,0.0
0,1,1972,2581663235129,40.40313306178949,5.723603577534715e-41
0,0,1973,2582061821440,40.409370953525645,0.0
0,1,1973,2582801448903,40.4209461529541,5.657462290018584e-41
0,0,1974,2583538578432,40.432482259615384,0.0
0,1,1974,2584622446081,40.44944483174642,5.701182802105518e-41
0,0,1975,2585362270720,40.46102311698718,0.0
0,1,1975,2585754868074,40.46716728130634,5.593843339738237e-41
0,0,1976,2586491670016,40.47869826121795,0.0
0,1,1976,2587231366443,40.490274539935776,5.699641373794761e-41
0,0,1977,2587631986176,40.496544254807695,0.0
0,1,1977,2588368964279,40.50807799164601,5.548020879954816e-41
0,0,1978,2588766961152,40.514306658653844,0.0
0,1,1978,2589162723316,40.5205003523763,5.724724616306175e-41
0,0,1979,2589901941248,40.53206914262821,0.0
0,1,1979,2590295242622,40.538224324888574,5.63237904750717e-41
0,0,1980,2590695682560,40.544491225961536,0.0
0,1,1980,2591438078757,40.55610975618803,5.685628389151513e-41
0,0,1981,2591836227584,40.562340801282055,0.0
0,1,1981,2592575773885,40.57391473052196,5.809082783858529e-41
0,0,1982,2593312987136,40.5854521474359,0.0
0,1,1982,2594396758234,40.602413208539915,5.681424493758538e-41
0,0,1983,2595137510912,40.614006017628206,0.0
0,1,1983,2595878464697,40.625601974049104,5.655360342322097e-41
0,0,1984,2596278666240,40.63186514423077,0.0
0,1,1984,2597016062043,40.64340541809082,5.668952937426047e-41
0,0,1985,2597414845952,40.64964640224359,0.0
0,1,1985,2598153823732,40.661211434107074,5.676660078979834e-41
0,0,1986,2598891969024,40.6727634375,0.0
0,1,1986,2599286026607,40.678930454461515,5.65325839462561e-41
0,0,1987,2600027459584,40.69053391025641,0.0
0,1,1987,2600423897846,40.696738184939655,5.732011368320664e-41
0,0,1988,2600821553152,40.702961506410254,0.0
0,1,1988,2601561697401,40.71454479356032,5.660545146640099e-41
0,0,1989,2601962109440,40.72081125801282,0.0
0,1,1989,2602699367461,40.732349375579055,5.785120580118575e-41
0,0,1990,2603785892864,40.749353541666665,0.0
0,1,1990,2604181189117,40.755539943863305,5.651156446929122e-41
0,0,1991,2604921417728,40.76712455128205,0.0
0,1,1991,2605663003636,40.77873040045323,5.644990733686093e-41
0,0,1992,2606062321664,40.784979743589744,0.0
0,1,1992,2606800935797,40.796539084363104,5.736075133867206e-41
0,0,1993,2607197522432,40.802745681089746,0.0
0,1,1993,2607938724634,40.814345525246644,5.646952551536148e-41
0,0,1994,2608338480128,40.82060171474359,0.0
0,1,1994,2608732198493,40.826763422929815,5.678762026676321e-41
0,0,1995,2609473572352,40.838365953525646,0.0
0,1,1995,2609869906420,40.84456859756861,5.826879274355454e-41
0,0,1996,2610267533312,40.85079147435898,0.0
0,1,1996,2611007918446,40.86237853136894,5.638124371210901e-41
0,0,1997,2611408423936,40.86864645833334,0.0
0,1,1997,2612145744648,40.880185557016226,5.689692154698055e-41
0,0,1998,2612884811264,40.89175197916667,0.0
0,1,1998,2613966986033,40.908688057657876,5.76171889576435e-41
0,0,1999,2614367011840,40.9149484775641,0.0
0,1,1999,2614760415861,40.92110526625413,5.677220598365564e-41
0,0,2000,2615501694976,40.93270631410257,0.0
0,1,2000,2616242582121,40.9443012276048,5.772088504400354e-41
0,0,2001,2616642247168,40.950556001602564,0.0
0,1,2001,2617380669433,40.96211233963404,5.787222527815062e-41
0,0,2002,2618118747136,40.973663285256414,0.0
0,1,2002,2618513182062,40.97983620765099,5.550122827651303e-41
0,0,2003,2618912655872,40.98608798878205,0.0
0,1,2003,2619651309296,40.997647944461136,5.656341251247124e-41
0,0,2004,2620047923200,41.00385496794872,0.0
0,1,2004,2620444892720,41.010067556840944,5.737196172638666e-41
0,0,2005,2621183230464,41.02162257211538,0.0
0,1,2005,2621577158576,41.02778756285056,5.619346971788949e-41
0,0,2006,2622318578688,41.03939081730769,0.0
0,1,2006,2623059085205,41.050979773966475,5.533447375925838e-41
0,0,2007,2623459542016,41.05724693910256,0.0
0,1,2007,2624541044589,41.07417249769944,5.61318125854592e-41
0,0,2008,2625283188736,41.08578708333334,0.0
0,1,2008,2626028016501,41.09744366769644,5.642888785989606e-41
0,0,2009,2626766154752,41.108995560897434,0.0
0,1,2009,2627504221002,41.1205463272799,5.705947216884223e-41
0,0,2010,2627902172160,41.126774278846156,0.0
0,1,2010,2628297556102,41.13296205337916,5.59286243081321e-41
0,0,2011,2629037358592,41.14453999198718,0.0
0,1,2011,2629435197990,41.15076619450496,5.685067869765783e-41
0,0,2012,2630172886528,41.16231104967949,0.0
0,1,2012,2630567404429,41.16848527063615,5.658443198943611e-41
0,0,2013,2631308535808,41.180084006410254,0.0
0,1,2013,2631704720676,41.18628431546725,5.637143462285874e-41
0,0,2014,2632102818304,41.19251455929487,0.0
0,1,2014,2632842260662,41.20408686182267,5.616264115167434e-41
0,0,2015,2633579504128,41.21562475160257,0.0
0,1,2015,2633974535729,41.2218070119848,5.70804916458071e-41
0,0,2016,2634714685952,41.23339039262821,0.0
0,1,2016,2635800338030,41.25038089114458,5.667271379268858e-41
0,0,2017,2636543754752,41.26201539262821,0.0
0,1,2017,2637281856075,41.27356670790452,5.671475274661832e-41
0,0,2018,2638714268672,41.295984022435896,0.0
0,1,2018,2639451665130,41.307524306546725,5.669373326965345e-41
0,0,2019,2639849798656,41.313755112179486,0.0
0,1,2019,2640594588330,41.32541110041692,5.555307631969305e-41
0,0,2020,2640990928384,41.331613838141024,0.0
0,1,2020,2641387900887,41.33782647371732,5.695437478401787e-41
0,0,2021,2642126427648,41.34938444711538,0.0
0,1,2021,2642863882148,41.36092563958584,5.677220598365564e-41
0,0,2022,2643603684352,41.37250357371795,0.0
0,1,2022,2644350594467,41.384192746941984,5.696978906712544e-41
0,0,2023,2645091809280,41.39579278846154,0.0
0,1,2023,2645831981444,41.40737651248247,5.694456569476759e-41
0,0,2024,2646569280000,41.41891526442308,0.0
0,1,2024,2646963848950,41.425090284298626,5.692354621780272e-41
0,0,2025,2647363619840,41.43134671474359,0.0
0,1,2025,2648106481836,41.44297253474309,5.72668643415623e-41
0,0,2026,2648504592384,41.44920298076923,0.0
0,1,2026,2649243785764,41.46077138678135,5.668392418040318e-41
0,0,2027,2649640130560,41.46697419871795,0.0
0,1,2027,2650036953468,41.4731844931265,5.764241233000135e-41
0,0,2028,2650775423488,41.48474157852564,0.0
0,1,2028,2651168756454,41.49089725520207,5.767464219468082e-41
0,0,2029,2651905716736,41.502430713141024,0.0
0,1,2029,2652300489797,41.508608927361905,5.644990733686093e-41
0,0,2030,2653041516032,41.520206017628205,0.0
0,1,2030,2653787299418,41.53187755749825,5.723043058148985e-41
0,0,2031,2654182627840,41.538064463141026,0.0
0,1,2031,2654924549094,41.549675560490535,5.672035794047562e-41
0,0,2032,2655323645440,41.55592143429487,0.0
0,1,2032,2656067274122,41.56755925296099,5.694456569476759e-41
0,0,2033,2656464965632,41.57378314102564,0.0
0,1,2033,2657210102066,41.58544455607097,5.70804916458071e-41
0,0,2034,2657606038528,41.591640977564104,0.0
0,1,2034,2658347665626,41.603247471360426,5.659564237715071e-41
0,0,2035,2658746857472,41.60949483974359,0.0
0,1,2035,2659141049863,41.615663966455706,5.546479451644058e-41
0,0,2036,2659882483712,41.62726743589744,0.0
0,1,2036,2660278598574,41.63346664935772,5.690813193469515e-41
0,0,2037,2661017948160,41.6450375,0.0
0,1,2037,2661410483461,41.65118069318723,5.724724616306175e-41
0,0,2038,2661806674432,41.657381097756414,0.0
0,1,2038,2662548379313,41.6689888088598,5.569881135998283e-41
0,0,2039,2663636174336,41.686012844551286,0.0
0,1,2039,2664374637291,41.69756981938289,5.674137741744049e-41
0,0,2040,2664771838976,41.70378604166667,0.0
0,1,2040,2665512406131,41.71537594731257,5.724724616306175e-41
0,0,2041,2666254207488,41.72698516826923,0.0
0,1,2041,2666650195446,41.733182395676835,5.661666185411558e-41
0,0,2042,2667389716992,41.7447559375,0.0
0,1,2042,2668126506425,41.75628672164526,5.693896050091029e-41
0,0,2043,2668525767168,41.76253516826923,0.0
0,1,2043,2669269351800,41.77417229755108,5.656901770632854e-41
0,0,2044,2669666786816,41.78039217147436,0.0
0,1,2044,2670412154674,41.79205720831455,5.703284749802005e-41
0,0,2045,2670807847424,41.79824981570513,0.0
0,1,2045,2671205378153,41.80447118754069,5.663628003261613e-41
0,0,2046,2671943211520,41.816018309294876,0.0
0,1,2046,2672337064907,41.822182130580806,5.604212948374241e-41
0,0,2047,2673424822784,41.8392055849359,0.0
0,1,2047,2674167626290,41.85083048956456,5.76788460900738e-41
0,0,2048,2674907027456,41.8624021474359,0.0
0,1,2048,2675299499421,41.86854434941218,5.737756692024396e-41
0,0,2049,2676037174272,41.880088990384614,0.0
0,1,2049,2677124856782,41.89711126524314,5.59174139204175e-41
0,0,2050,2677525996544,41.90338911858974,0.0
0,1,2050,2678612395487,41.9203913055733,5.714775397209469e-41
0,0,2051,2679008992768,41.92659806891026,0.0
0,1,2051,2679750234489,41.93819853154109,5.709590592891467e-41
0,0,2052,2680150312960,41.94445977564103,0.0
0,1,2052,2680887683307,41.95599965111366,5.640226318907389e-41
0,0,2053,2681286304256,41.9622380849359,0.0
0,1,2053,2681681007163,41.968415201243864,5.622990347796193e-41
0,0,2054,2682421965312,41.98001122596154,0.0
0,1,2054,2683162684967,41.991603518238556,5.618926582249651e-41
0,0,2055,2684252421120,42.00865793269231,0.0
0,1,2055,2684999052456,42.02034274301382,5.725705525231203e-41
0,0,2056,2685745842176,42.03203003205128,0.0
0,1,2056,2686141749838,42.038226002823265,5.649615018618365e-41
0,0,2057,2686881536000,42.04980368589744,0.0
0,1,2057,2687279162860,42.056026562187,5.68604877869081e-41
0,0,2058,2687675743744,42.06223306891026,0.0
0,1,2058,2688416588669,42.07382732166779,5.68660929807654e-41
0,0,2059,2688817091584,42.08009520833333,0.0
0,1,2059,2689554159344,42.09163034830729,5.677220598365564e-41
0,0,2060,2689952910848,42.09787082532051,0.0
0,1,2060,2690347535410,42.104046715526096,5.595945287434724e-41
0,0,2061,2691087784960,42.11563165064103,0.0
0,1,2061,2691485428689,42.12185479093112,5.608977363152945e-41
0,0,2062,2691882108928,42.128062852564106,0.0
0,1,2062,2692623056742,42.139658715538616,5.639665799521659e-41
0,0,2063,2693364360704,42.151260152243594,0.0
0,1,2063,2694454311859,42.16831793148726,5.59174139204175e-41
0,0,2064,2695540906496,42.18532318108974,0.0
0,1,2064,2695936474035,42.191513828923156,5.789884994897279e-41
0,0,2065,2696676909568,42.20310167467949,0.0
0,1,2065,2697073815859,42.20931327403533,5.682965922069296e-41
0,0,2066,2697812760064,42.22087778044872,0.0
0,1,2066,2698205767861,42.227028368217276,5.685067869765783e-41
0,0,2067,2698601739776,42.233225344551286,0.0
0,1,2067,2699348483692,42.244911916754305,5.701743321491248e-41
0,0,2068,2699748261376,42.25116845352564,0.0
0,1,2068,2700485949434,42.26271330118815,5.699641373794761e-41
0,0,2069,2700883957760,42.2689421474359,0.0
0,1,2069,2701279354159,42.27513011692145,5.729348901238447e-41
0,0,2070,2702020042752,42.286721923076925,0.0
0,1,2070,2702766356796,42.298401767765924,5.700201893180491e-41
0,0,2071,2703508373504,42.31001435897436,0.0
0,1,2071,2704252748098,42.32166385119316,5.698099945484004e-41
0,0,2072,2704991691264,42.33322834134616,0.0
0,1,2072,2705728621303,42.34476132598095,5.691794102394542e-41
0,0,2073,2706127641600,42.35100600961539,0.0
0,1,2073,2706866482825,42.36256890438764,5.580250744634287e-41
0,0,2074,2707263551488,42.3687830448718,0.0
0,1,2074,2707659900857,42.37498592837603,5.618926582249651e-41
0,0,2075,2708399544832,42.38656138621795,0.0
0,1,2075,2708792132930,42.39270540568034,5.622990347796193e-41
0,0,2076,2709529777664,42.40424957532051,0.0
0,1,2076,2709923827880,42.41041647698818,5.663628003261613e-41
0,0,2077,2710665489920,42.422023517628205,0.0
0,1,2077,2711061183029,42.428216130637146,5.719399682141741e-41
0,0,2078,2711459794432,42.4344544150641,0.0
0,1,2078,2712198681536,42.44601802784455,5.664749042033073e-41
0,0,2079,2712936972288,42.45757230769231,0.0
0,1,2079,2713331058498,42.463739772667516,5.701743321491248e-41
0,0,2080,2714419756544,42.48077794070513,0.0
0,1,2080,2714812969763,42.486931743336214,5.72668643415623e-41
0,0,2081,2715549783040,42.49846290064103,0.0
0,1,2081,2716289133298,42.51003376180013,5.639665799521659e-41
0,0,2082,2717027135488,42.52158352564103,0.0
0,1,2082,2717765702327,42.533142126261396,5.689271765158757e-41
0,0,2083,2718163283456,42.53936428685898,0.0
0,1,2083,2718903179825,42.55094369467711,5.57086204492331e-41
0,0,2084,2719299351040,42.5571437900641,0.0
0,1,2084,2720040843733,42.56874818041679,5.661666185411558e-41
0,0,2085,2720440833536,42.575008036858975,0.0
0,1,2085,2721178276208,42.58654904422075,5.723603577534715e-41
0,0,2086,2721576813568,42.59278616987179,0.0
0,1,2086,2721971592363,42.59896447383,5.685067869765783e-41
0,0,2087,2722712600064,42.61056127403846,0.0
0,1,2087,2723452871292,42.62214654841497,5.5505432171906e-41
0,0,2088,2723848349696,42.628335801282056,0.0
0,1,2088,2724590065694,42.63994368636694,5.762699804689378e-41
0,0,2089,2725331261952,42.6515434375,0.0
0,1,2089,2725727296431,42.65774139296312,5.717437864291686e-41
0,0,2090,2726467199488,42.66932090544872,0.0
0,1,2090,2727209016715,42.68093037477151,5.642328266603876e-41
0,0,2091,2727950174720,42.69252952724359,0.0
0,1,2091,2728690520453,42.70411596762633,5.650175538004095e-41
0,0,2092,2729091258368,42.710387532051286,0.0
0,1,2092,2729827928312,42.72191644618891,5.682405402683566e-41
0,0,2093,2730227068416,42.72816300480769,0.0
0,1,2093,2730621318711,42.73433303771973,5.57086204492331e-41
0,0,2094,2731362945536,42.74593952724359,0.0
0,1,2094,2731758419415,42.75212870929425,5.616264115167434e-41
0,0,2095,2732845383680,42.76913974358975,0.0
0,1,2095,2733589100083,42.780778935093025,5.733552796631422e-41
0,0,2096,2733986245632,42.78699427884616,0.0
0,1,2096,2735070600743,42.80396447977702,5.688711245773027e-41
0,0,2097,2735810100736,42.815537684294874,0.0
0,1,2097,2736557289512,42.827231218574724,5.607435934842188e-41
0,0,2098,2736956760576,42.83348295673077,0.0
0,1,2098,2737694582208,42.84502989483173,5.669373326965345e-41
0,0,2099,2738092422144,42.85125610576923,0.0
0,1,2099,2738832079668,42.86283177565355,5.535969713161622e-41
0,0,2100,2739227979264,42.869027620192306,0.0
0,1,2100,2739625346159,42.87524642801921,5.61206021977446e-41
0,0,2101,2740363826688,42.886803677884615,0.0
0,1,2101,2740757315578,42.8929617947779,5.650175538004095e-41
0,0,2102,2741499602432,42.90457861378205,0.0
0,1,2102,2741894486884,42.910758571276546,5.679322546062051e-41
0,0,2103,2742981900288,42.927776634615384,0.0
0,1,2103,2743725412323,42.93941262775128,5.755413052674889e-41
0,0,2104,2744811769856,42.95641416666667,0.0
0,1,2104,2745206746042,42.96259555980193,5.638124371210901e-41
0,0,2105,2746294769152,42.979623165064105,0.0
0,1,2105,2747032289779,42.991165392424755,5.7481263006604e-41
0,0,2106,2747430696960,42.99740048076923,0.0
0,1,2106,2748175162292,43.00905139304137,5.736075133867206e-41
0,0,2107,2748914260992,43.020618317307694,0.0
0,1,2107,2749306946854,43.0267638667806,5.691794102394542e-41
0,0,2108,2750045284352,43.03831887820513,0.0
0,1,2108,2750438981266,43.04448025068234,5.606875415456458e-41
0,0,2109,2751181416960,43.056099399038466,0.0
0,1,2109,2751576398372,43.06228087396084,5.730469940009907e-41
0,0,2110,2751975875584,43.068532708333336,0.0
0,1,2110,2752719249882,43.080166545879656,5.675679170054807e-41
0,0,2111,2753458861568,43.09174149839744,0.0
0,1,2111,2754883806261,43.114041939932015,5.618926582249651e-41
0,0,2112,2755624390144,43.12563210737179,0.0
0,1,2112,2756021384668,43.131845087577624,5.709030073505737e-41
0,0,2113,2756760356864,43.143410032051285,0.0
0,1,2113,2757153583926,43.149564051325875,5.734533705556449e-41
0,0,2114,2757895518208,43.1611753525641,0.0
0,1,2114,2758291215576,43.16736803222656,5.714214877823739e-41
0,0,2115,2758689367040,43.17359911858974,0.0
0,1,2115,2759428654697,43.185169000040695,5.704405788573465e-41
0,0,2116,2759824922112,43.19137060096154,0.0
0,1,2116,2760571280402,43.20305113810222,5.590760483116723e-41
0,0,2117,2760970992640,43.209306650641025,0.0
0,1,2117,2761364303172,43.21546197622446,5.778394347489816e-41
0,0,2118,2762101286912,43.22699580128205,0.0
0,1,2118,2762495932087,43.23317201408191,5.766903700082352e-41
0,0,2119,2763236929024,43.24476864583333,0.0
0,1,2119,2764326685443,43.261823377450796,5.61262073916019e-41
0,0,2120,2765065873408,43.27339169871795,0.0
0,1,2120,2765458765932,43.27954048245944,5.579269835709259e-41
0,0,2121,2766889884672,43.30193754807692,0.0
0,1,2121,2767284170422,43.308108135861126,5.754432143749861e-41
0,0,2122,2768025554944,43.31971083333333,0.0
0,1,2122,2768421289520,43.325904095302484,5.557829969205089e-41
0,0,2123,2769161188864,43.33748354967949,0.0
0,0,2124,2769939108864,43.34965802884616,0.0
0,1,2124,2770679423741,43.36124398633125,5.679883065447781e-41
0,0,2125,2771080188928,43.3675159775641,0.0
0,1,2125,2771816840822,43.379044609218504,5.594964378509697e-41
0,0,2126,2772215714304,43.38528699519231,0.0
0,1,2126,2772954313758,43.39684610623873,5.689692154698055e-41
0,0,2127,2773692515328,43.40839899038462,0.0
0,1,2127,2774086364016,43.41456273813101,5.610518791463703e-41
0,0,2128,2774827964416,43.42616881410257,0.0
0,1,2128,2775223909139,43.43236536488069,5.740279029260181e-41
0,0,2129,2775963466752,43.44393947115385,0.0
0,1,2129,2776705567485,43.4555533773569,5.600569572366996e-41
0,0,2130,2777104621056,43.46179858173077,0.0
0,1,2130,2777842951802,43.47335348748623,5.627754762574898e-41
0,0,2131,2778240452096,43.479574383012825,0.0
0,1,2131,2778985558585,43.4912353294177,5.692915141166002e-41
0,0,2132,2779382004736,43.49743972756411,0.0
0,1,2132,2779778664818,43.503647473739235,5.625652814878411e-41
0,0,2133,2780518051840,43.51521891025641,0.0
0,1,2133,2780915879667,43.521444931687576,5.593282820352507e-41
0,0,2134,2781654011392,43.53299672275641,0.0
0,1,2134,2782047759469,43.53915889593662,5.783018632422088e-41
0,0,2135,2782448576512,43.54543169871795,0.0
0,1,2135,2783529907785,43.562354576462965,5.636582942900144e-41
0,0,2136,2783925820416,43.568550625,0.0
0,1,2136,2784667334617,43.58015535195375,5.648073590307608e-41
0,0,2137,2785408798720,43.5917592948718,0.0
0,1,2137,2786148924336,43.603342290414666,5.704405788573465e-41
0,0,2138,2786544526336,43.609533477564106,0.0
0,1,2138,2787286477124,43.6211450371219,5.602251130524186e-41
0,0,2139,2787685981696,43.62739729967949,0.0
0,1,2139,2788429068533,43.63902663844964,5.568339707687526e-41
0,0,2140,2788827255808,43.64525828525641,0.0
0,1,2140,2789566597762,43.656829016457586,5.689271765158757e-41
0,0,2141,2789962899456,43.663031153846156,0.0
0,1,2141,2790359746488,43.66924182579628,5.636022423514414e-41
0,0,2142,2791098527232,43.680803774038466,0.0
0,1,2142,2791491379506,43.686951927865834,5.652277485700582e-41
0,0,2143,2792228389376,43.69848616185897,0.0
0,1,2143,2792967395057,43.710051630374224,5.825758235583994e-41
0,0,2144,2793705336320,43.72160044070513,0.0
0,1,2144,2794448628427,43.733232991959014,5.526581013450646e-41
0,0,2145,2795534036992,43.75021967948718,0.0
0,1,2145,2796274061555,43.76180109354655,5.667271379268858e-41
0,0,2146,2796674690048,43.768070945512825,0.0
0,1,2146,2797411381903,43.77960020255847,5.579269835709259e-41
0,0,2147,2797810256384,43.78584260416667,0.0
0,1,2147,2798548725287,43.79739967208471,5.654379433397069e-41
0,0,2148,2798946032128,43.8036175400641,0.0
0,1,2148,2799341960029,43.80981382757725,5.679883065447781e-41
0,0,2149,2800081572352,43.821388790064105,0.0
0,1,2149,2800473852086,43.82752798361754,5.640226318907389e-41
0,0,2150,2801211491840,43.839072075320516,0.0
0,1,2150,2801605665331,43.84524090624687,5.633920475817927e-41
0,0,2151,2802005899264,43.85150458333334,0.0
0,1,2151,2802747987936,43.86311830078125,5.68660929807654e-41
0,0,2152,2803835346944,43.880135512820516,0.0
0,1,2152,2804573380642,43.89168576976287,5.779375256414843e-41
0,0,2153,2805318218240,43.90334250801282,0.0
0,1,2153,2806054721525,43.91486881393042,5.585996068338018e-41
0,0,2154,2806795713536,43.926465368589746,0.0
0,1,2154,2807197465011,43.93275279526931,5.640786838293119e-41
0,0,2155,2807936977408,43.94432619391026,0.0
0,1,2155,2808334629175,43.95054945999537,5.672596313433292e-41
0,0,2156,2809072380928,43.96209530448718,0.0
0,1,2156,2809466079911,43.968256709344324,5.691373712855245e-41
0,0,2157,2810207513088,43.979860168269234,0.0
0,1,2157,2810603138612,43.98605172357021,5.677220598365564e-41
0,0,2158,2811001117696,43.992280112179486,0.0
0,1,2158,2811740335540,44.00384890105419,5.529243480532863e-41
0,0,2159,2812136122880,44.010042988782054,0.0
0,1,2159,2812877721934,44.021649043688655,5.663207613722316e-41
0,0,2160,2813965331456,44.038670176282054,0.0
0,1,2160,2814359077176,44.044832312575124,5.729348901238447e-41
0,0,2161,2815448409600,44.06188040865385,0.0
0,1,2161,2816539451908,44.07895526448568,5.659003718329341e-41
0,0,2162,2816937070080,44.085178004807695,0.0
0,1,2162,2817676857752,44.096755711513424,5.692354621780272e-41
0,0,2163,2818072745984,44.10295137820513,0.0
0,1,2163,2818819666246,44.11464071023012,5.568339707687526e-41
0,0,2164,2819219618816,44.12089998397436,0.0
0,1,2164,2819618323632,44.12713973031851,5.616824634553164e-41
0,0,2165,2820355728896,44.138680152243595,0.0
0,1,2165,2820750155803,44.1448529491405,5.557409579665792e-41
0,0,2166,2821491522560,44.15645536858975,0.0
0,1,2166,2821887243173,44.162648412037385,5.654799822936367e-41
0,0,2167,2822627140096,44.174227828525645,0.0
0,1,2167,2823368708979,44.18583341125488,5.722622668609688e-41
0,0,2168,2824109577216,44.197428028846154,0.0
0,1,2168,2824505961236,44.203631454639925,5.644990733686093e-41
0,0,2169,2825592002048,44.220628036858976,0.0
0,1,2169,2826336719730,44.232282898418724,5.673577222358319e-41
0,0,2170,2826733021696,44.238485040064106,0.0
0,1,2170,2827474114798,44.25008317680163,5.575626459702015e-41
0,0,2171,2827874618368,44.25635107371795,0.0
0,1,2171,2828616674486,44.26796428169446,5.651156446929122e-41
0,0,2172,2829016109056,44.27421544871795,0.0
0,1,2172,2829409572849,44.280373172842175,5.682965922069296e-41
0,0,2173,2830151805952,44.29198915064103,0.0
0,1,2173,2830546463606,44.29816555873773,5.72836799231342e-41
0,0,2174,2831287269376,44.30975919871795,0.0
0,1,2174,2831683627244,44.31596221523187,5.586556587723748e-41
0,0,2175,2832081727488,44.3221925,0.0
0,1,2175,2832820866191,44.33376005031488,5.582913211716504e-41
0,0,2176,2833559286784,44.34531636217949,0.0
0,1,2176,2834301967990,44.35693935280825,5.691373712855245e-41
0,0,2177,2834700731904,44.36318002403846,0.0
0,1,2177,2835783523932,44.380125762657755,5.714775397209469e-41
0,0,2178,2836184004096,44.38639329326923,0.0
0,1,2178,2836926266877,44.398009735529975,5.622990347796193e-41
0,0,2179,2837325003776,44.40424998397436,0.0
0,1,2179,2837719409963,44.41042245660244,5.547460360569086e-41
0,0,2180,2838460380160,44.4220186698718,0.0
0,1,2180,2838856499386,44.42821795162886,5.640786838293119e-41
0,0,2181,2839595853824,44.43978887820513,0.0
0,1,2181,2839988393015,44.44593213227101,5.675679170054807e-41
0,0,2182,2840725655552,44.45747032051282,0.0
0,1,2182,2841119865761,44.46363972607735,5.579269835709259e-41
0,0,2183,2841519680512,44.46989684294872,0.0
0,1,2183,2842262013764,44.48151438808343,5.661105666025828e-41
0,0,2184,2843001574912,44.49308854967949,0.0
0,1,2184,2843748540740,44.504778594814205,5.607856324381485e-41
0,0,2185,2844489504256,44.51637470352564,0.0
0,1,2185,2844891218665,44.52266155012082,5.751769676667644e-41
0,0,2186,2846324485632,44.545092235576924,0.0
0,1,2186,2846721876317,44.551311415718274,5.659984627254369e-41
0,0,2187,2847460344832,44.5628684775641,0.0
0,1,2187,2847853305014,44.569018320156,5.590199963730993e-41
0,0,2188,2848591139328,44.58056545673077,0.0
0,1,2188,2848985196083,44.58673246073405,5.550122827651303e-41
0,0,2189,2849385674752,44.59299996794872,0.0
0,1,2189,2850122731949,44.6045349426113,5.687730336848e-41
0,0,2190,2850521654784,44.61077810096154,0.0
0,1,2190,2851260566854,44.62234210446089,5.581371783405746e-41
0,0,2191,2851657651200,44.62855649038462,0.0
0,1,2191,2852397788891,44.64013967490172,5.709030073505737e-41
0,0,2192,2852793278976,44.64632911057692,0.0
0,1,2192,2853535442548,44.657944000212844,5.824777326658967e-41
0,0,2193,2854276235264,44.66953743589744,0.0
0,1,2193,2855017078347,44.6811316598276,5.608416843767215e-41
0,0,2194,2855417501696,44.68739830128205,0.0
0,1,2194,2856154318814,44.69892951869867,5.809643303244259e-41
0,0,2195,2856894460928,44.7105127724359,0.0
0,1,2195,2857291728238,44.716730021753555,5.718418773216714e-41
0,0,2196,2857688485376,44.722939286858974,0.0
0,1,2196,2858429067508,44.734529426895534,5.650175538004095e-41
0,0,2197,2858829448704,44.740795408653845,0.0
0,1,2197,2859566700157,44.75233342343061,5.572963992619797e-41
0,0,2198,2859964904960,44.758565344551286,0.0
0,1,2198,2860709325882,44.77021556180514,5.627754762574898e-41
0,0,2199,2861106001408,44.776423549679485,0.0
0,1,2199,2861502515067,44.782629004328804,5.661666185411558e-41
0,0,2200,2862241325568,44.79419141826923,0.0
0,1,2200,2862983909208,44.80581288198618,5.74756578127467e-41
0,0,2201,2863723471872,44.81738706730769,0.0
0,1,2201,2864115835056,44.823527566856974,5.659564237715071e-41
0,0,2202,2864853529088,44.83507250801282,0.0
0,1,2202,2865247675442,44.84124091424404,5.695437478401787e-41
0,0,2203,2865989544960,44.85285120192308,0.0
0,1,2203,2866384940474,44.85903915755834,5.561473345212334e-41
0,0,2204,2867125457920,44.87062828525641,0.0
0,1,2204,2867522149688,44.87683652731871,5.600149182827699e-41
0,0,2205,2868261560832,44.88840834134616,0.0
0,1,2205,2868659409626,44.89463469091171,5.577167888012772e-41
0,0,2206,2869397191680,44.90618100961539,0.0
0,1,2206,2869791446578,44.91235111456456,5.620468010560409e-41
0,0,2207,2870191424512,44.91861078525641,0.0
0,1,2207,2870929066440,44.93015491098257,5.677781117751294e-41
0,0,2208,2871327299072,44.936387267628206,0.0
0,1,2208,2872066596205,44.947957297378935,5.696558517173246e-41
0,0,2209,2872463101952,44.95416262820513,0.0
0,1,2209,2873204201716,44.96576086920323,5.620468010560409e-41
0,0,2210,2873946121728,44.97737194711539,0.0
0,1,2210,2874690886903,44.989027551942485,5.696978906712544e-41
0,0,2211,2875434213376,45.00066064102564,0.0
0,1,2211,2876516279088,45.017595012770435,5.636582942900144e-41
0,0,2212,2876917091840,45.023867748397436,0.0
0,1,2212,2877653816502,45.03539751887395,5.577167888012772e-41
0,0,2213,2878053114880,45.04164655448718,0.0
0,1,2213,2878447155703,45.04781330915402,5.65269787523988e-41
0,0,2214,2879188946944,45.059422371794874,0.0
0,1,2214,2879584513898,45.06561301047301,5.600569572366996e-41
0,0,2215,2880324523008,45.07719418269231,0.0
0,1,2215,2880721773842,45.083411174159906,5.588658535420235e-41
0,0,2216,2881460425728,45.09497110576923,0.0
0,1,2216,2881853869686,45.10112851947491,5.624671905953383e-41
0,0,2217,2882254386176,45.107396618589746,0.0
0,1,2217,2882996785716,45.11901520113432,5.658022809404314e-41
0,0,2218,2883737209344,45.13060286057692,0.0
0,1,2218,2884478680600,45.14220691543971,5.764801752385865e-41
0,0,2219,2885220109824,45.1538103125,0.0
0,1,2219,2885616130996,45.160008059708034,5.740279029260181e-41
0,0,2220,2886355917312,45.17158574519231,0.0
0,1,2220,2886753794871,45.177812544931264,5.53751114147238e-41
0,0,2221,2887491779584,45.18936203525641,0.0
0,1,2221,2887885901491,45.1955300588911,5.608416843767215e-41
0,0,2222,2888627121664,45.207130184294876,0.0
0,1,2222,2889023647275,45.21333582599347,5.642328266603876e-41
0,0,2223,2889420940800,45.219553485576924,0.0
0,1,2223,2890161381834,45.231141417424126,5.628735671499925e-41
0,0,2224,2890562018304,45.23741139423077,0.0
0,1,2224,2891299497829,45.248952978343475,5.628315281960628e-41
0,0,2225,2891697799168,45.255186410256414,0.0
0,1,2225,2892093154468,45.26137373654097,5.589639444345263e-41
0,0,2226,2892833122304,45.27295426282051,0.0
0,1,2226,2893575109250,45.28456638825246,5.716877344905956e-41
0,0,2227,2894315491840,45.29615340544872,0.0
0,1,2227,2895056759414,45.307754272680036,5.59118087265602e-41
0,0,2228,2895456243712,45.314006217948716,0.0
0,1,2228,2896194597367,45.325561482230945,5.730890329549204e-41
0,0,2229,2896591651840,45.33177540064103,0.0
0,1,2229,2897332462999,45.34336912495931,5.675118650669077e-41
0,0,2230,2897732443648,45.34962883814103,0.0
0,1,2230,2898470147885,45.36117393900553,5.583894120641531e-41
0,0,2231,2898867603968,45.36739414262821,0.0
0,1,2231,2899263564907,45.373590947187374,5.737196172638666e-41
0,0,2232,2900002406400,45.38515384615385,0.0
0,1,2232,2900395797964,45.39131043989133,5.652277485700582e-41
0,0,2233,2901137036800,45.40291085737179,0.0
0,1,2233,2901533748073,45.40911940468813,5.61206021977446e-41
0,0,2234,2901931070464,45.415337516025645,0.0
0,0,2235,2903738321408,45.44362106570513,0.0
0,1,2235,2904131128412,45.44976851105519,5.658443198943611e-41
0,0,2236,2904867798528,45.46129742788462,0.0
0,1,2236,2905607979048,45.472881282677285,5.594964378509697e-41
0,0,2237,2906349553152,45.484486947115386,0.0
0,1,2237,2906746239415,45.490695103024215,5.59174139204175e-41
0,0,2238,2907143376896,45.496910320512825,0.0
0,1,2238,2907884239173,45.50850484482985,5.508924652800153e-41
0,0,2239,2908284293120,45.514765705128205,0.0
0,1,2239,2909022263015,45.52631496355106,5.672596313433292e-41
0,0,2240,2909420418048,45.532546105769235,0.0
0,1,2240,2909815884835,45.5387351768298,5.649615018618365e-41
0,0,2241,2910556074496,45.55031917467949,0.0
0,1,2241,2910953822643,45.55654394911546,5.691794102394542e-41
0,0,2242,2911691928064,45.568095328525644,0.0
0,1,2242,2912086309672,45.57426741649139,5.65269787523988e-41
0,0,2243,2912827492352,45.5858669551282,0.0
0,1,2243,2913224011962,45.59207250291091,5.671475274661832e-41
0,0,2244,2913963402752,45.60364399839744,0.0
0,1,2244,2914700542579,45.615180266222836,5.582352692330774e-41
0,0,2245,2915440701440,45.626763782051285,0.0
0,1,2245,2916527029929,45.643764866426906,5.585575678798721e-41
0,0,2246,2916923693568,45.649972668269235,0.0
0,1,2246,2917664749128,45.661570217472956,5.634480995203657e-41
0,0,2247,2918065277952,45.667838509615386,0.0
0,1,2247,2918802318303,45.679373220637395,5.640226318907389e-41
0,0,2248,2919201056768,45.68561349358974,0.0
0,1,2248,2919924060943,45.69692853789501,5.737756692024396e-41
0,0,2249,2920320392192,45.70313113782051,0.0
0,1,2249,2920717128248,45.709340072991786,5.63237904750717e-41
0,0,2250,2921456047616,45.72090419070513,0.0
0,1,2250,2921849137076,45.7270560565029,5.615283206242407e-41
0,0,2251,2922585713664,45.73858350961539,0.0
0,1,2251,2923325327217,45.75015849135179,5.774750971482571e-41
0,0,2252,2923720882688,45.756348950320515,0.0
0,1,2252,2924463020801,45.76796344152206,5.648634109693338e-41
0,0,2253,2925203326464,45.77954925480769,0.0
0,1,2253,2925944737530,45.791152367694565,5.673016702972589e-41
0,0,2254,2926343913472,45.79739948717949,0.0
0,1,2254,2926738203700,45.803570145044574,5.625092295492681e-41
0,0,2255,2927478556160,45.81515669070513,0.0
0,1,2255,2927876033454,45.8213772262808,5.698660464869734e-41
0,0,2256,2928613061120,45.83291173878205,0.0
0,1,2256,2929007953202,45.83909181568635,5.544377503947571e-41
0,0,2257,2929747552256,45.85066657051282,0.0
0,1,2257,2930140122791,45.856810315113556,5.64653216199685e-41
0,0,2258,2930876583936,45.86833596153846,0.0
0,1,2258,2931272165383,45.87452682703263,5.770547076089597e-41
0,0,2259,2932011468800,45.88609695512821,0.0
0,1,2259,2932748543439,45.89763220275879,5.626633723803438e-41
0,0,2260,2933488204800,45.90920793269231,0.0
0,1,2260,2934235143131,45.92089754749787,5.701182802105518e-41
0,0,2261,2934975372288,45.93248216346154,0.0
0,1,2261,2935721583575,45.944160399999376,5.627754762574898e-41
0,0,2262,2936121446400,45.950418269230774,0.0
0,1,2262,2936864118645,45.96204111961952,5.540173608554597e-41
0,0,2263,2937602957824,45.9736039823718,0.0
0,1,2263,2937995642617,45.97974951511481,5.671054885122535e-41
0,0,2264,2938732686336,45.99128427884615,0.0
0,1,2264,2939127370855,45.997461107381184,5.575626459702015e-41
0,0,2265,2939867790848,46.0090487099359,0.0
0,1,2265,2940264343019,46.01525476729955,5.709030073505737e-41
0,0,2266,2940661304832,46.02146723557692,0.0
0,1,2266,2941401644918,46.033053587583886,5.516211404814642e-41
0,0,2267,2941801675776,46.03931408653846,0.0
0,1,2267,2942539154692,46.050855661120295,5.572963992619797e-41
0,0,2268,2943278020608,46.062418942307694,0.0
0,1,2268,2943670790757,46.068565810875526,5.563575292908821e-41
0,0,2269,2944408006144,46.08010326121795,0.0
0,1,2269,2945152155236,46.09174922432142,5.829962130976969e-41
0,0,2270,2945890127360,46.103298517628204,0.0
0,1,2270,2946283600317,46.109456385169395,5.63237904750717e-41
0,0,2271,2947025851904,46.12107265224359,0.0
0,1,2271,2947420705634,46.12725212893755,5.702724230416276e-41
0,0,2272,2947820002816,46.133501145833335,0.0
0,1,2272,2948563238133,46.14513280832144,5.595384768048995e-41
0,0,2273,2948961335808,46.15136305288462,0.0
0,1,2273,2949361813605,46.15763054645245,5.631398138582142e-41
0,0,2274,2950102395392,46.16922068108975,0.0
0,1,2274,2950499443708,46.175434503142526,5.663628003261613e-41
0,0,2275,2951238452224,46.18700001602564,0.0
0,1,2275,2951631223652,46.193146904609875,5.669373326965345e-41
0,0,2276,2952027174912,46.19934355769231,0.0
0,1,2276,2952773963023,46.21103082154885,5.570441655384013e-41
0,0,2277,2953515752960,46.22263986378205,0.0
0,1,2277,2953911248547,46.22882938556378,5.614162167470947e-41
0,0,2278,2954651263488,46.240410649038466,0.0
0,1,2278,2955392685693,46.25201393625113,5.53134542822935e-41
0,0,2279,2955792347648,46.25826866185898,0.0
0,1,2279,2956535345205,46.269896603393555,5.684507350380053e-41
0,0,2280,2956933063680,46.27612091346154,0.0
0,1,2280,2957672975295,46.287700559880186,5.601130091752726e-41
0,0,2281,2958068326400,46.29388782051282,0.0
0,1,2281,2958460861667,46.300031013167946,5.651716966314852e-41
0,0,2282,2959197757952,46.31156346955128,0.0
0,1,2282,2959592807501,46.317746010820436,5.714214877823739e-41
0,0,2283,2960332546560,46.32932295673077,0.0
0,1,2283,2960730218472,46.335546538085936,5.64597164261112e-41
0,0,2284,2961126316544,46.34174548878205,0.0
0,1,2284,2961867786102,46.35334951707107,5.579830355094989e-41
0,0,2285,2962266923520,46.359596033653844,0.0
0,1,2285,2963005244143,46.37115078098395,5.730469940009907e-41
0,0,2286,2964089887232,46.38812548878205,0.0
0,1,2286,2964486744813,46.39433632582445,5.659564237715071e-41
0,0,2287,2965225424896,46.40589669871795,0.0
0,1,2287,2965618998884,46.41205614739834,5.655360342322097e-41
0,0,2288,2966361318912,46.42367348557693,0.0
0,1,2288,2966756547566,46.42985882984651,5.635602033975117e-41
0,0,2289,2967496588800,46.441440504807694,0.0
0,1,2289,2967893554032,46.44765302659255,5.544377503947571e-41
0,0,2290,2968290689024,46.45386820512821,0.0
0,1,2290,2969030892290,46.465452415896685,5.595384768048995e-41
0,0,2291,2969431625216,46.47172390224359,0.0
0,1,2291,2970168139430,46.48325037920047,5.654379433397069e-41
0,0,2292,2970567200768,46.489495705128206,0.0
0,1,2292,2971305540157,46.50105074614696,5.664188522647343e-41
0,0,2293,2971702524416,46.50726356570513,0.0
0,1,2293,2972448361443,46.51893594505897,5.691373712855245e-41
0,0,2294,2973537168384,46.535975817307694,0.0
0,1,2294,2973930148803,46.54212597660945,5.581371783405746e-41
0,0,2295,2975019849216,46.55917983173077,0.0
0,1,2295,2975766303809,46.570861876017254,5.646952551536148e-41
0,0,2296,2976166194688,46.57712018429487,0.0
0,1,2296,2976908744689,46.58874112156012,5.638124371210901e-41
0,0,2297,2977306873856,46.59497185897436,0.0
0,1,2297,2978051013037,46.60661766697028,5.66685098972956e-41
0,0,2298,2978447814656,46.61282762820513,0.0
0,1,2298,2978844023013,46.619028304865914,5.652277485700582e-41
0,0,2299,2979583041024,46.630593966346154,0.0
0,1,2299,2979975622726,46.636737885710886,5.55222477534779e-41
0,0,2300,2980371765760,46.6429375400641,0.0
0,1,2300,2981112906715,46.654536425703,5.681985013144268e-41
0,0,2301,2981513017344,46.66079817307693,0.0
0,1,2301,2982594346941,46.67772102459247,5.641767747218146e-41
0,0,2302,2982989981184,46.68391271634616,0.0
0,1,2302,2984076354488,46.70091450207833,5.705947216884223e-41
0,0,2303,2984813296128,46.712447668269235,0.0
0,1,2303,2985552663920,46.72401880383614,5.712673449512982e-41
0,0,2304,2985948395008,46.73021201121795,0.0
0,1,2304,2986690321653,46.74182319293683,5.607435934842188e-41
0,0,2305,2987089085440,46.748063862179485,0.0
0,1,2305,2987483664438,46.75423903930664,5.59174139204175e-41
0,0,2306,2988224952320,46.765840224358975,0.0
0,1,2306,2988621340634,46.772043717354016,5.576186979087745e-41
0,0,2307,2989019264000,46.77827123397436,0.0
0,1,2307,2989759309171,46.78985297054976,5.689692154698055e-41
0,0,2308,2990159790080,46.796120512820515,0.0
0,1,2308,2990897258735,46.80766192681728,5.654799822936367e-41
0,0,2309,2991295036928,46.81388717147436,0.0
0,1,2309,2991690700343,46.82007931977101,5.616824634553164e-41
0,0,2310,2992430543872,46.83165790064103,0.0
0,1,2310,2993172835372,46.84327479235527,5.573524512005527e-41
0,0,2311,2993571178496,46.84950887820513,0.0
0,1,2311,2994310759857,46.861083356135445,5.630837619196412e-41
0,0,2312,2994706605568,46.867278357371795,0.0
0,1,2312,2995448764745,46.87889317822579,5.656901770632854e-41
0,0,2313,2995847659008,46.885135889423076,0.0
0,1,2313,2996586704618,46.89670198282878,5.66685098972956e-41
0,0,2314,2996983418880,46.90291057692308,0.0
0,1,2314,2997724738685,46.91451226157164,5.661105666025828e-41
0,0,2315,2998124328960,46.92076586538462,0.0
0,1,2315,2998518342074,46.9269321864045,5.656901770632854e-41
0,0,2316,2999259316736,46.93852846955129,0.0
0,1,2316,2999656180537,46.94473940393693,5.589639444345263e-41
0,0,2317,3000394910720,46.95630056089744,0.0
0,1,2317,3000788271290,46.96245666957758,5.622990347796193e-41
0,0,2318,3001189023232,46.96872845352564,0.0
0,1,2318,3001930944103,46.98033954488119,5.638684890596631e-41
0,0,2319,3002330440704,46.98659168269231,0.0
0,1,2319,3003417797749,47.003608864010545,5.624671905953383e-41
0,0,2320,3004159962112,47.01522376602564,0.0
0,1,2320,3004899605081,47.02679920812363,5.614722686856677e-41
0,0,2321,3005636475392,47.038331258012825,0.0
0,1,2321,3006031874998,47.04451927768805,5.636582942900144e-41
0,0,2322,3006771194880,47.05608966346154,0.0
0,1,2322,3007164033847,47.06223760903383,5.661666185411558e-41
0,0,2323,3007900916224,47.07376984775641,0.0
0,1,2323,3008296166563,47.07995553139711,5.680303454987078e-41
0,0,2324,3009036425728,47.09154061698718,0.0
0,1,2324,3009433966650,47.0977621483436,5.696978906712544e-41
0,0,2325,3009830843904,47.103973293269235,0.0
0,1,2325,3010571832758,47.115569798521385,5.662647094336586e-41
0,0,2326,3010971993600,47.12183233173077,0.0
0,1,2326,3011709338972,47.133371816343654,5.653818914011339e-41
0,0,2327,3012448930304,47.14494645032051,0.0
0,1,2327,3013190913332,47.156558514435595,5.645411123225391e-41
0,0,2328,3013931415552,47.168147403846156,0.0
0,1,2328,3014328315593,47.17435890538925,5.76059785699289e-41
0,0,2329,3015066583040,47.18591282051282,0.0
0,1,2329,3015460028979,47.19207026522123,5.730890329549204e-41
0,0,2330,3016201657344,47.20367677884615,0.0
0,1,2330,3016597368244,47.20986967028496,5.658443198943611e-41
0,0,2331,3016995525120,47.216100841346154,0.0
0,1,2331,3017734775640,47.227670141601564,5.684086960840755e-41
0,0,2332,3018130768896,47.233867451923075,0.0
0,1,2332,3018872585448,47.24547691068209,5.7481263006604e-41
0,0,2333,3019272043008,47.2517284375,0.0
0,1,2333,3019666121765,47.257895785835466,5.695437478401787e-41
0,0,2334,3020407272960,47.26949483173077,0.0
0,1,2334,3020803875765,47.275701681518555,5.641767747218146e-41
0,0,2335,3021542319616,47.2872583573718,0.0
0,1,2335,3021935878432,47.293417568609776,5.606875415456458e-41
0,0,2336,3022677809152,47.30502881410256,0.0
0,1,2336,3023761889108,47.32199470884665,5.682405402683566e-41
0,0,2337,3024160277504,47.32822950320513,0.0
0,1,2337,3024899652844,47.33980075689854,5.729348901238447e-41
0,0,2338,3025295515648,47.34599602564103,0.0
0,1,2338,3026036959353,47.35759964932955,5.629296190885655e-41
0,0,2339,3026436553216,47.363853309294875,0.0
0,1,2339,3027179623470,47.37548238854042,5.598047235131212e-41
0,0,2340,3027577496576,47.38170911858975,0.0
0,1,2340,3028317023667,47.39328274719239,5.709030073505737e-41
0,0,2341,3028713128960,47.399481810897434,0.0
0,1,2341,3029110061288,47.40569381773337,5.681424493758538e-41
0,0,2342,3029848982016,47.41725795673077,0.0
0,1,2342,3030242195029,47.423411756137945,5.755973572060619e-41
0,0,2343,3030984263168,47.43502515224359,0.0
0,1,2343,3031379542505,47.44121128970415,5.687730336848e-41
0,0,2344,3032119868416,47.45279741987179,0.0
0,1,2344,3032516903801,47.459011039553914,5.692354621780272e-41
0,0,2345,3033255377408,47.470568181089746,0.0
0,1,2345,3034336934780,47.48749459729317,5.565256851066011e-41
0,0,2346,3034732424704,47.49368403044872,0.0
0,1,2346,3035474305814,47.50529449954302,5.670494365736805e-41
0,0,2347,3035873582080,47.51154318910257,0.0
0,1,2347,3036611724971,47.52309515491975,5.662647094336586e-41
0,0,2348,3037008842240,47.52931005608974,0.0
0,1,2348,3037754607188,47.54098130740435,5.667271379268858e-41
0,0,2349,3038155162624,47.54725001602564,0.0
0,1,2349,3038892262887,47.558785664672854,5.675679170054807e-41
0,0,2350,3039290701824,47.56502125,0.0
0,1,2350,3039685801252,47.57120457187751,5.568900227073256e-41
0,0,2351,3040426111488,47.58279045673077,0.0
0,1,2351,3040823248044,47.58900565974309,5.732431757859962e-41
0,0,2352,3041561139712,47.60055369391026,0.0
0,1,2352,3041955376670,47.60672351809771,5.691373712855245e-41
0,0,2353,3042696287744,47.618318806089746,0.0
0,1,2353,3043442233899,47.62999289330116,5.563154903369524e-41
0,0,2354,3043842424320,47.636255889423076,0.0
0,1,2354,3044579662255,47.6477936926426,5.68604877869081e-41
0,0,2355,3045318724096,47.6593600400641,0.0
0,1,2355,3046060978057,47.670976344291496,5.678762026676321e-41
0,0,2356,3046459488256,47.6772130448718,0.0
0,1,2356,3046854258872,47.68339122082833,5.672035794047562e-41
0,0,2357,3047594791424,47.6949805849359,0.0
0,1,2357,3047991759954,47.70119315833459,5.783018632422088e-41
0,0,2358,3048729991680,47.71274651442308,0.0
0,1,2358,3049123676087,47.71890769116524,5.681424493758538e-41
0,0,2359,3049523663360,47.725167508012824,0.0
0,1,2359,3050261111625,47.736708602905274,5.61206021977446e-41
0,0,2360,3050658361344,47.74292557692308,0.0
0,1,2360,3051398827236,47.75451389779898,5.678762026676321e-41
0,0,2361,3051799080448,47.76077787660257,0.0
0,1,2361,3052536692341,47.772321532279776,5.619907491174679e-41
0,0,2362,3053275533824,47.783884431089746,0.0
0,1,2362,3054018009160,47.79550419984475,5.65269787523988e-41
0,0,2363,3054757117440,47.807071274038464,0.0
0,1,2363,3055494496784,47.81861129031451,5.745463833578182e-41
0,0,2364,3055892203008,47.82483540865385,0.0
0,1,2364,3056632074662,47.83641442968124,5.690252674083785e-41
0,0,2365,3057032801792,47.842685825320515,0.0
0,1,2365,3057425586400,47.84883292017228,5.714775397209469e-41
0,0,2366,3058162181120,47.86036065705128,0.0
0,1,2366,3058557341227,47.866544928557566,5.664749042033073e-41
0,0,2367,3059297614336,47.878130232371795,0.0
0,1,2367,3059694720983,47.884344967307065,5.563154903369524e-41
0,0,2368,3060432972288,47.8958986298077,0.0
0,1,2368,3060826889519,47.902063450254786,5.578148796937799e-41
0,0,2369,3061568224256,47.91366536858975,0.0
0,1,2369,3061964182217,47.919862126543094,5.715756306134496e-41
0,0,2370,3062703774720,47.931436778846155,0.0
0,1,2370,3064139192171,47.95390111946302,5.643309175528903e-41
0,0,2371,3064879114240,47.96548092948718,0.0
0,1,2371,3065276148987,47.97169453918457,5.684086960840755e-41
0,0,2372,3066014246400,47.983245793269234,0.0
0,1,2372,3066757469939,47.994877271431164,5.658443198943611e-41
0,0,2373,3067154466816,48.00109028846154,0.0
0,1,2373,3067900215964,48.01276129250551,5.689692154698055e-41
0,0,2374,3068300212224,48.01902125,0.0
0,1,2374,3068693346264,48.02517381347656,5.637563851825172e-41
0,0,2375,3069434939904,48.03677978365385,0.0
0,1,2375,3069830656879,48.04297277016664,5.701743321491248e-41
0,0,2376,3070569772544,48.0545399599359,0.0
0,1,2376,3070962457289,48.060685491927714,5.566237759991038e-41
0,0,2377,3071699670528,48.07222290865385,0.0
0,1,2377,3072094351929,48.078399688392054,5.581932302791476e-41
0,0,2378,3072835337216,48.08999613782051,0.0
0,1,2378,3073580822076,48.101663005746694,5.595384768048995e-41
0,0,2379,3074322814464,48.11327521634615,0.0
0,1,2379,3074717852597,48.11945757895445,5.57142256430904e-41
0,0,2380,3075804910592,48.136470080128205,0.0
0,1,2380,3076199302063,48.1426423224503,5.680303454987078e-41
0,0,2381,3076939994112,48.154234182692306,0.0
0,1,2381,3077336492856,48.16043940392127,5.744482924653155e-41
0,0,2382,3077734031360,48.1666608974359,0.0
0,1,2382,3078478910689,48.17831828877767,5.798713175222526e-41
0,0,2383,3078875143680,48.18451935096154,0.0
0,1,2383,3079621438606,48.196198896453076,5.655920861707827e-41
0,0,2384,3080021570048,48.20246096955128,0.0
0,1,2384,3080414800832,48.20861504707532,5.611639830235162e-41
0,0,2385,3081156566528,48.2202237099359,0.0
0,1,2385,3081552018778,48.22641255349184,5.630837619196412e-41
0,0,2386,3082291694080,48.237988501602565,0.0
0,1,2386,3083038704985,48.249679252194134,5.667831898654588e-41
0,0,2387,3083779592192,48.26127416666667,0.0
0,1,2387,3084176067819,48.267479026113655,5.669933846351075e-41
0,0,2388,3084914551808,48.27903633012821,0.0
0,1,2388,3085308042829,48.28519448037172,5.599588663441969e-41
0,0,2389,3086049265664,48.296794647435895,0.0
0,1,2389,3086445778407,48.30300008774977,5.718979292602443e-41
0,0,2390,3087189522432,48.31463971153846,0.0
0,1,2390,3087583165302,48.32080023822491,5.675679170054807e-41
0,0,2391,3087983434752,48.32706447115385,0.0
0,1,2391,3088720851178,48.338605067764675,5.599588663441969e-41
0,0,2392,3089118588928,48.344829679487184,0.0
0,1,2392,3089858270343,48.356405723266604,5.532886856540108e-41
0,0,2393,3090254008832,48.36259904647436,0.0
0,1,2393,3090651353522,48.36881750679212,5.569320616612553e-41
0,0,2394,3091389024768,48.38036209134616,0.0
0,1,2394,3091783420722,48.386534403827376,5.684507350380053e-41
0,0,2395,3092524077056,48.39812570512821,0.0
0,1,2395,3092920865967,48.40433546748235,5.659984627254369e-41
0,0,2396,3094006151680,48.4213202323718,0.0
0,1,2396,3094746612471,48.432908473416845,5.763260324075108e-41
0,0,2397,3095146788864,48.43917125,0.0
0,1,2397,3095539794990,48.44532181161734,5.702724230416276e-41
0,0,2398,3096281238016,48.45692542467949,0.0
0,1,2398,3096677208494,48.46312237852439,5.580811264020016e-41
0,0,2399,3097416153088,48.47468689102564,0.0
0,1,2399,3097808887595,48.480833201794745,5.739298120335153e-41
0,0,2400,3098545553920,48.49236205929488,0.0
0,1,2400,3098940585608,48.498544321038665,5.660545146640099e-41
0,0,2401,3099339072512,48.504780657051285,0.0
0,1,2401,3100082796600,48.51641996882512,5.74140006803164e-41
0,0,2402,3100479889920,48.52263449519231,0.0
0,1,2402,3101225217000,48.53429889385517,5.777273308718356e-41
0,0,2403,3101620412416,48.54048371794872,0.0
0,1,2403,3102356964173,48.552010782455056,5.683526441455026e-41
0,0,2404,3103096654336,48.56358696314103,0.0
0,1,2404,3103843688794,48.575278082337995,5.702724230416276e-41
0,0,2405,3104589773312,48.586954334935896,0.0
0,1,2405,3105335769462,48.59862920457107,5.721081240298931e-41
0,0,2406,3106077323776,48.610234559294874,0.0
0,1,2406,3106472558839,48.616420003865564,5.750788767742617e-41
0,0,2407,3106871140864,48.62265782852564,0.0
0,1,2407,3107615023796,48.63429962621444,5.733552796631422e-41
0,0,2408,3108011674624,48.64050722756411,0.0
0,1,2408,3108752301106,48.652098061679936,5.682405402683566e-41
0,0,2409,3109152665088,48.65836377403846,0.0
0,1,2409,3109545346423,48.664509252663635,5.699080854409031e-41
0,0,2410,3110282195968,48.67604097756411,0.0
0,1,2410,3110676760289,48.68221592499562,5.709590592891467e-41
0,0,2411,3111076020736,48.68846436698718,0.0
0,1,2411,3111819065467,48.70009304679675,5.701743321491248e-41
0,0,2412,3112558586368,48.711666578525644,0.0
0,1,2412,3112955888657,48.71788437526605,5.597486715745482e-41
0,0,2413,3113694555136,48.72944453525641,0.0
0,1,2413,3114780927547,48.746446307013095,5.602671520063484e-41
0,0,2414,3115518224384,48.75798503205128,0.0
0,1,2414,3115912426931,48.764154317705206,5.717437864291686e-41
0,0,2415,3116653848064,48.775757588141026,0.0
0,1,2415,3117049314602,48.781946655304736,5.659984627254369e-41
0,0,2416,3117789647360,48.79353289262821,0.0
0,1,2416,3118186644156,48.799745908390925,5.637143462285874e-41
0,0,2417,3118584014336,48.805964767628204,0.0
0,1,2417,3119329094265,48.817625298368014,5.574085031391257e-41
0,0,2418,3119725264384,48.823825376602564,0.0
0,1,2418,3120471752742,48.83550794931265,5.59174139204175e-41
0,0,2419,3120872074752,48.84177300480769,0.0
0,1,2419,3121270262629,48.84800466103578,5.705386697498493e-41
0,0,2420,3122008150528,48.85955263621795,0.0
0,1,2420,3122407434481,48.86580144607935,5.601130091752726e-41
0,0,2421,3123496850432,48.882850849358974,0.0
0,1,2421,3123894153467,48.88906865777432,5.800815122919013e-41
0,0,2422,3124632133120,48.900618068910255,0.0
0,1,2422,3125025664635,48.906776852886495,5.620888400099706e-41
0,0,2423,3125767759872,48.91839067307693,0.0
0,1,2423,3126162927604,48.924575063914766,5.634480995203657e-41
0,0,2424,3126903535104,48.93616560096154,0.0
0,1,2424,3127300065144,48.94237131197416,5.608416843767215e-41
0,0,2425,3128039642624,48.95394572916667,0.0
0,1,2425,3128437263639,48.96016851398175,5.622569958256896e-41
0,0,2426,3129175295488,48.97171874198718,0.0
0,1,2426,3129568805487,48.977877189237155,5.552645164887088e-41
0,0,2427,3129969026560,48.9841406650641,0.0
0,1,2427,3130711141943,48.99575480054024,5.702303840876978e-41
0,0,2428,3131109715968,49.0019925,0.0
0,1,2428,3131848180659,49.013549502000075,5.771527985014624e-41
0,0,2429,3132586215424,49.025099775641024,0.0
0,1,2429,3133673310193,49.04211285232935,5.695017088862489e-41
0,0,2430,3134415480320,49.05372784455128,0.0
0,1,2430,3135154873289,49.06529937413925,5.554747112583575e-41
0,0,2431,3135892468736,49.076842772435896,0.0
0,1,2431,3136286819631,49.08301437974196,5.629856710271385e-41
0,0,2432,3137028389888,49.09461998397436,0.0
0,1,2432,3137773066032,49.10627419546274,5.663207613722316e-41
0,0,2433,3138169724416,49.1124819150641,0.0
0,1,2433,3138565901429,49.11868210119003,5.628735671499925e-41
0,0,2434,3139305654272,49.130259262820516,0.0
0,1,2434,3139702799864,49.1364746072466,5.664749042033073e-41
0,0,2435,3140441014272,49.14802769230769,0.0
0,1,2435,3140834188648,49.15418088704427,5.696978906712544e-41
0,0,2436,3141571265536,49.16571616987179,0.0
0,1,2436,3141966044870,49.17189448226537,5.521396209132644e-41
0,0,2437,3142707109888,49.18349217948718,0.0
0,1,2437,3143452393670,49.19515590053461,5.677781117751294e-41
0,0,2438,3143848222208,49.20135063301282,0.0
0,1,2438,3144595128448,49.21303974559295,5.685628389151513e-41
0,0,2439,3145336065536,49.22463544070513,0.0
0,1,2439,3146076799078,49.23622795031425,5.790865903822307e-41
0,0,2440,3146477115904,49.24249292467949,0.0
0,1,2440,3147214374894,49.25403105741061,5.615283206242407e-41
0,0,2441,3147612754432,49.260265713141024,0.0
0,1,2441,3148351990644,49.27183478947566,5.491128162303228e-41
0,0,2442,3148747961344,49.27803174679487,0.0
0,1,2442,3149145170616,49.284248087815506,5.700762412566221e-41
0,0,2443,3149883620352,49.295804855769234,0.0
0,1,2443,3150276937770,49.30196028911884,5.596926196359752e-41
0,0,2444,3150677745664,49.30823294871795,0.0
0,1,2444,3151414652339,49.319765567705204,5.609958272077973e-41
0,0,2445,3151812941312,49.32599880608974,0.0
0,1,2445,3152552793909,49.33757752887433,5.699080854409031e-41
0,0,2446,3153289976832,49.34911447115385,0.0
0,1,2446,3154029297910,49.360684875644786,5.639665799521659e-41
0,0,2447,3154766872064,49.37222794070513,0.0
0,1,2447,3155505524412,49.383787879544776,5.66629047034383e-41
0,0,2448,3155901993472,49.38999263621795,0.0
0,1,2448,3156299184126,49.396208685866135,5.685067869765783e-41
0,0,2449,3157037235712,49.40775922275641,0.0
0,1,2449,3157431554423,49.41393032638159,5.556288540894332e-41
0,0,2450,3158172448256,49.42552534455128,0.0
0,1,2450,3158569465583,49.43173868162498,5.68716981746227e-41
0,0,2451,3158966818816,49.437957275641025,0.0
0,1,2451,3159707352718,49.44954666087615,5.627194243189168e-41
0,0,2452,3160107694592,49.45581202724359,0.0
0,1,2452,3160845109299,49.467352596952,5.681985013144268e-41
0,0,2453,3161243446784,49.473586594551286,0.0
0,1,2453,3161982989248,49.48516046374199,5.628735671499925e-41
0,0,2454,3162379455488,49.49136517628205,0.0
0,1,2454,3163120876852,49.502968450333036,5.576607368627042e-41
0,0,2455,3163862609920,49.514576602564105,0.0
0,1,2455,3164603390258,49.526169844532504,5.669373326965345e-41
0,0,2456,3165004124672,49.53244135416667,0.0
0,1,2456,3165741580466,49.543982566888275,5.685628389151513e-41
0,0,2457,3166139411968,49.55020864583334,0.0
0,1,2457,3166879638620,49.56179322259365,5.655920861707827e-41
0,0,2458,3167275233792,49.56798430288462,0.0
0,1,2458,3167667873656,49.57412913248698,5.78147720411133e-41
0,0,2459,3168405528576,49.58567346153846,0.0
0,1,2459,3168800063712,49.59184795222356,5.74756578127467e-41
0,0,2460,3169541292544,49.60344821314103,0.0
0,1,2460,3169937929850,49.609655602870845,5.742380976956668e-41
0,0,2461,3170677626368,49.621231883012825,0.0
0,1,2461,3171070502887,49.627380416275415,5.688150726387297e-41
0,0,2462,3171466847744,49.63358322916667,0.0
0,1,2462,3172552741300,49.65057750682342,5.662647094336586e-41
0,0,2463,3173638278144,49.66756620192308,0.0
0,1,2463,3174378629620,49.679152732183994,5.681985013144268e-41
0,0,2464,3175115983872,49.69069235576923,0.0
0,1,2464,3175510922098,49.69687315482898,5.714775397209469e-41
0,0,2465,3176251872768,49.7084690625,0.0
0,1,2465,3176648471280,49.714675845102164,5.574085031391257e-41
0,0,2466,3177388272128,49.726253758012824,0.0
0,1,2466,3177786192009,49.73248122009277,5.64653216199685e-41
0,0,2467,3178524156928,49.74403040064103,0.0
0,1,2467,3178918440429,49.750200953228294,5.593282820352507e-41
0,0,2468,3179318786048,49.75646637820513,0.0
0,1,2468,3180056283016,49.76800823530149,5.580250744634287e-41
0,0,2469,3180454682112,49.77424319711539,0.0
0,1,2469,3181193877795,49.785811639169545,5.620888400099706e-41
0,0,2470,3181590259200,49.79201502403846,0.0
0,1,2470,3181987169375,49.79822668417906,5.635602033975117e-41
0,0,2471,3182725806592,49.80978638621795,0.0
0,1,2471,3183463598625,49.821332861093374,5.655920861707827e-41
0,0,2472,3184203172352,49.83290721955128,0.0
0,1,2472,3184940052968,49.84443943071415,5.68604877869081e-41
0,0,2473,3185339095552,49.85068446314103,0.0
0,1,2473,3186077535601,49.86224107949281,5.700762412566221e-41
0,0,2474,3186474669056,49.868456233974364,0.0
0,1,2474,3187214995183,49.880042367522414,5.671054885122535e-41
0,0,2475,3187615496704,49.8863102323718,0.0
0,1,2475,3188008216120,49.892456306966146,5.696558517173246e-41
0,0,2476,3188745641984,49.903997051282055,0.0
0,1,2476,3189140378520,49.91017469388522,5.764801752385865e-41
0,0,2477,3189881061376,49.92176641025641,0.0
0,1,2477,3190278211886,49.92798183164939,5.582352692330774e-41
0,0,2478,3191016161280,49.93953076923077,0.0
0,1,2478,3191410382490,49.94570034696139,5.674698261129779e-41
0,0,2479,3191809868288,49.95195231570513,0.0
0,1,2479,3192548092971,49.963505561570386,5.669373326965345e-41
0,0,2480,3193287029760,49.975069951923075,0.0
0,1,2480,3194024705513,49.986614607011845,5.700201893180491e-41
0,0,2481,3194422069760,49.99283337339744,0.0
0,1,2481,3195162393967,50.00441947689741,5.458898297623757e-41
0,0,2482,3195904714752,50.01603682692308,0.0
0,1,2482,3196300327154,50.02222817686423,5.698099945484004e-41
0,0,2483,3196698935808,50.02846641826923,0.0
0,1,2483,3197438089378,50.040034201253256,5.639245409982361e-41
0,0,2484,3197833693184,50.046225416666665,0.0
0,1,2484,3198576093233,50.05784400717711,5.651716966314852e-41
0,0,2485,3198974234112,50.06407492788462,0.0
0,1,2485,3199713900981,50.07565074401855,5.536530232547352e-41
0,0,2486,3200109521920,50.0818422275641,0.0
0,1,2486,3200507320049,50.08806778422038,5.604212948374241e-41
0,0,2487,3201244804096,50.099609439102565,0.0
0,1,2487,3201639624801,50.105788398953955,5.673577222358319e-41
0,0,2488,3202380657152,50.117385584935896,0.0
0,1,2488,3203121690153,50.12898278109037,5.625092295492681e-41
0,0,2489,3203521991168,50.135247508012824,0.0
0,1,2489,3204259896284,50.14679575264173,5.642888785989606e-41
0,0,2490,3204657443840,50.15301738782051,0.0
0,1,2490,3205397712752,50.164602625951524,5.658443198943611e-41
0,0,2491,3205798334976,50.17087237980769,0.0
0,1,2491,3206535699196,50.18241215939253,5.729909420624177e-41
0,0,2492,3206933518336,50.188638044871794,0.0
0,1,2492,3207674040442,50.20022724549905,5.677220598365564e-41
0,0,2493,3208074276352,50.206490953525645,0.0
0,1,2493,3208467825583,50.21265001475799,5.611639830235162e-41
0,0,2494,3209210397696,50.22427129807692,0.0
0,1,2494,3209605776726,50.23045899573693,5.578709316323529e-41
0,0,2495,3210346454016,50.242050625000005,0.0
0,1,2495,3210743574249,50.24826557255672,5.662086574950856e-41
0,0,2496,3211482305024,50.25982673878205,0.0
0,1,2496,3211875353659,50.26597796566694,5.738177081563693e-41
0,0,2497,3212612699648,50.2775174599359,0.0
0,1,2497,3213356648498,50.289160289244045,5.743922405267425e-41
0,0,2498,3214095667200,50.30072596153846,0.0
0,1,2498,3214488584592,50.306875134465145,5.774750971482571e-41
0,0,2499,3215225873408,50.31841373397436,0.0
0,1,2499,3215965088600,50.329982481345155,5.628315281960628e-41
0,0,2500,3216361776128,50.33619065705128,0.0
0,1,2500,3216758655629,50.34240183714255,5.656341251247124e-41
0,0,2501,3217498032128,50.35397310897436,0.0
0,1,2501,3217890876400,50.36012113757011,5.688711245773027e-41
0,0,2502,3218628327424,50.37166227564103,0.0
0,1,2502,3219022729579,50.377834685168146,5.739718509874451e-41
0,0,2503,3219422866944,50.38409685096154,0.0
0,1,2503,3220165411090,50.3957176965958,5.705947216884223e-41
0,0,2504,3220564126720,50.40195761217949,0.0
0,1,2504,3221308052667,50.41360008305477,5.559931916901577e-41
0,0,2505,3221705245696,50.419816169871794,0.0
0,1,2505,3222450768501,50.43148363163875,5.721081240298931e-41
0,0,2506,3223187688448,50.44301645833333,0.0
0,1,2506,3223932405329,50.4546713073574,5.651156446929122e-41
0,0,2507,3224328964096,50.46087746794872,0.0
0,1,2507,3225413955124,50.47785762100611,5.674137741744049e-41
0,0,2508,3226152833536,50.48942109775641,0.0
0,1,2508,3226545782175,50.495570759699895,5.689271765158757e-41
0,0,2509,3227283003904,50.50710830929487,0.0
0,1,2509,3227677846780,50.5132876161233,5.628315281960628e-41
0,0,2510,3228077209600,50.51953766025641,0.0
0,1,2510,3228815416983,50.531090635375975,5.624671905953383e-41
0,0,2511,3229213225472,50.53731635416667,0.0
0,1,2511,3229958162482,50.5489746482184,5.630837619196412e-41
0,0,2512,3230354033152,50.555170040064105,0.0
0,1,2512,3230751201146,50.56138573508238,5.548020879954816e-41
0,0,2513,3231489229312,50.572935905448716,0.0
0,1,2513,3231882979049,50.579098104608,5.744482924653155e-41
0,0,2514,3232624923648,50.59070956730769,0.0
0,1,2514,3233369663210,50.60236477129032,5.743922405267425e-41
0,0,2515,3233766074880,50.60856862980769,0.0
0,1,2515,3234856209136,50.62562927458934,5.754852533289159e-41
0,0,2516,3235595757056,50.637203229166666,0.0
0,1,2516,3235993568373,50.643428992215675,5.681985013144268e-41
0,0,2517,3236731640320,50.654979847756415,0.0
0,1,2517,3237125709800,50.66114705090645,5.596926196359752e-41
0,0,2518,3237526051840,50.667412419871795,0.0
0,1,2518,3238263373169,50.67895152821077,5.702303840876978e-41
0,0,2519,3238661991424,50.685189919871796,0.0
0,1,2519,3239400735471,50.69675129380446,5.537090751933082e-41
0,0,2520,3239797883904,50.702966682692306,0.0
0,1,2520,3240194269238,50.70917012905023,5.702303840876978e-41
0,0,2521,3240933388288,50.720737371794876,0.0
0,1,2521,3241326330775,50.72688693745931,5.70748864519498e-41
0,0,2522,3242064265728,50.738435649038465,0.0
0,1,2522,3242458632949,50.74460751184708,5.614162167470947e-41
0,0,2523,3243200230400,50.75621354166667,0.0
0,1,2523,3243940821238,50.767803817952476,5.703845269187735e-41
0,0,2524,3244682836992,50.77941639423077,0.0
0,1,2524,3245423047383,50.791000716505785,5.566798279376768e-41
0,0,2525,3245818537472,50.797190152243594,0.0
0,1,2525,3246555395126,50.80872200405023,5.673016702972589e-41
0,0,2526,3246954338816,50.81496548878205,0.0
0,1,2526,3247693112781,50.82652733093262,5.620468010560409e-41
0,0,2527,3248089923072,50.83273742788462,0.0
0,1,2527,3248486533382,50.83894439512596,5.658443198943611e-41
0,0,2528,3249225387008,50.85050748397436,0.0
0,1,2528,3249618509946,50.85665987370418,5.610518791463703e-41
0,0,2529,3250360519168,50.86827234775641,0.0
0,1,2529,3250756090357,50.874463052712464,5.701743321491248e-41
0,0,2530,3251154340352,50.88069568108975,0.0
0,1,2530,3251893694340,50.8922666006235,5.654799822936367e-41
0,0,2531,3252289943040,50.89846790865385,0.0
0,1,2531,3253031490851,50.910073161605446,5.541715036865354e-41
0,0,2532,3253772351488,50.92166766025641,0.0
0,1,2532,3254169575092,50.92788422557342,5.671475274661832e-41
0,0,2533,3254907801088,50.93943749198718,0.0
0,1,2533,3255646317688,50.950995306365186,5.578709316323529e-41
0,0,2534,3256043361792,50.9572090625,0.0
0,1,2534,3256440060338,50.96341741063827,5.680303454987078e-41
0,0,2535,3257178463232,50.97497344551282,0.0
0,1,2535,3257572178198,50.98113510050456,5.697539426098274e-41
0,0,2536,3257972246528,50.98739618589744,0.0
0,1,2536,3258709926059,50.99894090011205,5.659003718329341e-41
0,0,2537,3259107863040,51.00516862980769,0.0
0,1,2537,3259847791659,51.01674854233962,5.693896050091029e-41
0,0,2538,3260243085824,51.022934911858975,0.0
0,1,2538,3260980412847,51.03447410930927,5.65325839462561e-41
0,0,2539,3261378308096,51.04070118589744,0.0
0,1,2539,3261774085348,51.046895115747695,5.6657299509581e-41
0,0,2540,3262513368064,51.058464919871795,0.0
0,1,2540,3263250907317,51.070007438730094,5.821133950651723e-41
0,0,2541,3263990318592,51.08157925480769,0.0
0,1,2541,3264727358068,51.093113952135916,5.695997997787516e-41
0,0,2542,3265126090752,51.09935413461539,0.0
0,1,2542,3265864961010,51.11091748375526,5.558951007976549e-41
0,0,2543,3266261444608,51.11712246794872,0.0
0,1,2543,3267002962312,51.12872724972456,5.738177081563693e-41
0,0,2544,3267402543616,51.134980713141026,0.0
0,1,2544,3268140630820,51.14653180745443,5.719399682141741e-41
0,0,2545,3268538043904,51.15275133814103,0.0
0,1,2545,3269278609076,51.16434121275291,5.638684890596631e-41
0,0,2546,3269678946304,51.17060650641026,0.0
0,1,2546,3270416615991,51.18215106656588,5.693335530705299e-41
0,0,2547,3270814902272,51.18838426282051,0.0
0,1,2547,3271210256229,51.19457156808706,5.677220598365564e-41
0,0,2548,3271951397888,51.20617046474359,0.0
0,1,2548,3272348056332,51.21237818528395,5.623550867181923e-41
0,0,2549,3273434300928,51.22937795673077,0.0
0,1,2549,3274175066953,51.24097097470015,5.539613089168867e-41
0,0,2550,3274917159424,51.25258475160256,0.0
0,1,2550,3275657507137,51.26417122297238,5.756393961599916e-41
0,0,2551,3276053223424,51.27036419871795,0.0
0,1,2551,3276795333818,51.281978256116034,5.622009438871166e-41
0,0,2552,3277194733056,51.288228870192306,0.0
0,1,2552,3277588796406,51.2943959774076,5.696978906712544e-41
0,0,2553,3278331180544,51.30601431891026,0.0
0,1,2553,3278726458761,51.31220043884277,5.626633723803438e-41
0,0,2554,3279466876928,51.323788012820515,0.0
0,1,2554,3279864270113,51.33000723208696,5.675679170054807e-41
0,0,2555,3280260987904,51.33621588141026,0.0
0,1,2555,3281007273679,51.34789528368828,5.583894120641531e-41
0,0,2556,3281407748608,51.3541627323718,0.0
0,1,2556,3282144842342,51.36569827883989,5.774190452096841e-41
0,0,2557,3282885509120,51.37728974358974,0.0
0,1,2557,3283971249826,51.39428162913787,5.582352692330774e-41
0,0,2558,3284709737472,51.405838990384616,0.0
0,1,2558,3285447545440,51.41738571464343,5.709590592891467e-41
0,0,2559,3285845585408,51.423615056089744,0.0
0,1,2559,3286586035703,51.43520313287197,5.580811264020016e-41
0,0,2560,3286986735616,51.4414741025641,0.0
0,1,2560,3287379826990,51.447625998316056,5.678762026676321e-41
0,0,2561,3288117556736,51.45917149839744,0.0
0,1,2561,3288512509603,51.46535252658942,5.601130091752726e-41
0,0,2562,3289253401088,51.47694750801282,0.0
0,1,2562,3289650795057,51.483166739548906,5.636022423514414e-41
0,0,2563,3290389276160,51.49472399839744,0.0
0,1,2563,3290783374237,51.50089164909167,5.688150726387297e-41
0,0,2564,3291183697920,51.50715673076923,0.0
0,1,2564,3291921614633,51.518705156891656,5.594403859123967e-41
0,0,2565,3292318985728,51.524924030448716,0.0
0,1,2565,3293059727548,51.53651666960888,5.643309175528903e-41
0,0,2566,3293459746304,51.54277697916667,0.0
0,1,2566,3294197975111,51.55433028957269,5.594403859123967e-41
0,0,2567,3294595263488,51.560547868589744,0.0
0,1,2567,3295335969239,51.5721399432686,5.641767747218146e-41
0,0,2568,3296078607872,51.58376226762821,0.0
0,1,2568,3296473754480,51.5899463278746,5.608977363152945e-41
0,0,2569,3296872946176,51.59619369391026,0.0
0,1,2569,3297611463414,51.60775151827299,5.690813193469515e-41
0,0,2570,3298008808448,51.61396998397436,0.0
0,1,2570,3298749018742,51.625554304731324,5.74868682004613e-41
0,0,2571,3299144812032,51.63174848557693,0.0
0,1,2571,3299886478859,51.64335560113369,5.621448919485436e-41
0,0,2572,3300286474240,51.64961554487179,0.0
0,1,2572,3301023987110,51.66115765083509,5.70692812580925e-41
0,0,2573,3301422455296,51.667393693910256,0.0
0,1,2573,3301817307867,51.67357315246582,5.645411123225391e-41
0,0,2574,3302558248448,51.68516890224359,0.0
0,1,2574,3303298840243,51.69675919350649,5.620468010560409e-41
0,0,2575,3304035972096,51.70829533653846,0.0
0,1,2575,3304775567998,51.71987004203601,5.529243480532863e-41
0,0,2576,3305171798016,51.72607105769231,0.0
0,1,2576,3305918372401,51.73775497672839,5.625652814878411e-41
0,0,2577,3306319028736,51.74402526442308,0.0
0,1,2577,3307056096705,51.75556040766789,5.549562308265573e-41
0,0,2578,3307455223296,51.761806754807694,0.0
0,1,2578,3307849339117,51.76797468319624,5.663207613722316e-41
0,0,2579,3308591450624,51.77958875801282,0.0
0,1,2579,3308986922110,51.785777902612935,5.601130091752726e-41
0,0,2580,3309727572480,51.79736911057692,0.0
0,1,2580,3310124510710,51.803581209779395,5.662086574950856e-41
0,0,2581,3310521813504,51.80979901442308,0.0
0,1,2581,3311262287754,51.82138746610202,5.648634109693338e-41
0,0,2582,3311663300096,51.827663325320515,0.0
0,1,2582,3312400079655,51.83919395493728,5.74140006803164e-41
0,0,2583,3313140993536,51.850789286858976,0.0
0,1,2583,3313882021618,51.8623864060309,5.540173608554597e-41
0,0,2584,3314970540032,51.87942176282051,0.0
0,1,2584,3315363872491,51.885577431562375,5.691794102394542e-41
0,0,2585,3315764796416,51.89185190705128,0.0
0,1,2585,3316501555316,51.903382213353865,5.674137741744049e-41
0,0,2586,3316900457984,51.909625056089745,0.0
0,1,2586,3317638945277,51.921182411812026,5.519854780821887e-41
0,0,2587,3318035960320,51.927395713141024,0.0
0,1,2587,3318781684150,51.93906632095728,5.703845269187735e-41
0,0,2588,3319177132032,51.94525509615385,0.0
0,1,2588,3319574911207,51.95148035617926,5.566237759991038e-41
0,0,2589,3320312882688,51.96302963942308,0.0
0,1,2589,3320707092045,51.96919903165377,5.596926196359752e-41
0,0,2590,3321448558592,51.980803012820516,0.0
0,1,2590,3321845286374,51.987011818503355,5.622569958256896e-41
0,0,2591,3322584313856,51.998577628205126,0.0
0,1,2591,3323321852843,52.01012014290052,5.626213334264141e-41
0,0,2592,3324061252096,52.021691770833336,0.0
0,1,2592,3324454545161,52.027846823057516,5.691373712855245e-41
0,0,2593,3325196701184,52.039461594551284,0.0
0,1,2593,3325937037054,52.05104788057768,5.698660464869734e-41
0,0,2594,3326337933312,52.05732192307693,0.0
0,1,2594,3327075159163,52.06885953718137,5.644990733686093e-41
0,0,2595,3327473960960,52.075100801282055,0.0
0,1,2595,3328213416484,52.08667330985828,5.669933846351075e-41
0,0,2596,3328610283008,52.092884286858975,0.0
0,1,2596,3329007047515,52.09909366728954,5.756393961599916e-41
0,0,2597,3329746166784,52.11066091346154,0.0
0,1,2597,3330139610799,52.116818328059274,5.577167888012772e-41
0,0,2598,3330876787200,52.12835516826923,0.0
0,1,2598,3331271881779,52.134538414259694,5.572963992619797e-41
0,0,2599,3332012461568,52.146128517628206,0.0
0,1,2599,3332409706934,52.15234542352139,5.532326337154378e-41
0,0,2600,3333148064256,52.16390074519231,0.0
0,1,2600,3333886435188,52.17545627986028,5.614162167470947e-41
0,0,2601,3334283714560,52.18167371794872,0.0
0,1,2601,3335024333056,52.193264427083335,5.557409579665792e-41
0,0,2602,3335424577024,52.19952826121795,0.0
0,1,2602,3336162373805,52.211074810399765,5.603232039449214e-41
0,0,2603,3336560231424,52.217301298076926,0.0
0,1,2603,3337300533809,52.22888706006172,5.669373326965345e-41
0,0,2604,3337701302272,52.235159102564104,0.0
0,1,2604,3338438556589,52.24669716216259,5.576186979087745e-41
0,0,2605,3338836765696,52.25292915064103,0.0
0,1,2605,3339576649033,52.26450835450784,5.558390488590819e-41
0,0,2606,3339972114432,52.27069740384616,0.0
0,1,2606,3340365227117,52.276849633116115,5.663628003261613e-41
0,0,2607,3341102304256,52.288384919871795,0.0
0,1,2607,3341497828317,52.294574887272766,5.667271379268858e-41
0,0,2608,3342237995520,52.30615853365385,0.0
0,1,2608,3342980069310,52.31777201819787,5.641347357678849e-41
0,0,2609,3343720356864,52.32935754807693,0.0
0,1,2609,3344117769018,52.335577064208984,5.647513070921878e-41
0,0,2610,3344855385600,52.347120793269234,0.0
0,1,2610,3345594318068,52.3586851159981,5.669933846351075e-41
0,0,2611,3345990587904,52.36488675480769,0.0
0,1,2611,3346732064923,52.37649089986166,5.620888400099706e-41
0,0,2612,3347131416064,52.38274076121795,0.0
0,1,2612,3347869896747,52.39429801349347,5.683526441455026e-41
0,0,2613,3348266492928,52.40050475961539,0.0
0,1,2613,3348663440727,52.4067170085731,5.762699804689378e-41
0,0,2614,3349401857536,52.41827326121795,0.0
0,1,2614,3349795954878,52.42444090040941,5.599588663441969e-41
0,0,2615,3350536933888,52.43603725160256,0.0
0,1,2615,3350933840461,52.44224885537172,5.598047235131212e-41
0,0,2616,3351330867712,52.44846234775641,0.0
0,1,2616,3352072027623,52.460061530057466,5.636022423514414e-41
0,0,2617,3352471390208,52.46631157051282,0.0
0,1,2617,3353554620871,52.48326417378744,5.688150726387297e-41
0,0,2618,3354294827008,52.49484842948718,0.0
0,1,2618,3354692474722,52.50107163214268,5.619907491174679e-41
0,0,2619,3355430469120,52.512621274038466,0.0
0,1,2619,3355825137849,52.51879785545936,5.621448919485436e-41
0,0,2620,3356565932032,52.530391314102566,0.0
0,1,2620,3356963285595,52.53660991328313,5.619346971788949e-41
0,0,2621,3357701813760,52.548167908653845,0.0
0,1,2621,3358095660463,52.55433162533491,5.640786838293119e-41
0,0,2622,3358837584384,52.56594276442308,0.0
0,1,2622,3359233978186,52.57214634330554,5.628735671499925e-41
0,0,2623,3359978613760,52.583799919871794,0.0
0,1,2623,3360372297444,52.58996108529898,5.700762412566221e-41
0,0,2624,3360772342272,52.596221802884614,0.0
0,1,2624,3361510756983,52.60777802269569,5.635602033975117e-41
0,0,2625,3361907517440,52.61398733974359,0.0
0,1,2625,3362648777194,52.6255880845916,5.615283206242407e-41
0,0,2626,3363389646336,52.63718271634615,0.0
0,1,2626,3364131518964,52.64879305269682,5.692915141166002e-41
0,0,2627,3364530636800,52.655039262820516,0.0
0,1,2627,3365269584250,52.66660382001828,5.605333987145701e-41
0,0,2628,3365665948672,52.672806939102564,0.0
0,1,2628,3366407493876,52.684412151254506,5.554747112583575e-41
0,0,2629,3366806994432,52.69066435096154,0.0
0,1,2629,3367545420446,52.70222074766502,5.59230191142748e-41
0,0,2630,3367942446080,52.70843421474359,0.0
0,1,2630,3368683568686,52.7200328132199,5.652277485700582e-41
0,0,2631,3369083685888,52.72629466346154,0.0
0,1,2631,3369477312879,52.732454941641,5.732431757859962e-41
0,0,2632,3370218678784,52.74405734775641,0.0
0,1,2632,3370615499000,52.75026760003506,5.631398138582142e-41
0,0,2633,3371354092032,52.761826610576925,0.0
0,1,2633,3371748222574,52.76799476934971,5.638124371210901e-41
0,0,2634,3372489398784,52.77959420673077,0.0
0,1,2634,3373230374964,52.79119051363432,5.585015159412991e-41
0,0,2635,3373630075904,52.79744584935898,0.0
0,1,2635,3374368202194,52.80899755536984,5.719960201527471e-41
0,0,2636,3374765480448,52.81521497596154,0.0
0,1,2636,3375506426722,52.826810814834985,5.59230191142748e-41
0,0,2637,3375906676224,52.83307473557692,0.0
0,1,2637,3376644739839,52.84462546072153,5.617245024092462e-41
0,0,2638,3377042085376,52.85084393429487,0.0
0,1,2638,3377782745207,52.862435290323894,5.627754762574898e-41
0,0,2639,3378182987776,52.8686991025641,0.0
0,1,2639,3378576156081,52.87485220228929,5.64597164261112e-41
0,0,2640,3379318309888,52.88646693910257,0.0
0,1,2640,3379714005817,52.89265959624462,5.628315281960628e-41
0,0,2641,3380453923840,52.90423934294872,0.0
0,1,2641,3380851976921,52.91046888961401,5.760177467453593e-41
0,0,2642,3381589329920,52.92200849358974,0.0
0,1,2642,3381984461870,52.92819232443785,5.626213334264141e-41
0,0,2643,3382724691456,52.939776947115384,0.0
0,1,2643,3383122464203,52.946002106542345,5.676660078979834e-41
0,0,2644,3383859849216,52.95754221153846,0.0
0,1,2644,3384254737711,52.96372223230607,5.580250744634287e-41
0,0,2645,3384995403776,52.97531368589744,0.0
0,1,2645,3385392445624,52.98152740672576,5.567218668916066e-41
0,0,2646,3386130928128,52.9930846875,0.0
0,1,2646,3386524964408,52.99925137106871,5.711692540587954e-41
0,0,2647,3387266706432,53.01085966346154,0.0
0,1,2647,3387662875056,53.01705971829928,5.564135812294551e-41
0,0,2648,3388061012992,53.02329059294872,0.0
0,1,2648,3388800747854,53.03486747317583,5.688150726387297e-41
0,0,2649,3389196769280,53.041065224358974,0.0
0,1,2649,3389938670314,53.05267600526467,5.698660464869734e-41
0,0,2650,3390337806848,53.05892250801282,0.0
0,1,2650,3391076519033,53.070483383303916,5.70748864519498e-41
0,0,2651,3391473223168,53.076691818910255,0.0
0,1,2651,3391870029224,53.08290184958434,5.64653216199685e-41
0,0,2652,3392608427520,53.0944578125,0.0
0,1,2652,3393690805165,53.11139706600874,5.615283206242407e-41
0,0,2653,3394431146496,53.122983437500004,0.0
0,1,2653,3394829026115,53.129210269478044,5.577728407398502e-41
0,0,2654,3395566410240,53.140750360576924,0.0
0,1,2654,3395961264822,53.14692985060472,5.677220598365564e-41
0,0,2655,3396701873152,53.158520400641024,0.0
0,1,2655,3397098833973,53.16473285339356,5.650175538004095e-41
0,0,2656,3397842708480,53.17637451923077,0.0
0,1,2656,3398236550096,53.18253815630008,5.645411123225391e-41
0,0,2657,3398636764160,53.1888015224359,0.0
0,1,2657,3399374573936,53.200348274989985,5.588658535420235e-41
0,0,2658,3399772246016,53.206571858974364,0.0
0,1,2658,3400512179441,53.21815184672038,5.624671905953383e-41
0,0,2659,3400907637760,53.22434078525641,0.0
0,1,2659,3401300100076,53.23048283622546,5.634480995203657e-41
0,0,2660,3402037084160,53.24201666666667,0.0
0,1,2660,3402432188781,53.24820006981483,5.567779188301796e-41
0,0,2661,3403519274496,53.26521300480769,0.0
0,1,2661,3403914074951,53.27139164774577,5.699080854409031e-41
0,0,2662,3404654659072,53.28298181891026,0.0
0,1,2662,3405051545819,53.28919311240172,5.650595927543392e-41
0,0,2663,3405790011904,53.30075013621795,0.0
0,1,2663,3406527596700,53.31229336782602,5.695997997787516e-41
0,0,2664,3406925289472,53.31851727564103,0.0
0,1,2664,3407665518633,53.3301018916673,5.6657299509581e-41
0,0,2665,3408066095616,53.3363709375,0.0
0,1,2665,3408803186103,53.34790643315242,5.553205684272818e-41
0,0,2666,3409201561600,53.35414102564103,0.0
0,1,2666,3409596606704,53.36032349734575,5.70748864519498e-41
0,0,2667,3410336606720,53.37190452724359,0.0
0,1,2667,3410734468213,53.37813107554901,5.661666185411558e-41
0,0,2668,3411130459648,53.3843283573718,0.0
0,1,2668,3411872273909,53.39593778027657,5.663628003261613e-41
0,0,2669,3412612636672,53.40752448717949,0.0
0,1,2669,3413010114950,53.4137450381548,5.635041514589387e-41
0,0,2670,3413747926016,53.425291810897434,0.0
0,1,2670,3414486625098,53.43685248112605,5.620468010560409e-41
0,0,2671,3414883207680,53.44305901442308,0.0
0,1,2671,3415624612584,53.4546620308744,5.566237759991038e-41
0,0,2672,3416023656960,53.46090709134616,0.0
0,1,2672,3416762534523,53.47247055480957,5.681985013144268e-41
0,0,2673,3417159054848,53.47867611378205,0.0
0,1,2673,3417556162468,53.48489086394481,5.773629932711111e-41
0,0,2674,3418293689856,53.49643319711539,0.0
0,1,2674,3418688541445,53.50261264030261,5.59286243081321e-41
0,0,2675,3419087471616,53.50885591346154,0.0
0,1,2675,3419826930855,53.520428480177664,5.59118087265602e-41
0,0,2676,3420222849024,53.52662461538462,0.0
0,1,2676,3420965320238,53.53824431963016,5.593843339738237e-41
0,0,2677,3421363686912,53.54447877403846,0.0
0,1,2677,3421759160680,53.550667954351965,5.718418773216714e-41
0,0,2678,3422499395072,53.56225265224359,0.0
0,1,2678,3423241789771,53.57387115902632,5.652277485700582e-41
0,0,2679,3423982327296,53.58546060096154,0.0
0,1,2679,3424379820255,53.59168138169509,5.76171889576435e-41
0,0,2680,3425118165504,53.60323651442308,0.0
0,1,2680,3425856612007,53.614793231780226,5.721081240298931e-41
0,0,2681,3426253798912,53.62100922275641,0.0
0,1,2681,3426994440765,53.632600297429015,5.722622668609688e-41
0,0,2682,3427394968576,53.63886857371795,0.0
0,1,2682,3427787962738,53.64501894809821,5.667271379268858e-41
0,0,2683,3428525051904,53.656554423076926,0.0
0,1,2683,3428920553170,53.66274403373523,5.674137741744049e-41
0,0,2684,3429660493824,53.67432413461539,0.0
0,1,2684,3430058525798,53.68055335095528,5.561052955673037e-41
0,0,2685,3430454557184,53.68675125801282,0.0
0,1,2685,3431196404714,53.69836120157878,5.65325839462561e-41
0,0,2686,3431595613696,53.70460883814103,0.0
0,1,2686,3432334212976,53.716167946464346,5.676660078979834e-41
0,0,2687,3433072729088,53.72772575320513,0.0
0,1,2687,3433810848568,53.73927735263923,5.609537882538675e-41
0,0,2688,3434549708800,53.7508405448718,0.0
0,1,2688,3434943061159,53.75699652504946,5.682965922069296e-41
0,0,2689,3435680212992,53.76853298076923,0.0
0,1,2689,3436075364861,53.774717123350484,5.61318125854592e-41
0,0,2690,3436815639552,53.78630245192308,0.0
0,1,2690,3437213348763,53.79252661700909,5.769005647778839e-41
0,0,2691,3437951315456,53.80407582532052,0.0
0,1,2691,3438345704694,53.810248032696066,5.627194243189168e-41
0,0,2692,3438745640960,53.81650705128205,0.0
0,1,2692,3439483923597,53.82806120412973,5.721501629838228e-41
0,0,2693,3439881291776,53.83428003205128,0.0
0,1,2693,3440622056483,53.84587302939391,5.704826178112763e-41
0,0,2694,3441022305280,53.852136939102564,0.0
0,1,2694,3441759895467,53.863680255080006,5.561473345212334e-41
0,0,2695,3442157783040,53.86990721153846,0.0
0,1,2695,3442897841464,53.88148915552384,5.668392418040318e-41
0,0,2696,3443634915328,53.89302439102564,0.0
0,1,2696,3444374585086,53.904600252372546,5.550122827651303e-41
0,0,2697,3444770569728,53.91079742788462,0.0
0,1,2697,3445512588909,53.9224100577956,5.763260324075108e-41
0,0,2698,3445911595008,53.92865451923077,0.0
0,1,2698,3446650598912,53.9402199599359,5.556288540894332e-41
0,0,2699,3447047092736,53.94642510416667,0.0
0,1,2699,3447788493719,53.95802805925418,5.728788381852717e-41
0,0,2700,3448187544576,53.964273221153846,0.0
0,1,2700,3448582159049,53.970448953466175,5.606875415456458e-41
0,0,2701,3449322877952,53.982041233974364,0.0
0,1,2701,3449719629913,53.98825041805952,5.681424493758538e-41
0,0,2702,3450457903104,53.999804423076924,0.0
0,1,2702,3450852080058,54.00597330819937,5.598047235131212e-41
0,0,2703,3451593135616,54.017570857371794,0.0
0,1,2703,3451989925189,54.023780630086264,5.604212948374241e-41
0,0,2704,3452728860672,54.035345,0.0
0,1,2704,3453466262775,54.04688537245531,5.558390488590819e-41
0,0,2705,3454206488064,54.058469927884616,0.0
0,1,2705,3454948416761,54.070081141717374,5.679883065447781e-41
0,0,2706,3455347945984,54.076333790064105,0.0
0,1,2706,3456086482557,54.08789191702036,5.690252674083785e-41
0,0,2707,3456483232768,54.09410107371795,0.0
0,1,2707,3457224251380,54.105698044684,5.66629047034383e-41
0,0,2708,3457624080896,54.111955392628204,0.0
0,1,2708,3458362315658,54.12350879623022,5.608977363152945e-41
0,0,2709,3458759631360,54.12972680288462,0.0
0,1,2709,3459500121369,54.14131550119254,5.639665799521659e-41
0,0,2710,3459900908544,54.14758783653846,0.0
0,1,2710,3460293442636,54.15373101080479,5.559931916901577e-41
0,0,2711,3461031101440,54.16527540064103,0.0
0,1,2711,3461425679808,54.17145056790866,5.674698261129779e-41
0,0,2712,3462166895616,54.183050625,0.0
0,1,2712,3462907452312,54.19464036696214,5.600569572366996e-41
0,0,2713,3463649212416,54.206248942307695,0.0
0,1,2713,3464045169954,54.21244569364108,5.608977363152945e-41
0,0,2714,3464784984576,54.224023822115385,0.0
0,1,2714,3465183015599,54.23025302357209,5.825197716198265e-41
0,0,2715,3465920358912,54.24179247596154,0.0
0,1,2715,3466315599385,54.247978005198945,5.644430214300363e-41
0,0,2716,3467055752192,54.259561426282055,0.0
0,1,2716,3467453667745,54.265788820628636,5.583473731102234e-41
0,0,2717,3468190983168,54.27732783653846,0.0
0,1,2717,3468586253557,54.283513833962466,5.570441655384013e-41
0,0,2718,3468984635392,54.28974852564103,0.0
0,1,2718,3469724214937,54.30132297515087,5.713794488284442e-41
0,0,2719,3470119719424,54.30751263621795,0.0
0,1,2719,3470856829947,54.319048445434575,5.637143462285874e-41
0,0,2720,3471254707712,54.32527524839744,0.0
0,1,2720,3471994806660,54.33685782658504,5.601130091752726e-41
0,0,2721,3472395405312,54.343127211538466,0.0
0,1,2721,3473133030678,54.35467107806866,5.658443198943611e-41
0,0,2722,3473872411136,54.36624241185898,0.0
0,1,2722,3474266026617,54.37240250990648,5.649054499232635e-41
0,0,2723,3475007585280,54.384007932692306,0.0
0,1,2723,3475404405789,54.390218189556414,5.585015159412991e-41
0,0,2724,3476143014400,54.401777443910255,0.0
0,1,2724,3476537293169,54.40794792244154,5.599588663441969e-41
0,0,2725,3476936844288,54.41420091346154,0.0
0,1,2725,3477675631368,54.42576296086238,5.637563851825172e-41
0,0,2726,3478071756800,54.43196233974359,0.0
0,1,2726,3478813759153,54.4435747062957,5.620888400099706e-41
0,0,2727,3479213103104,54.44982445512821,0.0
0,1,2727,3479951959602,54.46138758892353,5.657462290018584e-41
0,0,2728,3480348875264,54.4675993349359,0.0
0,1,2728,3480745901938,54.47381281829052,5.702303840876978e-41
0,0,2729,3481484339200,54.48536939102564,0.0
0,1,2729,3481879045347,54.49154655803974,5.664749042033073e-41
0,0,2730,3482620469760,54.503149879807694,0.0
0,1,2730,3483361840312,54.51475235864884,5.567218668916066e-41
0,0,2731,3484102611456,54.52634545673077,0.0
0,1,2731,3484499824186,54.53256185186924,5.617805543478192e-41
0,0,2732,3485238320128,54.54411934294872,0.0
0,1,2732,3485632468920,54.55028778733474,5.668952937426047e-41
0,0,2733,3486373699072,54.56188806891026,0.0
0,1,2733,3486770567991,54.5680990833928,5.557829969205089e-41
0,0,2734,3487509025792,54.5796559775641,0.0
0,1,2734,3487903411891,54.58582813581418,5.768445128393109e-41
0,0,2735,3488302887936,54.592079951923075,0.0
0,1,2735,3489041518644,54.603639552095856,5.712673449512982e-41
0,0,2736,3489438083072,54.609845801282056,0.0
0,1,2736,3490179712967,54.62145233885154,5.609958272077973e-41
0,0,2737,3490578750976,54.62769729967949,0.0
0,1,2737,3490973539060,54.63387574901092,5.659003718329341e-41
0,0,2738,3491714207232,54.64546723557692,0.0
0,1,2738,3492456225524,54.65707985157502,5.684086960840755e-41
0,0,2739,3492855341568,54.663326033653846,0.0
0,1,2739,3493594262649,54.67489017817571,5.771107595475327e-41
0,0,2740,3494332427264,54.68644248397436,0.0
0,1,2740,3495071509551,54.69800915137658,5.667271379268858e-41
0,0,2741,3495809127936,54.70955290865385,0.0
0,1,2741,3496204228014,54.715736240703876,5.584454640027261e-41
0,0,2742,3496944500224,54.72732153044872,0.0
0,1,2742,3497342231857,54.73354604643993,5.696978906712544e-41
0,0,2743,3497738493440,54.739747556089746,0.0
0,1,2743,3498479964854,54.75135161342523,5.68660929807654e-41
0,0,2744,3498879748608,54.75760824519231,0.0
0,1,2744,3499617572429,54.76915521755121,5.741820457570938e-41
0,0,2745,3500015146496,54.77537726762821,0.0
0,1,2745,3500411153783,54.781574797535434,5.641347357678849e-41
0,0,2746,3501150212096,54.79314108974359,0.0
0,1,2746,3501543447799,54.799295244250175,5.739718509874451e-41
0,0,2747,3502280146432,54.8108246073718,0.0
0,1,2747,3503019733177,54.822399169561926,5.644990733686093e-41
0,0,2748,3503757107200,54.8339391025641,0.0
0,1,2748,3504151994403,54.84011910311185,5.705386697498493e-41
0,0,2749,3504892644864,54.8517103125,0.0
0,1,2749,3505289891748,54.85792724214994,5.639245409982361e-41
0,0,2750,3506028110848,54.869480400641024,0.0
0,1,2750,3506422254855,54.8756487701416,5.583473731102234e-41
0,0,2751,3506822298624,54.88190947115385,0.0
0,1,2751,3507560117932,54.89345637288412,5.548020879954816e-41
0,0,2752,3507957905920,54.89968177083333,0.0
0,1,2752,3508698064433,54.91126528121557,5.53751114147238e-41
0,0,2753,3509098895360,54.91753830128205,0.0
0,1,2753,3509491793771,54.92368717715532,5.579269835709259e-41
0,0,2754,3510229631488,54.93523436698718,0.0
0,1,2754,3510624262859,54.94141036375388,5.589219054805965e-41
0,0,2755,3511365492736,54.95301064102564,0.0
0,1,2755,3511762021477,54.95921633170886,5.715756306134496e-41
0,0,2756,3512500845056,54.970778950320515,0.0
0,1,2756,3513238699556,54.98232640280699,5.617805543478192e-41
0,0,2757,3513978006528,54.99389658653846,0.0
0,1,2757,3514715515365,55.00543862938514,5.568339707687526e-41
0,0,2758,3515113689088,55.01167006410257,0.0
0,1,2758,3515853725049,55.02325165654109,5.688711245773027e-41
0,0,2759,3516249338880,55.02944302884615,0.0
0,1,2759,3516986332903,55.04097701483311,5.729348901238447e-41
0,0,2760,3517384695808,55.04721141025641,0.0
0,1,2760,3518124099696,55.05878311072716,5.692915141166002e-41
0,0,2761,3518520239616,55.06498271634616,0.0
0,1,2761,3518918033325,55.07120820382925,5.640226318907389e-41
0,0,2762,3519655985152,55.08275717948718,0.0
0,1,2762,3520050358021,55.08892913068723,5.624111386567653e-41
0,0,2763,3520791346176,55.100525625,0.0
0,1,2763,3521188393133,55.10673942578438,5.705947216884223e-41
0,0,2764,3521585502208,55.11295419871795,0.0
0,1,2764,3522326465592,55.124550305363584,5.629296190885655e-41
0,0,2765,3523068097024,55.13615686698718,0.0
0,1,2765,3523808792083,55.14774877433582,5.544377503947571e-41
0,0,2766,3524209480192,55.15401955929487,0.0
0,1,2766,3524947051431,55.165562578735354,5.532326337154378e-41
0,0,2767,3525345414656,55.17179697916667,0.0
0,1,2767,3526085109050,55.18337322606796,5.582913211716504e-41
0,0,2768,3526481222656,55.189572419871794,0.0
0,1,2768,3527223073462,55.20118241470728,5.529803999918593e-41
0,0,2769,3527622044160,55.20742632211539,0.0
0,1,2769,3528016808954,55.21360440695738,5.670494365736805e-41
0,0,2770,3528757280768,55.225192820512824,0.0
0,1,2770,3529154670450,55.231411984957184,5.658443198943611e-41
0,0,2771,3529892925440,55.242965705128206,0.0
0,1,2771,3530286928629,55.249131870821444,5.751769676667644e-41
0,0,2772,3531028633088,55.260739575320514,0.0
0,1,2772,3531425015422,55.266942974728316,5.643309175528903e-41
0,0,2773,3532164690944,55.278518926282054,0.0
0,1,2773,3532901563428,55.290051010178786,5.603232039449214e-41
0,0,2774,3533641855488,55.30163661057693,0.0
0,1,2774,3534383492136,55.31324325383113,5.598607754516942e-41
0,0,2775,3535124723712,55.32484355769231,0.0
0,1,2775,3535520834474,55.33104270698743,5.700762412566221e-41
0,0,2776,3536260523520,55.34261887019231,0.0
0,1,2776,3536653046035,55.34876186327812,5.580250744634287e-41
0,0,2777,3537390663680,55.36030560897436,0.0
0,1,2777,3537785240173,55.36648074689816,5.578709316323529e-41
0,0,2778,3538184942080,55.37273609775641,0.0
0,1,2778,3538923585551,55.38429589767065,5.644430214300363e-41
0,0,2779,3539320855552,55.39051318910256,0.0
0,1,2779,3540061599135,55.40210585585374,5.615283206242407e-41
0,0,2780,3540461940224,55.4083712099359,0.0
0,1,2780,3540855277783,55.414526958492964,5.687730336848e-41
0,0,2781,3541592496640,55.426064463141024,0.0
0,1,2781,3541987940406,55.43225317392203,5.6329395668929e-41
0,0,2782,3542728186880,55.443838060897434,0.0
0,1,2782,3543814663801,55.46084146823981,5.669933846351075e-41
0,0,2783,3544552323584,55.472385873397435,0.0
0,1,2783,3545291331640,55.48395137908153,5.72724695354196e-41
0,0,2784,3545688025600,55.49015965544872,0.0
0,1,2784,3546428927412,55.50175479849008,5.677781117751294e-41
0,0,2785,3546829272576,55.508020216346154,0.0
0,1,2785,3547222145274,55.51416868980995,5.595945287434724e-41
0,0,2786,3547959373824,55.52570634615385,0.0
0,1,2786,3548354203753,55.5318854503612,5.651156446929122e-41
0,0,2787,3549094749696,55.543475024038464,0.0
0,1,2787,3549491942899,55.549691113578604,5.587117107109478e-41
0,0,2788,3549889052672,55.5559058974359,0.0
0,1,2788,3550629572978,55.56749506989308,5.623550867181923e-41
0,0,2789,3551371641856,55.579108477564105,0.0
0,1,2789,3551767277294,55.58530018801958,5.637143462285874e-41
0,0,2790,3552507401728,55.596883165064106,0.0
0,1,2790,3553249343216,55.60849457907653,5.557829969205089e-41
0,0,2791,3553648682496,55.6147442548077,0.0
0,1,2791,3554731392177,55.63168870469313,5.564696331680281e-41
0,0,2792,3555472306176,55.64328403846154,0.0
0,1,2792,3556213393064,55.65488207794972,5.63350008627863e-41
0,0,2793,3556613678080,55.66114655448718,0.0
0,1,2793,3557006987236,55.667301858536156,5.488045305681714e-41
0,0,2794,3557748946432,55.678913549679486,0.0
0,1,2794,3558144844136,55.68510936460837,5.616824634553164e-41
0,0,2795,3558543090176,55.691341931089745,0.0
0,1,2795,3559282563820,55.702914723244696,5.637563851825172e-41
0,0,2796,3559678678016,55.70911392628205,0.0
0,1,2796,3560425319057,55.72079888848721,5.680303454987078e-41
0,0,2797,3560825784320,55.727066185897435,0.0
0,1,2797,3561218621370,55.733214101468604,5.511446990035938e-41
0,0,2798,3562303102976,55.75018628205128,0.0
0,1,2798,3562700171177,55.756400415305116,5.659564237715071e-41
0,0,2799,3563438616576,55.76795711538462,0.0
0,1,2799,3564181803888,55.77958802659255,5.648634109693338e-41
0,0,2800,3564579918336,55.785818533653845,0.0
0,1,2800,3565319535355,55.79739356963329,5.636022423514414e-41
0,0,2801,3565716000256,55.80359826121795,0.0
0,1,2801,3566457014428,55.81519516269782,5.703845269187735e-41
0,0,2802,3566857343488,55.821460328525646,0.0
0,1,2802,3567255735281,55.8276951760473,5.714775397209469e-41
0,0,2803,3567993694720,55.83924427083333,0.0
0,1,2803,3568387887441,55.845413402709966,5.601130091752726e-41
0,0,2804,3569129510912,55.85701983974359,0.0
0,1,2804,3569525261025,55.86321334486741,5.511026600496641e-41
0,0,2805,3570265418240,55.8747968349359,0.0
0,1,2805,3570662556772,55.8810120688727,5.543816984561841e-41
0,0,2806,3571060191232,55.88723506410257,0.0
0,1,2806,3571805143042,55.89889358977489,5.554747112583575e-41
0,0,2807,3572201698304,55.905099695512824,0.0
0,1,2807,3573636248165,55.92755045831142,5.769005647778839e-41
0,0,2808,3574378552320,55.939167548076924,0.0
0,1,2808,3575118281785,55.950744343840775,5.640786838293119e-41
0,0,2809,3575514589696,55.956946578525645,0.0
0,1,2809,3576255943606,55.968548796918824,5.637143462285874e-41
0,0,2810,3576656197120,55.97481278044872,0.0
0,1,2810,3577049508081,55.98096811274602,5.674698261129779e-41
0,0,2811,3577791783936,55.99258475961538,0.0
0,1,2811,3578187064952,55.99877092335237,5.602671520063484e-41
0,0,2812,3578927471616,56.01035831730769,0.0
0,1,2812,3579324378640,56.01656992813502,5.677781117751294e-41
0,0,2813,3580063405568,56.02813572916667,0.0
0,1,2813,3580456547196,56.034288411395735,5.687730336848e-41
0,0,2814,3580852181504,56.04048010416667,0.0
0,1,2814,3581594289382,56.05209412218925,5.609537882538675e-41
0,0,2815,3581993413632,56.05834043269231,0.0
0,1,2815,3582732108937,56.069901043810724,5.682405402683566e-41
0,0,2816,3583471250944,56.08146864583333,0.0
0,1,2816,3584208779329,56.093010994607,5.589639444345263e-41
0,0,2817,3584948612608,56.104589415064105,0.0
0,1,2817,3585685637134,56.11612387842423,5.616824634553164e-41
0,0,2818,3586425947136,56.127709759615385,0.0
0,1,2818,3586823313303,56.13392855604906,5.55110373657633e-41
0,0,2819,3587561583616,56.145482516025645,0.0
0,1,2819,3587955270887,56.15164373758952,5.563154903369524e-41
0,0,2820,3588355831808,56.157912532051284,0.0
0,1,2820,3589092893322,56.16944757427509,5.738177081563693e-41
0,0,2821,3589491643904,56.17568803685898,0.0
0,1,2821,3590230430244,56.187250072678786,5.524479065754159e-41
0,0,2822,3590627520000,56.19346454326923,0.0
0,1,2822,3591368162725,56.20505563158867,5.729909420624177e-41
0,0,2823,3591768794624,56.21132553685898,0.0
0,1,2823,3592505887029,56.222861062528175,5.608977363152945e-41
0,0,2824,3592904409600,56.22909795673077,0.0
0,1,2824,3593643502252,56.240664786345654,5.597486715745482e-41
0,0,2825,3594040133632,56.246872083333336,0.0
0,1,2825,3594786440809,56.258551820553514,5.588658535420235e-41
0,0,2826,3595187049984,56.26482137019231,0.0
0,1,2826,3595924160501,56.27635717931503,5.637143462285874e-41
0,0,2827,3596323107840,56.28260072115385,0.0
0,1,2827,3597061884771,56.294162609722434,5.561052955673037e-41
0,0,2828,3597458948608,56.30037667467949,0.0
0,1,2828,3597855702711,56.30658589228704,5.710571501816495e-41
0,0,2829,3598594907648,56.318154479166665,0.0
0,1,2829,3598988271661,56.324310641729895,5.655360342322097e-41
0,0,2830,3599725410816,56.335846899038465,0.0
0,1,2830,3600121015677,56.34203813096266,5.557409579665792e-41
0,0,2831,3600519683072,56.34827729166667,0.0
0,1,2831,3601259391776,56.35985376252003,5.689692154698055e-41
0,0,2832,3601996598272,56.37139107371795,0.0
0,1,2832,3602736502493,56.3829706044202,5.561052955673037e-41
0,0,2833,3603473373696,56.39450266826923,0.0
0,1,2833,3604213248162,56.40608173330454,5.590760483116723e-41
0,0,2834,3604609375744,56.41228114583333,0.0
0,1,2834,3605351150129,56.42388994467711,5.640786838293119e-41
0,0,2835,3605751159296,56.43015010416667,0.0
0,1,2835,3606144743778,56.43630971707858,5.712673449512982e-41
0,0,2836,3606887297536,56.44793071314103,0.0
0,1,2836,3607282798320,56.45412031625601,5.543816984561841e-41
0,0,2837,3608023084032,56.46570581730769,0.0
0,1,2837,3608420735609,56.4719290804193,5.680303454987078e-41
0,0,2838,3608817181696,56.47813347756411,0.0
0,1,2838,3609558367722,56.489733068565954,5.595945287434724e-41
0,0,2839,3609958212608,56.49599065705129,0.0
0,1,2839,3610696256884,56.50754107953976,5.628315281960628e-41
0,0,2840,3611093602304,56.51375955128205,0.0
0,1,2840,3611834108168,56.52534849772135,5.718979292602443e-41
0,0,2841,3612576382976,56.53696512820513,0.0
0,1,2841,3613316874486,56.548553850003756,5.608977363152945e-41
0,0,2842,3614059154432,56.56017056089744,0.0
0,1,2842,3614455085676,56.56636690072867,5.649054499232635e-41
0,0,2843,3615194865664,56.57794448717949,0.0
0,1,2843,3615587590635,56.58409064870981,5.746584872349642e-41
0,0,2844,3616324926976,56.59562999198718,0.0
0,1,2844,3616720087883,56.6018142760135,5.64597164261112e-41
0,0,2845,3617460578304,56.61340298076923,0.0
0,1,2845,3617857955029,56.61962194243603,5.574505420930555e-41
0,0,2846,3618596344320,56.63117776442308,0.0
0,1,2846,3618990475821,56.637345938204255,5.651156446929122e-41
0,0,2847,3619390614016,56.64360811698718,0.0
0,1,2847,3620128717755,56.655159470074,5.658443198943611e-41
0,0,2848,3620526135296,56.66137907051282,0.0
0,1,2848,3621266902862,56.67297211259891,5.650175538004095e-41
0,0,2849,3622009622528,56.68459570512821,0.0
0,1,2849,3622749097779,56.69616852243277,5.668392418040318e-41
0,0,2850,3623487005184,56.70771680288462,0.0
0,1,2850,3623881756325,56.71389467405662,5.605894506531431e-41
0,0,2851,3624623283200,56.725499599358976,0.0
0,1,2851,3625364151921,56.73709422452487,5.644990733686093e-41
0,0,2852,3625764299776,56.74335655448718,0.0
0,1,2852,3626502379005,56.75490752399151,5.627754762574898e-41
0,0,2853,3626899432960,56.76112143429487,0.0
0,1,2853,3627640567701,56.77272022268442,5.618366062863922e-41
0,0,2854,3628040650240,56.77898153044872,0.0
0,1,2854,3628778433311,56.79052786506848,5.65325839462561e-41
0,0,2855,3629176418304,56.79675634615385,0.0
0,1,2855,3629571841614,56.80294473679763,5.554186593197845e-41
0,0,2856,3630312203776,56.81453143429487,0.0
0,1,2856,3630709691352,56.82075213078426,5.5725436030805e-41
0,0,2857,3631448299520,56.83231137820513,0.0
0,1,2857,3632186176404,56.8438591810021,5.562594383983794e-41
0,0,2858,3632925764096,56.85543375801282,0.0
0,1,2858,3633318396656,56.86157847330729,5.657462290018584e-41
0,0,2859,3634056266240,56.87312616185898,0.0
0,1,2859,3634795028663,56.88468782337678,5.672596313433292e-41
0,0,2860,3635191993344,56.890900336538465,0.0
0,1,2860,3635933025844,56.902497524852265,5.653818914011339e-41
0,0,2861,3636333732352,56.90876859775641,0.0
0,1,2861,3636726952314,56.91492250591572,5.553766203658547e-41
0,0,2862,3637464296960,56.92646197916667,0.0
0,1,2862,3637859569384,56.932648008438505,5.638124371210901e-41
0,0,2863,3638600335872,56.944241033653846,0.0
0,1,2863,3638997435513,56.95045565894494,5.722622668609688e-41
0,0,2864,3639736552960,56.96202287660257,0.0
0,1,2864,3640129933784,56.96817930225861,5.724164096920445e-41
0,0,2865,3640525596160,56.97437143429487,0.0
0,1,2865,3641262478130,56.985903666647886,5.523498156829131e-41
0,0,2866,3642003375104,56.99749873397436,0.0
0,1,2866,3643089180026,57.01449162450546,5.585575678798721e-41
0,0,2867,3643833395712,57.0261386298077,0.0
0,1,2867,3644571638100,57.03769215275691,5.651716966314852e-41
0,0,2868,3645311250432,57.049267115384616,0.0
0,1,2868,3645704305326,57.05541844022311,5.611079310849433e-41
0,0,2869,3646441977344,57.06696303685898,0.0
0,1,2869,3647181602931,57.07853820692796,5.504720757407179e-41
0,0,2870,3647578048000,57.084742588141026,0.0
0,1,2870,3647975424953,57.090961553376026,5.546479451644058e-41
0,0,2871,3648714118656,57.10252213942308,0.0
0,1,2871,3649108108582,57.10868809754983,5.695437478401787e-41
0,0,2872,3649850040832,57.12029936698718,0.0
0,1,2872,3650246428851,57.12650285536546,5.70692812580925e-41
0,0,2873,3650985980928,57.138076875,0.0
0,1,2873,3651379222570,57.144231122452176,5.55222477534779e-41
0,0,2874,3652463808512,57.16120493589744,0.0
0,1,2874,3652861985778,57.16743642606295,5.650595927543392e-41
0,0,2875,3653600035328,57.178986931089746,0.0
0,1,2875,3654339015090,57.1905519939716,5.635602033975117e-41
0,0,2876,3655077625856,57.202111282051284,0.0
0,1,2876,3655471689006,57.20827838613657,5.674137741744049e-41
0,0,2877,3655872241152,57.214547043269235,0.0
0,1,2877,3656609878203,57.226091092670146,5.724164096920445e-41
0,0,2878,3657008459264,57.232328902243594,0.0
0,1,2878,3657748024364,57.243903125688604,5.554186593197845e-41
0,0,2879,3658144828416,57.250113125,0.0
0,1,2879,3658885722058,57.26170814018054,5.578148796937799e-41
0,0,2880,3659286687744,57.26798326923077,0.0
0,1,2880,3659679505138,57.274130877184746,5.594403859123967e-41
0,0,2881,3660417242624,57.285676498397436,0.0
0,1,2881,3660811959415,57.291853831990565,5.63237904750717e-41
0,0,2882,3661553264128,57.303455280448716,0.0
0,1,2882,3662294305356,57.31505260535607,5.70804916458071e-41
0,0,2883,3663036573184,57.32666912660257,0.0
0,1,2883,3663431990247,57.33285741948055,5.607856324381485e-41
0,0,2884,3664173128192,57.34445625801282,0.0
0,1,2884,3664569614704,57.350661287810496,5.653818914011339e-41
0,0,2885,3665309663232,57.36224307692308,0.0
0,1,2885,3665707232506,57.36846505198943,5.688711245773027e-41
0,0,2886,3666446292480,57.380031370192306,0.0
0,1,2886,3666839455323,57.38618438443697,5.625092295492681e-41
0,0,2887,3667577567744,57.39773587339744,0.0
0,1,2887,3667971666355,57.403903532448794,5.581932302791476e-41
0,0,2888,3668372771328,57.410180841346154,0.0
0,1,2888,3669114753907,57.42179289843437,5.541154517479624e-41
0,0,2889,3669515084800,57.42805809294872,0.0
0,1,2889,3670252660974,57.439601189622145,5.575626459702015e-41
0,0,2890,3670651586048,57.44584438301282,0.0
0,1,2890,3671390419064,57.4574071493139,5.616824634553164e-41
0,0,2891,3671788112896,57.46363107371795,0.0
0,1,2891,3672528438804,57.475217203838646,5.669933846351075e-41
0,0,2892,3673266494464,57.48676780448718,0.0
0,1,2892,3674005012947,57.49832564833421,5.570441655384013e-41
0,0,2893,3674744638976,57.509900825320514,0.0
0,1,2893,3675482160024,57.521443059269835,5.647513070921878e-41
0,0,2894,3675881324032,57.52768999198718,0.0
0,1,2894,3676276007114,57.5338667980331,5.61318125854592e-41
0,0,2895,3677018073600,57.54548016826923,0.0
0,1,2895,3677414056549,57.55167731728579,5.798713175222526e-41
0,0,2896,3678154910720,57.56327171474359,0.0
0,1,2896,3678551984615,57.56948593710875,5.696558517173246e-41
0,0,2897,3679296943616,57.581144575320515,0.0
0,1,2897,3679690079093,57.58729716128619,5.616824634553164e-41
0,0,2898,3680086221824,57.593496810897435,0.0
0,1,2898,3680828179185,57.60510847332294,5.624111386567653e-41
0,0,2899,3681228014080,57.61136590544872,0.0
0,1,2899,3681966288538,57.62291993029472,5.628315281960628e-41
0,0,2900,3682706185728,57.63449935096154,0.0
0,1,2900,3683448396923,57.64611498589932,5.579269835709259e-41
0,0,2901,3684189467136,57.65771276442308,0.0
0,1,2901,3684930595424,57.66931145182292,5.461420634859542e-41
0,0,2902,3685330976256,57.67557742788462,0.0
0,1,2902,3686068630509,57.687121746497525,5.601690611138456e-41
0,0,2903,3686467072000,57.693357371794875,0.0
0,1,2903,3687206457728,57.7049287880609,5.596926196359752e-41
0,0,2904,3687603544064,57.71114320512821,0.0
0,1,2904,3688344404213,57.722737696141955,5.579269835709259e-41
0,0,2905,3688745668608,57.729017500000005,0.0
0,1,2905,3689487645877,57.7406294739865,5.600149182827699e-41
0,0,2906,3689887123968,57.746881322115385,0.0
0,1,2906,3690281134061,57.7530475958565,5.613601648085217e-41
0,0,2907,3691023200768,57.76466096955129,0.0
0,1,2907,3691763425724,57.776245519769134,5.676239689440537e-41
0,0,2908,3692500624896,57.78778271634616,0.0
0,1,2908,3693240085885,57.79935531044985,5.600149182827699e-41
0,0,2909,3693978407424,57.810910072115384,0.0
0,1,2909,3694372202742,57.817072984619145,5.698099945484004e-41
0,0,2910,3695114121216,57.82868403846154,0.0
0,1,2910,3695509772914,57.83487600338667,5.630277099810683e-41
0,0,2911,3696250107392,57.846462267628205,0.0
0,1,2911,3696647512587,57.85268167485164,5.618366062863922e-41
0,0,2912,3697386500608,57.86424686698718,0.0
0,1,2912,3697779690870,57.870400310340294,5.692915141166002e-41
0,0,2913,3698175702016,57.87659790064103,0.0
0,1,2913,3698917283061,57.88820367370606,5.541715036865354e-41
0,0,2914,3699317479936,57.89446677083333,0.0
0,1,2914,3700055037067,57.90600956948305,5.681424493758538e-41
0,0,2915,3700453130240,57.912239743589744,0.0
0,1,2915,3700848426950,57.91842615293845,5.465064010866787e-41
0,0,2916,3701589316608,57.930021105769235,0.0
0,1,2916,3702335040458,57.941691713898486,5.622569958256896e-41
0,0,2917,3703420171776,57.9586740625,0.0
0,1,2917,3703821933005,57.96496164183006,5.569881135998283e-41
0,0,2918,3704908989952,57.981974126602566,0.0
0,1,2918,3705303746481,57.98815208209698,5.581932302791476e-41
0,0,2919,3706044802048,57.99974963141026,0.0
0,1,2919,3706441577262,58.0059591794058,5.573524512005527e-41
0,0,2920,3707180713472,58.01752669070513,0.0
0,1,2920,3707573955245,58.023680940207456,5.59230191142748e-41
0,0,2921,3707969738240,58.029874959935896,0.0
0,1,2921,3708716715608,58.04156518567208,5.606875415456458e-41
0,0,2922,3709116802560,58.0478265625,0.0
0,1,2922,3709854234096,58.05936739558293,5.63350008627863e-41
0,0,2923,3710252963328,58.06560752403846,0.0
0,1,2923,3710992198518,58.077176584378755,5.724724616306175e-41
0,0,2924,3711730797568,58.08873568910256,0.0
0,1,2924,3712468758837,58.10028481252817,5.63350008627863e-41
0,0,2925,3713208967168,58.11186910256411,0.0
0,1,2925,3713951080725,58.12348320946327,5.533867765465135e-41
0,0,2926,3714692061184,58.13507958333334,0.0
0,1,2926,3715089138866,58.1412938649652,5.502618809710692e-41
0,0,2927,3715827769344,58.15285346153846,0.0
0,1,2927,3716221348881,58.15901299706093,5.5505432171906e-41
0,0,2928,3716963453952,58.17062697115385,0.0
0,1,2928,3717359203237,58.17682046331944,5.70636760642352e-41
0,0,2929,3717757915648,58.18306032852564,0.0
0,1,2929,3718497072427,58.19462816173065,5.607856324381485e-41
0,0,2930,3718893429760,58.2008311698718,0.0
0,1,2930,3719634656441,58.212431397126025,5.620468010560409e-41
0,0,2931,3720034536448,58.21868953525641,0.0
0,1,2931,3720772359223,58.23023649124537,5.553205684272818e-41
0,0,2932,3721170203136,58.23646276442308,0.0
0,1,2932,3721910041546,58.24804126518054,5.629856710271385e-41
0,0,2933,3722306191360,58.25424102564103,0.0
0,1,2933,3723048074085,58.265851520010145,5.609537882538675e-41
0,0,2934,3723789202432,58.277450208333335,0.0
0,1,2934,3724186000113,58.28366010793833,5.648634109693338e-41
0,0,2935,3724924961792,58.29522488782052,0.0
0,1,2935,3725318675034,58.30138651583158,5.662086574950856e-41
0,0,2936,3726060812800,58.313001001602565,0.0
0,1,2936,3726456589805,58.31919492758727,5.673016702972589e-41
0,0,2937,3727202460672,58.33086783653847,0.0
0,1,2937,3727599967126,58.337088828469305,5.732011368320664e-41
0,0,2938,3727996862464,58.34330025641026,0.0
0,1,2938,3728737848099,58.35489671128493,5.691794102394542e-41
0,0,2939,3729138313728,58.36116401442308,0.0
0,1,2939,3729531234393,58.36731323857234,5.6329395668929e-41
0,0,2940,3730269102592,58.37886090544872,0.0
0,1,2940,3730663195062,58.38502846839318,5.64597164261112e-41
0,0,2941,3731405794816,58.39665018429487,0.0
0,1,2941,3732145234345,58.408222442548706,5.664749042033073e-41
0,0,2942,3732883965952,58.41978362179487,0.0
0,1,2942,3733621373796,58.43132408409706,5.676239689440537e-41
0,0,2943,3734366995968,58.44299310096154,0.0
0,1,2943,3734764426501,58.44921290472569,5.577728407398502e-41
0,0,2944,3735502995456,58.46077153846154,0.0
0,1,2944,3735896485495,58.466929673336715,5.735094224942179e-41
0,0,2945,3736638355968,58.47853997596154,0.0
0,1,2945,3737034289651,58.48473635396322,5.667831898654588e-41
0,0,2946,3737773778944,58.49630939102564,0.0
0,1,2946,3738166684020,58.50245837120643,5.705386697498493e-41
0,0,2947,3738904575488,58.51400640224359,0.0
0,1,2947,3739299155683,58.52018159810384,5.682405402683566e-41
0,0,2948,3739699019264,58.52643947916667,0.0
0,1,2948,3740437018737,58.53798920048641,5.576607368627042e-41
0,0,2949,3740834655232,58.5442122275641,0.0
0,1,2949,3741574854655,58.55579637818948,5.678762026676321e-41
0,0,2950,3742317422592,58.567417596153845,0.0
0,1,2950,3743401294392,58.5843802332482,5.525039585139889e-41
0,0,2951,3744141506048,58.595964575320515,0.0
0,1,2951,3744883471895,58.60757637055226,5.596926196359752e-41
0,0,2952,3745282678784,58.61382397435898,0.0
0,1,2952,3745677242701,58.619998915467875,5.600149182827699e-41
0,0,2953,3746418797056,58.631604270833336,0.0
0,1,2953,3746815523569,58.63781305665628,5.757515000371376e-41
0,0,2954,3747554906624,58.64938443108974,0.0
0,1,2954,3747948411469,58.655542797679416,5.609537882538675e-41
0,0,2955,3748690917376,58.6671630448718,0.0
0,1,2955,3749086522853,58.67335428643643,5.719960201527471e-41
0,0,2956,3749826897920,58.684941185897436,0.0
0,1,2956,3750225048434,58.69117225739308,5.616824634553164e-41
0,0,2957,3750621391360,58.6973750400641,0.0
0,1,2957,3751707576149,58.71437387552897,5.605333987145701e-41
0,0,2958,3752445146624,58.72591688301282,0.0
0,1,2958,3753184042263,58.73748062936636,5.601690611138456e-41
0,0,2959,3753580743168,58.743689014423076,0.0
0,1,2959,3754321647785,58.755284201362805,5.677781117751294e-41
0,0,2960,3755063200768,58.76688953525641,0.0
0,1,2960,3755459200054,58.77308693994767,5.785681099504305e-41
0,0,2961,3755857470976,58.77931989583333,0.0
0,1,2961,3756596854700,58.79089128073668,5.643869694914633e-41
0,0,2962,3756993664512,58.79710137019231,0.0
0,1,2962,3757734892864,58.808701623597756,5.585015159412991e-41
0,0,2963,3758134858240,58.81496109775641,0.0
0,1,2963,3758872694498,58.82650826475486,5.550122827651303e-41
0,0,2964,3759270830592,58.832739110576924,0.0
0,1,2964,3759666577945,58.838932572506636,5.548441269494113e-41
0,0,2965,3760406730752,58.850515993589745,0.0
0,1,2965,3760799411569,58.8566614641082,5.606875415456458e-41
0,0,2966,3761537352192,58.86821026442308,0.0
0,1,2966,3762276279093,58.87977450002817,5.600569572366996e-41
0,0,2967,3763015352832,58.891341033653845,0.0
0,1,2967,3763408777399,58.8974981438896,5.588098016034506e-41
0,0,2968,3764145966592,58.90903518429487,0.0
0,1,2968,3764541575716,58.915226482935196,5.630837619196412e-41
0,0,2969,3765281362432,58.92680417467949,0.0
0,1,2969,3765674616702,58.93295861976037,5.623550867181923e-41
0,0,2970,3766075470848,58.93923200320513,0.0
0,1,2970,3766812876572,58.95077243232923,5.620888400099706e-41
0,0,2971,3767210919936,58.957001826923076,0.0
0,1,2971,3767951006384,58.96858420948518,5.678341637137024e-41
0,0,2972,3768346909184,58.97478010416667,0.0
0,1,2972,3769089210421,58.986397148265354,5.605894506531431e-41
0,0,2973,3769488258560,58.992642267628206,0.0
0,1,2973,3769883099000,58.99882153633313,5.78203772349706e-41
0,0,2974,3770624370688,59.01042246794872,0.0
0,1,2974,3771021513969,59.01663777620756,5.583894120641531e-41
0,0,2975,3771760513024,59.02820314102564,0.0
0,1,2975,3772843579173,59.045153169649566,5.659984627254369e-41
0,0,2976,3773584625664,59.05675057692308,0.0
0,1,2976,3774325996785,59.0683530646691,5.65269787523988e-41
0,0,2977,3775067175936,59.079952548076925,0.0
0,1,2977,3775464192667,59.08616587582319,5.524058676214861e-41
0,0,2978,3776202854400,59.097725961538465,0.0
0,1,2978,3776596909046,59.10389293253581,5.595945287434724e-41
0,0,2979,3777338989568,59.1155065224359,0.0
0,1,2979,3777735300507,59.12170880450909,5.576607368627042e-41
0,0,2980,3778475049984,59.13328591346154,0.0
0,1,2980,3778868115696,59.139437407602166,5.618366062863922e-41
0,0,2981,3779263993856,59.14563291666667,0.0
0,1,2981,3780006131347,59.15724739813389,5.581932302791476e-41
0,0,2982,3780405129728,59.16349173878206,0.0
0,1,2982,3781144016933,59.17505535314316,5.51831335251113e-41
0,0,2983,3781541009920,59.18126830929487,0.0
0,1,2983,3782282073520,59.192865984324925,5.5725436030805e-41
0,0,2984,3782682267648,59.19912903846154,0.0
0,1,2984,3783419793710,59.21067135088016,5.574085031391257e-41
0,0,2985,3784159590912,59.22224920673077,0.0
0,1,2985,3784557630139,59.228478536580404,5.578148796937799e-41
0,0,2986,3785296174080,59.240036778846154,0.0
0,1,2986,3785690028089,59.24620060986641,5.66629047034383e-41
0,0,2987,3786433174016,59.25783087339744,0.0
0,1,2987,3786828135858,59.26401204204853,5.622990347796193e-41
0,0,2988,3787228074496,59.270271097756414,0.0
0,1,2988,3787966073677,59.28182081450634,5.642888785989606e-41
0,0,2989,3788365102080,59.288065625,0.0
0,1,2989,3789104320751,59.299634426817285,5.565677240605308e-41
0,0,2990,3789501925888,59.305856963141025,0.0
0,1,2990,3789897940009,59.31205460000063,5.618926582249651e-41
0,0,2991,3790638751232,59.32364832532051,0.0
0,1,2991,3791724871245,59.340646147038385,5.629296190885655e-41
0,0,2992,3792122511360,59.34686923076923,0.0
0,1,2992,3792862850026,59.35845556055314,5.585996068338018e-41
0,0,2993,3793948329984,59.37544336538462,0.0
0,1,2993,3794689952299,59.3870497843268,5.641767747218146e-41
0,0,2994,3795432257024,59.39866688301282,0.0
0,1,2994,3795828076990,59.40486148133889,5.564135812294551e-41
0,0,2995,3796568851968,59.41645463942308,0.0
0,1,2995,3796966297912,59.422674684369994,5.585575678798721e-41
0,0,2996,3797705448448,59.434242419871794,0.0
0,1,2996,3798098754747,59.44039767920861,5.618926582249651e-41
0,0,2997,3798494660096,59.446593613782056,0.0
0,1,2997,3799236961842,59.45821066584661,5.755413052674889e-41
0,0,2998,3799636539904,59.464464078525644,0.0
0,1,2998,3800375298493,59.47602568004119,5.655360342322097e-41
0,0,2999,3800772539904,59.48224252403846,0.0
0,1,2999,3801857860019,59.49922782732059,5.711132021202224e-41
0,0,3000,3802596511232,59.51078774839744,0.0
0,1,3000,3803335104380,59.52234676075471,5.589639444345263e-41
0,0,3001,3803732341760,59.52856354166667,0.0
0,1,3001,3804473318128,59.54015985151242,5.593282820352507e-41
0,0,3002,3805562125312,59.557199727564104,0.0
0,1,3002,3805956365561,59.563369603255836,5.658022809404314e-41
0,0,3003,3806698070528,59.57497731570513,0.0
0,1,3003,3807094741101,59.58118522606483,5.677781117751294e-41
0,0,3004,3807833903616,59.592753149038465,0.0
0,1,3004,3808227484658,59.598912708114234,5.673577222358319e-41
0,0,3005,3808628335104,59.60518603365385,0.0
0,1,3005,3809365871473,59.61672850737743,5.690252674083785e-41
0,0,3006,3809763676160,59.622954166666666,0.0
0,1,3006,3810504399618,59.63454651846079,5.650175538004095e-41
0,0,3007,3810904972288,59.64081549679487,0.0
0,1,3007,3811987249913,59.6577531849866,5.704826178112763e-41
0,0,3008,3812729846784,59.669374855769235,0.0
0,1,3008,3813470192354,59.680961293601015,5.685628389151513e-41
0,0,3009,3813866025984,59.68715610576923,0.0
0,1,3009,3814952621756,59.70416137313452,5.622009438871166e-41
0,0,3010,3815696070656,59.71579637820513,0.0
0,1,3010,3816091043925,59.72197772568923,5.6657299509581e-41
0,0,3011,3816831789056,59.733570416666666,0.0
0,1,3011,3817552220066,59.74484519083659,5.201900159266586e-41
0,0,3012,3817950535680,59.751078846153845,0.0
0,1,3012,3818690364216,59.76265719238281,5.654379433397069e-41
0,0,3013,3819086476800,59.76885637019231,0.0
0,1,3013,3819484207213,59.77508086709047,5.543816984561841e-41
0,0,3014,3820222597632,59.78663670673077,0.0
0,1,3014,3820961753659,59.79820452816694,5.659003718329341e-41
0,0,3015,3821358938112,59.80442048076923,0.0
0,1,3015,3822100091875,59.816019566853846,5.484962449060199e-41
0,0,3016,3822500543488,59.822286650641026,0.0
0,1,3016,3823238704511,59.833838900224734,5.766343180696622e-41
0,0,3017,3823636948480,59.84007143429487,0.0
0,1,3017,3824376881906,59.85165142205654,5.588658535420235e-41
0,0,3018,3824773048832,59.85785145032052,0.0
0,1,3018,3825515397261,59.86946923297589,5.657462290018584e-41
0,0,3019,3825914963456,59.8757224599359,0.0
0,1,3019,3826309469627,59.881896497317584,5.622009438871166e-41
0,0,3020,3827051665920,59.893511899038465,0.0
0,1,3020,3827447984493,59.89971430058406,5.609958272077973e-41
0,0,3021,3827846424576,59.90594990384616,0.0
0,1,3021,3828586375922,59.917530172056544,5.590760483116723e-41
0,0,3022,3828982296576,59.92372634615385,0.0
0,1,3022,3829724881517,59.9353478302315,5.636582942900144e-41
0,0,3023,3830123964928,59.94159350160257,0.0
0,1,3023,3830862834183,59.95315683504545,5.638684890596631e-41
0,0,3024,3831601742336,59.96472077724359,0.0
0,1,3024,3831995830123,59.97088826689892,5.653818914011339e-41
0,0,3025,3832737424384,59.98249424679487,0.0
0,1,3025,3833479004011,59.994099997668144,5.65269787523988e-41
0,0,3026,3833878831616,60.00035731570513,0.0
0,1,3026,3834272988327,60.006525884023816,5.70636760642352e-41
0,0,3027,3835014556160,60.01813145032052,0.0
0,1,3027,3835411247161,60.024339680379235,5.653818914011339e-41
0,0,3028,3836150909952,60.035915432692306,0.0
0,1,3028,3836544200098,60.042070439234024,5.658443198943611e-41
0,0,3029,3837281181184,60.05360422275641,0.0
0,1,3029,3837677451525,60.05980586946928,5.635041514589387e-41
0,0,3030,3838075514368,60.06603556891026,0.0
0,1,3030,3838816149159,60.07762653306228,5.72836799231342e-41
0,0,3031,3839212017664,60.08382189102564,0.0
0,1,3031,3839604926901,60.089970936326246,5.505841796178639e-41
0,0,3032,3840342562304,60.1015149599359,0.0
0,1,3032,3840738259249,60.10770763297839,5.627194243189168e-41
0,0,3033,3841825840128,60.12472831730769,0.0
0,1,3033,3842566101359,60.13631343523075,5.64653216199685e-41
0,0,3034,3843303769600,60.14785797275641,0.0
0,1,3034,3844043791155,60.15943933974046,5.589639444345263e-41
0,0,3035,3844440286208,60.16564450320513,0.0
0,1,3035,3845182479026,60.17725985054212,5.615703595781704e-41
0,0,3036,3845582255104,60.18351636217949,0.0
0,1,3036,3845976632814,60.18968838914138,5.546899841183356e-41
0,0,3037,3846719029248,60.20130692307693,0.0
0,1,3037,3847115607432,60.20751338754507,5.711692540587954e-41
0,0,3038,3847855336960,60.21909018429487,0.0
0,1,3038,3848248721636,60.225246670234874,5.681985013144268e-41
0,0,3039,3848985882624,60.23678326923077,0.0
0,1,3039,3849381329520,60.2429720289964,5.601690611138456e-41
0,0,3040,3849780647424,60.24922137019231,0.0
0,1,3040,3850519220719,60.26078007184933,5.657462290018584e-41
0,0,3041,3851605337088,60.27777783653846,0.0
0,1,3041,3852002143205,60.283987868167195,5.615283206242407e-41
0,0,3042,3852741728256,60.295562403846155,0.0
0,1,3042,3853479800750,60.307113267947464,5.669373326965345e-41
0,0,3043,3853877806592,60.31334207532051,0.0
0,1,3043,3854618377020,60.324932032189004,5.64597164261112e-41
0,0,3044,3855019542016,60.33121028044872,0.0
0,1,3044,3855756704437,60.342746901871124,5.691794102394542e-41
0,0,3045,3856155854848,60.348993621794875,0.0
0,1,3045,3856550676465,60.3551725959191,5.626633723803438e-41
0,0,3046,3857292924928,60.36678881410256,0.0
0,1,3046,3857689197964,60.37299050299229,5.61262073916019e-41
0,0,3047,3858429400576,60.384574703525644,0.0
0,1,3047,3858822216938,60.39072229532878,5.66685098972956e-41
0,0,3048,3859560291328,60.402273189102566,0.0
0,1,3048,3859955127408,60.40845238957332,5.598047235131212e-41
0,0,3049,3860696736768,60.420058605769235,0.0
0,1,3049,3861093836782,60.426273236897785,5.596505806820454e-41
0,0,3050,3861833094144,60.43784264423077,0.0
0,1,3050,3862571230115,60.44939450174967,5.560492436287307e-41
0,0,3051,3862969622528,60.45562935897436,0.0
0,1,3051,3863709580614,60.46720973266602,5.608416843767215e-41
0,0,3052,3864447601664,60.47875979166667,0.0
0,1,3052,3865187377412,60.49033731176132,5.568339707687526e-41
0,0,3053,3865584111616,60.49654621794872,0.0
0,1,3053,3865981137466,60.50275968840771,5.655920861707827e-41
0,0,3054,3866720851968,60.51433625,0.0
0,1,3054,3867114034611,60.52048957411546,5.599588663441969e-41
0,0,3055,3867852039168,60.532039375000004,0.0
0,1,3055,3868246853928,60.5382182418119,5.68660929807654e-41
0,0,3056,3868988263936,60.54982133814103,0.0
0,1,3056,3869385133750,60.55603236663036,5.695997997787516e-41
0,0,3057,3870125221376,60.56761476762821,0.0
0,1,3057,3870518096935,60.57376328586676,5.780496295186303e-41
0,0,3058,3871261845504,60.58540298076923,0.0
0,1,3058,3872001139693,60.59697296444624,5.586556587723748e-41
0,0,3059,3873087084032,60.61396803685898,0.0
0,1,3059,3873484171240,60.620182467573116,5.739298120335153e-41
0,0,3060,3874223609856,60.63175471153846,0.0
0,1,3060,3874616961866,60.63791068625426,5.688711245773027e-41
0,0,3061,3875354571264,60.649454302884614,0.0
0,1,3061,3875750250660,60.65564670128456,5.624111386567653e-41
0,0,3062,3876149209088,60.661890416666665,0.0
0,1,3062,3876888703033,60.67346352653308,5.622569958256896e-41
0,0,3063,3877285656576,60.67967586538462,0.0
0,1,3063,3878027179487,60.69128072865022,5.708469554120007e-41
0,0,3064,3878427597824,60.697547291666666,0.0
0,1,3064,3879165470576,60.70909502979768,5.675679170054807e-41
0,0,3065,3879564257280,60.71533605769231,0.0
0,1,3065,3879959341218,60.72151913715069,5.755973572060619e-41
0,0,3066,3880700555776,60.73311917467949,0.0
0,1,3066,3881442439288,60.744729681365186,5.642888785989606e-41
0,0,3067,3882184018432,60.75633542467949,0.0
0,1,3067,3882925011051,60.767931988854045,5.700762412566221e-41
0,0,3068,3883667510784,60.77955213942308,0.0
0,1,3068,3884063182331,60.78574441498586,5.700201893180491e-41
0,0,3069,3884804049920,60.7973390224359,0.0
0,1,3069,3885201641839,60.803561351897415,5.609537882538675e-41
0,0,3070,3885940622848,60.815126434294875,0.0
0,1,3070,3886334740204,60.821294386706235,5.615703595781704e-41
0,0,3071,3886735445504,60.82756544070513,0.0
0,1,3071,3887473067120,60.83910924854768,5.691794102394542e-41
0,0,3072,3887872131072,60.845354615384615,0.0
0,1,3072,3888611126774,60.856919927728114,5.599588663441969e-41
0,0,3073,3889008848896,60.863144294871795,0.0
0,1,3073,3889749410193,60.87473410883977,5.57142256430904e-41
0,0,3074,3890145413632,60.88093157852564,0.0
0,1,3074,3890543321282,60.88715884918996,5.59286243081321e-41
0,0,3075,3891281893888,60.898717540064105,0.0
0,1,3075,3892020803210,60.91028150055714,5.560492436287307e-41
0,0,3076,3892760120320,60.92185184294872,0.0
0,1,3076,3893153629171,60.92801027223245,5.692915141166002e-41
0,0,3077,3893890946560,60.93954931891026,0.0
0,1,3077,3894286707567,60.94574299452562,5.721501629838228e-41
0,0,3078,3894685790720,60.95198866185898,0.0
0,1,3078,3895425543416,60.9635658211889,5.64597164261112e-41
0,0,3079,3895822344704,60.96977577724359,0.0
0,1,3079,3896564170362,60.981385378511874,5.610518791463703e-41
0,0,3080,3896964255232,60.98764672275641,0.0
0,1,3080,3897358293932,60.99381344419822,5.626213334264141e-41
0,0,3081,3898100475904,61.00542862179487,0.0
0,1,3081,3898496666950,61.011629027537815,5.485382838599496e-41
0,0,3082,3899236637696,61.02320959935898,0.0
0,1,3082,3899629417647,61.0293566213285,5.659984627254369e-41
0,0,3083,3900026044416,61.03556384615385,0.0
0,1,3083,3900767789624,61.0471721883764,5.546479451644058e-41
0,0,3084,3901509741568,61.05878376602564,0.0
0,1,3084,3901905978324,61.064984887131914,5.637563851825172e-41
0,0,3085,3902646173696,61.07656897435898,0.0
0,1,3085,3903043911020,61.08279357941456,5.589639444345263e-41
0,0,3086,3903782259200,61.09434875801282,0.0
0,1,3086,3904176445639,61.100517791575896,5.640226318907389e-41
0,0,3087,3904576993792,61.10678638621795,0.0
0,1,3087,3905314446435,61.11832754962628,5.668392418040318e-41
0,0,3088,3905713602560,61.124574358974364,0.0
0,1,3088,3906452641266,61.13614034433218,5.658022809404314e-41
0,0,3089,3906849636352,61.14235333333333,0.0
0,1,3089,3907591160694,61.15395821899414,5.568339707687526e-41
0,0,3090,3907991409664,61.16022213141026,0.0
0,1,3090,3908385182393,61.16638469039526,5.548441269494113e-41
0,0,3091,3909127419392,61.17800072916667,0.0
0,1,3091,3909523653685,61.184201811726886,5.644430214300363e-41
0,0,3092,3910263294464,61.19577721955128,0.0
0,1,3092,3910656674740,61.20193363663111,5.700201893180491e-41
0,0,3093,3911740939264,61.218902419871796,0.0
0,1,3093,3912134242676,61.225057634026946,5.738737600949423e-41
0,0,3094,3912871554560,61.23659659455129,0.0
0,1,3094,3913611803442,61.24818151921199,5.614722686856677e-41
0,0,3095,3914007761920,61.254378285256415,0.0
0,1,3095,3914405924974,61.260609553003555,5.576186979087745e-41
0,0,3096,3915143822848,61.272157684294875,0.0
0,1,3096,3915538831849,61.27833959098621,5.693335530705299e-41
0,0,3097,3916279424512,61.28992989583333,0.0
0,1,3097,3916676986227,61.29615175260104,5.668392418040318e-41
0,0,3098,3917415093248,61.307703157051286,0.0
0,1,3098,3917809760995,61.313879723103845,5.655920861707827e-41
0,0,3099,3918209314816,61.32013275641026,0.0
0,1,3099,3918947905649,61.331691732537685,5.608416843767215e-41
0,0,3100,3919344747520,61.33790232371795,0.0
0,1,3100,3920086109171,61.34950466325809,5.582352692330774e-41
0,0,3101,3920827047936,61.36110038461538,0.0
0,1,3101,3921568724964,61.37270765981821,5.739718509874451e-41
0,0,3102,3922309272064,61.38429725160257,0.0
0,1,3102,3922706975090,61.39052131989308,5.626633723803438e-41
0,0,3103,3923450387968,61.40215576121795,0.0
0,1,3103,3924189848413,61.41372834680802,5.682405402683566e-41
0,0,3104,3924927378432,61.42527072115385,0.0
0,1,3104,3925322736818,61.43145809573443,5.51831335251113e-41
0,0,3105,3925721327104,61.43769604967949,0.0
0,1,3105,3926461267545,61.449276147226186,5.636582942900144e-41
0,0,3106,3926861671424,61.45554248397436,0.0
0,1,3106,3927599541735,61.46709018390362,5.752750585592672e-41
0,0,3107,3927996559360,61.47330352564103,0.0
0,1,3107,3928393792292,61.47952023694161,5.697539426098274e-41
0,0,3108,3929131965440,61.49107267628205,0.0
0,1,3108,3929526691975,61.49725016236917,5.599588663441969e-41
0,0,3109,3930267639808,61.50884602564103,0.0
0,1,3109,3931009949304,61.52046319899339,5.569320616612553e-41
0,0,3110,3931750754816,61.5320568349359,0.0
0,1,3110,3932492547159,61.543665914823094,5.628735671499925e-41
0,0,3111,3933234225152,61.55527320512821,0.0
0,1,3111,3933630982641,61.56148247572679,5.638124371210901e-41
0,0,3112,3934370205696,61.57305134615385,0.0
0,1,3112,3934763630429,61.57920845898751,5.617805543478192e-41
0,0,3113,3935505660416,61.590821258012824,0.0
0,1,3113,3935901911271,61.597022599769005,5.609537882538675e-41
0,0,3114,3936641872896,61.608603028846154,0.0
0,1,3114,3937034824779,61.61475274155837,5.716316825520226e-41
0,0,3115,3937430755840,61.62094907852564,0.0
0,1,3115,3938173511145,61.63257322880672,5.61262073916019e-41
0,0,3116,3938572432384,61.63881636217949,0.0
0,1,3116,3939311679347,61.650385606767706,5.566237759991038e-41
0,0,3117,3939709121024,61.656605584935896,0.0
0,1,3117,3940105559220,61.66280985858624,5.732011368320664e-41
0,0,3118,3940845735424,61.674393645833334,0.0
0,1,3118,3941588233359,61.6860137682636,5.631398138582142e-41
0,0,3119,3942329120768,61.697608685897436,0.0
0,1,3119,3943071180910,61.70922195684971,5.615703595781704e-41
0,0,3120,3943817812480,61.72090677083334,0.0
0,1,3120,3944215068721,61.7271238469207,5.578148796937799e-41
0,0,3121,3944612121600,61.73333774038462,0.0
0,1,3121,3945353419704,61.74493908541166,5.504720757407179e-41
0,0,3122,3945753548800,61.75120112179487,0.0
0,1,3122,3946491910459,61.76275651134002,5.658443198943611e-41
0,0,3123,3946889457664,61.76897814102564,0.0
0,1,3123,3947285877866,61.775182133069166,5.693896050091029e-41
0,0,3124,3948025078272,61.78675064903846,0.0
0,1,3124,3948418609651,61.7929094308863,5.729909420624177e-41
0,0,3125,3949161055744,61.804528741987184,0.0
0,1,3125,3949556973941,61.81072487763234,5.560492436287307e-41
0,0,3126,3950297454592,61.82231342948718,0.0
0,1,3126,3950695577866,61.82854407467573,5.702724230416276e-41
0,0,3127,3951433574912,61.84009375801282,0.0
0,1,3127,3952173115609,61.851667599549906,5.664188522647343e-41
0,0,3128,3953257744384,61.868642083333334,0.0
0,1,3128,3953995139318,61.8801823435935,5.724724616306175e-41
0,0,3129,3954394299904,61.88642922275641,0.0
0,1,3129,3955133512812,61.897997934382516,5.629856710271385e-41
0,0,3130,3955530848256,61.904216250000005,0.0
0,1,3130,3956272068116,61.91581637050531,5.463522582556029e-41
0,0,3131,3956673163776,61.92209353365385,0.0
0,1,3131,3957410490786,61.93363273090069,5.688150726387297e-41
0,0,3132,3957809078272,61.93987064102564,0.0
0,1,3132,3958204482268,61.94605872940455,5.562594383983794e-41
0,0,3133,3958945648128,61.95765800480769,0.0
0,1,3133,3959342791282,61.96387331107898,5.655920861707827e-41
0,0,3134,3959740372480,61.97009547275641,0.0
0,1,3134,3960825279042,61.98707430391752,5.599028144056239e-41
0,0,3135,3961564858368,61.99864875,0.0
0,1,3135,3962302794258,62.01019747624324,5.570441655384013e-41
0,0,3136,3963042770944,62.02177814102564,0.0
0,1,3136,3963435757419,62.02792839510404,5.718418773216714e-41
0,0,3137,3964173388800,62.039472355769234,0.0
0,1,3137,3964568596205,62.04565736749111,5.51719231373967e-41
0,0,3138,3965309490688,62.05725239583334,0.0
0,1,3138,3965707027567,62.06347386391664,5.606875415456458e-41
0,0,3139,3966104244736,62.069690328525645,0.0
0,1,3139,3966845347837,62.08128862174792,5.610518791463703e-41
0,0,3140,3967246412800,62.08756530448718,0.0
0,1,3140,3967983824289,62.09910582383376,5.554186593197845e-41
0,0,3141,3968382743552,62.105348926282055,0.0
0,1,3141,3968777652429,62.111529266028775,5.61262073916019e-41
0,0,3142,3969519163904,62.123133950320515,0.0
0,1,3142,3969916217443,62.12934785411346,5.740279029260181e-41
0,0,3143,3970655581184,62.140918926282055,0.0
0,1,3143,3971393285160,62.1524640230619,5.688150726387297e-41
0,0,3144,3972480780800,62.16948337339744,0.0
0,1,3144,3973220358754,62.18105779800806,5.685628389151513e-41
0,0,3145,3973616977920,62.187264903846156,0.0
0,1,3145,3974358478829,62.19886942277957,5.670494365736805e-41
0,0,3146,3974758960640,62.20513697916667,0.0
0,1,3146,3975496641910,62.2166817205967,5.61318125854592e-41
0,0,3147,3975895261184,62.22292012820513,0.0
0,1,3147,3976290620086,62.22910751086113,5.709590592891467e-41
0,0,3148,3977031538176,62.24070290865385,0.0
0,1,3148,3977429136432,62.24692533728967,5.655360342322097e-41
0,0,3149,3978167694336,62.258483798076924,0.0
0,1,3149,3978561880497,62.26465282728929,5.691794102394542e-41
0,0,3150,3978962264064,62.27091884615385,0.0
0,1,3150,3979700214580,62.28246780129457,5.711692540587954e-41
0,0,3151,3980098407424,62.28869953525641,0.0
0,1,3151,3980838475968,62.300281637620195,5.599028144056239e-41
0,0,3152,3981576627712,62.31183374198718,0.0
0,1,3152,3981971464244,62.318012949531756,5.618926582249651e-41
0,0,3153,3982712451584,62.32960943108974,0.0
0,1,3153,3983109767095,62.33582743475498,5.555868151355035e-41
0,0,3154,3983848777728,62.347392980769236,0.0
0,1,3154,3984242954049,62.353561855985205,5.799694084147553e-41
0,0,3155,3984984860160,62.36517271634616,0.0
0,1,3155,3985381628092,62.3713821503781,5.574505420930555e-41
0,0,3156,3985779371520,62.37760685096154,0.0
0,1,3156,3986520058455,62.38919863116925,5.528682961147133e-41
0,0,3157,3986920729600,62.39546915064103,0.0
0,1,3157,3987658318314,62.40701244356596,5.614722686856677e-41
0,0,3158,3988056737280,62.413247716346156,0.0
0,1,3158,3988451943202,62.41943270485903,5.607856324381485e-41
0,0,3159,3989193123840,62.431032211538465,0.0
0,1,3159,3989590014643,62.43724356850649,5.559931916901577e-41
0,0,3160,3989987746816,62.44346809294872,0.0
0,1,3160,3990728272932,62.45505735633263,5.588098016034506e-41
0,0,3161,3991812884480,62.472031570512826,0.0
0,1,3161,3992210373672,62.47825229229267,5.640226318907389e-41
0,0,3162,3992949083136,62.489813125000005,0.0
0,1,3162,3993343063933,62.49597894025754,5.520835689746914e-41
0,0,3163,3994084943872,62.50758939102564,0.0
0,1,3163,3994481330456,62.51379285694612,5.668392418040318e-41
0,0,3164,3995221204480,62.525371915064106,0.0
0,1,3164,3995614087803,62.531520554809575,5.614162167470947e-41
0,0,3165,3996351732736,62.54306472756411,0.0
0,1,3165,3996746850810,62.54924834125226,5.65325839462561e-41
0,0,3166,3997146472960,62.55550244391026,0.0
0,1,3166,3997884971886,62.567059981689454,5.668392418040318e-41
0,0,3167,3998282914816,62.57328780448718,0.0
0,1,3167,3999023327505,62.584875292734004,5.587117107109478e-41
0,0,3168,3999419079680,62.59106883012821,0.0
0,1,3168,4000161207461,62.60268315963354,5.637143462285874e-41
0,0,3169,4000902301696,62.61428131410256,0.0
0,1,3169,4001644027515,62.625889352886496,5.59174139204175e-41
0,0,3170,4002385748480,62.63749731570513,0.0
0,1,3170,4003126791791,62.649094673211515,5.622569958256896e-41
0,0,3171,4003869484544,62.660717844551286,0.0
0,1,3171,4004265203691,62.66691086505597,5.618366062863922e-41
0,0,3172,4004664319488,62.673157043269235,0.0
0,1,3172,4005403679098,62.68472805078751,5.641347357678849e-41
0,0,3173,4005800825344,62.69094340544872,0.0
0,1,3173,4006542507802,62.70255076563126,5.648073590307608e-41
0,0,3174,4006942865408,62.70881637820513,0.0
0,1,3174,4007681451195,62.72037527536246,5.773209543171814e-41
0,0,3175,4008079366144,62.72660266025641,0.0
0,1,3175,4008475752432,62.73280612154447,5.620888400099706e-41
0,0,3176,4009215915008,62.74438969551282,0.0
0,1,3176,4009609175394,62.750544236309345,5.578709316323529e-41
0,0,3177,4010346789376,62.76208792467949,0.0
0,1,3177,4010742558394,62.76828172566732,5.646952551536148e-41
0,0,3178,4011830100480,62.78530180288462,0.0
0,1,3178,4012226165942,62.791500243232925,5.622009438871166e-41
0,0,3179,4012966767616,62.80309068910257,0.0
0,1,3179,4013359727664,62.80924052959736,5.814267588176531e-41
0,0,3180,4014098146816,62.82079681891026,0.0
0,1,3180,4014493032839,62.82697680099096,5.594964378509697e-41
0,0,3181,4014892890112,62.833234583333336,0.0
0,1,3181,4015632105260,62.84480333001552,5.523498156829131e-41
0,0,3182,4016029296640,62.851019391025645,0.0
0,1,3182,4016771058871,62.862627999658834,5.651716966314852e-41
0,0,3183,4017171470336,62.868894455128206,0.0
0,1,3183,4017565485043,62.875060801078604,5.601130091752726e-41
0,0,3184,4018308090368,62.886682604166666,0.0
0,1,3184,4018704155506,62.89288103944436,5.593843339738237e-41
0,0,3185,4019444948992,62.90447448717949,0.0
0,1,3185,4019842690316,62.910699154835235,5.614162167470947e-41
0,0,3186,4020581563904,62.92226255608975,0.0
0,1,3186,4021320255182,62.93382310418545,5.545918932258329e-41
0,0,3187,4021718169088,62.94005047275641,0.0
0,1,3187,4022458906216,62.95164303848658,5.649615018618365e-41
0,0,3188,4022860149248,62.95792250801282,0.0
0,1,3188,4023942090297,62.97485492877667,5.627754762574898e-41
0,0,3189,4024680084992,62.98640457532051,0.0
0,1,3189,4025420113924,62.99798605775491,5.583894120641531e-41
0,0,3190,4025816090112,63.00418310096154,0.0
0,1,3190,4026214191407,63.01041340217786,5.549001788879843e-41
0,0,3191,4026952266240,63.02196430288462,0.0
0,1,3191,4027347155130,63.028144329833985,5.688711245773027e-41
0,0,3192,4028093788160,63.03982916666667,0.0
0,1,3192,4028491005539,63.04604563456218,5.698660464869734e-41
0,0,3193,4028888385536,63.0522646474359,0.0
0,1,3193,4029629241842,63.06385907830654,5.561052955673037e-41
0,0,3194,4030029629952,63.070125168269236,0.0
0,1,3194,4030767540090,63.08167349149264,5.689692154698055e-41
0,0,3195,4031506920960,63.09324483173077,0.0
0,1,3195,4032245197118,63.10479888318184,5.547460360569086e-41
0,0,3196,4032984008704,63.11636131410257,0.0
0,1,3196,4033378382004,63.122533272047775,5.787783047200792e-41
0,0,3197,4034119826944,63.134136915064104,0.0
0,1,3197,4034516718646,63.14034828610151,5.641767747218146e-41
0,0,3198,4035255663104,63.15191279647436,0.0
0,1,3198,4035649513891,63.15807657707019,5.664749042033073e-41
0,0,3199,4036391641600,63.16969090544872,0.0
0,1,3199,4036787746090,63.17588995658679,5.70636760642352e-41
0,0,3200,4037527826432,63.187472243589745,0.0
0,1,3200,4037920863906,63.19362329580454,5.681424493758538e-41
0,0,3201,4038658291200,63.2051640625,0.0
0,1,3201,4039053868529,63.2113548635473,5.572963992619797e-41
0,0,3202,4039452509184,63.21759360576923,0.0
0,1,3202,4040192462729,63.22917390839406,5.609537882538675e-41
0,0,3203,4041277313536,63.246151866987184,0.0
0,1,3203,4042014717867,63.25769227431078,5.603232039449214e-41
0,0,3204,4042754886144,63.269275937500005,0.0
0,1,3204,4043147622674,63.27542227992914,5.640786838293119e-41
0,0,3205,4043885301248,63.28696697916667,0.0
0,1,3205,4044280732785,63.29315549856333,5.581932302791476e-41
0,0,3206,4045021400064,63.30474697115385,0.0
0,1,3206,4045419120140,63.310971306277544,5.676660078979834e-41
0,0,3207,4046157248000,63.322523036858975,0.0
0,1,3207,4046552109935,63.32870264196151,5.498975433703447e-41
0,0,3208,4047293014016,63.34029782051282,0.0
0,1,3208,4047690530038,63.34651896218325,5.604212948374241e-41
0,0,3209,4048087157248,63.35272619391026,0.0
0,1,3209,4048828737681,63.36433195739746,5.609958272077973e-41
0,0,3210,4049228231168,63.37058404647436,0.0
0,1,3210,4049966949929,63.38214502468011,5.775171361021869e-41
0,0,3211,4050704870400,63.39369350961539,0.0
0,1,3211,4051099803516,63.399874228703425,5.691794102394542e-41
0,0,3212,4052187586560,63.416898076923076,0.0
0,1,3212,4052926994867,63.42846984655136,5.51719231373967e-41
0,0,3213,4053323714048,63.43467851762821,0.0
0,1,3213,4054065234781,63.446283346808016,5.577728407398502e-41
0,0,3214,4054465283072,63.45254411858974,0.0
0,1,3214,4055203521764,63.464097583696415,5.704826178112763e-41
0,0,3215,4055601250304,63.470322051282054,0.0
0,1,3215,4055997479459,63.476523053432366,5.651156446929122e-41
0,0,3216,4056736819200,63.488093750000004,0.0
0,1,3216,4057130202996,63.49425022216797,5.644990733686093e-41
0,0,3217,4057872087552,63.50586074519231,0.0
0,1,3217,4058268386571,63.51206284071702,5.601130091752726e-41
0,0,3218,4059007193088,63.52362519230769,0.0
0,1,3218,4059401336944,63.52979355944512,5.494771538310473e-41
0,0,3219,4060142649856,63.54139513621795,0.0
0,1,3219,4060539990015,63.54761352562538,5.559511527362279e-41
0,0,3220,4061278551552,63.559172043269236,0.0
0,1,3220,4062017287621,63.57073329234588,5.61262073916019e-41
0,0,3221,4062414532096,63.57695018429487,0.0
0,1,3221,4063155396951,63.58854474895771,5.628735671499925e-41
0,0,3222,4063897418240,63.60015741185897,0.0
0,1,3222,4064293862629,63.606361782430014,5.646952551536148e-41
0,0,3223,4065033352192,63.61793482371795,0.0
0,1,3223,4065426965069,63.624094881012745,5.59286243081321e-41
0,0,3224,4066169118208,63.635709607371794,0.0
0,1,3224,4066565328355,63.64191031204615,5.578709316323529e-41
0,0,3225,4066963344896,63.64813928685898,0.0
0,1,3225,4067703991661,63.65973043840457,5.590199963730993e-41
0,0,3226,4068104468480,63.66599791666667,0.0
0,1,3226,4068842541802,63.67754879372622,5.677781117751294e-41
0,0,3227,4069240381440,63.683775000000004,0.0
0,1,3227,4069980694652,63.695360931427786,5.596926196359752e-41
0,0,3228,4070723037184,63.706978621794875,0.0
0,1,3228,4071463507567,63.718567012955106,5.644990733686093e-41
0,0,3229,4071859224576,63.72476,0.0
0,1,3229,4072946380872,63.74177403958834,5.718979292602443e-41
0,0,3230,4073342041600,63.74796614583334,0.0
0,1,3230,4074079329706,63.75950473423102,5.643869694914633e-41
0,0,3231,4074477856256,63.76574169070513,0.0
0,1,3231,4074873283833,63.77193014812763,5.649054499232635e-41
0,0,3232,4075614460928,63.78352959935898,0.0
0,1,3232,4076011552369,63.78974409631974,5.637143462285874e-41
0,0,3233,4076750790656,63.80131320512821,0.0
0,1,3233,4077144198126,63.80747004779523,5.709030073505737e-41
0,0,3234,4077881190400,63.81900400641026,0.0
0,1,3234,4078277247320,63.82520231307592,5.695017088862489e-41
0,0,3235,4079017476096,63.83678692307692,0.0
0,1,3235,4079410446522,63.842936925987836,5.636582942900144e-41
0,0,3236,4079806718976,63.849138605769234,0.0
0,1,3236,4080548761677,63.86075160376916,5.640786838293119e-41
0,0,3237,4081636943872,63.87778169871795,0.0
0,1,3237,4082031236665,63.883952396725384,5.626633723803438e-41
0,0,3238,4082772496896,63.89555314903846,0.0
0,1,3238,4083514123806,63.90715963989258,5.644430214300363e-41
0,0,3239,4083914157568,63.91342018429487,0.0
0,1,3239,4084652615086,63.92497707403721,5.703845269187735e-41
0,0,3240,4085049969152,63.93119568108975,0.0
0,1,3240,4085791066420,63.942793883025345,5.754432143749861e-41
0,0,3241,4086191335424,63.94905810897436,0.0
0,1,3241,4086929425585,63.96060924956493,5.646952551536148e-41
0,0,3242,4087327358976,63.966836923076926,0.0
0,1,3242,4087723222012,63.97303219545022,5.702724230416276e-41
0,0,3243,4088463688192,63.98462052083334,0.0
0,1,3243,4088861383537,63.990844468915896,5.557409579665792e-41
0,0,3244,4089599942656,64.00240294871796,0.0
0,1,3244,4089994450683,64.00857701514612,5.738737600949423e-41
0,0,3245,4090394720768,64.01484125801282,0.0
0,1,3245,4091133086329,64.02639670862443,5.634480995203657e-41
0,0,3246,4091872467456,64.03796805288462,0.0
0,1,3246,4092265932267,64.04412579294058,5.716316825520226e-41
0,0,3247,4093350099456,64.06109305288462,0.0
0,1,3247,4094087776754,64.0726377321527,5.725705525231203e-41
0,0,3248,4094486244352,64.07887376602564,0.0
0,1,3248,4095225999235,64.09045095958221,5.674137741744049e-41
0,0,3249,4095622434304,64.09665518429487,0.0
0,1,3249,4096019933877,64.10287606853778,5.654379433397069e-41
0,0,3250,4096758387712,64.11443290064103,0.0
0,1,3250,4097153148469,64.12061092230381,5.521396209132644e-41
0,0,3251,4097894296576,64.1322099198718,0.0
0,1,3251,4098291552693,64.13842699401856,5.715335916595199e-41
0,0,3252,4098688460288,64.14463861378205,0.0
0,1,3252,4099429773114,64.15624018920899,5.620888400099706e-41
0,0,3253,4099830170112,64.16250641826923,0.0
0,1,3253,4100567968983,64.17405300015963,5.66629047034383e-41
0,0,3254,4101307810816,64.18563155448719,0.0
0,1,3254,4101700748342,64.19178104251176,5.729909420624177e-41
0,0,3255,4102438405120,64.20332540064103,0.0
0,1,3255,4103177636857,64.21489440694174,5.633920475817927e-41
0,0,3256,4103574181376,64.22110034455129,0.0
0,1,3256,4104315829627,64.23270716939291,5.622009438871166e-41
0,0,3257,4105057146368,64.24430880608975,0.0
0,1,3257,4105454013719,64.25051979603303,5.598607754516942e-41
0,0,3258,4106192994304,64.26208487179487,0.0
0,1,3258,4106587033209,64.26825159644494,5.685628389151513e-41
0,0,3259,4106987203584,64.27451427884615,0.0
0,1,3259,4107725374479,64.28606668292706,5.654379433397069e-41
0,0,3260,4108123506176,64.2922974599359,0.0
0,1,3260,4108863615904,64.30388020683093,5.749667728971157e-41
0,0,3261,4109259431424,64.31007473557692,0.0
0,1,3261,4110001554213,64.32168898695726,5.730469940009907e-41
0,0,3262,4110400351744,64.32793018429487,0.0
0,1,3262,4111139966134,64.33950517913036,5.545918932258329e-41
0,0,3263,4111877834752,64.35105285256411,0.0
0,1,3263,4112616689268,64.36261595534104,5.758495909296403e-41
0,0,3264,4113014138368,64.36883604967949,0.0
0,1,3264,4113754382334,64.3804208974046,5.580811264020016e-41
0,0,3265,4114149976064,64.3866119551282,0.0
0,1,3265,4114892265332,64.39822881191157,5.554186593197845e-41
0,0,3266,4115291416576,64.4044755448718,0.0
0,1,3266,4116030398215,64.41604063712879,5.635041514589387e-41
0,0,3267,4116427599872,64.42225685897436,0.0
0,1,3267,4116824242227,64.42846432772123,5.708469554120007e-41
0,0,3268,4117563587584,64.44003511217949,0.0
0,1,3268,4117957025719,64.44619243475499,5.668392418040318e-41
0,0,3269,4118357995008,64.45246762019231,0.0
0,1,3269,4119095393585,64.46400793746557,5.649615018618365e-41
0,0,3270,4119493754880,64.4702423076923,0.0
0,1,3270,4120233820859,64.48182436991374,5.722062149223958e-41
0,0,3271,4120629541888,64.4880174198718,0.0
0,1,3271,4121366600251,64.49955241278232,5.679322546062051e-41
0,0,3272,4122106318336,64.51112903044871,0.0
0,1,3272,4122499205020,64.51727772279398,5.645411123225391e-41
0,0,3273,4123236416000,64.52881510416667,0.0
0,1,3273,4123632045299,64.53500671854655,5.647513070921878e-41
0,0,3274,4124371953152,64.54658630608975,0.0
0,1,3274,4124764779641,64.55273405638084,5.750228248356887e-41
0,0,3275,4125502113792,64.56427336538462,0.0
0,1,3275,4125897626070,64.57046314838117,5.803337460154797e-41
0,0,3276,4126637675008,64.58204494391026,0.0
0,1,3276,4127035424618,64.58826974124224,5.709030073505737e-41
0,0,3277,4127431846912,64.59447376602564,0.0
0,1,3277,4128173104879,64.60607448290703,5.569320616612553e-41
0,0,3278,4128573099008,64.61233440705128,0.0
0,1,3278,4129311090294,64.62388400024415,5.696978906712544e-41
0,0,3279,4129709012992,64.63011150641026,0.0
0,1,3279,4130449373689,64.6416981809802,5.578709316323529e-41
0,0,3280,4131186540032,64.65323486378205,0.0
0,1,3280,4131926369714,64.66481322794597,5.783018632422088e-41
0,0,3281,4132663911936,64.67635579326924,0.0
0,1,3281,4133403889020,64.68793646428036,5.604773467759971e-41
0,0,3282,4133800457216,64.6941427724359,0.0
0,1,3282,4134542216943,64.70575134188138,5.755413052674889e-41
0,0,3283,4134942034944,64.71200850961539,0.0
0,1,3283,4135680836240,64.7235707794972,5.620468010560409e-41
0,0,3284,4136077803520,64.72978333333333,0.0
0,1,3284,4136453633853,64.73566509310209,5.688711245773027e-41
0,0,3285,4137191320064,64.74720991185897,0.0
0,1,3285,4137586832053,64.75339969033266,5.659564237715071e-41
0,0,3286,4138327367680,64.7649891025641,0.0
0,1,3286,4138725215799,64.77121544156589,5.667831898654588e-41
0,0,3287,4139121504768,64.77741737980769,0.0
0,1,3287,4139863658935,64.78903212225498,5.711132021202224e-41
0,0,3288,4140603881472,64.80061663461538,0.0
0,1,3288,4141341447542,64.81215957316081,5.620888400099706e-41
0,0,3289,4142080778240,64.82373012820513,0.0
0,1,3289,4142818803507,64.835280253202,5.671054885122535e-41
0,0,3290,4143216308224,64.84150121794872,0.0
0,1,3290,4143956872905,64.85309108487643,5.751769676667644e-41
0,0,3291,4144698985984,64.86470518429488,0.0
0,1,3291,4145095008860,64.87090295817057,5.668952937426047e-41
0,0,3292,4145493404672,64.87713786858974,0.0
0,1,3292,4146233118180,64.88871441462591,5.607435934842188e-41
0,0,3293,4146629685248,64.8949207051282,0.0
0,1,3293,4147026871563,64.90113668687087,5.631398138582142e-41
0,0,3294,4147765753856,64.91270022435897,0.0
0,1,3294,4148159591031,64.91886379192646,5.607856324381485e-41
0,0,3295,4148901209088,64.93047014423077,0.0
0,1,3295,4149297820154,64.93667712330354,5.721081240298931e-41
0,0,3296,4149695421440,64.94289959935898,0.0
0,1,3296,4150435975056,64.954489293119,5.84355472608092e-41
0,0,3297,4151519957504,64.97145366185897,0.0
0,1,3297,4151913273674,64.97760907567734,5.691373712855245e-41
0,0,3298,4152650605568,64.98914834935897,0.0
0,1,3298,4153046422198,64.99534289547651,5.74756578127467e-41
0,0,3299,4153785966080,65.00691678685898,0.0
0,1,3299,4154179613733,65.01307738839957,5.740279029260181e-41
0,0,3300,4154921492992,65.02468782852564,0.0
0,1,3300,4155318085560,65.03089451810396,5.596926196359752e-41
0,0,3301,4156057577472,65.04246759615384,0.0
0,1,3301,4156451506979,65.04863260872084,5.599588663441969e-41
0,0,3302,4156851981824,65.05490005608975,0.0
0,1,3302,4157589883053,65.06644823988695,5.593282820352507e-41
0,0,3303,4157987662848,65.07267350961538,0.0
0,1,3303,4158728518203,65.08426792560284,5.733552796631422e-41
0,0,3304,4159129040896,65.09053612179487,0.0
0,1,3304,4159867055021,65.102086072419,5.614722686856677e-41
0,0,3305,4160606050304,65.11365137820513,0.0
0,1,3305,4161344359779,65.12520595106858,5.658443198943611e-41
0,0,3306,4162083022848,65.13676605769231,0.0
0,1,3306,4162477498095,65.14293961111215,5.715335916595199e-41
0,0,3307,4162877568000,65.14920072115385,0.0
0,1,3307,4163616045685,65.16075792651054,5.491688681688958e-41
0,0,3308,4164354507776,65.17231488782052,0.0
0,1,3308,4164748935129,65.17848769169734,5.650595927543392e-41
0,0,3309,4165148727808,65.18474446314103,0.0
0,1,3309,4165887332720,65.19630365960538,5.615283206242407e-41
0,0,3310,4166284372992,65.20251735576923,0.0
0,1,3310,4167025724154,65.2141195311561,5.656901770632854e-41
0,0,3311,4167425714176,65.22037939102565,0.0
0,1,3311,4168163671160,65.23192844739083,5.604773467759971e-41
0,0,3312,4168561883136,65.23816048076924,0.0
0,1,3312,4168957451702,65.24435114467524,5.648634109693338e-41
0,0,3313,4169698319360,65.25594575320513,0.0
0,1,3313,4170095843645,65.26216702419184,5.662647094336586e-41
0,0,3314,4170834688000,65.27372996794873,0.0
0,1,3314,4171573509876,65.28529255990836,5.699080854409031e-41
0,0,3315,4171970486784,65.29150526442308,0.0
0,1,3315,4172712195699,65.30311303865874,5.745043444038885e-41
0,0,3316,4173112037888,65.3093705849359,0.0
0,1,3316,4173850873354,65.32093338957958,5.68716981746227e-41
0,0,3317,4174248246784,65.32715229967948,0.0
0,1,3317,4174989235101,65.33874879652757,5.691373712855245e-41
0,0,3318,4175389747200,65.34501682692309,0.0
0,1,3318,4176127327523,65.35655998852852,5.685628389151513e-41
0,0,3319,4176526027776,65.36279966346154,0.0
0,1,3319,4176921180245,65.36898381543281,5.608977363152945e-41
0,0,3320,4177662126080,65.3805796474359,0.0
0,1,3320,4178059405802,65.38679709100185,5.660545146640099e-41
0,0,3321,4178798131200,65.39835817307693,0.0
0,1,3321,4179192252729,65.4045261907959,5.777273308718356e-41
0,0,3322,4179592686592,65.41079299679487,0.0
0,1,3322,4180330762962,65.42234392155574,5.675118650669077e-41
0,0,3323,4180728662016,65.42857105769231,0.0
0,1,3323,4181469063771,65.44015837482159,5.764801752385865e-41
0,0,3324,4182211505152,65.45177761217948,0.0
0,1,3324,4182952001583,65.46336641099197,5.730890329549204e-41
0,0,3325,4183347605504,65.46955762820512,0.0
0,1,3325,4184084865956,65.48109578381661,5.809643303244259e-41
0,0,3326,4184483427840,65.48733329326923,0.0
0,1,3326,4184878676192,65.4935189458133,5.695017088862489e-41
0,0,3327,4185619162112,65.50510758012821,0.0
0,1,3327,4186017018983,65.51133405609913,5.696978906712544e-41
0,0,3328,4186755201536,65.52288664262821,0.0
0,1,3328,4187150376893,65.5290711527976,5.600569572366996e-41
0,0,3329,4187891226624,65.54066548076923,0.0
0,1,3329,4188288656220,65.54688526986929,5.674698261129779e-41
0,0,3330,4188685529600,65.55309635416667,0.0
0,1,3330,4189426664167,65.5646951398331,5.590199963730993e-41
0,0,3331,4189826850816,65.57095807692308,0.0
0,1,3331,4190564787827,65.58250682071001,5.679322546062051e-41
0,0,3332,4191303990272,65.59407536858974,0.0
0,1,3332,4192042076721,65.60562645108736,5.763820843460838e-41
0,0,3333,4192440258048,65.6118580048077,0.0
0,1,3333,4193180092851,65.62343644911546,5.663207613722316e-41
0,0,3334,4193576570368,65.62964133814103,0.0
0,1,3334,4194318295867,65.64124937191694,5.658022809404314e-41
0,0,3335,4194718610944,65.64751431891025,0.0
0,1,3335,4195456695970,65.65906537913787,5.677781117751294e-41
0,0,3336,4195855098880,65.66530040064103,0.0
0,1,3336,4196595042867,65.67688055368276,5.743502015728128e-41
0,0,3337,4196990860800,65.68307512019231,0.0
0,1,3337,4197733559754,65.69469838857798,5.699080854409031e-41
0,0,3338,4198132515840,65.7009420673077,0.0
0,1,3338,4198527422192,65.70712236753806,5.681985013144268e-41
0,0,3339,4199268294656,65.71871705128206,0.0
0,1,3339,4199665558146,65.72493424081655,5.602251130524186e-41
0,0,3340,4200403853824,65.7364885977564,0.0
0,1,3340,4201143041083,65.74805690797464,5.695017088862489e-41
0,0,3341,4201881277952,65.75961034455129,0.0
0,1,3341,4202276068786,65.76578883692032,5.754432143749861e-41
0,0,3342,4203017895936,65.77739846153847,0.0
0,1,3342,4203759076744,65.78899797087841,5.599588663441969e-41
0,0,3343,4204159972352,65.79527200320513,0.0
0,1,3343,4204897459487,65.80681370641464,5.786662008429332e-41
0,0,3344,4205296054784,65.81305173878205,0.0
0,1,3344,4206035889331,65.82463017908341,5.653818914011339e-41
0,0,3345,4206432237056,65.83083303685898,0.0
0,1,3345,4207173945396,65.84244080209585,5.705386697498493e-41
0,0,3346,4207574323200,65.84870673076924,0.0
0,1,3346,4207967778660,65.85486432448167,5.534988804236595e-41
0,0,3347,4208710214656,65.8664834775641,0.0
0,1,3347,4209106222844,65.87268102157202,5.572963992619797e-41
0,0,3348,4209845827584,65.88425586538462,0.0
0,1,3348,4210583612590,65.89580223028722,5.6329395668929e-41
0,0,3349,4210981767680,65.90203337339744,0.0
0,1,3349,4212066268274,65.91900585114308,5.659564237715071e-41
0,0,3350,4212464764928,65.92524233974359,0.0
0,1,3350,4213204488191,65.93681903844589,5.642888785989606e-41
0,0,3351,4213600740352,65.94302040064103,0.0
0,1,3351,4214342861709,65.95463462961051,5.647513070921878e-41
0,0,3352,4214742124032,65.96088310096154,0.0
0,1,3352,4215136786616,65.96705958621294,5.644430214300363e-41
0,0,3353,4215877981696,65.97865931891026,0.0
0,1,3353,4216275059791,65.98487360700558,5.710571501816495e-41
0,0,3354,4217014164480,65.996440625,0.0
0,1,3354,4217408062907,66.00260515116373,5.585575678798721e-41
0,0,3355,4218150491136,66.0142241826923,0.0
0,1,3355,4218546665266,66.02042432369917,5.651156446929122e-41
0,0,3356,4218945230336,66.02666188301282,0.0
0,1,3356,4219685119174,66.0382411729705,5.606875415456458e-41
0,0,3357,4220081307648,66.04444153846154,0.0
0,1,3357,4220823792737,66.05606145985139,5.498975433703447e-41
0,0,3358,4221564151296,66.06764810096153,0.0
0,1,3358,4221956993968,66.07379610451723,5.576607368627042e-41
0,0,3359,4222694564864,66.08533911858974,0.0
0,1,3359,4223434126194,66.09691328303411,5.710010982430765e-41
0,0,3360,4223830466048,66.10311601762821,0.0
0,1,3360,4224572790512,66.11473342523037,5.498975433703447e-41
0,0,3361,4224971888128,66.12097931891026,0.0
0,1,3361,4225711387788,66.13255251821664,5.695437478401787e-41
0,0,3362,4226107840000,66.13875701121795,0.0
0,1,3362,4226849776674,66.15036834989108,5.824777326658967e-41
0,0,3363,4227249213440,66.15661955128205,0.0
0,1,3363,4227987838890,66.16817906916692,5.511026600496641e-41
0,0,3364,4228384885248,66.17439286057693,0.0
0,1,3364,4228781781718,66.18060430623373,5.778394347489816e-41
0,0,3365,4229521152512,66.19217548878206,0.0
0,1,3365,4229914814525,66.19833631505722,5.676660078979834e-41
0,0,3366,4230656800768,66.20994842948718,0.0
0,1,3366,4231053323698,66.21615402922802,5.608977363152945e-41
0,0,3367,4231792732672,66.22772580929487,0.0
0,1,3367,4232530561891,66.2392728661327,5.627194243189168e-41
0,0,3368,4232928485888,66.2455003926282,0.0
0,1,3368,4233668737277,66.25708535652356,5.750228248356887e-41
0,0,3369,4234069626368,66.26335928685897,0.0
0,1,3369,4234807283856,66.27490365609977,5.626213334264141e-41
0,0,3370,4235546934272,66.2864792147436,0.0
0,1,3370,4235940185592,66.29263361365685,5.607435934842188e-41
0,0,3371,4236677315072,66.30416971955128,0.0
0,1,3371,4237072915815,66.31036088702862,5.792967851518794e-41
0,0,3372,4237471843840,66.31660412660257,0.0
0,1,3372,4238211178737,66.3281747473614,5.635041514589387e-41
0,0,3373,4238607857152,66.33438278044872,0.0
0,1,3373,4239349697139,66.34599260596643,5.651156446929122e-41
0,0,3374,4239749516288,66.35224979166667,0.0
0,1,3374,4240487785462,66.36380373381786,5.625652814878411e-41
0,0,3375,4241227010560,66.37537263621795,0.0
0,1,3375,4242309093367,66.39230727550017,5.766343180696622e-41
0,0,3376,4243046881792,66.40385369391026,0.0
0,1,3376,4243441973104,66.41003688877204,5.596505806820454e-41
0,0,3377,4244182797824,66.42163082532052,0.0
0,1,3377,4244580294900,66.42785167048528,5.527702052222106e-41
0,0,3378,4245318665728,66.43940720352565,0.0
0,1,3378,4245713069652,66.44557964073768,5.760177467453593e-41
0,0,3379,4246113058304,66.45183947916667,0.0
0,1,3379,4246851157481,66.463390760858,5.674137741744049e-41
0,0,3380,4247248947712,66.46961619391026,0.0
0,1,3380,4247989471089,66.48120541442871,5.574085031391257e-41
0,0,3381,4248385285120,66.48739991987179,0.0
0,1,3381,4249127982835,66.49902316886707,5.738737600949423e-41
0,0,3382,4249526767104,66.50526415865384,0.0
0,1,3382,4249922431028,66.51145631491637,5.601130091752726e-41
0,0,3383,4250662901248,66.52304470352564,0.0
0,1,3383,4251749918302,66.5400565639711,5.495892577081933e-41
0,0,3384,4252145428480,66.54624631410256,0.0
0,1,3384,4253227573275,66.56318192349947,5.685628389151513e-41
0,0,3385,4253628346880,66.56945404647436,0.0
0,1,3385,4254365956516,66.58099766682943,5.643309175528903e-41
0,0,3386,4254764634624,66.58723699519231,0.0
0,1,3386,4255504527660,66.59881635084886,5.550122827651303e-41
0,0,3387,4255900971008,66.60502070512821,0.0
0,1,3387,4256642877620,66.61663157332983,5.637563851825172e-41
0,0,3388,4257042801664,66.62289040064103,0.0
0,1,3388,4257436496367,66.629051738516,5.630277099810683e-41
0,0,3389,4258179172352,66.6406746474359,0.0
0,1,3389,4258574441329,66.64686062276205,5.712112930127252e-41
0,0,3390,4259315484672,66.65845798076923,0.0
0,1,3390,4259712166130,66.66466606147962,5.572963992619797e-41
0,0,3391,4260451689984,66.67623963942307,0.0
0,1,3391,4261533832956,66.69317522028996,5.660545146640099e-41
0,0,3392,4261934924800,66.69945232371795,0.0
0,1,3392,4263016734943,66.71638269579765,5.683526441455026e-41
0,0,3393,4263755227136,66.72794012820513,0.0
0,1,3393,4264149468739,66.73411002508702,5.613601648085217e-41
0,0,3394,4264891921408,66.74572943910256,0.0
0,1,3394,4265287503285,66.75192031132624,5.692915141166002e-41
0,0,3395,4265686839808,66.75816994391026,0.0
0,1,3395,4266425142061,66.76972440374912,5.732992277245692e-41
0,0,3396,4266823225344,66.77595442307693,0.0
0,1,3396,4267563070138,66.78753302374425,5.544377503947571e-41
0,0,3397,4267959319040,66.7937343349359,0.0
0,1,3397,4268356806651,66.79995503197303,5.691794102394542e-41
0,0,3398,4269095344640,66.81151318108975,0.0
0,1,3398,4269489569127,66.81768281010555,5.78203772349706e-41
0,0,3399,4270231228928,66.82928981570512,0.0
0,1,3399,4270627947238,66.83549847315079,5.564696331680281e-41
0,0,3400,4271366948352,66.84706387019231,0.0
0,1,3400,4272105212071,66.85861772697254,5.559931916901577e-41
0,0,3401,4272502831104,66.86484048076923,0.0
0,1,3401,4273243063855,66.87642515297914,5.642328266603876e-41
0,0,3402,4273638758912,66.88261779647436,0.0
0,1,3402,4274381236652,66.89423760285206,5.682405402683566e-41
0,0,3403,4274780128256,66.9004802724359,0.0
0,1,3403,4275519429419,66.91205036525629,5.63350008627863e-41
0,0,3404,4275916057088,66.91825760416667,0.0
0,1,3404,4276313213539,66.92447311853654,5.678341637137024e-41
0,0,3405,4277052152832,66.93603754807692,0.0
0,1,3405,4277445596594,66.94219495871519,5.626633723803438e-41
0,0,3406,4278182754304,66.95373150641026,0.0
0,1,3406,4278578063149,66.9599181056722,5.787783047200792e-41
0,0,3407,4278977294336,66.9661660897436,0.0
0,1,3407,4279715776172,66.9777233600636,5.461981154245272e-41
0,0,3408,4280454887936,66.98929048878205,0.0
0,1,3408,4281192901733,67.00084043427296,5.561473345212334e-41
0,0,3409,4281932244480,67.01241117788462,0.0
0,1,3409,4282670200343,67.0239602167061,5.778814737029113e-41
0,0,3410,4283756678656,67.04096364583333,0.0
0,1,3410,4284152840182,67.04716358958709,5.636582942900144e-41
0,0,3411,4284892528640,67.05873974358974,0.0
0,1,3411,4285285826389,67.06489486911872,5.739298120335153e-41
0,0,3412,4286028100096,67.0765114823718,0.0
0,1,3412,4286424462570,67.0827145709698,5.629296190885655e-41
0,0,3413,4286822071808,67.08893717147436,0.0
0,1,3413,4287563017321,67.10053299843813,5.691794102394542e-41
0,0,3414,4287963350528,67.10679822916667,0.0
0,1,3414,4288701032938,67.11834298843775,5.682965922069296e-41
0,0,3415,4289099423232,67.12457781250001,0.0
0,1,3415,4289839300984,67.13615692896134,5.615703595781704e-41
0,0,3416,4290576322048,67.14769133814103,0.0
0,1,3416,4291316685614,67.15927805761093,5.655360342322097e-41
0,0,3417,4292059004416,67.17089537660257,0.0
0,1,3417,4292799891181,67.18249028415778,5.777833828104086e-41
0,0,3418,4293200925184,67.18876648237179,0.0
0,1,3418,4293938598532,67.20031109982222,5.812726159865774e-41
0,0,3419,4294337433600,67.20655288461539,0.0
0,1,3419,4295077055502,67.21812799701398,5.628315281960628e-41
0,0,3420,4295473740800,67.22433613782052,0.0
0,1,3420,4296215905179,67.23595104008602,5.682405402683566e-41
0,0,3421,4296615616512,67.24220653846155,0.0
0,1,3421,4297009926854,67.24837751111153,5.524058676214861e-41
0,0,3422,4297752248832,67.25999487980769,0.0
0,1,3422,4298148406351,67.26619476085175,5.699641373794761e-41
0,0,3423,4298888792576,67.2777818349359,0.0
0,1,3423,4299286823387,67.28401103307479,5.710010982430765e-41
0,0,3424,4299683333120,67.29021642628206,0.0
0,1,3424,4300425168226,67.30182617541192,5.661105666025828e-41
0,0,3425,4301513762304,67.31886271634616,0.0
0,1,3425,4301908044095,67.32503324217186,5.600149182827699e-41
0,0,3426,4302650034176,67.33664541666667,0.0
0,1,3426,4303390530300,67.34823421067458,5.682965922069296e-41
0,0,3427,4304128035328,67.35977619391026,0.0
0,1,3427,4304523243635,67.36596121974847,5.615703595781704e-41
0,0,3428,4305264355328,67.3775596474359,0.0
0,1,3428,4305661413884,67.3837736297451,5.653818914011339e-41
0,0,3429,4306400608256,67.39534205128206,0.0
0,1,3429,4306793963345,67.40149807418432,5.553205684272818e-41
0,0,3430,4307189995008,67.40769598557692,0.0
0,1,3430,4307932409564,67.4193148031225,5.696978906712544e-41
0,0,3431,4308332025344,67.42556880608974,0.0
0,1,3431,4309071213672,67.43713713303787,5.715756306134496e-41
0,0,3432,4309468493312,67.44335457532051,0.0
0,1,3432,4309865207684,67.44956317113632,5.587117107109478e-41
0,0,3433,4310604701696,67.46113628205129,0.0
0,1,3433,4311342365998,67.47268075793144,5.70748864519498e-41
0,0,3434,4312082511872,67.48426407051282,0.0
0,1,3434,4312819974908,67.49580539657202,5.667271379268858e-41
0,0,3435,4313218652672,67.50204471955128,0.0
0,1,3435,4313958653556,67.51362576303336,5.631958657967872e-41
0,0,3436,4314354778112,67.51982512820513,0.0
0,1,3436,4315097110515,67.53144266005296,5.680303454987078e-41
0,0,3437,4315496823296,67.53769818108975,0.0
0,1,3437,4315891328826,67.54387220843975,5.534988804236595e-41
0,0,3438,4316632992768,67.55547927884615,0.0
0,1,3438,4317029732538,67.56168827214168,5.667271379268858e-41
0,0,3439,4317769046016,67.57325855769231,0.0
0,1,3439,4318162460708,67.57941551338392,5.600569572366996e-41
0,0,3440,4318558160896,67.58560823717949,0.0
0,1,3440,4319295323499,67.5971448614502,5.618366062863922e-41
0,0,3441,4319694436352,67.60339099358974,0.0
0,1,3441,4320433650926,67.61495973128882,5.63350008627863e-41
0,0,3442,4321171840512,67.62651242788462,0.0
0,1,3442,4321911556782,67.63808901714619,5.690252674083785e-41
0,0,3443,4322649484288,67.64963761217949,0.0
0,1,3443,4323389692537,67.66122190093212,5.64653216199685e-41
0,0,3444,4323785722880,67.66741979166667,0.0
0,1,3444,4324528524281,67.67904466335199,5.620888400099706e-41
0,0,3445,4324927479808,67.68528833333333,0.0
0,1,3445,4325667531634,67.69687017405975,5.715756306134496e-41
0,0,3446,4326063707136,67.70307033653846,0.0
0,1,3446,4326461755574,67.70929981054061,5.671054885122535e-41
0,0,3447,4327200070144,67.72085446314102,0.0
0,1,3447,4327594693669,67.72703033711751,5.639245409982361e-41
0,0,3448,4328336035328,67.73863236378206,0.0
0,1,3448,4328732937126,67.74484389282227,5.631398138582142e-41
0,0,3449,4329130318336,67.75106292467949,0.0
0,1,3449,4329871612206,67.76266420344426,5.759616948067863e-41
0,0,3450,4330272060416,67.76893123397436,0.0
0,1,3450,4331010158256,67.78048249474159,5.682965922069296e-41
0,0,3451,4331750007296,67.79206116185898,0.0
0,1,3451,4332143102983,67.79821312510956,5.605894506531431e-41
0,0,3452,4332880134656,67.80974770032051,0.0
0,1,3452,4333276075891,67.8159441965113,5.758495909296403e-41
0,0,3453,4334015974400,67.82752363782052,0.0
0,1,3453,4334408990926,67.83367436219827,5.643869694914633e-41
0,0,3454,4335146562048,67.84521737980769,0.0
0,1,3454,4335541819950,67.85140318180964,5.749667728971157e-41
0,0,3455,4336282566656,67.8629958974359,0.0
0,1,3455,4336680024508,67.86921612874349,5.650595927543392e-41
0,0,3456,4337076856320,67.8754265625,0.0
0,1,3456,4337818075964,67.8870266796249,5.713794488284442e-41
0,0,3457,4338218410496,67.89329193108975,0.0
0,1,3457,4338611809898,67.89944864749224,5.72724695354196e-41
0,0,3458,4339353919488,67.9110626923077,0.0
0,1,3458,4339750011884,67.91726155417417,5.698099945484004e-41
0,0,3459,4340490174976,67.92884513621794,0.0
0,1,3459,4341232271289,67.94045897324783,5.790865903822307e-41
0,0,3460,4342320806912,67.95749459935898,0.0
0,1,3460,4342714477416,67.96365555851864,5.687730336848e-41
0,0,3461,4343456649728,67.9752705849359,0.0
0,1,3461,4344196544342,67.98684996528822,5.61318125854592e-41
0,0,3462,4344592825856,67.99305178685897,0.0
0,1,3462,4345334856414,68.00466459482047,5.682965922069296e-41
0,0,3463,4345734604288,68.0109206650641,0.0
0,1,3463,4346128883713,68.01709115386181,5.723603577534715e-41
0,0,3464,4346871078912,68.02870653846153,0.0
0,1,3464,4347267286905,68.03490720942571,5.623550867181923e-41
0,0,3465,4348007053824,68.04648459134616,0.0
0,1,3465,4348399939826,68.05263327301807,5.705386697498493e-41
0,0,3466,4348795811840,68.05882868589744,0.0
0,1,3466,4349537853042,68.07044166043795,5.710571501816495e-41
0,0,3467,4349937455616,68.07669545673077,0.0
0,1,3467,4350675542003,68.08824653825809,5.615703595781704e-41
0,0,3468,4351073739264,68.09447834134616,0.0
0,1,3468,4352157916597,68.11144576004419,5.68604877869081e-41
0,0,3469,4352897936896,68.1230271073718,0.0
0,1,3469,4353296034614,68.12925735260792,5.763260324075108e-41
0,0,3470,4354033951744,68.14080578525642,0.0
0,1,3470,4354428933808,68.14698727038261,5.658022809404314e-41
0,0,3471,4355170386944,68.15859104166667,0.0
0,1,3471,4355567247924,68.16480193190355,5.699080854409031e-41
0,0,3472,4356306863616,68.17637694711539,0.0
0,1,3472,4356700359539,68.1825351740754,5.684086960840755e-41
0,0,3473,4357096227328,68.18873052083333,0.0
0,1,3473,4357833195248,68.20026409830729,5.712673449512982e-41
0,0,3474,4358232858112,68.20651883814102,0.0
0,1,3474,4358971234931,68.21807446494078,5.718979292602443e-41
0,0,3475,4359368936448,68.22429850961538,0.0
0,1,3475,4359765093789,68.23049838787372,5.782458113036358e-41
0,0,3476,4360505631232,68.24208782852564,0.0
0,1,3476,4361247524202,68.25369848322941,5.709590592891467e-41
0,0,3477,4361989227520,68.26530616987179,0.0
0,1,3477,4363074833298,68.28229594379131,5.675679170054807e-41
0,0,3478,4363472510976,68.28851961538462,0.0
0,1,3478,4364213392657,68.30011444337502,5.600569572366996e-41
0,0,3479,4364956447744,68.31174328525641,0.0
0,1,3479,4365351574179,68.31792702979455,5.719960201527471e-41
0,0,3480,4365750931968,68.3241769951923,0.0
0,1,3480,4366490193964,68.33574647504757,5.669933846351075e-41
0,0,3481,4366886951936,68.34195575320513,0.0
0,1,3481,4367628636079,68.353563139758,5.710571501816495e-41
0,0,3482,4368028582400,68.35982231570513,0.0
0,1,3482,4368422379219,68.3659852516996,5.689271765158757e-41
0,0,3483,4369164690944,68.3776024599359,0.0
0,1,3483,4369560948324,68.3838039038086,5.70692812580925e-41
0,0,3484,4370300755456,68.3953819150641,0.0
0,1,3484,4371382683754,68.41231413627429,5.575626459702015e-41
0,0,3485,4371783591424,68.4185883573718,0.0
0,1,3485,4372520964072,68.43012826885517,5.647513070921878e-41
0,0,3486,4372919022080,68.43635789262821,0.0
0,1,3486,4373659304303,68.4479433390769,5.64653216199685e-41
0,0,3487,4374059822592,68.45421146634615,0.0
0,1,3487,4374797374707,68.46575418649527,5.59118087265602e-41
0,0,3488,4375195693568,68.4719878926282,0.0
0,1,3488,4375591239708,68.47817820556641,5.709590592891467e-41
0,0,3489,4376331651584,68.48976568108975,0.0
0,1,3489,4376729534355,68.49599256239671,5.697539426098274e-41
0,0,3490,4377467673600,68.50754447115385,0.0
0,1,3490,4377861741304,68.51371164650942,5.730469940009907e-41
0,0,3491,4378608823296,68.52540350961539,0.0
0,1,3491,4379005444252,68.53161064346705,5.743502015728128e-41
0,0,3492,4379403056128,68.53783328525641,0.0
0,1,3492,4380143835687,68.54942651503343,5.623550867181923e-41
0,0,3493,4380885672960,68.56103629807693,0.0
0,1,3493,4381282288034,68.56724333987505,5.741820457570938e-41
0,0,3494,4382021238784,68.57880794871795,0.0
0,1,3494,4382759489338,68.5903615994654,5.722062149223958e-41
0,0,3495,4383156748800,68.59657872596154,0.0
0,1,3495,4383898109650,68.608181052966,5.695017088862489e-41
0,0,3496,4384297827328,68.61443665064103,0.0
0,1,3496,4385036132432,68.62599115509816,5.731450848934934e-41
0,0,3497,4385433720320,68.63221342147436,0.0
0,1,3497,4385829844331,68.63841277811686,5.658443198943611e-41
0,0,3498,4386569754112,68.64999239583334,0.0
0,1,3498,4386962480359,68.65613857733311,5.734113316017151e-41
0,0,3499,4387700085760,68.66768213141026,0.0
0,1,3499,4388095363124,68.67386823799329,5.708469554120007e-41
0,0,3500,4388494120960,68.68010881410257,0.0
0,1,3500,4389233903014,68.69168643288637,5.676660078979834e-41
0,0,3501,4389629925888,68.69788420673078,0.0
0,1,3501,4390372172079,68.70950038935734,5.701743321491248e-41
0,0,3502,4391112961024,68.72109376602565,0.0
0,1,3502,4391854681359,68.73270171898476,5.7481263006604e-41
0,0,3503,4392254442496,68.73895799679488,0.0
0,1,3503,4393337530610,68.75590836917193,5.711132021202224e-41
0,0,3504,4393737806336,68.76217270032052,0.0
0,1,3504,4394475660401,68.77372014599922,5.545918932258329e-41
0,0,3505,4394873535488,68.77994690705128,0.0
0,1,3505,4395613527540,68.7915278123122,5.739718509874451e-41
0,0,3506,4396009318912,68.79772196314103,0.0
0,1,3506,4396407161608,68.80394821727263,5.695017088862489e-41
0,0,3507,4397145104896,68.81549705929487,0.0
0,1,3507,4397539549811,68.82167013801771,5.637563851825172e-41
0,0,3508,4397939339776,68.82792686698718,0.0
0,1,3508,4398677395955,68.83947747575809,5.702303840876978e-41
0,0,3509,4399074963456,68.84569942307692,0.0
0,1,3509,4399815417202,68.85728755386744,5.661666185411558e-41
0,0,3510,4400557327360,68.8688984775641,0.0
0,1,3510,4401298239269,68.88049377862393,5.622009438871166e-41
0,0,3511,4401698248192,68.88675393429487,0.0
0,1,3511,4402436418728,68.89830633275741,5.684086960840755e-41
0,0,3512,4403175767552,68.90987717147436,0.0
0,1,3512,4403569035310,68.91603182764298,5.577728407398502e-41
0,0,3513,4404311251968,68.92764754807692,0.0
0,1,3513,4405051028466,68.93922507990911,5.638684890596631e-41
0,0,3514,4405447338496,68.94542734775641,0.0
0,1,3514,4405844987166,68.95165056537336,5.466745569023976e-41
0,0,3515,4406583084544,68.96320181891026,0.0
0,1,3515,4406977839231,68.9693797455773,5.694456569476759e-41
0,0,3516,4407377912320,68.97564090544871,0.0
0,1,3516,4408116211705,68.98719532040327,5.616264115167434e-41
0,0,3517,4408514379264,68.99342665865385,0.0
0,1,3517,4409254734699,69.00501325087328,5.577728407398502e-41
0,0,3518,4409650816000,69.01121193910257,0.0
0,1,3518,4410392973553,69.0228267345409,5.614722686856677e-41
0,0,3519,4411133650432,69.03441835737179,0.0
0,1,3519,4411875737801,69.04603205442771,5.777833828104086e-41
0,0,3520,4412275030528,69.05228100160257,0.0
0,1,3520,4413014179914,69.06384871910683,5.70692812580925e-41
0,0,3521,4413752450560,69.07540268429487,0.0
0,1,3521,4414491547126,69.08696957516402,5.609537882538675e-41
0,0,3522,4414888501248,69.09318192307693,0.0
0,1,3522,4415285661498,69.09939749690129,5.651156446929122e-41
0,0,3523,4416024502784,69.1109603926282,0.0
0,1,3523,4416418248833,69.11712253407013,5.611639830235162e-41
0,0,3524,4417160307200,69.12873577724359,0.0
0,1,3524,4417556533248,69.13493673076923,5.643869694914633e-41
0,0,3525,4417954363904,69.14116279647436,0.0
0,1,3525,4418694940035,69.15275284259504,5.616264115167434e-41
0,0,3526,4419095274496,69.15901809294871,0.0
0,1,3526,4419833024770,69.17056391429412,5.483421020749442e-41
0,0,3527,4420572870656,69.18214253205129,0.0
0,1,3527,4420965574258,69.1882883591559,5.578148796937799e-41
0,0,3528,4421703801344,69.1998416426282,0.0
0,1,3528,4422442392595,69.21140062529736,5.515090366043183e-41
0,0,3529,4422839943168,69.21762230769231,0.0
0,1,3529,4423580329861,69.22920938910069,5.561052955673037e-41
0,0,3530,4423981171200,69.23548257211539,0.0
0,1,3530,4424718372616,69.2470198038111,5.601690611138456e-41
0,0,3531,4425458476032,69.25860245192308,0.0
0,1,3531,4425856235642,69.26482740575545,5.695017088862489e-41
0,0,3532,4426253062656,69.27103776442308,0.0
0,1,3532,4426994044407,69.28263415851299,5.512007509421668e-41
0,0,3533,4427394819072,69.28890629807692,0.0
0,1,3533,4428132024165,69.30044358731783,5.593282820352507e-41
0,0,3534,4428531339264,69.30669288461539,0.0
0,1,3534,4428925381296,69.31285965820312,5.611079310849433e-41
0,0,3535,4429667805696,69.3244786298077,0.0
0,1,3535,4430063214645,69.33066679570125,5.511446990035938e-41
0,0,3536,4431151607296,69.34770018429488,0.0
0,1,3536,4431545851896,69.35387012807993,5.483841410288739e-41
0,0,3537,4432288066560,69.3654858173077,0.0
0,1,3537,4433028469178,69.37707314794297,5.675679170054807e-41
0,0,3538,4433766346240,69.38862095352565,0.0
0,1,3538,4434505731438,69.40019236149715,5.622009438871166e-41
0,0,3539,4434903026176,69.4064100400641,0.0
0,1,3539,4435299615917,69.41261668539977,5.637143462285874e-41
0,0,3540,4436039802368,69.42420063301282,0.0
0,1,3540,4436432390636,69.43034465513571,5.548441269494113e-41
0,0,3541,4437170201600,69.44189142628206,0.0
0,1,3541,4437565102949,69.44807164821528,5.674137741744049e-41
0,0,3542,4438306560512,69.45967548878205,0.0
0,1,3542,4438702716126,69.46587534001277,5.675679170054807e-41
0,0,3543,4439101253120,69.4721124599359,0.0
0,1,3543,4439840257100,69.48367790183043,5.487064396756686e-41
0,0,3544,4440237505024,69.48989484775642,0.0
0,1,3544,4440978021828,69.50148396540715,5.483841410288739e-41
0,0,3545,4441715361792,69.51302336538461,0.0
0,1,3545,4442454508414,69.52459103963217,5.511446990035938e-41
0,0,3546,4442851633152,69.5308060576923,0.0
0,1,3546,4443597496566,69.54247885000376,5.669933846351075e-41
0,0,3547,4444334912000,69.55401943108974,0.0
0,1,3547,4444729488996,69.56019457688552,5.564135812294551e-41
0,0,3548,4445471236608,69.57180295673078,0.0
0,1,3548,4445866778597,69.57799320470565,5.619907491174679e-41
0,0,3549,4446607864832,69.58959123397436,0.0
0,1,3549,4447004254031,69.59579474081968,5.691794102394542e-41
0,0,3550,4447402866688,69.6020330448718,0.0
0,1,3550,4448141947583,69.61359969048915,5.478656605970737e-41
0,0,3551,4448539486208,69.61982118589744,0.0
0,1,3551,4449280123959,69.63141219637357,5.431292717876558e-41
0,0,3552,4449675824128,69.63760491987179,0.0
0,1,3552,4450417939890,69.6492190612793,5.575626459702015e-41
0,0,3553,4451159214592,69.66082004006411,0.0
0,1,3553,4452243935712,69.67779596905048,5.529243480532863e-41
0,0,3554,4452984702464,69.68938899839743,0.0
0,1,3554,4453725732779,69.7009861525159,5.577728407398502e-41
0,0,3555,4454125978624,69.70725001602564,0.0
0,1,3555,4454863317284,69.71878939559545,5.595384768048995e-41
0,0,3556,4455262287872,69.72503330128205,0.0
0,1,3556,4455656922671,69.73120935169709,5.557829969205089e-41
0,0,3557,4456398654976,69.74281749198718,0.0
0,1,3557,4456794462627,69.749011897583,5.574505420930555e-41
0,0,3558,4457534904320,69.76059983974359,0.0
0,1,3558,4457931988284,69.76681421968901,5.535549323622325e-41
0,0,3559,4458329618432,69.7730371474359,0.0
0,1,3559,4459069454522,69.78461561188527,5.619346971788949e-41
0,0,3560,4459465784832,69.79081819711539,0.0
0,1,3560,4460212263477,69.80250061781663,5.493790629385445e-41
0,0,3561,4460954244096,69.81411264423078,0.0
0,1,3561,4461349543338,69.82029909320538,5.490707772763931e-41
0,0,3562,4462090228224,69.83189084134615,0.0
0,1,3562,4462831171942,69.8434866402181,5.664188522647343e-41
0,0,3563,4463232176128,69.84976237179487,0.0
0,1,3563,4463979459874,69.86145739235903,5.565677240605308e-41
0,0,3564,4464379748864,69.86772193108975,0.0
0,1,3564,4465116904114,69.87925844028571,5.609958272077973e-41
0,0,3565,4465515786752,69.88550096955129,0.0
0,1,3565,4466259452473,69.89713936787923,5.566798279376768e-41
0,0,3566,4466657392640,69.9033671474359,0.0
0,1,3566,4467052440955,69.9095496693929,5.561473345212334e-41
0,0,3567,4467793350144,69.92114492788461,0.0
0,1,3567,4468189891825,69.92735082107936,5.610518791463703e-41
0,0,3568,4468929415680,69.93892439903847,0.0
0,1,3568,4469321864248,69.94506623485076,5.562594383983794e-41
0,0,3569,4469718524416,69.9512739823718,0.0
0,1,3569,4470459524534,69.962870663906,5.464083101941759e-41
0,0,3570,4470860242944,69.96914192307692,0.0
0,1,3570,4471597528884,69.98068047757663,5.640786838293119e-41
0,0,3571,4472337922560,69.99226766826924,0.0
0,1,3571,4473080309488,70.0038860534355,5.649615018618365e-41
0,0,3572,4473821748224,70.01548959935897,0.0
0,1,3572,4474218281588,70.02169536239234,5.647513070921878e-41
0,0,3573,4474616450048,70.02792671474359,0.0
0,1,3573,4475356009458,70.03950084913987,5.563154903369524e-41
0,0,3574,4475752603136,70.04570755608975,0.0
0,1,3574,4476493563249,70.0573036115441,5.594403859123967e-41
0,0,3575,4476894614528,70.0635800801282,0.0
0,1,3575,4477292300470,70.06980388105343,5.574085031391257e-41
0,0,3576,4478031014400,70.08136478365385,0.0
0,1,3576,4478424342514,70.08752038439629,5.675679170054807e-41
0,0,3577,4479161679360,70.09905973557693,0.0
0,1,3577,4479556097368,70.10523239320413,5.650595927543392e-41
0,0,3578,4479956292096,70.11149545673076,0.0
0,1,3578,4480698827000,70.12311615772737,5.626213334264141e-41
0,0,3579,4481786465792,70.14013774839744,0.0
0,1,3579,4482524054768,70.15168104542268,5.649615018618365e-41
0,0,3580,4482922629632,70.15791875801283,0.0
0,1,3580,4483666869403,70.16956614024627,5.614162167470947e-41
0,0,3581,4484405411328,70.18112435096154,0.0
0,1,3581,4484804089351,70.18736367799417,5.708469554120007e-41
0,0,3582,4485541576704,70.19890538461539,0.0
0,1,3582,4485935795044,70.2050749174304,5.59286243081321e-41
0,0,3583,4486677736448,70.21668633012821,0.0
0,1,3583,4487073500893,70.2228800595484,5.682405402683566e-41
0,0,3584,4487472494592,70.22912432692308,0.0
0,1,3584,4488211125824,70.24068393529647,5.553205684272818e-41
0,0,3585,4488609081344,70.24691195512821,0.0
0,1,3585,4489348777397,70.25848822799291,5.579269835709259e-41
0,0,3586,4489745692672,70.26469996794872,0.0
0,1,3586,4490486567212,70.27629468418219,5.614722686856677e-41
0,0,3587,4490887280128,70.2825658573718,0.0
0,1,3587,4491968305904,70.29948395407652,5.625092295492681e-41
0,0,3588,4492365203968,70.30569542467948,0.0
0,1,3588,4493105823344,70.31728614758615,5.535969713161622e-41
0,0,3589,4493843186176,70.32882590544872,0.0
0,1,3589,4494237983695,70.33500450243828,5.542275556251084e-41
0,0,3590,4494978985984,70.34660121794872,0.0
0,1,3590,4495375712058,70.3528099969013,5.585575678798721e-41
0,0,3591,4495773525504,70.35903579326923,0.0
0,1,3591,4496513085093,70.37060993046687,5.649054499232635e-41
0,0,3592,4496909632000,70.37681590544872,0.0
0,1,3592,4497650687544,70.38841345440204,5.622009438871166e-41
0,0,3593,4498051364352,70.3946840625,0.0
0,1,3593,4498788624828,70.40622221848709,5.734533705556449e-41
0,0,3594,4499187136000,70.41245893429488,0.0
0,1,3594,4499582285028,70.41864303241437,5.57086204492331e-41
0,0,3595,4500322832896,70.43023263621795,0.0
0,1,3595,4501064254125,70.44183590815618,5.554186593197845e-41
0,0,3596,4501806187008,70.4534471875,0.0
0,1,3596,4502207083576,70.45972123485076,5.532326337154378e-41
0,0,3597,4502947806720,70.47131358173077,0.0
0,1,3597,4503688819707,70.48291046466534,5.543816984561841e-41
0,0,3598,4504088993280,70.48917319711539,0.0
0,1,3598,4504831363464,70.50079132023738,5.55222477534779e-41
0,0,3599,4505230335488,70.50703524839744,0.0
0,1,3599,4505968907511,70.51859393014762,5.554747112583575e-41
0,0,3600,4506366325760,70.52481354166667,0.0
0,1,3600,4507106778738,70.53640166043795,5.678341637137024e-41
0,0,3601,4507507661824,70.54267549679487,0.0
0,1,3601,4507900329910,70.54882076807267,5.608416843767215e-41
0,0,3602,4508637931520,70.56036426282051,0.0
0,1,3602,4509032388333,70.56653752774753,5.641347357678849e-41
0,0,3603,4509774057984,70.5781446875,0.0
0,1,3603,4510519082231,70.58980434681428,5.496453096467662e-41
0,0,3604,4511256873472,70.60135080929487,0.0
0,1,3604,4511995369594,70.61290830319136,5.701743321491248e-41
0,0,3605,4512734327808,70.62447302884615,0.0
0,1,3605,4513471941177,70.63601670762283,5.567218668916066e-41
0,0,3606,4513869946368,70.64224550480769,0.0
0,1,3606,4514609401774,70.65381801153721,5.446847130830564e-41
0,0,3607,4515005490176,70.66001681089743,0.0
0,1,3607,4515746936609,70.67162047727928,5.589639444345263e-41
0,0,3608,4516146904064,70.67787998397436,0.0
0,1,3608,4516890055865,70.68951033943372,5.679883065447781e-41
0,0,3609,4517288442880,70.6957451121795,0.0
0,1,3609,4517683489770,70.70192761183519,5.500516862014204e-41
0,0,3610,4518424332800,70.7135218349359,0.0
0,1,3610,4518821052762,70.71973051823542,5.531765817768648e-41
0,0,3611,4519560559104,70.7313038221154,0.0
0,1,3611,4519953114803,70.73744733453213,5.68604877869081e-41
0,0,3612,4520349721088,70.74365423878206,0.0
0,1,3612,4521090578473,70.75524868653909,5.654379433397069e-41
0,0,3613,4521832906240,70.76686614583333,0.0
0,1,3613,4522572407280,70.77843936673678,5.561052955673037e-41
0,0,3614,4522968949248,70.78464526442308,0.0
0,1,3614,4523709776745,70.79623924443172,5.493230109999715e-41
0,0,3615,4524110364160,70.80250845352565,0.0
0,1,3615,4524852484346,70.81412266416892,5.560492436287307e-41
0,0,3616,4525251261952,70.82036354967948,0.0
0,1,3616,4525645803553,70.82653814154209,5.620888400099706e-41
0,0,3617,4526387107840,70.83813958333333,0.0
0,1,3617,4526783132045,70.84433737800794,5.755973572060619e-41
0,0,3618,4527522761728,70.8559126121795,0.0
0,1,3618,4527920626418,70.86213921051808,5.598047235131212e-41
0,0,3619,4528316935680,70.86834146634615,0.0
0,1,3619,4529058367084,70.87994489752354,5.434936093883803e-41
0,0,3620,4529457941504,70.88619825320514,0.0
0,1,3620,4530196087285,70.89775026425093,5.514109457118155e-41
0,0,3621,4531281882624,70.91474300480769,0.0
0,1,3621,4532023319571,70.92634652273325,5.578709316323529e-41
0,0,3622,4532763927040,70.93793705929487,0.0
0,1,3622,4533506068961,70.94955161009177,5.619346971788949e-41
0,0,3623,4533904980992,70.95579459935898,0.0
0,1,3623,4534644056932,70.9673611674304,5.428630250794341e-41
0,0,3624,4535040718848,70.9735689423077,0.0
0,1,3624,4535782145237,70.98517229500013,5.587537496648776e-41
0,0,3625,4536181708800,70.99142548076924,0.0
0,1,3625,4536575875061,70.9975941985458,5.510466081110911e-41
0,0,3626,4537317543424,71.00920133814103,0.0
0,1,3626,4537713762174,71.01540217745267,5.622569958256896e-41
0,0,3627,4538453614080,71.02698088942307,0.0
0,1,3627,4538851498225,71.0332077922332,5.516771924200372e-41
0,0,3628,4539247853056,71.03941076121795,0.0
0,1,3628,4539989379183,71.05101567481408,5.721501629838228e-41
0,0,3629,4540389331968,71.05727495192308,0.0
0,1,3629,4541471867964,71.0742166836313,5.576186979087745e-41
0,0,3630,4542213472768,71.08582282852565,0.0
0,1,3630,4542954488301,71.09741975130521,5.568339707687526e-41
0,0,3631,4543354688512,71.10368290064103,0.0
0,1,3631,4544092867967,71.11523543868627,5.508364133414423e-41
0,0,3632,4544490460672,71.12145778044872,0.0
0,1,3632,4544886805678,71.12766059567183,5.639665799521659e-41
0,0,3633,4545626195456,71.13923207532052,0.0
0,1,3633,4546019794423,71.14539191492325,5.622569958256896e-41
0,0,3634,4546762530304,71.15701576121795,0.0
0,1,3634,4547158289268,71.16320940486028,5.685067869765783e-41
0,0,3635,4547899123712,71.17480349358975,0.0
0,1,3635,4548296707322,71.18102569301507,5.620888400099706e-41
0,0,3636,4548693649920,71.18723786057693,0.0
0,1,3636,4549435133556,71.1988421091872,5.64597164261112e-41
0,0,3637,4549835304448,71.20510479967949,0.0
0,1,3637,4550573583865,71.21665890213404,5.510466081110911e-41
0,0,3638,4551312826368,71.22822807692307,0.0
0,1,3638,4552051076005,71.23978171331945,5.629856710271385e-41
0,0,3639,4552790100992,71.25134748397436,0.0
0,1,3639,4553184010495,71.25751218347794,5.619907491174679e-41
0,0,3640,4553926323200,71.26912940705128,0.0
0,1,3640,4554322519669,71.27532989766439,5.573524512005527e-41
0,0,3641,4555062341120,71.28690813301283,0.0
0,1,3641,4555455645128,71.2930633564954,5.642888785989606e-41
0,0,3642,4556193257472,71.30460701923077,0.0
0,1,3642,4556588708659,71.31079584615073,5.585575678798721e-41
0,0,3643,4556987773440,71.31704122596155,0.0
0,1,3643,4557727670957,71.32862065174592,5.553766203658547e-41
0,0,3644,4558123694592,71.3348184375,0.0
0,1,3644,4558866229809,71.34643914339506,5.525039585139889e-41
0,0,3645,4559264906752,71.35267845352564,0.0
0,1,3645,4560004800425,71.36425781915126,5.609958272077973e-41
0,0,3646,4561088818176,71.38122274038462,0.0
0,1,3646,4561826481571,71.39276720207019,5.628735671499925e-41
0,0,3647,4562224700928,71.39899935096155,0.0
0,1,3647,4562964632345,71.41057930728228,5.597486715745482e-41
0,0,3648,4563360744960,71.41677848557693,0.0
0,1,3648,4564102828175,71.42839211762258,5.599028144056239e-41
0,0,3649,4564844407296,71.43999786057692,0.0
0,1,3649,4565241021954,71.44620489586464,5.605894506531431e-41
0,0,3650,4565638924800,71.45243209134615,0.0
0,1,3650,4566379190645,71.46401728147849,5.512568028807398e-41
0,0,3651,4566774982144,71.47021143429487,0.0
0,1,3651,4567517903088,71.48183817683294,5.596505806820454e-41
0,0,3652,4567916840960,71.48808157051282,0.0
0,1,3652,4568311759412,71.49426206010868,5.602251130524186e-41
0,0,3653,4569053245952,71.50586635416667,0.0
0,1,3653,4569449952188,71.51207482265374,5.677220598365564e-41
0,0,3654,4570189452288,71.52364802884615,0.0
0,1,3654,4570582413040,71.52979788035857,5.557829969205089e-41
0,0,3655,4571667394048,71.54677787660256,0.0
0,1,3655,4572753404787,71.56377398817796,5.552645164887088e-41
0,0,3656,4573491231232,71.57532100160256,0.0
0,1,3656,4574230363414,71.58688844986354,5.583894120641531e-41
0,0,3657,4574627432448,71.59310259615386,0.0
0,1,3657,4575024180796,71.59931172369541,5.643869694914633e-41
0,0,3658,4575763254272,71.61087825320513,0.0
0,1,3658,4576156616608,71.61703438952324,5.672035794047562e-41
0,0,3659,4576898989568,71.62865255608975,0.0
0,1,3659,4577294248725,71.63483837773249,5.59286243081321e-41
0,0,3660,4577693630976,71.64108872596154,0.0
0,1,3660,4578432249481,71.65264813515688,5.508924652800153e-41
0,0,3661,4578830002176,71.65887298076923,0.0
0,1,3661,4579570210811,71.67045727556278,5.672035794047562e-41
0,0,3662,4580307295232,71.68199267628205,0.0
0,1,3662,4581046811571,71.69356613661546,5.700762412566221e-41
0,0,3663,4581784705024,71.70511419871795,0.0
0,1,3663,4582523568985,71.71667744930953,5.515090366043183e-41
0,0,3664,4583261850112,71.72823157852564,0.0
0,1,3664,4584000283886,71.73978809667344,5.556288540894332e-41
0,0,3665,4584397415936,71.74600322916667,0.0
0,1,3665,4585138073211,71.7575945451942,5.68604877869081e-41
0,0,3666,4585538529792,71.76386170673076,0.0
0,1,3666,4586276124150,71.77540508798452,5.635602033975117e-41
0,0,3667,4586674118656,71.78163371794872,0.0
0,1,3667,4587414020975,71.79321321888459,5.670494365736805e-41
0,0,3668,4587809894912,71.79940866185898,0.0
0,1,3668,4588207483022,71.80563093170949,5.70692812580925e-41
0,0,3669,4588945692160,71.81718393429487,0.0
0,1,3669,4589339761646,71.82335113753881,5.579269835709259e-41
0,0,3670,4590081190912,71.83495453525641,0.0
0,1,3670,4591166202359,71.85193500787197,5.680863974372808e-41
0,0,3671,4591563802112,71.8581574599359,0.0
0,1,3671,4592304526709,71.86974982955542,5.685628389151513e-41
0,0,3672,4592704509440,71.87600957532051,0.0
0,1,3672,4593442790646,71.88756370577299,5.66685098972956e-41
0,0,3673,4593840279552,71.89378442307692,0.0
0,1,3673,4594580995194,71.90537665255033,5.55110373657633e-41
0,0,3674,4594981240832,71.91164051282051,0.0
0,1,3674,4595719682036,71.9231971472481,5.468707386874031e-41
0,0,3675,4596116752896,71.92941132211539,0.0
0,1,3675,4596857859951,71.94100967721792,5.564135812294551e-41
0,0,3676,4597257808896,71.94726889423077,0.0
0,1,3676,4597651632288,71.95343224609375,5.689692154698055e-41
0,0,3677,4598393259008,71.96503873397437,0.0
0,1,3677,4598789501450,71.97123994406675,5.678341637137024e-41
0,0,3678,4599528725504,71.9828088301282,0.0
0,1,3678,4599922212209,71.98896691282614,5.582913211716504e-41
0,0,3679,4600664489472,72.00058358173077,0.0
0,1,3679,4601404854576,72.01217032527043,5.587537496648776e-41
0,0,3680,4601805782016,72.01844485576923,0.0
0,1,3680,4602887405815,72.03537231155786,5.620888400099706e-41
0,0,3681,4603975868416,72.0524067948718,0.0
0,1,3681,4604714291478,72.06396314537635,5.526160623911349e-41
0,0,3682,4605452618240,72.07551798878205,0.0
0,1,3682,4605846931052,72.08168900008764,5.501637900785664e-41
0,0,3683,4606246800896,72.08794697916667,0.0
0,1,3683,4606984886767,72.09949805261857,5.586556587723748e-41
0,0,3684,4607382510592,72.10572088141026,0.0
0,1,3684,4608123011947,72.11730975728354,5.490707772763931e-41
0,0,3685,4608523380224,72.12357553685898,0.0
0,1,3685,4608916719738,72.12973131601187,5.57086204492331e-41
0,0,3686,4609659069440,72.14134911858974,0.0
0,1,3686,4610054852089,72.14754313290327,5.469828425645491e-41
0,0,3687,4610794341376,72.1591161698718,0.0
0,1,3687,4611532012466,72.17066075198443,5.608416843767215e-41
0,0,3688,4612271459328,72.182233125,0.0
0,1,3688,4613008764742,72.19377198426858,5.644430214300363e-41
0,0,3689,4613748796928,72.20535351762821,0.0
0,1,3689,4614146776755,72.21158191786546,5.619907491174679e-41
0,0,3690,4614884326912,72.2231246073718,0.0
0,1,3690,4615279502374,72.22930911918445,5.664188522647343e-41
0,0,3691,4616019937280,72.2408969551282,0.0
0,1,3691,4616417542034,72.24711948545799,5.65325839462561e-41
0,0,3692,4617155657728,72.25867102564102,0.0
0,1,3692,4617549785847,72.26483914649377,5.565677240605308e-41
0,0,3693,4617950163968,72.27110508012821,0.0
0,1,3693,4618687691363,72.28264741340833,5.491688681688958e-41
0,0,3694,4619085897216,72.28887935096154,0.0
0,1,3694,4619825316317,72.30045128951636,5.669933846351075e-41
0,0,3695,4620221841408,72.30665692307693,0.0
0,1,3695,4620963159885,72.31825858694224,5.599588663441969e-41
0,0,3696,4621704264192,72.32985689903846,0.0
0,1,3696,4622445481242,72.34145697556716,5.72836799231342e-41
0,0,3697,4623192505344,72.35314793269231,0.0
0,1,3697,4623589392064,72.35935922576122,5.621448919485436e-41
0,0,3698,4624328407040,72.3709248397436,0.0
0,1,3698,4624722048522,72.37708534470778,5.680863974372808e-41
0,0,3699,4625464233472,72.38870056891025,0.0
0,1,3699,4625860271988,72.39489858755259,5.501077381399934e-41
0,0,3700,4626258861056,72.4011365224359,0.0
0,1,3700,4626998378219,72.41270999566494,5.566237759991038e-41
0,0,3701,4627394610176,72.41891104166668,0.0
0,1,3701,4628136677491,72.43052442487668,5.459879206548785e-41
0,0,3702,4628535969280,72.43677335737179,0.0
0,1,3702,4629274867195,72.44833713934483,5.639245409982361e-41
0,0,3703,4629671921152,72.4545510496795,0.0
0,1,3703,4630413225338,72.46615248989008,5.553766203658547e-41
0,0,3704,4631154918400,72.47776001602564,0.0
0,1,3704,4631895525686,72.48935054972331,5.638684890596631e-41
0,0,3705,4632985021440,72.50640120192308,0.0
0,1,3705,4633722302800,72.5179396847456,5.615283206242407e-41
0,0,3706,4634120619008,72.52417334935897,0.0
0,1,3706,4634860371140,72.53575049986229,5.606875415456458e-41
0,0,3707,4635256617984,72.54195177884615,0.0
0,1,3707,4635998453811,72.55356153925969,5.541715036865354e-41
0,0,3708,4636397782016,72.55981104166666,0.0
0,1,3708,4637136486829,72.57137180158567,5.561052955673037e-41
0,0,3709,4637534006272,72.57759299679488,0.0
0,1,3709,4638274393916,72.58918009308644,5.611639830235162e-41
0,0,3710,4638670111232,72.5953730849359,0.0
0,1,3710,4639062798382,72.60151865456606,5.471369853956248e-41
0,0,3711,4639800448000,72.61306290064103,0.0
0,1,3711,4640195390874,72.61924377244216,5.638124371210901e-41
0,0,3712,4641283232768,72.63626854166667,0.0
0,1,3712,4642022081467,72.64783155340733,5.61262073916019e-41
0,0,3713,4642418691584,72.65403851762821,0.0
0,1,3713,4643504383869,72.67102964538574,5.669373326965345e-41
0,0,3714,4643901324288,72.67724177884615,0.0
0,1,3714,4644642683638,72.68884408237555,5.539613089168867e-41
0,0,3715,4645042894336,72.69510739583333,0.0
0,1,3715,4645780961392,72.70665817482973,5.596505806820454e-41
0,0,3716,4646178603520,72.7128812900641,0.0
0,1,3716,4646574813082,72.71908198558319,5.722062149223958e-41
0,0,3717,4647314281984,72.73065470352564,0.0
0,1,3717,4647707523322,72.73680894622021,5.487484786295984e-41
0,0,3718,4648449513984,72.7484211298077,0.0
0,1,3718,4648845511792,72.7546185113682,5.596505806820454e-41
0,0,3719,4649243532288,72.76084754807692,0.0
0,1,3719,4649983873001,72.77243390989646,5.602671520063484e-41
0,0,3720,4650379501056,72.77862550480769,0.0
0,1,3720,4651460864370,72.79554888399565,5.616264115167434e-41
0,0,3721,4652198064128,72.80708608974359,0.0
0,1,3721,4652937775920,72.81866260892428,5.619907491174679e-41
0,0,3722,4653675348480,72.83020564903846,0.0
0,1,3722,4654070640241,72.83639198093512,5.511026600496641e-41
0,0,3723,4654810967552,72.84797813301282,0.0
0,1,3723,4655209006581,72.85420745976374,5.634480995203657e-41
0,0,3724,4655947060224,72.86575802884616,0.0
0,1,3724,4656341267268,72.8719273848783,5.554747112583575e-41
0,0,3725,4656741331456,72.87818840544873,0.0
0,1,3725,4657479111864,72.88973469839243,5.682965922069296e-41
0,0,3726,4657876657152,72.89595629807692,0.0
0,1,3726,4658617251895,72.90754663547614,5.428069731408611e-41
0,0,3727,4659017638400,72.91381270032052,0.0
0,1,3727,4659755370422,72.92535823602138,5.689692154698055e-41
0,0,3728,4660153110528,72.93158288461538,0.0
0,1,3728,4660893225779,72.94316571794559,5.584454640027261e-41
0,0,3729,4661635367936,72.9547802724359,0.0
0,1,3729,4662375472375,72.96636293655787,5.561473345212334e-41
0,0,3730,4662771459584,72.97256015224359,0.0
0,1,3730,4663513441404,72.98417219745343,5.70748864519498e-41
0,0,3731,4664254451200,72.99576903044871,0.0
0,1,3731,4664651211759,73.00197834909292,5.481319073052954e-41
0,0,3732,4665390202880,73.01354358974359,0.0
0,1,3732,4665783827756,73.01970383482322,5.537090751933082e-41
0,0,3733,4666184532480,73.02597487980769,0.0
0,1,3733,4666921845430,73.03751385701497,5.474032321038465e-41
0,0,3734,4667320606720,73.04375448717948,0.0
0,1,3734,4667715534817,73.04993512771998,5.545358412872599e-41
0,0,3735,4668456280064,73.06152782051282,0.0
0,1,3735,4668853285721,73.06774097495055,5.59174139204175e-41
0,0,3736,4669591898112,73.07930028846154,0.0
0,1,3736,4670330075379,73.0908527922645,5.538632180243839e-41
0,0,3737,4671068842496,73.1024145272436,0.0
0,1,3737,4671806711973,73.11396221412072,5.639245409982361e-41
0,0,3738,4672893092864,73.13096411858974,0.0
0,1,3738,4673289102450,73.13716168447641,5.698099945484004e-41
0,0,3739,4674028977152,73.14874075320513,0.0
0,1,3739,4674421730216,73.15488735439203,5.715756306134496e-41
0,0,3740,4675159261696,73.16642975160256,0.0
0,1,3740,4675554267912,73.17261161470853,5.636582942900144e-41
0,0,3741,4675953433088,73.17885856570513,0.0
0,1,3741,4676692565127,73.19042601172814,5.667831898654588e-41
0,0,3742,4677089615360,73.19663986378205,0.0
0,1,3742,4677830684668,73.20823762814253,5.561052955673037e-41
0,0,3743,4678230855168,73.21450031250001,0.0
0,1,3743,4678968788854,73.22604900425056,5.647513070921878e-41
0,0,3744,4679366891520,73.23227932692308,0.0
0,1,3744,4679762575538,73.23847179765751,5.595945287434724e-41
0,0,3745,4680502876672,73.2500575400641,0.0
0,1,3745,4681589189310,73.26705837637094,5.544377503947571e-41
0,0,3746,4682674834432,73.28404876602565,0.0
0,1,3746,4683071513207,73.29025680474697,5.674698261129779e-41
0,0,3747,4683811063296,73.30183079326923,0.0
0,1,3747,4684204061655,73.30798123333271,5.472350762881276e-41
0,0,3748,4684942011904,73.31953018429488,0.0
0,1,3748,4685336677170,73.32570671151969,5.614722686856677e-41
0,0,3749,4686077954048,73.33730772435898,0.0
0,1,3749,4686474584235,73.34351500267616,5.609958272077973e-41
0,0,3750,4686872480768,73.34974209935898,0.0
0,1,3750,4687612631591,73.3613254893924,5.696978906712544e-41
0,0,3751,4688008326656,73.36751813301282,0.0
0,1,3751,4688750547855,73.3791339245136,5.765362271771595e-41
0,0,3752,4689149398528,73.38537595352564,0.0
0,1,3752,4689888516346,73.39694317698944,5.701182802105518e-41
0,0,3753,4690626790400,73.40849719551282,0.0
0,1,3753,4691709905648,73.42544799253807,5.684086960840755e-41
0,0,3754,4692109425152,73.43170048878206,0.0
0,1,3754,4692848084089,73.4432605307398,5.641767747218146e-41
0,0,3755,4693244874240,73.4494703125,0.0
0,1,3755,4693986154487,73.46107137806428,5.752750585592672e-41
0,0,3756,4694385976320,73.46732860576924,0.0
0,1,3756,4695124762488,73.47889063889724,5.691794102394542e-41
0,0,3757,4695521474048,73.48509919070513,0.0
0,1,3757,4696263187697,73.49670703902807,5.659984627254369e-41
0,0,3758,4696662655488,73.50295872596153,0.0
0,1,3758,4697401305709,73.51451863151355,5.583473731102234e-41
0,0,3759,4697798048256,73.52072766826923,0.0
0,1,3759,4698195074430,73.52694114379884,5.654799822936367e-41
0,0,3760,4698933596672,73.53849904647436,0.0
0,1,3760,4699327764208,73.54466778420473,5.712112930127252e-41
0,0,3761,4700069436928,73.55627499198718,0.0
0,1,3761,4700810472621,73.56787223027156,5.59286243081321e-41
0,0,3762,4701899077632,73.58490894230769,0.0
0,1,3762,4702637548220,73.59646603659606,5.606875415456458e-41
0,0,3763,4703375747072,73.60801887820513,0.0
0,1,3763,4704114594932,73.6195818768154,5.417700122772608e-41
0,0,3764,4704511281152,73.62579003205128,0.0
0,1,3764,4704908273061,73.63200297133226,5.672035794047562e-41
0,0,3765,4705646761472,73.64356034455129,0.0
0,1,3765,4706040682226,73.64972522013346,5.653818914011339e-41
0,0,3766,4706782701056,73.66133784455128,0.0
0,1,3766,4707178335340,73.66752953694662,5.718418773216714e-41
0,0,3767,4707919078400,73.67912219551282,0.0
0,1,3767,4708316280803,73.68533842903334,5.689271765158757e-41
0,0,3768,4708713620992,73.69155681891026,0.0
0,1,3768,4709454238041,73.70314750539927,5.685067869765783e-41
0,0,3769,4709854998016,73.7094194150641,0.0
0,1,3769,4710592060615,73.72095447426821,5.574085031391257e-41
0,0,3770,4711679516160,73.73797319711538,0.0
0,1,3770,4712763188530,73.75493271312224,5.792407332133064e-41
0,0,3771,4713162176000,73.76117688301282,0.0
0,1,3771,4713901514427,73.77274755901631,5.507803614028693e-41
0,0,3772,4714298141184,73.77895478365384,0.0
0,1,3772,4715039507503,73.79055719624837,5.605894506531431e-41
0,0,3773,4715439675904,73.79681984775641,0.0
0,1,3773,4716177286063,73.80836347629645,5.681985013144268e-41
0,0,3774,4716575813632,73.81460044871795,0.0
0,1,3774,4716970677946,73.82078009105193,5.589219054805965e-41
0,0,3775,4717712176640,73.83238457532052,0.0
0,1,3775,4718108515367,73.83858729227703,5.623550867181923e-41
0,0,3776,4718848316928,73.85016521634616,0.0
0,1,3776,4719241030053,73.8563111924861,5.526160623911349e-41
0,0,3777,4719978717184,73.86785602564103,0.0
0,1,3777,4720373641975,73.87403661444249,5.70804916458071e-41
0,0,3778,4721462081536,73.89107073717949,0.0
0,1,3778,4721855741613,73.89723153315617,5.696558517173246e-41
0,0,3779,4722940207616,73.91420346955128,0.0
0,1,3779,4723682428627,73.92581925810985,5.671054885122535e-41
0,0,3780,4724082002432,73.93207260416666,0.0
0,1,3780,4724820318792,73.94362728478065,5.549562308265573e-41
0,0,3781,4725217966592,73.94985048878205,0.0
0,1,3781,4725958395330,73.96143822819637,5.600569572366996e-41
0,0,3782,4726354207232,73.96763270032052,0.0
0,1,3782,4726752205561,73.9738613901148,5.643869694914633e-41
0,0,3783,4727490263040,73.98541201923076,0.0
0,1,3783,4727884883020,73.99158783772786,5.485943357985226e-41
0,0,3784,4728626187264,74.00318927884615,0.0
0,1,3784,4729022829496,74.00939674566807,5.528682961147133e-41
0,0,3785,4729420308992,74.01561731570513,0.0
0,1,3785,4730160749361,74.02720523714505,5.555868151355035e-41
0,0,3786,4730897592832,74.03873686698718,0.0
0,1,3786,4731637492985,74.05031633402507,5.513548937732425e-41
0,0,3787,4732374552064,74.06185133814103,0.0
0,1,3787,4732770175547,74.06804286150027,5.762699804689378e-41
0,0,3788,4733509317120,74.07961045673078,0.0
0,1,3788,4733903096752,74.085773123748,5.654799822936367e-41
0,0,3789,4734644023296,74.09736865384616,0.0
0,1,3789,4735040952621,74.10358061368503,5.662086574950856e-41
0,0,3790,4735779205120,74.1151342948718,0.0
0,1,3790,4736173662837,74.12130757394644,5.542275556251084e-41
0,0,3791,4736573164032,74.12755978365385,0.0
0,1,3791,4737311761911,74.13911887005146,5.55166425596206e-41
0,0,3792,4738049996288,74.15067226762821,0.0
0,1,3792,4738444373327,74.15684428408892,5.611639830235162e-41
0,0,3793,4738844161024,74.1631009775641,0.0
0,1,3793,4739582572746,74.17465715059721,5.588658535420235e-41
0,0,3794,4739979577344,74.18087028846153,0.0
0,1,3794,4740720612414,74.19246751699595,5.598047235131212e-41
0,0,3795,4741461704704,74.20406564102564,0.0
0,1,3795,4741858518453,74.21027579209547,5.587117107109478e-41
0,0,3796,4742597179392,74.22183586538462,0.0
0,1,3796,4743335389562,74.23338888412084,5.72836799231342e-41
0,0,3797,4743732567552,74.23960473557692,0.0
0,1,3797,4744817593652,74.25658543751253,5.585575678798721e-41
0,0,3798,4745215401984,74.26281115384616,0.0
0,1,3798,4745955564730,74.27439473047501,5.622569958256896e-41
0,0,3799,4746350925312,74.28058213942307,0.0
0,1,3799,4747088040473,74.29211802122458,5.628735671499925e-41
0,0,3800,4747486265344,74.29835025641026,0.0
0,1,3800,4747881797421,74.30454034926194,5.631958657967872e-41
0,0,3801,4748621454336,74.31611600961538,0.0
0,1,3801,4749014154918,74.32226178945689,5.561052955673037e-41
0,0,3802,4749751369216,74.33379922275641,0.0
0,1,3802,4750146748921,74.33998693098019,5.667831898654588e-41
0,0,3803,4750886522880,74.35156442307692,0.0
0,1,3803,4751968256500,74.36849359756862,5.605333987145701e-41
0,0,3804,4752363935232,74.37468598557693,0.0
0,1,3804,4753789894647,74.39700230755146,5.613601648085217e-41
0,0,3805,4754528931840,74.40856826923077,0.0
0,1,3805,4755266841507,74.42011658508301,5.656901770632854e-41
0,0,3806,4755664222720,74.42633561698719,0.0
0,1,3806,4756404952863,74.43792807340182,5.603792558834943e-41
0,0,3807,4756805037568,74.4441894150641,0.0
0,1,3807,4757198831166,74.4503523006498,5.598047235131212e-41
0,0,3808,4757940011520,74.46195180288461,0.0
0,1,3808,4758681486371,74.4735559140093,5.680863974372808e-41
0,0,3809,4759080481280,74.47980020032051,0.0
0,1,3809,4759475160377,74.48597694400102,5.681985013144268e-41
0,0,3810,4760215508992,74.49756342948719,0.0
0,1,3810,4761302290288,74.5145716003105,5.606875415456458e-41
0,0,3811,4761702556160,74.52083577724359,0.0
0,1,3811,4762784728893,74.53777182387132,5.671054885122535e-41
0,0,3812,4763184645632,74.54403053685898,0.0
0,1,3812,4763922815159,74.55558291953062,5.629296190885655e-41
0,0,3813,4764319885824,74.56179709134615,0.0
0,1,3813,4765060756021,74.57339173961151,5.599028144056239e-41
0,0,3814,4765460852224,74.57965326121796,0.0
0,1,3814,4765854584682,74.58581518996019,5.664188522647343e-41
0,0,3815,4766596702720,74.59742936698719,0.0
0,1,3815,4766992608485,74.60362530807105,5.662647094336586e-41
0,0,3816,4767732708864,74.61520790865384,0.0
0,1,3816,4768130550877,74.62143415209648,5.624671905953383e-41
0,0,3817,4768526524416,74.62763115384615,0.0
0,1,3817,4769268505040,74.63924318033854,5.65269787523988e-41
0,0,3818,4770009052160,74.6508327724359,0.0
0,1,3818,4771095578104,74.66783694699019,5.669373326965345e-41
0,0,3819,4771491543552,74.67403382211539,0.0
0,1,3819,4772577919923,74.69103565584624,5.559931916901577e-41
0,0,3820,4773315440128,74.70257787660256,0.0
0,1,3820,4774054894963,74.71415037439591,5.723603577534715e-41
0,0,3821,4774450666496,74.72034421474359,0.0
0,1,3821,4774848437405,74.72656934540578,5.566237759991038e-41
0,0,3822,4775586128384,74.73811423878206,0.0
0,1,3822,4775980866547,74.74429190684783,5.654799822936367e-41
0,0,3823,4776721561600,74.75588381410256,0.0
0,1,3823,4777118734704,74.76209958909256,5.676239689440537e-41
0,0,3824,4777857425920,74.77366013621796,0.0
0,1,3824,4778251253432,74.7798235525591,5.625652814878411e-41
0,0,3825,4778993707008,74.79144298076923,0.0
0,1,3825,4779388932658,74.7976282780261,5.705386697498493e-41
0,0,3826,4780129569280,74.80921927083334,0.0
0,1,3826,4780871374352,74.82082854992989,5.547460360569086e-41
0,0,3827,4781270829568,74.8270800400641,0.0
0,1,3827,4782009140600,74.83863463729467,5.459879206548785e-41
0,0,3828,4782748093952,74.85019928685898,0.0
0,1,3828,4783141255925,74.85635228748811,5.673577222358319e-41
0,0,3829,4783878636544,74.86789232371795,0.0
0,1,3829,4784273663036,74.87407450414413,5.681424493758538e-41
0,0,3830,4784673002496,74.8803241826923,0.0
0,1,3830,4785411371964,74.89187969444862,5.526581013450646e-41
0,0,3831,4785809232384,74.89810622596154,0.0
0,1,3831,4786549061432,74.90968458020333,5.617245024092462e-41
0,0,3832,4786945418752,74.91588758814103,0.0
0,1,3832,4787342576229,74.92210311856783,5.543256465176111e-41
0,0,3833,4788081308672,74.93366431089744,0.0
0,1,3833,4788474550207,74.93981855667506,5.70636760642352e-41
0,0,3834,4789211971072,74.95135922275641,0.0
0,1,3834,4789607041789,74.95754209530561,5.590199963730993e-41
0,0,3835,4790347832832,74.9691355048077,0.0
0,1,3835,4791089459420,74.9807419906225,5.545918932258329e-41
0,0,3836,4791489171456,74.9869975,0.0
0,1,3836,4792571420840,75.00393474621895,5.619907491174679e-41
0,0,3837,4792971662336,75.01019854166667,0.0
0,1,3837,4793708753948,75.02173405492539,5.589219054805965e-41
0,0,3838,4794107166208,75.02796922275641,0.0
0,1,3838,4794851469234,75.03961759493315,5.651156446929122e-41
0,0,3839,4795248336384,75.04582858173077,0.0
0,1,3839,4795988954412,75.05741928354117,5.66629047034383e-41
0,0,3840,4796389337088,75.06368528846154,0.0
0,1,3840,4796782327354,75.06983560186924,5.596505806820454e-41
0,0,3841,4797519464448,75.08137182692307,0.0
0,1,3841,4797914431922,75.08755308371519,5.576607368627042e-41
0,0,3842,4798313473024,75.09379809294872,0.0
0,1,3842,4799051977500,75.10535571758564,5.583894120641531e-41
0,0,3843,4799449006080,75.11156923076923,0.0
0,1,3843,4800194950328,75.12324328813602,5.656341251247124e-41
0,0,3844,4800937166848,75.13485900641025,0.0
0,1,3844,4801332234806,75.141041835781,5.704405788573465e-41
0,0,3845,4802072979968,75.15263452724359,0.0
0,1,3845,4802819025410,75.16431016830053,5.710010982430765e-41
0,0,3846,4803219509760,75.17057776442307,0.0
0,1,3846,4803956582769,75.1821129865441,5.623550867181923e-41
0,0,3847,4804696431104,75.19369164262821,0.0
0,1,3847,4805094194424,75.19991665452224,5.754432143749861e-41
0,0,3848,4805490893824,75.20612501602564,0.0
0,1,3848,4806231635060,75.21771764604618,5.669933846351075e-41
0,0,3849,4806632003072,75.22398342147436,0.0
0,1,3849,4807030355382,75.23021765108548,5.741820457570938e-41
0,0,3850,4807767570432,75.24175509615385,0.0
0,1,3850,4808162143990,75.24793018814478,5.609958272077973e-41
0,0,3851,4808902933504,75.25952357371796,0.0
0,1,3851,4809299626611,75.26573183673565,5.495332057696203e-41
0,0,3852,4810038758400,75.27729927884616,0.0
0,1,3852,4810775760939,75.28883339810885,5.566798279376768e-41
0,0,3853,4811174985728,75.29508128205129,0.0
0,1,3853,4811912972696,75.30663080766728,5.644430214300363e-41
0,0,3854,4812999137792,75.3236293349359,0.0
0,1,3854,4813394473827,75.32981635972243,5.668392418040318e-41
0,0,3855,4814134392832,75.34139612179487,0.0
0,1,3855,4814531630786,75.34761291168995,5.449509597912781e-41
0,0,3856,4815270231552,75.35917204326924,0.0
0,1,3856,4815663789096,75.36533123460036,5.669933846351075e-41
0,0,3857,4816064453120,75.3716016426282,0.0
0,1,3857,4816801315743,75.3831335721999,5.738737600949423e-41
0,0,3858,4817200272384,75.38937725961539,0.0
0,1,3858,4817938861829,75.40093621402056,5.607435934842188e-41
0,0,3859,4818336144896,75.4071537099359,0.0
0,1,3859,4819076575354,75.41874147626828,5.566798279376768e-41
0,0,3860,4819477388800,75.42501422275642,0.0
0,1,3860,4820214140910,75.43654442279522,5.564135812294551e-41
0,0,3861,4820954871808,75.44813689102564,0.0
0,1,3861,4821696105912,75.45973723445012,5.553766203658547e-41
0,0,3862,4822096236544,75.46599929487179,0.0
0,1,3862,4822833484082,75.47753724837865,5.640786838293119e-41
0,0,3863,4823232112640,75.48377580128205,0.0
0,1,3863,4823971141310,75.49534162957607,5.749667728971157e-41
0,0,3864,4824368456192,75.50155962339744,0.0
0,1,3864,4824764448743,75.50775692268567,5.594964378509697e-41
0,0,3865,4825504399872,75.5193371875,0.0
0,1,3865,4825902090587,75.52556106312288,5.555868151355035e-41
0,0,3866,4826639987712,75.5371091826923,0.0
0,1,3866,4827034375856,75.54328137294672,5.675679170054807e-41
0,0,3867,4827434368512,75.54954127403846,0.0
0,1,3867,4828172034607,75.56108577797914,5.620468010560409e-41
0,0,3868,4828570153472,75.56731635416666,0.0
0,1,3868,4829309496740,75.578887105932,5.580811264020016e-41
0,0,3869,4829705660928,75.58508709134615,0.0
0,1,3869,4830447405838,75.596695428905,5.671475274661832e-41
0,0,3870,4831188183552,75.60828862980769,0.0
0,1,3870,4831929196253,75.61988550826635,5.605894506531431e-41
0,0,3871,4832329369600,75.62614823717949,0.0
0,1,3871,4833066968143,75.63769168392867,5.709590592891467e-41
0,0,3872,4833465120256,75.64392278044872,0.0
0,1,3872,4834204775869,75.65549842042581,5.702724230416276e-41
0,0,3873,4834600825856,75.66169661858974,0.0
0,1,3873,4835342498096,75.67330381886018,5.579830355094989e-41
0,0,3874,4835742127616,75.67955803685898,0.0
0,1,3874,4836136040562,75.68572279024565,5.601690611138456e-41
0,0,3875,4836877601792,75.69732825320513,0.0
0,1,3875,4837273875945,75.70352995957595,5.658443198943611e-41
0,0,3876,4838013083648,75.71509858974359,0.0
0,1,3876,4838406054712,75.72124860263922,5.715756306134496e-41
0,0,3877,4838801775616,75.72744165064103,0.0
0,1,3877,4839543736497,75.73905336815467,5.575065940316285e-41
0,0,3878,4840284243456,75.75064233173077,0.0
0,1,3878,4841026086526,75.76225220549755,5.61206021977446e-41
0,0,3879,4841425507840,75.7685031650641,0.0
0,1,3879,4842164154869,75.78006302066119,5.668392418040318e-41
0,0,3880,4842903225856,75.79162951121795,0.0
0,1,3880,4843296608563,75.79778596634303,5.585575678798721e-41
0,0,3881,4844033503232,75.8093183974359,0.0
0,1,3881,4844428716714,75.81550350426308,5.647513070921878e-41
0,0,3882,4845168899584,75.82708739583333,0.0
0,1,3882,4845910531696,75.83869396809897,5.565256851066011e-41
0,0,3883,4846310242816,75.84494946314103,0.0
0,1,3883,4847048250326,75.85649931024014,5.72724695354196e-41
0,0,3884,4847446209024,75.8627273798077,0.0
0,1,3884,4847842051825,75.86892233550243,5.689692154698055e-41
0,0,3885,4848581998592,75.88050253205128,0.0
0,1,3885,4848979958398,75.88673061895909,5.655360342322097e-41
0,0,3886,4849717490176,75.89827302083333,0.0
0,1,3886,4850456338477,75.90983602634527,5.49799452477842e-41
0,0,3887,4850853170176,75.91604645833334,0.0
0,1,3887,4851594044319,75.92764116835374,5.711132021202224e-41
0,0,3888,4852336043520,75.93925348557693,0.0
0,1,3888,4853076205927,75.95083705690041,5.576607368627042e-41
0,0,3889,4853471692288,75.95702643429487,0.0
0,1,3889,4854213694178,75.96863879360102,5.606875415456458e-41
0,0,3890,4854613424128,75.97489458333334,0.0
0,1,3890,4855007134702,75.98105616959009,5.675679170054807e-41
0,0,3891,4855749519360,75.99267451923077,0.0
0,1,3891,4856144743802,75.99885979758238,5.671054885122535e-41
0,0,3892,4856885369856,76.010450625,0.0
0,1,3892,4857282067193,76.01665895421738,5.718418773216714e-41
0,0,3893,4857679776256,76.02288311698719,0.0
0,1,3893,4858419317349,76.03445696472168,5.505281276792909e-41
0,0,3894,4858815253504,76.04065338141025,0.0
0,1,3894,4859556778966,76.0522582845991,5.603232039449214e-41
0,0,3895,4860297502208,76.06385063301282,0.0
0,1,3895,4861038672292,76.07544997452173,5.603792558834943e-41
0,0,3896,4861438761984,76.08171139423077,0.0
0,1,3896,4862176321302,76.09325422710712,5.778814737029113e-41
0,0,3897,4862574439424,76.09948479166667,0.0
0,1,3897,4863314166925,76.11106155669384,5.814267588176531e-41
0,0,3898,4863710084608,76.11725768429487,0.0
0,1,3898,4864451612153,76.12886262008276,5.610518791463703e-41
0,0,3899,4864850915328,76.13511173076924,0.0
0,1,3899,4865589047156,76.14666352345002,5.636022423514414e-41
0,0,3900,4865986335232,76.1528810977564,0.0
0,1,3900,4866726549237,76.16446547659068,5.599028144056239e-41
0,0,3901,4867127330304,76.17073771634615,0.0
0,1,3901,4867863987310,76.18226642800356,5.653818914011339e-41
0,0,3902,4868263183872,76.18851387019231,0.0
0,1,3902,4868657520533,76.1946852547357,5.590760483116723e-41
0,0,3903,4869399062016,76.20629040865384,0.0
0,1,3903,4869795260675,76.21249093354054,5.669373326965345e-41
0,0,3904,4870535014912,76.22406811698718,0.0
0,1,3904,4871277297886,76.23568487526919,5.725145005845473e-41
0,0,3905,4871676678144,76.2419351923077,0.0
0,1,3905,4872415478855,76.25349745303423,5.65269787523988e-41
0,0,3906,4873154405376,76.2650616826923,0.0
0,1,3906,4873548123049,76.27122338004871,5.638684890596631e-41
0,0,3907,4874290438656,76.28284064903846,0.0
0,1,3907,4874686011182,76.28903137491862,5.695017088862489e-41
0,0,3908,4875426231296,76.30061584935898,0.0
0,1,3908,4875823448737,76.30683231822479,5.682965922069296e-41
0,0,3909,4876220509184,76.3130463301282,0.0
0,1,3909,4876961299467,76.32463972773625,5.620468010560409e-41
0,0,3910,4877362281984,76.33091512019232,0.0
0,1,3910,4877754822961,76.33705840220917,5.684507350380053e-41
0,0,3911,4878492667904,76.34860570512821,0.0
0,1,3911,4878886790796,76.35477374417819,5.563154903369524e-41
0,0,3912,4879628976640,76.3663889823718,0.0
0,1,3912,4880024591872,76.37258037660257,5.631958657967872e-41
0,0,3913,4880764980736,76.38416749198718,0.0
0,1,3913,4881162369392,76.3903866403746,5.703845269187735e-41
0,0,3914,4881900996608,76.40194618589744,0.0
0,1,3914,4882639517499,76.41350406742977,5.600569572366996e-41
0,0,3915,4883036819968,76.41972186698719,0.0
0,1,3915,4883777530036,76.43131400922726,5.570441655384013e-41
0,0,3916,4884178246144,76.4375852323718,0.0
0,1,3916,4884915474987,76.44912289330117,5.647513070921878e-41
0,0,3917,4885314931200,76.45537439903846,0.0
0,1,3917,4886053620654,76.46693491858849,5.585575678798721e-41
0,0,3918,4886450642432,76.47314832532051,0.0
0,1,3918,4887191678242,76.48474556543594,5.515650885428912e-41
0,0,3919,4887591948288,76.49100980769231,0.0
0,1,3919,4887985110581,76.49716281332945,5.714214877823739e-41
0,0,3920,4888722299392,76.50869984775642,0.0
0,1,3920,4889117764003,76.5148888847625,5.78147720411133e-41
0,0,3921,4889858035200,76.52647415865385,0.0
0,1,3921,4890255666962,76.53269711165991,5.703845269187735e-41
0,0,3922,4890993924096,76.54425086538461,0.0
0,1,3922,4891387706995,76.55041358353053,5.721501629838228e-41
0,0,3923,4892129776128,76.56202699519231,0.0
0,1,3923,4892869459002,76.57360306180514,5.737196172638666e-41
0,0,3924,4893607391232,76.58515173076923,0.0
0,1,3924,4894001827206,76.59132466956505,5.661666185411558e-41
0,0,3925,4894401923584,76.59758619391026,0.0
0,1,3925,4895139788530,76.60913380987705,5.719399682141741e-41
0,0,3926,4895538178560,76.61536862980769,0.0
0,1,3926,4896277983347,76.62694660436387,5.76171889576435e-41
0,0,3927,4896674353152,76.6331498076923,0.0
0,1,3927,4897416189424,76.64475957507011,5.718418773216714e-41
0,0,3928,4897816231424,76.65102024839744,0.0
0,1,3928,4898554228072,76.6625699255058,5.752330196053374e-41
0,0,3929,4898952363008,76.66880075320513,0.0
0,1,3929,4899347791526,76.67498922535432,5.705947216884223e-41
0,0,3930,4900088290816,76.68657806891026,0.0
0,1,3930,4900830123635,76.69818778224847,5.630837619196412e-41
0,0,3931,4901917909504,76.7152116746795,0.0
0,1,3931,4902656412792,76.72676928072416,5.559931916901577e-41
0,0,3932,4903395561984,76.73833699519231,0.0
0,1,3932,4903788807143,76.74449129768567,5.709030073505737e-41
0,0,3933,4904526451712,76.75603546474359,0.0
0,1,3933,4904921083187,76.7622114631379,5.63350008627863e-41
0,0,3934,4905662087168,76.7738082051282,0.0
0,1,3934,4906058640571,76.78001428177271,5.724164096920445e-41
0,0,3935,4906456187392,76.78623590544872,0.0
0,1,3935,4907196412469,76.79782045756022,5.681985013144268e-41
0,0,3936,4907592067584,76.80401247596154,0.0
0,1,3936,4908333843884,76.81562130477515,5.770547076089597e-41
0,0,3937,4908733486080,76.82187572115384,0.0
0,1,3937,4909471511837,76.83342585381924,5.649054499232635e-41
0,0,3938,4909869325312,76.83965165064103,0.0
0,1,3938,4910609500837,76.85123542726174,5.811745250940746e-41
0,0,3939,4911346914304,76.8627759775641,0.0
0,1,3939,4911742100472,76.86896065692608,5.616264115167434e-41
0,0,3940,4912483136000,76.8805578926282,0.0
0,1,3940,4912879969137,76.88676834712102,5.687730336848e-41
0,0,3941,4913277783040,76.89299415064103,0.0
0,1,3941,4914018199281,76.90458169447679,5.677220598365564e-41
0,0,3942,4914414166528,76.91077859775642,0.0
0,1,3942,4915156254320,76.9223923014323,5.651716966314852e-41
0,0,3943,4915556060160,76.92864927884615,0.0
0,1,3943,4916294536686,76.94020646606445,5.688150726387297e-41
0,0,3944,4916692111872,76.94642853365384,0.0
0,1,3944,4917088205582,76.95262741608448,5.772088504400354e-41
0,0,3945,4917828374528,76.96421108974359,0.0
0,1,3945,4918226279056,76.97043831154848,5.712112930127252e-41
0,0,3946,4918964374528,76.98198953525642,0.0
0,1,3946,4919358751727,76.98816155422114,5.703284749802005e-41
0,0,3947,4920100522496,76.99977029647437,0.0
0,1,3947,4920496749427,77.00597126381899,5.637563851825172e-41
0,0,3948,4921236489216,77.01754822115385,0.0
0,1,3948,4921973599498,77.02908402659881,5.681424493758538e-41
0,0,3949,4922372222464,77.03532249198719,0.0
0,1,3949,4923111232130,77.04688802286785,5.693896050091029e-41
0,0,3950,4923849403392,77.05844043269231,0.0
0,1,3950,4924243780077,77.0646124436129,5.699641373794761e-41
0,0,3951,4924644055040,77.07087676282052,0.0
0,1,3951,4925381961578,77.08242502970378,5.618926582249651e-41
0,0,3952,4925780266496,77.0886585176282,0.0
0,1,3952,4926175695505,77.09484699746156,5.582913211716504e-41
0,0,3953,4926916059648,77.10643372596154,0.0
0,1,3953,4927313542149,77.11265434302697,5.619346971788949e-41
0,0,3954,4928051826176,77.1242085176282,0.0
0,1,3954,4928446066547,77.13037839522924,5.652277485700582e-41
0,0,3955,4928846014976,77.13663760416667,0.0
0,1,3955,4929583849705,77.1481847472362,5.642888785989606e-41
0,0,3956,4929981505536,77.15440807692308,0.0
0,1,3956,4930721684580,77.16599190861629,5.70692812580925e-41
0,0,3957,4931458478080,77.17752275641026,0.0
0,1,3957,4931854459308,77.1837198784931,5.61262073916019e-41
0,0,3958,4932594205184,77.19529693108974,0.0
0,1,3958,4933331449203,77.20683482952411,5.745463833578182e-41
0,0,3959,4933730066432,77.21307320512821,0.0
0,1,3959,4934469647093,77.22464767210349,5.637563851825172e-41
0,0,3960,4934865697792,77.23084588141026,0.0
0,1,3960,4935607773301,77.2424593928567,5.582352692330774e-41
0,0,3961,4936007081472,77.24870858173077,0.0
0,1,3961,4936745681389,77.26026770002316,5.648634109693338e-41
0,0,3962,4937143161856,77.26648828525641,0.0
0,1,3962,4937539010826,77.27268333749625,5.622569958256896e-41
0,0,3963,4938278702080,77.28425953525641,0.0
0,1,3963,4938676580479,77.2904863481414,5.522937637443402e-41
0,0,3964,4939414752768,77.30203877403846,0.0
0,1,3964,4939809066481,77.30820979944474,5.577167888012772e-41
0,0,3965,4940550908928,77.31981966346154,0.0
0,1,3965,4940947093366,77.32601996578902,5.556288540894332e-41
0,0,3966,4942033975808,77.34302971955128,0.0
0,1,3966,4942773743477,77.35460711320925,5.635602033975117e-41
0,0,3967,4943170011648,77.36080872596155,0.0
0,1,3967,4943911527154,77.3724134733386,5.606875415456458e-41
0,0,3968,4944311188992,77.37866819711539,0.0
0,1,3968,4945049403000,77.39022127591647,5.566237759991038e-41
0,0,3969,4945447009280,77.3964438301282,0.0
0,1,3969,4946187322366,77.40802975958408,5.64653216199685e-41
0,0,3970,4946582753792,77.41421827724359,0.0
0,1,3970,4947319713115,77.42575172017416,5.769005647778839e-41
0,0,3971,4947718450176,77.43199197115385,0.0
0,1,3971,4948113102961,77.4381683030505,5.619346971788949e-41
0,0,3972,4948854422528,77.44976998397436,0.0
0,1,3972,4949250737652,77.45597233154297,5.716316825520226e-41
0,0,3973,4949990299648,77.46754650641026,0.0
0,1,3973,4950388109695,77.47377224958372,5.721501629838228e-41
0,0,3974,4951473422848,77.49075744391025,0.0
0,1,3974,4952214795661,77.50235995813614,5.687730336848e-41
0,0,3975,4952614755840,77.50861935096154,0.0
0,1,3975,4953357734198,77.520246992031,5.743922405267425e-41
0,0,3976,4954097503232,77.53182440705129,0.0
0,1,3976,4954490287741,77.53797150035369,5.636022423514414e-41
0,0,3977,4955228193280,77.54951975160256,0.0
0,1,3977,4955622429162,77.55568955895058,5.691794102394542e-41
0,0,3978,4956021921792,77.56194163461538,0.0
0,1,3978,4956759945064,77.57349172839042,5.55222477534779e-41
0,0,3979,4957157555200,77.57971434294872,0.0
0,1,3979,4957897576673,77.59129570864947,5.677220598365564e-41
0,0,3980,4958293230592,77.59748770833333,0.0
0,1,3980,4959035183698,77.60909930416793,5.63237904750717e-41
0,0,3981,4959434246656,77.61534465544872,0.0
0,1,3981,4960177887733,77.62698266809709,5.751769676667644e-41
0,0,3982,4960916642816,77.63854421474359,0.0
0,1,3982,4961659180475,77.65016495885605,5.661105666025828e-41
0,0,3983,4962399621120,77.66175288461538,0.0
0,1,3983,4962796624691,77.66796600640713,5.693896050091029e-41
0,0,3984,4963535836160,77.67953469551283,0.0
0,1,3984,4964272553678,77.69106435418544,5.615703595781704e-41
0,0,3985,4964671909888,77.6973142948718,0.0
0,1,3985,4965065771003,77.70347823710124,5.701182802105518e-41
0,0,3986,4965808219136,77.7150975801282,0.0
0,1,3986,4966203360629,77.72128156032464,5.813286679251504e-41
0,0,3987,4966944349696,77.73287806891025,0.0
0,1,3987,4967341173503,77.7390883773882,5.766343180696622e-41
0,0,3988,4968080083456,77.75065234775641,0.0
0,1,3988,4968473627195,77.75681132303873,5.594403859123967e-41
0,0,3989,4969216142336,77.7684317147436,0.0
0,1,3989,4969611369912,77.77461704214242,5.601690611138456e-41
0,0,3990,4970352254464,77.7862119150641,0.0
0,1,3990,4971093310844,77.79780947710087,5.676239689440537e-41
0,0,3991,4971835465728,77.80942423076924,0.0
0,1,3991,4972575299418,77.82100265765851,5.702724230416276e-41
0,0,3992,4972971321344,77.82720041666667,0.0
0,1,3992,4973713026755,77.83880813606459,5.619907491174679e-41
0,0,3993,4974112747008,77.84506377403846,0.0
0,1,3993,4974856032375,77.85669621981107,5.681985013144268e-41
0,0,3994,4975254255616,77.86292842948718,0.0
0,1,3994,4975994094571,77.87450693877392,5.534428284850865e-41
0,0,3995,4976389955072,77.88070217147435,0.0
0,1,3995,4977132164976,77.89231778620794,5.548441269494113e-41
0,0,3996,4977531448832,77.89856659455128,0.0
0,1,3996,4978269935333,77.91012393787874,5.637563851825172e-41
0,0,3997,4978666578944,77.91633142628206,0.0
0,1,3997,4979063540727,77.92254389408993,5.740839548645911e-41
0,0,3998,4979801854464,77.93409853365385,0.0
0,1,3998,4980195919207,77.94026566266965,5.722062149223958e-41
0,0,3999,4981284116480,77.95729599358975,0.0
0,1,3999,4982022459256,77.96885108761519,5.51719231373967e-41
0,0,4000,4982761242624,77.98041307692309,0.0
0,1,4000,4983154690777,77.98657055628068,5.621448919485436e-41
0,0,4001,4983897040384,77.9981883573718,0.0
0,1,4001,4984292318265,78.0043744720459,5.641347357678849e-41
0,0,4002,4985032953344,78.01596544070513,0.0
0,1,4002,4985430136241,78.02218136895596,5.689271765158757e-41
0,0,4003,4986168622592,78.0337387099359,0.0
0,1,4003,4986562565409,78.03990393080491,5.485943357985226e-41
0,0,4004,4987304307200,78.05151221955128,0.0
0,1,4004,4987700224145,78.0577083356026,5.579269835709259e-41
0,0,4005,4988098519040,78.06394166666666,0.0
0,1,4005,4988837886483,78.07551279677172,5.615703595781704e-41
0,0,4006,4989234011136,78.08171216346155,0.0
0,1,4006,4989975299956,78.09331336319362,5.59174139204175e-41
0,0,4007,4990716375040,78.10491121794873,0.0
0,1,4007,4991462374272,78.11658613581731,5.535969713161622e-41
0,0,4008,4992203694080,78.12818782051282,0.0
0,1,4008,4992943921981,78.13977241682004,5.690252674083785e-41
0,0,4009,4993344463360,78.14604090544871,0.0
0,1,4009,4994081690294,78.15757853650216,5.715335916595199e-41
0,0,4010,4994479389696,78.16380254807693,0.0
0,1,4010,4994875172826,78.16999656991813,5.734533705556449e-41
0,0,4011,4995614539264,78.18156768429488,0.0
0,1,4011,4996007003962,78.18770977254232,5.703284749802005e-41
0,0,4012,4996744346112,78.19924920673077,0.0
0,1,4012,4997138744949,78.20542156433106,5.573524512005527e-41
0,0,4013,4997538358272,78.21167552884616,0.0
0,1,4013,4998275966462,78.22321912657127,5.604773467759971e-41
0,0,4014,4998673659904,78.2294430448718,0.0
0,1,4014,4999413307260,78.24101855562651,5.602251130524186e-41
0,0,4015,4999808999936,78.24721116185897,0.0
0,1,4015,5000555957495,78.25890107758352,5.680303454987078e-41
0,0,4016,5001297242112,78.27050221153847,0.0
0,1,4016,5001693258355,78.27669988160746,5.604773467759971e-41
0,0,4017,5002433620480,78.28828657852564,0.0
0,1,4017,5002830483957,78.29449750784067,5.534428284850865e-41
0,0,4018,5003569692672,78.30606615384616,0.0
0,1,4018,5003962326862,78.31221089465019,5.555868151355035e-41
0,0,4019,5004700187136,78.3237584375,0.0
0,1,4019,5005094172337,78.32992432168031,5.631958657967872e-41
0,0,4020,5005836173824,78.34153667467949,0.0
0,1,4020,5006231466025,78.34772301346217,5.45567531115581e-41
0,0,4021,5006630881280,78.35397387820512,0.0
0,1,4021,5007369084318,78.36552678532527,5.604212948374241e-41
0,0,4022,5007766821888,78.37175139423077,0.0
0,1,4022,5008507004174,78.38333527666141,5.661105666025828e-41
0,0,4023,5008902419456,78.38952354166666,0.0
0,1,4023,5009294941220,78.3956665229993,5.554747112583575e-41
0,0,4024,5010032781312,78.40721375,0.0
0,1,4024,5010426795906,78.41338009418195,5.587537496648776e-41
0,0,4025,5011515585024,78.4304196875,0.0
0,1,4025,5011908460856,78.43656821001102,5.642888785989606e-41
0,0,4026,5012646073856,78.44811188301283,0.0
0,1,4026,5013389891317,78.45975265607785,5.492249201074688e-41
0,0,4027,5013787345920,78.46597283653847,0.0
0,1,4027,5014527396984,78.47755466533954,5.528682961147133e-41
0,0,4028,5014923182592,78.48374872596155,0.0
0,1,4028,5015664970744,78.49535774025942,5.59174139204175e-41
0,0,4029,5016065024000,78.50161858974359,0.0
0,1,4029,5016458559257,78.50777743228228,5.656341251247124e-41
0,0,4030,5017201109504,78.51939837339744,0.0
0,1,4030,5017596307602,78.5255832394644,5.539192699629569e-41
0,0,4031,5018337680896,78.53718576121796,0.0
0,1,4031,5018733860866,78.54338599362104,5.529243480532863e-41
0,0,4032,5019132599296,78.54962626602564,0.0
0,1,4032,5019871535990,78.56119065489158,5.66685098972956e-41
0,0,4033,5020610394624,78.57275382211539,0.0
0,1,4033,5021348016446,78.58429763318185,5.614162167470947e-41
0,0,4034,5021746461184,78.59053330929487,0.0
0,1,4034,5022830372604,78.60749656644381,5.6657299509581e-41
0,0,4035,5023229902848,78.61374923076923,0.0
0,1,4035,5023968092285,78.62530192503318,5.648634109693338e-41
0,0,4036,5024707889664,78.63687978365385,0.0
0,1,4036,5025105539569,78.64310302059859,5.684086960840755e-41
0,0,4037,5025843863552,78.65465782051282,0.0
0,1,4037,5026237581618,78.66081952401969,5.674698261129779e-41
0,0,4038,5026638177280,78.66708886217948,0.0
0,1,4038,5027375465142,78.67862744675857,5.509485172185883e-41
0,0,4039,5027773657088,78.68485916666667,0.0
0,1,4039,5028513012787,78.69643011297764,5.59286243081321e-41
0,0,4040,5028909408256,78.70263371794871,0.0
0,1,4040,5029650774453,78.71423612863394,5.638124371210901e-41
0,0,4041,5030050858496,78.7204974599359,0.0
0,1,4041,5030788548915,78.73204234454815,5.651716966314852e-41
0,0,4042,5031528530944,78.74362309294872,0.0
0,1,4042,5031926049458,78.74984427361905,5.536530232547352e-41
0,0,4043,5032664882176,78.76140703525641,0.0
0,1,4043,5033402583618,78.77295209237906,5.539613089168867e-41
0,0,4044,5033800997888,78.77918729166667,0.0
0,1,4044,5034196022143,78.78536943708372,5.664749042033073e-41
0,0,4045,5034936974336,78.79696536858975,0.0
0,1,4045,5035333558008,78.80317191894531,5.624671905953383e-41
0,0,4046,5036072877056,78.81474229166668,0.0
0,1,4046,5036465713211,78.82089019323105,5.607856324381485e-41
0,0,4047,5036861836800,78.82708954326924,0.0
0,1,4047,5037608776689,78.83877918245756,5.626633723803438e-41
0,0,4048,5038008706048,78.84503809294873,0.0
0,1,4048,5038746498412,78.85658457300431,5.640786838293119e-41
0,0,4049,5039144617472,78.8628151522436,0.0
0,1,4049,5039539661434,78.86899760607598,5.627754762574898e-41
0,0,4050,5040280615424,78.88059356570513,0.0
0,1,4050,5041365561511,78.89757301543408,5.701182802105518e-41
0,0,4051,5042452431360,78.91458257211539,0.0
0,1,4051,5043191800512,78.92615372896636,5.675118650669077e-41
0,0,4052,5043930279936,78.93771096153846,0.0
0,1,4052,5044324110865,78.9438744313558,5.507383224489396e-41
0,0,4053,5045066353152,78.95549055288461,0.0
0,1,4053,5045461912459,78.9616810718869,5.644990733686093e-41
0,0,4054,5046202100224,78.9732650400641,0.0
0,1,4054,5046599417078,78.97948306474734,5.49743400539269e-41
0,0,4055,5047337973248,78.99104149839744,0.0
0,1,4055,5047731411562,78.9971988237743,5.585015159412991e-41
0,0,4056,5048127265792,79.00339395833333,0.0
0,1,4056,5048868924901,79.0150009531031,5.583894120641531e-41
0,0,4057,5049269418496,79.02126869391026,0.0
0,1,4057,5050006638426,79.03280621535082,5.587117107109478e-41
0,0,4058,5050747339264,79.04439821314102,0.0
0,1,4058,5051832434554,79.0613799979029,5.689692154698055e-41
0,0,4059,5052231301632,79.06762228365385,0.0
0,1,4059,5052975123192,79.07926312086839,5.543256465176111e-41
0,0,4060,5053714929664,79.09084112179488,0.0
0,1,4060,5054457030873,79.10245503544735,5.657462290018584e-41
0,0,4061,5055546030592,79.1194979246795,0.0
0,1,4061,5056293270327,79.13119225646973,5.790865903822307e-41
0,0,4062,5057035218432,79.14280377403847,0.0
0,1,4062,5057430599853,79.14899150911772,5.616264115167434e-41
0,0,4063,5058171337216,79.16058407852564,0.0
0,1,4063,5058567972399,79.16679143503043,5.642888785989606e-41
0,0,4064,5059307562496,79.1783660496795,0.0
0,1,4064,5059705299874,79.18459065558018,5.577728407398502e-41
0,0,4065,5060443825664,79.19614861378206,0.0
0,1,4065,5060837195518,79.20230486775716,5.649615018618365e-41
0,0,4066,5061921837568,79.21927955929488,0.0
0,1,4066,5062668373297,79.23096287336301,5.5725436030805e-41
0,0,4067,5063068843520,79.23723024839744,0.0
0,1,4067,5063811094201,79.24884650129269,5.578709316323529e-41
0,0,4068,5064899184128,79.2658751522436,0.0
0,1,4068,5065637226730,79.27742554853391,5.493790629385445e-41
0,0,4069,5066035233792,79.283654375,0.0
0,1,4069,5066775002733,79.29523178856483,5.57198308369477e-41
0,0,4070,5067170966528,79.30142863782052,0.0
0,1,4070,5067917778426,79.31311627394456,5.499535953089177e-41
0,0,4071,5068317996032,79.31937969551282,0.0
0,1,4071,5068711191342,79.32553321786735,5.600569572366996e-41
0,0,4072,5069448303616,79.33706905448719,0.0
0,1,4072,5069843283568,79.3432505065605,5.457356869313e-41
0,0,4073,5070242654720,79.34950068108975,0.0
0,1,4073,5070980864495,79.36105369364421,5.556849060280062e-41
0,0,4074,5071378613248,79.3672784775641,0.0
0,1,4074,5072118627182,79.3788597252792,5.618926582249651e-41
0,0,4075,5072860970496,79.39047742788462,0.0
0,1,4075,5073256447727,79.39666666239421,5.641767747218146e-41
0,0,4076,5073996665856,79.40825110576924,0.0
0,1,4076,5074733652651,79.4197849786377,5.49687348600696e-41
0,0,4077,5075473413120,79.43136225961538,0.0
0,1,4077,5075866186222,79.43750917439779,5.492249201074688e-41
0,0,4078,5076262171648,79.44370636217948,0.0
0,1,4078,5077004077429,79.45531721737594,5.628315281960628e-41
0,0,4079,5077403272704,79.46156463942307,0.0
0,1,4079,5078141896937,79.47312413826185,5.515650885428912e-41
0,0,4080,5078539115520,79.479340625,0.0
0,1,4080,5079280024698,79.49093588331957,5.710010982430765e-41
0,0,4081,5079680146944,79.4971978125,0.0
0,1,4081,5080073619891,79.50335567988469,5.703284749802005e-41
0,0,4082,5080815768576,79.51497033653847,0.0
0,1,4082,5081555723132,79.52655065498548,5.640226318907389e-41
0,0,4083,5082292596736,79.53808275641026,0.0
0,1,4083,5083032558376,79.54966318572215,5.562594383983794e-41
0,0,4084,5083769632768,79.56119842948718,0.0
0,1,4084,5084509355727,79.57277512343187,5.595945287434724e-41
0,0,4085,5084909937152,79.57904423878206,0.0
0,1,4085,5085647584328,79.59058844663963,5.629296190885655e-41
0,0,4086,5086045599232,79.59681739583334,0.0
0,1,4086,5086785988560,79.60840451847957,5.5725436030805e-41
0,0,4087,5087186686464,79.61467545673077,0.0
0,1,4087,5087924347215,79.62621987703764,5.626633723803438e-41
0,0,4088,5088322269696,79.6324473798077,0.0
0,1,4088,5088718288500,79.63864508995643,5.645411123225391e-41
0,0,4089,5089457556992,79.65021467147436,0.0
0,1,4089,5089850751972,79.65636818866436,5.703845269187735e-41
0,0,4090,5090587323392,79.66789556089743,0.0
0,1,4090,5090983485752,79.67409551770332,5.434936093883803e-41
0,0,4091,5092069348352,79.69108931089744,0.0
0,1,4091,5092810451310,79.70268760188176,5.672596313433292e-41
0,0,4092,5093551830528,79.71429021634616,0.0
0,1,4092,5094292969267,79.72588906730456,5.565256851066011e-41
0,0,4093,5094693115392,79.73215137019231,0.0
0,1,4093,5095086855785,79.73831342311762,5.561473345212334e-41
0,0,4094,5095828886528,79.74992623397436,0.0
0,1,4094,5096224980969,79.75612512784518,5.609537882538675e-41
0,0,4095,5096964672512,79.7677013301282,0.0
0,1,4095,5097357803318,79.77385384299254,5.544797893486869e-41
0,0,4096,5098100218368,79.78547266826924,0.0
0,1,4096,5098496191154,79.79166965823443,5.566798279376768e-41
0,0,4097,5098894106112,79.79789704326923,0.0
0,1,4097,5099634509874,79.80948439180814,5.694456569476759e-41
0,0,4098,5100035077632,79.81575329326924,0.0
0,1,4098,5100428419453,79.82190910852677,5.577167888012772e-41
0,0,4099,5101170684928,79.83352559294872,0.0
0,1,4099,5102255074190,79.85049632834411,5.44264323543759e-41
0,0,4100,5102652874240,79.8567219150641,0.0
0,1,4100,5103393213721,79.86830825760279,5.491688681688958e-41
0,0,4101,5103788606464,79.87449616987179,0.0
0,1,4101,5104525509749,79.88602873580541,5.510466081110911e-41
0,0,4102,5104924179456,79.8922679326923,0.0
0,1,4102,5105663612413,79.90384008809407,5.560492436287307e-41
0,0,4103,5106059970048,79.91004310096154,0.0
0,1,4103,5106801855863,79.92165364368928,5.496453096467662e-41
0,0,4104,5107201264128,79.92790439903847,0.0
0,1,4104,5107595607719,79.93407589203663,5.531765817768648e-41
0,0,4105,5108337266176,79.94568287660256,0.0
0,1,4105,5108733591091,79.95188537740071,5.459318687163055e-41
0,0,4106,5109473109504,79.96345887019231,0.0
0,1,4106,5109866140519,79.9696098213235,5.469828425645491e-41
0,0,4107,5110261627904,79.97579921474359,0.0
0,1,4107,5110998923505,79.98733792043834,5.605894506531431e-41
0,0,4108,5111738698240,79.9989154246795,0.0
0,1,4108,5112476272777,80.0104584957338,5.559931916901577e-41
0,0,4109,5113215480832,80.02202713141025,0.0
0,1,4109,5113608862703,80.0281835734519,5.584454640027261e-41
0,0,4110,5114351336448,80.0398033173077,0.0
0,1,4110,5114746315637,80.04598475744002,5.546479451644058e-41
0,0,4111,5115487041536,80.0575771474359,0.0
0,1,4111,5115884019443,80.06378986758502,5.502618809710692e-41
0,0,4112,5116622882304,80.07535310096154,0.0
0,1,4112,5117016494642,80.08151314982096,5.601690611138456e-41
0,0,4113,5117758480896,80.09312526442308,0.0
0,1,4113,5118153867186,80.09931307570237,5.615283206242407e-41
0,0,4114,5118552792576,80.10555627403846,0.0
0,1,4114,5119291204395,80.11711244858962,5.625652814878411e-41
0,0,4115,5119688361984,80.12332798076923,0.0
0,1,4115,5120428932786,80.13491794349083,5.579269835709259e-41
0,0,4116,5120829224448,80.14118252403847,0.0
0,1,4116,5121566528572,80.15272136311849,5.743502015728128e-41
0,0,4117,5122305967616,80.16429361378205,0.0
0,1,4117,5122698514826,80.1704369933456,5.556849060280062e-41
0,0,4118,5123435432960,80.18196979166667,0.0
0,1,4118,5124174539565,80.19353683964655,5.544797893486869e-41
0,0,4119,5124570856960,80.1997392227564,0.0
0,1,4119,5124967831155,80.20595188481258,5.627194243189168e-41
0,0,4120,5125706155008,80.21750668269232,0.0
0,1,4120,5126099852725,80.22366806773651,5.461420634859542e-41
0,0,4121,5126841540608,80.23527551282052,0.0
0,1,4121,5127237812018,80.24147717626327,5.667831898654588e-41
0,0,4122,5127635666432,80.24770361378205,0.0
0,1,4122,5128375913138,80.25928850438828,5.546479451644058e-41
0,0,4123,5128776290304,80.26555442307692,0.0
0,1,4123,5129513638450,80.27709395110301,5.649054499232635e-41
0,0,4124,5129910737920,80.28330857371795,0.0
0,1,4124,5130651369903,80.29489949392466,5.680863974372808e-41
0,0,4125,5131393101312,80.3065076201923,0.0
0,1,4125,5132133109132,80.31808877222306,5.599028144056239e-41
0,0,4126,5132528576000,80.32427784455129,0.0
0,1,4126,5133270585091,80.33589031655336,5.631958657967872e-41
0,0,4127,5134011443712,80.34748478365385,0.0
0,1,4127,5134408171143,80.35369358384352,5.585015159412991e-41
0,0,4128,5135147539456,80.36526472756411,0.0
0,1,4128,5135540194290,80.37140979144756,5.656901770632854e-41
0,0,4129,5135936367104,80.37760991185898,0.0
0,1,4129,5136682783605,80.38929136000414,5.514669976503885e-41
0,0,4130,5137083244544,80.39555858974359,0.0
0,1,4130,5137825577255,80.40717612641164,5.72724695354196e-41
0,0,4131,5138224544768,80.41341998397436,0.0
0,1,4131,5138618956884,80.41959254939152,5.654379433397069e-41
0,0,4132,5139359843840,80.4311874599359,0.0
0,1,4132,5139756664780,80.43739772354517,5.730890329549204e-41
0,0,4133,5140495285760,80.44895717147436,0.0
0,1,4133,5141232892278,80.46050074303261,5.635041514589387e-41
0,0,4134,5141972709888,80.47207891826923,0.0
0,1,4134,5142370526458,80.4783047635279,5.64653216199685e-41
0,0,4135,5143108472832,80.48985365384615,0.0
0,1,4135,5143846754996,80.50140779929137,5.7481263006604e-41
0,0,4136,5144243484160,80.50761662660257,0.0
0,1,4136,5144640276441,80.51382644169735,5.685067869765783e-41
0,0,4137,5145378827776,80.52538479967949,0.0
0,1,4137,5145772614957,80.53154758483888,5.57142256430904e-41
0,0,4138,5146514749440,80.54316201923078,0.0
0,1,4138,5146910484153,80.54935528334397,5.642888785989606e-41
0,0,4139,5147650484224,80.56093631410256,0.0
0,1,4139,5148048095805,80.56715895127516,5.519854780821887e-41
0,0,4140,5148444814848,80.57336762019231,0.0
0,1,4140,5149190989794,80.58504528799205,5.516771924200372e-41
0,0,4141,5149591641088,80.59131549679488,0.0
0,1,4141,5150328581972,80.60284865115435,5.804458498926257e-41
0,0,4142,5150727222272,80.60908738782051,0.0
0,1,4142,5151466011855,80.6206494743934,5.544797893486869e-41
0,0,4143,5152204632064,80.63220891025641,0.0
0,1,4143,5152598073401,80.63836628294334,5.649054499232635e-41
0,0,4144,5153340391936,80.64998359775642,0.0
0,1,4144,5153735954873,80.65617417356833,5.704826178112763e-41
0,0,4145,5154476346368,80.6677613301282,0.0
0,1,4145,5154873769270,80.6739810144669,5.598607754516942e-41
0,0,4146,5155270631424,80.68019192307692,0.0
0,1,4146,5156011403453,80.69178503500915,5.636582942900144e-41
0,0,4147,5156411871744,80.69805237980769,0.0
0,1,4147,5157154133070,80.70966879929763,5.682405402683566e-41
0,0,4148,5157553213952,80.71591443108974,0.0
0,1,4148,5157947395953,80.72208339519794,5.712112930127252e-41
0,0,4149,5158689313280,80.73369443108975,0.0
0,1,4149,5159084870380,80.73988491555238,5.595384768048995e-41
0,0,4150,5159824839168,80.75146545673077,0.0
0,1,4150,5160222539890,80.75768948896359,5.577167888012772e-41
0,0,4151,5160619059200,80.76389503205128,0.0
0,1,4151,5161360195058,80.77549383792193,5.596505806820454e-41
0,0,4152,5162101721088,80.78709875,0.0
0,1,4152,5162498026354,80.79330094329052,5.631398138582142e-41
0,0,4153,5163237236736,80.80486961538462,0.0
0,1,4153,5163629932248,80.81101531588041,5.667271379268858e-41
0,0,4154,5164367547904,80.82255903044872,0.0
0,1,4154,5164761563708,80.82872539356721,5.678762026676321e-41
0,0,4155,5165161399296,80.83498283653846,0.0
0,1,4155,5165898953139,80.84652558373085,5.695017088862489e-41
0,0,4156,5166296816128,80.85275215544873,0.0
0,1,4156,5167036357428,80.86432600642277,5.759056428682133e-41
0,0,4157,5167432090624,80.87051924679487,0.0
0,1,4157,5167829731947,80.87674234943097,5.619907491174679e-41
0,0,4158,5168567289856,80.88828516025642,0.0
0,1,4158,5168962092973,80.8944638448549,5.570441655384013e-41
0,0,4159,5169703011840,80.9060592548077,0.0
0,1,4159,5170099930943,80.91227105467185,5.703845269187735e-41
0,0,4160,5170838643200,80.92383193108975,0.0
0,1,4160,5171576511220,80.93537959516476,5.564696331680281e-41
0,0,4161,5172315909632,80.9469512099359,0.0
0,1,4161,5173053423274,80.95849332798102,5.460439725934515e-41
0,0,4162,5173451388416,80.96472149839744,0.0
0,1,4162,5174191248932,80.97630034511468,5.66629047034383e-41
0,0,4163,5174587149312,80.98249620192308,0.0
0,1,4163,5174984486732,80.98871454846504,5.598047235131212e-41
0,0,4164,5175722550784,81.00026528044872,0.0
0,1,4164,5176116505271,81.00643068395371,5.774750971482571e-41
0,0,4165,5176858522112,81.01804327724359,0.0
0,1,4165,5177253621807,81.02422660329965,5.712112930127252e-41
0,0,4166,5177652905984,81.03047541666668,0.0
0,1,4166,5178396396988,81.04211108066657,5.630277099810683e-41
0,0,4167,5178794394112,81.04833975160257,0.0
0,1,4167,5179534070082,81.05991571016752,5.635041514589387e-41
0,0,4168,5179929846272,81.06610962339744,0.0
0,1,4168,5180327520889,81.07233324708596,5.659003718329341e-41
0,0,4169,5181417710080,81.08939475160257,0.0
0,1,4169,5182137439782,81.10065855027419,5.417700122772608e-41
0,0,4170,5182878093312,81.11224980769231,0.0
0,1,4170,5183618952696,81.12384428673377,5.556849060280062e-41
0,0,4171,5184019569664,81.13011395833334,0.0
0,1,4171,5184761686962,81.1417281237793,5.648634109693338e-41
0,0,4172,5185160765440,81.14797371794872,0.0
0,1,4172,5185904505158,81.15961327433268,5.747145391735372e-41
0,0,4173,5186302669312,81.16584455929487,0.0
0,1,4173,5187047241969,81.17749715120756,5.808522264472799e-41
0,0,4174,5187444273664,81.18371071314102,0.0
0,1,4174,5187840651292,81.18991403889974,5.59174139204175e-41
0,0,4175,5188580039168,81.20148548878205,0.0
0,1,4175,5188972470141,81.2076270492319,5.643869694914633e-41
0,0,4176,5189710103040,81.21917103365385,0.0
0,1,4176,5190104341211,81.2253408768248,5.586556587723748e-41
0,0,4177,5190846198784,81.2369509775641,0.0
0,1,4177,5191591332537,81.24861235065167,5.6657299509581e-41
0,0,4178,5192329593344,81.26016616185898,0.0
0,1,4178,5193067804789,81.271719200549,5.679322546062051e-41
0,0,4179,5193806808064,81.28328463141025,0.0
0,1,4179,5194199897563,81.28943649781839,5.818471483569505e-41
0,0,4180,5194595663360,81.29563024839744,0.0
0,1,4180,5195337405278,81.30723853913136,5.690252674083785e-41
0,0,4181,5195737290752,81.31349676282052,0.0
0,1,4181,5196474819803,81.3250391220171,5.687730336848e-41
0,0,4182,5196872737792,81.33126655448719,0.0
0,1,4182,5197268161018,81.33745494381635,5.751769676667644e-41
0,0,4183,5198007952896,81.34903271634616,0.0
0,1,4183,5198406111110,81.35526390834711,5.736075133867206e-41
0,0,4184,5199142871552,81.36679423878205,0.0
0,1,4184,5199538324721,81.37298309672038,5.567218668916066e-41
0,0,4185,5199936662016,81.37921709134616,0.0
0,1,4185,5200675874929,81.3907858030505,5.713794488284442e-41
0,0,4186,5201413626880,81.40233165064103,0.0
0,1,4186,5202152008733,81.41388735622309,5.690252674083785e-41
0,0,4187,5202549391872,81.42010641826923,0.0
0,1,4187,5203634287597,81.43708507983085,5.671475274661832e-41
0,0,4188,5204031574016,81.44330262820513,0.0
0,1,4188,5204771825522,81.45488759393155,5.813286679251504e-41
0,0,4189,5205508838400,81.46642187500001,0.0
0,1,4189,5205904035527,81.47260672587078,5.631958657967872e-41
0,0,4190,5206303047168,81.47885127403846,0.0
0,1,4190,5207042026059,81.49041632328914,5.65325839462561e-41
0,0,4191,5207438413824,81.49661980769231,0.0
0,1,4191,5208179570126,81.50821893351237,5.638124371210901e-41
0,0,4192,5208579753472,81.51448181891026,0.0
0,1,4192,5208972911353,81.52063475549943,5.597486715745482e-41
0,0,4193,5209710193664,81.53217325320513,0.0
0,1,4193,5210105101925,81.53835358331142,5.760177467453593e-41
0,0,4194,5210846034944,81.54994921474359,0.0
0,1,4194,5211242643943,81.55615616146773,5.594964378509697e-41
0,0,4195,5212328704512,81.57315305288462,0.0
0,1,4195,5212724895148,81.57935345221104,5.622569958256896e-41
0,0,4196,5213811170304,81.59635370192308,0.0
0,1,4196,5214207475080,81.60255588754508,5.714214877823739e-41
0,0,4197,5214946553344,81.61412249198719,0.0
0,1,4197,5215339799290,81.62027680679712,5.618366062863922e-41
0,0,4198,5216081760256,81.63188852564103,0.0
0,1,4198,5216477404792,81.63808037848057,5.6657299509581e-41
0,0,4199,5216876128768,81.64432042467949,0.0
0,1,4199,5217614742010,81.65587975150866,5.721081240298931e-41
0,0,4200,5218011994112,81.66209676282051,0.0
0,1,4200,5218752677763,81.67368849163348,5.770547076089597e-41
0,0,4201,5219153484800,81.67996113782051,0.0
0,1,4201,5219546113198,81.68610578797951,5.797171746911768e-41
0,0,4202,5220283931136,81.69765266826923,0.0
0,1,4202,5221022717018,81.70921469692132,5.72836799231342e-41
0,0,4203,5221761292288,81.72077342948718,0.0
0,1,4203,5222499070977,81.73231969552847,5.648073590307608e-41
0,0,4204,5222897134592,81.73854940705128,0.0
0,1,4204,5223636857735,81.75012610387557,5.693335530705299e-41
0,0,4205,5224033458176,81.75633291666666,0.0
0,1,4205,5224774471942,81.76792981179263,5.664749042033073e-41
0,0,4206,5225174667776,81.77419289262821,0.0
0,1,4206,5225911896715,81.78573055505997,5.662086574950856e-41
0,0,4207,5226310317568,81.79196585737179,0.0
0,1,4207,5226705242039,81.79814644116524,5.730469940009907e-41
0,0,4208,5227446362624,81.80974500801283,0.0
0,1,4208,5227842784559,81.81594902717787,5.615703595781704e-41
0,0,4209,5228582030336,81.82751825320513,0.0
0,1,4209,5228974906028,81.83366677352514,5.674698261129779e-41
0,0,4210,5229370540544,81.83985846955129,0.0
0,1,4210,5230112735793,81.85147385493352,5.70804916458071e-41
0,0,4211,5230853000704,81.86305903044872,0.0
0,1,4211,5231594719728,81.87466696289063,5.741820457570938e-41
0,0,4212,5232335243776,81.88625619391026,0.0
0,1,4212,5233420936752,81.90324733248197,5.609958272077973e-41
0,0,4213,5233817777664,81.90945790865385,0.0
0,1,4213,5234558738874,81.92105398127629,5.701743321491248e-41
0,0,4214,5234958878720,81.92731618589744,0.0
0,1,4214,5235352024809,81.93346893794133,5.589639444345263e-41
0,0,4215,5236089174528,81.94500536057693,0.0
0,1,4215,5236484185135,81.95118729240222,5.602671520063484e-41
0,0,4216,5237225134080,81.96278317307693,0.0
0,1,4216,5237622140334,81.96899633685773,5.701743321491248e-41
0,0,4217,5238360820736,81.98055671474359,0.0
0,1,4217,5238754684202,81.98672069376627,5.689271765158757e-41
0,0,4218,5239155180032,81.99298846955128,0.0
0,1,4218,5239892660915,82.00453007491674,5.600569572366996e-41
0,0,4219,5240291049984,82.0107648798077,0.0
0,1,4219,5241030537779,82.02233789342635,5.682405402683566e-41
0,0,4220,5241768115712,82.0338810176282,0.0
0,1,4220,5242507406838,82.04545095336914,5.78147720411133e-41
0,0,4221,5243244954624,82.05699360576924,0.0
0,1,4221,5243988933041,82.06863689780211,5.662086574950856e-41
0,0,4222,5244385987072,82.07485080929487,0.0
0,1,4222,5245126559020,82.08644078995142,5.611079310849433e-41
0,0,4223,5245527449600,82.09271474358975,0.0
0,1,4223,5246264197304,82.10424487467448,5.701743321491248e-41
0,0,4224,5246663236608,82.11048985576923,0.0
0,1,4224,5247057861112,82.11666574506711,5.628315281960628e-41
0,0,4225,5247798732800,82.12826041666666,0.0
0,1,4225,5248195536241,82.13447040641589,5.5177528331254e-41
0,0,4226,5248593101312,82.14069231570512,0.0
0,1,4226,5249333272809,82.15227602928749,5.567779188301796e-41
0,0,4227,5249729243648,82.15847298878205,0.0
0,1,4227,5250470738035,82.17007740564591,5.609958272077973e-41
0,0,4228,5250870951936,82.17634076923078,0.0
0,1,4228,5251608185851,82.18787850953714,5.579830355094989e-41
0,0,4229,5252348416512,82.19946314903846,0.0
0,1,4229,5252746015104,82.20568558293269,5.799694084147553e-41
0,0,4230,5253484249600,82.2172389823718,0.0
0,1,4230,5253878555889,82.22340989159217,5.68716981746227e-41
0,0,4231,5254620199936,82.23501665064103,0.0
0,1,4231,5255016403578,82.24121725351188,5.620888400099706e-41
0,0,4232,5255755971072,82.25279151442308,0.0
0,1,4232,5256148492243,82.25893448647524,5.644430214300363e-41
0,0,4233,5256544863744,82.26513771634616,0.0
0,1,4233,5257286190426,82.27673950862004,5.561052955673037e-41
0,0,4234,5257686032896,82.28299705929487,0.0
0,1,4234,5258423958762,82.2945456286621,5.542275556251084e-41
0,0,4235,5258822264320,82.30077912660256,0.0
0,1,4235,5259217494024,82.3069644873047,5.526581013450646e-41
0,0,4236,5259958043648,82.31855411858974,0.0
0,1,4236,5260355429276,82.32477321958885,5.682405402683566e-41
0,0,4237,5261446155776,82.34184313301283,0.0
0,1,4237,5261843137929,82.34805591961201,5.59230191142748e-41
0,0,4238,5262240446976,82.35427382211539,0.0
0,1,4238,5262980926741,82.36586236010429,5.42344544647634e-41
0,0,4239,5263722749952,82.37747192307693,0.0
0,1,4239,5264118147731,82.38365991415954,5.516211404814642e-41
0,0,4240,5264517235712,82.38990565705129,0.0
0,1,4240,5265255752745,82.40146347820576,5.503739848482152e-41
0,0,4241,5265652903936,82.40767891025641,0.0
0,1,4241,5266393297834,82.41926610442333,5.715335916595199e-41
0,0,4242,5266793773568,82.42553356570514,0.0
0,1,4242,5267530655022,82.43706578998273,5.57142256430904e-41
0,0,4243,5267929462784,82.4433071474359,0.0
0,1,4243,5268323930194,82.44948057820638,5.61318125854592e-41
0,0,4244,5269064775680,82.46107483974359,0.0
0,1,4244,5269461899745,82.46728984727126,5.672035794047562e-41
0,0,4245,5269858972672,82.47350405448718,0.0
0,1,4245,5270599357795,82.48509111132499,5.602671520063484e-41
0,0,4246,5271340939264,82.49669689102565,0.0
0,1,4246,5272081076031,82.5082800610821,5.76059785699289e-41
0,0,4247,5272481704960,82.5145499198718,0.0
0,1,4247,5273218628273,82.52608279924442,5.735654744327909e-41
0,0,4248,5273958576640,82.53766302083334,0.0
0,1,4248,5274356219447,82.54388614669409,5.512007509421668e-41
0,0,4249,5275094144512,82.55543470352565,0.0
0,1,4249,5275488284585,82.56160301145896,5.541715036865354e-41
0,0,4250,5275888259584,82.56786263621795,0.0
0,1,4250,5276625964848,82.57940775315505,5.582352692330774e-41
0,0,4251,5277023678976,82.58563199519232,0.0
0,1,4251,5277763794091,82.59721482639411,5.509905561725181e-41
0,0,4252,5278159117824,82.60340165865385,0.0
0,1,4252,5278896171020,82.61493657070062,5.532886856540108e-41
0,0,4253,5279294471680,82.62116999198719,0.0
0,1,4253,5279689613109,82.62735397118202,5.566237759991038e-41
0,0,4254,5280777185792,82.6443745272436,0.0
0,1,4254,5281515556210,82.65593005386744,5.544377503947571e-41
0,0,4255,5282253893632,82.66748506410256,0.0
0,1,4255,5282992216360,82.679039844376,5.616264115167434e-41
0,0,4256,5283388940288,82.6852485897436,0.0
0,1,4256,5284129976502,82.69684583618164,5.716877344905956e-41
0,0,4257,5284530182144,82.70310907051282,0.0
0,1,4257,5285267816511,82.71465307790903,5.663628003261613e-41
0,0,4258,5285665738240,82.72088056891026,0.0
0,1,4258,5286405839281,82.7324631798534,5.595945287434724e-41
0,0,4259,5286801341952,82.7386528125,0.0
0,1,4259,5287538274595,82.7501858378875,5.505841796178639e-41
0,0,4260,5287937393664,82.7564320673077,0.0
0,1,4260,5288331554386,82.76260069839869,5.608416843767215e-41
0,0,4261,5289073332224,82.77420955128206,0.0
0,1,4261,5289469223382,82.78040526376577,5.655360342322097e-41
0,0,4262,5290208959488,82.79198216346154,0.0
0,1,4262,5290606895968,82.79820988531651,5.582352692330774e-41
0,0,4263,5291691594240,82.81518545673077,0.0
0,1,4263,5292433678715,82.82679910849546,5.630837619196412e-41
0,0,4264,5293174084608,82.83838649038462,0.0
0,1,4264,5293571396364,82.84460443528396,5.68660929807654e-41
0,0,4265,5294309699072,82.85615890224359,0.0
0,1,4265,5295047647415,82.86770782337678,5.678341637137024e-41
0,0,4266,5295444958208,82.87392575320513,0.0
0,1,4266,5295841144305,82.88012608149602,5.631958657967872e-41
0,0,4267,5296580616192,82.89169884615384,0.0
0,1,4267,5296973218147,82.89784308247884,5.725145005845473e-41
0,0,4268,5297715991040,82.90946750801282,0.0
0,1,4268,5298110922987,82.91564820880596,5.637143462285874e-41
0,0,4269,5298509800448,82.92189065705128,0.0
0,1,4269,5299253834357,82.93353481753618,5.493790629385445e-41
0,0,4270,5299650743808,82.93974646634615,0.0
0,1,4270,5300396650545,82.9514199366643,5.630837619196412e-41
0,0,4271,5301138080768,82.96302334935898,0.0
0,1,4271,5301878668783,82.97461358146472,5.746584872349642e-41
0,0,4272,5302620271616,82.98621969551283,0.0
0,1,4272,5303360378851,82.9978024033923,5.589219054805965e-41
0,0,4273,5304102481920,83.00941634615384,0.0
0,1,4273,5304498065243,83.01560724100749,5.655360342322097e-41
0,0,4274,5305238123008,83.02718917467949,0.0
0,1,4274,5305635282663,83.03340473919208,5.578148796937799e-41
0,0,4275,5306373492736,83.04495775641026,0.0
0,1,4275,5306766948919,83.05111536143768,5.663207613722316e-41
0,0,4276,5307167568896,83.05738508012821,0.0
0,1,4276,5307909448168,83.06899552045773,5.635041514589387e-41
0,0,4277,5308308477952,83.07524035256411,0.0
0,1,4277,5309051891565,83.08687480539176,5.606875415456458e-41
0,0,4278,5309449309696,83.0930944150641,0.0
0,1,4278,5310188830444,83.10466794439854,5.747145391735372e-41
0,0,4279,5310584695808,83.11086325320512,0.0
0,1,4279,5311331348129,83.12254839194273,5.705947216884223e-41
0,0,4280,5312073004032,83.13415533653847,0.0
0,1,4280,5312812714612,83.14573183675131,5.589219054805965e-41
0,0,4281,5313549427712,83.15726142628205,0.0
0,1,4281,5313944827348,83.16344944642678,5.589639444345263e-41
0,0,4282,5314684594688,83.1750268349359,0.0
0,1,4282,5315082113874,83.18124802612304,5.670494365736805e-41
0,0,4283,5315478662144,83.1874540224359,0.0
0,1,4283,5316219614420,83.1990499552409,5.655360342322097e-41
0,0,4284,5316619496960,83.20530813301282,0.0
0,1,4284,5317356846678,83.21684768564077,5.598607754516942e-41
0,0,4285,5317754617856,83.22307282051283,0.0
0,1,4285,5318150110063,83.22926228939741,5.658022809404314e-41
0,0,4286,5318889890304,83.2408398798077,0.0
0,1,4286,5319287493359,83.24706238354806,5.636022423514414e-41
0,0,4287,5320025240064,83.25860814903847,0.0
0,1,4287,5320763368126,83.2701598827812,5.601130091752726e-41
0,0,4288,5321502206464,83.2817227323718,0.0
0,1,4288,5322239724657,83.29326492164026,5.68604877869081e-41
0,0,4289,5322979634176,83.30484453525641,0.0
0,1,4289,5323377366009,83.31106905437763,5.596926196359752e-41
0,0,4290,5324115517440,83.32262115384616,0.0
0,1,4290,5324854129055,83.33418045521272,5.55110373657633e-41
0,0,4291,5325251598848,83.34040087339744,0.0
0,1,4291,5325647592653,83.34659819231082,5.49743400539269e-41
0,0,4292,5326387851776,83.3581832772436,0.0
0,1,4292,5326785568856,83.36440756547977,5.604212948374241e-41
0,0,4293,5327524127744,83.37596604166667,0.0
0,1,4293,5327918123447,83.3821320902037,5.627754762574898e-41
0,0,4294,5328318490112,83.38839784455128,0.0
0,1,4294,5329056060717,83.39994085406964,5.597486715745482e-41
0,0,4295,5329454472192,83.4061760096154,0.0
0,1,4295,5330193961649,83.41774904924442,5.668952937426047e-41
0,0,4296,5330590276608,83.42395139423077,0.0
0,1,4296,5331675909801,83.44094159719614,5.53078490884362e-41
0,0,4297,5332414093824,83.45249420673078,0.0
0,1,4297,5333152509007,83.46405043392866,5.545918932258329e-41
0,0,4298,5333549943296,83.47027029647437,0.0
0,1,4298,5334290534886,83.481860584529,5.661666185411558e-41
0,0,4299,5334691434496,83.48813467948719,0.0
0,1,4299,5335428093800,83.49966342710837,5.57086204492331e-41
0,0,4300,5335826836480,83.50590376602564,0.0
0,1,4300,5336565954275,83.51747098912948,5.617805543478192e-41
0,0,4301,5336962727936,83.52368051282052,0.0
0,1,4301,5337703796329,83.53527826286121,5.691373712855245e-41
0,0,4302,5338104177152,83.54154423878205,0.0
0,1,4302,5338841199590,83.5530786694649,5.700201893180491e-41
0,0,4303,5339239877632,83.55931799679487,0.0
0,1,4303,5339634758937,83.56549790503868,5.53078490884362e-41
0,0,4304,5340375973888,83.57709794871795,0.0
0,1,4304,5341460468531,83.59407033333021,5.609958272077973e-41
0,0,4305,5341858487808,83.60029935096154,0.0
0,1,4305,5342597889709,83.61187102033567,5.630837619196412e-41
0,0,4306,5343336052736,83.62342330128206,0.0
0,1,4306,5344074339962,83.63497752594778,5.595945287434724e-41
0,0,4307,5344813700096,83.64654854166668,0.0
0,1,4307,5345550826043,83.6580845922695,5.652277485700582e-41
0,0,4308,5346291212800,83.66967167467949,0.0
0,1,4308,5347032751100,83.68127677878356,5.656901770632854e-41
0,0,4309,5347433110528,83.6875424198718,0.0
0,1,4309,5348170493816,83.6990824978716,5.545358412872599e-41
0,0,4310,5348569018880,83.70531943108975,0.0
0,1,4310,5349308019470,83.71688481993064,5.64653216199685e-41
0,0,4311,5349705051136,83.72309838141025,0.0
0,1,4311,5350445656728,83.73468888859675,5.737196172638666e-41
0,0,4312,5351187691008,83.74630175480769,0.0
0,1,4312,5352271592108,83.76326485044822,5.590199963730993e-41
0,0,4313,5353011787776,83.7748489423077,0.0
0,1,4313,5353409309748,83.78107017709586,5.635041514589387e-41
0,0,4314,5354147896832,83.79262909455129,0.0
0,1,4314,5354541490600,83.79878885278947,5.630837619196412e-41
0,0,4315,5355289225216,83.81049092948719,0.0
0,1,4315,5355684328763,83.8166743158272,5.515650885428912e-41
0,0,4316,5356083166208,83.82291613782051,0.0
0,1,4316,5356821790923,83.8344756442026,5.654799822936367e-41
0,0,4317,5357218827776,83.84068928685898,0.0
0,1,4317,5357959627864,83.85228283791567,5.580250744634287e-41
0,0,4318,5358360247296,83.85855254807693,0.0
0,1,4318,5359097428451,83.87008946268718,5.664749042033073e-41
0,0,4319,5359495491072,83.87631915865384,0.0
0,1,4319,5359890979582,83.88250856968024,5.567218668916066e-41
0,0,4320,5360631251968,83.89409386217949,0.0
0,1,4320,5361373347047,83.90570767989722,5.873682643063903e-41
0,0,4321,5362113824256,83.91729617788462,0.0
0,1,4321,5362511413365,83.92351846336952,5.63350008627863e-41
0,0,4322,5363248941056,83.93506080128205,0.0
0,1,4322,5363643930576,83.94124240309496,5.70636760642352e-41
0,0,4323,5364383949824,83.95282373397436,0.0
0,1,4323,5364781872999,83.95905124760554,5.501077381399934e-41
0,0,4324,5365518896128,83.97058568910256,0.0
0,1,4324,5365914226351,83.97677262293107,5.583473731102234e-41
0,0,4325,5366654005760,83.98835020032051,0.0
0,1,4325,5367051925038,83.9945776529635,5.654379433397069e-41
0,0,4326,5367789489664,84.00612056891026,0.0
0,1,4326,5368184099758,84.01229623269106,5.618366062863922e-41
0,0,4327,5368583758848,84.01855091346154,0.0
0,1,4327,5369321834797,84.03010183163374,5.611639830235162e-41
0,0,4328,5369719380480,84.0363234375,0.0
0,1,4328,5370459468988,84.04790585230118,5.59286243081321e-41
0,0,4329,5371196082688,84.05943388621795,0.0
0,1,4329,5372624603933,84.08179030093463,5.645411123225391e-41
0,0,4330,5373025416704,84.08806303685898,0.0
0,1,4330,5373762596513,84.09959993040428,5.630277099810683e-41
0,0,4331,5374160537600,84.10582772435897,0.0
0,1,4331,5374900703793,84.11741135493352,5.597486715745482e-41
0,0,4332,5375301396992,84.12368221955128,0.0
0,1,4332,5376038815161,84.13522284344013,5.59230191142748e-41
0,0,4333,5376436865536,84.14145234775641,0.0
0,1,4333,5377176794423,84.15303226448255,5.542275556251084e-41
0,0,4334,5377572321792,84.15922228365385,0.0
0,1,4334,5377964885056,84.16536591446314,5.648073590307608e-41
0,0,4335,5378701941760,84.17690088141026,0.0
0,1,4335,5379097555372,84.18309225028797,5.614162167470947e-41
0,0,4336,5379836799488,84.19466145032051,0.0
0,1,4336,5380573970276,84.2061982026868,5.636582942900144e-41
0,0,4337,5380971728896,84.21242314102564,0.0
0,1,4337,5381711757036,84.22400461106521,5.541715036865354e-41
0,0,4338,5382112380928,84.23027439102565,0.0
0,1,4338,5382849506420,84.24181043450771,5.674698261129779e-41
0,0,4339,5383589116416,84.25338536057693,0.0
0,1,4339,5383981770197,84.25953040798089,5.679322546062051e-41
0,0,4340,5384377716224,84.26572697916667,0.0
0,1,4340,5385119657829,84.27733839501015,5.598607754516942e-41
0,0,4341,5385518552576,84.28358111378205,0.0
0,1,4341,5386257772784,84.29514993965344,5.615703595781704e-41
0,0,4342,5386654064640,84.30135192307692,0.0
0,1,4342,5387395845244,84.3129608192483,5.658443198943611e-41
0,0,4343,5387795606528,84.31921709935898,0.0
0,1,4343,5388189389230,84.32537981442182,5.665309561418803e-41
0,0,4344,5388931021824,84.33698639423078,0.0
0,1,4344,5389327100713,84.34318504471217,5.640226318907389e-41
0,0,4345,5390066380288,84.35475479967948,0.0
0,1,4345,5390803557089,84.36629164614946,5.658443198943611e-41
0,0,4346,5391542679040,84.37785893429488,0.0
0,1,4346,5392280196766,84.38940111625476,5.636022423514414e-41
0,0,4347,5393018735616,84.40095927884616,0.0
0,1,4347,5393757011014,84.4125133184032,5.541154517479624e-41
0,0,4348,5394154220032,84.41872965544871,0.0
0,1,4348,5394550617967,84.42493329901279,5.590199963730993e-41
0,0,4349,5395289128448,84.43649101762821,0.0
0,1,4349,5395683194605,84.44265816877316,5.544377503947571e-41
0,0,4350,5396424080896,84.45425306891026,0.0
0,1,4350,5396821213299,84.46046820692796,5.614162167470947e-41
0,0,4351,5397217877504,84.4666760176282,0.0
0,1,4351,5397959181304,84.47827745179788,5.698660464869734e-41
0,0,4352,5398358670848,84.48452947916667,0.0
0,1,4352,5399097119093,84.49608622378618,5.564135812294551e-41
0,0,4353,5399493893632,84.50229576121795,0.0
0,1,4353,5399890716338,84.5085060524652,5.712673449512982e-41
0,0,4354,5400629605888,84.52006970352565,0.0
0,1,4354,5401367384169,84.53161596318172,5.462541673631002e-41
0,0,4355,5402106558976,84.54318407852564,0.0
0,1,4355,5402500079037,84.54934268324632,5.670494365736805e-41
0,0,4356,5403242104320,84.56095540865385,0.0
0,1,4356,5403982716848,84.57254602438903,5.562033864598064e-41
0,0,4357,5404382438912,84.57880169070513,0.0
0,1,4357,5405120675126,84.590355117031,5.63350008627863e-41
0,0,4358,5405517430784,84.59656435897436,0.0
0,1,4358,5405914564715,84.60277952090533,5.562033864598064e-41
0,0,4359,5406652607488,84.61432991987179,0.0
0,1,4359,5407047234493,84.62050584831043,5.66685098972956e-41
0,0,4360,5407787472896,84.63209060897437,0.0
0,1,4360,5408180287290,84.63823816997822,5.569881135998283e-41
0,0,4361,5408916890112,84.64976603365385,0.0
0,1,4361,5409313340070,84.65597049137996,5.731450848934934e-41
0,0,4362,5410051572736,84.6675238621795,0.0
0,1,4362,5410790493269,84.67908799812513,5.604773467759971e-41
0,0,4363,5411527903744,84.69062850160256,0.0
0,1,4363,5412267647499,84.70220552100548,5.678762026676321e-41
0,0,4364,5413004251136,84.7137333974359,0.0
0,1,4364,5413400434550,84.71993368373774,5.582352692330774e-41
0,0,4365,5414139484672,84.73149984775641,0.0
0,1,4365,5414533013211,84.73765858515813,5.820012911880263e-41
0,0,4366,5415274873344,84.74926872596154,0.0
0,1,4366,5415671064680,84.755469136243,5.68716981746227e-41
0,0,4367,5416068793856,84.76169361378206,0.0
0,1,4367,5416809050096,84.77327865359575,5.622009438871166e-41
0,0,4368,5417209375232,84.77954375801282,0.0
0,1,4368,5417946995061,84.79108753788874,5.712112930127252e-41
0,0,4369,5418344041984,84.79730133814103,0.0
0,1,4369,5419085252848,84.80890131785857,5.51719231373967e-41
0,0,4370,5419483820032,84.81513891025641,0.0
0,1,4370,5420223421554,84.82671370370718,5.581932302791476e-41
0,0,4371,5420618573312,84.83289784455128,0.0
0,1,4371,5421356135929,84.84444072905711,5.601130091752726e-41
0,0,4372,5422094489088,84.85599598557693,0.0
0,1,4372,5422832837042,84.86755116063827,5.751209157281914e-41
0,0,4373,5423229475840,84.87375857371795,0.0
0,1,4373,5423971168048,84.88536608648839,5.698099945484004e-41
0,0,4374,5424370527744,84.89161608173077,0.0
0,1,4374,5425108936375,84.9031722063896,5.659003718329341e-41
0,0,4375,5425506087936,84.90938764423078,0.0
0,1,4375,5426246970933,84.92098249281663,5.588658535420235e-41
0,0,4376,5426646731776,84.92723876602564,0.0
0,1,4376,5427040630642,84.93340329905975,5.631398138582142e-41
0,0,4377,5427782133760,84.9450078525641,0.0
0,1,4377,5428178238197,84.95120690287273,5.672596313433292e-41
0,0,4378,5428917927936,84.96278307692307,0.0
0,1,4378,5429310482528,84.96892657201522,5.659003718329341e-41
0,0,4379,5429706486272,84.97512404647436,0.0
0,1,4379,5430448439276,84.98673564071264,5.585015159412991e-41
0,0,4380,5431189084160,84.99832676282051,0.0
0,1,4380,5431930784686,85.00993440576798,5.640226318907389e-41
0,0,4381,5432671410688,85.0215252323718,0.0
0,1,4381,5433068545331,85.02774040544558,5.628735671499925e-41
0,0,4382,5433807137792,85.03929940705129,0.0
0,1,4382,5434201293493,85.04546795956342,5.797592136451066e-41
0,0,4383,5434601196032,85.05172645032052,0.0
0,1,4383,5435339146807,85.0632754095146,5.583894120641531e-41
0,0,4384,5435736164864,85.06948875801282,0.0
0,1,4384,5436477474747,85.08109028738168,5.618926582249651e-41
0,0,4385,5436876841472,85.0873403926282,0.0
0,1,4385,5437271272185,85.09351324908917,5.635602033975117e-41
0,0,4386,5438012064256,85.10510667467949,0.0
0,1,4386,5438409133172,85.1113208191231,5.699641373794761e-41
0,0,4387,5439147487232,85.1228760897436,0.0
0,1,4387,5439541819369,85.12904740348621,5.45567531115581e-41
0,0,4388,5440282757632,85.14064311698718,0.0
0,1,4388,5441024724402,85.15225492666391,5.639665799521659e-41
0,0,4389,5441764919296,85.16383900641026,0.0
0,1,4389,5442162982196,85.1700687067433,5.573524512005527e-41
0,0,4390,5443247084032,85.18703494391026,0.0
0,1,4390,5443640186091,85.1931870068829,5.673577222358319e-41
0,0,4391,5444377250816,85.20472209935897,0.0
0,1,4391,5445116979899,85.21629888914451,5.716877344905956e-41
0,0,4392,5445512732672,85.22249243589744,0.0
0,1,4392,5446254940721,85.23410802160019,5.6329395668929e-41
0,0,4393,5446653836800,85.24035076121795,0.0
0,1,4393,5447048810879,85.24653212137858,5.661105666025828e-41
0,0,4394,5447789360640,85.25812175480769,0.0
0,1,4394,5448187383537,85.26435082909218,5.620888400099706e-41
0,0,4395,5448925409280,85.27590096153847,0.0
0,1,4395,5449320092775,85.28207777404785,5.704826178112763e-41
0,0,4396,5449719639040,85.28833068910257,0.0
0,1,4396,5450458118638,85.2998879243978,5.673016702972589e-41
0,0,4397,5451196435456,85.31144261217949,0.0
0,1,4397,5451935104426,85.3230028111541,5.583473731102234e-41
0,0,4398,5452673753088,85.3345626923077,0.0
0,1,4398,5453756950968,85.35151478252705,5.531765817768648e-41
0,0,4399,5454156024832,85.35776030448719,0.0
0,1,4399,5454895005999,85.36932538935734,5.530224389457891e-41
0,0,4400,5455291247616,85.37552658653847,0.0
0,1,4400,5456033045688,85.38713575608473,5.57086204492331e-41
0,0,4401,5456432336384,85.39338467147437,0.0
0,1,4401,5457171136079,85.40494691630046,5.608977363152945e-41
0,0,4402,5457567777792,85.41115437500001,0.0
0,1,4402,5457964720498,85.41736654425206,5.602671520063484e-41
0,0,4403,5458702894592,85.42891899839744,0.0
0,1,4403,5459097293050,85.43509135006636,5.759616948067863e-41
0,0,4404,5459838204928,85.44668665064103,0.0
0,1,4404,5460579652798,85.45829033951198,5.72724695354196e-41
0,0,4405,5460978828288,85.46453745192308,0.0
0,1,4405,5461717358649,85.47609548166129,5.679883065447781e-41
0,0,4406,5462114119168,85.48230479967948,0.0
0,1,4406,5462855155153,85.49390204253368,5.588098016034506e-41
0,0,4407,5463596632576,85.50550619391026,0.0
0,1,4407,5463992991575,85.51170922812437,5.638124371210901e-41
0,0,4408,5464732288512,85.52327925480769,0.0
0,1,4408,5465125584051,85.52943434575008,5.452592454534296e-41
0,0,4409,5465862487552,85.5409669150641,0.0
0,1,4409,5466258226739,85.54716024919558,5.751209157281914e-41
0,0,4410,5466656920064,85.55339981570513,0.0
0,1,4410,5467396275126,85.56497075204703,5.639245409982361e-41
0,0,4411,5467792570880,85.57117279647436,0.0
0,1,4411,5468534373686,85.58278204010793,5.654799822936367e-41
0,0,4412,5468933220864,85.58902401442307,0.0
0,1,4412,5469672455343,85.6005930636362,5.620468010560409e-41
0,0,4413,5470068231168,85.60678697115385,0.0
0,1,4413,5470810500157,85.61840351057003,5.5177528331254e-41
0,0,4414,5471550158336,85.62997919070513,0.0
0,1,4414,5471943264187,85.63613131302272,5.540173608554597e-41
0,0,4415,5473027276288,85.65309614583333,0.0
0,1,4415,5473764528045,85.66463416536772,5.613601648085217e-41
0,0,4416,5474162800640,85.6708671474359,0.0
0,0,4417,5475276899840,85.68830284455129,0.0
0,1,4417,5476018924095,85.69991555387057,5.694456569476759e-41
0,0,4418,5476418035712,85.70616166666667,0.0
0,1,4418,5477157156825,85.71772894169735,5.710571501816495e-41
0,0,4419,5477553675264,85.72393447115385,0.0
0,1,4419,5478295079266,85.73553747348883,5.488045305681714e-41
0,0,4420,5478694384128,85.74178661057692,0.0
0,1,4420,5479088906401,85.74796089995556,5.739718509874451e-41
0,0,4421,5479829714432,85.75955457532052,0.0
0,1,4421,5480227286571,85.76577659522424,5.585996068338018e-41
0,0,4422,5481312261120,85.78275649038461,0.0
0,1,4422,5482054158418,85.79436721282177,5.57198308369477e-41
0,0,4423,5482453614080,85.8006187099359,0.0
0,1,4423,5483192687585,85.81218523989946,5.659564237715071e-41
0,0,4424,5483589721600,85.81839883814102,0.0
0,1,4424,5484331051372,85.83000067877354,5.663628003261613e-41
0,0,4425,5484730941952,85.8362589823718,0.0
0,1,4425,5485469381365,85.84781558877016,5.684086960840755e-41
0,0,4426,5485866314752,85.8540276121795,0.0
0,1,4426,5486607399545,85.86562561888084,5.595945287434724e-41
0,0,4427,5487007465472,85.87188666666667,0.0
0,1,4427,5487745617910,85.88343878189478,5.638124371210901e-41
0,0,4428,5488143072768,85.88965896634616,0.0
0,1,4428,5488883779457,85.90125105570476,5.53807166085811e-41
0,0,4429,5489284168192,85.90751715544872,0.0
0,1,4429,5489677452469,85.91367207014035,5.596926196359752e-41
0,0,4430,5490419469824,85.92528467147436,0.0
0,1,4430,5491159800497,85.93687087616749,5.528682961147133e-41
0,0,4431,5491901853696,85.94848403846154,0.0
0,1,4431,5492298082869,85.95468504089355,5.665309561418803e-41
0,0,4432,5493037153280,85.9662515224359,0.0
0,1,4432,5493775713276,85.97781001596304,5.631398138582142e-41
0,0,4433,5494172490240,85.98401959134615,0.0
0,1,4433,5494569673511,85.9902355254501,5.665309561418803e-41
0,0,4434,5495308281856,86.00179477564103,0.0
0,1,4434,5495702289539,86.00796101166554,5.581371783405746e-41
0,0,4435,5496444487680,86.0195764423077,0.0
0,1,4435,5496840374806,86.02577209169046,5.622990347796193e-41
0,0,4436,5497238912512,86.03200922275641,0.0
0,1,4436,5497978334630,86.0435812085274,5.672035794047562e-41
0,0,4437,5498374261760,86.04977748397437,0.0
0,1,4437,5499116441380,86.06139262476212,5.566237759991038e-41
0,0,4438,5499515571712,86.06763903044872,0.0
0,1,4438,5500254955192,86.07921041153345,5.61206021977446e-41
0,0,4439,5500991934976,86.09074417467949,0.0
0,1,4439,5501732135028,86.10232833514874,5.617245024092462e-41
0,0,4440,5502474375680,86.11394443108975,0.0
0,1,4440,5503215313983,86.12554014521672,5.702724230416276e-41
0,0,4441,5503615932416,86.1318098397436,0.0
0,1,4441,5504353791452,86.14335736321866,5.673577222358319e-41
0,0,4442,5504752069632,86.1495904326923,0.0
0,1,4442,5505492207976,86.1611736274289,5.682405402683566e-41
0,0,4443,5505887797760,86.16736462339743,0.0
0,1,4443,5506624992440,86.17890174967448,5.646952551536148e-41
0,0,4444,5507023594496,86.18513988782051,0.0
0,1,4444,5507418705908,86.1913233972481,5.557829969205089e-41
0,0,4445,5508159312384,86.20291391826923,0.0
0,1,4445,5508557033329,86.20913826699281,5.49743400539269e-41
0,0,4446,5509295143424,86.22068971955129,0.0
0,1,4446,5509690054384,86.22687009189704,5.658022809404314e-41
0,0,4447,5510430489088,86.2384579246795,0.0
0,1,4447,5511172827323,86.25007554779836,5.525600104525619e-41
0,0,4448,5511912571392,86.26165257211538,0.0
0,1,4448,5512650343025,86.27319872772999,5.493790629385445e-41
0,0,4449,5513389620736,86.28476845352564,0.0
0,1,4449,5514127690797,86.2963192795504,5.610518791463703e-41
0,0,4450,5514524871168,86.30253516826923,0.0
0,1,4450,5515266170813,86.31413653741299,5.546899841183356e-41
0,0,4451,5515665987072,86.32039367788462,0.0
0,1,4451,5516060274410,86.32656429052109,5.542275556251084e-41
0,0,4452,5516801495040,86.33816442307693,0.0
0,1,4452,5517198564993,86.34437858374963,5.581932302791476e-41
0,0,4453,5517936729600,86.35593088942308,0.0
0,1,4453,5518331012595,86.36210143409143,5.601690611138456e-41
0,0,4454,5519072336384,86.37370318108975,0.0
0,1,4454,5519469247867,86.3799148617006,5.624111386567653e-41
0,0,4455,5520208559616,86.39148512019231,0.0
0,1,4455,5521291069313,86.40842644032014,5.534988804236595e-41
0,0,4456,5522032279040,86.4200264022436,0.0
0,1,4456,5522774048117,86.43163511801696,5.581932302791476e-41
0,0,4457,5523515110912,86.44323278044872,0.0
0,1,4457,5523912369912,86.44944989971455,5.607435934842188e-41
0,0,4458,5524650788864,86.46100618589743,0.0
0,1,4458,5525045500512,86.46718343900241,5.695017088862489e-41
0,0,4459,5525786192384,86.47877529647437,0.0
0,1,4459,5526184152048,86.48500338115986,5.723603577534715e-41
0,0,4460,5526580414464,86.49120490384615,0.0
0,1,4460,5527322826109,86.50282367583446,5.585996068338018e-41
0,0,4461,5527721232896,86.50905875801283,0.0
0,1,4461,5528461250798,86.52064006782727,5.561473345212334e-41
0,0,4462,5528861664768,86.5269065625,0.0
0,1,4462,5529599384696,86.53845190892929,5.660545146640099e-41
0,0,4463,5529997093888,86.54467607371795,0.0
0,1,4463,5530737647633,86.55626576949682,5.486503877370956e-41
0,0,4464,5531479828992,86.56788093750001,0.0
0,1,4464,5532220464628,86.57947191487631,5.750788767742617e-41
0,0,4465,5532957936128,86.59101337339744,0.0
0,1,4465,5533353483612,86.59720370736929,5.5177528331254e-41
0,0,4466,5534093852160,86.6087905048077,0.0
0,1,4466,5534486619310,86.61493732644105,5.502618809710692e-41
0,0,4467,5534882671104,86.62113555288462,0.0
0,1,4467,5535625368130,86.632758791097,5.531765817768648e-41
0,0,4468,5536024530432,86.6390056971154,0.0
0,1,4468,5536764209632,86.65058170622997,5.710571501816495e-41
0,0,4469,5537160401920,86.65678213141025,0.0
0,1,4469,5537558489344,86.66301221554487,5.605333987145701e-41
0,0,4470,5538296012288,86.67455447916667,0.0
0,1,4470,5538691748981,86.68074777426695,5.700201893180491e-41
0,0,4471,5539431965696,86.69233219551282,0.0
0,1,4471,5539824835056,86.69848061673679,5.714214877823739e-41
0,0,4472,5540561719296,86.71001288461538,0.0
0,1,4472,5540957883194,86.71621286549104,5.577728407398502e-41
0,0,4473,5541697420288,86.72778665064102,0.0
0,1,4473,5542435256561,86.73933381787423,5.601130091752726e-41
0,0,4474,5542832875520,86.74555657051282,0.0
0,1,4474,5543229047872,86.75175668369391,5.599588663441969e-41
0,0,4475,5543969256960,86.76334098557693,0.0
0,1,4475,5544367422888,86.7695722983023,5.527141532836376e-41
0,0,4476,5545105565696,86.78112426282051,0.0
0,1,4476,5545499999538,86.78729716825045,5.580811264020016e-41
0,0,4477,5546241803264,86.79890642628206,0.0
0,1,4477,5546638024373,86.80510730251214,5.694456569476759e-41
0,0,4478,5547036235264,86.81133931891026,0.0
0,1,4478,5547776199733,86.82291979249612,5.554747112583575e-41
0,0,4479,5548171876352,86.8291121474359,0.0
0,1,4479,5548914246058,86.84073026307718,5.59118087265602e-41
0,0,4480,5549312744960,86.84696678685897,0.0
0,1,4480,5549708231417,86.85315616575583,5.625652814878411e-41
0,0,4481,5550448340992,86.8647389102564,0.0
0,1,4481,5551185535670,86.87627603650216,5.521956728518374e-41
0,0,4482,5551925720064,86.88785995192308,0.0
0,1,4482,5552323917360,86.89409175555889,5.640226318907389e-41
0,0,4483,5552720063488,86.90029145833334,0.0
0,1,4483,5553462395827,86.91190898917957,5.68604877869081e-41
0,0,4484,5553861197824,86.91815025641026,0.0
0,1,4484,5554600614203,86.92972215236566,5.5725436030805e-41
0,0,4485,5555338226688,86.9412658173077,0.0
0,1,4485,5555733180607,86.94744686196351,5.690252674083785e-41
0,0,4486,5556474343424,86.9590460897436,0.0
0,1,4486,5556849882024,86.96492328387922,5.637143462285874e-41
0,0,4487,5557246665216,86.97113295673077,0.0
0,1,4487,5557987845933,86.98273246464656,5.669933846351075e-41
0,0,4488,5558388248064,86.98899877403846,0.0
0,1,4488,5559125780659,87.00054118869879,5.667271379268858e-41
0,0,4489,5559524369920,87.00677912660257,0.0
0,1,4489,5560264405070,87.01836070634891,5.574085031391257e-41
0,0,4490,5561001451008,87.0298955048077,0.0
0,1,4490,5561741981192,87.04148483185597,5.543816984561841e-41
0,0,4491,5562142637568,87.0477551201923,0.0
0,1,4491,5563225079285,87.06469537643042,5.622009438871166e-41
0,0,4492,5563624864256,87.07095202724359,0.0
0,1,4492,5564363673977,87.08251442897699,5.569881135998283e-41
0,0,4493,5565101556224,87.09406231570513,0.0
0,1,4493,5565496701166,87.10024634987856,5.676239689440537e-41
0,0,4494,5566237421056,87.11183864583333,0.0
0,1,4494,5566635142771,87.11806300660744,5.629296190885655e-41
0,0,4495,5567031622144,87.12426792467949,0.0
0,1,4495,5567773403643,87.13587683485765,5.49743400539269e-41
0,0,4496,5568172718592,87.14212612980769,0.0
0,1,4496,5568911989102,87.1536957429074,5.6329395668929e-41
0,0,4497,5569307945472,87.15989247596154,0.0
0,1,4497,5569705735345,87.16611790341109,5.535549323622325e-41
0,0,4498,5570443142144,87.17765834935898,0.0
0,1,4498,5571871933731,87.20001899493877,5.525039585139889e-41
0,0,4499,5572608998400,87.21155408653847,0.0
0,1,4499,5573349454566,87.22314225520208,5.766343180696622e-41
0,0,4500,5573750279680,87.22941518429488,0.0
0,1,4500,5574143431185,87.23556802109938,5.590199963730993e-41
0,0,4501,5574880254976,87.24709934294872,0.0
0,1,4501,5575276311425,87.25329764224321,5.643869694914633e-41
0,0,4502,5576015899648,87.26487222756411,0.0
0,1,4502,5576409055459,87.2710251317577,5.507383224489396e-41
0,0,4503,5577145789440,87.28255504807693,0.0
0,1,4503,5577541791276,87.28875249267578,5.562033864598064e-41
0,0,4504,5577940005888,87.2949845673077,0.0
0,1,4504,5578680142801,87.30656773964907,5.674137741744049e-41
0,0,4505,5579075753984,87.31275907051283,0.0
0,1,4505,5579813107504,87.32429868264224,5.593282820352507e-41
0,0,4506,5580211832832,87.33053875,0.0
0,1,4506,5581296146201,87.34750829766689,5.667831898654588e-41
0,0,4507,5582036413952,87.35909351762821,0.0
0,1,4507,5582778779380,87.37071156631862,5.561473345212334e-41
0,0,4508,5583519362048,87.38230171474359,0.0
0,1,4508,5584261548776,87.39391696677184,5.491128162303228e-41
0,0,4509,5584661057024,87.40016928685898,0.0
0,1,4509,5585055222282,87.40633798893856,5.638124371210901e-41
0,0,4510,5585797116416,87.41794866185897,0.0
0,1,4510,5586193612187,87.42415383656038,5.669933846351075e-41
0,0,4511,5586932979200,87.4357249599359,0.0
0,1,4511,5587326670055,87.44188623758951,5.635602033975117e-41
0,0,4512,5588068774400,87.45350020032052,0.0
0,1,4512,5588465093767,87.45970261429224,5.674698261129779e-41
0,0,4513,5588863034880,87.46593040865385,0.0
0,1,4513,5589603526696,87.4775191352414,5.454133882845053e-41
0,0,4514,5590345844224,87.48913643429488,0.0
0,1,4514,5591086678517,87.50073052066118,5.596505806820454e-41
0,0,4515,5591828474880,87.51233966346155,0.0
0,1,4515,5592569944552,87.52394369353466,5.650595927543392e-41
0,0,4516,5592969935872,87.53020357371796,0.0
0,1,4516,5593708786038,87.54176660841722,5.607856324381485e-41
0,0,4517,5594106003456,87.54798307692307,0.0
0,1,4517,5594847325930,87.5595848033416,5.584454640027261e-41
0,0,4518,5595247121408,87.56584161858974,0.0
0,1,4518,5595985772163,87.57740153249888,5.683526441455026e-41
0,0,4519,5596382951936,87.58361741185898,0.0
0,1,4519,5597124455461,87.5952219717329,5.635041514589387e-41
0,0,4520,5597524598272,87.60148422275641,0.0
0,1,4520,5598262677931,87.61303519899026,5.596505806820454e-41
0,0,4521,5598660360704,87.61925895032051,0.0
0,1,4521,5599056740068,87.6254623032477,5.645411123225391e-41
0,0,4522,5599796019200,87.63703205128205,0.0
0,1,4522,5600189620278,87.64319192392203,5.672596313433292e-41
0,0,4523,5601279032320,87.66024126602565,0.0
0,1,4523,5602017208432,87.6717937517528,5.554186593197845e-41
0,0,4524,5602415078400,87.6780204326923,0.0
0,1,4524,5603155704326,87.68961125810672,5.562594383983794e-41
0,0,4525,5603556638208,87.69588588942308,0.0
0,1,4525,5604293941148,87.70742470997347,5.589639444345263e-41
0,0,4526,5604692992000,87.71366987179488,0.0
0,1,4526,5605432034085,87.72523591003419,5.644430214300363e-41
0,0,4527,5605829136384,87.73145057692308,0.0
0,1,4527,5606569658549,87.74303977847369,5.556288540894332e-41
0,0,4528,5606965184512,87.74922977564103,0.0
0,1,4528,5607702128653,87.76076298097269,5.608977363152945e-41
0,0,4529,5608101080576,87.76700659455129,0.0
0,1,4529,5608495758133,87.77318331413073,5.533867765465135e-41
0,0,4530,5609237143040,87.7847860176282,0.0
0,1,4530,5609633799377,87.79099370519394,5.655920861707827e-41
0,0,4531,5610373256704,87.80256624198718,0.0
0,1,4531,5611110672514,87.81410682895759,5.657462290018584e-41
0,0,4532,5611509454336,87.82034778044871,0.0
0,1,4532,5612248383513,87.8319120516733,5.723043058148985e-41
0,0,4533,5612986466816,87.8434630849359,0.0
0,1,4533,5613381100396,87.84963911627354,5.581932302791476e-41
0,0,4534,5614122448896,87.86124125,0.0
0,1,4534,5614519160566,87.8674498035294,5.669933846351075e-41
0,0,4535,5615258662912,87.8790230448718,0.0
0,1,4535,5615651887737,87.88517702913725,5.780496295186303e-41
0,0,4536,5616047792640,87.89137295673078,0.0
0,1,4536,5616790030831,87.90298901415703,5.500516862014204e-41
0,0,4537,5617189315072,87.90923782852565,0.0
0,1,4537,5617928136051,87.9208004064472,5.562033864598064e-41
0,0,4538,5618325092352,87.92701278846154,0.0
0,1,4538,5619066044177,87.93860871420836,5.763820843460838e-41
0,0,4539,5619466820096,87.94488087339744,0.0
0,1,4539,5620204172966,87.95642047535432,5.603232039449214e-41
0,0,4540,5620944036864,87.967999375,0.0
0,1,4540,5621681238626,87.97953661211064,5.633920475817927e-41
0,0,4541,5622421584896,87.99112306089744,0.0
0,1,4541,5623163573298,88.00273520911584,5.626213334264141e-41
0,0,4542,5623562727424,88.0089819871795,0.0
0,1,4542,5624301573546,88.02054495859,5.617245024092462e-41
0,0,4543,5624698701312,88.02676002403847,0.0
0,1,4543,5625095360254,88.03296775237254,5.602251130524186e-41
0,0,4544,5625834532864,88.04453583333334,0.0
0,1,4544,5626228092518,88.05069505768606,5.788763956125819e-41
0,0,4545,5626970121216,88.06230783653847,0.0
0,1,4545,5627366140905,88.06850556053749,5.749667728971157e-41
0,0,4546,5627764470784,88.07473943910257,0.0
0,1,4546,5628504620925,88.08632281846266,5.617245024092462e-41
0,0,4547,5628905414144,88.09259524839744,0.0
0,1,4547,5629642839790,88.10413598930164,5.64653216199685e-41
0,0,4548,5630041382912,88.11037320512821,0.0
0,1,4548,5631125595368,88.1273411735026,5.555868151355035e-41
0,0,4549,5631865631744,88.1389227724359,0.0
0,1,4549,5632603134631,88.15046472216484,5.675118650669077e-41
0,0,4550,5633342954496,88.16204293269232,0.0
0,1,4550,5634080406119,88.1735840801376,5.608977363152945e-41
0,0,4551,5634479133696,88.17982418269231,0.0
0,1,4551,5635218579437,88.19139653816418,5.68604877869081e-41
0,0,4552,5635615415296,88.19760703525641,0.0
0,1,4552,5636356727161,88.20920859564366,5.555307631969305e-41
0,0,4553,5636756245504,88.21546107371795,0.0
0,1,4553,5637494656229,88.22701723114797,5.688711245773027e-41
0,0,4554,5637892037120,88.23323625801282,0.0
0,1,4554,5638288392244,88.23943923158303,5.601130091752726e-41
0,0,4555,5639027735040,88.25100997596154,0.0
0,1,4555,5639421122473,88.2571665050487,5.746584872349642e-41
0,0,4556,5640163469312,88.26878426282052,0.0
0,1,4556,5640903482733,88.28036550250714,5.590199963730993e-41
0,0,4557,5641640529408,88.2919003125,0.0
0,1,4557,5642380538667,88.30348148705116,5.587537496648776e-41
0,0,4558,5642776305152,88.30967524839744,0.0
0,1,4558,5643518544569,88.32129132501065,5.61262073916019e-41
0,0,4559,5643917657600,88.3275374599359,0.0
0,1,4559,5644656966227,88.3391076695682,5.685628389151513e-41
0,0,4560,5645053553152,88.34531427083334,0.0
0,1,4560,5645450924917,88.35153315487592,5.747145391735372e-41
0,0,4561,5646190113280,88.3631014823718,0.0
0,1,4561,5646583700727,88.36926114168608,5.607435934842188e-41
0,0,4562,5647326376960,88.38088405448718,0.0
0,1,4562,5647722050677,88.38707636401054,5.769426037318137e-41
0,0,4563,5648121187328,88.39332286858975,0.0
0,1,4563,5648860446213,88.40489229975773,5.641767747218146e-41
0,0,4564,5649257548800,88.41110697115384,0.0
0,1,4564,5649998984094,88.42271046320988,5.742941496342398e-41
0,0,4565,5650741061120,88.43432399839743,0.0
0,1,4565,5651482067312,88.44592077498999,5.581371783405746e-41
0,0,4566,5652224358912,88.45753766826924,0.0
0,1,4566,5652620796156,88.46374192702073,5.72724695354196e-41
0,0,4567,5653360137216,88.47531264423077,0.0
0,1,4567,5653754035832,88.48147717335236,5.644990733686093e-41
0,0,4568,5654154689024,88.48774741185898,0.0
0,1,4568,5654892568056,88.49929524827223,5.61262073916019e-41
0,0,4569,5655290812416,88.50552778846154,0.0
0,1,4569,5656031108490,88.51711345167894,5.697539426098274e-41
0,0,4570,5656427207168,88.52331241185898,0.0
0,1,4570,5657169732388,88.53493296130058,5.652277485700582e-41
0,0,4571,5657568945152,88.54118065705129,0.0
0,1,4571,5657963577948,88.54735667611929,5.627754762574898e-41
0,0,4572,5658705229312,88.55896354967949,0.0
0,1,4572,5659101753831,88.56516917428824,5.519294261436157e-41
0,0,4573,5659841383936,88.5767444150641,0.0
0,1,4573,5660579291557,88.58829269889637,5.698660464869734e-41
0,0,4574,5660977609728,88.59452639423077,0.0
0,1,4574,5661717569330,88.60610679164789,5.614162167470947e-41
0,0,4575,5662114130432,88.61231298878205,0.0
0,1,4575,5662855870652,88.62392125294221,5.599028144056239e-41
0,0,4576,5663255944192,88.6301824198718,0.0
0,1,4576,5663994367037,88.6417387669803,5.549001788879843e-41
0,0,4577,5664391946752,88.64796090544873,0.0
0,1,4577,5665132794845,88.65955520778559,5.675679170054807e-41
0,0,4578,5665533807104,88.66583106570513,0.0
0,1,4578,5665927051520,88.67198535657052,5.639245409982361e-41
0,0,4579,5666664543744,88.68352713942308,0.0
0,1,4579,5667060259952,88.6897201139323,5.59230191142748e-41
0,0,4580,5667800900096,88.70131116185898,0.0
0,1,4580,5668199126537,88.70754342161521,5.663628003261613e-41
0,0,4581,5668937345024,88.71909657051282,0.0
0,1,4581,5669332317058,88.72527789866912,5.640226318907389e-41
0,0,4582,5670073968128,88.73688476762821,0.0
0,1,4582,5670815468386,88.74848927637345,5.674698261129779e-41
0,0,4583,5671557620736,88.76010399038462,0.0
0,1,4583,5671954005229,88.76630742358086,5.66685098972956e-41
0,0,4584,5672693996032,88.77788830929488,0.0
0,1,4584,5673087080538,88.78404009756235,5.568339707687526e-41
0,0,4585,5673824886784,88.7955867948718,0.0
0,1,4585,5674219920301,88.80176908523951,5.522937637443402e-41
0,0,4586,5674619478528,88.8080221875,0.0
0,1,4586,5675358247738,88.81958395523463,5.695997997787516e-41
0,0,4587,5675755666432,88.82580357371795,0.0
0,1,4587,5676497002208,88.83740550831331,5.599588663441969e-41
0,0,4588,5676897344000,88.84367087339744,0.0
0,1,4588,5677635410540,88.8552216443184,5.598607754516942e-41
0,0,4589,5678033711616,88.86145507211539,0.0
0,1,4589,5678429485992,88.86764895695613,5.613601648085217e-41
0,0,4590,5679169677824,88.87923298878205,0.0
0,1,4590,5679562743030,88.88538447500376,5.626633723803438e-41
0,0,4591,5680300138496,88.89692474358975,0.0
0,1,4591,5681040828621,88.90851657372109,5.641767747218146e-41
0,0,4592,5681441602048,88.91478869391025,0.0
0,1,4592,5682179433575,88.92633578686836,5.619907491174679e-41
0,0,4593,5682577501184,88.93256556089744,0.0
0,1,4593,5683317815788,88.94415151411008,5.620468010560409e-41
0,0,4594,5683718717440,88.95042564102565,0.0
0,1,4594,5684456315257,88.96196907641288,5.659003718329341e-41
0,0,4595,5684854606848,88.96820235576924,0.0
0,1,4595,5685595164900,88.97979211895283,5.590760483116723e-41
0,0,4596,5685995827200,88.9860625,0.0
0,1,4596,5686389230142,88.99221927180363,5.702724230416276e-41
0,0,4597,5687131805184,89.00384060096154,0.0
0,1,4597,5687527749045,89.01003713824933,5.646952551536148e-41
0,0,4598,5688267888640,89.0216203525641,0.0
0,1,4598,5688661088060,89.02777393924029,5.6329395668929e-41
0,0,4599,5689398582272,89.03931575320513,0.0
0,1,4599,5689794554020,89.04551272692558,5.605333987145701e-41
0,0,4600,5690534400512,89.05709135416667,0.0
0,1,4600,5691272132202,89.06863688467173,5.68716981746227e-41
0,0,4601,5692011565056,89.08020903846155,0.0
0,1,4601,5692749768744,89.09176195575421,5.635041514589387e-41
0,0,4602,5693146984448,89.0979783974359,0.0
0,1,4602,5693544002888,89.10419175192808,5.515650885428912e-41
0,0,4603,5694282187264,89.11574436698719,0.0
0,1,4603,5694677714608,89.12193438576723,5.588658535420235e-41
0,0,4604,5695417690624,89.13351504006411,0.0
0,1,4604,5695811009586,89.13967049757737,5.574505420930555e-41
0,0,4605,5696548441600,89.15121133814102,0.0
0,1,4605,5696944128896,89.15740386017629,5.68660929807654e-41
0,0,4606,5697342713344,89.16364172275641,0.0
0,1,4606,5698082727713,89.17522297727928,5.626213334264141e-41
0,0,4607,5698478568448,89.18141790064102,0.0
0,1,4607,5699216000630,89.19295874383388,5.648634109693338e-41
0,0,4608,5699614507520,89.19919539262821,0.0
0,1,4608,5700698947177,89.21616691670737,5.677220598365564e-41
0,0,4609,5701097485312,89.22240405448719,0.0
0,1,4609,5701838095865,89.23399463931352,5.599588663441969e-41
0,0,4610,5702580303872,89.24561022435898,0.0
0,1,4610,5703321541078,89.25721061632989,5.699641373794761e-41
0,0,4611,5704062970880,89.2688140224359,0.0
0,1,4611,5704460450154,89.27503458899865,5.577167888012772e-41
0,0,4612,5704857495040,89.2812483573718,0.0
0,1,4612,5705598971646,89.2928524959623,5.599588663441969e-41
0,0,4613,5705999188480,89.29911590544872,0.0
0,1,4613,5706737570937,89.3106716204834,5.613601648085217e-41
0,0,4614,5707134673408,89.3168862900641,0.0
0,1,4614,5707876301821,89.32849280444023,5.564135812294551e-41
0,0,4615,5708275607040,89.33474194711539,0.0
0,1,4615,5708670492974,89.34092192780324,5.55166425596206e-41
0,0,4616,5709411887104,89.35252477564103,0.0
0,1,4616,5709808798391,89.35873645318448,5.468286997334734e-41
0,0,4617,5710548402688,89.37031129006411,0.0
0,1,4617,5711286144629,89.38185698099772,5.540173608554597e-41
0,0,4618,5711683941376,89.38808251602565,0.0
0,1,4618,5712424240136,89.39966822127904,5.723043058148985e-41
0,0,4619,5713166533632,89.41128514423077,0.0
0,1,4619,5713562677649,89.41748481396797,5.627194243189168e-41
0,0,4620,5714302601728,89.42906465544873,0.0
0,1,4620,5714695330032,89.43521086914063,5.654379433397069e-41
0,0,4621,5715432708608,89.44675087339743,0.0
0,1,4621,5715828348010,89.45294264588968,5.572963992619797e-41
0,0,4622,5716227037696,89.45918215544872,0.0
0,1,4622,5716966904818,89.47076110555014,5.593843339738237e-41
0,0,4623,5717362672640,89.47695488782051,0.0
0,1,4623,5718105341808,89.48857769005409,5.735654744327909e-41
0,0,4624,5718504135680,89.49481883012821,0.0
0,1,4624,5719243627763,89.50639191085425,5.566237759991038e-41
0,0,4625,5719981420032,89.51793838942308,0.0
0,1,4625,5721064835355,89.5348938826341,5.493790629385445e-41
0,0,4626,5721464050688,89.54114161858975,0.0
0,1,4626,5722547275513,89.55809413049943,5.639245409982361e-41
0,0,4627,5723288685568,89.5696972275641,0.0
0,1,4627,5723685346411,89.57590498564892,5.518733742050427e-41
0,0,4628,5724424852992,89.58747829326923,0.0
0,1,4628,5724818062822,89.59363204286234,5.602251130524186e-41
0,0,4629,5725555028992,89.60516559294872,0.0
0,1,4629,5725950900030,89.61136099055364,5.692354621780272e-41
0,0,4630,5726349107200,89.61759294871796,0.0
0,1,4630,5727088961755,89.62917170214531,5.631398138582142e-41
0,0,4631,5727484815360,89.63536682692308,0.0
0,1,4631,5728227254369,89.64698602715909,5.640786838293119e-41
0,0,4632,5728626171392,89.65322909455128,0.0
0,1,4632,5729365596144,89.66480112154447,5.579830355094989e-41
0,0,4633,5729761775104,89.67100133814102,0.0
0,1,4633,5731192874537,89.6933981016032,5.581371783405746e-41
0,0,4634,5731591814656,89.69964153044872,0.0
0,1,4634,5732331032489,89.71121031915126,5.695997997787516e-41
0,0,4635,5732727513600,89.71741526442308,0.0
0,1,4635,5733469405497,89.72902590233436,5.66685098972956e-41
0,0,4636,5733868389376,89.73527001602564,0.0
0,1,4636,5734607648434,89.74683944990109,5.61318125854592e-41
0,0,4637,5735003611136,89.75303628205128,0.0
0,1,4637,5735401498612,89.75926323699169,5.618366062863922e-41
0,0,4638,5736139222528,89.77080864583334,0.0
0,1,4638,5736534349152,89.77699239332932,5.619346971788949e-41
0,0,4639,5737274890240,89.78858189102564,0.0
0,1,4639,5737672625895,89.79480646996132,5.621448919485436e-41
0,0,4640,5738069182464,89.80101259615385,0.0
0,1,4640,5738811201148,89.81262521828675,5.698660464869734e-41
0,0,4641,5739210476032,89.81887388621796,0.0
0,1,4641,5739949899759,89.83044589716985,5.532326337154378e-41
0,0,4642,5740687648256,89.84199169070513,0.0
0,1,4642,5741427691442,89.8535733962152,5.747145391735372e-41
0,0,4643,5742165362176,89.86511797275641,0.0
0,1,4643,5742905516404,89.87670141607823,5.759056428682133e-41
0,0,4644,5743301180416,89.88289357371795,0.0
0,1,4644,5744038560498,89.89443360154372,5.736635653252936e-41
0,0,4645,5744437212672,89.90067252403847,0.0
0,1,4645,5745177188984,89.91225318296775,5.594964378509697e-41
0,0,4646,5745573355520,89.9184532051282,0.0
0,1,4646,5746315776493,89.93007212310009,5.750228248356887e-41
0,0,4647,5746714708480,89.93631542467949,0.0
0,1,4647,5747109830453,89.94249909938715,5.598607754516942e-41
0,0,4648,5747850655232,89.95409303685898,0.0
0,1,4648,5748248320690,89.96031651720878,5.526581013450646e-41
0,0,4649,5748986737152,89.97187276442308,0.0
0,1,4649,5749381225009,89.97804651518993,5.648073590307608e-41
0,0,4650,5750122878976,89.98965342948718,0.0
0,1,4650,5750863788037,90.00124868597568,5.679322546062051e-41
0,0,4651,5751264430080,90.00751875,0.0
0,1,4651,5752002164124,90.01906431734525,5.566798279376768e-41
0,0,4652,5752741658624,90.03063743589743,0.0
0,1,4652,5753479663441,90.04218724085099,5.711132021202224e-41
0,0,4653,5754219074048,90.05375904647435,0.0
0,1,4653,5754612273332,90.05991263102214,5.562594383983794e-41
0,0,4654,5755007485440,90.06609771634615,0.0
0,1,4654,5755744688176,90.07763496869993,5.674698261129779e-41
0,0,4655,5756142801920,90.0838654647436,0.0
0,1,4655,5756882639789,90.09544395703438,5.581932302791476e-41
0,0,4656,5757278628352,90.10164119391025,0.0
0,1,4656,5758020778804,90.11325587821766,5.613601648085217e-41
0,0,4657,5758419857408,90.11950147435898,0.0
0,1,4657,5758814986354,90.12568525819437,5.693896050091029e-41
0,0,4658,5759556122624,90.13728407051282,0.0
0,1,4658,5760298073162,90.14889562615811,5.668392418040318e-41
0,0,4659,5761038606848,90.16048500801283,0.0
0,1,4659,5761780986427,90.17210327816694,5.615703595781704e-41
0,0,4660,5762521601024,90.18369392628206,0.0
0,1,4660,5763263738389,90.19530840577737,5.603232039449214e-41
0,0,4661,5763663207424,90.2015601121795,0.0
0,1,4661,5764402048421,90.21312300338354,5.671475274661832e-41
0,0,4662,5764799446016,90.21934229166666,0.0
0,1,4662,5765196183262,90.22555124546149,5.651156446929122e-41
0,0,4663,5765935265792,90.23711791666668,0.0
0,1,4663,5766329328178,90.24328500879533,5.582913211716504e-41
0,0,4664,5767071296512,90.25489684294872,0.0
0,1,4664,5767467914703,90.26110393352802,5.488605825067444e-41
0,0,4665,5767865968640,90.26733349358975,0.0
0,1,4665,5768606600543,90.27892441254446,5.596926196359752e-41
0,0,4666,5769007534080,90.28519903846154,0.0
0,1,4666,5769745209593,90.2967436897943,5.736075133867206e-41
0,0,4667,5770143459328,90.30297631410257,0.0
0,1,4667,5770883573360,90.31455912835537,5.606314896070728e-41
0,0,4668,5771620905984,90.32609841346154,0.0
0,1,4668,5772016332777,90.33228685861441,5.448388559141321e-41
0,0,4669,5772757296128,90.34388296474359,0.0
0,1,4669,5773154746228,90.35010307473208,5.514669976503885e-41
0,0,4670,5773892926464,90.361655625,0.0
0,1,4670,5774287638752,90.367832888121,5.684086960840755e-41
0,0,4671,5774687181312,90.3740857451923,0.0
0,1,4671,5775425645680,90.38564274213742,5.490147253378201e-41
0,0,4672,5775823105536,90.39186300480769,0.0
0,1,4672,5776564088826,90.40345942298302,5.518733742050427e-41
0,0,4673,5776964649984,90.40972822115386,0.0
0,1,4673,5777357848380,90.4158817918044,5.548020879954816e-41
0,0,4674,5778095047168,90.42741898237179,0.0
0,1,4674,5778490531992,90.43360833571214,5.634480995203657e-41
0,0,4675,5779236440576,90.4452818349359,0.0
0,1,4675,5779634310200,90.45150851049179,5.442222845898292e-41
0,0,4676,5780030975488,90.45771633814103,0.0
0,1,4676,5780772723670,90.4693247269068,5.769426037318137e-41
0,0,4677,5781860953088,90.48635556089744,0.0
0,1,4677,5782255707573,90.49253348440317,5.651716966314852e-41
0,0,4678,5782655309312,90.4987872676282,0.0
0,1,4678,5783394049340,90.51034857866337,5.581932302791476e-41
0,0,4679,5783791352320,90.51656638621795,0.0
0,1,4679,5784532345050,90.52816295212966,5.659564237715071e-41
0,0,4680,5784933150208,90.53443556891025,0.0
0,1,4680,5785670710394,90.54597841537084,5.624111386567653e-41
0,0,4681,5786069200896,90.55221480769231,0.0
0,1,4681,5786464775587,90.5584055674548,5.661105666025828e-41
0,0,4682,5787205071872,90.56999123397436,0.0
0,1,4682,5787598115595,90.57614238398625,5.548441269494113e-41
0,0,4683,5788335161344,90.58767717948719,0.0
0,1,4683,5788731476588,90.5938795289338,5.674698261129779e-41
0,0,4684,5789129554944,90.60010947115384,0.0
0,1,4684,5790214466672,90.61708838316306,5.587537496648776e-41
0,0,4685,5790612620288,90.62331950320512,0.0
0,1,4685,5791697470031,90.64029744514662,5.690252674083785e-41
0,0,4686,5792437067264,90.65187217147437,0.0
0,1,4686,5793175150112,90.66342319761618,5.624111386567653e-41
0,0,4687,5793573351424,90.66965506410257,0.0
0,1,4687,5794313430958,90.68123733846029,5.615283206242407e-41
0,0,4688,5794709365760,90.68743373397436,0.0
0,1,4688,5795107569908,90.69366564484426,5.464643621327489e-41
0,0,4689,5795845192192,90.70520946314103,0.0
0,1,4689,5796240719947,90.71139948835324,5.498414914317717e-41
0,0,4690,5796981121024,90.7229867948718,0.0
0,1,4690,5797379152358,90.72921600119567,5.659564237715071e-41
0,0,4691,5797775453696,90.73541813301283,0.0
0,1,4691,5798517740396,90.74703494960687,5.561473345212334e-41
0,0,4692,5798916782592,90.75327997596155,0.0
0,1,4692,5799656226548,90.7648523034981,5.569881135998283e-41
0,0,4693,5800052439040,90.77105304487179,0.0
0,1,4693,5801138981615,90.7880574797019,5.606314896070728e-41
0,0,4694,5802223921152,90.80503682692309,0.0
0,1,4694,5802622027458,90.81126720656175,5.465624530252517e-41
0,0,4695,5803359828992,90.82281383012821,0.0
0,1,4695,5803755236411,90.82900197207721,5.548441269494113e-41
0,0,4696,5804496333824,90.84060017628205,0.0
0,1,4696,5804894067648,90.8468247265625,5.542275556251084e-41
0,0,4697,5805290912768,90.85303536858974,0.0
0,1,4697,5806032873319,90.86464708093888,5.596505806820454e-41
0,0,4698,5806432272896,90.87089770032051,0.0
0,1,4698,5806827219109,90.87707862437713,5.598047235131212e-41
0,0,4699,5807568437248,90.88867871794872,0.0
0,1,4699,5807965854259,90.89489831009303,5.576607368627042e-41
0,0,4700,5808704889856,90.90646424679487,0.0
0,1,4700,5809099188631,90.91263503842085,5.530224389457891e-41
0,0,4701,5809840708608,90.92423985576923,0.0
0,1,4701,5810237723948,90.9304531617463,5.570441655384013e-41
0,0,4702,5812017690112,90.95830970352564,0.0
0,1,4702,5812415635946,90.96453757177109,5.526581013450646e-41
0,0,4703,5813153841152,90.97609051282052,0.0
0,1,4703,5813548766528,90.98227111077725,5.53751114147238e-41
0,0,4704,5814289799168,90.99386830128205,0.0
0,1,4704,5814687494383,91.0000922473301,5.59230191142748e-41
0,0,4705,5815425450496,91.0116412900641,0.0
0,1,4705,5815820315704,91.01782094638922,5.428069731408611e-41
0,0,4706,5816561240576,91.02941645032051,0.0
0,1,4706,5816958619105,91.03563544021998,5.524479065754159e-41
0,0,4707,5817355360256,91.04184445512821,0.0
0,1,4707,5818096939375,91.05345019805127,5.68660929807654e-41
0,0,4708,5818496617472,91.05970517628205,0.0
0,1,4708,5819235124988,91.0712628484951,5.558390488590819e-41
0,0,4709,5819632287232,91.07747845352564,0.0
0,1,4709,5820374009967,91.08908644404485,5.558390488590819e-41
0,0,4710,5821461824000,91.10611077724359,0.0
0,1,4710,5821857184880,91.11229819085537,5.556288540894332e-41
0,0,4711,5822597182976,91.12387919070513,0.0
0,1,4711,5823334221357,91.13541387089656,5.583894120641531e-41
0,0,4712,5823732823040,91.14165200320512,0.0
0,1,4712,5824472379326,91.1532260887107,5.508924652800153e-41
0,0,4713,5824868326912,91.15942268429488,0.0
0,1,4713,5825610594601,91.171039203366,5.537090751933082e-41
0,0,4714,5826009501696,91.17728211538461,0.0
0,1,4714,5826404583539,91.18346516205617,5.540734127940327e-41
0,0,4715,5827145311744,91.19505758814103,0.0
0,1,4715,5827543248380,91.2012853124374,5.469828425645491e-41
0,0,4716,5828281121280,91.21283305288462,0.0
0,1,4716,5828676336497,91.21901818686462,5.550122827651303e-41
0,0,4717,5829075229184,91.22526087339745,0.0
0,1,4717,5829814656758,91.23683294455505,5.488045305681714e-41
0,0,4718,5830210731520,91.24303153044872,0.0
0,1,4718,5831297562849,91.2600404842905,5.534988804236595e-41
0,0,4719,5832728588800,91.28243609775642,0.0
0,1,4719,5833124852002,91.28863763274364,5.440120898201805e-41
0,0,4720,5833864077824,91.30020654647436,0.0
0,1,4720,5834602422500,91.31176167023487,5.585996068338018e-41
0,0,4721,5835341467648,91.32332775641027,0.0
0,1,4721,5836079819940,91.33488299936148,5.614162167470947e-41
0,0,4722,5836477235712,91.34110257211539,0.0
0,1,4722,5836873636833,91.3473062655405,5.603792558834943e-41
0,0,4723,5837612417024,91.3588682051282,0.0
0,1,4723,5838006608175,91.36503731243427,5.508364133414423e-41
0,0,4724,5838747709440,91.37663557692308,0.0
0,1,4724,5839144833751,91.38285058830066,5.507383224489396e-41
0,0,4725,5839541670400,91.38906109775641,0.0
0,1,4725,5840283266662,91.40066710896811,5.629856710271385e-41
0,0,4726,5841024096256,91.41226112179487,0.0
0,1,4726,5841766633525,91.42388185980381,5.561052955673037e-41
0,0,4727,5842165068288,91.4301173798077,0.0
0,1,4727,5842905520091,91.44170548019018,5.57086204492331e-41
0,0,4728,5843647153664,91.45331207532051,0.0
0,1,4728,5844044269425,91.45952695289026,5.543256465176111e-41
0,0,4729,5844441199104,91.46573891826924,0.0
0,1,4729,5845182893817,91.47734647024302,5.620468010560409e-41
0,0,4730,5845582257664,91.48359653044872,0.0
0,1,4730,5845976864308,91.48977214023688,5.589219054805965e-41
0,0,4731,5846717997568,91.50137090544872,0.0
0,1,4731,5847115276733,91.5075883402976,5.579830355094989e-41
0,0,4732,5847853733888,91.51914522435898,0.0
0,1,4732,5848248442169,91.52532242477027,5.529243480532863e-41
0,0,4733,5848988946432,91.53691134615384,0.0
0,1,4733,5849386936506,91.54313990675706,5.47655465827425e-41
0,0,4734,5849782987776,91.549338125,0.0
0,1,4734,5850525285434,91.56095511308719,5.527141532836376e-41
0,0,4735,5851265464320,91.5725389423077,0.0
0,1,4735,5852008153654,91.58416206013997,5.685067869765783e-41
0,0,4736,5852406377984,91.59039428685898,0.0
0,1,4736,5853146739638,91.601980976406,5.589219054805965e-41
0,0,4737,5853547027456,91.60824549679488,0.0
0,1,4737,5854285145400,91.61979707219051,5.479217125356467e-41
0,0,4738,5854682042880,91.62600853365385,0.0
0,1,4738,5855423772887,91.63761663798014,5.610518791463703e-41
0,0,4739,5855822988800,91.64386438301283,0.0
0,1,4739,5856217600017,91.65004006436861,5.619346971788949e-41
0,0,4740,5856958173184,91.66163006410257,0.0
0,1,4740,5857356024742,91.66785645692484,5.582913211716504e-41
0,0,4741,5858093623296,91.67939990384616,0.0
0,1,4741,5858489113344,91.68558933894231,5.539192699629569e-41
0,0,4742,5858887534080,91.69182463942307,0.0
0,1,4742,5859627752606,91.70340908901117,5.628315281960628e-41
0,0,4743,5860023229440,91.7095983173077,0.0
0,1,4743,5860761054199,91.72114530434634,5.516211404814642e-41
0,0,4744,5861159140352,91.72737536858975,0.0
0,1,4744,5861899533715,91.73896255438389,5.714214877823739e-41
0,0,4745,5862983822848,91.75593172275642,0.0
0,1,4745,5863721517503,91.76747667366223,5.620468010560409e-41
0,0,4746,5864460960256,91.77904898237179,0.0
0,1,4746,5864854285592,91.78520453963843,5.682965922069296e-41
0,0,4747,5865590997504,91.79673411057692,0.0
0,1,4747,5865987390070,91.80293767011594,5.519854780821887e-41
0,0,4748,5866726746112,91.81450862179487,0.0
0,1,4748,5867120345079,91.82066846139762,5.582913211716504e-41
0,0,4749,5867862320128,91.83228040064103,0.0
0,1,4749,5868258676597,91.83848339526054,5.691373712855245e-41
0,0,4750,5868656354816,91.84470707532051,0.0
0,1,4750,5869396595443,91.85629187079014,5.65269787523988e-41
0,0,4751,5869791932928,91.86247891826923,0.0
0,1,4751,5870873322682,91.87940271124424,5.57198308369477e-41
0,0,4752,5871615360512,91.89101563301283,0.0
0,1,4752,5872699870954,91.90798826488006,5.579269835709259e-41
0,0,4753,5873098221056,91.9142224599359,0.0
0,1,4753,5873837979263,91.9257997055132,5.489026214606741e-41
0,0,4754,5874233912832,91.93199608173077,0.0
0,1,4754,5874976334885,91.9436150166047,5.57086204492331e-41
0,0,4755,5875375002112,91.94985417467949,0.0
0,1,4755,5875770360655,91.95604155171712,5.526160623911349e-41
0,0,4756,5876510568960,91.96762584134616,0.0
0,1,4756,5876908589288,91.97385487542569,5.544797893486869e-41
0,0,4757,5877646074368,91.98539654647436,0.0
0,1,4757,5878041413701,91.99158362287473,5.527702052222106e-41
0,0,4758,5878781654528,92.00316842147436,0.0
0,1,4758,5879179703770,92.00939790805914,5.569881135998283e-41
0,0,4759,5879575934976,92.01559894230769,0.0
0,1,4759,5880662412214,92.03260235461113,5.664749042033073e-41
0,0,4760,5881399758336,92.04414185096154,0.0
0,1,4760,5882139670882,92.05572151195037,5.657462290018584e-41
0,0,4761,5882876579328,92.06725415865385,0.0
0,1,4761,5883272487659,92.07345013989571,5.670494365736805e-41
0,0,4762,5883670732288,92.07968268429488,0.0
0,1,4762,5884410885243,92.09126610769418,5.432834146187316e-41
0,0,4763,5884806311424,92.09745454326924,0.0
0,1,4763,5885543783915,92.10899601729956,5.68604877869081e-41
0,0,4764,5885941837824,92.11522557692308,0.0
0,1,4764,5886682196345,92.12681221743853,5.587117107109478e-41
0,0,4765,5887082890752,92.13308310096154,0.0
0,1,4765,5887820618483,92.14462856950809,5.6329395668929e-41
0,0,4766,5888218368000,92.15085336538462,0.0
0,1,4766,5888614499892,92.15705284536509,5.619907491174679e-41
0,0,4767,5889353942016,92.16862514423077,0.0
0,1,4767,5889747235257,92.17478019920937,5.577728407398502e-41
0,0,4768,5890484570112,92.18631951923078,0.0
0,1,4768,5891913229860,92.20867810152494,5.652277485700582e-41
0,0,4769,5892650949120,92.2202234375,0.0
0,1,4769,5893045919092,92.22640473338592,5.627194243189168e-41
0,0,4770,5893787303936,92.23800743589744,0.0
0,1,4770,5894184005395,92.24421582962428,5.572963992619797e-41
0,0,4771,5894923829760,92.25579411057693,0.0
0,1,4771,5895316540014,92.2619400417856,5.673016702972589e-41
0,0,4772,5896055075328,92.27349814903846,0.0
0,1,4772,5896449385972,92.27966912641476,5.525600104525619e-41
0,0,4773,5896850002432,92.28593879006411,0.0
0,1,4773,5897587822955,92.29748571080917,5.537090751933082e-41
0,0,4774,5897986424832,92.30372384615384,0.0
0,1,4774,5898726534403,92.31530659059183,5.70748864519498e-41
0,0,4775,5899122677760,92.32150625,0.0
0,1,4775,5899865031345,92.33312411334698,5.496453096467662e-41
0,0,4776,5900264876544,92.33938170673078,0.0
0,1,4776,5901003582006,92.35094247680664,5.574505420930555e-41
0,0,4777,5901742787072,92.36251106570514,0.0
0,1,4777,5902136392103,92.36867100020972,5.576186979087745e-41
0,0,4778,5902878973952,92.38029243589745,0.0
0,1,4778,5903963252710,92.3972614419008,5.602251130524186e-41
0,0,4779,5904362081280,92.403503125,0.0
0,1,4779,5905101477746,92.41507470931616,5.688711245773027e-41
0,0,4780,5905498023936,92.42128067307692,0.0
0,1,4780,5905895465132,92.42750064371745,5.626213334264141e-41
0,0,4781,5906634442240,92.4390656650641,0.0
0,1,4781,5907028281867,92.44522927100549,5.51831335251113e-41
0,0,4782,5907770310656,92.45684205128205,0.0
0,1,4782,5908166693297,92.46304545549442,5.568900227073256e-41
0,0,4783,5908905819648,92.4746128125,0.0
0,1,4783,5909299391239,92.48077222366724,5.561052955673037e-41
0,0,4784,5910041446400,92.49238541666666,0.0
0,1,4784,5910782188276,92.50397805670323,5.658022809404314e-41
0,0,4785,5911519268352,92.51551338942308,0.0
0,1,4785,5912259330731,92.52709539530437,5.511026600496641e-41
0,0,4786,5912655199232,92.53329075320514,0.0
0,1,4786,5913392598577,92.54483108249762,5.589219054805965e-41
0,0,4787,5914138229248,92.5565002323718,0.0
0,1,4787,5914531032495,92.56264761892466,5.603232039449214e-41
0,0,4788,5915268250112,92.57418510416667,0.0
0,1,4788,5915663993654,92.58037850645408,5.628315281960628e-41
0,0,4789,5916062267392,92.58661150641026,0.0
0,1,4789,5916802111669,92.5981900989865,5.431292717876558e-41
0,0,4790,5917198081024,92.60438703525641,0.0
0,1,4790,5917940378187,92.61600401559683,5.609537882538675e-41
0,0,4791,5918339501056,92.62225030448718,0.0
0,1,4791,5919078743524,92.63381947872847,5.531765817768648e-41
0,0,4792,5919475496448,92.64002867788462,0.0
0,1,4792,5920217017724,92.65163351556241,5.561052955673037e-41
0,0,4793,5920957919232,92.66322865384616,0.0
0,1,4793,5921699684695,92.67483731306028,5.674698261129779e-41
0,0,4794,5922440292864,92.68642786057693,0.0
0,1,4794,5922837824753,92.69264925056653,5.547460360569086e-41
0,0,4795,5923234466816,92.6988567147436,0.0
0,1,4795,5923975848041,92.71045936061762,5.560492436287307e-41
0,0,4796,5924375653888,92.71671633814103,0.0
0,1,4796,5925114370051,92.72827727568797,5.544377503947571e-41
0,0,4797,5925511472128,92.73449193910257,0.0
0,1,4797,5926252515234,92.7460892934007,5.600149182827699e-41
0,0,4798,5926652921344,92.7523556650641,0.0
0,1,4798,5927046463709,92.75851461884328,5.565256851066011e-41
0,0,4799,5927788621824,92.77012942307692,0.0
0,1,4799,5928184598119,92.77632646795811,5.684507350380053e-41
0,0,4800,5928924718080,92.787909375,0.0
0,1,4800,5929322689533,92.79413764418382,5.638684890596631e-41
0,0,4801,5930060255232,92.80568057692308,0.0
0,1,4801,5930799938488,92.81725664951422,5.500096472474907e-41
0,0,4802,5931537458688,92.82879887019232,0.0
0,1,4802,5932277399917,92.84037898007124,5.531765817768648e-41
0,0,4803,5932673230848,92.84657375,0.0
0,1,4803,5933410611964,92.85811379400792,5.554747112583575e-41
0,0,4804,5934150959616,92.86970026442307,0.0
0,1,4804,5934549111411,92.87593135596643,5.508924652800153e-41
0,0,4805,5935286822912,92.88747657051282,0.0
0,1,4805,5935682274813,92.89366540860689,5.636582942900144e-41
0,0,4806,5936080969216,92.89990499198719,0.0
0,1,4806,5936820923763,92.91148531029334,5.625092295492681e-41
0,0,4807,5937216633856,92.91767818910256,0.0
0,1,4807,5937954096881,92.92921951498961,5.709590592891467e-41
0,0,4808,5938352388096,92.93545278846155,0.0
0,1,4808,5938748158522,92.94164661148463,5.752330196053374e-41
0,0,4809,5939488029696,92.953225625,0.0
0,1,4809,5940225686010,92.96476997586764,5.620888400099706e-41
0,0,4810,5940965552128,92.97634891025642,0.0
0,1,4810,5941703082923,92.98789129674667,5.590760483116723e-41
0,0,4811,5942101006336,92.99411881410256,0.0
0,1,4811,5942841414471,93.0057062310791,5.64653216199685e-41
0,0,4812,5943242073600,93.0119765625,0.0
0,1,4812,5943979608799,93.02351901791305,5.698099945484004e-41
0,0,4813,5944377804800,93.02975080128205,0.0
0,1,4813,5945117981815,93.04133460122134,5.674137741744049e-41
0,0,4814,5945513559552,93.04752540865385,0.0
0,1,4814,5946250736097,93.05906225111741,5.57198308369477e-41
0,0,4815,5946649687040,93.06530584935898,0.0
0,1,4815,5947044552981,93.07148551715558,5.76171889576435e-41
0,0,4816,5947785314816,93.08307846955128,0.0
0,1,4816,5948182752945,93.08929839219314,5.587117107109478e-41
0,0,4817,5948921357824,93.10085758814103,0.0
0,1,4817,5949315111969,93.10701985628569,5.575626459702015e-41
0,0,4818,5950057477120,93.11863790064103,0.0
0,1,4818,5950797110785,93.13021319713104,5.593282820352507e-41
0,0,4819,5951534556672,93.1417542548077,0.0
0,1,4819,5951929220970,93.14793076688326,5.671475274661832e-41
0,0,4820,5952670145024,93.15952625801282,0.0
0,1,4820,5953067340019,93.16574237559783,5.693335530705299e-41
0,0,4821,5953805748736,93.17729850160256,0.0
0,1,4821,5954200003687,93.18346860738119,5.684507350380053e-41
0,0,4822,5954941505536,93.19507314102565,0.0
0,1,4822,5955337963504,93.20127772410858,5.583894120641531e-41
0,0,4823,5956077373952,93.21284952724359,0.0
0,1,4823,5956470299996,93.21899883557442,5.665309561418803e-41
0,0,4824,5957208093696,93.23054533653847,0.0
0,1,4824,5957602878137,93.2367237288568,5.674698261129779e-41
0,0,4825,5958002528768,93.2429782772436,0.0
0,1,4825,5958741475938,93.25454283005935,5.605333987145701e-41
0,0,4826,5959138191872,93.26075145032051,0.0
0,1,4826,5959880008689,93.27236091322679,5.534988804236595e-41
0,0,4827,5960279817728,93.27861794070513,0.0
0,1,4827,5961018176368,93.2901732830028,5.57086204492331e-41
0,0,4828,5961756949504,93.30173511217949,0.0
0,1,4828,5962150885617,93.30790022813063,5.580250744634287e-41
0,0,4829,5962892602880,93.31950813301282,0.0
0,1,4829,5963289289844,93.32571629989233,5.47655465827425e-41
0,0,4830,5964028374016,93.33728299679487,0.0
0,1,4830,5964421943286,93.34344237163837,5.646952551536148e-41
0,0,4831,5965164043264,93.35505626602564,0.0
0,1,4831,5965560150899,93.36125536638309,5.576607368627042e-41
0,0,4832,5965958154752,93.36748414262821,0.0
0,1,4832,5966698318084,93.37906772842798,5.491688681688958e-41
0,0,4833,5967098809344,93.38533543269232,0.0
0,1,4833,5967836418210,93.39687904099685,5.645411123225391e-41
0,0,4834,5968234387968,93.40310728365385,0.0
0,1,4834,5968630320602,93.40930364523864,5.651716966314852e-41
0,0,4835,5969369882624,93.42087782051283,0.0
0,1,4835,5969763249467,93.42703402736566,5.53078490884362e-41
0,0,4836,5970852314624,93.44407794070513,0.0
0,1,4836,5971246340919,93.4502444680082,5.549001788879843e-41
0,0,4837,5971987816448,93.4618485897436,0.0
0,1,4837,5972729528615,93.47345641487317,5.609537882538675e-41
0,0,4838,5973128986112,93.47970794070513,0.0
0,1,4838,5973867961025,93.49127292769995,5.64653216199685e-41
0,0,4839,5974264870400,93.49748457532051,0.0
0,1,4839,5975006317102,93.50908824591221,5.458337778238027e-41
0,0,4840,5975406249984,93.51534721153847,0.0
0,1,4840,5975800072559,93.52151055061536,5.546479451644058e-41
0,0,4841,5976542424576,93.53312838942308,0.0
0,1,4841,5976938475274,93.5393265987142,5.573524512005527e-41
0,0,4842,5977678505472,93.55090810096154,0.0
0,1,4842,5978071217784,93.55705406437801,5.584454640027261e-41
0,0,4843,5978467220992,93.56325153044872,0.0
0,1,4843,5979209448981,93.57486742821327,5.579830355094989e-41
0,0,4844,5979608155136,93.58110719551283,0.0
0,1,4844,5980348209078,93.59268906935472,5.512007509421668e-41
0,0,4845,5981085402624,93.60422617788461,0.0
0,1,4845,5981825648505,93.61581105557956,5.504720757407179e-41
0,0,4846,5982568060416,93.62742983173077,0.0
0,1,4846,5982964128498,93.63362831308218,5.47767569704571e-41
0,0,4847,5983708423680,93.6452765625,0.0
0,1,4847,5984102581924,93.6514451548102,5.531765817768648e-41
0,0,4848,5984502685184,93.65770678685898,0.0
0,1,4848,5985241121855,93.66926335034493,5.577728407398502e-41
0,0,4849,5985638425088,93.67548116185898,0.0
0,1,4849,5986379884473,93.68708503094012,5.554186593197845e-41
0,0,4850,5986779862016,93.69334469551282,0.0
0,1,4850,5987174175474,93.69951571692833,5.412935707993903e-41
0,0,4851,5987915871744,93.71112329326924,0.0
0,1,4851,5988312845989,93.7173359561079,5.540173608554597e-41
0,0,4852,5989057422848,93.72898861378205,0.0
0,1,4852,5989451604534,93.73515757296049,5.493790629385445e-41
0,0,4853,5990193742848,93.74677206730769,0.0
0,1,4853,5990590426037,93.7529801751083,5.522517247904104e-41
0,0,4854,5991330117632,93.76455637820513,0.0
0,1,4854,5992067775368,93.77610075132712,5.550122827651303e-41
0,0,4855,5992807576576,93.7876786698718,0.0
0,1,4855,5993200796913,93.79383258389987,5.607856324381485e-41
0,0,4856,5993938378752,93.80537576923078,0.0
0,1,4856,5994333785723,93.81156390416855,5.575065940316285e-41
0,0,4857,5995074701824,93.82315927083333,0.0
0,1,4857,5995471995904,93.82937693910257,5.560492436287307e-41
0,0,4858,5995869459968,93.8355972676282,0.0
0,1,4858,5996610409898,93.8471931637182,5.621448919485436e-41
0,0,4859,5997011602432,93.85347184294872,0.0
0,1,4859,5997749055803,93.86501301775027,5.544377503947571e-41
0,0,4860,5998147952640,93.87125576923077,0.0
0,1,4860,5998543177337,93.87744105157314,5.458898297623757e-41
0,0,4861,5999283855360,93.8890326923077,0.0
0,1,4861,6000026301539,93.90065200475449,5.635602033975117e-41
0,0,4862,6000425074688,93.90689282051282,0.0
0,1,4862,6001164996092,93.9184726201297,5.624111386567653e-41
0,0,4863,6001902041088,93.93000740384616,0.0
0,1,4863,6002298481528,93.93621171261519,5.613601648085217e-41
0,0,4864,6003038360064,93.94779084134616,0.0
0,1,4864,6003431983856,93.95395106946114,5.532326337154378e-41
0,0,4865,6004174221824,93.96556712339743,0.0
0,1,4865,6004570909816,93.97177530636519,5.574505420930555e-41
0,0,4866,6005309666816,93.98333688301283,0.0
0,1,4866,6005704029686,93.98950867772811,5.521956728518374e-41
0,0,4867,6006103925760,93.9957670673077,0.0
0,1,4867,6006842403700,94.00732427665515,5.618926582249651e-41
0,0,4868,6007239886848,94.01354490384615,0.0
0,1,4868,6007981040408,94.0251439867538,5.593843339738237e-41
0,0,4869,6008381018624,94.03140366185897,0.0
0,1,4869,6008775022170,94.03756983313927,5.530224389457891e-41
0,0,4870,6009516750336,94.04917790865385,0.0
0,1,4870,6010257843766,94.0607760505246,5.542836075636814e-41
0,0,4871,6010999480320,94.0723826923077,0.0
0,1,4871,6011396504552,94.07859613744492,5.364590910974697e-41
0,0,4872,6012135034368,94.09015415865385,0.0
0,1,4872,6012873798577,94.10171584812262,5.479777644742197e-41
0,0,4873,6013270436352,94.10792324519231,0.0
0,1,4873,6013667845873,94.11414272011781,5.486503877370956e-41
0,0,4874,6014405627904,94.12568903846154,0.0
0,1,4874,6014801140324,94.1318788236804,5.533867765465135e-41
0,0,4875,6015541253632,94.14346162660257,0.0
0,1,4875,6015934207940,94.14961137726613,5.51831335251113e-41
0,0,4876,6016671875072,94.1611558974359,0.0
0,1,4876,6017067262266,94.16734372286284,5.585996068338018e-41
0,0,4877,6017466077696,94.17358520032052,0.0
0,1,4877,6018205602521,94.18515879346016,5.564696331680281e-41
0,0,4878,6018601482240,94.19135432692308,0.0
0,1,4878,6019343708778,94.20297020197943,5.513128548193128e-41
0,0,4879,6019742602240,94.20921290064103,0.0
0,1,4879,6020826344016,94.22617350285456,5.506822705103666e-41
0,0,4880,6021913021952,94.24318005608974,0.0
0,1,4880,6022308968499,94.24937663541354,5.47767569704571e-41
0,0,4881,6023048229888,94.26094610576924,0.0
0,1,4881,6023786443778,94.2724991827236,5.650175538004095e-41
0,0,4882,6024183315968,94.27871024839745,0.0
0,1,4882,6024925034408,94.29031817169972,5.64597164261112e-41
0,0,4883,6025324206080,94.29656522435897,0.0
0,1,4883,6026063799095,94.30813988467486,5.552645164887088e-41
0,0,4884,6026460134400,94.31434254807692,0.0
0,1,4884,6026857717883,94.3205647455147,5.655920861707827e-41
0,0,4885,6027595960832,94.3321182772436,0.0
0,1,4885,6027990646252,94.3382951198793,5.693896050091029e-41
0,0,4886,6028732004864,94.34989741185898,0.0
0,1,4886,6029129089394,94.35611180066232,5.482860501363712e-41
0,0,4887,6030214722560,94.37310200320513,0.0
0,1,4887,6030955975605,94.38470264305703,5.61206021977446e-41
0,0,4888,6032391707136,94.40717189903846,0.0
0,1,4888,6033133011064,94.41877333521134,5.544377503947571e-41
0,0,4889,6033874327552,94.43037496794872,0.0
0,1,4889,6034615841402,94.44197968940931,5.630837619196412e-41
0,0,4890,6035357439488,94.45358572916668,0.0
0,1,4890,6036098861161,94.46518900805351,5.55166425596206e-41
0,0,4891,6036498966016,94.47145066506411,0.0
0,1,4891,6036892871599,94.47761530321952,5.481319073052954e-41
0,0,4892,6037634562048,94.48922278846155,0.0
0,1,4892,6038031160124,94.49542956424028,5.635602033975117e-41
0,0,4893,6038770212352,94.50699576121795,0.0
0,1,4893,6039163997870,94.51315852035131,5.655920861707827e-41
0,0,4894,6039906043904,94.52477157051283,0.0
0,1,4894,6040646924970,94.53636638887846,5.565677240605308e-41
0,0,4895,6041389348352,94.54798534455128,0.0
0,1,4895,6041785446967,94.55418430374537,5.577167888012772e-41
0,0,4896,6042873138176,94.5712067147436,0.0
0,1,4896,6043612963962,94.58278501793495,5.529803999918593e-41
0,0,4897,6044009349632,94.58898846955128,0.0
0,1,4897,6044751524392,94.60060353427986,5.490147253378201e-41
0,0,4898,6045491975168,94.61219161858975,0.0
0,1,4898,6045889997757,94.61842068805402,5.613601648085217e-41
0,0,4899,6046286224384,94.62462165064103,0.0
0,1,4899,6047028566335,94.63623933191545,5.540734127940327e-41
0,0,4900,6047427422208,94.6424814423077,0.0
0,1,4900,6048167064305,94.65405687075884,5.540173608554597e-41
0,0,4901,6048562721792,94.66024892628205,0.0
0,1,4901,6049300290141,94.67179190049391,5.638684890596631e-41
0,0,4902,6049698412032,94.67802252403847,0.0
0,1,4902,6050438679034,94.68960773227789,5.63237904750717e-41
0,0,4903,6051180657152,94.70121971955129,0.0
0,1,4903,6051921425895,94.71281278005748,5.735094224942179e-41
0,0,4904,6052663129088,94.72442046474359,0.0
0,1,4904,6053404348368,94.73602057617188,5.580250744634287e-41
0,0,4905,6053804093440,94.7422766025641,0.0
0,1,4905,6054542647154,94.7538349977777,5.593843339738237e-41
0,0,4906,6054939677696,94.76004854166666,0.0
0,1,4906,6055681115890,94.77165207910782,5.509485172185883e-41
0,0,4907,6056081293312,94.77791487179488,0.0
0,1,4907,6056819417768,94.78946654910357,5.575626459702015e-41
0,0,4908,6057216889856,94.79568700320513,0.0
0,1,4908,6057613456361,94.80189328489647,5.542275556251084e-41
0,0,4909,6058352492032,94.8134592227564,0.0
0,1,4909,6058746356573,94.8196232186029,5.562594383983794e-41
0,0,4910,6059487982592,94.83122969551282,0.0
0,1,4910,6059884888313,94.83744128594815,5.572963992619797e-41
0,0,4911,6061663529472,94.86527709134616,0.0
0,1,4911,6062056786832,94.87143158478565,5.635041514589387e-41
0,0,4912,6062798985728,94.88304702724359,0.0
0,1,4912,6063884451301,94.90003460694925,5.63350008627863e-41
0,0,4913,6064281251840,94.90624455128206,0.0
0,1,4913,6064678641959,94.91246372256548,5.634480995203657e-41
0,0,4914,6065417018880,94.92401935096154,0.0
0,1,4914,6065811630242,94.93019503458659,5.724724616306175e-41
0,0,4915,6066552543232,94.94179035256411,0.0
0,1,4915,6066950359605,94.94801619473971,5.534428284850865e-41
0,0,4916,6067688546304,94.95956884615384,0.0
0,1,4916,6068083287975,94.96574656911997,5.630277099810683e-41
0,0,4917,6068482534400,94.97199479166667,0.0
0,1,4917,6069221945646,94.98356660729041,5.532326337154378e-41
0,0,4918,6069959074304,94.99510270032052,0.0
0,1,4918,6070699395845,95.00668876209748,5.654379433397069e-41
0,0,4919,6071440919552,95.01829363782052,0.0
0,1,4919,6072182377201,95.02989747973321,5.504160238021449e-41
0,0,4920,6072923213312,95.04149159455129,0.0
0,1,4920,6073664503548,95.05309281644381,5.642328266603876e-41
0,0,4921,6074064094720,95.05934643429488,0.0
0,1,4921,6074802191987,95.07089768609463,5.583894120641531e-41
0,0,4922,6075199474688,95.07711517628205,0.0
0,1,4922,6075940364830,95.08871013668745,5.599588663441969e-41
0,0,4923,6076340672512,95.09497496794872,0.0
0,1,4923,6077078554555,95.10652285148426,5.603232039449214e-41
0,0,4924,6077476414976,95.11274938301283,0.0
0,1,4924,6078216849209,95.12433720842411,5.514669976503885e-41
0,0,4925,6078617560064,95.13060834935898,0.0
0,1,4925,6079010748022,95.1367617566544,5.589219054805965e-41
0,0,4926,6079748004864,95.14829985576924,0.0
0,1,4926,6080488069713,95.15988190030612,5.550122827651303e-41
0,0,4927,6081225391616,95.1714210176282,0.0
0,1,4927,6081620744121,95.1776083001709,5.51831335251113e-41
0,0,4928,6082361304576,95.18919810096155,0.0
0,1,4928,6083103489464,95.20081332419372,5.390094543025409e-41
0,0,4929,6083502742528,95.20706165064102,0.0
0,1,4929,6084241873226,95.21862907567734,5.536530232547352e-41
0,0,4930,6084638784000,95.22484074519231,0.0
0,1,4930,6085035910796,95.23105579546024,5.531765817768648e-41
0,0,4931,6085774564864,95.24261576121795,0.0
0,1,4931,6086169269757,95.2487929086069,5.455254921616513e-41
0,0,4932,6086910366208,95.26039109775641,0.0
0,1,4932,6087307867047,95.26661200181228,5.640226318907389e-41
0,0,4933,6087704587264,95.27282068910257,0.0
0,1,4933,6088446646581,95.28443394714355,5.559931916901577e-41
0,0,4934,6088845981184,95.29068354967949,0.0
0,1,4934,6089585292506,95.30225380148863,5.70748864519498e-41
0,0,4935,6089981664768,95.30845704326923,0.0
0,1,4935,6090723596915,95.32006831109463,5.624111386567653e-41
0,0,4936,6091464246784,95.33165951121795,0.0
0,1,4936,6092550389430,95.34865768714319,5.650175538004095e-41
0,0,4937,6092946468864,95.35485634615385,0.0
0,1,4937,6093688571960,95.36647028933794,5.540173608554597e-41
0,0,4938,6094087895552,95.37271971955128,0.0
0,1,4938,6094482262386,95.37889157630333,5.5177528331254e-41
0,0,4939,6095223756800,95.39049599358975,0.0
0,1,4939,6095620539164,95.39670565348308,5.596505806820454e-41
0,0,4940,6096359726592,95.40827396634616,0.0
0,1,4940,6096753076364,95.41442990603716,5.636582942900144e-41
0,0,4941,6097490270208,95.42596701923077,0.0
0,1,4941,6097885656062,95.43215482368664,5.568900227073256e-41
0,0,4942,6098284453376,95.43839601762821,0.0
0,1,4942,6099023843221,95.44996749832545,5.570441655384013e-41
0,0,4943,6099761412608,95.46151048878205,0.0
0,1,4943,6101879049399,95.49465158940242,5.545918932258329e-41
0,0,4944,6102278844416,95.50090839743591,0.0
0,1,4944,6103017727081,95.51247194074583,5.578709316323529e-41
0,0,4945,6103755632128,95.52402018429487,0.0
0,1,4945,6104839690867,95.54098574699206,5.524058676214861e-41
0,0,4946,6105237800960,95.54721618589744,0.0
0,1,4946,6105978392625,95.55880647512583,5.577167888012772e-41
0,0,4947,6106378975744,95.56507561698719,0.0
0,1,4947,6107117451192,95.57663278733474,5.585996068338018e-41
0,0,4948,6107514302464,95.58284352564102,0.0
0,1,4948,6108255935334,95.59445010976938,5.457356869313e-41
0,0,4949,6108655315968,95.6007004326923,0.0
0,1,4949,6109394315511,95.61226580514762,5.671475274661832e-41
0,0,4950,6109790850048,95.61847158653846,0.0
0,1,4950,6110532635259,95.63008055480957,5.585575678798721e-41
0,0,4951,6111273326592,95.64167240384616,0.0
0,1,4951,6112015725177,95.65329097144495,5.599588663441969e-41
0,0,4952,6112755641344,95.66487068910257,0.0
0,1,4952,6113148580343,95.67102020017967,5.493230109999715e-41
0,0,4953,6113885542912,95.68255369391026,0.0
0,1,4953,6114281489780,95.68875027825771,5.624111386567653e-41
0,0,4954,6115021076480,95.70032483974359,0.0
0,1,4954,6115414610664,95.70648366548978,5.564696331680281e-41
0,0,4955,6116156517888,95.71809454326923,0.0
0,1,4955,6116553263224,95.72430362367288,5.576186979087745e-41
0,0,4956,6117292263936,95.73586901442307,0.0
0,1,4956,6117686678520,95.74204161846454,5.675679170054807e-41
0,0,4957,6118086789120,95.74830336538461,0.0
0,1,4957,6118825896313,95.75987042256673,5.609958272077973e-41
0,0,4958,6119222640640,95.7660794871795,0.0
0,1,4958,6119964538150,95.77769021293444,5.698099945484004e-41
0,0,4959,6120364078592,95.78394303685897,0.0
0,1,4959,6121447392026,95.80089693550306,5.567218668916066e-41
0,0,4960,6122188798464,95.81249997596154,0.0
0,1,4960,6122930186480,95.82410272811498,5.433815055112343e-41
0,0,4961,6123330354176,95.83036536858975,0.0
0,1,4961,6123724127802,95.83652794161283,5.493230109999715e-41
0,0,4962,6124465858560,95.84813605769232,0.0
0,1,4962,6124862664679,95.85434608935235,5.543816984561841e-41
0,0,4963,6125601869824,95.86591467948718,0.0
0,1,4963,6125995348799,95.87207264121031,5.626633723803438e-41
0,0,4964,6126390776832,95.87826110576923,0.0
0,1,4964,6127128310962,95.88980354445238,5.587117107109478e-41
0,0,4965,6127526601728,95.89603681089744,0.0
0,1,4965,6128266952806,95.90762333492964,5.483841410288739e-41
0,0,4966,6128667745280,95.91389575320513,0.0
0,1,4966,6129060949925,95.92004942165278,5.460439725934515e-41
0,0,4967,6129798150656,95.9315866426282,0.0
0,1,4967,6130538307441,95.94317012596717,5.526160623911349e-41
0,0,4968,6131275219456,95.95470282852564,0.0
0,1,4968,6132016130355,95.96629811377892,5.587117107109478e-41
0,0,4969,6132416476672,95.97256354967949,0.0
0,1,4969,6133154738890,95.984117382969,5.675118650669077e-41
0,0,4970,6133893970432,95.99568638621795,0.0
0,1,4970,6134287328305,96.00184245268993,5.55110373657633e-41
0,0,4971,6134682756608,96.00803092147436,0.0
0,1,4971,6135420228029,96.01957237875914,5.634480995203657e-41
0,0,4972,6135818513920,96.02580556891026,0.0
0,1,4972,6136214082292,96.03199622978015,5.525600104525619e-41
0,0,4973,6136954031104,96.04357645833333,0.0
0,0,4974,6138068313600,96.06101502403847,0.0
0,1,4974,6138463747454,96.06720357969627,5.472350762881276e-41
0,0,4975,6138862427648,96.07344294070514,0.0
0,1,4975,6139602200828,96.08502042061048,5.480758553667225e-41
0,0,4976,6140339240960,96.09655512820513,0.0
0,1,4976,6141079797474,96.10814486731897,5.506822705103666e-41
0,0,4977,6141480029184,96.11440850961539,0.0
0,1,4977,6142218101875,96.12595937679976,5.583894120641531e-41
0,0,4978,6142615491584,96.13217854166668,0.0
0,1,4978,6143356380659,96.14377348537347,5.5725436030805e-41
0,0,4979,6143756890624,96.1500414823718,0.0
0,1,4979,6144494539665,96.16158571941669,5.575065940316285e-41
0,0,4980,6144892602368,96.16781541666667,0.0
0,1,4980,6145632673582,96.17939756081606,5.724164096920445e-41
0,0,4981,6146028766720,96.18559643429488,0.0
0,1,4981,6146426777706,96.19182532217172,5.507383224489396e-41
0,0,4982,6147164627968,96.20337270833333,0.0
0,1,4982,6147560079841,96.20956154598922,5.665309561418803e-41
0,0,4983,6147958696960,96.2157999198718,0.0
0,1,4983,6148698770800,96.2273821051182,5.622009438871166e-41
0,0,4984,6149099630080,96.23365556891027,0.0
0,1,4984,6149837558006,96.24520417051657,5.576186979087745e-41
0,0,4985,6150235365888,96.2514298798077,0.0
0,1,4985,6150976030889,96.26302131674743,5.606314896070728e-41
0,0,4986,6151718558720,96.27464190705129,0.0
0,1,4986,6152459049607,96.28623061909994,5.532886856540108e-41
0,0,4987,6153543593472,96.30320377403847,0.0
0,1,4987,6153936872035,96.30935859930577,5.705386697498493e-41
0,0,4988,6154674055680,96.32089555288462,0.0
0,1,4988,6155070399444,96.32709834867038,5.532326337154378e-41
0,0,4989,6155809769984,96.3386695272436,0.0
0,1,4989,6156204134717,96.34484135111491,5.619346971788949e-41
0,0,4990,6156945720320,96.35644719551283,0.0
0,1,4990,6157343066349,96.36266567678598,5.576186979087745e-41
0,0,4991,6157740209152,96.3688809775641,0.0
0,1,4991,6158481912957,96.38048867182805,5.518733742050427e-41
0,0,4992,6158881539072,96.38674283653846,0.0
0,1,4992,6159620559890,96.39830854194837,5.569881135998283e-41
0,0,4993,6160017119744,96.40451471955129,0.0
0,1,4993,6160759153065,96.41612757075383,5.598047235131212e-41
0,0,4994,6161499716096,96.42771741185898,0.0
0,1,4994,6161897719101,96.43394617483285,5.593282820352507e-41
0,0,4995,6162635426816,96.4454913301282,0.0
0,1,4995,6163375211252,96.45706898619041,5.469267906259761e-41
0,0,4996,6163771260928,96.46326717948718,0.0
0,1,4996,6164513823387,96.47488831172063,5.587117107109478e-41
0,0,4997,6164912817152,96.4811325801282,0.0
0,1,4997,6165307944420,96.48731633770282,5.627194243189168e-41
0,0,4998,6166048668672,96.49890870192309,0.0
0,1,4998,6166446559094,96.5051357029685,5.581371783405746e-41
0,0,4999,6167184585216,96.51668584134616,0.0
0,1,4999,6167579674352,96.52286900215344,5.627194243189168e-41
0,0,5000,6167979137536,96.52912061698719,0.0
0,1,5000,6168718249589,96.5406877502285,5.567779188301796e-41
0,0,5001,6169115430400,96.54690364583334,0.0
0,1,5001,6170201571955,96.56390180468438,5.625092295492681e-41
0,0,5002,6170939593216,96.57545186698718,0.0
0,1,5002,6171679232566,96.58702725244767,5.633920475817927e-41
0,0,5003,6172075679232,96.59323165865385,0.0
0,1,5003,6172817755072,96.60484517528045,5.503739848482152e-41
0,0,5004,6173558811648,96.61644274038461,0.0
0,1,5004,6174300324278,96.62804744275216,5.603232039449214e-41
0,0,5005,6174700366336,96.63430811698719,0.0
0,1,5005,6175438789439,96.6458644681334,5.581371783405746e-41
0,0,5006,6175836186624,96.65208375,0.0
0,1,5006,6176577148647,96.66367983534593,5.610518791463703e-41
0,0,5007,6176977792512,96.66994992788462,0.0
0,1,5007,6177370977839,96.67610329400479,5.679322546062051e-41
0,0,5008,6178108449280,96.68764475160256,0.0
0,1,5008,6178503799178,96.69383199334561,5.5177528331254e-41
0,0,5009,6179243988480,96.70541598557692,0.0
0,1,5009,6179636995312,96.71156655824319,5.508924652800153e-41
0,0,5010,6180374360576,96.72310635416667,0.0
0,1,5010,6181114354381,96.73468728686211,5.488605825067444e-41
0,0,5011,6181851587584,96.74622501602565,0.0
0,1,5011,6182591856292,96.75781025096404,5.601130091752726e-41
0,0,5012,6182987904000,96.76400841346154,0.0
0,1,5012,6183730556471,96.7756309543864,5.61318125854592e-41
0,0,5013,6184130130432,96.78188430288462,0.0
0,1,5013,6184869095863,96.79344914148575,5.533867765465135e-41
0,0,5014,6185266434560,96.79966750801282,0.0
0,1,5014,6185663122677,96.80587569293682,5.588098016034506e-41
0,0,5015,6186402903040,96.81745328525642,0.0
0,1,5015,6186795990139,96.82360511410444,5.630277099810683e-41
0,0,5016,6187533954560,96.83515428685898,0.0
0,1,5016,6187929315316,96.84134169853016,5.643869694914633e-41
0,0,5017,6188328537600,96.84758954326924,0.0
0,1,5017,6189068089212,96.85916355562651,5.566237759991038e-41
0,0,5018,6189464497664,96.86536736378206,0.0
0,1,5018,6190550792057,96.88236791455391,5.593282820352507e-41
0,0,5019,6190947790336,96.88858095352565,0.0
0,1,5019,6191689312506,96.90018580519457,5.543816984561841e-41
0,0,5020,6192431237120,96.91179695512821,0.0
0,1,5020,6192827619494,96.91800035516201,5.581371783405746e-41
0,0,5021,6193566878720,96.92956979166667,0.0
0,1,5021,6193960381971,96.93572813331018,5.549001788879843e-41
0,0,5022,6194702481408,96.94734201923077,0.0
0,1,5022,6195098701744,96.95354288336338,5.638684890596631e-41
0,0,5023,6195496925184,96.95977509615385,0.0
0,1,5023,6196236930874,96.97135621485002,5.610518791463703e-41
0,0,5024,6196632855552,96.97755245192307,0.0
0,1,5024,6197375324873,96.9891721265431,5.546899841183356e-41
0,0,5025,6197774353408,96.99541693910257,0.0
0,1,5025,6198513734766,97.00698828697791,5.719399682141741e-41
0,0,5026,6198910738432,97.01320141025641,0.0
0,1,5026,6199652430842,97.02480892618816,5.585996068338018e-41
0,0,5027,6200394390016,97.03642061698719,0.0
0,1,5027,6201135558634,97.04801993555314,5.525039585139889e-41
0,0,5028,6201877347840,97.05962896634615,0.0
0,1,5028,6202257819924,97.06558336970403,5.595945287434724e-41
0,0,5029,6202997414400,97.07715805288461,0.0
0,1,5029,6203734702306,97.0886966381523,5.576607368627042e-41
0,0,5030,6204133827072,97.09494295673078,0.0
0,1,5030,6204873083509,97.10651234958746,5.562594383983794e-41
0,0,5031,6205270669824,97.11273459134615,0.0
0,1,5031,6206011446776,97.12432778032353,5.572963992619797e-41
0,0,5032,6206412535808,97.1306048397436,0.0
0,1,5032,6207155107262,97.14222611274916,5.736075133867206e-41
0,0,5033,6207554217472,97.14847220352564,0.0
0,1,5033,6207949018871,97.15465086123736,5.521956728518374e-41
0,0,5034,6208690828800,97.16626021634616,0.0
0,1,5034,6209087518843,97.17246843141214,5.582913211716504e-41
0,0,5035,6209826987008,97.18404113782051,0.0
0,1,5035,6210565312098,97.19559595505935,5.566237759991038e-41
0,0,5036,6211304739328,97.20716802083334,0.0
0,1,5036,6212042953259,97.21872109842937,5.511446990035938e-41
0,0,5037,6212782342656,97.23029257211539,0.0
0,1,5037,6213176066966,97.2364543733411,5.556288540894332e-41
0,0,5038,6213918877184,97.24807938301282,0.0
0,1,5038,6214659551601,97.25967096731333,5.540173608554597e-41
0,0,5039,6215055165952,97.26586234775641,0.0
0,1,5039,6215792780019,97.27740603745681,5.609958272077973e-41
0,0,5040,6216191368192,97.28364395833334,0.0
0,1,5040,6216586898480,97.2898340231871,5.619346971788949e-41
0,0,5041,6217327050752,97.30141743589743,0.0
0,1,5041,6217720025525,97.30756750683906,5.599588663441969e-41
0,0,5042,6218457312256,97.31910607371795,0.0
0,1,5042,6218853243163,97.32530240827512,5.549001788879843e-41
0,0,5043,6219593249792,97.33688354166667,0.0
0,1,5043,6219986510477,97.34303808714256,5.538632180243839e-41
0,0,5044,6220723509760,97.35457215544872,0.0
0,1,5044,6221464225884,97.36616439246545,5.582352692330774e-41
0,0,5045,6221864997888,97.37243649038462,0.0
0,1,5045,6222602767349,97.38398261200734,5.55222477534779e-41
0,0,5046,6223342847488,97.39556489583333,0.0
0,1,5046,6224080538041,97.40710978254269,5.668952937426047e-41
0,0,5047,6224478973952,97.41334532051282,0.0
0,1,5047,6225219121501,97.42492865930802,5.603792558834943e-41
0,0,5048,6225614819840,97.43112135416666,0.0
0,1,5048,6226352220859,97.44266170965733,5.575065940316285e-41
0,0,5049,6226750473728,97.44889438301283,0.0
0,1,5049,6227146529274,97.45509266817534,5.566798279376768e-41
0,0,5050,6227886130688,97.4666674599359,0.0
0,1,5050,6228279670140,97.4728263681265,5.582913211716504e-41
0,0,5051,6229021882368,97.48444201923077,0.0
