node_id,message_transmitter_id,message_id,timestamp_bit,timestamp_seconds,clock_offset(not_used)
1,2,0,221613870019,3.4682659445581683,nan
1,1,0,222344017920,3.4796927884615387,0.0
1,2,1,223075285248,3.4911371514423077,nan
1,1,1,223806501888,3.5025807211538464,0.0
1,2,2,225209309954,3.5245347235889923,nan
1,1,2,225941943296,3.53600046474359,0.0
1,2,3,226674052152,3.547457997671274,nan
1,1,3,228076972032,3.5694137500000003,0.0
1,2,4,228808240194,3.580858126032903,nan
1,1,4,229539077120,3.5922957532051285,0.0
1,2,5,230272561525,3.603774813529773,nan
1,1,5,231679546880,3.625794190705128,0.0
1,2,6,232412293974,3.6372617120830832,nan
1,1,6,233147399680,3.6487661458333336,0.0
1,2,7,233882233969,3.66026633189666,nan
1,1,7,234615213056,3.671737483974359,0.0
1,2,8,235346187182,3.6831772583320816,nan
1,1,8,236076760576,3.6946107612179486,0.0
1,2,9,236809940189,3.706085051535582,nan
1,1,9,238216162816,3.7280924919871796,0.0
1,2,10,238949326013,3.739566525393755,nan
1,1,10,240356064768,3.761582043269231,0.0
1,2,11,241761359234,3.7835749579639923,nan
1,1,11,243169220096,3.8056080368589744,0.0
1,2,12,243902758765,3.817087946417393,nan
1,1,12,245309995008,3.83911125,0.0
1,2,13,246045899595,3.850628186269907,nan
1,1,13,247450110464,3.872604142628205,0.0
1,2,14,248184760132,3.8841014393654847,nan
1,1,14,248917590016,3.8955702564102563,0.0
1,2,15,249649039488,3.9070174699519233,nan
1,1,15,251052455424,3.9289809855769233,0.0
1,2,16,251787470451,3.940484000197191,nan
1,1,16,252519804416,3.951945056089744,0.0
1,2,17,253252060594,3.9634048946126303,nan
1,1,17,253981867520,3.9748264022435897,0.0
1,2,18,254716053213,3.9863164377535307,nan
1,1,18,255449402368,3.9977933814102564,0.0
1,2,19,256185299456,4.009310200320513,nan
1,1,19,256916534784,4.0207540625,0.0
1,2,20,257649145145,4.032219444001027,nan
1,1,20,259056865792,4.054250328525641,0.0
1,2,21,259788056889,4.065693498488206,nan
1,1,21,260518596608,4.077126474358974,0.0
1,2,22,261253133929,4.088622012861203,nan
1,1,22,261985918464,4.1000901201923075,0.0
1,2,23,262717458856,4.111538756635617,nan
1,1,23,263447752192,4.122967876602564,0.0
1,2,24,264852997038,4.144960014742338,nan
1,1,24,265582837248,4.156382043269231,0.0
1,2,25,266318645470,4.167897471423027,nan
1,1,25,267050449408,4.179350232371795,0.0
1,2,26,267784470542,4.190837692526793,nan
1,1,26,269190937088,4.212848950320513,0.0
1,2,27,269925745659,4.224348733896109,nan
1,1,27,270658698240,4.235819471153846,0.0
1,2,28,272062273531,4.2577854806909805,nan
1,1,28,272793670656,4.269231875,0.0
1,2,29,273528189741,4.280727128108098,nan
1,1,29,274261355008,4.292201193910256,0.0
1,2,30,274994126422,4.3036690958971855,nan
1,1,30,275728683008,4.315164935897436,0.0
1,2,31,277136212035,4.3371928215613735,nan
1,1,31,277868914176,4.348659639423077,0.0
1,2,32,278601935733,4.360131456157978,nan
1,1,32,279336706048,4.371630641025641,0.0
1,2,33,280739118966,4.393578459378756,nan
1,1,33,281471451136,4.405039487179487,0.0
1,2,34,282201839807,4.416470099143004,nan
1,1,34,282932942848,4.427911891025641,0.0
1,2,35,283665023477,4.439368982199644,nan
1,1,35,284394420736,4.450784078525641,0.0
1,2,36,285127739693,4.462260549582457,nan
1,1,36,285861746688,4.473747788461538,0.0
1,2,37,287266874671,4.49573809769068,nan
1,1,37,287996174336,4.507151666666667,0.0
1,2,38,288732697694,4.518678286727514,nan
1,1,38,289463264768,4.530111690705128,0.0
1,2,39,290868162648,4.552098398813101,nan
1,1,39,291597674496,4.563515288461539,0.0
1,2,40,292332852119,4.57502084771572,nan
1,1,40,293737743360,4.597007451923077,0.0
1,2,41,295140182636,4.618955682779948,nan
1,1,41,295872415232,4.6304151522435895,0.0
1,2,42,296604757898,4.641876344307142,nan
1,1,42,297334199808,4.653292139423077,0.0
1,2,43,298070089917,4.6648088491117035,nan
1,1,43,298801780736,4.67625983974359,0.0
1,2,44,299535590392,4.687743990259415,nan
1,1,44,300269395456,4.699228068910257,0.0
1,2,45,301676036566,4.7212420586375705,nan
1,1,45,302409918464,4.73272733974359,0.0
1,2,46,303146579707,4.744256117710211,nan
1,1,46,303877449728,4.755694262820513,0.0
1,2,47,304612026904,4.767190425055088,nan
1,1,47,305345224192,4.7786649919871795,0.0
1,2,48,306077948747,4.790132160628882,nan
1,1,48,306812899328,4.801634166666667,0.0
1,2,49,308218360120,4.823629684369992,nan
1,1,49,308948095488,4.835050072115385,0.0
1,2,50,309681939562,4.846534761274289,nan
1,1,50,310415886848,4.858021065705128,0.0
1,2,51,311819918423,4.8799942161051435,nan
1,1,51,312551280640,4.891440064102564,0.0
1,2,52,313284834190,4.902920206549229,nan
1,1,52,314018758656,4.914406153846154,0.0
1,2,53,314750373560,4.925855956405249,nan
1,1,53,315480609792,4.9372841826923075,0.0
1,2,54,316216321002,4.9487980926044175,nan
1,1,54,317620974592,4.970780977564103,0.0
1,2,55,318357823944,4.982312699444111,nan
1,1,55,319088313344,4.993744887820513,0.0
1,2,56,319823600876,5.005252167154948,nan
1,1,56,320555894272,5.016712588141026,0.0
1,2,57,321959852278,5.038684587183243,nan
1,1,57,322691052544,5.050127900641026,0.0
1,2,58,323425739291,5.061625777666141,nan
1,1,58,324158543360,5.073094190705128,0.0
1,2,59,324891380546,5.084563122026492,nan
1,1,59,325625803264,5.09605686698718,0.0
1,2,60,327032843038,5.118077095822065,nan
1,1,60,327766259200,5.129555088141026,0.0
1,2,61,328498825805,5.1410197848589,nan
1,1,61,329233828352,5.152522604166667,0.0
1,2,62,329970075990,5.164044909198467,nan
1,1,62,330701335040,5.175489142628205,0.0
1,2,63,331430790803,5.186905154544146,nan
1,1,63,332163783168,5.198376514423077,0.0
1,2,64,333567245974,5.220340763565455,nan
1,1,64,334299856384,5.231806145833334,0.0
1,2,65,335033615802,5.243289510122446,nan
1,1,65,335767531008,5.2547753125000005,0.0
1,2,66,336499328228,5.266227968311799,nan
1,1,66,337229862400,5.277660857371795,0.0
1,2,67,337965024279,5.289166170231746,nan
1,1,67,338697724416,5.3006329567307695,0.0
1,2,68,339431059775,5.312109684479543,nan
1,1,68,340838349312,5.334133822115385,0.0
1,2,69,341572793620,5.345627904960437,nan
1,1,69,342305762816,5.35709890224359,0.0
1,2,70,343037556810,5.36855150756836,nan
1,1,70,343768022016,5.379983317307692,0.0
1,2,71,344501433213,5.391461231924204,nan
1,1,71,345235757568,5.4029534375,0.0
1,2,72,345971235456,5.4144636959134615,nan
1,1,72,347376248832,5.4364522115384615,0.0
1,2,73,348112888943,5.4479806587884365,nan
1,1,73,348843736064,5.459418445512821,0.0
1,2,74,349577525140,5.470902273950822,nan
1,1,74,350311427584,5.482387876602564,0.0
1,2,75,351046790322,5.493896332913913,nan
1,1,75,352451335680,5.515877524038462,0.0
1,2,76,353187783828,5.527402967059796,nan
1,1,76,353918438912,5.5388377483974365,0.0
1,2,77,354653403074,5.550339966978416,nan
1,1,77,355386093056,5.561806594551282,0.0
1,2,78,356118978775,5.573276285416041,nan
1,1,78,356853596160,5.584773076923077,0.0
1,2,79,357590332915,5.596303036655524,nan
1,1,79,358321458688,5.607745184294872,0.0
1,2,80,359055581978,5.619234243195363,nan
1,1,80,360462425600,5.64125140224359,0.0
1,2,81,361191783689,5.652665885557517,nan
1,1,81,361924783616,5.664137363782052,0.0
1,2,82,362658118708,5.675614087352264,nan
1,1,82,363392544768,5.687107884615385,0.0
1,2,83,364127715144,5.6986133304537265,nan
1,1,83,364860465152,5.710080897435898,0.0
1,2,84,365591779446,5.721525995436449,nan
1,1,84,366323257344,5.732973653846154,0.0
1,2,85,367725628016,5.754920811047676,nan
1,1,85,368458505728,5.766390376602565,0.0
1,2,86,369190012827,5.7778384920090895,nan
1,1,86,370594587648,5.799820144230769,0.0
1,2,87,371331531650,5.81135334738707,nan
1,1,87,372062884352,5.822799046474359,0.0
1,2,88,373468620645,5.8447988757793725,nan
1,1,88,374199175680,5.856232091346154,0.0
1,2,89,374929661595,5.867664225182167,nan
1,1,89,375661810176,5.879122379807693,0.0
1,2,90,376396105161,5.890614125741812,nan
1,1,90,377129579008,5.902093020833333,0.0
1,2,91,377862258400,5.913559482672276,nan
1,1,91,378597117440,5.925060056089744,0.0
1,2,92,380004148928,5.947080155248398,nan
1,1,92,380737813504,5.958562035256411,0.0
1,2,93,381465282050,5.969946947146685,nan
1,1,93,382200357376,5.981450905448718,0.0
1,2,94,383607619540,6.003474614696014,nan
1,1,94,384341242880,6.014955849358975,0.0
1,2,95,385077440218,6.026477367193761,nan
1,1,95,385809404928,6.03793264423077,0.0
1,2,96,386541348362,6.0493875882975265,nan
1,1,96,387272132096,6.060824383012821,0.0
1,2,97,388005314356,6.07229871475611,nan
1,1,97,388740153344,6.083798974358975,0.0
1,2,98,389474920528,6.095298110226362,nan
1,1,98,390881327104,6.11730842948718,0.0
1,2,99,391614323256,6.128779848632813,nan
1,1,99,392349083136,6.140278870192308,0.0
1,2,100,393080787266,6.151730069141877,nan
1,1,100,393811548672,6.163166514423077,0.0
1,2,101,394541891714,6.174596412290915,nan
1,1,101,395274412544,6.186060392628205,0.0
1,2,102,396008000932,6.197541080290966,nan
1,1,102,396742410240,6.209034615384615,0.0
1,2,103,398144919961,6.230983948708559,nan
1,1,103,398879056384,6.242473213141026,0.0
1,2,104,399606215872,6.253853288261218,nan
1,1,104,400336422912,6.265281057692308,0.0
1,2,105,401067362303,6.276720288445889,nan
1,1,105,401799115264,6.288172251602564,0.0
1,2,106,403203976695,6.310158389282226,nan
1,1,106,403935323136,6.321603990384616,0.0
1,2,107,404670251274,6.333105645188552,nan
1,1,107,405403688960,6.344583974358975,0.0
1,2,108,406136329781,6.356049832560221,nan
1,1,108,406866867712,6.367482780448718,0.0
1,2,109,407597188466,6.378912329508464,nan
1,1,109,408329735168,6.39037671474359,0.0
1,2,110,409063136405,6.401854473485702,nan
1,1,110,410471379456,6.423893533653846,0.0
1,2,111,411205504088,6.4353826135566905,nan
1,1,111,411939544064,6.446870368589744,0.0
1,2,112,412671605126,6.458327153539413,nan
1,1,112,413402481152,6.469765392628205,0.0
1,2,113,414132410552,6.481188816982172,nan
1,1,113,414865439744,6.492660753205128,0.0
1,2,114,415598308820,6.504130183606271,nan
1,1,114,417001794048,6.526094783653846,0.0
1,2,115,417734064075,6.537554838914138,nan
1,1,115,418464638976,6.5489883653846155,0.0
1,2,116,419199321845,6.5604861817188755,nan
1,1,116,419933300224,6.57197297275641,0.0
1,2,117,421340124869,6.5939898348138275,nan
1,1,117,422074625536,6.605484799679488,0.0
1,2,118,422809656779,6.616988068080804,nan
1,1,118,423542639104,6.628459270833334,0.0
1,2,119,424278317278,6.6399726637307195,nan
1,1,119,425010489856,6.651431193910256,0.0
1,2,120,425741725716,6.662875064415565,nan
1,1,120,426472611840,6.674313461538461,0.0
1,2,121,427205904695,6.685789524097932,nan
1,1,121,427940383232,6.697284142628205,0.0
1,2,122,429346424590,6.7192887462126905,nan
1,1,122,430080621056,6.730778950320513,0.0
1,2,123,430816924696,6.742302131785857,nan
1,1,123,432220529664,6.764268605769231,0.0
1,2,124,432952022030,6.775716490603716,nan
1,1,124,433682246144,6.78714452724359,0.0
1,2,125,434417375538,6.79864933171199,nan
1,1,125,435149875712,6.810112988782051,0.0
1,2,126,435883077200,6.821587621444311,nan
1,1,126,436617510912,6.833081538461538,0.0
1,2,127,437354360654,6.844613266445062,nan
1,1,127,438085184512,6.856050689102564,0.0
1,2,128,439489852734,6.878033803053636,nan
1,1,128,440220493312,6.889468357371795,0.0
1,2,129,440953960042,6.900947141081981,nan
1,1,129,441688210944,6.912438197115385,0.0
1,2,130,442424387958,6.9239593968787565,nan
1,1,130,443155882496,6.935407315705128,0.0
1,2,131,443889114774,6.9468824302321215,nan
1,1,131,444623625216,6.958377548076923,0.0
1,2,132,446030223458,6.980390866918319,nan
1,1,132,446764738560,6.991886057692308,0.0
1,2,133,447501577580,7.003417617876102,nan
1,1,133,448232616448,7.014858405448718,0.0
1,2,134,448967575685,7.02636054695325,nan
1,1,134,450373468160,7.04836282051282,0.0
1,2,135,451109537348,7.059882332794972,nan
1,1,135,451841251840,7.0713336939102565,0.0
1,2,136,452575255409,7.082820879172301,nan
1,1,136,453308333568,7.09429358173077,0.0
1,2,137,454041115787,7.105761652816382,nan
1,1,137,454775687680,7.117257732371795,0.0
1,2,138,455512280455,7.128785438811474,nan
1,1,138,456243056128,7.140222107371795,0.0
1,2,139,457648200055,7.162212666125176,nan
1,1,139,458377640960,7.17362844551282,0.0
1,2,140,459113612945,7.1851464365641275,nan
1,1,140,459845260288,7.196596746794872,0.0
1,2,141,460578911158,7.208078412303435,nan
1,1,141,461985638912,7.230093758012821,0.0
1,2,142,462719427980,7.241577586325621,nan
1,1,142,463453921792,7.2530724439102565,0.0
1,2,143,464190384265,7.264598111118414,nan
1,1,143,464922050048,7.276048709935898,0.0
1,2,144,465655595957,7.287528732800606,nan
1,1,144,466389671424,7.299017043269231,0.0
1,2,145,467126489266,7.310548272016477,nan
1,1,145,467857602560,7.3219902243589745,0.0
1,2,146,469261940379,7.343968167489859,nan
1,1,146,469993198592,7.355412387820513,0.0
1,2,147,470727496634,7.366904181596805,nan
1,1,147,471460947968,7.378382724358975,0.0
1,2,148,472193362121,7.389845035196941,nan
1,1,148,472923105280,7.401265544871795,0.0
1,2,149,473659059701,7.412783261045798,nan
1,1,149,475063215104,7.434758349358974,0.0
1,2,150,475800046017,7.446289782667894,nan
1,1,150,476530560000,7.457722355769231,0.0
1,2,151,477265551574,7.469225003349109,nan
1,1,151,477998490624,7.480695528846154,0.0
1,2,152,478731046392,7.492160055964543,nan
1,1,152,479461070848,7.5035849679487185,0.0
1,2,153,480196177152,7.5150894110576925,nan
1,1,153,480929095168,7.526559607371795,0.0
1,2,154,482332386035,7.548521165661934,nan
1,1,154,483065418240,7.559993149038462,0.0
1,2,155,483798301196,7.57146279666216,nan
1,1,155,484528132096,7.582884679487179,0.0
1,2,156,485264164128,7.5944036102764425,nan
1,1,156,485995920896,7.605855633012821,0.0
1,2,157,486729739330,7.617339920904698,nan
1,1,157,487464355328,7.628836690705128,0.0
1,2,158,488200483133,7.640357120345678,nan
1,1,158,488932530176,7.651813685897436,0.0
1,2,159,490334333236,7.673751959948418,nan
1,1,159,491068440064,7.6852407612179485,0.0
1,2,160,491803889725,7.696750577877729,nan
1,1,160,492536515072,7.708216193910257,0.0
1,2,161,493267827033,7.719661255399264,nan
1,1,161,493999206400,7.731107371794872,0.0
1,2,162,494731643006,7.7425700340231876,nan
1,1,162,495461882368,7.753998309294872,0.0
1,2,163,496195889568,7.765485551382212,nan
1,1,163,497603384832,7.787512908653847,0.0
1,2,164,498333894013,7.798945406603691,nan
1,1,164,499066186240,7.810405809294872,0.0
1,2,165,499797674646,7.821853632155198,nan
1,1,165,500529540096,7.833307355769231,0.0
1,2,166,501261389256,7.844760824444111,nan
1,1,166,501992537088,7.856203317307693,0.0
1,2,167,502725169889,7.867669049995619,nan
1,1,167,503455150080,7.879093269230769,0.0
1,2,168,504860174529,7.901081958148663,nan
1,1,168,505591567872,7.912528293269231,0.0
1,2,169,506325798380,7.924019030135717,nan
1,1,169,507060083200,7.935510616987179,0.0
1,2,170,507796559065,7.947036493780674,nan
1,1,170,508528123904,7.958485512820513,0.0
1,2,171,509262300669,7.969975408606897,nan
1,1,171,509996673024,7.9814683653846155,0.0
1,2,172,510733239539,7.992995660854242,nan
1,1,172,512139060224,8.014996810897436,0.0
1,2,173,512874187972,8.02650158960587,nan
1,1,173,513607595520,8.037979447115385,0.0
1,2,174,514343522252,8.049496729955429,nan
1,1,174,515076062720,8.060961017628205,0.0
1,2,175,515803791609,8.07235000389686,nan
1,1,175,516539439104,8.083862916666668,0.0
1,2,176,517270778386,8.09530840573042,nan
1,1,176,518002643968,8.106762131410257,0.0
1,2,177,518732421939,8.118183185894306,nan
1,1,177,519465750016,8.129659799679487,0.0
1,2,178,520198943300,8.141134303948819,nan
1,1,178,521607773696,8.163182556089744,0.0
1,2,179,522336002082,8.17457935950646,nan
1,1,179,523071023616,8.18608247596154,0.0
1,2,180,523802758445,8.197534155351688,nan
1,1,180,524533896704,8.208976498397437,0.0
1,2,181,525268526142,8.220473478534405,nan
1,1,181,526002429440,8.231959094551282,0.0
1,2,182,526734836570,8.243421295479017,nan
1,1,182,527465956864,8.254863357371795,0.0
1,2,183,528200594548,8.266360466558995,nan
1,1,183,529608331264,8.288391602564102,0.0
1,2,184,530341717545,8.299869127244216,nan
1,1,184,531076995584,8.311376258012821,0.0
1,2,185,531812968730,8.322894267233824,nan
1,1,185,532545579008,8.334359647435898,0.0
1,2,186,533278924341,8.34583653127817,nan
1,1,186,534014683136,8.357351185897436,0.0
1,2,187,534744854335,8.36877839441544,nan
1,1,187,535477850624,8.38024981570513,0.0
1,2,188,536881296149,8.402213794399163,nan
1,1,188,537614336000,8.413685897435897,0.0
1,2,189,538347420713,8.42515870256473,nan
1,1,189,539082485248,8.43666249198718,0.0
1,2,190,539818582815,8.448182448401818,nan
1,1,190,540550820352,8.459641995192309,0.0
1,2,191,541954608885,8.481611341975286,nan
1,1,191,542687197184,8.493076378205128,0.0
1,2,192,543420223997,8.50454827719664,nan
1,1,192,544156146176,8.516065488782052,0.0
1,2,193,544891344130,8.527571366217197,nan
1,1,193,545625100288,8.53905467948718,0.0
1,2,194,546356945426,8.550508085217599,nan
1,1,194,547087980544,8.561948814102564,0.0
1,2,195,547822578462,8.57344530095027,nan
1,1,195,548556421120,8.584929967948717,0.0
1,2,196,549959365868,8.606886109462641,nan
1,1,196,550692531712,8.618360184294872,0.0
1,2,197,551424948230,8.629822532145182,nan
1,1,197,552155017216,8.641248141025642,0.0
1,2,198,552890919190,8.652765036401993,nan
1,1,198,553623875584,8.664235833333334,0.0
1,2,199,554356429865,8.675700337180114,nan
1,1,199,555087099904,8.687135352564102,0.0
1,2,200,555822239539,8.698640317304562,nan
1,1,200,557229142528,8.720658405448718,0.0
1,2,201,557963120883,8.732145196110652,nan
1,1,201,558697562624,8.743639238782052,0.0
1,2,202,559434403301,8.755170824897961,nan
1,1,202,560165574656,8.766613685897436,0.0
1,2,203,561570305985,8.788597787475586,nan
1,1,203,562301307904,8.800037996794872,0.0
1,2,204,563036310216,8.81154081242488,nan
1,1,204,563769569280,8.823016346153846,0.0
1,2,205,564501281249,8.83446766778408,nan
1,1,205,565232692224,8.845914278846154,0.0
1,2,206,565967026928,8.857406646384215,nan
1,1,206,566700938752,8.868892395833333,0.0
1,2,207,567433093635,8.880350649085411,nan
1,1,207,568163645952,8.891783822115384,0.0
1,2,208,568898963209,8.90329156664726,nan
1,1,208,570305245696,8.925299943910257,0.0
1,2,209,571037684428,8.936762639410556,nan
1,1,209,571767802368,8.948189014423077,0.0
1,2,210,572501806061,8.959676201625726,nan
1,1,210,573235958784,8.971165721153847,0.0
1,2,211,573970669292,8.982663970039564,nan
1,1,211,574703820800,8.99413782051282,0.0
1,2,212,575439333862,9.005648629400792,nan
1,1,212,576845108224,9.02764905448718,0.0
1,2,213,577576956861,9.039102514977088,nan
1,1,213,578307174912,9.050530456730769,0.0
1,2,214,579040626883,9.062009009462015,nan
1,1,214,579774944768,9.07350111378205,0.0
1,2,215,580510197699,9.08500785160945,nan
1,1,215,581915637760,9.107003044871796,0.0
1,2,216,582651443081,9.118518427624824,nan
1,1,216,583382913536,9.129965969551282,0.0
1,2,217,584116738711,9.141450362940079,nan
1,1,217,584850461696,9.152933157051283,0.0
1,2,218,585586081689,9.164445639413687,nan
1,1,218,586318014464,9.175900416666668,0.0
1,2,219,587049583796,9.187349506022136,nan
1,1,219,587780188672,9.198783501602565,0.0
1,2,220,588513361353,9.21025768343412,nan
1,1,220,589247755264,9.221750977564103,0.0
1,2,221,590651923864,9.243726272410857,nan
1,1,221,591383022080,9.255167988782052,0.0
1,2,222,592115998898,9.26663910534981,nan
1,1,222,592850952192,9.278141153846153,0.0
1,2,223,593585616812,9.289638684582833,nan
1,1,223,594319094272,9.301117636217949,0.0
1,2,224,595054638263,9.312628929146008,nan
1,1,224,596459913728,9.33462154647436,0.0
1,2,225,597192954996,9.3460936716872,nan
1,1,225,597927340032,9.357586826923077,0.0
1,2,226,598662966650,9.369099412966998,nan
1,1,226,599395401216,9.380562043269231,0.0
1,2,227,600796611931,9.40249104709723,nan
1,1,227,601531058176,9.413985160256411,0.0
1,2,228,602267823181,9.42551556210249,nan
1,1,228,602999070720,9.436959615384616,0.0
1,2,229,603733650785,9.448455822832157,nan
1,1,229,604467238912,9.459936506410257,0.0
1,2,230,605199790708,9.471400971366688,nan
1,1,230,605929915904,9.482827459935898,0.0
1,2,231,606665514377,9.49433960550944,nan
1,1,231,608071441408,9.516342419871796,0.0
1,2,232,608806775611,9.52785042960925,nan
1,1,232,609539521024,9.539317924679487,0.0
1,2,233,610272549454,9.550789848977114,nan
1,1,233,611680705536,9.572827548076923,0.0
1,2,234,612414699530,9.584314583489833,nan
1,1,234,613148692480,9.595801602564103,0.0
1,2,235,613880445725,9.60725357016539,nan
1,1,235,614611162624,9.618689318910256,0.0
1,2,236,615346198574,9.630192660976313,nan
1,1,236,616079008768,9.641661169871796,0.0
1,2,237,616812109117,9.653134219704652,nan
1,1,237,617547004928,9.664635368589744,0.0
1,2,238,618283587136,9.67616290965545,nan
1,1,238,619014776832,9.687606057692308,0.0
1,2,239,620418983948,9.709581955316006,nan
1,1,239,621149768192,9.721018758012821,0.0
1,2,240,621884673827,9.732520060643905,nan
1,1,240,622617312256,9.743985881410257,0.0
1,2,241,623350200372,9.75545560978816,nan
1,1,241,624084636672,9.766949567307693,0.0
1,2,242,624821104431,9.778475317241963,nan
1,1,242,625551676416,9.789908798076924,0.0
1,2,243,626287047739,9.801417388743866,nan
1,1,243,627019187200,9.812875400641026,0.0
1,2,244,628422601237,9.8348388865466,nan
1,1,244,629153795584,9.846282107371795,0.0
1,2,245,629887970591,9.857771975645408,nan
1,1,245,630621224960,9.869247435897437,0.0
1,2,246,631353569841,9.880708662625826,nan
1,1,246,632083558912,9.892133020833334,0.0
1,2,247,632818950463,9.903641928069286,nan
1,1,247,633551421952,9.91510513621795,0.0
1,2,248,634284676699,9.926580602385693,nan
1,1,248,635019167232,9.938075408653846,0.0
1,2,249,636426616340,9.960102043582232,nan
1,1,249,637159647744,9.971574014423076,0.0
1,2,250,637892324655,9.983040437434271,nan
1,1,250,638627036160,9.994538701923076,0.0
1,2,251,639361587756,10.006034463829629,nan
1,1,251,640094640640,10.017506770833334,0.0
1,2,252,640830307127,10.029019980828702,nan
1,1,252,642234932736,10.051002427884615,0.0
1,2,253,642968287991,10.062479467006586,nan
1,1,253,643702340096,10.073967411858975,0.0
1,2,254,644437209095,10.085468141135191,nan
1,1,254,645169470976,10.096928068910257,0.0
1,2,255,645902748939,10.10840389840933,nan
1,1,255,646636928000,10.119893830128206,0.0
1,2,256,647371933711,10.131396698952699,nan
1,1,256,648777789440,10.153398397435899,0.0
1,2,257,649509572574,10.164850832801232,nan
1,1,257,650239942144,10.176281145833334,0.0
1,2,258,650975272179,10.187789090341422,nan
1,1,258,651707259904,10.199244727564103,0.0
1,2,259,653109671623,10.22119252715282,nan
1,1,259,653841766912,10.232649847756411,0.0
1,2,260,654573270005,10.244097900468876,nan
1,1,260,655303765504,10.255530184294873,0.0
1,2,261,656038242061,10.267024771838066,nan
1,1,261,656771253248,10.278496426282052,0.0
1,2,262,657502966310,10.289947765017779,nan
1,1,262,658233639936,10.301382836538462,0.0
1,2,263,658968152893,10.312877993743115,nan
1,1,263,660374381568,10.334885528846154,0.0
1,2,264,661107466491,10.346358337261494,nan
1,1,264,661842048512,10.357854575320513,0.0
1,2,265,662578128891,10.369374262742262,nan
1,1,265,663309595136,10.380821738782052,0.0
1,2,266,664043835657,10.39231263235239,nan
1,1,266,664777514496,10.403794735576923,0.0
1,2,267,665509335586,10.41524776495518,nan
1,1,267,666239806976,10.426679671474359,0.0
1,2,268,666974605111,10.438179291726136,nan
1,1,268,668380736000,10.460185296474359,0.0
1,2,269,669113716994,10.471656478396685,nan
1,1,269,669848857600,10.483161458333333,0.0
1,2,270,670582868495,10.494648758247571,nan
1,1,270,671316807680,10.506134935897435,0.0
1,2,271,672720718798,10.528106201140575,nan
1,1,271,673452383232,10.539556778846155,0.0
1,2,272,674185862887,10.551035764833108,nan
1,1,272,674919749632,10.562521121794871,0.0
1,2,273,675656638441,10.574053461178512,nan
1,1,273,676387693056,10.585494495192307,0.0
1,2,274,677121957123,10.596985757258489,nan
1,1,274,677855202304,10.60846107371795,0.0
1,2,275,678586741267,10.619909687797351,nan
1,1,275,679316821504,10.63133547275641,0.0
1,2,276,680721652226,10.653321129838993,nan
1,1,276,681451787776,10.664747780448717,0.0
1,2,277,682187024132,10.676254258876703,nan
1,1,277,682919350784,10.687715200320513,0.0
1,2,278,683652394030,10.699187356489134,nan
1,1,278,684386601472,10.710677732371796,0.0
1,2,279,685123539750,10.722210845947266,nan
1,1,279,685853730816,10.733638365384616,0.0
1,2,280,686589097028,10.745146876064203,nan
1,1,280,687321088000,10.756602564102565,0.0
1,2,281,688054715726,10.7680838674066,nan
1,1,281,689461584896,10.790101426282051,0.0
1,2,282,690195192598,10.801582416209685,nan
1,1,282,690929163776,10.813069094551283,0.0
1,2,283,691664200742,10.82457245251778,nan
1,1,283,692396434944,10.836031947115385,0.0
1,2,284,693797492237,10.857958549882937,nan
1,1,284,694531041280,10.869438621794872,0.0
1,2,285,695266435860,10.880947576434796,nan
1,1,285,695998238208,10.8924003125,0.0
1,2,286,696731513396,10.903876098570212,nan
1,1,286,697465738240,10.915366746794872,0.0
1,2,287,698201211185,10.926876927850186,nan
1,1,287,698933628928,10.938339294871795,0.0
1,2,288,699663922256,10.949768414713542,nan
1,1,288,701068574720,10.971751282051283,0.0
1,2,289,701801662507,10.983224135288337,nan
1,1,289,702536002048,10.994716578525642,0.0
1,2,290,703271430445,11.00622606240297,nan
1,1,290,704003120640,11.01767704326923,0.0
1,2,291,704736703549,11.029157645185421,nan
1,1,291,705470297600,11.040638421474359,0.0
1,2,292,706202262871,11.052093707291041,nan
1,1,292,706932399616,11.063520376602565,0.0
1,2,293,707667697260,11.075027814190205,nan
1,1,293,708400376832,11.086494278846153,0.0
1,2,294,709802639957,11.108439752932817,nan
1,1,294,710535814656,11.119913966346154,0.0
1,2,295,711268033902,11.131373226881761,nan
1,1,295,711998240768,11.142800993589743,0.0
1,2,296,712733725833,11.154311364323544,nan
1,1,296,713466053632,11.165772323717949,0.0
1,2,297,714199223700,11.17724646465595,nan
1,1,297,714933818368,11.188742900641026,0.0
1,2,298,716340151641,11.210752072706956,nan
1,1,298,717074574848,11.222245825320513,0.0
1,2,299,717810886235,11.233769128026719,nan
1,1,299,718542437888,11.245217940705128,0.0
1,2,300,719276380542,11.256704172644982,nan
1,1,300,720009946112,11.268184503205129,0.0
1,2,301,720741328523,11.27963066723946,nan
1,1,301,722145594368,11.30160748397436,0.0
1,2,302,722881840718,11.313129768848908,nan
1,1,302,723613169152,11.324575088141026,0.0
1,2,303,724347106153,11.336061231611204,nan
1,1,303,725080993792,11.347546602564103,0.0
1,2,304,725817768037,11.359077149016551,nan
1,1,304,726548784640,11.370517588141025,0.0
1,2,305,727283256698,11.38201210527469,nan
1,1,305,728016349184,11.393485032051283,0.0
1,2,306,728748768391,11.40494742198455,nan
1,1,306,729478554624,11.41636860576923,0.0
1,2,307,730884101737,11.438365474399665,nan
1,1,307,731618969088,11.449866177884616,0.0
1,2,308,732355267948,11.461389284542769,nan
1,1,308,733086486528,11.472832884615386,0.0
1,2,309,733820352134,11.484317910750951,nan
1,1,309,734554115072,11.495801330128206,0.0
1,2,310,735286100371,11.507256929383889,nan
1,1,310,736015932416,11.518678830128206,0.0
1,2,311,736751486636,11.530190283140525,nan
1,1,311,737483016704,11.541638758012821,0.0
1,2,312,738217209801,11.553128909395658,nan
1,1,312,739623522816,11.575137764423078,0.0
1,2,313,740358691721,11.58664318724021,nan
1,1,313,741090823680,11.59810108173077,0.0
1,2,314,741824215198,11.609578688370142,nan
1,1,314,742558153728,11.621064855769232,0.0
1,2,315,743289963962,11.632517715250652,nan
1,1,315,744020248576,11.643946698717949,0.0
1,2,316,745425543056,11.665939613631812,nan
1,1,316,746155074048,11.677356802884615,0.0
1,2,317,746891353268,11.688879602175982,nan
1,1,317,747622560768,11.700323028846155,0.0
1,2,318,748357130179,11.71181906955817,nan
1,1,318,749090111488,11.723290256410257,0.0
1,2,319,749821397718,11.734734915208083,nan
1,1,319,750552103424,11.746170488782052,0.0
1,2,320,751954216639,11.76811361677121,nan
1,1,320,752686574592,11.779575048076923,0.0
1,2,321,753418133995,11.791023982043145,nan
1,1,321,754147972608,11.802445985576924,0.0
1,2,322,754882102527,11.81393514822153,nan
1,1,322,755615349760,11.825410496794872,0.0
1,2,323,756351670288,11.836933942558094,nan
1,1,323,757082644480,11.848373717948718,0.0
1,2,324,757815941428,11.859849844563803,nan
1,1,324,758549935104,11.871336875,0.0
1,2,325,759954626818,11.893320356601814,nan
1,1,325,760684915200,11.904749399038462,0.0
1,2,326,761418808352,11.916234856270032,nan
1,1,326,762152269312,11.927713549679488,0.0
1,2,327,762889202454,11.939246582876352,nan
1,1,327,763619674112,11.950678493589743,0.0
1,2,328,764354424884,11.962177372608675,nan
1,1,328,765087027712,11.97364263621795,0.0
1,2,329,766489258517,11.995587604495318,nan
1,2,330,767880749237,12.017364490012145,nan
1,1,329,768615139328,12.028857724358975,0.0
1,2,331,769351730613,12.040385407480093,nan
1,1,330,770754310656,12.062335841346155,0.0
1,2,332,771487486871,12.073810078484952,nan
1,1,331,772220647936,12.08528407852564,0.0
1,2,333,772953591459,12.096754674025316,nan
1,1,332,773687557632,12.108241274038463,0.0
1,2,334,774419627974,12.119698204220503,nan
1,1,333,775149115904,12.131114719551283,0.0
1,2,335,775885579472,12.142640403896234,nan
1,1,334,776616275456,12.154075825320513,0.0
1,2,336,777351626736,12.165584102313701,nan
1,1,335,778083150848,12.17703248397436,0.0
1,2,337,779485035494,12.19897203484951,nan
1,1,336,780217289216,12.210431834935898,0.0
1,2,338,780948714236,12.221878665802786,nan
1,1,337,781678930944,12.233306586538461,0.0
1,2,339,782412904989,12.244793309748724,nan
1,1,338,783145839104,12.256263758012821,0.0
1,2,340,783878735166,12.267733610745944,nan
1,1,339,784612567040,12.279218108974359,0.0
1,2,341,785344574553,12.290674055880034,nan
1,1,340,786073729536,12.302085360576923,0.0
1,2,342,787480714295,12.324104728424855,nan
1,1,341,788213341696,12.335570376602565,0.0
1,2,343,788946707263,12.347047577107748,nan
1,1,342,789680634368,12.358533565705129,0.0
1,2,344,790412622952,12.369989216371195,nan
1,1,343,791815363584,12.39194216346154,0.0
1,2,345,792548533844,12.403416307404347,nan
1,1,344,793282299392,12.414899767628205,0.0
1,2,346,794014118756,12.426352769994491,nan
1,1,345,794744077824,12.437776658653846,0.0
1,2,347,795479631497,12.449288103105594,nan
1,1,346,796211143680,12.460736298076924,0.0
1,2,348,796945286044,12.472225655486278,nan
1,1,347,797677959168,12.48369201923077,0.0
1,2,349,798411143349,12.495166381037786,nan
1,1,348,799144986112,12.506651049679487,0.0
1,2,350,800547170456,12.528595290840345,nan
1,1,349,801279288832,12.54005297275641,0.0
1,2,351,802012889008,12.551533844901844,nan
1,1,350,802746323968,12.563012131410257,0.0
1,2,352,803478366402,12.57446862483098,nan
1,1,351,804208183808,12.585890296474359,0.0
1,2,353,804943644142,12.597400280167017,nan
1,1,352,805675306496,12.608850825320513,0.0
1,2,354,806409312002,12.620338040896685,nan
1,1,353,807142509056,12.631812604166667,0.0
1,2,355,808545041646,12.653762295391376,nan
1,1,354,809277030400,12.665217948717949,0.0
1,2,356,810010855946,12.676702347912912,nan
1,1,355,810744407040,12.688182451923078,0.0
1,2,357,811476943134,12.69964667114258,nan
1,1,356,812884791296,12.721679551282051,0.0
1,2,358,813618419438,12.733160861096504,nan
1,1,357,814352445952,12.744648405448718,0.0
1,2,359,815089290231,12.756180047936073,nan
1,1,358,815819907584,12.767614238782052,0.0
1,2,360,816554786563,12.779115124245669,nan
1,1,359,817287825408,12.790587211538462,0.0
1,2,361,818020597291,12.80205512086526,nan
1,1,360,818755607040,12.813558052884616,0.0
1,2,362,820162093551,12.835569623131386,nan
1,1,361,820896567808,12.847064174679488,0.0
1,2,363,821628442373,12.858518040943634,nan
1,1,362,822358574080,12.869944631410256,0.0
1,2,364,823089880120,12.881389600235376,nan
1,1,363,823820768768,12.892828036858974,0.0
1,2,365,824556275530,12.904338747151693,nan
1,1,364,825288071168,12.915791378205128,0.0
1,2,366,826017243784,12.927202958859175,nan
1,1,365,826749786112,12.938667275641025,0.0
1,2,367,828153679978,12.960638270889675,nan
1,1,366,828884349952,12.97207328525641,0.0
1,2,368,829619843453,12.983583788013947,nan
1,1,367,830351723520,12.995037740384616,0.0
1,2,369,831085981324,13.006528904434596,nan
1,1,368,831819076096,13.01800186698718,0.0
1,2,370,833222893170,13.039971660437951,nan
1,1,369,833953620480,13.051407572115385,0.0
1,2,371,834689186688,13.062919212740384,nan
1,1,370,835420226560,13.074360016025642,0.0
1,2,372,836154983065,13.08585898476625,nan
1,1,371,836887368704,13.097320849358974,0.0
1,2,373,837620787637,13.108798885044196,nan
1,1,372,838354779136,13.120285881410258,0.0
1,2,374,839086828232,13.131742479091546,nan
1,1,373,840489565184,13.153695368589744,0.0
1,2,375,841218299584,13.165100091145833,nan
1,1,374,841951343104,13.176572251602565,0.0
1,2,376,842679441388,13.18796701891777,nan
1,1,375,843412626432,13.19944139423077,0.0
1,2,377,844140900119,13.21083890660995,nan
1,1,376,844874113536,13.22231372596154,0.0
1,2,378,846277611252,13.244278521446816,nan
1,1,377,847009198080,13.255727884615386,0.0
1,2,379,847743968763,13.267227075242262,nan
1,1,378,848476740608,13.27869498397436,0.0
1,2,380,849204999991,13.290092272495368,nan
1,1,379,849939225600,13.301582932692309,0.0
1,2,381,851342244619,13.323540236550356,nan
1,1,380,852074233856,13.334995897435897,0.0
1,2,382,852808255016,13.346483357997798,nan
1,1,381,853541766656,13.357962844551283,0.0
1,2,383,854274222916,13.369425814365485,nan
1,1,382,855004043264,13.380847532051282,0.0
1,2,384,855739997278,13.39236524185572,nan
1,1,383,856471687168,13.403816217948718,0.0
1,2,385,857205759851,13.415304484847631,nan
1,1,384,857938880000,13.426777844551282,0.0
1,2,386,859342029636,13.448737192570613,nan
1,1,385,860073573376,13.460185881410256,0.0
1,2,387,860808033375,13.471680209820088,nan
1,1,386,861541051392,13.483151971153847,0.0
1,2,388,862273939831,13.494621704586715,nan
1,1,387,863008341504,13.506115120192309,0.0
1,2,389,863740100756,13.517567181803386,nan
1,1,388,864470220288,13.52899358173077,0.0
1,2,390,865876659824,13.551004416816907,nan
1,1,389,866610753024,13.562493004807692,0.0
1,2,391,867342992773,13.573952586216071,nan
1,1,390,868072678400,13.585372195512821,0.0
1,2,392,868804498613,13.59682521116599,nan
1,1,391,869535127552,13.608259583333334,0.0
1,2,393,870270849468,13.619773660794772,nan
1,1,392,871002536448,13.631224591346154,0.0
1,2,394,871736912610,13.642717607703576,nan
1,1,393,873142885888,13.664721145833333,0.0
1,2,395,873877763233,13.676222005724785,nan
1,1,394,874610460160,13.68768874198718,0.0
1,2,396,875343118269,13.69915487074632,nan
1,1,395,876077816320,13.710652924679488,0.0
1,2,397,876813866684,13.722172142365284,nan
1,1,396,877545231360,13.733618028846154,0.0
1,2,398,878279987152,13.745116986428286,nan
1,1,397,879012868096,13.756586602564102,0.0
1,2,399,880414512076,13.778522387006712,nan
1,1,398,881147944960,13.79000064102564,0.0
1,2,400,881883600579,13.801513680936374,nan
1,1,399,882615518208,13.812968221153847,0.0
1,2,401,883347754489,13.824427748287887,nan
1,1,400,884077501952,13.835848325320514,0.0
1,2,402,885481206237,13.857816353618915,nan
1,1,401,886212521984,13.869261474358975,0.0
1,2,403,886946593022,13.880749715513572,nan
1,1,402,887679697408,13.892222828525641,0.0
1,2,404,888412708376,13.903694479542269,nan
1,1,403,889147248640,13.915190064102564,0.0
1,2,405,889878909745,13.92664058970916,nan
1,1,404,890609414656,13.938073020833334,0.0
1,2,406,891344836172,13.949582397022736,nan
1,1,405,892077212160,13.961044110576923,0.0
1,2,407,893481425465,13.983020105058719,nan
1,1,406,894212045312,13.994454334935897,0.0
1,2,408,894942302561,14.00588289013985,nan
1,1,407,895674292224,14.017338557692309,0.0
1,2,409,896408221306,14.028824577229818,nan
1,1,408,897142574592,14.040317235576923,0.0
1,2,410,897879533945,14.051850678976988,nan
1,1,409,898610403328,14.063288814102565,0.0
1,2,411,899345247887,14.074789160891802,nan
1,1,410,900751192576,14.096792251602565,0.0
1,2,412,901486339176,14.108297325345553,nan
1,1,411,902218761216,14.119759759615386,0.0
1,2,413,902951972218,14.131234541172125,nan
1,1,412,903686437888,14.142728958333334,0.0
1,2,414,905091361612,14.164716070900942,nan
1,1,413,905821539328,14.176143381410256,0.0
1,2,415,906556207730,14.187640971335387,nan
1,1,414,907289125888,14.199111169871795,0.0
1,2,416,908024899968,14.210626063701923,nan
1,1,415,908756659712,14.22207813301282,0.0
1,2,417,909488506025,14.233531557132038,nan
1,1,416,910218642944,14.244958229166667,0.0
1,2,418,910951709147,14.256430744613256,nan
1,1,417,912359343616,14.278460280448718,0.0
1,2,419,913094280093,14.289962065758338,nan
1,1,418,913826726400,14.301424879807692,0.0
1,2,420,914557297861,14.312858352442033,nan
1,1,419,915288740864,14.32430546474359,0.0
1,2,421,916020463097,14.335756947005835,nan
1,1,420,916750500352,14.347182059294871,0.0
1,2,422,917483367696,14.358651462590144,nan
1,1,421,918218160640,14.370151001602565,0.0
1,2,423,918951901749,14.381634079355093,nan
1,1,422,920358371328,14.403645384615386,0.0
1,2,424,921089954308,14.4150946875626,nan
1,1,423,921819812352,14.426516995192308,0.0
1,2,425,922554041139,14.438007705125075,nan
1,1,424,923286393344,14.44946904647436,0.0
1,2,426,924690666770,14.471445981852215,nan
1,1,425,925420849664,14.482873373397437,0.0
1,2,427,926154268749,14.494351411461464,nan
1,1,426,926887324160,14.505823758012822,0.0
1,2,428,927623414604,14.517343602952224,nan
1,1,427,928354107904,14.528778982371795,0.0
1,2,429,929088562298,14.540273223063151,nan
1,1,428,930494374912,14.562274246794873,0.0
1,2,430,931229491273,14.5737788472963,nan
1,1,429,931961373696,14.585232836538461,0.0
1,2,431,932695016302,14.596714372715095,nan
1,1,430,933428069888,14.608186690705129,0.0
1,2,432,934160080514,14.619642686329378,nan
1,1,431,934889713152,14.631061466346154,0.0
1,2,433,935623273916,14.642541721692208,nan
1,1,432,936356528640,14.654017187500001,0.0
1,2,434,937088809687,14.665477415223734,nan
1,1,433,938495767040,14.687496354166667,0.0
1,2,435,939229620912,14.698981196664663,nan
1,1,434,939962832384,14.710455985576923,0.0
1,2,436,940695291338,14.721918997552335,nan
1,1,435,941424670720,14.733333814102565,0.0
1,2,437,942160698609,14.744852680053711,nan
1,1,436,942891489792,14.756289591346155,0.0
1,2,438,943625916432,14.767783397686298,nan
1,1,437,945031311872,14.789777892628205,0.0
1,2,439,945766554083,14.801284462687175,nan
1,1,438,946498362368,14.812737291666668,0.0
1,2,440,947232427269,14.824225436776969,nan
1,1,439,947965644288,14.8357003125,0.0
1,2,441,949368009968,14.857647391576522,nan
1,1,440,950100552192,14.86911170673077,0.0
1,2,442,950833720847,14.880585825555263,nan
1,1,441,951567665664,14.892072091346154,0.0
1,2,443,952304165142,14.903598337684045,nan
1,1,442,953035038208,14.915036530448718,0.0
1,2,444,953769443382,14.926530000845103,nan
1,1,443,954502283776,14.937998982371795,0.0
1,2,445,955904648236,14.959946042355268,nan
1,1,444,956637254656,14.971411362179488,0.0
1,2,446,957370280771,14.982883250247271,nan
1,1,445,958104637952,14.994375969551282,0.0
1,2,447,958841526346,15.005908302440155,nan
1,1,446,959571954176,15.01733952724359,0.0
1,2,448,960307297132,15.028847673965846,nan
1,1,447,961712476672,15.050838790064104,0.0
1,2,449,962449007423,15.062365525825697,nan
1,1,448,963179854336,15.073803309294872,0.0
1,2,450,963914510428,15.08530070656801,nan
1,1,449,964647290368,15.09676874198718,0.0
1,2,451,965379924340,15.108234493001303,nan
1,1,450,966114561536,15.119731594551283,0.0
1,2,452,966850888316,15.131255138158554,nan
1,1,451,967581793792,15.142693838141026,0.0
1,2,453,968986486893,15.164677341449444,nan
1,1,452,969717206016,15.176113125,0.0
1,2,454,970451598721,15.187606400256035,nan
1,1,453,971184944640,15.199083293269231,0.0
1,2,455,971917414062,15.21054646906926,nan
1,1,454,973320121856,15.23249890224359,0.0
1,2,456,974053120651,15.243970362752279,nan
1,1,455,974788194304,15.255474294871796,0.0
1,2,457,975522517419,15.266966481041543,nan
1,1,456,976255574016,15.278438846153847,0.0
1,2,458,976991740602,15.2899598827186,nan
1,1,457,977723103232,15.301405737179488,0.0
1,2,459,978455046619,15.312860680510692,nan
1,1,458,979857916928,15.334815657051282,0.0
1,2,460,980592435652,15.346310904509716,nan
1,1,459,981325410816,15.357781995192308,0.0
1,2,461,982061069526,15.369295083477315,nan
1,1,460,982792915456,15.380748501602564,0.0
1,2,462,983524787715,15.39220233177772,nan
1,1,461,984255111168,15.403631923076924,0.0
1,2,463,984988118321,15.415103514388647,nan
1,1,462,986396262400,15.437141025641026,0.0
1,2,464,987131670268,15.448650188238682,nan
1,1,463,987863991808,15.460111049679488,0.0
1,2,465,988594843166,15.471548902713092,nan
1,1,464,989326335488,15.482996786858974,0.0
1,2,466,990057901913,15.494445830719776,nan
1,1,465,991461552640,15.516413020833333,0.0
1,2,467,992196072244,15.527908282063802,nan
1,1,466,992928950272,15.539377852564103,0.0
1,2,468,993659926108,15.550817653683394,nan
1,1,467,994391005696,15.562259078525642,0.0
1,2,469,995123494806,15.57372256244366,nan
1,1,468,995852985344,15.585139118589744,0.0
1,2,470,996587012795,15.596626677606045,nan
1,1,469,997319888896,15.608096217948718,0.0
1,2,471,998052618203,15.61956346095941,nan
1,1,470,999460255744,15.641593044871795,0.0
1,2,472,1000193445301,15.653067490813427,nan
1,1,471,1000927422976,15.664554270833333,0.0
1,2,473,1001663484607,15.676073664848133,nan
1,1,472,1002394549760,15.687514863782052,0.0
1,2,474,1003128756719,15.699005232105744,nan
1,1,473,1004534834688,15.721010408653846,0.0
1,2,475,1005268301263,15.732489189938276,nan
1,1,474,1006002643968,15.743981682692308,0.0
1,2,476,1006738774728,15.755502158578727,nan
1,1,475,1007470208000,15.766949118589745,0.0
1,2,477,1008203741691,15.778428950242263,nan
1,1,476,1008937952768,15.78991938301282,0.0
1,2,478,1009674242301,15.80144234370305,nan
1,1,477,1010405673984,15.812889278846153,0.0
1,2,479,1011138010677,15.824350377432017,nan
1,1,478,1012540643328,15.846301634615385,0.0
1,2,480,1013275343378,15.857799719832983,nan
1,1,479,1014008496128,15.86927358974359,0.0
1,2,481,1014743837490,15.880781711519681,nan
1,1,480,1015476094464,15.8922415625,0.0
1,2,482,1016208271455,15.903700161743165,nan
1,1,481,1016938283008,15.915124871794871,0.0
1,2,483,1017671301517,15.926596640828452,nan
1,1,482,1018405578240,15.938088100961538,0.0
1,2,484,1019139798691,15.949578680435572,nan
1,1,483,1020545562624,15.971578942307692,0.0
1,2,485,1021277421708,15.98303256629357,nan
1,1,484,1022007250944,15.994454423076924,0.0
1,2,486,1022743231420,16.00597254701272,nan
1,1,485,1023474324480,16.01741418269231,0.0
1,2,487,1024208799958,16.02890875334911,nan
1,1,486,1024942003200,16.040383413461537,0.0
1,2,488,1025674445312,16.051846161858975,nan
1,1,487,1026409342976,16.06334733974359,0.0
1,2,489,1027815756233,16.085357763562325,nan
1,1,488,1028549897216,16.096847099358975,0.0
1,2,490,1029284959457,16.108350852880235,nan
1,1,489,1030017050624,16.11980810897436,0.0
1,2,491,1030749102094,16.131264743808845,nan
1,1,490,1031478832640,16.142685056089743,0.0
1,2,492,1032212769606,16.15417119901217,nan
1,1,491,1032946120192,16.165648165064102,0.0
1,2,493,1033677331057,16.17709164439666,nan
1,1,492,1035080869888,16.199057083333333,0.0
1,2,494,1035815838286,16.210559368207882,nan
1,1,493,1036547901440,16.222016185897438,0.0
1,2,495,1037279655297,16.233468163076548,nan
1,1,494,1038009526272,16.244890673076924,0.0
1,2,496,1038745064107,16.256401869663335,nan
1,1,495,1039477068288,16.267857764423077,0.0
1,2,497,1040210806222,16.279340792486728,nan
1,1,496,1040944407040,16.29082167467949,0.0
1,2,498,1041676737788,16.30228268022586,nan
1,1,497,1043079133696,16.324230232371796,0.0
1,2,499,1043813125878,16.335717239426835,nan
1,1,498,1044546654208,16.347196987179487,0.0
1,2,500,1045278970900,16.3586577727489,nan
1,1,499,1046013828608,16.370158325320514,0.0
1,2,501,1046745458484,16.381608362192008,nan
1,1,500,1047475697664,16.393036634615385,0.0
1,2,502,1048206570100,16.404474817520533,nan
1,1,501,1048937667072,16.415916514423078,0.0
1,2,503,1050342287476,16.437898880020533,nan
1,1,502,1051072872448,16.449332564102566,0.0
1,2,504,1051808438663,16.460844204837116,nan
1,1,503,1052540728832,16.472304575320514,0.0
1,2,505,1053272553158,16.4837576553423,nan
1,1,504,1054676228096,16.505725224358976,0.0
1,2,506,1055411542698,16.517232927339993,nan
1,1,505,1056143985152,16.528695681089744,0.0
1,2,507,1056875164116,16.540138661170374,nan
1,1,506,1057606500352,16.551584102564103,0.0
1,2,508,1058338828558,16.563045068328076,nan
1,1,507,1059741724672,16.58500044871795,0.0
1,2,509,1060477327095,16.59651265610915,nan
1,1,508,1061209879040,16.607977123397436,0.0
1,2,510,1061942934549,16.619449471482497,nan
1,1,509,1062678121472,16.63095517628205,0.0
1,2,511,1063414023457,16.642472071830554,nan
1,1,510,1064146416128,16.653934046474358,0.0
1,2,512,1064879785545,16.665411307232198,nan
1,1,511,1065614678528,16.676912411858975,0.0
1,2,513,1066351049572,16.68843664819962,nan
1,1,512,1067082960896,16.69989108974359,0.0
1,2,514,1068487340356,16.72186968455779,nan
1,1,513,1069218441216,16.73331144230769,0.0
1,2,515,1069952423035,16.744798287181364,nan
1,1,514,1070686697472,16.75628971153846,0.0
1,2,516,1071421928337,16.767796104032076,nan
1,1,515,1072154796032,16.779265512820512,0.0
1,2,517,1072886461130,16.79071610091772,nan
1,1,516,1074290699776,16.81269249198718,0.0
1,2,518,1075021839552,16.824134858774038,nan
1,1,517,1075752790528,16.835574270833334,0.0
1,2,519,1076488102381,16.847081930792392,nan
1,1,518,1077220379136,16.858542091346155,0.0
1,2,520,1077949799191,16.869957544430463,nan
1,1,519,1078682728448,16.881427916666667,0.0
1,2,521,1079416003655,16.89290370303423,nan
1,1,520,1080823810560,16.9149359375,0.0
1,2,522,1081558317594,16.926431002009465,nan
1,1,521,1082291495936,16.9379052724359,0.0
1,2,523,1083019071322,16.94929185637645,nan
1,1,522,1083753796608,16.960790336538462,0.0
1,2,524,1084490494063,16.972319681224334,nan
1,1,523,1085221393920,16.983758293269233,0.0
1,2,525,1085956599184,16.99526428510617,nan
1,1,524,1086689093120,17.006727844551282,0.0
1,2,526,1087416951001,17.018118849549904,nan
1,1,525,1088151023616,17.029607115384614,0.0
1,2,527,1089554105549,17.051565403849285,nan
1,1,526,1090286017536,17.06301985576923,0.0
1,2,528,1091020564474,17.074515544777896,nan
1,1,527,1091753821696,17.08599104967949,0.0
1,2,529,1092486613774,17.097459275058846,nan
1,1,528,1093221341184,17.108957788461538,0.0
1,2,530,1093953212981,17.120411611406375,nan
1,1,529,1094683643392,17.131842876602565,0.0
1,2,531,1095414247291,17.143276856892903,nan
1,1,530,1096145333760,17.154718389423078,0.0
1,2,532,1096879573154,17.16620926535582,nan
1,1,531,1098286022144,17.188220248397435,0.0
1,2,533,1099018255502,17.199679729786407,nan
1,1,532,1099748606464,17.211109751602564,0.0
1,2,534,1100481905093,17.222585904525367,nan
1,1,533,1101216539136,17.23408295673077,0.0
1,2,535,1102620728238,17.256058572434647,nan
1,1,534,1103351657984,17.26749765224359,0.0
1,2,536,1104084939991,17.278973545031427,nan
1,1,535,1104819177984,17.290464399038463,0.0
1,2,537,1105554353657,17.301969927775065,nan
1,1,536,1106286471680,17.313427604166666,0.0
1,2,538,1107018749223,17.32488777705266,nan
1,1,537,1107748441600,17.33630749198718,0.0
1,2,539,1108483458115,17.34781052989471,nan
1,1,538,1109888887808,17.369805560897436,0.0
1,2,540,1110622588993,17.381288013837764,nan
1,1,539,1111356527616,17.392774182692307,0.0
1,2,541,1112092558157,17.404293090147362,nan
1,1,540,1112824404480,17.415746514423077,0.0
1,2,542,1113556460162,17.42720321517553,nan
1,1,541,1114286447616,17.438627548076923,0.0
1,2,543,1115689482891,17.460585106342023,nan
1,1,542,1116421324288,17.47203845352564,0.0
1,2,544,1117153505217,17.483497114398663,nan
1,1,543,1117883356672,17.494919318910256,0.0
1,2,545,1118617778408,17.506413048502605,nan
1,1,544,1119350887424,17.51788623397436,0.0
1,2,546,1120082004001,17.52932823769594,nan
1,1,545,1121486024704,17.55130121794872,0.0
1,2,547,1122221058564,17.56280452730619,nan
1,1,546,1122953257984,17.574263477564102,0.0
1,2,548,1123686580017,17.58573999676044,nan
1,1,547,1124420668928,17.597228517628206,0.0
1,2,549,1125157574731,17.608761122968627,nan
1,1,548,1125887909888,17.620190897435897,0.0
1,2,550,1126623255410,17.631699084316157,nan
1,1,549,1127355378688,17.64315684294872,0.0
1,2,551,1128088921242,17.654636813307544,nan
1,1,550,1128822352896,17.666115048076925,0.0
1,2,552,1130225048723,17.688067293967222,nan
1,1,551,1130956531712,17.699515032051284,0.0
1,2,553,1131685892574,17.71092955876277,nan
1,1,552,1132418110976,17.722388806089743,0.0
1,2,554,1133152312070,17.73387908262595,nan
1,1,553,1133884889088,17.74534394230769,0.0
1,2,555,1134618392628,17.756823302095853,nan
1,1,554,1135351541248,17.768297107371794,0.0
1,2,556,1136084480351,17.77976763369829,nan
1,1,555,1137491214848,17.8017830849359,0.0
1,2,557,1138225864517,17.813280381688827,nan
1,1,556,1138958304256,17.82474309294872,0.0
1,2,558,1139686857859,17.836144986024514,nan
1,1,557,1140420059648,17.847619623397435,0.0
1,2,559,1141823445628,17.869582670209837,nan
1,1,558,1142554279424,17.881020248397437,0.0
1,2,560,1143289744819,17.892530311294948,nan
1,1,559,1144021296128,17.903979118589746,0.0
1,2,561,1144750947040,17.915398184595354,nan
1,1,560,1145482880000,17.926852964743592,0.0
1,2,562,1146215731227,17.938322115807168,nan
1,1,561,1146949689344,17.94980858974359,0.0
1,2,563,1147685706038,17.96132728049254,nan
1,1,562,1148416557056,17.97276512820513,0.0
1,2,564,1149146684536,17.98419165251903,nan
1,1,563,1150551129088,18.006171266025643,0.0
1,2,565,1151286605932,18.017681508100463,nan
1,1,564,1152018138112,18.02913001602564,0.0
1,2,566,1152750336413,18.04058894877116,nan
1,1,565,1153479789056,18.052004911858976,0.0
1,2,567,1154214501069,18.063503184298003,nan
1,1,566,1154946772992,18.07496326923077,0.0
1,2,568,1156348098261,18.09689406583346,nan
1,1,567,1157080502272,18.108356217948717,0.0
1,2,569,1157812155930,18.119806627009467,nan
1,1,568,1158542070784,18.13122982371795,0.0
1,2,570,1159276557121,18.142724564318534,nan
1,1,569,1160009251328,18.154191258012823,0.0
1,2,571,1160740550276,18.165636115847857,nan
1,1,570,1161471002112,18.177067716346155,0.0
1,2,572,1162873365643,18.19901476179074,nan
1,1,571,1163605933056,18.210479471153846,0.0
1,2,573,1164337923017,18.22193514337002,nan
1,1,572,1165067577856,18.233354270833335,0.0
1,2,574,1165803515126,18.2448717185935,nan
1,1,573,1166534813184,18.2563165625,0.0
1,2,575,1167269119008,18.267808478064904,nan
1,1,574,1168001701376,18.27927342147436,0.0
1,2,576,1168729731964,18.290667129344452,nan
1,1,575,1169463147008,18.302145104166666,0.0
1,2,577,1170865515890,18.32409223335462,nan
1,1,576,1171597685760,18.335550721153847,0.0
1,2,578,1172331045535,18.347027831014,nan
1,1,577,1173064973312,18.358513830128206,0.0
1,2,579,1173797010383,18.369970239617764,nan
1,1,578,1174526718464,18.381390200320514,0.0
1,2,580,1175262747899,18.39290909046662,nan
1,1,579,1176666652160,18.414880248397438,0.0
1,2,581,1177398515457,18.426333938316933,nan
1,1,580,1178128582144,18.437759511217948,0.0
1,2,582,1178863445051,18.44926014515412,nan
1,1,581,1179596832768,18.460737692307692,0.0
1,2,583,1180999143985,18.482683919036084,nan
1,1,582,1181733005312,18.49416887820513,0.0
1,2,584,1182465220459,18.505628074591222,nan
1,1,583,1183195491840,18.517056850961538,0.0
1,2,585,1183930611860,18.52856150872646,nan
1,1,584,1184663915008,18.540037732371797,0.0
1,2,586,1185396181949,18.551497739336064,nan
1,1,585,1186126901760,18.562933533653847,0.0
1,2,587,1186861105915,18.57442385809483,nan
1,1,586,1187595033600,18.58590985576923,0.0
1,2,588,1188326721076,18.597360794083034,nan
1,1,587,1189731269120,18.61934202724359,0.0
1,2,589,1190467559448,18.6308650003756,nan
1,1,588,1191199775744,18.64232421474359,0.0
1,2,590,1191933278539,18.653803562872472,nan
1,1,589,1192668329984,18.665307147435897,0.0
1,2,591,1193404360804,18.676826059257312,nan
1,1,590,1194136825856,18.688289166666667,0.0
1,2,592,1194870179738,18.699766184301133,nan
1,1,591,1195605115392,18.71126795673077,0.0
1,2,593,1197011673981,18.733280655001128,nan
1,1,592,1197746658816,18.744783197115385,0.0
1,2,594,1198482405011,18.756297654544145,nan
1,1,593,1199214577152,18.767756177884618,0.0
1,2,595,1199948133315,18.779236361224836,nan
1,1,594,1200681983488,18.790721145833334,0.0
1,1,595,1202128278016,18.813355713141025,0.0
1,2,597,1202863593601,18.824863431506035,nan
1,1,596,1204269231104,18.84686171474359,0.0
1,2,598,1205004528236,18.85836914431841,nan
1,1,597,1205736920064,18.869831105769233,0.0
1,2,599,1206470151575,18.881306208292642,nan
1,1,598,1207204820992,18.892803814102564,0.0
1,2,600,1207941362865,18.904330723923906,nan
1,1,599,1209346154496,18.92631576923077,0.0
1,2,601,1210082811551,18.937844481655024,nan
1,1,600,1210814394368,18.94929378205128,0.0
1,2,602,1211548827091,18.96078768359062,nan
1,1,601,1212282255872,18.972265873397436,0.0
1,2,603,1213015169789,18.983736005562026,nan
1,1,602,1213749790720,18.995232852564104,0.0
1,2,604,1214486099468,19.006756113969853,nan
1,1,603,1215217566720,19.01820360576923,0.0
1,2,605,1216621856300,19.040180793957834,nan
1,1,604,1217352574464,19.0516165625,0.0
1,2,606,1218082902383,19.063046223692282,nan
1,1,605,1218814484480,19.074495512820512,0.0
1,2,607,1219549920916,19.086005122508514,nan
1,1,606,1220954739712,19.107990592948717,0.0
1,2,608,1221686597791,19.119444201206306,nan
1,1,607,1222416473600,19.130866786858974,0.0
1,2,609,1223147678198,19.14231016811273,nan
1,1,608,1223877918208,19.15373845352564,0.0
1,2,610,1224608812340,19.16517697597406,nan
1,1,609,1225339804160,19.17661702724359,0.0
1,2,611,1226075027049,19.188123294912486,nan
1,1,610,1226807130112,19.199580737179488,0.0
1,2,612,1227541036440,19.211066400615987,nan
1,1,611,1228274589184,19.222546530448717,0.0
1,2,613,1229676943784,19.2444934361228,nan
1,1,612,1230409423872,19.255956778846155,0.0
1,2,614,1231142979289,19.267436950511446,nan
1,1,613,1231876642304,19.278918806089745,0.0
1,2,615,1232609202705,19.29038340571477,nan
1,1,614,1233343675904,19.30187794070513,0.0
1,2,616,1234746412557,19.323830825523963,nan
1,1,615,1235478838784,19.335293325320514,0.0
1,2,617,1236211520326,19.34675982080704,nan
1,1,616,1236946758144,19.358266322115384,0.0
1,2,618,1237681887836,19.369771131247496,nan
1,1,617,1238414738432,19.3812402724359,0.0
1,2,619,1239143116716,19.392639421762322,nan
1,1,618,1239876773376,19.404121177884615,0.0
1,2,620,1241282688428,19.42612380477514,nan
1,1,619,1242017054720,19.437616666666667,0.0
1,2,621,1242743866095,19.44899129380446,nan
1,1,620,1243473609728,19.460411810897437,0.0
1,2,622,1244205260868,19.471862180551383,nan
1,1,621,1244935629312,19.483292475961537,0.0
1,2,623,1245670875506,19.494799108354616,nan
1,1,622,1246403251200,19.506260817307695,0.0
1,2,624,1247135948976,19.517727566856973,nan
1,1,623,1248544000512,19.53976362980769,0.0
1,2,625,1249277839506,19.551248239464392,nan
1,1,624,1250011628032,19.562732059294873,0.0
1,2,626,1250743304661,19.574182827852688,nan
1,1,625,1252146015232,19.59613530448718,0.0
1,2,627,1252881852871,19.607651193018203,nan
1,1,626,1253612929024,19.619092564102566,0.0
1,2,628,1254346044683,19.630565853537536,nan
1,1,627,1255080514560,19.642060336538464,0.0
1,2,629,1255815343151,19.65356043342786,nan
1,1,628,1256547936256,19.665025544871796,0.0
1,2,630,1257280921962,19.67649680053711,nan
1,1,629,1258015390208,19.687991258012822,0.0
1,2,631,1258752067710,19.699520290433444,nan
1,1,630,1260156263424,19.721496009615386,0.0
1,2,632,1260883711649,19.732880603481195,nan
1,1,631,1261617815040,19.744369350961538,0.0
1,2,633,1262344716267,19.755745384286733,nan
1,1,632,1263079162880,19.76723950320513,0.0
1,2,634,1264486798296,19.78926905386118,nan
1,1,633,1265218941440,19.800727123397436,0.0
1,2,635,1265952850698,19.81221283268855,nan
1,1,634,1266686132224,19.82368871794872,0.0
1,2,636,1267418159689,19.83514497710399,nan
1,1,635,1268147827200,19.846564302884616,0.0
1,2,637,1268883590526,19.858079028414213,nan
1,1,636,1269615021056,19.86952594551282,0.0
1,2,638,1271019363715,19.891503964389898,nan
1,1,637,1271749216768,19.902926193910258,0.0
1,2,639,1272485406390,19.914447590989333,nan
1,1,638,1273216542208,19.925889895833333,0.0
1,2,640,1273951170541,19.93738685867701,nan
1,1,639,1274683364864,19.948845729166667,0.0
1,2,641,1275416661792,19.960321855468752,nan
1,1,640,1276150382080,19.971804607371794,0.0
1,2,642,1276882109530,19.9832561712803,nan
1,1,641,1278285188096,20.005214407051284,0.0
1,2,643,1279018406001,20.01668929664025,nan
1,1,642,1279752381440,20.02817604166667,0.0
1,2,644,1280484605845,20.03963538294083,nan
1,1,643,1281214401024,20.05105670673077,0.0
1,2,645,1282620862896,20.0730678913762,nan
1,1,644,1283355147776,20.084559479166668,0.0
1,2,646,1284087147722,20.09601530764849,nan
1,1,645,1284817149952,20.107439871794874,0.0
1,2,647,1285552963604,20.118955384928388,nan
1,1,646,1286284769280,20.130408173076923,0.0
1,2,648,1287018859841,20.141896719767253,nan
1,1,647,1287752295936,20.15337502403846,0.0
1,2,649,1288479837844,20.164761084046976,nan
1,1,648,1289214086656,20.176252107371795,0.0
1,2,650,1290621399177,20.19827660470816,nan
1,1,649,1291353875968,20.209739895833334,0.0
1,2,651,1292085171139,20.22118469455817,nan
1,1,650,1292815540224,20.232615,0.0
1,2,652,1293548203796,20.24408121425531,nan
1,1,651,1294282958848,20.25558016025641,0.0
1,2,653,1295016796736,20.267064752604167,nan
1,1,652,1295749903872,20.278537908653846,0.0
1,2,654,1296485568346,20.290051087145685,nan
1,1,653,1297217094656,20.30149950320513,0.0
1,2,655,1298618264957,20.323427874552408,nan
1,1,654,1299351603200,20.3349046474359,0.0
1,2,656,1300087096501,20.34641514706343,nan
1,1,655,1300818753024,20.35786560096154,0.0
1,2,657,1301552346597,20.369346369769758,nan
1,1,656,1302285903360,20.3808265625,0.0
1,2,658,1303017773853,20.392280365037184,nan
1,1,657,1303747283968,20.403697227564102,0.0
1,2,659,1305151149366,20.425667777287412,nan
1,1,658,1305881786368,20.437102275641028,0.0
1,2,660,1306614104702,20.448563086907804,nan
1,1,659,1307343635968,20.45998028044872,0.0
1,2,661,1308077772229,20.47146954234588,nan
1,1,660,1308810877952,20.48294267628205,0.0
1,2,662,1309547023583,20.494463384900214,nan
1,1,661,1310951279104,20.516440040064104,0.0
1,2,663,1311687881435,20.527967896055564,nan
1,1,662,1312418617344,20.539403942307693,0.0
1,2,664,1313153583632,20.550906194160657,nan
1,1,663,1313885481472,20.562360424679486,0.0
1,2,665,1314617280345,20.573813106360802,nan
1,1,664,1315347001856,20.58523327724359,0.0
1,2,666,1316080788635,20.596717069733447,nan
1,1,665,1316814012928,20.608192059294872,0.0
1,2,667,1317549286342,20.619699117682043,nan
1,1,666,1318280906752,20.631149006410258,0.0
1,2,668,1319683403225,20.65309813240247,nan
1,1,667,1320415270400,20.66455188301282,0.0
1,2,669,1321148985615,20.676034555523213,nan
1,1,668,1321882348032,20.68751170673077,0.0
1,2,670,1322615043659,20.698978422648114,nan
1,1,669,1323349511680,20.710472876602566,0.0
1,2,671,1324086034805,20.721999493016952,nan
1,1,670,1324817048064,20.733439879807694,0.0
1,2,672,1325550635691,20.74492055556077,nan
1,1,671,1326284008960,20.756397876602566,0.0
1,2,673,1327019395020,20.76790669790415,nan
1,1,672,1327751048192,20.779357099358975,0.0
1,2,674,1329151988721,20.80128187476525,nan
1,1,673,1329885406720,20.812759895833334,0.0
1,2,675,1330622315781,20.824292552161584,nan
1,1,674,1331352277504,20.835716482371794,0.0
1,2,676,1332087934548,20.847229544583836,nan
1,1,675,1332819026432,20.858671161858975,0.0
1,2,677,1334222935144,20.880642389448116,nan
1,1,676,1334952765952,20.892064270833334,0.0
1,2,678,1335686753691,20.903551208355243,nan
1,1,677,1336419601408,20.91502030448718,0.0
1,2,679,1337150601433,20.92646048416529,nan
1,1,678,1337880988672,20.93789107371795,0.0
1,2,680,1338614212138,20.94936605033679,nan
1,1,679,1339347891712,20.960848165064103,0.0
1,2,681,1340083289930,20.972357176638873,nan
1,1,680,1340814876160,20.983806530448717,0.0
1,2,682,1341547350674,20.995269785938753,nan
1,1,681,1342954024960,21.017284294871796,0.0
1,2,683,1343688109178,21.02877274229392,nan
1,1,682,1344420490240,21.04023453525641,0.0
1,2,684,1345153413568,21.051704814703527,nan
1,1,683,1345887762432,21.063197403846154,0.0
1,2,685,1346622807772,21.074700892866087,nan
1,1,684,1347354940416,21.086158798076923,0.0
1,2,686,1348087433760,21.09762234825721,nan
1,1,685,1348821942784,21.109117443910257,0.0
1,2,687,1349558205250,21.120639981000853,nan
1,1,686,1350961665024,21.14260418269231,0.0
1,2,688,1351693436761,21.154056439694138,nan
1,1,687,1352423609344,21.165483669871797,0.0
1,2,689,1353158098071,21.176978447875978,nan
1,1,688,1353890834944,21.188445809294873,0.0
1,2,690,1354621699023,21.199883861412637,nan
1,1,689,1355352382464,21.211319086538463,0.0
1,2,691,1356085221657,21.222788049269457,nan
1,1,690,1356819653632,21.234281939102566,0.0
1,2,692,1357554137658,21.24577664353591,nan
1,1,691,1358959801344,21.267775336538463,0.0
1,2,693,1359692079180,21.279235514009915,nan
1,1,692,1360426761728,21.290733325320513,0.0
1,2,694,1361160470386,21.302215895213592,nan
1,1,693,1361893499392,21.31368782852564,0.0
1,2,695,1362629323930,21.325203512025492,nan
1,1,694,1364033566720,21.34717996794872,0.0
1,2,696,1364767050909,21.358659024892955,nan
1,1,695,1365500574208,21.370138693910256,0.0
1,2,697,1366236217806,21.381651545691856,nan
1,1,696,1366967821312,21.393101169871795,0.0
1,2,698,1367700120325,21.40456167876415,nan
1,1,697,1368434398208,21.416053157051284,0.0
1,2,699,1369169394741,21.42755588223971,nan
1,1,698,1369901352448,21.439011049679486,0.0
1,2,700,1370633600376,21.450470759089544,nan
1,1,699,1372041033216,21.472497139423076,0.0
1,2,701,1372774635370,21.48397804252429,nan
1,1,700,1373508114432,21.49545701923077,0.0
1,2,702,1374235439287,21.50683968235114,nan
1,1,701,1374969548800,21.518328525641028,0.0
1,2,703,1375706774490,21.529866137225813,nan
1,1,702,1376436742144,21.541290160256413,0.0
1,2,704,1377167510311,21.552726711347532,nan
1,1,703,1377898625024,21.564168685897435,0.0
1,2,705,1378633488992,21.575669336438303,nan
1,1,704,1379365882368,21.587131322115386,0.0
1,2,706,1380770083956,21.609107133225663,nan
1,1,705,1381500704768,21.62054137820513,0.0
1,2,707,1382236156858,21.632051232878858,nan
1,1,706,1382968146944,21.643506907051282,0.0
1,2,708,1383702245097,21.654995572556718,nan
1,1,707,1384435384832,21.666469238782053,0.0
1,2,709,1385163268673,21.677860650055713,nan
1,1,708,1385896933888,21.689342540064104,0.0
1,2,710,1386629060469,21.700800350388747,nan
1,1,709,1387363707392,21.712297604166668,0.0
1,2,711,1388769674107,21.734301039585212,nan
1,1,710,1389503566336,21.745786482371795,0.0
1,2,712,1390240265367,21.75731585172213,nan
1,1,711,1390971080704,21.76875314102564,0.0
1,2,713,1391705821143,21.780251858332708,nan
1,1,712,1393110234624,21.802230985576923,0.0
1,2,714,1393846368215,21.813751505768604,nan
1,1,713,1394577066496,21.825186963141025,0.0
1,2,715,1395311419147,21.836679611550355,nan
1,1,714,1396044022272,21.848144879807695,0.0
1,2,716,1396775953489,21.85959963267791,nan
1,1,715,1397505449984,21.871016282051283,0.0
1,2,717,1398239440275,21.882503259512095,nan
1,1,716,1398972103680,21.893969471153845,0.0
1,2,718,1399702995677,21.90540796018943,nan
1,1,717,1400433227776,21.916836121794873,0.0
1,2,719,1401835447051,21.93878090962728,nan
1,1,718,1402566898688,21.95022815705128,0.0
1,2,720,1403298949194,21.961684776799128,nan
1,1,719,1404033137152,21.97317484775641,0.0
1,2,721,1404769326966,21.984696247840294,nan
1,1,720,1405499729920,21.996127083333334,0.0
1,2,722,1406234622139,22.007628176003482,nan
1,1,721,1406966326272,22.019079375,0.0
1,2,723,1407700597246,22.030570745161008,nan
1,1,722,1408432997888,22.042032844551283,0.0
1,2,724,1409834679827,22.06396922305376,nan
1,1,723,1410566747136,22.075426105769232,0.0
1,2,725,1411297764698,22.086866559902095,nan
1,1,724,1412027951616,22.09829401442308,0.0
1,2,726,1412761381548,22.10977222224309,nan
1,1,725,1413494550528,22.121246346153846,0.0
1,2,727,1414229757404,22.13275236321865,nan
1,1,726,1415634160640,22.154731330128207,0.0
1,2,728,1416367425514,22.166206954783906,nan
1,1,727,1417100973568,22.177687011217948,0.0
1,2,729,1417836022542,22.189190557110127,nan
1,1,728,1418567749632,22.200642115384618,0.0
1,2,730,1419299714650,22.212097397241838,nan
1,1,729,1420701226496,22.234031113782052,0.0
1,2,731,1421432683151,22.245478439737955,nan
1,1,730,1422162102272,22.25689387820513,0.0
1,2,732,1422895954391,22.268378693268605,nan
1,1,731,1423628347392,22.279840673076922,0.0
1,2,733,1424359340324,22.2912807417493,nan
1,1,732,1425089821184,22.30271279647436,0.0
1,2,734,1425822741102,22.31418302255484,nan
1,1,733,1426556843008,22.32567174679487,0.0
1,2,735,1427291590549,22.337170575248525,nan
1,1,734,1428696021504,22.35914997596154,0.0
1,2,736,1429430900132,22.37065085593199,nan
1,1,735,1430162844160,22.382105809294874,0.0
1,2,737,1430895987927,22.393579538621168,nan
1,1,736,1431629928960,22.40506574519231,0.0
1,2,738,1432367010321,22.41660109802246,nan
1,1,737,1433097442304,22.428032387820515,0.0
1,2,739,1434502670373,22.450024263399566,nan
1,1,738,1435237317120,22.461521514423076,0.0
1,2,740,1435973641027,22.473045013067782,nan
1,1,739,1436704818688,22.484487972756412,0.0
1,2,741,1437439330434,22.495983111008865,nan
1,1,740,1438172299776,22.507454110576923,0.0
1,2,742,1438904669131,22.518915720324394,nan
1,1,741,1440306750464,22.540858349358974,0.0
1,2,743,1441039546865,22.552326642393457,nan
1,1,742,1441774131712,22.56382292467949,0.0
1,2,744,1442510192384,22.575342303685897,nan
1,1,743,1443241169408,22.586782123397438,0.0
1,2,745,1443975939665,22.598281307357396,nan
1,1,744,1444708225536,22.609741610576922,0.0
1,2,746,1446111928942,22.63170962511894,nan
1,1,745,1446843378176,22.643156834935898,0.0
1,1,746,1446891601920,22.643911538461538,0.0
1,2,747,1447624850620,22.65538690999349,nan
1,1,747,1448355244032,22.666817596153848,0.0
1,2,748,1449090726896,22.678327932441906,nan
1,1,748,1449822105088,22.689774030448717,0.0
1,2,749,1450556248375,22.70126340230306,nan
1,1,749,1451289547776,22.712739567307693,0.0
1,2,750,1452691366231,22.73467808229104,nan
1,1,750,1453424529408,22.746152115384618,0.0
1,2,751,1454156494484,22.75760739814954,nan
1,1,751,1454886383616,22.769030192307692,0.0
1,2,752,1455621976019,22.780542242885492,nan
1,1,752,1456353723904,22.791994126602564,0.0
1,2,753,1457087801111,22.80348246430226,nan
1,1,753,1457820844032,22.814954615384615,0.0
1,2,754,1458553925716,22.826427373109475,nan
1,1,754,1459287859200,22.837913461538463,0.0
1,2,755,1460020047768,22.84937224196214,nan
1,1,755,1461422002688,22.871312892628207,0.0
1,2,756,1462156238254,22.882803708652595,nan
1,1,756,1462888835584,22.89426888621795,0.0
1,2,757,1463621327598,22.905732415583685,nan
1,1,757,1464355992064,22.917229943910257,0.0
1,2,758,1465090339866,22.928722516432543,nan
1,1,758,1465822967296,22.940188165064104,0.0
1,2,759,1466554150759,22.95163121555426,nan
1,1,759,1467284545024,22.963061915064102,0.0
1,2,760,1468019457203,22.97456332010905,nan
1,1,760,1469424111104,22.996546209935897,0.0
1,2,761,1470159344311,23.008052639081907,nan
1,1,761,1470891416576,23.019509599358976,0.0
1,2,762,1471622609404,23.03095279641176,nan
1,1,762,1472353303552,23.042388189102564,0.0
1,2,763,1473087033667,23.053871094798552,nan
1,1,763,1473820554240,23.065350721153848,0.0
1,2,764,1474556993148,23.07687601956881,nan
1,1,764,1475287963648,23.08831573717949,0.0
1,2,765,1476020411320,23.099778572591145,nan
1,1,765,1476755188736,23.111277868589745,0.0
1,2,766,1477490576615,23.12278671835875,nan
1,1,766,1478894814208,23.14476309294872,0.0
1,2,767,1479626694385,23.15621704704089,nan
1,1,767,1480356284928,23.167635168269232,0.0
1,2,768,1481092570164,23.179158061711238,nan
1,1,768,1481823252992,23.19059327724359,0.0
1,2,769,1482558592882,23.202101375982824,nan
1,1,769,1483290618368,23.213557604166667,0.0
1,2,770,1484023964852,23.225034506022137,nan
1,1,770,1484758258176,23.23652622596154,0.0
1,2,771,1486164734648,23.258537639097558,nan
1,1,771,1486898863104,23.270026778846155,0.0
1,2,772,1487635709916,23.28155846097506,nan
1,1,772,1488365693440,23.292982732371797,0.0
1,2,773,1489101478686,23.304497800950273,nan
1,1,773,1489832811008,23.315943181089743,0.0
1,2,774,1490566878300,23.32743136361929,nan
1,1,774,1491300010496,23.338904911858975,0.0
1,2,775,1492702235252,23.360849785469252,nan
1,1,775,1493434389504,23.372308028846156,0.0
1,2,776,1494167640506,23.3837834364045,nan
1,1,776,1494901494784,23.39526828525641,0.0
1,2,777,1495638200024,23.406797751777844,nan
1,1,777,1496368390144,23.418225256410256,0.0
1,2,778,1497103856669,23.429735336992312,nan
1,1,778,1497835751936,23.44118952724359,0.0
1,2,779,1499239077959,23.46315163572654,nan
1,1,779,1499970806272,23.474603213141027,0.0
1,2,780,1500704627586,23.48608754610502,nan
1,1,780,1501438412800,23.497571314102565,0.0
1,2,781,1502840905104,23.519520374849762,nan
1,1,781,1503573903360,23.530991826923078,0.0
1,2,782,1504306610907,23.542458729388898,nan
1,1,782,1505041458688,23.553959126602564,0.0
1,2,783,1505777412105,23.56547682706393,nan
1,1,783,1506508619776,23.576920256410258,0.0
1,2,784,1507243164482,23.58841591048803,nan
1,1,784,1507976054784,23.599885673076923,0.0
1,2,785,1508708793983,23.611353070897813,nan
1,1,785,1510115854848,23.633373629807693,0.0
1,2,786,1510849935996,23.644862029184196,nan
1,1,786,1511582970880,23.65633405448718,0.0
1,2,787,1512315340729,23.66779567196577,nan
1,1,787,1513049553408,23.679286129807693,0.0
1,2,788,1513786436332,23.690818377090846,nan
1,1,788,1514515966464,23.702235552884616,0.0
1,2,789,1515252039217,23.71375512095916,nan
1,1,789,1515982499328,23.72518685096154,0.0
1,2,790,1516717707120,23.73669288236178,nan
1,1,790,1518121879552,23.75866823717949,0.0
1,2,791,1518849826718,23.770060639491938,nan
1,1,791,1519583584768,23.781543982371794,0.0
1,2,792,1520315852005,23.793003993968476,nan
1,1,792,1521717752832,23.814943798076925,0.0
1,2,793,1522450693883,23.8264143548897,nan
1,1,793,1523184303616,23.837895376602564,0.0
1,2,794,1523919496247,23.84940117073255,nan
1,1,794,1524650987520,23.860849038461538,0.0
1,2,795,1525382972799,23.872304637404223,nan
1,1,795,1526112097792,23.88371547275641,0.0
1,2,796,1526846523076,23.895209257875102,nan
1,1,796,1527579015680,23.90667279647436,0.0
1,2,797,1528310209556,23.918116009928386,nan
1,1,797,1529712741376,23.940065689102564,0.0
1,2,798,1530448493104,23.951580233122996,nan
1,1,798,1531179003392,23.963012748397436,0.0
1,2,799,1531912247677,23.97448805083446,nan
1,1,799,1532645552128,23.985964294871795,0.0
1,2,800,1533380802225,23.99747098834698,nan
1,1,800,1534112129536,24.008916290064104,0.0
1,2,801,1534844215292,24.020373461475863,nan
1,1,801,1535578420224,24.031863798076923,0.0
1,2,802,1536313096500,24.04336151123047,nan
1,1,802,1537044854272,24.054813549679487,0.0
1,2,803,1537776802429,24.066268567661385,nan
1,1,803,1539183860736,24.088289086538463,0.0
1,2,804,1539915311241,24.09973631624662,nan
1,1,804,1540645187584,24.11115891025641,0.0
1,2,805,1541379129305,24.122645127594776,nan
1,1,805,1542784855040,24.144644791666668,0.0
1,2,806,1543516687850,24.15609800446339,nan
1,1,806,1544246496256,24.16751953525641,0.0
1,2,807,1544980540723,24.179007360573795,nan
1,1,807,1545713437184,24.190477219551283,0.0
1,2,808,1546444076680,24.2019117569361,nan
1,1,808,1547174921216,24.21334950320513,0.0
1,2,809,1547909337540,24.22484314809946,nan
1,1,809,1548642244608,24.236313173076923,0.0
1,2,810,1550045631463,24.258276233583107,nan
1,1,810,1550776451072,24.269713589743592,0.0
1,2,811,1551508733749,24.281173842976887,nan
1,1,811,1552243195904,24.292668205128205,0.0
1,2,812,1552977342588,24.304157630145735,nan
1,1,812,1553710101504,24.315625336538464,0.0
1,2,813,1554440656331,24.327058548850037,nan
1,1,813,1555171519488,24.33849658653846,0.0
1,2,814,1555904127756,24.349961935283954,nan
1,1,814,1556637708288,24.3614425,0.0
1,2,815,1558042283294,24.383424155116938,nan
1,1,815,1558776779776,24.39491905448718,0.0
1,2,816,1559511437395,24.406416475657927,nan
1,1,816,1560243429376,24.41787217948718,0.0
1,2,817,1560974930866,24.42932020711263,nan
1,1,817,1561704379392,24.440736105769233,0.0
1,2,818,1562439122168,24.452234859650442,nan
1,1,818,1563170954752,24.46368806891026,0.0
1,2,819,1564572631844,24.48562437155699,nan
1,1,819,1565304741888,24.497081923076923,0.0
1,2,820,1566036703359,24.508537149423454,nan
1,1,820,1566771073024,24.520030064102563,0.0
1,2,821,1567506822571,24.53154457399026,nan
1,1,821,1568237444096,24.542978830128206,0.0
1,2,822,1569642523085,24.564968372599285,nan
1,1,822,1570376710656,24.5764584375,0.0
1,2,823,1571113328887,24.587986542327098,nan
1,1,823,1571843343872,24.599411306089745,0.0
1,2,824,1572578966591,24.610923831114157,nan
1,1,824,1573310092288,24.622365977564105,0.0
1,2,825,1574045051275,24.633868115156126,nan
1,1,825,1574776678400,24.645318108974358,0.0
1,2,826,1575510674641,24.65680517955291,nan
1,1,826,1576243160576,24.66826861378205,0.0
1,2,827,1577647078642,24.690239987761668,nan
1,1,827,1578376497664,24.701655424679487,0.0
1,2,828,1579112839227,24.713179199641303,nan
1,1,828,1580515051008,24.735123870192307,0.0
1,2,829,1581243826815,24.746529240769608,nan
1,1,829,1581976455680,24.757994911858976,0.0
1,2,830,1582709957569,24.76947424580892,nan
1,1,830,1583442995200,24.780946314102565,0.0
1,2,831,1584175272197,24.792406478443635,nan
1,1,831,1584910043136,24.803905673076923,0.0
1,2,832,1585645012531,24.815407973554564,nan
1,1,832,1586376962048,24.826863012820514,0.0
1,2,833,1587108385685,24.838309822043396,nan
1,1,833,1588510674944,24.860255705128207,0.0
1,2,834,1589246524333,24.871771777547202,nan
1,1,834,1589977326592,24.883208862179487,0.0
1,2,835,1591379954665,24.905160047716972,nan
1,1,835,1592111260672,24.916605016025642,0.0
1,2,836,1592844516141,24.928080493492715,nan
1,1,836,1593577916416,24.939558237179487,0.0
1,2,837,1594313954405,24.95107726119604,nan
1,1,837,1595045110784,24.962519887820513,0.0
1,2,838,1595778252720,24.973993588491588,nan
1,1,838,1596511875584,24.98547481570513,0.0
1,2,839,1597247356653,24.996985123901368,nan
1,1,839,1598651203072,25.018955376602566,0.0
1,2,840,1599385813257,25.03045205542931,nan
1,1,840,1600117642752,25.041905216346155,0.0
1,2,841,1600849950304,25.053365858874198,nan
1,1,841,1602256804352,25.075383181089745,0.0
1,2,842,1602990557301,25.08686644413875,nan
1,1,842,1603723560448,25.09833797275641,0.0
1,2,843,1604454707138,25.109780447747646,nan
1,1,843,1605184687104,25.12120466346154,0.0
1,2,844,1605918292241,25.13268561324682,nan
1,1,844,1606651867648,25.14416609775641,0.0
1,2,845,1607387209296,25.155674224008415,nan
1,1,845,1608119360000,25.167132411858976,0.0
1,2,846,1609520017045,25.189052750729292,nan
1,1,846,1610253991424,25.200539479166668,0.0
1,2,847,1610989202371,25.212045559942784,nan
1,1,847,1611720524800,25.223490785256413,0.0
1,2,848,1612454712588,25.234980853553186,nan
1,1,848,1613187200512,25.246444318910257,0.0
1,2,849,1613920031846,25.257913158647586,nan
1,1,849,1614653671424,25.2693946474359,0.0
1,2,850,1616055803539,25.291338071210813,nan
1,1,850,1616786867712,25.302779254807692,0.0
1,2,851,1617520846311,25.314266049288236,nan
1,1,851,1618252855808,25.32572202724359,0.0
1,2,852,1618984659259,25.337174780570788,nan
1,1,852,1619719007232,25.34866735576923,0.0
1,2,853,1620453487737,25.360162005098783,nan
1,1,853,1621857752064,25.382138798076923,0.0
1,2,854,1622591964822,25.393629257155197,nan
1,1,854,1623323886080,25.405083854166666,0.0
1,2,855,1624056227307,25.416545023709812,nan
1,1,855,1624789726720,25.428024318910257,0.0
1,2,856,1625526076193,25.439548217663887,nan
1,1,856,1626255903744,25.450970048076925,0.0
1,2,857,1626989734524,25.462454529184196,nan
1,1,857,1627722293248,25.473919102564103,0.0
1,2,858,1628453664728,25.485365095527847,nan
1,1,858,1629855755264,25.507307868589745,0.0
1,2,859,1630586995214,25.518751803103715,nan
1,1,859,1631316760576,25.53017266025641,0.0
1,2,860,1632051129188,25.54166555845603,nan
1,1,860,1632783462912,25.553126610576925,0.0
1,2,861,1633515632825,25.564585099049104,nan
1,1,861,1634244536832,25.575992475961538,0.0
1,2,862,1634980058630,25.58750342156826,nan
1,1,862,1635711192576,25.598945697115386,0.0
1,2,863,1636444238681,25.61041789802747,nan
1,1,863,1637850497536,25.63242590544872,0.0
1,2,864,1638584221049,25.643908707823144,nan
1,1,864,1639317554688,25.655385408653846,0.0
1,2,865,1640053677238,25.666905756053435,nan
1,1,865,1640784807424,25.67834797275641,0.0
1,2,866,1641517975563,25.689822083505483,nan
1,1,866,1642252222464,25.70131307692308,0.0
1,2,867,1642987576133,25.712821391304214,nan
1,1,867,1643719811072,25.724280897435897,0.0
1,2,868,1644448080040,25.73567833596254,nan
1,1,868,1645854153728,25.75768344551282,0.0
1,2,869,1646589249735,25.769187727473334,nan
1,1,869,1647321061888,25.78064061698718,0.0
1,2,870,1648055186441,25.79212969565367,nan
1,1,870,1648787886592,25.803596482371795,0.0
1,2,871,1649521311573,25.81507461270846,nan
1,1,871,1650254324736,25.826546298076924,0.0
1,2,872,1650987783318,25.838024954270583,nan
1,1,872,1651721104896,25.849501466346155,0.0
1,2,873,1652456855513,25.861015992979393,nan
1,1,873,1653860662272,25.882985625,0.0
1,2,874,1654596221953,25.89449716347719,nan
1,2,875,1654643794692,25.895241678748498,nan
1,1,874,1655381171712,25.90678165865385,0.0
1,2,876,1656115442741,25.918273029675607,nan
1,1,875,1656848091136,25.92973900641026,0.0
1,2,877,1657575460770,25.941122370323768,nan
1,1,876,1658309649408,25.952612451923077,0.0
1,2,878,1659045883606,25.96413454661834,nan
1,1,877,1659776727040,25.975572275641028,0.0
1,2,879,1660509462074,25.9870396082795,nan
1,1,878,1661916676608,26.009062572115386,0.0
1,2,880,1662648569422,26.020516723977114,nan
1,1,879,1663378221056,26.031935801282053,0.0
1,2,881,1664114389918,26.043456873466297,nan
1,1,880,1664845002240,26.054890985576925,0.0
1,2,882,1665580139756,26.06639591715495,nan
1,1,881,1666312488448,26.077857203525642,0.0
1,2,883,1667045266490,26.089325209241036,nan
1,1,882,1667780111360,26.100825560897437,0.0
1,2,884,1668515709807,26.11233770606408,nan
1,1,883,1669920393728,26.13432106570513,0.0
1,2,885,1670656393095,26.145839485285833,nan
1,1,884,1671387606016,26.157282996794873,0.0
1,2,886,1672122141903,26.168778512854942,nan
1,1,885,1672854645760,26.180242227564104,0.0
1,2,887,1673587290656,26.191708149539263,nan
1,1,886,1674321179648,26.203193541666668,0.0
1,2,888,1675055976794,26.214693146440556,nan
1,1,887,1675788017152,26.226149607371795,0.0
1,2,889,1676519888056,26.23760341634115,nan
1,1,888,1677249252352,26.249017996794873,0.0
1,2,890,1678652685558,26.270981782696065,nan
1,1,889,1679383518208,26.282419342948717,0.0
1,2,891,1680116353100,26.29388823836889,nan
1,1,890,1680850297856,26.30537450320513,0.0
1,2,892,1681585554815,26.31688130407089,nan
1,1,891,1682317030400,26.32832892628205,0.0
1,2,893,1683050479319,26.339807431249376,nan
1,1,892,1683784278528,26.35129141826923,0.0
1,2,894,1685187372791,26.373249899698894,nan
1,1,893,1685919021056,26.384700224358976,0.0
1,2,895,1686652496459,26.39617914380196,nan
1,1,894,1687386461696,26.407665729166666,0.0
1,2,896,1688121880963,26.41917507015913,nan
1,1,895,1688854336512,26.430638028846154,0.0
1,2,897,1690257938352,26.4526044538762,nan
1,1,896,1690989130752,26.46404764423077,0.0
1,2,898,1691723781883,26.47554496386406,nan
1,1,897,1692456891904,26.487018165064104,0.0
1,2,899,1693189667912,26.498486138947317,nan
1,1,898,1693924482560,26.509986017628204,0.0
1,2,900,1694661251952,26.52151648813101,nan
1,1,899,1695392162304,26.532955264423077,0.0
1,2,901,1696127299266,26.54446018733098,nan
1,1,900,1696859912704,26.55592561698718,0.0
1,2,902,1697593248268,26.56740234794421,nan
1,1,901,1699000719360,26.589429326923078,0.0
1,2,903,1699732201009,26.600877044036082,nan
1,1,902,1700463324672,26.612319158653847,0.0
1,2,904,1701196384120,26.623791568384416,nan
1,1,903,1701930931712,26.635287267628208,0.0
1,2,905,1702662482120,26.646736060822317,nan
1,1,904,1703392973824,26.658168285256412,0.0
1,2,906,1704128429079,26.669678189462516,nan
1,1,905,1704860196864,26.681130384615386,0.0
1,2,907,1706265006141,26.70311570608286,nan
1,1,906,1706995542528,26.714548629807695,0.0
1,2,908,1707729296261,26.726031905126327,nan
1,1,907,1708463110144,26.737516121794872,0.0
1,2,909,1709198622915,26.749026926128682,nan
1,1,908,1709930261504,26.760477099358976,0.0
1,2,910,1710662805032,26.771941434920873,nan
1,1,909,1712070603776,26.793973541666666,0.0
1,2,911,1712802990155,26.80543541784042,nan
1,2,912,1712850572106,26.806180077279897,nan
1,1,910,1713591397376,26.8177740224359,0.0
1,2,913,1714327840357,26.829299384593476,nan
1,1,911,1715058327552,26.84073153846154,0.0
1,2,914,1715788996046,26.852166529666217,nan
1,1,912,1716519742976,26.863602748397437,0.0
1,2,915,1717255587078,26.87511873807467,nan
1,1,913,1717986632704,26.886559631410258,0.0
1,2,916,1718716705404,26.897985298414966,nan
1,1,914,1719448400384,26.90943635416667,0.0
1,2,917,1720853422240,26.931425002504007,nan
1,1,915,1721583219712,26.942846362179488,0.0
1,2,918,1722319734768,26.954372852313703,nan
1,1,916,1723050652160,26.96581173878205,0.0
1,2,919,1723785898300,26.97731837033003,nan
1,1,917,1724517710336,26.98877125801282,0.0
1,2,920,1725250129547,27.000233648008688,nan
1,1,918,1725984582656,27.011727868589745,0.0
1,2,921,1726719243727,27.023225343784432,nan
1,1,919,1728124460544,27.045217043269233,0.0
1,2,922,1728858447851,27.056703974030324,nan
1,1,920,1729591087616,27.06816981570513,0.0
1,2,923,1730322768696,27.079620653921275,nan
1,1,921,1731052539392,27.09104159455128,0.0
1,2,924,1731787208323,27.102539192755284,nan
1,1,922,1732519320064,27.113996770833335,0.0
1,2,925,1733253355480,27.125484454502203,nan
1,1,923,1734658492416,27.147474903846156,0.0
1,2,926,1735394930674,27.15900019208859,nan
1,1,924,1736125693952,27.170436666666667,0.0
1,2,927,1736861151024,27.181946599308894,nan
1,1,925,1737592832000,27.193397435897438,0.0
1,2,928,1738322306707,27.204813744287737,nan
1,1,926,1739054010368,27.21626493589744,0.0
1,2,929,1739787999213,27.227751890728292,nan
1,1,927,1741193943552,27.24975497596154,0.0
1,2,930,1741927777789,27.261239511171,nan
1,1,928,1742660987904,27.272714278846156,0.0
1,2,931,1743391778135,27.28415117523976,nan
1,1,929,1744122411008,27.29558560897436,0.0
1,2,932,1744855737503,27.307062198001177,nan
1,1,930,1745589619200,27.31854747596154,0.0
1,2,933,1746326553567,27.330080528329702,nan
1,1,931,1747056609792,27.3415059375,0.0
1,2,934,1748462404106,27.36350667483599,nan
1,1,932,1749196195840,27.374990544871796,0.0
1,2,935,1749923386233,27.386371103656476,nan
1,1,933,1750658317312,27.39787280448718,0.0
1,2,936,1751395129506,27.409403944843,nan
1,1,934,1752125245952,27.42083029647436,0.0
1,2,937,1752856332807,27.432271835045448,nan
1,1,935,1753586725888,27.443702516025642,0.0
1,2,938,1754993062971,27.465711747718224,nan
1,1,936,1755726283776,27.47718668269231,0.0
1,2,939,1756458086266,27.48863942097982,nan
1,1,937,1757188011520,27.50006278044872,0.0
1,2,940,1757922206407,27.51155295984513,nan
1,1,938,1759327677440,27.533548637820513,0.0
1,2,941,1760061351667,27.545030668867064,nan
1,1,939,1760794881536,27.55651044070513,0.0
1,2,942,1761531121200,27.56803262094351,nan
1,1,940,1762261989376,27.579470737179488,0.0
1,2,943,1762996066175,27.590959068493966,nan
1,1,941,1763728952320,27.602428766025643,0.0
1,2,944,1764457482965,27.61383029980782,nan
1,1,942,1765862707200,27.635822115384617,0.0
1,2,945,1766595033854,27.647283056859727,nan
1,1,943,1767329263104,27.658773774038462,0.0
1,2,946,1768056750681,27.67015898376465,nan
1,1,944,1768790494208,27.681642099358974,0.0
1,2,947,1770193271442,27.703595619272086,nan
1,1,945,1770923807232,27.715028533653847,0.0
1,2,948,1771658245083,27.72652251544659,nan
1,1,946,1772390263808,27.737978637820515,0.0
1,2,949,1773122940722,27.749445060878656,nan
1,1,947,1773856749056,27.76092919070513,0.0
1,2,950,1774593398382,27.772457782170225,nan
1,1,948,1775323742208,27.783887692307694,0.0
1,2,951,1776057838526,27.795376329095305,nan
1,1,949,1776790269952,27.80683891025641,0.0
1,2,952,1777522089737,27.818291919211365,nan
1,1,950,1778251036672,27.82969996794872,0.0
1,2,953,1779657629499,27.851713202045147,nan
1,1,951,1780390094848,27.863176314102564,0.0
1,2,954,1781122077837,27.874631877206657,nan
1,1,952,1781856466432,27.886125088141025,0.0
1,2,955,1782593466825,27.897659173818735,nan
1,1,953,1783323105792,27.909078052884617,0.0
1,2,956,1784054299420,27.920521262457434,nan
1,1,954,1784784168960,27.931943750000002,0.0
1,2,957,1785515389579,27.943387381983047,nan
1,1,955,1786245040640,27.954806450320515,0.0
1,2,958,1786980152281,27.966310976953753,nan
1,1,956,1788383939584,27.98828030448718,0.0
1,2,959,1789115346453,27.99972685129019,nan
1,1,957,1789845374464,28.011151818910257,0.0
1,2,960,1790580077922,28.02264995746319,nan
1,1,958,1791312099328,28.034106121794874,0.0
1,2,961,1792044515507,28.04556846433982,nan
1,1,959,1792778545152,28.057056057692307,0.0
1,2,962,1793515567591,28.0685904883908,nan
1,1,960,1794917624320,28.090532732371795,0.0
1,2,963,1795647190078,28.101950465713895,nan
1,1,961,1796378944000,28.113402443910257,0.0
1,2,964,1797108319643,28.12481720194499,nan
1,1,962,1797840189440,28.136270993589743,0.0
1,2,965,1798569437436,28.14768375394381,nan
1,1,963,1799301647872,28.159142876602566,0.0
1,2,966,1800706845995,28.181134283525516,nan
1,1,964,1801441008640,28.192623958333336,0.0
1,2,967,1802168167053,28.20400401662973,nan
1,1,965,1802902258688,28.215492580128206,0.0
1,2,968,1803634708953,28.226955456120418,nan
1,1,966,1804368700416,28.238442451923078,0.0
1,2,969,1805100555555,28.249896014169547,nan
1,1,967,1805829728256,28.26130759615385,0.0
1,2,970,1806561146506,28.272754321069964,nan
1,1,968,1807291143680,28.284178806089745,0.0
1,2,971,1808697622194,28.306190251183143,nan
1,1,969,1809430602240,28.317661418269232,0.0
1,2,972,1810163569151,28.329132379792043,nan
1,1,970,1810897044480,28.340611298076922,0.0
1,2,973,1811628064090,28.352051784261068,nan
1,1,971,1812358152192,28.363477692307693,0.0
1,2,974,1813092237996,28.37496616455078,nan
1,1,972,1814497198080,28.396953846153846,0.0
1,1,973,1815888723456,28.418731274038464,0.0
1,2,975,1816625851777,28.430267361794495,nan
1,1,974,1817355835904,28.441691642628207,0.0
1,2,976,1818091464917,28.45320426615397,nan
1,1,975,1819495308800,28.475174479166668,0.0
1,2,977,1820226778377,28.48662200735239,nan
1,1,976,1820956517888,28.4980424599359,0.0
1,2,978,1821690202223,28.509524649173052,nan
1,1,977,1822423248896,28.52099685897436,0.0
1,2,979,1823153847751,28.532430760325898,nan
1,1,978,1823884615168,28.543867299679487,0.0
1,2,980,1824618016530,28.555345060377856,nan
1,1,979,1825352045056,28.56683263621795,0.0
1,2,981,1826087524945,28.57834292594714,nan
1,1,980,1826818953216,28.58978980769231,0.0
1,2,982,1827551671219,28.60125687379495,nan
1,1,981,1828959173120,28.6232843349359,0.0
1,2,983,1829690939347,28.634736505706005,nan
1,1,982,1830421021184,28.64616231570513,0.0
1,2,984,1831824598027,28.668128349531127,nan
1,1,983,1832555246592,28.679563028846154,0.0
1,2,985,1833289214297,28.69104965283516,nan
1,1,984,1834022230528,28.70252138621795,0.0
1,2,986,1834753383613,28.713963961291192,nan
1,1,985,1835483302400,28.725387219551283,0.0
1,2,987,1836218358789,28.736890881488506,nan
1,1,986,1836950020608,28.74834141826923,0.0
1,2,988,1837682983274,28.759812313357624,nan
1,1,987,1838417308672,28.771304535256412,0.0
1,2,989,1839820293515,28.79326130425869,nan
1,1,988,1840551396864,28.80470310096154,0.0
1,2,990,1841281518320,28.8161295309996,nan
1,1,989,1842012072960,28.827562740384618,0.0
1,2,991,1842747722313,28.8390756822322,nan
1,1,990,1843478691328,28.850515376602566,0.0
1,2,992,1844209074088,28.861945896058696,nan
1,1,991,1844939653120,28.873379487179488,0.0
1,2,993,1845675429098,28.884894410713393,nan
1,1,992,1846406421504,28.896334471153846,0.0
1,2,994,1847141759546,28.907842540971806,nan
1,1,993,1848546339328,28.929824270833333,0.0
1,2,995,1849273159293,28.941199032404974,nan
1,1,994,1850007481856,28.9526912099359,0.0
1,2,996,1850734250484,28.96406516808143,nan
1,1,995,1851463494656,28.975477868589746,0.0
1,2,997,1852200731953,28.987015661824547,nan
1,1,996,1852930472448,28.998436129807693,0.0
1,2,998,1853666903185,29.00996130034618,nan
1,1,997,1854397448704,29.02139436698718,0.0
1,2,999,1855803081398,29.043392574963693,nan
1,1,998,1856537660416,29.05488876602564,0.0
1,2,1000,1857274569211,29.06642141819098,nan
1,1,999,1858004677120,29.07784763621795,0.0
1,2,1001,1858740733239,29.08936694396973,nan
1,1,1000,1859471686656,29.10080639423077,0.0
1,2,1002,1860877226341,29.122803146612707,nan
1,1,1001,1861611006976,29.13428684294872,0.0
1,2,1003,1862338515151,29.14567237503443,nan
1,1,1002,1863072224256,29.15715495192308,0.0
1,2,1004,1863799776306,29.168541170654297,nan
1,1,1003,1864533235200,29.18001983173077,0.0
1,2,1005,1865260853140,29.19140708164313,nan
1,1,1004,1865994263552,29.20288498397436,0.0
1,2,1006,1866721946369,29.21427324921437,nan
1,1,1005,1867455382528,29.22575155448718,0.0
1,2,1007,1868858516273,29.247710653811726,nan
1,1,1006,1869588676608,29.259137692307693,0.0
1,2,1008,1870323951749,29.27064477772248,nan
1,1,1007,1871055013376,29.28208592147436,0.0
1,2,1009,1871787912145,29.29355581657214,nan
1,1,1008,1872521421824,29.305035272435898,0.0
1,2,1010,1873257591058,29.316556350441957,nan
1,1,1009,1873987815936,29.327984399038463,0.0
1,2,1011,1875391667018,29.349954724715797,nan
1,1,1010,1876121125376,29.36137077724359,0.0
1,2,1012,1876856461984,29.37287882461939,nan
1,1,1011,1877587482624,29.384319326923077,0.0
1,2,1013,1878317961219,29.395751346200797,nan
1,1,1012,1879048699904,29.407187435897438,0.0
1,2,1014,1880454300722,29.42918514501327,nan
1,1,1013,1881188063744,29.440668565705128,0.0
1,2,1015,1881924202870,29.452189172519784,nan
1,1,1014,1882655010816,29.46362634615385,0.0
1,2,1016,1883388605127,29.475107126511794,nan
1,1,1015,1884121453056,29.48657622596154,0.0
1,2,1017,1884852954646,29.498024255151993,nan
1,1,1016,1885582477312,29.509441314102563,0.0
1,2,1018,1886317212520,29.52093994954427,nan
1,1,1017,1887048857088,29.532390216346155,0.0
1,2,1019,1887781451979,29.543855355741062,nan
1,1,1018,1888514912768,29.55533404647436,0.0
1,2,1020,1889920550111,29.57733232720791,nan
1,1,1019,1890653988864,29.588810673076924,0.0
1,2,1021,1891385162812,29.600253574656954,nan
1,1,1020,1892114588160,29.611669110576923,0.0
1,2,1022,1892849831308,29.62317569529998,nan
1,1,1021,1893581357056,29.634624102564104,0.0
1,2,1023,1894314227931,29.646093561119667,nan
1,1,1022,1895047823360,29.657574358974358,0.0
1,2,1024,1895784896524,29.669109583521134,nan
1,1,1023,1896514272256,29.68052434294872,0.0
1,2,1025,1897916795992,29.702473895607973,nan
1,1,1024,1898647210496,29.713904911858975,0.0
1,2,1026,1899381506476,29.725396673364884,nan
1,1,1025,1900113413120,29.736851041666668,0.0
1,2,1027,1900846226683,29.748319603287136,nan
1,1,1026,1901579717120,29.75979875801282,0.0
1,2,1028,1902315950644,29.771320842159955,nan
1,1,1027,1903718200832,29.793266113782053,0.0
1,2,1029,1904450154610,29.804721219732823,nan
1,1,1028,1905184048640,29.81620669070513,0.0
1,2,1030,1905919880610,29.827722490516077,nan
1,1,1029,1906650354688,29.839154439102565,0.0
1,2,1031,1907384190198,29.850638994234526,nan
1,1,1030,1908789103104,29.8726259375,0.0
1,2,1032,1909523519238,29.884119579420823,nan
1,1,1031,1910254889984,29.895565560897438,0.0
1,2,1033,1910988471403,29.90704613949507,nan
1,1,1032,1911721199616,29.918513365384616,0.0
1,2,1034,1912453825976,29.929978997270634,nan
1,1,1033,1913187481088,29.941460729166668,0.0
1,2,1035,1913919441151,29.95291593347794,nan
1,1,1034,1914653639680,29.964406169871797,0.0
1,2,1036,1916059632411,29.986410012441784,nan
1,1,1035,1916791949312,29.99787080128205,0.0
1,2,1037,1917525663350,30.009353455372345,nan
1,1,1036,1918258167808,30.02081717948718,0.0
1,2,1038,1918991711166,30.032297162428637,nan
1,1,1037,1919724729856,30.043768934294874,0.0
1,2,1039,1920452743955,30.055162384111455,nan
1,1,1038,1921859085312,30.07717168269231,0.0
1,2,1040,1922595027763,30.088689211535332,nan
1,1,1039,1923326124544,30.10013090544872,0.0
1,2,1041,1924061250682,30.111635658960587,nan
1,1,1040,1924792790016,30.123084278846154,0.0
1,2,1042,1925522308568,30.13450127341246,nan
1,1,1041,1926254224384,30.14595578525641,0.0
1,2,1043,1926987578152,30.157432801106772,nan
1,1,1042,1928394181120,30.17944619391026,0.0
1,2,1044,1929126540105,30.190907641366813,nan
1,1,1043,1929861058560,30.202402884615385,0.0
1,2,1045,1930596224131,30.213908255255284,nan
1,1,1044,1931328322560,30.225365625000002,0.0
1,2,1046,1932060561886,30.236825199788413,nan
1,1,1045,1932790012416,30.248241129807692,0.0
1,2,1047,1933524666160,30.259738490334538,nan
1,1,1046,1934929473536,30.281723782051284,0.0
1,2,1048,1935662762314,30.29319978080554,nan
1,1,1047,1936396382720,30.30468096955128,0.0
1,2,1049,1937132231828,30.316197037572618,nan
1,1,1048,1937862774272,30.327630056089745,0.0
1,2,1050,1938596351455,30.339110568393806,nan
1,1,1049,1939329530880,30.35058485576923,0.0
1,2,1051,1940065647912,30.3621051168119,nan
1,1,1050,1940795926016,30.373533998397438,0.0
1,2,1052,1941529749617,30.38501836715307,nan
1,1,1051,1942262462464,30.396485352564103,0.0
1,2,1053,1943663471273,30.418411196555112,nan
1,1,1052,1944395915776,30.429873982371795,0.0
1,2,1054,1945127470601,30.441322844692134,nan
1,1,1053,1945856662528,30.452734727564103,0.0
1,2,1055,1946593040724,30.464259075833834,nan
1,1,1054,1947322937344,30.475681987179488,0.0
1,2,1056,1948059033753,30.48720192547138,nan
1,1,1055,1949461696000,30.509153645833333,0.0
1,2,1057,1950190426842,30.52055831270658,nan
1,1,1056,1950922884096,30.532021298076923,0.0
1,2,1058,1951651508285,30.543424295826448,nan
1,1,1057,1952383512064,30.554880184294873,0.0
1,2,1059,1953115921311,30.56634241835374,nan
1,1,1058,1953849640448,30.57782515224359,0.0
1,2,1060,1954585802446,30.58934611700596,nan
1,1,1059,1955315575296,30.600767091346153,0.0
1,2,1061,1956050342445,30.612266226665792,nan
1,1,1060,1956781848576,30.62371432692308,0.0
1,2,1062,1958184481383,30.645665586547853,nan
1,1,1061,1958915724288,30.657109567307693,0.0
1,2,1063,1959648636853,30.668579678313428,nan
1,1,1062,1960382456320,30.680063982371795,0.0
1,2,1064,1961118174451,30.691578000597833,nan
1,1,1063,1961849148928,30.703017780448718,0.0
1,2,1065,1962582210620,30.71449022529798,nan
1,1,1064,1963315914752,30.725972724358975,0.0
1,2,1066,1964051591558,30.737486095847107,nan
1,1,1065,1965455285248,30.759453958333335,0.0
1,2,1067,1966191519639,30.770976056049054,nan
1,2,1068,1966239104185,30.771720756100386,nan
1,1,1066,1966975235584,30.78324124198718,0.0
1,2,1069,1967711600095,30.794765376086115,nan
1,1,1067,1968442339840,30.806201482371797,0.0
1,2,1070,1969172283719,30.817625133322693,nan
1,1,1068,1969904074752,30.829077692307692,0.0
1,2,1071,1970638616209,30.840573295538487,nan
1,1,1069,1971370860032,30.85203294070513,0.0
1,2,1072,1972099768317,30.863440384568435,nan
1,1,1070,1972831832576,30.874897219551283,0.0
1,2,1073,1973565988164,30.886386783916766,nan
1,1,1071,1974971615744,30.908384911858974,0.0
1,2,1074,1975707670357,30.91990419604179,nan
1,1,1072,1976438533120,30.931342227564105,0.0
1,2,1075,1977173358240,30.942842270132214,nan
1,1,1073,1977905060864,30.95429344551282,0.0
1,2,1076,1979309630157,30.97627501122108,nan
1,1,1074,1980039175168,30.987692419871795,0.0
1,2,1077,1980776080921,30.999225024429713,nan
1,1,1075,1981505768960,31.01064467147436,0.0
1,2,1078,1982240886637,31.02214929257124,nan
1,1,1076,1982972058624,31.033592163461538,0.0
1,2,1079,1983704419520,31.045053640825323,nan
1,1,1077,1984439034368,31.056550392628207,0.0
1,2,1080,1985173202953,31.06804016039726,nan
1,1,1078,1985905969152,31.079507980769232,0.0
1,2,1081,1987306016323,31.101418775087016,nan
1,1,1079,1988039921152,31.112904415064104,0.0
1,2,1082,1988775417227,31.124414958104843,nan
1,1,1080,1990179060224,31.14638202724359,0.0
1,2,1083,1990914087342,31.157885231088493,nan
1,1,1081,1991645832704,31.169337075320513,0.0
1,2,1084,1992377995017,31.18079544485239,nan
1,1,1082,1993112460288,31.192289855769232,0.0
1,2,1085,1993847152712,31.203787821639626,nan
1,1,1083,1994579311104,31.215246129807692,0.0
1,2,1086,1995311035808,31.226697650741187,nan
1,1,1084,1996040712704,31.238117123397437,0.0
1,2,1087,1997444505567,31.26008653794509,nan
1,1,1085,1998174373888,31.27150900641026,0.0
1,2,1088,1998910220081,31.283025028811725,nan
1,1,1086,1999641355776,31.29446733173077,0.0
1,2,1089,2001046319449,31.316455069501828,nan
1,1,1087,2001780237312,31.32794091346154,0.0
1,2,1090,2002512139948,31.33939521903796,nan
1,1,1088,2003241104896,31.350803549679487,0.0
1,2,1091,2003977856004,31.36233373403696,nan
1,1,1089,2004707747840,31.37375657051282,0.0
1,2,1092,2005442613065,31.38525724072579,nan
1,1,1090,2006174261760,31.396707572115385,0.0
1,2,1093,2006906421933,31.408165908156175,nan
1,1,1091,2008313344000,31.430184294871797,0.0
1,2,1094,2009044821199,31.441631942342124,nan
1,1,1092,2009774380032,31.453049567307694,0.0
1,2,1095,2010508554800,31.464539431840947,nan
1,1,1093,2011240758272,31.475998445512822,0.0
1,2,1096,2011971788169,31.487439092688927,nan
1,1,1094,2012701939712,31.498865993589746,0.0
1,2,1097,2013435433686,31.510345203669623,nan
1,1,1095,2014168841728,31.52182306891026,0.0
1,2,1098,2015571056915,31.5437677927653,nan
1,1,1096,2016302643200,31.555217147435897,0.0
1,2,1099,2017036573291,31.5667031827643,nan
1,1,1097,2017769711104,31.578176818910258,0.0
1,2,1100,2018502753721,31.589648965235003,nan
1,1,1098,2019236702720,31.60113529647436,0.0
1,2,1101,2020638497260,31.623073437187,nan
1,1,1099,2021371869696,31.634550745192307,0.0
1,2,1102,2022107332904,31.646060773863184,nan
1,1,1100,2022838974464,31.657510993589746,0.0
1,2,1103,2023570792068,31.66896396841196,nan
1,1,1101,2024300649984,31.68038627403846,0.0
1,2,1104,2025036350421,31.69190001535269,nan
1,1,1102,2025767804928,31.703347307692308,0.0
1,2,1105,2026500605725,31.714815669524366,nan
1,1,1103,2027234893312,31.726307299679487,0.0
1,2,1106,2028638598484,31.748275341859475,nan
1,1,1104,2029369480192,31.759713669871797,0.0
1,2,1107,2030101707953,31.771173063667494,nan
1,1,1105,2030831453184,31.782593605769232,0.0
1,2,1108,2031564809740,31.794070665251905,nan
1,1,1106,2032298632192,31.805555016025643,0.0
1,2,1109,2033033623875,31.817057665311374,nan
1,1,1107,2033765675520,31.828514302884617,0.0
1,2,1110,2035168729980,31.850472161395736,nan
1,1,1108,2035900249600,31.86192047275641,0.0
1,2,1111,2036634158793,31.873406181030273,nan
1,1,1109,2037367531008,31.884883485576925,0.0
1,2,1112,2038099792933,31.89634341404059,nan
1,1,1110,2038829347328,31.907760969551283,0.0
1,2,1113,2039565210480,31.91927725736178,nan
1,1,1111,2040969358336,31.941252227564103,0.0
1,2,1114,2041704749976,31.95276113619291,nan
1,1,1112,2042436662784,31.964215600961538,0.0
1,2,1115,2043168286960,31.975665548627806,nan
1,1,1113,2043898467328,31.987092900641027,0.0
1,2,1116,2044631678543,31.998567685531224,nan
1,1,1114,2045365391360,32.010050320512825,0.0
1,2,1117,2046100881798,32.02156077533429,nan
1,1,1115,2046832411648,32.033009246794876,0.0
1,2,1118,2047564015851,32.04445888188289,nan
1,1,1116,2048966578688,32.06640904647436,0.0
1,2,1119,2049698311967,32.077860701606944,nan
1,1,1117,2050427814912,32.08927745192308,0.0
1,2,1120,2051161794686,32.10076426479242,nan
1,1,1118,2051894303232,32.11222805288462,0.0
1,2,1121,2052626399702,32.1236853919709,nan
1,1,1119,2053355770368,32.135100072115385,0.0
1,2,1122,2054091844391,32.14661966006548,nan
1,1,1120,2054822595584,32.15805594551282,0.0
1,2,1123,2055557368966,32.169555178379156,nan
1,1,1121,2056289553920,32.18101390224359,0.0
1,2,1124,2057692630196,32.202972102175984,nan
1,1,1122,2058424101376,32.21441965544872,0.0
1,2,1125,2059158200840,32.22590834147135,nan
1,1,1123,2059891026432,32.237377091346154,0.0
1,2,1126,2060622007123,32.24881696844639,nan
1,1,1124,2062024932864,32.2707728125,0.0
1,2,1127,2062760865152,32.28229018229167,nan
1,1,1125,2063491854848,32.29373020032051,0.0
1,2,1128,2064224731862,32.30519975495167,nan
1,1,1126,2064958628864,32.3166852724359,0.0
1,2,1129,2065695322643,32.328214559592226,nan
1,1,1127,2066425163776,32.339636602564106,0.0
1,2,1130,2067160845166,32.35115004579202,nan
1,1,1128,2068564420096,32.37311604967949,0.0
1,2,1131,2069301544321,32.38465207333296,nan
1,1,1129,2070030823424,32.39606532051282,0.0
1,2,1132,2070767345879,32.40759192644168,nan
1,1,1130,2071497527808,32.419019302884614,0.0
1,2,1133,2072232709680,32.43052492863582,nan
1,1,1131,2072964599808,32.44197903846154,0.0
1,2,1134,2073698091909,32.45345821922889,nan
1,1,1132,2074431172608,32.464930961538464,0.0
1,2,1135,2075163763914,32.47639604482798,nan
1,1,1133,2075897827840,32.487884174679486,0.0
1,2,1136,2077304773875,32.509902936495266,nan
1,1,1134,2078037188096,32.52136524839744,0.0
1,2,1137,2078770354246,32.53283932801858,nan
1,1,1135,2079504005632,32.54432100160256,0.0
1,2,1138,2080236122008,32.55577865221855,nan
1,1,1136,2080965560320,32.567194391025645,0.0
1,2,1139,2081701688045,32.57871481941419,nan
1,1,1137,2083105661440,32.60068705929487,0.0
1,2,1140,2083842522878,32.612218970321265,nan
1,1,1138,2084572670976,32.62364581730769,0.0
1,2,1141,2085307399771,32.635144352385694,nan
1,1,1139,2086039730688,32.64660536057693,0.0
1,2,1142,2086772495287,32.65807315590883,nan
1,1,1140,2087506667008,32.66956297275641,0.0
1,2,1143,2088243477217,32.681094082046904,nan
1,1,1141,2088973244416,32.69251496794872,0.0
1,2,1144,2089709136960,32.704031715745195,nan
1,1,1142,2091112516608,32.72599466346154,0.0
1,2,1145,2091844543610,32.73745091537084,nan
1,1,1143,2092573690368,32.748862091346155,0.0
1,2,1146,2093309823434,32.76038260332157,nan
1,1,1144,2094040577024,32.77181892628205,0.0
1,2,1147,2094775322386,32.783317720634265,nan
1,1,1145,2095507650048,32.794778677884615,0.0
1,2,1148,2096240188543,32.806242934679865,nan
1,1,1146,2096974021120,32.81772744391026,0.0
1,2,1149,2098380483728,32.83973864007412,nan
1,1,1147,2099113094656,32.85120403044872,0.0
1,2,1150,2099844266993,32.86264690681653,nan
1,1,1148,2100573580800,32.87406069711538,0.0
1,2,1151,2101307253068,32.8855426975035,nan
1,1,1149,2102039879168,32.89700832532051,0.0
1,2,1152,2102772848810,32.908479329583585,nan
1,1,1150,2104178825728,32.93048292467949,0.0
1,2,1153,2104913905343,32.94198695010454,nan
1,1,1151,2105645797376,32.95344108974359,0.0
1,2,1154,2106379286044,32.96492021678436,nan
1,1,1152,2107112502272,32.976395080128206,0.0
1,2,1155,2108514798167,32.99834106706668,nan
1,1,1153,2109246517248,33.0097925,0.0
1,2,1156,2109980012465,33.02127172953288,nan
1,1,1154,2110713096704,33.032744527243594,0.0
1,2,1157,2111445216005,33.04420222363594,nan
1,1,1155,2112179777536,33.055698141025644,0.0
1,2,1158,2112915564606,33.06721323814979,nan
1,1,1156,2113646676480,33.07865516826923,0.0
1,2,1159,2114378624411,33.09011018271422,nan
1,1,1157,2115107718144,33.10152052884615,0.0
1,2,1160,2116510616056,33.1234759373748,nan
1,1,1158,2117240943104,33.1349055849359,0.0
1,2,1161,2117973674836,33.14637286589794,nan
1,1,1159,2118707242496,33.15785322916667,0.0
1,2,1162,2120111188860,33.17982504601112,nan
1,1,1160,2120840512000,33.19123898237179,0.0
1,2,1163,2121574178531,33.202720892975634,nan
1,1,1161,2122307248128,33.214193461538464,0.0
1,2,1164,2123042733116,33.22570383106721,nan
1,1,1162,2123773825536,33.23714545673077,0.0
1,2,1165,2124506610574,33.248613571933845,nan
1,1,1163,2125240319488,33.26009614583334,0.0
1,2,1166,2125975232211,33.2715975593919,nan
1,1,1164,2126706298368,33.28303877403846,0.0
1,2,1167,2127439329342,33.29451073814979,nan
1,1,1165,2128845425152,33.31651619391026,0.0
1,2,1168,2129580187738,33.32801525781876,nan
1,1,1166,2130311519744,33.33946063301282,0.0
1,2,1169,2131045673905,33.350950175045696,nan
1,1,1167,2131777758720,33.36240733173077,0.0
1,2,1170,2132511442181,33.37388950728979,nan
1,1,1168,2133244126720,33.38535604967949,0.0
1,2,1171,2133977102941,33.39682715690417,nan
1,1,1169,2134710597120,33.40830637019231,0.0
1,2,1172,2135442452927,33.419759942893,nan
1,1,1170,2136171810304,33.431174415064106,0.0
1,2,1173,2137577764850,33.45317766003731,nan
1,1,1171,2138311692288,33.46466365384615,0.0
1,2,1174,2139048785203,33.476199187496874,nan
1,1,1172,2139778230784,33.48761504006411,0.0
1,2,1175,2140514699916,33.49914081148588,nan
1,1,1173,2141244873728,33.510568060897434,0.0
1,2,1176,2141980174311,33.52207554448054,nan
1,1,1174,2142711396864,33.53351920673077,0.0
1,2,1177,2144115535907,33.55549403900929,nan
1,1,1175,2144845254656,33.56691416666667,0.0
1,2,1178,2145579663745,33.57840769833296,nan
1,1,1176,2146312030208,33.589869262820514,0.0
1,2,1179,2147043200736,33.6013121108774,nan
1,1,1177,2147773519360,33.61274162660256,0.0
1,2,1180,2149175343931,33.63468023730156,nan
1,1,1178,2149908006400,33.64614643429487,0.0
1,2,1181,2150643768963,33.65766114788349,nan
1,1,1179,2151374595072,33.66909860576923,0.0
1,2,1182,2152106911201,33.68055938252767,nan
1,1,1180,2152841203712,33.69205108974359,0.0
1,2,1183,2153575802158,33.70354758485452,nan
1,1,1181,2154307846144,33.7150041025641,0.0
1,2,1184,2155039218316,33.726450106357674,nan
1,1,1182,2155768884736,33.737869415064104,0.0
1,2,1185,2156502515198,33.74935076118665,nan
1,1,1183,2157908308480,33.7713514823718,0.0
1,2,1186,2158642611220,33.78284334967198,nan
1,1,1184,2159374998528,33.79430524038462,0.0
1,2,1187,2160107985776,33.80577652018229,nan
1,1,1185,2160842124288,33.81726581730769,0.0
1,2,1188,2161579071155,33.82879906530136,nan
1,1,1186,2162308820992,33.84021967948718,0.0
1,2,1189,2163044625929,33.851735056230595,nan
1,1,1187,2163775353856,33.8631709775641,0.0
1,2,1190,2165180933196,33.885168350548376,nan
1,1,1188,2165914663936,33.89665126602564,0.0
1,2,1191,2166646856090,33.90811010257036,nan
1,1,1189,2167376237568,33.91952495192308,0.0
1,2,1192,2168106934540,33.930960388809595,nan
1,1,1190,2168837254144,33.94238991987179,0.0
1,2,1193,2169572775020,33.95390085104918,nan
1,1,1191,2170303891968,33.965342860576925,0.0
1,2,1194,2171038326729,33.97683679401104,nan
1,1,1192,2172443356672,33.998825568910256,0.0
1,2,1195,2173180008929,34.010354206245616,nan
1,1,1193,2173909784576,34.021775224358976,0.0
1,2,1196,2174645644597,34.0332914631692,nan
1,1,1194,2175376336384,34.044726818910256,0.0
1,2,1197,2176106270373,34.056150315082256,nan
1,1,1195,2176837500928,34.0675941025641,0.0
1,2,1198,2177572147203,34.0790913462008,nan
1,1,1196,2178304483840,34.090552443910255,0.0
1,2,1199,2179036387174,34.102006760410404,nan
1,1,1197,2180438573056,34.12395102564103,0.0
1,2,1200,2181169656230,34.13539250660432,nan
1,1,1198,2181900492288,34.146830120192305,0.0
1,2,1201,2182633400076,34.158300156437804,nan
1,1,1199,2183367737856,34.169792572115384,0.0
1,2,1202,2184102842448,34.18129698843149,nan
1,1,1200,2184835182080,34.19275813301282,0.0
1,2,1203,2185566764981,34.204207434723685,nan
1,1,1201,2186296854016,34.21563335737179,0.0
1,2,1204,2187030621961,34.2271168551088,nan
1,1,1202,2188436739072,34.24912264423077,0.0
1,2,1205,2189169998652,34.26059818603516,nan
1,1,1203,2189903874048,34.27208336538462,0.0
1,2,1206,2190640074882,34.28360493793194,nan
1,1,1204,2191371019776,34.29504425480769,0.0
1,2,1207,2192105226714,34.30653462280274,nan
1,1,1205,2192837655552,34.31799716346154,0.0
1,2,1208,2193571126584,34.3294760144982,nan
1,1,1206,2194304024064,34.340945889423075,0.0
1,2,1209,2195036863624,34.352414857897635,nan
1,1,1207,2195770600960,34.363897876602564,0.0
1,2,1210,2197172430043,34.38583655791454,nan
1,1,1208,2197904685568,34.39729638621795,0.0
1,2,1211,2198638348346,34.40877823808719,nan
1,1,1209,2199371182592,34.42024712339744,0.0
1,2,1212,2200103754638,34.43171190526718,nan
1,1,1210,2201509981184,34.45371940705128,0.0
1,2,1213,2202245081016,34.4652237488732,nan
1,1,1211,2202976516096,34.47667073717949,0.0
1,2,1214,2203710613259,34.48815938719138,nan
1,1,1212,2204442905600,34.49961979166667,0.0
1,2,1215,2205176380538,34.51109870383238,nan
1,1,1213,2205908814848,34.522561330128205,0.0
1,2,1216,2207313082548,34.54453817589393,nan
1,1,1214,2208041951744,34.55594500801282,0.0
1,2,1217,2208778631188,34.567474070825824,nan
1,1,1215,2209507952128,34.57888797275641,0.0
1,2,1218,2210243946859,34.59040631978353,nan
1,1,1216,2210974328832,34.601836826923076,0.0
1,2,1219,2211709115071,34.613336261001976,nan
1,1,1217,2212440276992,34.624778974358975,0.0
1,2,1220,2213844734729,34.646758794211365,nan
1,1,1218,2214578273792,34.6582387099359,0.0
1,2,1221,2215310143609,34.66969250189366,nan
1,1,1219,2216038929408,34.68109802884616,0.0
1,2,1222,2216775463885,34.6926248229198,nan
1,1,1220,2217504891392,34.70404039262821,0.0
1,2,1223,2218911749650,34.72605778073042,nan
1,1,1221,2219642790912,34.73749860576923,0.0
1,2,1224,2220377166707,34.74899161638309,nan
1,1,1222,2221108424704,34.76043583333333,0.0
1,2,1225,2221838013667,34.77185392983461,nan
1,1,1223,2222568958976,34.78329325320513,0.0
1,2,1226,2223303413323,34.79478749316093,nan
1,1,1224,2224034919424,34.80623559294872,0.0
1,2,1227,2224768649131,34.817718492259495,nan
1,1,1225,2225500936192,34.82917881410256,0.0
1,2,1228,2226233968894,34.84065080525716,nan
1,1,1226,2227639246848,34.86264346153846,0.0
1,2,1229,2228374687539,34.87415313781738,nan
1,1,1227,2229105971200,34.885597756410256,0.0
1,2,1230,2229840326281,34.89709044284918,nan
1,1,1228,2230572510720,34.90854915865385,0.0
1,2,1231,2231305567731,34.92002153024527,nan
1,1,1229,2232039124480,34.93150172275641,0.0
1,2,1232,2232771359049,34.94296122309758,nan
1,1,1230,2233505241600,34.954446514423076,0.0
1,2,1233,2234242057882,34.965977718756264,nan
1,1,1231,2235644485120,34.98792576121795,0.0
1,2,1234,2236377439964,34.999396533891726,nan
1,1,1232,2237110963200,35.010876201923075,0.0
1,2,1235,2237843207748,35.022335858436,nan
1,1,1233,2238577082880,35.033821033653844,0.0
1,2,1236,2239308051874,35.04526072769556,nan
1,1,1234,2240038217728,35.0566878525641,0.0
1,2,1237,2241446648801,35.07872985528408,nan
1,1,1235,2242177247232,35.09016375,0.0
1,2,1238,2242910400827,35.10163763313489,nan
1,1,1236,2243643857920,35.11311626602564,0.0
1,2,1239,2244379265174,35.12462541901417,nan
1,1,1237,2245110194176,35.13606448717949,0.0
1,2,1240,2245843001343,35.1475329487023,nan
1,1,1238,2246576716288,35.15901561698718,0.0
1,2,1241,2247312164171,35.17052540582119,nan
1,1,1239,2248715792384,35.19249224358975,0.0
1,2,1242,2249450374021,35.20398847563915,nan
1,1,1240,2250182284288,35.21544290064103,0.0
1,2,1243,2250913700090,35.22688958724584,nan
1,1,1241,2251643278336,35.23830751602564,0.0
1,2,1244,2252378402905,35.2498122449826,nan
1,1,1242,2253110042112,35.26126242788462,0.0
1,2,1245,2253843987391,35.27274870090582,nan
1,1,1243,2254577302016,35.284225104166666,0.0
1,2,1246,2255309372702,35.29568203973232,nan
1,1,1244,2256711032832,35.317618076923075,0.0
1,2,1247,2257444371822,35.32909486149715,nan
1,1,1245,2258177666560,35.34057095352564,0.0
1,2,1248,2258909774544,35.35202847280649,nan
1,1,1246,2259644299776,35.36352382211538,0.0
1,2,1249,2261050515713,35.385531157868215,nan
1,1,1247,2261783255040,35.39699855769231,0.0
1,2,1250,2262516311649,35.408470922992414,nan
1,1,1248,2263249788416,35.41994986378205,0.0
1,2,1251,2263985062318,35.431456929806444,nan
1,1,1249,2264716340224,35.44290145833333,0.0
1,2,1252,2265448163618,35.45435452376928,nan
1,1,1250,2266177627136,35.46577065705128,0.0
1,2,1253,2266910789757,35.47724468144344,nan
1,1,1251,2268317149696,35.49925427083333,0.0
1,2,1254,2269048221889,35.51069557994354,nan
1,1,1252,2269778536448,35.522125032051285,0.0
1,2,1255,2271180415799,35.54406450005947,nan
1,1,1253,2271912228864,35.55551740384615,0.0
1,2,1256,2272645449364,35.56699233404698,nan
1,1,1254,2273379360768,35.578478076923076,0.0
1,2,1257,2274115563496,35.58999967911158,nan
1,1,1255,2274846242304,35.60143483173077,0.0
1,2,1258,2275581218629,35.612937240663186,nan
1,1,1256,2276313223680,35.62439314903846,0.0
1,2,1259,2277046451879,35.63586819972894,nan
1,1,1257,2278452708352,35.6578761698718,0.0
1,2,1260,2279187513560,35.669375900816306,nan
1,1,1258,2279919797760,35.680836177884615,0.0
1,2,1261,2280652645964,35.69230528163812,nan
1,1,1259,2282059010048,35.714314935897434,0.0
1,2,1262,2282792992881,35.72580179664025,nan
1,1,1260,2283525866496,35.73727129807693,0.0
1,2,1263,2284257803232,35.748726137319714,nan
1,1,1261,2284986977792,35.76013774839744,0.0
1,2,1264,2285722635581,35.771650822268754,nan
1,1,1262,2287126014976,35.79361376602564,0.0
1,2,1265,2287862522236,35.80514013415215,nan
1,1,1263,2288592291328,35.816561049679486,0.0
1,2,1266,2289328094433,35.82807639775203,nan
1,1,1264,2290058529280,35.83950773237179,0.0
1,2,1267,2290793361490,35.85100788589869,nan
1,1,1265,2291524823040,35.86245528846154,0.0
1,2,1268,2292258480056,35.87393705015525,nan
1,1,1266,2292991420928,35.885407604166666,0.0
1,2,1269,2293723630357,35.89686671106583,nan
1,1,1267,2294457356288,35.90834955128205,0.0
1,2,1270,2295864122699,35.93036550197504,nan
1,1,1268,2296596193792,35.941822443910254,0.0
1,2,1271,2297328950459,35.95329011510604,nan
1,1,1269,2298062861824,35.9647758573718,0.0
1,2,1272,2298799190036,35.976299423389925,nan
1,1,1270,2299529198592,35.98772408653846,0.0
1,2,1273,2300264431479,35.99923051067646,nan
1,1,1271,2300995774464,36.01067605769231,0.0
1,2,1274,2301730262737,36.02217082859137,nan
1,1,1272,2302462561280,36.03363133012821,0.0
1,2,1275,2303866263857,36.05559933169634,nan
1,1,1273,2304596310528,36.067024591346154,0.0
1,2,1276,2305330122899,36.07850878435184,nan
1,1,1274,2306062625280,36.08997247596154,0.0
1,2,1277,2306794492412,36.10142622589894,nan
1,1,1275,2307523836928,36.112840496794874,0.0
1,2,1278,2308259943285,36.124360590773364,nan
1,1,1276,2308990397952,36.13579223557692,0.0
1,2,1279,2309725925067,36.14730326439491,nan
1,1,1277,2310456953856,36.15874389423077,0.0
1,2,1280,2311859700025,36.18069692797539,nan
1,1,1278,2312590738432,36.192137708333334,0.0
1,2,1281,2313325541020,36.20363739827474,nan
1,1,1279,2314057734656,36.21509625801282,0.0
1,2,1282,2314790934529,36.22657086540027,nan
1,1,1280,2315524395520,36.23804955929487,0.0
1,2,1283,2316252051850,36.24943741001227,nan
1,1,1281,2316985410048,36.26091449519231,0.0
1,2,1284,2318385270260,36.28282236359425,nan
1,1,1282,2319118970880,36.294304807692306,0.0
1,2,1285,2319854703421,36.30581905143542,nan
1,1,1283,2320585854464,36.31726159455128,0.0
1,2,1286,2321318807741,36.32873234270145,nan
1,1,1284,2322052270592,36.34021106570513,0.0
1,2,1287,2322788607489,36.351734767643855,nan
1,1,1285,2323518933504,36.36316439903846,0.0
1,2,1288,2324921901687,36.38512090731108,nan
1,1,1286,2325653166592,36.3965652323718,0.0
1,2,1289,2326382223862,36.40797500785632,nan
1,1,1287,2327114729472,36.41943875,0.0
1,2,1290,2327848442207,36.43092138369829,nan
1,1,1288,2328581664768,36.44239634615385,0.0
1,2,1291,2329314569413,36.453866333211266,nan
1,1,1289,2330720931840,36.47587596153846,0.0
1,2,1292,2331455921909,36.48737858556503,nan
1,1,1290,2332187611136,36.49882955128205,0.0
1,2,1293,2332919763572,36.510287766238484,nan
1,1,1291,2333648906752,36.52169888621795,0.0
1,2,1294,2334384215004,36.53320648982122,nan
1,1,1292,2335115599872,36.54465269230769,0.0
1,2,1295,2335848273735,36.556119067617566,nan
1,1,1293,2336582066688,36.567602956730774,0.0
1,2,1296,2337318140580,36.579122542630714,nan
1,1,1294,2338048868864,36.59055846955128,0.0
1,2,1297,2339453678330,36.61254379397661,nan
1,1,1295,2340183493632,36.62396543269231,0.0
1,2,1298,2340919836266,36.635489224415316,nan
1,1,1296,2341650299904,36.64692100961538,0.0
1,2,1299,2342385699787,36.65843004724747,nan
1,1,1297,2343116891648,36.66987322916667,0.0
1,2,1300,2343851480386,36.68136957234701,nan
1,1,1298,2344584383488,36.69283953525641,0.0
1,2,1301,2345317307564,36.704309826409755,nan
1,1,1299,2346724020224,36.72632493589744,0.0
1,2,1302,2347458601187,36.73782115739871,nan
1,1,1300,2348191256064,36.74928723557692,0.0
1,2,1303,2348924816460,36.76076748516376,nan
1,1,1301,2349658646016,36.772251947115386,0.0
1,2,1304,2350390750644,36.7837094138747,nan
1,1,1302,2351120288768,36.79512671474359,0.0
1,2,1305,2351856379164,36.80664655893179,nan
1,1,1303,2352586868736,36.81807875,0.0
1,2,1306,2353991539594,36.84006190520458,nan
1,1,1304,2354726007296,36.85155635416667,0.0
1,2,1307,2355460328667,36.86304851304274,nan
1,1,1305,2356192691712,36.874510024038464,0.0
1,2,1308,2356923983446,36.88595476897411,nan
1,1,1306,2357653918720,36.89737828525641,0.0
1,2,1309,2358387689930,36.90886183409079,nan
1,1,1307,2359120667648,36.920332964743594,0.0
1,2,1310,2360521121332,36.94225012100611,nan
1,1,1308,2361254407168,36.95372607371795,0.0
1,2,1311,2361990094217,36.96523960550944,nan
1,1,1309,2362720921088,36.97667707532052,0.0
1,2,1312,2363453993224,36.98814968361879,nan
1,1,1310,2364187517952,36.999629375,0.0
1,2,1313,2364923034718,37.01114024185572,nan
1,1,1311,2365653634560,37.022574158653846,0.0
1,2,1314,2366386309592,37.03404055225862,nan
1,1,1312,2367792053248,37.05604049679487,0.0
1,2,1315,2368524065323,37.06749651509603,nan
1,1,1313,2369257694208,37.07897783653846,0.0
1,2,1316,2369994456959,37.09050820310935,nan
1,1,1314,2370723690496,37.10192073717949,0.0
1,2,1317,2371460424928,37.11345066055689,nan
1,1,1315,2372189989376,37.12486837339744,0.0
1,2,1318,2372921210479,37.1363120129551,nan
1,1,1316,2373650959872,37.14773262019231,0.0
1,2,1319,2374387407321,37.15925805227427,nan
1,1,1317,2375117276672,37.170680536858974,0.0
1,2,1320,2376523086911,37.192681523421854,nan
1,1,1318,2377256545792,37.20416018429487,0.0
1,2,1321,2377988742049,37.215619085051706,nan
1,1,1319,2378723406336,37.22711661057692,0.0
1,2,1322,2379459799286,37.23864118974735,nan
1,1,1320,2380863122944,37.26060326121795,0.0
1,2,1323,2381596111180,37.27207455647787,nan
1,1,1321,2382329297408,37.283548950320515,0.0
1,2,1324,2383061786292,37.295012430701625,nan
1,1,1322,2383795410432,37.30649367788462,0.0
1,2,1325,2384527835177,37.31795615448781,nan
1,1,1323,2385261691904,37.32944104166667,0.0
1,2,1326,2385998444410,37.34097124790289,nan
1,1,1324,2386728430080,37.352395552884616,0.0
1,2,1327,2387462796016,37.363888409204726,nan
1,1,1325,2388195075072,37.37534860576923,0.0
1,2,1328,2389597680974,37.397299444329676,nan
1,1,1326,2390328539136,37.40873740384615,0.0
1,2,1329,2391062832836,37.42022912966997,nan
1,1,1327,2391794558976,37.431680673076926,0.0
1,2,1330,2392528456755,37.44316620272123,nan
1,1,1328,2393261322752,37.4546355849359,0.0
1,2,1331,2393994113437,37.46610378851475,nan
1,1,1329,2394727592448,37.477582764423076,0.0
1,2,1332,2395463706872,37.489102984650444,nan
1,1,1330,2396866347520,37.51105436698718,0.0
1,2,1333,2397602299209,37.52257204040527,nan
1,1,1331,2398332772352,37.534003974358974,0.0
1,2,1334,2399066472644,37.54548641332382,nan
1,1,1332,2399799190528,37.5569534775641,0.0
1,2,1335,2400530837561,37.568403782943335,nan
1,1,1333,2401260567552,37.579824086538466,0.0
1,2,1336,2401994801583,37.59131487854004,nan
1,1,1334,2403399778304,37.61330282051282,0.0
1,2,1337,2404133160960,37.62478028846154,nan
1,1,1335,2404867224576,37.636268413461536,0.0
1,2,1338,2405601712984,37.647763186473355,nan
1,1,1336,2406334695424,37.65923439102564,0.0
1,2,1339,2407740807092,37.681240094964444,nan
1,1,1337,2408474876928,37.69272831730769,0.0
1,2,1340,2409211601657,37.70425808883276,nan
1,1,1338,2409942100992,37.715690432692305,0.0
1,2,1341,2410675271810,37.72716458536784,nan
1,1,1339,2411409044992,37.738648165064106,0.0
1,2,1342,2412144060383,37.750151185380986,nan
1,1,1340,2412875705344,37.76160145833333,0.0
1,2,1343,2413609744194,37.77308919574444,nan
1,1,1341,2414342503936,37.7845569150641,0.0
1,2,1344,2415075408578,37.79602690207457,nan
1,1,1342,2416482000384,37.81804012019231,0.0
1,2,1345,2417217014528,37.82954312099359,nan
1,1,1343,2417948788736,37.840995416666665,0.0
1,2,1346,2418682887791,37.852484096288435,nan
1,1,1344,2419415821824,37.86395454326923,0.0
1,2,1347,2420817937092,37.88589770338792,nan
1,1,1345,2421549941248,37.897353597756414,0.0
1,2,1348,2422281334350,37.90879992910532,nan
1,1,1346,2423010967040,37.920218709935895,0.0
1,2,1349,2423744801741,37.931703252406976,nan
1,1,1347,2424477177856,37.94316496794872,0.0
1,2,1350,2425207909700,37.95460095058343,nan
1,1,1348,2425938300416,37.96603159455128,0.0
1,2,1351,2427340298680,37.98797292355268,nan
1,1,1349,2428072032768,37.999424591346155,0.0
1,2,1352,2428803607848,38.01087377065805,nan
1,1,1350,2429533443584,38.022295729166665,0.0
1,2,1353,2430269175956,38.033809970264926,nan
1,1,1351,2431000376320,38.045253285256415,0.0
1,2,1354,2431733373966,38.056724727783205,nan
1,1,1352,2432467582464,38.068215120192306,0.0
1,2,1355,2433202290541,38.07971333103278,nan
1,1,1353,2433935119360,38.09118213141026,0.0
1,2,1356,2435336688593,38.11311674605932,nan
1,1,1354,2436069240320,38.1245812099359,0.0
1,2,1357,2436801951045,38.13604816213755,nan
1,1,1355,2437536362496,38.147541730769234,0.0
1,2,1358,2438271924894,38.15905331176758,nan
1,1,1356,2439003360256,38.17050030448718,0.0
1,2,1359,2440404673805,38.1924309176714,nan
1,1,1357,2441137249792,38.20389576121795,0.0
1,2,1360,2441868401792,38.215338319310895,nan
1,1,1358,2442598238208,38.22676028846154,0.0
1,2,1361,2443331993603,38.23824358979054,nan
1,1,1359,2444064261120,38.249703605769234,0.0
1,2,1362,2444795635579,38.26114964535444,nan
1,1,1360,2445525161984,38.27256676282052,0.0
1,2,1363,2446260901616,38.284081117538065,nan
1,1,1361,2447664262144,38.306043766025645,0.0
1,2,1364,2448396274000,38.31749978089944,nan
1,1,1362,2449130807808,38.32899526442308,0.0
1,2,1365,2449867089572,38.34051810352815,nan
1,1,1363,2450597347840,38.35194667467949,0.0
1,2,1366,2451333072405,38.36346079359788,nan
1,1,1364,2452064265728,38.374903998397436,0.0
1,2,1367,2452798672264,38.386397490109175,nan
1,1,1365,2453531080704,38.397859711538466,0.0
1,2,1368,2454264613104,38.40933952298678,nan
1,1,1366,2454997693440,38.42081225961539,0.0
1,2,1369,2456401099076,38.442775614044976,nan
1,1,1367,2457131410944,38.454205024038465,0.0
1,2,1370,2457862095572,38.46564026774089,nan
1,1,1368,2458592234496,38.477066971153846,0.0
1,2,1371,2459323186776,38.4885064036208,nan
1,1,1369,2460725970944,38.510460032051284,0.0
1,2,1372,2461459955907,38.521946926128685,nan
1,1,1370,2462192390144,38.533409551282055,0.0
1,2,1373,2462926144040,38.54489282915164,nan
1,1,1371,2463658831360,38.5563594150641,0.0
1,2,1374,2464392434075,38.56784032694499,nan
1,1,1372,2465125295104,38.579309631410254,0.0
1,2,1375,2465858724613,38.5907878326103,nan
1,1,1373,2466591538176,38.60225639423077,0.0
1,2,1376,2467325007487,38.61373521833371,nan
1,1,1374,2468058044928,38.62520728365385,0.0
1,2,1377,2469461110990,38.64716532373673,nan
1,1,1375,2470191494656,38.65859585737179,0.0
1,2,1378,2470926990912,38.67010640324519,nan
1,1,1376,2471657760768,38.68154298076923,0.0
1,2,1379,2472387371968,38.69296142528045,nan
1,1,1377,2473118336512,38.70440104967949,0.0
1,2,1380,2473852895035,38.71589691999387,nan
1,1,1378,2474584270336,38.72734297275641,0.0
1,2,1381,2475315878586,38.73879267118014,nan
1,1,1379,2476717555200,38.76072896634616,0.0
1,2,1382,2477447951156,38.772159692320216,nan
1,1,1380,2478178529792,38.78359327724359,0.0
1,2,1383,2478911420085,38.795063039691634,nan
1,1,1381,2479644877312,38.80654167467949,0.0
1,2,1384,2480376314406,38.81798869450496,nan
1,1,1382,2481105813504,38.829405384615384,0.0
1,2,1385,2481841383314,38.84091708161183,nan
1,1,1383,2482572211712,38.85235457532051,0.0
1,2,1386,2483306655489,38.86384864985539,nan
1,1,1384,2484710853632,38.88582440705128,0.0
1,2,1387,2485447236947,38.89734883543357,nan
1,1,1385,2486176800768,38.90876653846154,0.0
1,2,1388,2486912306370,38.92027723060021,nan
1,1,1386,2487642500096,38.93170479166667,0.0
1,2,1389,2488377830465,38.94321274140187,nan
1,1,1387,2489780720640,38.96516802884616,0.0
1,2,1390,2490512435895,38.97661940190242,nan
1,1,1388,2491241230848,38.988025072115384,0.0
1,2,1391,2491977335329,38.999545136734405,nan
1,1,1389,2492707082240,39.01096570512821,0.0
1,2,1392,2493442680719,39.022477850795646,nan
1,1,1390,2494173332480,39.03391258012821,0.0
1,2,1393,2494907693834,39.045405364739835,nan
1,1,1391,2496312395776,39.06738900641026,0.0
1,2,1394,2497048002394,39.078901279453376,nan
1,1,1392,2497778704384,39.090336794871796,0.0
1,2,1395,2498513172158,39.101831244960685,nan
1,1,1393,2499245262336,39.11328848557692,0.0
1,2,1396,2499978317378,39.124760826353416,nan
1,1,1394,2500711930368,39.13624189903846,0.0
1,2,1397,2501442729394,39.14767893307417,nan
1,1,1395,2502173218816,39.15911112179487,0.0
1,2,1398,2502906040112,39.170579804437104,nan
1,1,1396,2503639671296,39.182061161858975,0.0
1,2,1399,2505044261769,39.20404305903508,nan
1,1,1397,2505778473472,39.215533501602565,0.0
1,2,1400,2506513489140,39.22703652625451,nan
1,1,1398,2507244775936,39.23848119391026,0.0
1,2,1401,2507977156720,39.249942982522036,nan
1,1,1399,2508711460352,39.26143486378205,0.0
1,2,1402,2509448265159,39.272965888531026,nan
1,1,1400,2510178410496,39.28439269230769,0.0
1,2,1403,2511583576618,39.30638359841371,nan
1,1,1401,2512318082048,39.31787863782051,0.0
1,2,1404,2513054367110,39.329401528539414,nan
1,1,1402,2513784720384,39.340831586538464,0.0
1,2,1405,2514519403262,39.35232940301357,nan
1,1,1403,2515251647488,39.36378905448718,0.0
1,2,1406,2515984616042,39.37526004172301,nan
1,1,1404,2517391236096,39.397273701923076,0.0
1,2,1407,2518125048010,39.408757887776694,nan
1,1,1405,2518858617344,39.42023827724359,0.0
1,2,1408,2519590112831,39.43168621092185,nan
1,1,1406,2520320197632,39.443112067307695,0.0
1,2,1409,2521055141290,39.45461396500025,nan
1,1,1407,2521787181568,39.46607042467949,0.0
1,2,1410,2522520224040,39.477542568734975,nan
1,1,1408,2523254300160,39.48903088942308,0.0
1,2,1411,2523990780037,39.50055682900453,nan
1,1,1409,2524721360896,39.51199044871795,0.0
1,2,1412,2526125555951,39.53396615758651,nan
1,1,1410,2526856041984,39.54539829326923,0.0
1,2,1413,2527590072944,39.556885907201526,nan
1,1,1411,2528323174400,39.56835897435897,0.0
1,2,1414,2529055485917,39.57981967893943,nan
1,1,1412,2529784967168,39.59123608974359,0.0
1,2,1415,2531190591051,39.6132341598276,nan
1,1,1413,2531924945920,39.62472684294872,0.0
1,2,1416,2532659022770,39.63621517506135,nan
1,1,1414,2533392792576,39.647698701923076,0.0
1,2,1417,2534127414041,39.65919555728228,nan
1,1,1415,2534859993600,39.67066045673077,0.0
1,2,1418,2535590711451,39.682096220374476,nan
1,1,1416,2536321644032,39.693535344551286,0.0
1,2,1419,2537723077385,39.7154678326729,nan
1,1,1417,2538456115200,39.72693990384615,0.0
1,2,1420,2539186975374,39.738377894850515,nan
1,1,1418,2539918092288,39.74981990384615,0.0
1,2,1421,2540650668552,39.761284751727764,nan
1,1,1419,2541385286656,39.77278155448718,0.0
1,2,1422,2542119678321,39.78427481346717,nan
1,1,1420,2542852406784,39.79574204326923,0.0
1,2,1423,2543588073160,39.807255251527444,nan
1,1,1421,2544319921664,39.8187087099359,0.0
1,2,1424,2545051626063,39.83015991309533,nan
1,1,1422,2546454536192,39.85211551282051,0.0
1,2,1425,2547190196915,39.86362863260905,nan
1,1,1423,2547921517568,39.87507383012821,0.0
1,2,1426,2548655820328,39.88656569774139,nan
1,1,1424,2549388302848,39.898029078525646,0.0
1,2,1427,2550120870819,39.90949379662147,nan
1,1,1425,2550855397888,39.92098917467949,0.0
1,2,1428,2551589792000,39.932482471955126,nan
1,1,1426,2552322238464,39.94394528846154,0.0
1,2,1429,2553054962305,39.95541244592911,nan
1,1,1427,2554462199296,39.97743576121795,0.0
1,2,1430,2555195744452,39.98891577229818,nan
1,1,1428,2555929558016,40.00039998397436,0.0
1,2,1431,2557331394862,40.022338786777595,nan
1,1,1429,2558063363584,40.033794126602565,0.0
1,2,1432,2558795325613,40.04524936168182,nan
1,1,1430,2559524580864,40.05666223557692,0.0
1,2,1433,2560258961956,40.068155329089045,nan
1,1,1431,2560991320576,40.07961677083333,0.0
1,2,1434,2561722154924,40.09105435765976,nan
1,1,1432,2562452506112,40.10248438301282,0.0
1,2,1435,2563854570525,40.12442674724873,nan
1,1,1433,2564586059776,40.13587458333333,0.0
1,2,1436,2565318429595,40.14733620034242,nan
1,1,1434,2566052673024,40.15882713942308,0.0
1,2,1437,2566787337481,40.1703246676088,nan
1,1,1435,2568191445504,40.19229901442308,0.0
1,2,1438,2568928121168,40.20382801807893,nan
1,1,1436,2569657846272,40.215248245192306,0.0
1,2,1439,2570393948872,40.2267682803736,nan
1,1,1437,2571124392448,40.238199751602565,0.0
1,2,1440,2571859797053,40.24970886313414,nan
1,1,1438,2572591380480,40.26115817307692,0.0
1,2,1441,2573325613495,40.27264894917806,nan
1,1,1439,2574058491904,40.28411852564103,0.0
1,2,1442,2574791561512,40.295591094376,nan
1,1,1440,2575525902336,40.30708355769231,0.0
1,2,1443,2576262673547,40.31861405666254,nan
1,1,1441,2576992950272,40.33004291666667,0.0
1,2,1444,2578398603501,40.352041446016756,nan
1,1,1442,2579132620800,40.36352884615385,0.0
1,2,1445,2579869503049,40.37506108287322,nan
1,1,1443,2580599585792,40.386486907051285,0.0
1,2,1446,2581333917132,40.397979221942606,nan
1,1,1444,2582066613248,40.40944594551282,0.0
1,2,1447,2582797344060,40.420881911996695,nan
1,1,1445,2583528155648,40.43231914262821,0.0
1,2,1448,2584261169351,40.44379083644769,nan
1,1,1446,2584995306496,40.45528011217949,0.0
1,2,1449,2586399623973,40.477257736957256,nan
1,1,1447,2587129495552,40.488680256410255,0.0
1,2,1450,2587863535765,40.50016801515237,nan
1,1,1448,2588597042176,40.5116474198718,0.0
1,2,1451,2589333489155,40.523172844598236,nan
1,1,1449,2590064452096,40.534612443910255,0.0
1,2,1452,2590797877107,40.54609057471642,nan
1,1,1450,2591531655168,40.557574230769234,0.0
1,2,1453,2592936849361,40.57956557618753,nan
1,1,1451,2593666749952,40.59098854967949,0.0
1,2,1454,2594401418065,40.602486135081755,nan
1,1,1452,2595133782528,40.61394766826923,0.0
1,2,1455,2595865743562,40.625402887776694,nan
1,1,1453,2597268099584,40.64734981570513,0.0
1,2,1456,2598004131621,40.658868746572644,nan
1,1,1454,2598735546880,40.67031542467949,0.0
1,2,1457,2599470112925,40.681811412713465,nan
1,1,1455,2600202644992,40.69327556891026,0.0
1,2,1458,2600936224269,40.7047561139855,nan
1,1,1456,2601669917184,40.7162384375,0.0
1,2,1459,2602405872501,40.72775616769644,nan
1,1,1457,2603137075712,40.73919952724359,0.0
1,2,1460,2603869975785,40.75066944274902,nan
1,1,1458,2604604917760,40.76217131410257,0.0
1,2,1461,2606009660731,40.78415559787848,nan
1,1,1459,2606740264960,40.79558958333333,0.0
1,2,1462,2607473332423,40.807062118498976,nan
1,1,1460,2608207797760,40.81855653044872,0.0
1,2,1463,2608942154291,40.830049239580205,nan
1,1,1461,2609675637248,40.84152827724359,0.0
1,2,1464,2610410511257,40.85302908492651,nan
1,1,1462,2611143310848,40.864497427884615,0.0
1,2,1465,2611878998786,40.876010973589,nan
1,1,1463,2613283289600,40.897988181089744,0.0
1,2,1466,2614018144600,40.90948869128105,nan
1,1,1464,2614750099456,40.920943814102564,0.0
1,2,1467,2615482740422,40.932409674573066,nan
1,1,1465,2616216450560,40.94389226762821,0.0
1,2,1468,2616951966776,40.9554031258764,nan
1,1,1466,2617683246080,40.96684767628205,0.0
1,2,1469,2619085648038,40.98879532311073,nan
1,1,1467,2619817571840,41.0002499599359,0.0
1,2,1470,2620548961331,41.011696234772515,nan
1,1,1468,2621278711296,41.02311685096154,0.0
1,2,1471,2622012337072,41.034598123748,nan
1,1,1469,2622745638912,41.046074326923076,0.0
1,2,1472,2623482318092,41.057603385604466,nan
1,1,1470,2624212427776,41.06902963141026,0.0
1,2,1473,2624948080774,41.08054263030223,nan
1,1,1471,2625679270400,41.09198577724359,0.0
1,2,1474,2627084061932,41.113970821001104,nan
1,1,1472,2627813498880,41.12538653846154,0.0
1,2,1475,2628549536353,41.136905554402674,nan
1,1,1473,2629280736768,41.14834887019231,0.0
1,2,1476,2630015609820,41.15984966289814,nan
1,1,1474,2630747816448,41.17130872596154,0.0
1,2,1477,2631476388210,41.182710903226415,nan
1,1,1475,2632209598464,41.19418567307692,0.0
1,2,1478,2632942803163,41.20566035599146,nan
1,1,1476,2633676989440,41.217150400641025,0.0
1,2,1479,2635079149889,41.23909426784418,nan
1,1,1477,2635811753472,41.25055954326923,0.0
1,2,1480,2636544810168,41.26203190993089,nan
1,1,1478,2637278507008,41.273514294871795,0.0
1,2,1481,2638010265661,41.2849663471085,nan
1,1,1479,2638739852288,41.296384407051285,0.0
1,2,1482,2639473709505,41.30786930189866,nan
1,1,1480,2640879708160,41.32987323717949,0.0
1,2,1483,2641611651088,41.34132817332733,nan
1,1,1481,2642341148672,41.35274483974359,0.0
1,2,1484,2643075499405,41.364237458136145,nan
1,1,1482,2643807651840,41.375695673076926,0.0
1,2,1485,2644541413641,41.38717907466008,nan
1,1,1483,2645274641920,41.398654126602565,0.0
1,2,1486,2646006961790,41.4101149619078,nan
1,1,1484,2646741816832,41.421615472756415,0.0
1,2,1487,2647476110835,41.433107203322194,nan
1,1,1485,2648881908736,41.45510799679487,0.0
1,2,1488,2649613971011,41.466564800728044,nan
1,1,1486,2650343538176,41.47798255608974,0.0
1,2,1489,2651079325643,41.48949765942696,nan
1,1,1487,2651810802688,41.50094530448718,0.0
1,2,1490,2652545222975,41.51243901140262,nan
1,1,1488,2653278291968,41.52391157051282,0.0
1,2,1491,2654010569404,41.53537174172426,nan
1,1,1489,2654740134912,41.54678947115385,0.0
1,2,1492,2655475873336,41.558303806966144,nan
1,1,1490,2657554265088,41.59083072115385,0.0
1,2,1493,2658286975865,41.6022976741693,nan
1,1,1491,2659021695488,41.61379606570513,0.0
1,2,1494,2659757437144,41.62531045209836,nan
1,1,1492,2660489306112,41.63676423076923,0.0
1,2,1495,2661222934610,41.6482455461551,nan
1,1,1493,2661956830720,41.659731049679486,0.0
1,2,1496,2662683806687,41.671108252688676,nan
1,1,1494,2663413598208,41.68252951923077,0.0
1,2,1497,2664149367643,41.69404434036646,nan
1,1,1495,2664881319424,41.705499415064104,0.0
1,2,1498,2666285518283,41.72747518346542,nan
1,1,1496,2667016039424,41.73890786858974,0.0
1,2,1499,2667751317316,41.750414997057796,nan
1,1,1497,2668483120128,41.761867740384616,0.0
1,2,1500,2669216816314,41.773350115090395,nan
1,1,1498,2669950195712,41.78482753205128,0.0
1,2,1501,2671350726446,41.80674589414939,nan
1,1,1499,2672084720640,41.81823293269231,0.0
1,2,1502,2672819322508,41.829729481357674,nan
1,1,1500,2673551977984,41.84119556891026,0.0
1,2,1503,2674282870300,41.8526340629382,nan
1,1,1501,2675013862912,41.86407412660257,0.0
1,2,1504,2675746858402,41.87554553538787,nan
1,1,1502,2676481787904,41.887047211538466,0.0
1,2,1505,2677887930871,41.909053405307866,nan
1,1,1503,2678622241792,41.920545400641025,0.0
1,2,1506,2679358434648,41.93206684833233,nan
1,1,1504,2680089523200,41.94350841346154,0.0
1,2,1507,2680823905487,41.955001525675456,nan
1,1,1505,2681556768768,41.966470865384615,0.0
1,2,1508,2682289046084,41.97793103471805,nan
1,1,1506,2683018732032,41.989350649038464,0.0
1,2,1509,2683753420755,42.00084855698806,nan
1,1,1507,2684486224384,42.012316963141025,0.0
1,2,1510,2685218283847,42.023773723066284,nan
1,1,1508,2686621101568,42.04572787660256,0.0
1,2,1511,2687351937983,42.05716549577762,nan
1,1,1509,2688082928128,42.06860552083334,0.0
1,2,1512,2688815496005,42.08007023745806,nan
1,1,1510,2689550203904,42.09156844551282,0.0
1,2,1513,2690284740777,42.103063977003835,nan
1,1,1511,2691017230336,42.11452746794872,0.0
1,2,1514,2692417448243,42.13644093429174,nan
1,1,1512,2693151735296,42.14793255608974,0.0
1,2,1515,2693887083663,42.15944078749437,nan
1,1,1513,2694619021312,42.170895641025645,0.0
1,2,1516,2695352223231,42.18237028043307,nan
1,1,1514,2696085715968,42.19384947115385,0.0
1,2,1517,2696817606024,42.20530357985277,nan
1,1,1515,2697547233792,42.216722283653844,0.0
1,2,1518,2698953750522,42.238734326829174,nan
1,1,1516,2699686814208,42.25020680288462,0.0
1,2,1519,2700419698546,42.26167647213667,nan
1,1,1517,2701153468928,42.27316000801282,0.0
1,2,1520,2701885335277,42.28461374569624,nan
1,1,1518,2702614462976,42.296024623397436,0.0
1,2,1521,2703351111281,42.30755319888384,nan
1,1,1519,2704080784896,42.31897262019231,0.0
1,2,1522,2704816411115,42.33048519999186,nan
1,1,1520,2705547086848,42.34192030448718,0.0
1,2,1523,2706951237721,42.36389532190567,nan
1,1,1521,2707680598528,42.37530984775641,0.0
1,2,1524,2708414836188,42.38680069655199,nan
1,1,1522,2709147431424,42.39826584134615,0.0
1,2,1525,2709882983759,42.40977726485815,nan
1,1,1523,2710614436352,42.42122452724359,0.0
1,2,1526,2711345709788,42.43266898581481,nan
1,1,1524,2712075793408,42.44409482371795,0.0
1,2,1527,2712808840820,42.455567045084635,nan
1,1,1525,2713542800384,42.467053541666665,0.0
1,2,1528,2714946739411,42.489025243686775,nan
1,1,1526,2715677360640,42.50045949519231,0.0
1,2,1529,2716410270300,42.51192956073468,nan
1,1,1527,2717144618496,42.523422139423076,0.0
1,2,1530,2717878617548,42.53490925399389,nan
1,1,1528,2719284617216,42.556913205128204,0.0
1,2,1531,2720017449521,42.56838206006172,nan
1,1,1529,2720751723008,42.57987346955128,0.0
1,2,1532,2721485500827,42.591357121816785,nan
1,1,1530,2722218963456,42.602835841346156,0.0
1,2,1533,2722953964309,42.614338634142754,nan
1,1,1531,2723685716480,42.6257905849359,0.0
1,2,1534,2724417541272,42.637243672250605,nan
1,1,1532,2725147431424,42.648666482371794,0.0
1,2,1535,2725881189397,42.6601498240466,nan
1,1,1533,2727287302144,42.6821555448718,0.0
1,2,1536,2728019973260,42.693621877191006,nan
1,1,1534,2728754257920,42.70511346153846,0.0
1,2,1537,2729489657843,42.71662249979655,nan
1,1,1535,2730221118464,42.72806988782052,0.0
1,2,1538,2730954628463,42.739549348692286,nan
1,1,1536,2731688159744,42.751029142628205,0.0
1,2,1539,2732419882220,42.76248062869341,nan
1,1,1537,2733149945856,42.773906153846156,0.0
1,2,1540,2734554196850,42.79588273816231,nan
1,1,1538,2735284349952,42.80730966346154,0.0
1,2,1541,2736019446512,42.818813954076525,nan
1,1,1539,2737424321024,42.84080029647436,0.0
1,2,1542,2738159063880,42.852299051607574,nan
1,1,1540,2738891203584,42.863757067307695,0.0
1,2,1543,2739624251083,42.87522929003593,nan
1,1,1541,2740358364672,42.886718197115385,0.0
1,2,1544,2741095194691,42.89824961643317,nan
1,1,1542,2741825459200,42.90967828525641,0.0
1,2,1545,2742561128381,42.92119153741299,nan
1,1,1543,2743292797440,42.9326421875,0.0
1,2,1546,2744026607414,42.94412634299254,nan
1,1,1544,2744759944192,42.95560309294872,0.0
1,2,1547,2746161920437,42.97754407735189,nan
1,1,1545,2746894304256,42.98900591346154,0.0
1,2,1548,2747626484543,43.000464564287235,nan
1,1,1546,2748356245504,43.01188535256411,0.0
1,2,1549,2749092137651,43.023402094147514,nan
1,1,1547,2749823535104,43.03484849358974,0.0
1,2,1550,2750557341753,43.0463325970459,nan
1,1,1548,2751290586112,43.05780790064102,0.0
1,2,1551,2752022975928,43.069269830603965,nan
1,1,1549,2753425491456,43.09121925480769,0.0
1,2,1552,2754161036325,43.10273056147649,nan
1,1,1550,2754892289024,43.11417469551282,0.0
1,2,1553,2755623925169,43.12562483049442,nan
1,1,1551,2756353792000,43.137047275641024,0.0
1,2,1554,2757087286083,43.14852648742676,nan
1,1,1552,2757820835840,43.16000657051282,0.0
1,2,1555,2758556208308,43.17151517909906,nan
1,1,1553,2759287658496,43.182962403846155,0.0
1,2,1556,2760688635700,43.20488775321765,nan
1,1,1554,2761422086656,43.2163662900641,0.0
1,2,1557,2762156952755,43.2278669739552,nan
1,1,1555,2762888937984,43.239322572115384,0.0
1,2,1558,2763620550208,43.250772332732375,nan
1,1,1556,2764350461952,43.26219548076923,0.0
1,2,1559,2765085641146,43.273701064609625,nan
1,1,1557,2765817477120,43.28515432692308,0.0
1,2,1560,2767220895803,43.30711788553874,nan
1,1,1558,2767951532032,43.31855237179487,0.0
1,2,1561,2768685684675,43.33004189007099,nan
1,1,1559,2769418661376,43.341513004807695,0.0
1,2,1562,2770154091826,43.353022520814555,nan
1,1,1560,2770885479936,43.364468774038464,0.0
1,2,1563,2771617272000,43.37592134915865,nan
1,1,1561,2772346702848,43.38733697115385,0.0
1,2,1564,2773080704075,43.398824119763496,nan
1,1,1562,2773813881344,43.41029837339744,0.0
1,2,1565,2774546219465,43.42175949433155,nan
1,1,1563,2775953946624,43.44379048076923,0.0
1,2,1566,2776687154214,43.45526520892803,nan
1,1,1564,2777421134848,43.46675203525641,0.0
1,2,1567,2778153005994,43.47820584801307,nan
1,1,1565,2778882560512,43.48962340544872,0.0
1,2,1568,2779618757930,43.50114492453551,nan
1,1,1566,2781021971968,43.52310528044872,0.0
1,2,1569,2781754168752,43.53456418945313,nan
1,1,1567,2782483315712,43.545975368589744,0.0
1,2,1570,2783219838244,43.55750197572366,nan
1,1,1568,2783950397952,43.568935264423075,0.0
1,2,1571,2784685545636,43.58044035513071,nan
1,1,1569,2785417633792,43.59189756410257,0.0
1,2,1572,2786150747178,43.60337081796499,nan
1,1,1570,2787558041088,43.62539502403846,0.0
1,2,1573,2788291372682,43.63687169286484,nan
1,1,1571,2789025326592,43.64835810096154,0.0
1,2,1574,2789761765886,43.65988340541742,nan
1,1,1572,2790492442624,43.67131852564103,0.0
1,2,1575,2791226978169,43.68281403634879,nan
1,1,1573,2791959587328,43.694279399038464,0.0
1,2,1576,2792692329719,43.70574684681428,nan
1,1,1574,2793426714624,43.717240000000004,0.0
1,2,1577,2794832989026,43.73924825073242,nan
1,1,1575,2795566710272,43.750731017628205,0.0
1,2,1578,2796298261215,43.76217981919509,nan
1,1,1576,2797028003328,43.7736003125,0.0
1,2,1579,2797763179120,43.78510584309896,nan
1,1,1577,2799167980544,43.807091041666666,0.0
1,2,1580,2799900735708,43.81855868934045,nan
1,1,1578,2800635216896,43.83005334935898,0.0
1,2,1581,2801370231884,43.841556363368895,nan
1,1,1579,2802102691328,43.85301938301282,0.0
1,2,1582,2802835063759,43.86448104089982,nan
1,1,1580,2803564233728,43.87589258012821,0.0
1,2,1583,2804299546969,43.887400261809525,nan
1,1,1581,2805031298560,43.89885220352564,0.0
1,2,1584,2805764376283,43.910324899260694,nan
1,1,1582,2807171258880,43.93234266826923,0.0
1,2,1585,2807903951175,43.943809332040644,nan
1,1,1583,2808638481920,43.955304767628206,0.0
1,2,1586,2809374126770,43.96681763900366,nan
1,1,1584,2810105474560,43.97826326121795,0.0
1,2,1587,2810839229492,43.98974655530098,nan
1,1,1585,2811572436992,44.00122128205128,0.0
1,2,1588,2812304405953,44.01267662561661,nan
1,1,1586,2813033991680,44.02409467147436,0.0
1,2,1589,2813770010437,44.03561339450934,nan
1,1,1587,2815173908480,44.05758445512821,0.0
1,2,1590,2815905714624,44.069037250600964,nan
1,1,1588,2816635551232,44.08045922275641,0.0
1,2,1591,2817371638076,44.09197901135567,nan
1,1,1589,2818102727168,44.1034205849359,0.0
1,2,1592,2818837290696,44.11491653357873,nan
1,1,1590,2820242649088,44.13691044871795,0.0
1,2,1593,2820978115880,44.148420533478564,nan
1,1,1591,2821709568000,44.15986778846154,0.0
1,2,1594,2822443775669,44.17135816789676,nan
1,1,1592,2823176510464,44.18282549679488,0.0
1,2,1595,2823909255231,44.19429298175518,nan
1,1,1593,2824643370496,44.2057819150641,0.0
1,2,1596,2825380058020,44.217311104329426,nan
1,1,1594,2826110383616,44.22874072916667,0.0
1,2,1597,2826845118775,44.240239363841525,nan
1,1,1595,2827576688640,44.251688461538464,0.0
1,2,1598,2828977342920,44.27360875713642,nan
1,1,1596,2829710160384,44.285077379807696,0.0
1,2,1599,2830445982516,44.29659302565355,nan
1,1,1597,2831177168384,44.30803611378205,0.0
1,2,1600,2831909544641,44.3194978315461,nan
1,1,1598,2832644127744,44.33099408653846,0.0
1,2,1601,2833378389053,44.34248530544183,nan
1,1,1599,2834111300096,44.35395539262821,0.0
1,2,1602,2834842535885,44.365399262022365,nan
1,1,1600,2836245848064,44.38736115384616,0.0
1,2,1603,2836977826907,44.39881665206518,nan
1,1,1601,2837707585024,44.410237395833335,0.0
1,2,1604,2838443219424,44.421750103665865,nan
1,1,1602,2839174698496,44.43319778044872,0.0
1,2,1605,2839908633441,44.444683891742415,nan
1,1,1603,2840641657344,44.45615574519231,0.0
1,2,1606,2841374352624,44.46762245567909,nan
1,1,1604,2842108864000,44.47911758814103,0.0
1,2,1607,2843515153744,44.50112607897636,nan
1,1,1605,2844247994880,44.51259507211539,0.0
1,2,1608,2844980179175,44.524053785666446,nan
1,1,1606,2845714946048,44.53555291666667,0.0
1,2,1609,2846446178416,44.54699673252204,nan
1,1,1607,2847849232896,44.568954591346156,0.0
1,2,1610,2848579649780,44.58038564484425,nan
1,1,1608,2849310465024,44.59182293269231,0.0
1,2,1611,2850042646163,44.603281596851836,nan
1,1,1609,2850776983040,44.61477399839744,0.0
1,2,1612,2851511257617,44.62626542494554,nan
1,1,1610,2852243880448,44.63773100160257,0.0
1,2,1613,2852974559143,44.649166152453304,nan
1,1,1611,2853705359872,44.66060321314103,0.0
1,2,1614,2854438049585,44.672069836504036,nan
1,1,1612,2855844740096,44.69408459935897,0.0
1,2,1615,2856576055724,44.70552971823668,nan
1,1,1613,2857306032640,44.71695388621795,0.0
1,2,1616,2858039099203,44.72842640729856,nan
1,1,1614,2859445999616,44.7504444551282,0.0
1,2,1617,2860177308600,44.76188947002704,nan
1,1,1615,2860907638784,44.77331916666667,0.0
1,2,1618,2861642428744,44.78481865897937,nan
1,1,1616,2862374386688,44.79627383012821,0.0
1,2,1619,2863107679953,44.807749899104195,nan
1,1,1617,2863841356800,44.81923197115385,0.0
1,2,1620,2864577927743,44.830759335921854,nan
1,1,1618,2865308261376,44.84218908653846,0.0
1,2,1621,2866713168592,44.86417594075521,nan
1,1,1619,2867447552512,44.87566907852564,0.0
1,2,1622,2868183481409,44.88718639524802,nan
1,1,1620,2868914304512,44.898623806089745,0.0
1,2,1623,2869648681922,44.910116841978414,nan
1,1,1621,2871053872640,44.932108133012825,0.0
1,2,1624,2871789213758,44.9436162509703,nan
1,1,1622,2872520990720,44.95506858974359,0.0
1,2,1625,2873254733248,44.96655168970353,nan
1,1,1623,2873988032000,44.978027844551285,0.0
1,2,1626,2874720563006,44.98949198414338,nan
1,1,1624,2875454859776,45.00098375801282,0.0
1,2,1627,2876858759628,45.02295484694261,nan
1,1,1625,2877588710400,45.034378605769234,0.0
1,2,1628,2878321627993,45.04584879546337,nan
1,1,1626,2879055653888,45.05733633012821,0.0
1,2,1629,2879790134998,45.06883098892603,nan
1,1,1627,2880522744832,45.08029636217949,0.0
1,2,1630,2881258252368,45.09180708458534,nan
1,1,1628,2881990410752,45.10326539262821,0.0
1,2,1631,2882722414578,45.11472128183218,nan
1,1,1629,2883452199424,45.12614244391026,0.0
1,2,1632,2884854955657,45.14809563515688,nan
1,1,1630,2885587136512,45.159554294871796,0.0
1,2,1633,2886319178771,45.17101078555376,nan
1,1,1631,2887048939520,45.18243157051282,0.0
1,2,1634,2887784821163,45.19394814770821,nan
1,1,1632,2888516008960,45.20539126602564,0.0
1,2,1635,2889249998642,45.21687823395558,nan
1,1,1633,2889983094272,45.2283512099359,0.0
1,2,1636,2891385236414,45.25029479063377,nan
1,1,1634,2892117248512,45.261750809294874,0.0
1,2,1637,2892850081102,45.273219668688654,nan
1,1,1635,2893583889920,45.284703806089745,0.0
1,2,1638,2894320152775,45.2962263492682,nan
1,1,1636,2895050555904,45.3076571875,0.0
1,2,1639,2895784803420,45.31914819054237,nan
1,1,1637,2896517198848,45.33061020833333,0.0
1,2,1640,2897249066992,45.34206397410858,nan
1,1,1638,2898651206656,45.364007516025644,0.0
1,2,1641,2899385806462,45.37550403242062,nan
1,1,1639,2900117845504,45.386960472756414,0.0
1,2,1642,2900849086999,45.3984044314497,nan
1,1,1640,2901579118592,45.409829455128204,0.0
1,2,1643,2902312625582,45.42130886890901,nan
1,1,1641,2903046080000,45.4327874599359,0.0
1,2,1644,2903781224232,45.444292496619596,nan
1,1,1642,2904513046016,45.45574553685898,0.0
1,2,1645,2905244315335,45.46718993099898,nan
1,1,1643,2905974583808,45.478618661858974,0.0
1,2,1646,2907378078555,45.50058341087928,nan
1,1,1644,2908108947968,45.51202154647436,0.0
1,2,1647,2908842370804,45.523499643241685,nan
1,1,1645,2909575779328,45.53497751602564,0.0
1,2,1648,2910310947444,45.546482926494896,nan
1,1,1646,2911042802176,45.557936482371794,0.0
1,2,1649,2911775151627,45.56939778062087,nan
1,1,1647,2912509755904,45.58089436698718,0.0
1,2,1650,2913245613956,45.59241057498247,nan
1,1,1648,2914649024000,45.61437399839744,0.0
1,2,1651,2915380255765,45.62581780481583,nan
1,1,1649,2916783203840,45.64777399839744,0.0
1,2,1652,2917515103909,45.65922826380021,nan
1,1,1650,2918244862976,45.670649022435896,0.0
1,2,1653,2918979771973,45.68215037768242,nan
1,1,1651,2919711471616,45.69360150641026,0.0
1,2,1654,2920444918211,45.70507997500689,nan
1,1,1652,2921178240000,45.71655649038462,0.0
1,2,1655,2921910357856,45.72801416416266,nan
1,1,1653,2922639707648,45.739428517628205,0.0
1,2,1656,2923375552755,45.75094452303373,nan
1,1,1654,2924779085824,45.77290987179487,0.0
1,2,1657,2925515783532,45.784439220440206,nan
1,1,1655,2926245962752,45.79586655448718,0.0
1,2,1658,2926981377780,45.807375829139126,nan
1,1,1656,2928385703936,45.82935358974359,0.0
1,2,1659,2929120997752,45.84086096742288,nan
1,1,1657,2929852721152,45.85231246794872,0.0
1,2,1660,2930584237842,45.86376073345478,nan
1,1,1658,2931314066944,45.87518258814103,0.0
1,2,1661,2932048509102,45.886676637338496,nan
1,1,1659,2932781024256,45.898140528846156,0.0
1,2,1662,2933513456701,45.90960312595465,nan
1,1,1660,2934247707648,45.92109418269231,0.0
1,2,1663,2934983427506,45.93260822794596,nan
1,1,1661,2936386936832,45.954573205128206,0.0
1,2,1664,2937118251596,45.96601831048427,nan
1,1,1662,2937848315904,45.97744384615385,0.0
1,2,1665,2938583267810,45.988945872927935,nan
1,1,1663,2939315559936,46.00040627403846,0.0
1,2,1666,2940048568686,46.0118778903433,nan
1,1,1664,2940782388224,46.023362195512824,0.0
1,2,1667,2941518706408,46.03488560459235,nan
1,1,1665,2942249481728,46.046322267628206,0.0
1,2,1668,2942982780551,46.057798423587116,nan
1,1,1666,2943716876800,46.06928705929487,0.0
1,2,1669,2945119759117,46.09124222376114,nan
1,1,1667,2945852323840,46.10270689102564,0.0
1,2,1670,2946583742130,46.11415361656776,nan
1,1,1668,2947314082304,46.12558346955128,0.0
1,2,1671,2948048832070,46.137082332826274,nan
1,1,1669,2948780760576,46.14853704326923,0.0
1,2,1672,2949514076637,46.16001346900353,nan
1,1,1670,2950247866368,46.171497307692306,0.0
1,2,1673,2950984142683,46.18302006152031,nan
1,1,1671,2952387757056,46.20498668269231,0.0
1,2,1674,2953124358613,46.21651452657064,nan
1,1,1672,2953854784000,46.227945713141025,0.0
1,2,1675,2954589478768,46.23944371569512,nan
1,1,1673,2955321635328,46.25090199519231,0.0
1,2,1676,2956054271241,46.26236777658316,nan
1,1,1674,2956788587008,46.27385984775641,0.0
1,2,1677,2958194268540,46.29585882004958,nan
1,1,1675,2958928846848,46.307355,0.0
1,2,1678,2959664167167,46.3188627924523,nan
1,1,1676,2960396062208,46.33031697916667,0.0
1,2,1679,2961129189524,46.34179045103416,nan
1,1,1677,2961863040000,46.35327524038462,0.0
1,2,1680,2962594532405,46.36472312582946,nan
1,1,1678,2963324418048,46.376145865384615,0.0
1,2,1681,2964059189695,46.387645071098135,nan
1,1,1679,2964791529472,46.39910621794872,0.0
1,2,1682,2965524325717,46.41057450854179,nan
1,1,1680,2966932102656,46.43260627403846,0.0
1,2,1683,2967663800787,46.44405737910344,nan
1,1,1681,2968393781248,46.455481602564106,0.0
1,2,1684,2969126649727,46.46695102362217,nan
1,1,1682,2969860501504,46.478435833333336,0.0
1,2,1685,2970594828035,46.489928072963615,nan
1,1,1683,2971327971328,46.501401794871796,0.0
1,2,1686,2972062814339,46.51290211743477,nan
1,1,1684,2973468216832,46.534896722756415,0.0
1,2,1687,2974196039477,46.54628717631022,nan
1,2,1688,2974243635274,46.54703205244016,nan
1,1,1685,2974983182336,46.558605993589744,0.0
1,2,1689,2975715491273,46.5700666577931,nan
1,1,1686,2976444768768,46.581479879807695,0.0
1,2,1690,2977179631957,46.59298051815718,nan
1,1,1687,2977911545344,46.60443499198718,0.0
1,2,1691,2978643818224,46.61589509189704,nan
1,1,1688,2980050351104,46.63790738782051,0.0
1,2,1692,2980781434756,46.649348876264526,nan
1,1,1689,2981511719936,46.66077786858975,0.0
1,2,1693,2982244588833,46.67224729618953,nan
1,1,1690,2982978339328,46.683730520833336,0.0
1,2,1694,2983712946350,46.695227150159006,nan
1,1,1691,2984444397568,46.70667439102564,0.0
1,2,1695,2985177277005,46.71814398357685,nan
1,1,1692,2985911176192,46.729629535256414,0.0
1,2,1696,2986647235532,46.74114889341697,nan
1,1,1693,2988050279936,46.76310659455128,0.0
1,2,1697,2988786608728,46.774630169646436,nan
1,1,1694,2989517084672,46.7860621474359,0.0
1,2,1698,2990250883059,46.797546121591424,nan
1,1,1695,2990983881216,46.80901757211539,0.0
1,2,1699,2991715402632,46.82046591158353,nan
1,1,1696,2992445385728,46.83189017628205,0.0
1,2,1700,2993179853624,46.84338462828025,nan
1,1,1697,2993912587776,46.854851947115385,0.0
1,2,1701,2995314458581,46.87679128137833,nan
1,1,1698,2996047394304,46.888261754807694,0.0
1,2,1702,2996778899827,46.89970984554976,nan
1,1,1699,2997509698048,46.91114686698718,0.0
1,2,1703,2998243607825,46.92263258440067,nan
1,1,1700,2999649414656,46.944633517628205,0.0
1,2,1704,3000382377876,46.95610442138672,nan
1,1,1701,3001116712448,46.96759678685898,0.0
1,2,1705,3001850750236,46.97908450764974,nan
1,1,1702,3002583815680,46.99055701121795,0.0
1,2,1706,3003318702268,47.00205801576272,nan
1,1,1703,3004050786816,47.01351516826923,0.0
1,2,1707,3004781292123,47.024947605590825,nan
1,1,1704,3005512117760,47.03638505608974,0.0
1,2,1708,3006915230981,47.05834383421287,nan
1,1,1705,3007646201344,47.069783549679485,0.0
1,2,1709,3008379434657,47.081258680404275,nan
1,1,1706,3009113022464,47.09273935897436,0.0
1,2,1710,3009849363498,47.104263125657305,nan
1,1,1707,3010580153344,47.11570001602564,0.0
1,2,1711,3011313158600,47.12717157764924,nan
1,1,1708,3012047212032,47.138659543269235,0.0
1,2,1712,3012781011806,47.15014353913136,nan
1,1,1709,3013514039296,47.16161544871795,0.0
1,2,1713,3014248927473,47.17311647813064,nan
1,1,1710,3015653318656,47.195095256410255,0.0
1,2,1714,3016386321291,47.2065667770151,nan
1,1,1711,3017119964160,47.21804831730769,0.0
1,2,1715,3017854346508,47.22954143047626,nan
1,1,1712,3018586907648,47.241006041666665,0.0
1,2,1716,3019990776758,47.26297664948292,nan
1,1,1713,3020720788480,47.27440136217949,0.0
1,2,1717,3021455097668,47.285893330391126,nan
1,1,1714,3022187516416,47.29735571314103,0.0
1,2,1718,3022919746298,47.30881514013046,nan
1,1,1715,3023649128448,47.32023,0.0
1,2,1719,3024383632007,47.331725010125574,nan
1,1,1716,3025116314624,47.3431915224359,0.0
1,2,1720,3025848472626,47.35464982450045,nan
1,1,1717,3027255943168,47.3766767948718,0.0
1,2,1721,3027987850441,47.388131173017456,nan
1,1,1718,3028717301760,47.399547115384614,0.0
1,2,1722,3029452681832,47.41105584297376,nan
1,1,1719,3030184517632,47.422509102564106,0.0
1,2,1723,3030915969555,47.433956354464016,nan
1,1,1720,3031645896704,47.44537974358975,0.0
1,2,1724,3032378554296,47.456845864257815,nan
1,1,1721,3033112695296,47.46833520032052,0.0
1,2,1725,3034515166807,47.49028393565643,nan
1,1,1722,3035246812160,47.50173421474359,0.0
1,2,1726,3035977715710,47.51317288458409,nan
1,1,1723,3036708269056,47.52460607371795,0.0
1,2,1727,3037439755692,47.53605386887771,nan
1,1,1724,3038169694208,47.547477435897434,0.0
1,2,1728,3039570593909,47.56940157234388,nan
1,1,1725,3040304074752,47.58088057692308,0.0
1,2,1729,3041038628858,47.59237637811123,nan
1,1,1726,3041771358720,47.60384362980769,0.0
1,2,1730,3042506796427,47.61535325938689,nan
1,1,1727,3043238555648,47.62680532051282,0.0
1,2,1731,3043969388342,47.638242881454076,nan
1,1,1728,3044700144128,47.64967923878205,0.0
1,2,1732,3045432964312,47.66114790402143,nan
1,1,1729,3046840589824,47.683177299679485,0.0
1,2,1733,3047573025643,47.69463994959122,nan
1,1,1730,3048307473920,47.70613409455128,0.0
1,2,1734,3049043511017,47.717653104608,nan
1,1,1731,3049774470656,47.729092652243594,0.0
1,2,1735,3050508276364,47.74057674097306,nan
1,1,1732,3051914592256,47.762585641025645,0.0
1,2,1736,3052648534289,47.774071863246824,nan
1,1,1733,3053381770240,47.785547035256414,0.0
1,1,1734,3054827599360,47.80817431891026,0.0
1,2,1738,3055561878717,47.81966582026555,nan
1,1,1735,3056294911488,47.8311378125,0.0
1,2,1739,3057027465286,47.84260230878781,nan
1,1,1736,3057762295296,47.85410242788462,0.0
1,2,1740,3058498153930,47.86561864498823,nan
1,1,1737,3059902477312,47.88759636217949,0.0
1,2,1741,3060638022741,47.89910767761231,nan
1,1,1738,3061369652224,47.910557708333336,0.0
1,2,1742,3062103502848,47.9220425,nan
1,1,1739,3062836602880,47.933515544871796,0.0
1,2,1743,3063568677272,47.9449725384365,nan
1,1,1740,3064297898496,47.95638487980769,0.0
1,2,1744,3065701059155,47.97834440033741,nan
1,1,1741,3066432183296,47.9897865224359,0.0
1,2,1745,3067163525114,48.001232051188154,nan
1,1,1742,3067893913088,48.01266265224359,0.0
1,2,1746,3068626613165,48.02412943780361,nan
1,1,1743,3069356249088,48.03554826923077,0.0
1,2,1747,3070090890057,48.04704542982835,nan
1,1,1744,3070823628800,48.058512820512824,0.0
1,2,1748,3071555720947,48.069970091943986,nan
1,1,1745,3072285267456,48.08138752403846,0.0
1,2,1749,3073690320790,48.103376665007765,nan
1,1,1746,3074419522048,48.114788693910256,0.0
1,2,1750,3075155630901,48.126308826951245,nan
1,1,1747,3075886720512,48.13775040865385,0.0
1,2,1751,3077288961514,48.159695536514675,nan
1,1,1748,3078020852736,48.17114966346154,0.0
1,2,1752,3078751864725,48.18259003037673,nan
1,1,1749,3079482262016,48.194020777243594,0.0
1,2,1753,3080214426435,48.20547917973445,nan
1,1,1750,3080949030400,48.21697576121795,0.0
1,2,1754,3081682520275,48.22845490714831,nan
1,1,1751,3082415955456,48.239933197115384,0.0
1,2,1755,3083151097442,48.25143819864909,nan
1,1,1752,3083883154944,48.262894927884616,0.0
1,2,1756,3085283270405,48.284806790943634,nan
1,1,1753,3086017658880,48.2963,0.0
1,2,1757,3086753446043,48.3078150985796,nan
1,1,1754,3087484469760,48.31925564903846,0.0
1,2,1758,3088218284093,48.330739872749525,nan
1,1,1755,3088951647744,48.34221704326923,0.0
1,2,1759,3090352646372,48.36414272792719,nan
1,1,1756,3091086441984,48.37562665865385,0.0
1,2,1760,3091822974583,48.38715342333671,nan
1,1,1757,3092553511424,48.39858635416667,0.0
1,2,1761,3093287276051,48.41006979997684,nan
1,1,1758,3094020638720,48.42154695512821,0.0
1,2,1762,3094752021952,48.43299313201122,nan
1,1,1759,3095482630144,48.44442717948718,0.0
1,2,1763,3096885319276,48.46637932060046,nan
1,1,1760,3097617150464,48.477832508012824,0.0
1,2,1764,3098350414847,48.489308124984355,nan
1,1,1761,3099084190720,48.500791746794874,0.0
1,2,1765,3099820392853,48.5123133396716,nan
1,1,1762,3100550996480,48.52374731570513,0.0
1,2,1766,3101285119799,48.53523637505947,nan
1,1,1763,3102017517056,48.54669842147436,0.0
1,2,1767,3102749399252,48.558152407163966,nan
1,1,1764,3103478405120,48.56956137820513,0.0
1,2,1768,3104213853817,48.58107117977827,nan
1,1,1765,3104945122816,48.59251556891026,0.0
1,2,1769,3106348184342,48.61447353800456,nan
1,1,1766,3107078769664,48.625907227564106,0.0
1,2,1770,3107812096710,48.637383825214094,nan
1,1,1767,3108545631744,48.64886367788462,0.0
1,2,1771,3109280083029,48.66035786992,nan
1,1,1768,3110013018112,48.67182833333334,0.0
1,2,1772,3110748447709,48.68333783599071,nan
1,1,1769,3111480099840,48.69478822115385,0.0
1,2,1773,3112212538747,48.70625091939291,nan
1,1,1770,3113619982336,48.72827746794872,0.0
1,2,1774,3114351898132,48.73973197947967,nan
1,1,1771,3115081375232,48.751148325320514,0.0
1,2,1775,3115816627121,48.76265504684057,nan
1,1,1772,3117220535296,48.78462626602564,0.0
1,2,1776,3117956355645,48.79614188396747,nan
1,1,1773,3118687175168,48.807579238782054,0.0
1,2,1777,3119421327850,48.81906875766852,nan
1,1,1774,3120153715200,48.830530649038465,0.0
1,2,1778,3120885648768,48.841985438701926,nan
1,1,1775,3121615208448,48.85340307692308,0.0
1,2,1779,3122350457129,48.86490974823781,nan
1,1,1776,3123082208256,48.87636168269231,0.0
1,2,1780,3123815057607,48.88783080439641,nan
1,1,1777,3124549622272,48.89932677083333,0.0
1,2,1781,3125955174218,48.921323715100414,nan
1,1,1778,3126690315264,48.93282870192308,0.0
1,2,1782,3127425468118,48.94433387354142,nan
1,1,1779,3128157703680,48.95579338942308,0.0
1,2,1783,3129560640395,48.97774940522023,nan
1,1,1780,3130291893248,48.989193541666666,0.0
1,2,1784,3131025855779,49.000680084682365,nan
1,1,1781,3131758767616,49.012150184294875,0.0
1,2,1785,3132490918085,49.02360836846768,nan
1,1,1782,3133220500480,49.03502636217949,0.0
1,2,1786,3133955606103,49.04653079463078,nan
1,1,1783,3134687740416,49.05798872596154,0.0
1,2,1787,3135420415995,49.06945512812688,nan
1,1,1784,3136155179520,49.08095420673077,0.0
1,2,1788,3136890873215,49.09246784253243,nan
1,1,1785,3138296140800,49.114460336538464,0.0
1,2,1789,3139030927375,49.12595977587578,nan
1,1,1786,3139763806720,49.13742936698718,0.0
1,2,1790,3140496051633,49.14888902921236,nan
1,1,1787,3141225660928,49.160307443910256,0.0
1,2,1791,3141960824655,49.171812785691486,nan
1,1,1788,3142692920832,49.18327012019231,0.0
1,2,1792,3143425918201,49.19474155838404,nan
1,1,1789,3144159623680,49.20622407852564,0.0
1,2,1793,3144891249803,49.21767405666254,nan
1,1,1790,3146293993984,49.239627059294875,0.0
1,2,1794,3147025611580,49.25107690398388,nan
1,1,1791,3147755240960,49.26249563301282,0.0
1,2,1795,3148490483934,49.27400221501277,nan
1,1,1792,3149222490624,49.28545814903846,0.0
1,2,1796,3149955045002,49.296922654403296,nan
1,1,1793,3150689930240,49.30842363782052,0.0
1,2,1797,3151425079302,49.3199287500939,nan
1,1,1794,3152157252096,49.33138728365385,0.0
1,2,1798,3152889569724,49.342848083871694,nan
1,1,1795,3154292227584,49.36479973557692,0.0
1,2,1799,3155023794262,49.37624878339719,nan
1,1,1796,3155753803264,49.38767345352564,0.0
1,2,1800,3156488179203,49.399166466393105,nan
1,1,1797,3157221113856,49.41063692307692,0.0
1,2,1801,3157952636330,49.42208527910282,nan
1,1,1798,3159355383296,49.44403832532051,0.0
1,2,1802,3160086918741,49.455486884343074,nan
1,1,1799,3160816570880,49.466905969551284,0.0
1,2,1803,3161551136761,49.478401955018654,nan
1,1,1800,3162283540480,49.489864102564106,0.0
1,2,1804,3163015749016,49.501323195487785,nan
1,1,1801,3163745250304,49.5127399198718,0.0
1,2,1805,3164479453497,49.52423022925744,nan
1,1,1802,3165212367872,49.535700368589744,0.0
1,2,1806,3166615599062,49.55766099293244,nan
1,1,1803,3167346699264,49.569102740384615,0.0
1,2,1807,3168077645696,49.58054208133013,nan
1,1,1804,3168808568320,49.59198104967949,0.0
1,2,1808,3169539880764,49.60342611872746,nan
1,1,1805,3170270392832,49.614858661858975,0.0
1,2,1809,3171002467039,49.62631565252842,nan
1,1,1806,3171732507136,49.637740809294876,0.0
1,2,1810,3173133182367,49.65966143277682,nan
1,1,1807,3173866709504,49.671141161858976,0.0
1,2,1811,3174601592108,49.68264210405399,nan
1,1,1808,3175334062080,49.69410528846154,0.0
1,2,1812,3176069615288,49.70561672563602,nan
1,1,1809,3176801679360,49.71707355769231,0.0
1,2,1813,3177532267122,49.72850728543795,nan
1,1,1810,3178264045056,49.73995963942308,0.0
1,2,1814,3178994961929,49.751398517769054,nan
1,1,1811,3180398989824,49.77337161057692,0.0
1,2,1815,3181131988148,49.78484306371445,nan
1,1,1812,3181866389504,49.796336474358974,0.0
1,2,1816,3182601289781,49.807837693137145,nan
1,1,1813,3183333842944,49.81930217948718,0.0
1,2,1817,3184065980381,49.83076015970866,nan
1,1,1814,3184795854336,49.84218271634616,0.0
1,2,1818,3185530335100,49.85367736972907,nan
1,1,1815,3186935971328,49.875675633012825,0.0
1,2,1819,3187667647514,49.88712639463767,nan
1,1,1816,3188397619200,49.89855048076923,0.0
1,2,1820,3189130266041,49.91001643318372,nan
1,1,1817,3189864857600,49.921512820512824,0.0
1,2,1821,3190598806857,49.932999155789894,nan
1,1,1818,3191331940864,49.9444727323718,0.0
1,2,1822,3192066817765,49.95597358531463,nan
1,1,1819,3192799233024,49.96743591346154,0.0
1,2,1823,3193529625235,49.9788665808262,nan
1,1,1820,3194260725248,49.99030832532051,0.0
1,2,1824,3195662978371,50.01225364287548,nan
1,1,1821,3196395102720,50.02371141826923,0.0
1,2,1825,3197127963881,50.035180724800306,nan
1,1,1822,3197862297088,50.04667306891026,0.0
1,2,1826,3198598011504,50.05818702899639,nan
1,1,1823,3199329231360,50.069630649038466,0.0
1,2,1827,3200062854161,50.08111187526605,nan
1,1,1824,3200796859392,50.09259908653846,0.0
1,2,1828,3202203353247,50.11461077171913,nan
1,1,1825,3202937621504,50.126102099358974,0.0
1,2,1829,3203674033687,50.13762697952662,nan
1,1,1826,3204405058048,50.1490675400641,0.0
1,2,1830,3205138758597,50.160549983051006,nan
1,1,1827,3205872619008,50.17203492788462,0.0
1,2,1831,3206609027392,50.18355974859776,nan
1,1,1828,3208013190144,50.20553495192308,0.0
1,2,1832,3208749460436,50.21705761149089,nan
1,1,1829,3209480339456,50.2284958974359,0.0
1,2,1833,3210214051191,50.239978515484154,nan
1,1,1830,3210947585024,50.25145834935898,0.0
1,2,1834,3211679291647,50.262909587324096,nan
1,1,1831,3212409001472,50.274329575320515,0.0
1,2,1835,3213144071342,50.28583344823593,nan
1,1,1832,3213876385280,50.29729419070513,0.0
1,2,1836,3214608796756,50.30875645964794,nan
1,1,1833,3216011564544,50.33070983173077,0.0
1,2,1837,3217412613124,50.35263629813952,nan
1,1,1834,3218147136000,50.364131610576926,0.0
1,2,1838,3218882494357,50.37563999832545,nan
1,1,1835,3219614835200,50.38710116185898,0.0
1,2,1839,3220346697533,50.39855483669184,nan
1,1,1836,3221076453888,50.40997555288462,0.0
1,2,1840,3221811198673,50.42147433820676,nan
1,1,1837,3222544271360,50.43294695512821,0.0
1,2,1841,3223276429949,50.444405266379334,nan
1,1,1838,3224679306752,50.46636034455128,0.0
1,2,1842,3225410766633,50.477807720994214,nan
1,1,1839,3226140914176,50.48923455929487,0.0
1,2,1843,3227545045969,50.511209278110606,nan
1,1,1840,3228276251136,50.52265266826923,0.0
1,2,1844,3229009594752,50.53412952524039,nan
1,1,1841,3229743408128,50.54561373397436,0.0
1,2,1845,3230479665927,50.55713619802622,nan
1,1,1842,3231210439680,50.568572836538465,0.0
1,2,1846,3231944792251,50.58006548369579,nan
1,1,1843,3232677801984,50.59153711538462,0.0
1,2,1847,3233408644695,50.602974833092325,nan
1,1,1844,3234812336128,50.62494266025641,0.0
1,2,1848,3235547786475,50.63645248765212,nan
1,1,1845,3236279542784,50.64790450320513,0.0
1,2,1849,3237013337746,50.65938842375927,nan
1,1,1846,3238419378688,50.68139302083333,0.0
1,2,1850,3239152296233,50.69286320977627,nan
1,1,1847,3239886351872,50.7043512099359,0.0
1,2,1851,3240620833979,50.715845884336815,nan
1,1,1848,3241353464832,50.72731158653846,0.0
1,2,1852,3242088948803,50.73882194015112,nan
1,1,1849,3242820705792,50.75027396634616,0.0
1,2,1853,3243552006139,50.761718846075595,nan
1,1,1850,3244282284544,50.7731477323718,0.0
1,2,1854,3245683896511,50.795083015809674,nan
1,1,1851,3246416507904,50.80654841346154,0.0
1,2,1855,3247148565092,50.818005137782954,nan
1,1,1852,3247877908480,50.829419391025645,0.0
1,2,1856,3248613716484,50.84093481576773,nan
1,1,1853,3249345569280,50.852388341346156,0.0
1,2,1857,3250078859170,50.86386435750325,nan
1,1,1854,3251486590976,50.88589541666667,0.0
1,1,1855,3252878313984,50.9076759375,0.0
1,2,1858,3253611278145,50.919146855985204,nan
1,1,1856,3254345774592,50.930641754807695,0.0
1,2,1859,3255081684682,50.94215877719977,nan
1,1,1857,3255813383680,50.95360989583334,0.0
1,2,1860,3257216164727,50.975563475420046,nan
1,1,1858,3257947963392,50.987016153846156,0.0
1,2,1861,3258681145626,50.99849048518254,nan
1,1,1859,3259415465984,51.00998262820513,0.0
1,2,1862,3260152122534,51.021511332726114,nan
1,1,1860,3260883187712,51.03295253205128,0.0
1,2,1863,3262286841169,51.05491976488945,nan
1,1,1861,3263018413568,51.06636890224359,0.0
1,2,1864,3263751907570,51.07784811276167,nan
1,1,1862,3264485950464,51.08933591346154,0.0
1,2,1865,3265222316156,51.10086006604317,nan
1,1,1863,3265953504256,51.11230318910257,0.0
1,2,1866,3267356868922,51.13426590235001,nan
1,1,1864,3268088364544,51.14571383814103,0.0
1,2,1867,3268822152908,51.1571976554362,nan
1,1,1865,3269555801088,51.168679278846156,0.0
1,2,1868,3270291440234,51.18019206095378,nan
1,1,1866,3271023242752,51.19164479967949,0.0
1,2,1869,3271754972183,51.20309639459072,nan
1,1,1867,3272484929536,51.21452025641026,0.0
1,2,1870,3273887251652,51.23646665370843,nan
1,2,1871,3275277328350,51.258221409724314,nan
1,1,1868,3276009437184,51.26967894230769,0.0
1,2,1872,3276742263178,51.28114769847381,nan
1,1,1869,3277477021184,51.292646690705126,0.0
1,2,1873,3278213005586,51.304164876082986,nan
1,1,1870,3278944849408,51.31561826121795,0.0
1,2,1874,3279677859516,51.32708989877554,nan
1,1,1871,3280412477440,51.33858669871795,0.0
1,2,1875,3281816140635,51.36055408395621,nan
1,1,1872,3282547179520,51.371994871794875,0.0
1,2,1876,3283280210174,51.383466830898186,nan
1,1,1873,3284014543872,51.39495918269231,0.0
1,2,1877,3284751058569,51.40648566720816,nan
1,1,1874,3285482185216,51.41792782852564,0.0
1,2,1878,3286886983985,51.43991298554249,nan
1,1,1875,3287617440256,51.45134465544872,0.0
1,2,1879,3288351600851,51.46283429817395,nan
1,1,1876,3289085039616,51.47431264423077,0.0
1,2,1880,3289821454945,51.48583757363344,nan
1,1,1877,3290552476160,51.4972780849359,0.0
1,2,1881,3291286822404,51.50877063307542,nan
1,1,1878,3292020122112,51.520246802884614,0.0
1,2,1882,3292752319913,51.53170572780512,nan
1,1,1879,3293482315776,51.54313019230769,0.0
1,2,1883,3294218094411,51.55464515742376,nan
1,1,1880,3295623448064,51.576638998397435,0.0
1,2,1884,3296359092699,51.58815186640813,nan
1,1,1881,3297091083264,51.599607548076925,0.0
1,2,1885,3298494619784,51.62157295084636,nan
1,1,1882,3299226549760,51.63302768429487,0.0
1,2,1886,3299959895590,51.644504575915214,nan
1,1,1883,3300694509568,51.65600131410257,0.0
1,2,1887,3301430954420,51.66752670554137,nan
1,1,1884,3302161809920,51.67896462339744,0.0
1,2,1888,3302896542550,51.69046321849334,nan
1,1,1885,3303629814272,51.70193895032052,0.0
1,2,1889,3304361546482,51.71339058872321,nan
1,1,1886,3305092224000,51.72482572115385,0.0
1,2,1890,3306494422971,51.74677019122784,nan
1,1,1887,3307227886080,51.75824891826923,0.0
1,2,1891,3307963480902,51.76976100670448,nan
1,1,1888,3308695406080,51.7812156650641,0.0
1,2,1892,3309426452730,51.79265657442533,nan
1,1,1889,3310157447168,51.804096666666666,0.0
1,2,1893,3310889607335,51.81555500261356,nan
1,1,1890,3312292199424,51.837505625,0.0
1,1,1891,3313684492288,51.85929506410257,0.0
1,2,1894,3314417779805,51.87077104312212,nan
1,1,1892,3315152415744,51.882268125,0.0
1,2,1895,3315886284787,51.89375320492476,nan
1,1,1893,3317293038592,51.91576895833334,0.0
1,2,1896,3318028983926,51.927286532295426,nan
1,1,1894,3318760619008,51.938736650641026,0.0
1,2,1897,3319492324905,51.95018787724422,nan
1,1,1895,3320222708736,51.96161841346154,0.0
1,2,1898,3320955182560,51.97308165815305,nan
1,1,1896,3321684558336,51.98449641826923,0.0
1,2,1899,3322417968523,51.9959743170792,nan
1,1,1897,3323151862784,52.00745979166667,0.0
1,2,1900,3323886101281,52.018950653561326,nan
1,1,1898,3324618893312,52.03041887820513,0.0
1,2,1901,3326023976383,52.05240848455967,nan
1,1,1899,3326753576448,52.06382675480769,0.0
1,2,1902,3327489005414,52.075336247589895,nan
1,1,1900,3328221054464,52.08679284455128,0.0
1,2,1903,3328953739013,52.098259387097485,nan
1,1,1901,3329688431104,52.109757347756414,0.0
1,2,1904,3330423381138,52.121259345233625,nan
1,1,1902,3331828970496,52.143256875,0.0
1,2,1905,3332563019565,52.154744772338866,nan
1,1,1903,3333295795200,52.166212740384616,0.0
1,2,1906,3334027511504,52.177664129857774,nan
1,1,1904,3334757380608,52.18908661057692,0.0
1,2,1907,3335491568262,52.20057667677659,nan
1,1,1905,3336224541184,52.21204773237179,0.0
1,2,1908,3337628628262,52.234021751395986,nan
1,1,1906,3338358941184,52.24545117788462,0.0
1,2,1909,3339091469523,52.25691527573806,nan
1,1,1907,3339826301952,52.26841543269231,0.0
1,2,1910,3340559707253,52.279893255036185,nan
1,1,1908,3341293706752,52.29138037660257,0.0
1,2,1911,3342028033025,52.30287261219514,nan
1,1,1909,3342760760832,52.31433983173077,0.0
1,2,1912,3343496059299,52.325847282198396,nan
1,1,1910,3344227655680,52.3372967948718,0.0
1,2,1913,3345627930207,52.35921114732009,nan
1,1,1911,3346361459200,52.37069090544872,0.0
1,2,1914,3347097464299,52.382209414735456,nan
1,1,1912,3347828534784,52.39365069711538,0.0
1,2,1915,3348560972699,52.4051133798296,nan
1,1,1913,3349295604736,52.41661040064103,0.0
1,2,1916,3350031068454,52.42812043729342,nan
1,1,1914,3351436133888,52.450109767628206,0.0
1,2,1917,3352171529143,52.46161873283191,nan
1,1,1915,3352903543296,52.47307478365385,0.0
1,2,1918,3353637155171,52.4845558388891,nan
1,1,1916,3354370707968,52.496035969551286,0.0
1,2,1919,3355102225146,52.50748424269456,nan
1,1,1917,3355832515072,52.518913309294874,0.0
1,2,1920,3356567203489,52.530411212455554,nan
1,1,1918,3357299487744,52.541871490384615,0.0
1,2,1921,3358702802761,52.563833426623226,nan
1,1,1919,3359433407488,52.5752674198718,0.0
1,2,1922,3360168064765,52.58676483569023,nan
1,1,1920,3360900491264,52.598227339743595,0.0
1,2,1923,3361633429656,52.60969785494291,nan
1,1,1921,3362367905280,52.621192427884615,0.0
1,2,1924,3363104038438,52.63271294129983,nan
1,1,1922,3363835299328,52.644157203525644,0.0
1,2,1925,3365238582475,52.666118640997475,nan
1,1,1923,3365970066432,52.67756639423077,0.0
1,2,1926,3366704108160,52.689054176682696,nan
1,1,1924,3367437619200,52.70053365384616,0.0
1,2,1927,3368169592863,52.71198907099797,nan
1,1,1925,3369572375040,52.73394266826923,0.0
1,2,1928,3370300195044,52.745333080491285,nan
1,2,1929,3370347831803,52.746078597678164,nan
1,1,1926,3371086561280,52.75763974358974,0.0
1,2,1930,3371820538751,52.769126520417046,nan
1,1,1927,3372553375744,52.78059544871795,0.0
1,2,1931,3373285792549,52.79205780105982,nan
1,1,1928,3374019866112,52.80354608173077,0.0
1,2,1932,3374756418213,52.81507315162072,nan
1,1,1929,3375486987264,52.826506586538464,0.0
1,2,1933,3376220907600,52.83799246920072,nan
1,1,1930,3376954092032,52.849466834935896,0.0
1,2,1934,3378355847424,52.87140436298077,nan
1,1,1931,3379088270848,52.88286681891026,0.0
1,2,1935,3379821149354,52.894336396891276,nan
1,1,1932,3380555459584,52.90582838141026,0.0
1,2,1936,3381291140669,52.91734181986491,nan
1,1,1933,3382022517760,52.92878790064103,0.0
1,2,1937,3382755752932,52.94026306045924,nan
1,1,1934,3383489149440,52.95174074519231,0.0
1,2,1938,3384220550540,52.96318720171024,nan
1,1,1935,3384950260736,52.974607195512824,0.0
1,2,1939,3385685520184,52.98611403533153,nan
1,1,1936,3386417606144,52.9975712099359,0.0
1,2,1940,3387818634229,53.01949735559708,nan
1,1,1937,3388552123904,53.030976498397436,0.0
1,2,1941,3389283759501,53.04242662480281,nan
1,1,1938,3390013969920,53.053854447115384,0.0
1,2,1942,3390748588870,53.065351263114735,nan
1,1,1939,3391481245184,53.076817363782055,0.0
1,2,1943,3392213100780,53.08827093318059,nan
1,1,1940,3392942746112,53.099689911858974,0.0
1,2,1944,3393678144140,53.11119892046024,nan
1,1,1941,3394410033152,53.122653012820514,0.0
1,2,1945,3395142825531,53.13412124291053,nan
1,1,1942,3396550419456,53.15615014423077,0.0
1,2,1946,3397282836176,53.16761249524239,nan
1,1,1943,3398012519424,53.179032067307695,0.0
1,2,1947,3398747670665,53.19053721368252,nan
1,1,1944,3399480028160,53.201998637820516,0.0
1,2,1948,3400212263474,53.213458149820966,nan
1,1,1945,3400941889536,53.22487682692308,0.0
1,2,1949,3401675101155,53.23635161813589,nan
1,1,1946,3402409315328,53.24784209935898,0.0
1,2,1950,3403813592198,53.26981908863557,nan
1,1,1947,3404544318976,53.28125499198718,0.0
1,2,1951,3405276563004,53.29271464036208,nan
1,1,1948,3406006179328,53.3041331650641,0.0
1,2,1952,3407410739436,53.326114587026744,nan
1,1,1949,3408141451264,53.33755025641026,0.0
1,2,1953,3408875939477,53.34904502637032,nan
1,1,1950,3409608796160,53.360514262820516,0.0
1,2,1954,3410340840512,53.37197078625801,nan
1,1,1951,3411070589440,53.38339138621795,0.0
1,2,1955,3411806358010,53.39490619381636,nan
1,1,1952,3412538181632,53.406359262820516,0.0
1,2,1956,3413270552982,53.41782090378982,nan
1,1,1953,3414000561152,53.429245560897435,0.0
1,2,1957,3415403068497,53.45119485703689,nan
1,1,1954,3416135588352,53.46265882211539,0.0
1,2,1958,3416868019197,53.47412139418382,nan
1,1,1955,3417597817856,53.4855427724359,0.0
1,2,1959,3418333409188,53.49705480625251,nan
1,1,1956,3419738048000,53.5190374599359,0.0
1,2,1960,3420473911876,53.53055375907702,nan
1,1,1957,3421205387264,53.54200137820513,0.0
1,2,1961,3421939000815,53.55348245966985,nan
1,1,1958,3422673075712,53.56497076121795,0.0
1,2,1962,3423409873786,53.57650168059521,nan
1,1,1959,3424140753408,53.58793997596154,0.0
1,2,1963,3424874853148,53.59942866630359,nan
1,1,1960,3425608456192,53.61090958333333,0.0
1,2,1964,3427010748886,53.63285552017604,nan
1,1,1961,3427743179776,53.64431809294872,0.0
1,2,1965,3428475831156,53.65578411639874,nan
1,1,1962,3429210487296,53.66728151442308,0.0
1,2,1966,3429946221831,53.67879578937237,nan
1,1,1963,3430678258688,53.69025219551282,0.0
1,2,1967,3431411285689,53.701724097446544,nan
1,1,1964,3432145947648,53.71322158653847,0.0
1,2,1968,3432881369665,53.72473097056854,nan
1,1,1965,3433613393408,53.73618717147436,0.0
1,2,1969,3434346104824,53.74765413449018,nan
1,1,1966,3435753155072,53.769674527243595,0.0
1,2,1970,3436485596809,53.78113726977226,nan
1,1,1967,3437220026368,53.79263112179488,0.0
1,2,1971,3437956704789,53.80416016859788,nan
1,1,1968,3438687477760,53.815596794871794,0.0
1,2,1972,3439421748676,53.8270881641251,nan
1,1,1969,3440154539008,53.83855636217949,0.0
1,2,1973,3440887488377,53.8500270491693,nan
1,1,1970,3441621969408,53.86152170673077,0.0
1,2,1974,3442357634809,53.87303489973019,nan
1,1,1971,3443089554944,53.88448947916667,0.0
1,2,1975,3444490613692,53.90641610470503,nan
1,1,1972,3445224632832,53.91790353365385,0.0
1,2,1976,3445959040846,53.92939704849635,nan
1,1,1973,3446691553280,53.9408608974359,0.0
1,2,1977,3447422121214,53.952294314872546,nan
1,1,1974,3448152982528,53.96373232371795,0.0
1,2,1978,3448884921537,53.97518719853328,nan
1,1,1975,3449614460416,53.98660451121795,0.0
1,2,1979,3451018146691,54.00857225765913,nan
1,1,1976,3451748743680,54.02000612980769,0.0
1,2,1980,3452480739116,54.031461887707835,nan
1,1,1977,3453210537984,54.04288326923077,0.0
1,2,1981,3453945344230,54.054383016420026,nan
1,1,1978,3454677614592,54.06584307692308,0.0
1,2,1982,3455410339462,54.07731025049454,nan
1,1,1979,3456817219584,54.09932798076923,0.0
1,2,1983,3457550933816,54.11081063789563,nan
1,1,1980,3458284083200,54.12228445512821,0.0
1,2,1984,3459016024274,54.13373936226087,nan
1,1,1981,3459745677824,54.14515846955128,0.0
1,2,1985,3460481273993,54.15667057906713,nan
1,1,1982,3461212944384,54.16812125,0.0
1,2,1986,3461946378802,54.179599528026095,nan
1,1,1983,3462680023040,54.19108108974359,0.0
1,2,1987,3463411737553,54.20253245118753,nan
1,1,1984,3464141528064,54.21395370192308,0.0
1,2,1988,3465546554004,54.235942414175184,nan
1,1,1985,3466276457472,54.24736543269231,0.0
1,2,1989,3467681639244,54.26935658372145,nan
1,1,1986,3468411284480,54.28077556089744,0.0
1,2,1990,3469147001592,54.292289563176084,nan
1,1,1987,3469878141440,54.30373193108974,0.0
1,2,1991,3470612021929,54.31521719014486,nan
1,1,1988,3471345009664,54.326688477564105,0.0
1,2,1992,3472077254225,54.33814813428047,nan
1,1,1989,3472806927872,54.349567556089745,0.0
1,2,1993,3473542698487,54.361082395692485,nan
1,1,1990,3474947444736,54.38306673076923,0.0
1,2,1994,3475683838098,54.39459131638747,nan
1,1,1991,3476414927872,54.40603290064103,0.0
1,2,1995,3477144621642,54.41745263737605,nan
1,1,1992,3477876697088,54.4289096474359,0.0
1,2,1996,3478610378242,54.440391786890274,nan
1,1,1993,3479344116224,54.45187481570513,0.0
1,2,1997,3480076436903,54.46333566367125,nan
1,1,1994,3480806329856,54.47475851762821,0.0
1,2,1998,3481541890377,54.48627006925143,nan
1,1,1995,3482946658816,54.508254751602564,0.0
1,2,1999,3483681989110,54.519762700164016,nan
1,1,1996,3484414202880,54.531221875,0.0
1,2,2000,3485145620389,54.54266858831944,nan
1,1,1997,3485876332032,54.5541042548077,0.0
1,2,2001,3486611080008,54.56560309006911,nan
1,1,1998,3487343752704,54.577069447115385,0.0
1,2,2002,3488076684022,54.58853985160632,nan
1,1,1999,3488811371008,54.600037732371796,0.0
1,2,2003,3489547406462,54.6115567167155,nan
1,1,2000,3490952786944,54.633550977564106,0.0
1,2,2004,3491685067065,54.6450111907959,nan
1,1,2001,3492415080448,54.65643592948718,0.0
1,2,2005,3493148441837,54.667913064606495,nan
1,1,2002,3493883382784,54.679414919871796,0.0
1,2,2006,3494619414655,54.690933848141405,nan
1,1,2003,3496024629248,54.71292551282051,0.0
1,2,2007,3496760416010,54.72444060512445,nan
1,1,2004,3497492562944,54.73589873397436,0.0
1,2,2008,3498225849539,54.74737469856458,nan
1,1,2005,3498960293376,54.75886877403846,0.0
1,2,2009,3499696955981,54.77039757332044,nan
1,1,2006,3500427424256,54.78182943108975,0.0
1,2,2010,3501162400260,54.7933318349985,nan
1,1,2007,3501894713344,54.80479256410256,0.0
1,2,2011,3503297525953,54.82674663763584,nan
1,1,2008,3504029666304,54.83820466346154,0.0
1,2,2012,3504762631275,54.84967559462327,nan
1,1,2009,3505496735744,54.861164358974364,0.0
1,2,2013,3506231720959,54.87266690703564,nan
1,1,2010,3506964104704,54.88412874198718,0.0
1,2,2014,3507695592889,54.89557656138885,nan
1,1,2011,3508425889280,54.90700572916667,0.0
1,2,2015,3509160730480,54.91850602338742,nan
1,1,2012,3509893043712,54.929966754807694,0.0
1,2,2016,3511294749751,54.951903510476136,nan
1,1,2013,3512027747328,54.96337495192308,0.0
1,2,2017,3512762844106,54.97487924594977,nan
1,1,2014,3513495072256,54.986338645833335,0.0
1,2,2018,3514227293049,54.99779793057955,nan
1,1,2015,3515629908992,55.019748926282055,0.0
1,2,2019,3516362585651,55.03121534534944,nan
1,1,2016,3517097555456,55.04271765224359,0.0
1,2,2020,3517833121734,55.05422929396409,nan
1,1,2017,3518565757952,55.06569508012821,0.0
1,2,2021,3519297607047,55.07714854778583,nan
1,1,2018,3520028262912,55.08858334134616,0.0
1,2,2022,3520761038134,55.100051302928435,nan
1,1,2019,3521491119104,55.11147709935898,0.0
1,2,2023,3522224593648,55.122956005358574,nan
1,1,2020,3522959000576,55.13444950320513,0.0
1,2,2024,3524362407849,55.156412883253836,nan
1,1,2021,3525094363648,55.16786802083333,0.0
1,2,2025,3526496027758,55.18980412031125,nan
1,1,2022,3527229762560,55.20128709935898,0.0
1,2,2026,3527961333268,55.2127362102489,nan
1,1,2023,3528691826176,55.22416845352564,0.0
1,2,2027,3529425167826,55.235645279728814,nan
1,1,2024,3530159268352,55.2471339823718,0.0
1,2,2028,3530893676391,55.258627497605545,nan
1,1,2025,3531627114496,55.27010583333333,0.0
1,2,2029,3532362427142,55.28161350570288,nan
1,1,2026,3533094419456,55.29306921474359,0.0
1,2,2030,3534496415698,55.31501051210061,nan
1,1,2027,3535229020160,55.32647580128205,0.0
1,2,2031,3535962274681,55.337951263912885,nan
1,1,2028,3536696477184,55.349441562500004,0.0
1,2,2032,3537433442044,55.360975092084836,nan
1,1,2029,3538163998720,55.37240833333333,0.0
1,2,2033,3539569330122,55.394401826077974,nan
1,1,2030,3540298663424,55.405815921474364,0.0
1,2,2034,3541034835828,55.417337049091046,nan
1,1,2031,3541766069248,55.428780881410255,0.0
1,2,2035,3542500142374,55.44026915524214,nan
1,1,2032,3543233384960,55.45174443108974,0.0
1,2,2036,3543964823250,55.46319146963266,nan
1,1,2033,3544695232512,55.474622403846155,0.0
1,2,2037,3546773274775,55.507143848517,nan
1,1,2034,3547502670848,55.518558926282054,0.0
