node_id,message_transmitter_id,message_id,timestamp_bit,timestamp_seconds
3,0,0,658290736580,10.302276401304587
3,1,0,659044702792,10.314076002729367
3,2,0,659447193364,10.32037499630659
3,3,0,660195939328,10.332092900641026
3,0,1,660941699987,10.343764084832607
3,1,1,661691857075,10.355504073314178
3,2,1,662096426538,10.361835601618841
3,3,1,662844890112,10.373549086538462
3,0,2,663597658455,10.3853299412654
3,1,2,664350378831,10.397110045306865
3,2,2,665445322843,10.414245962962616
3,3,2,666886470656,10.436799983974359
3,0,3,667636303042,10.448534890856621
3,1,3,669081942467,10.471159205776116
3,2,3,669830568806,10.48287523797451
3,3,3,670233293312,10.489177892628206
3,0,4,670978462057,10.500839813341972
3,1,4,673115212661,10.534280045901568
3,2,4,673862308022,10.545972118232923
3,3,4,674960838656,10.563164166666667
3,0,5,675714504092,10.574959060934995
3,1,5,676467965634,10.586750764254056
3,2,5,677216131849,10.598459595493415
3,3,5,678311663616,10.615604711538461
3,0,6,679062648365,10.627357652947842
3,1,6,679813895652,10.63911470308744
3,2,6,680906336449,10.65621144532815
3,3,6,681657314304,10.667964278846155
3,0,7,682748351301,10.685039051560622
3,1,7,683847014312,10.702233171699719
3,2,7,684596974260,10.713970074932393
3,3,7,686385172992,10.74195545673077
3,0,8,687816751084,10.764359711225461
3,1,8,688913642561,10.781526106786483
3,2,8,689664082668,10.793270524526744
3,3,8,690415549440,10.805031009615385
3,0,9,691503150850,10.82205201525566
3,1,9,692255387991,10.833824556650015
3,2,9,693001188133,10.84549635875213
3,3,9,693749245440,10.857203485576923
3,0,10,695183768590,10.879653830347307
3,1,10,696282668281,10.896851654537885
3,2,10,697033791623,10.90860676493327
3,3,10,697785027584,10.920363637820513
3,0,11,698537258642,10.932136084015676
3,1,11,699287538665,10.94387799643492
3,2,11,700718935635,10.966279416363056
3,3,11,701470262272,10.978037708333334
3,0,12,702222935458,10.989817073849409
3,1,12,703319826849,11.00698346806453
3,2,12,704408853547,11.024026779519106
3,3,12,705157022720,11.035735657051282
3,0,13,705560976458,11.042057549235027
3,1,13,706659937453,11.059256332835663
3,2,13,707061582619,11.065542095775115
3,3,13,709884558848,11.109721786858975
3,0,14,710630810864,11.121400660807293
3,1,14,711384083727,11.133189411292443
3,2,14,712133729651,11.144921400036935
3,3,14,712883634176,11.156657435897436
3,0,15,713974013338,11.1737219134678
3,1,15,715416915657,11.196303392568735
3,2,15,716165052608,11.20801176582532
3,3,15,716915089920,11.219749879807692
3,0,16,718690413531,11.24753376544659
3,1,16,719444950125,11.259342293372521
3,2,16,720191298119,11.271022669380384
3,3,16,721976845312,11.29896655448718
3,0,17,722730625364,11.310763242500501
3,1,17,723484761185,11.322565498312926
3,2,17,724928723744,11.34516357021234
3,3,17,725677318656,11.356879110576923
3,0,18,726422202976,11.368536580028046
3,1,18,727518449188,11.385692877165965
3,2,18,728265411392,11.397382865584936
3,3,18,729016250368,11.409133525641026
3,0,19,730112761703,11.426293971964519
3,1,19,731211242925,11.443485247098483
3,2,19,732307753656,11.460645683969352
3,3,19,733747247616,11.483173822115385
3,0,20,734844193212,11.500341064640926
3,1,20,735940846133,11.517503726790991
3,2,20,736690906559,11.529242202508389
3,3,20,738133574656,11.55182001602564
3,0,21,738879129384,11.563487977388823
3,1,21,740324658284,11.58611056258764
3,2,21,741074901200,11.597851894280849
3,3,21,741826771968,11.609618701923077
3,0,22,742581201469,11.621425553839268
3,1,22,743681642465,11.63864749951485
3,2,22,744775824039,11.655771484985351
3,3,22,745526528000,11.667520032051282
3,0,23,746963708968,11.690011971779848
3,1,23,748059484648,11.707160905073117
3,2,23,748806885902,11.718857764642177
3,3,23,749555653120,11.730576001602564
3,0,24,750300834007,11.742238112339118
3,1,24,751052807860,11.754006533265725
3,2,24,752148604501,11.771155794599485
3,3,24,753588902912,11.793696522435898
3,0,25,754335582806,11.805382092692058
3,1,25,755085860483,11.81712396839631
3,2,25,755835923002,11.828862476869242
3,3,25,756931906048,11.846014655448718
3,0,26,758021943659,11.863073787732247
3,1,26,758773101571,11.874829439149515
3,2,26,759520866810,11.886531995098407
3,3,26,760615462400,11.903662459935898
3,0,27,761364534810,11.915385473163312
3,1,27,762119662405,11.927203250278572
3,2,27,763212372964,11.944304214305388
3,3,27,763964831232,11.956080216346153
3,0,28,764713384642,11.967795107202775
3,1,28,765465500794,11.979565755114434
3,2,28,766216260744,11.991315178410456
3,3,28,766969293824,12.003100176282052
3,0,29,767713393915,12.014745372517904
3,1,29,768465259373,12.026512097058419
3,2,29,769217468194,12.03828419524364
3,3,29,769969703936,12.05005671474359
3,0,30,770718107967,12.061769267812876
3,1,30,771470010983,12.073536580137596
3,2,30,772566744406,12.090700502147186
3,3,30,772974579712,12.09708314102564
3,0,31,773723109734,12.108797665859125
3,1,31,774820712891,12.12597519924066
3,2,31,776956584558,12.159401676400991
3,3,31,777707062272,12.171146682692308
3,0,32,778803037212,12.18829873441256
3,1,32,780249672987,12.210938642249474
3,2,32,781346149266,12.228098539945163
3,3,32,782790884352,12.250708701923077
3,0,33,783536248962,12.262373687931941
3,1,33,784634245982,12.279557385285207
3,2,33,785385203448,12.291309899714543
3,3,33,786482185728,12.308477716346154
3,0,34,787570935800,12.325516698592748
3,1,34,789017550241,12.348156272551709
3,2,34,789767093767,12.359886658763397
3,3,34,790517732864,12.371634190705128
3,0,35,791267424522,12.383366895188551
3,1,35,792017562264,12.395106580904448
3,2,35,792762501304,12.406764906725762
3,3,35,794202499072,12.42930092948718
3,0,36,794952279611,12.441035024961815
3,1,36,795704845839,12.452812716580905
3,2,36,796451583103,12.464499184679863
3,3,36,797547358208,12.48164810897436
3,0,37,798300368603,12.493432751824795
3,1,37,799397761452,12.510606993877705
3,2,37,800145133684,12.522303399251303
3,3,37,800897401856,12.534076426282052
3,0,38,801648590220,12.54583255427434
3,1,38,803436701095,12.573816561107147
3,2,38,803844673605,12.580201347233698
3,3,38,804938410496,12.597318373397437
3,0,39,805687725336,12.609045180664063
3,1,39,806442275503,12.620853921007988
3,2,39,807538346526,12.63800747643104
3,3,39,808289767424,12.649767243589745
3,0,40,808697942342,12.656155197409605
3,1,40,809448508861,12.66790159350273
3,2,40,810543568070,12.685039313996144
3,3,40,811296198144,12.696818004807692
3,0,41,812388424302,12.713911387939454
3,1,41,813487360946,12.731109790445965
3,2,41,814927967209,12.753655336178511
3,3,41,815678605824,12.765402860576923
3,0,42,818138080789,12.80389374231583
3,2,42,819603630262,12.826829650284205
3,3,42,821043831296,12.849368854166666
3,0,43,821447168780,12.855681101950621
3,1,43,822894104572,12.878325705065606
3,2,43,823643913768,12.890060249023438
3,3,43,824393797632,12.901795961538461
3,0,44,825143636008,12.913530962164463
3,1,44,825894762236,12.925286117725861
3,2,44,826642903768,12.936994562675281
3,3,44,827047768064,12.943330705128206
3,0,45,827798778883,12.95508405453413
3,1,45,828895328240,12.972245095903446
3,2,45,829989395264,12.989367288661859
3,3,45,831083590656,13.006491490384615
3,0,46,832518351485,13.02894555484087
3,1,46,834306325270,13.056927416209685
3,2,46,835401930003,13.074073674175557
3,3,46,836154035200,13.085844150641027
3,0,47,836901527159,13.097542429746971
3,1,47,837652487278,13.109294985695863
3,2,47,838748497247,13.126447585621369
3,3,47,839497608704,13.138171209935898
3,0,48,840586603424,13.155214020933494
3,1,48,841335545310,13.16693499145508
3,2,48,842084894137,13.178662330619616
3,3,48,842836167168,13.190419783653846
3,0,49,843586030587,13.202155176203801
3,1,49,844336412381,13.213898681343275
3,2,49,845427066900,13.230967468261719
3,3,49,846174877696,13.242670737179488
3,0,50,846923342525,13.25438424173991
3,1,50,848371081428,13.277041413574219
3,2,50,849460748174,13.294094741805639
3,3,50,850208907776,13.305803469551282
3,0,51,851296431311,13.322823256444687
3,1,51,852394269307,13.34000446506598
3,2,51,853144263071,13.351741897520409
3,3,51,853897239040,13.363526001602564
3,0,52,854646039418,13.37524475751828
3,1,52,855745516532,13.392451618401944
3,2,52,856839746925,13.409576367891752
3,3,52,857591971328,13.421348709935899
3,0,53,858338101413,13.43302567565918
3,1,53,859091748675,13.444820285503681
3,2,53,859841716753,13.45655731597118
3,3,53,860589793280,13.468264743589744
3,0,54,862367914559,13.496092412844927
3,1,54,863811189175,13.51867971840883
3,2,54,864556486355,13.530343649135492
3,3,54,865307217920,13.542092628205129
3,0,55,866397714397,13.559158941759941
3,1,55,867497868104,13.576376391351163
3,2,55,868594460252,13.593538102401343
3,3,55,869690700288,13.610694302884616
3,0,56,871124359247,13.633131123031225
3,1,56,872223777250,13.650337058825372
3,2,56,873318934307,13.667476310643906
3,3,56,874069828608,13.679227836538463
3,0,57,874816443762,13.690912393611027
3,1,57,875570360126,13.702711214912611
3,2,57,876315531218,13.714373172357021
3,3,57,877063453184,13.726078181089743
3,0,58,877811554763,13.737786000773113
3,1,58,878565022755,13.749577805034932
3,2,58,879663178279,13.766763982982146
3,3,58,881103224832,13.789300769230769
3,0,59,882190525392,13.80631706655649
3,1,59,882944623716,13.818118735539363
3,2,59,884037052224,13.835215285456732
3,3,59,884785722880,13.84693201121795
3,0,60,885877552900,13.864019194774139
3,1,60,886632318971,13.875831314024314
3,2,60,887379080580,13.887518163123499
3,3,60,888128771072,13.899250849358975
3,0,61,889215621579,13.916260103337216
3,1,61,889968134440,13.928036959760618
3,2,61,890713440266,13.939701025797527
3,3,61,891461305856,13.95140515224359
3,0,62,892896906497,13.973872359791292
3,1,62,893649530541,13.985650956233098
3,2,62,894395694541,13.997328452727489
3,3,62,895143374336,14.009029671474359
3,0,63,895547796213,14.015358890052209
3,1,63,896644420487,14.032521103875576
3,2,63,897392675468,14.044231324306391
3,3,63,898485901824,14.061340360576924
3,0,64,899234047016,14.07304886280549
3,1,64,899984892603,14.084799626323994
3,2,64,901081419396,14.101960314565806
3,3,64,901833628672,14.113732419871795
3,0,65,902920566616,14.130743042242589
3,1,65,903671470693,14.142494721131936
3,2,65,904418263230,14.154182054255559
3,3,65,905515711488,14.171357163461538
3,0,66,906264218653,14.183071330582056
3,1,66,907362677257,14.200262251743414
3,2,66,908458209871,14.217407381044046
3,3,66,909210571264,14.22918186698718
3,0,67,910299653055,14.246226040649415
3,1,67,911054490043,14.25803926975348
3,2,67,911800022208,14.269706878004808
3,3,67,912548681728,14.28142342948718
3,0,68,913294836248,14.293100777619191
3,1,68,914048548521,14.304896404888447
3,2,68,915834674781,14.332849352416993
3,3,68,917273465344,14.355366482371796
3,0,69,918365247228,14.372452912597657
3,1,69,919810971203,14.39507855072804
3,2,69,920907121814,14.412233351706481
3,3,69,921658772992,14.42399672275641
3,0,70,922406232213,14.435694489511343
3,1,70,923157462437,14.447451272614309
3,2,70,923906906439,14.459180101271409
3,3,70,925003092992,14.47633546474359
3,0,71,925754361685,14.488092849887947
3,1,71,926854506347,14.505310157924555
3,2,71,927600598329,14.51698652733436
3,3,71,928352871936,14.528759639423077
3,0,72,928753328545,14.535026801397862
3,1,72,929848953426,14.55217337468074
3,2,72,930946599322,14.569351576929337
3,3,72,931697671168,14.581105881410258
3,0,73,932448451798,14.59285562834911
3,1,73,933200491464,14.604625079251804
3,2,73,934634491796,14.627067241899539
3,3,73,935732097024,14.644244807692308
3,0,74,936481744501,14.655976820741312
3,1,74,938271466174,14.683986036627354
3,2,74,939361008209,14.701037413126627
3,3,74,940112251392,14.712794399038462
3,0,75,940858851972,14.724478728027345
3,1,75,941611798521,14.736262371685322
3,2,75,942362603786,14.748012504162912
3,3,75,943110956544,14.759724254807693
3,0,76,944201635661,14.776793426685822
3,1,76,944606209755,14.78312502746582
3,2,76,945694269784,14.80015321051182
3,3,76,946443739136,14.811882435897436
3,0,77,946846878015,14.818191575505184
3,1,77,947601005505,14.829993700937125
3,2,77,949036227981,14.852454990187425
3,3,77,950132919808,14.86961826121795
3,0,78,950885296352,14.88139298427484
3,1,78,951638782419,14.893185071411134
3,2,78,952732399498,14.91030022251227
3,3,78,953481980928,14.922031201923078
3,0,79,954570679307,14.939069375172151
3,1,79,956015642634,14.96168310913086
3,2,79,956422590353,14.968051857237205
3,3,79,957515591680,14.985157371794871
3,0,80,958609786797,15.002281569213867
3,1,80,959360355173,15.014027994369116
3,2,80,960454858001,15.03115700747759
3,3,80,961204538368,15.04288953525641
3,0,81,962295571675,15.059964250222231
3,1,81,963046712058,15.071719627309946
3,2,81,963792929606,15.083397961832683
3,3,81,964542031872,15.095121442307693
3,0,82,966324295814,15.123013944404798
3,1,82,967074007241,15.134746958273864
3,2,82,968171579535,15.151924008648212
3,3,82,969265052160,15.169036899038462
3,0,83,970009858494,15.18069314800556
3,1,83,970760497759,15.192440682576498
3,2,83,971855331424,15.209574873297276
3,3,83,972952531456,15.226746097756411
3,0,84,973705289960,15.238526798502605
3,1,84,974457087011,15.250292452470829
3,2,84,975202899645,15.261964450073243
3,3,84,975955869184,15.273748453525641
3,0,85,976709860139,15.285548442179362
3,1,85,977462759220,15.297331342961238
3,2,85,978209043816,15.30901072678786
3,3,85,978958853632,15.320745280448719
3,0,86,980737419468,15.348579907038763
3,1,86,981836251496,15.365776672300681
3,2,86,982582128261,15.377449673555814
3,3,86,983331242496,15.389173341346154
3,0,87,984770864740,15.411703487141928
3,1,87,986214612890,15.4342982035319
3,2,87,987308727138,15.451421135347807
3,3,87,988057720320,15.463142908653847
3,0,88,989147660390,15.480200514416817
3,1,88,989900998439,15.49199028506548
3,2,88,990998396712,15.509164612004207
3,3,88,992095927296,15.526341009615384
3,0,89,992500620574,15.532674475629758
3,1,89,993945037118,15.55527965241261
3,2,89,994693864205,15.566998826325246
3,3,89,995444814848,15.578751233974359
3,0,90,996541233843,15.595910235173152
3,1,90,997291552907,15.607652758585612
3,2,90,998389672165,15.624838368968476
3,3,90,998793943552,15.631165232371796
3,0,91,999541104379,15.642858329248673
3,1,91,1000292571528,15.65461882023738
3,2,91,1001385798044,15.67172785901192
3,3,91,1002483967488,15.688914254807694
3,0,92,1003237637139,15.700709215040941
3,1,92,1004337380767,15.717920246879382
3,2,92,1005083535212,15.72959759383764
3,3,92,1005833918976,15.741341129807692
3,0,93,1006923583294,15.758394420040815
3,1,93,1008024831793,15.775629003170698
3,2,93,1008774822749,15.787366391679813
3,3,93,1009869411840,15.804496754807692
3,0,94,1010959098071,15.821550387980144
3,1,94,1011711345848,15.833323095828327
3,2,94,1012459220277,15.845027360605094
3,3,94,1013900173824,15.867578341346155
3,0,95,1014646004203,15.87925061665853
3,1,95,1015398000208,15.891019384264824
3,2,95,1016145692413,15.90272079722869
3,3,95,1016894015488,15.914432083333335
3,0,96,1017642298433,15.926142741401868
3,1,96,1019084661203,15.948715776539338
3,2,96,1020519276584,15.971167564728566
3,3,96,1021269574656,15.982909759615385
3,0,97,1022017677371,15.994617597077198
3,1,97,1022771802967,16.006419692867965
3,2,97,1023867182201,16.02356242176545
3,3,97,1024964793856,16.040740088141025
3,0,98,1026054536645,16.057794606448443
3,1,98,1026804988206,16.06953920344426
3,2,98,1027204175548,16.075786501339643
3,3,98,1028987043840,16.10368846153846
3,0,99,1030074053476,16.12070020589193
3,1,99,1030826690265,16.132479001793495
3,2,99,1031574077359,16.14417563975799
3,3,99,1032323429376,16.155903028846154
3,0,100,1033068992427,16.16757112046462
3,1,100,1033820840370,16.17933757089468
3,2,100,1034570296922,16.191066595959786
3,3,100,1036356509184,16.219020889423078
3,0,101,1037105444160,16.230741751802885
3,1,101,1037859610535,16.242544485786635
3,2,101,1038957077895,16.25971989393968
3,3,101,1039705639424,16.271434911858975
3,0,102,1040797743699,16.288526387516903
3,1,102,1041898620332,16.305755150928988
3,2,102,1042645944635,16.317450806211813
3,3,102,1043738499584,16.334549334935897
3,0,103,1045175843915,16.357043831301958
3,1,103,1045926267250,16.368787986559745
3,2,103,1047023856218,16.385965297882862
3,3,103,1047772090880,16.397675200320514
3,0,104,1048524581634,16.40945171076848
3,1,104,1049278131400,16.421244794796674
3,2,104,1050024415478,16.43292417051658
3,3,104,1051120524288,16.450078317307693
3,0,105,1051868288452,16.461780856432792
3,1,105,1052965134420,16.478946539776143
3,2,105,1054060399212,16.496087477651745
3,3,105,1054809995776,16.507818693910256
3,0,106,1055554119386,16.5194642582194
3,1,106,1056652110808,16.536647867963744
3,2,106,1057747877447,16.553796659765
3,3,106,1058154071040,16.56015360576923
3,0,107,1059251324423,16.577325665173653
3,1,107,1060697648108,16.599960688789565
3,2,107,1061442332211,16.611615024836613
3,3,107,1061848853504,16.617977099358974
3,0,108,1062594887327,16.6296525585781
3,1,108,1063347349110,16.641428615628758
3,2,108,1064096596802,16.653154372026492
3,3,108,1064847779328,16.664910408653846
3,0,109,1065937935709,16.681971399692635
3,1,109,1067035045890,16.699141217980017
3,2,109,1067785818387,16.710890837637095
3,3,109,1068538630144,16.72267237179487
3,0,110,1069286950924,16.734383621982673
3,1,110,1070387617126,16.751609092141177
3,2,110,1071822680190,16.77406788658729
3,3,110,1072919258112,16.791229375
3,0,111,1073322531737,16.797540623388045
3,1,111,1074420589890,16.814725277475212
3,2,111,1075517418078,16.831890682560847
3,3,111,1076269133824,16.843655064102563
3,0,112,1077015344830,16.85533329624274
3,1,112,1077767889566,16.86711065151117
3,2,112,1078863840943,16.884262334469526
3,3,112,1079613057024,16.895987596153848
3,0,113,1080358906745,16.907660174169298
3,1,113,1081109422528,16.919405776241987
3,2,113,1081513628614,16.925731617682043
3,3,113,1082607482368,16.94285047275641
3,0,114,1083355094969,16.954550639914487
3,1,114,1084455986450,16.97177963569837
3,2,114,1085900896966,16.99439254316281
3,3,114,1086994284544,17.011504102564103
3,0,115,1088082968084,17.02854204358223
3,1,115,1088834557764,17.040304452186
3,2,115,1089924876364,17.057367981958635
3,3,115,1090672885248,17.06907435096154
3,0,116,1091763205951,17.08613791364621
3,1,116,1092515754159,17.097915323251577
3,2,116,1093613975600,17.115102532802485
3,3,116,1094361652736,17.1268037099359
3,0,117,1095106911215,17.13846703499036
3,1,117,1095856484328,17.150197884239784
3,2,117,1096606038747,17.16192844092736
3,3,117,1097354234880,17.173637740384617
3,0,118,1099818831964,17.212208783491086
3,1,118,1101262823138,17.234807303216396
3,2,118,1102354380909,17.25189022606483
3,3,118,1103793657856,17.27441496794872
3,0,119,1105570957852,17.30222978409205
3,1,119,1106323480466,17.31400679315029
3,2,119,1107072719140,17.325732408415966
3,3,119,1108859543552,17.35369628205128
3,0,120,1109955478545,17.370847708599385
3,1,120,1111055330362,17.38806043360001
3,2,120,1111805450214,17.39979983933669
3,3,120,1112553482240,17.41150657051282
3,0,121,1113298689741,17.42316909775954
3,1,121,1114050275612,17.434931446752305
3,2,121,1115493160381,17.45751265119504
3,3,121,1116588068352,17.474648004807694
3,0,122,1117677761229,17.49170174199031
3,1,122,1118429524822,17.503466872339494
3,2,122,1119522334025,17.520569380148864
3,3,122,1120271844352,17.53229924679487
3,0,123,1121706575960,17.554752853941306
3,1,123,1122803532151,17.571920262279022
3,2,123,1123210515760,17.578289572065305
3,3,123,1124650962944,17.60083262820513
3,0,124,1125398885249,17.612537642243215
3,1,124,1127188578244,17.64054640931741
3,2,124,1127935618023,17.652237611788237
3,3,124,1128685172224,17.6639681650641
3,0,125,1129433627921,17.67568152670836
3,1,125,1131568051195,17.709085336460213
3,2,125,1132317079304,17.7208076563752
3,3,125,1133410399744,17.7379181650641
3,0,126,1134498734039,17.75495064038399
3,1,126,1135249560932,17.766701111340645
3,2,126,1135999791374,17.778442247815256
3,3,126,1137439126528,17.800967900641027
3,0,127,1138184812801,17.812637920688726
3,1,127,1138937250037,17.82441359357785
3,2,127,1139682867407,17.836082535290842
3,3,127,1140431751680,17.847802604166667
3,0,128,1141179512139,17.85950508530837
3,1,128,1141932401109,17.87128782785269
3,2,128,1143376935126,17.8938948430927
3,3,128,1144471371264,17.9110228125
3,0,129,1145220096205,17.922740387823644
3,1,129,1145972531666,17.934516032933946
3,2,129,1147412722741,17.95705508095766
3,3,129,1148161170944,17.968768325320514
3,0,130,1149934705476,17.996524211801383
3,1,130,1151378677454,18.019122431108524
3,2,130,1152474721437,18.036275563354494
3,3,130,1153226114048,18.048034887820513
3,0,131,1153974830785,18.059752334751227
3,1,131,1154724314144,18.071481779346957
3,2,131,1155474543923,18.083222905445588
3,3,131,1156914922496,18.105764887820513
3,0,132,1157317052279,18.11205823503543
3,1,132,1158070520162,18.123850037591396
3,2,132,1158820326791,18.135584541375575
3,3,132,1159573373440,18.147369751602564
3,0,133,1160322360757,18.15909143312112
3,1,133,1161076159086,18.170888407170224
3,2,133,1161824577077,18.18260117871407
3,3,133,1162576965120,18.19437608173077
3,0,134,1163321736180,18.206031778658353
3,1,134,1164417190807,18.22317568745931
3,2,134,1165859954600,18.245754998622797
3,3,134,1167301308416,18.268312243589744
3,0,135,1168392009921,18.28538176584097
3,1,135,1169142339617,18.297124455644656
3,2,135,1170236290765,18.31424483493903
3,3,135,1170639865856,18.320560801282053
3,0,136,1171386122001,18.332239739849385
3,1,136,1172137114351,18.343992800214718
3,2,136,1172887312337,18.355733428751627
3,3,136,1173983524864,18.37288919871795
3,0,137,1174729528768,18.384564189703525
3,1,137,1175483377704,18.39636195575421
3,2,137,1176232856077,18.408091322318835
3,3,137,1176982306816,18.419820256410258
3,0,138,1177391507333,18.42622426089556
3,1,138,1178489330484,18.443405237192007
3,2,138,1180624422172,18.47681950764974
3,3,138,1181720027136,18.49396576923077
3,0,139,1182809319096,18.511013232046274
3,1,139,1183562490390,18.522800392972506
3,2,139,1185353479628,18.550829446301584
3,3,139,1186452183552,18.56802420673077
3,0,140,1187542093070,18.585081334353717
3,1,140,1187948875367,18.591447493599134
3,2,140,1188698287632,18.603175825570915
3,3,140,1189451668480,18.614966266025643
3,0,141,1190542190413,18.632032977967874
3,1,141,1191642373123,18.649250881457206
3,2,141,1192049676871,18.655625201431665
3,3,141,1193147989504,18.672813838141025
3,0,142,1193554076030,18.679169108542418
3,1,142,1194308124881,18.69097000327086
3,2,142,1195401194127,18.708076580763596
3,3,142,1196152797184,18.71983919871795
3,0,143,1196902064165,18.73156525698931
3,1,143,1198346631861,18.754172799307018
3,2,143,1199100011641,18.765963223047503
3,3,143,1200543058432,18.788546963141027
3,0,144,1201978502365,18.81101171820225
3,1,144,1202731644156,18.822798417405348
3,2,144,1203481463674,18.834533122902894
3,3,144,1204233413632,18.846301169871797
3,0,145,1204977978653,18.857953642280776
3,1,145,1205722426810,18.869604285763472
3,2,145,1206816723911,18.886730079236152
3,3,145,1207567117312,18.898473766025642
3,0,146,1208319932367,18.91025535179725
3,1,146,1209070258955,18.921997992960613
3,2,146,1209816085604,18.933670209898338
3,3,146,1210912177152,18.95082408653846
3,0,147,1212005268701,18.967931013074043
3,1,147,1213450319668,18.990546118602264
3,2,147,1214892194467,19.013111516974035
3,3,147,1215643419648,19.024868221153845
3,0,148,1216393246403,19.036603039910734
3,1,148,1217836057474,19.059183090976813
3,2,148,1218931898397,19.076333045325647
3,3,148,1219682675200,19.088082732371795
3,0,149,1220427251278,19.09973537782327
3,1,149,1220830745167,19.10605007335174
3,2,149,1221579509552,19.117768265975563
3,3,149,1222329334784,19.129503060897438
3,0,150,1223073332771,19.1411466592016
3,1,150,1223825799468,19.152922793156552
3,2,150,1224573462996,19.164623757324218
3,3,150,1225322116608,19.176340216346155
3,0,151,1226067203163,19.18800085078313
3,1,151,1227513127086,19.210629618107724
3,2,151,1229656430600,19.244172403971355
3,3,151,1230754306048,19.26135419871795
3,0,152,1231501885809,19.27305385192871
3,1,152,1232255227760,19.28484368364383
3,2,152,1233009235012,19.296643927346256
3,3,152,1234104337408,19.31378232371795
3,0,153,1234850809365,19.32546463975173
3,1,153,1235602194101,19.337223840973685
3,2,153,1236352044168,19.348959024564305
3,3,153,1237103138816,19.360713685897437
3,0,154,1237850208313,19.372405353456156
3,1,154,1238603197863,19.384189670081508
3,2,154,1239352403234,19.395914764153897
3,3,154,1240102783488,19.40765824519231
3,0,155,1240855396482,19.419436668701174
3,1,155,1241955261697,19.436649603381035
3,2,155,1242358239681,19.442956224975585
3,3,155,1243106342912,19.45466407051282
3,0,156,1244198319922,19.4717535544684
3,1,156,1244950377950,19.48352329273713
3,2,156,1246045880729,19.500667955118814
3,3,156,1247830907904,19.52860370192308
3,0,157,1248577290008,19.54028461175381
3,1,157,1250021476526,19.562886188620542
3,2,157,1250770839627,19.574613751173754
3,3,157,1251520551936,19.586346778846153
3,0,158,1252269192737,19.598063037375425
3,1,158,1253021833104,19.609841889272836
3,2,158,1254114862200,19.626947838416466
3,3,158,1254864938496,19.638686562500002
3,0,159,1255613097161,19.650395275581555
3,1,159,1256016730212,19.656712149000903
3,2,159,1256763063694,19.668392297895384
3,3,159,1257513503744,19.68013671474359
3,0,160,1258259437222,19.691810603559446
3,1,160,1259012832563,19.703601270830205
3,2,160,1261131413661,19.736757149892956
3,3,160,1262228255232,19.753922764423077
3,0,161,1262975680253,19.76561999594664
3,1,161,1263728600961,19.777403235191933
3,2,161,1264479833320,19.789160051707732
3,3,161,1266263547904,19.817075256410256
3,0,162,1267354173665,19.834143593264848
3,1,162,1268108775846,19.84595314762996
3,2,162,1268859082742,19.85769548061273
3,3,162,1269607177216,19.869403189102563
3,0,163,1270699150729,19.886492618329953
3,1,163,1271450536141,19.898251830131336
3,2,163,1272196289593,19.90992290153308
3,3,163,1272945732096,19.92165170673077
3,0,164,1273693995455,19.93336205827762
3,1,164,1274446180772,19.9451337886243
3,2,164,1276583379294,19.97858103111854
3,3,164,1277331286528,19.99028580929487
3,0,165,1278422126082,20.007357492018482
3,1,165,1279518154863,20.02451038635254
3,2,165,1280614721238,20.041671694054237
3,3,165,1282055568384,20.064221009615384
3,0,166,1283144423499,20.081261635789136
3,1,166,1284244815604,20.09848281631861
3,2,166,1284992787910,20.11018861287435
3,3,166,1285745218560,20.12196418269231
3,0,167,1286836483918,20.139042529265577
3,1,167,1287244873164,20.145433837327225
3,2,167,1288338618384,20.162550993840146
3,3,167,1289089305088,20.174299270833334
3,0,168,1289836390274,20.18599118392553
3,1,168,1290591481600,20.197808393429487
3,2,168,1292026347496,20.2202641021885
3,3,168,1293815827456,20.248269535256412
3,0,169,1294906679352,20.265341411132813
3,1,169,1295659567047,20.277124133723333
3,2,169,1296756068541,20.294284426034782
3,3,169,1297507085312,20.306037868589744
3,0,170,1298598522178,20.32311889927008
3,1,170,1299351815496,20.334907969876802
3,2,170,1300449422468,20.352085562963243
3,3,170,1301543251968,20.36920403846154
3,0,171,1302290201138,20.38089382289789
3,1,171,1303043543261,20.392683657304815
3,2,171,1303790141125,20.404367943788188
3,3,171,1304542591488,20.416143822115384
3,0,172,1305290515566,20.42784886390099
3,1,172,1306044151231,20.43964329225198
3,2,172,1306450496963,20.446002619237657
3,3,172,1307202141184,20.457765881410257
3,0,173,1309320421851,20.49091705871582
3,1,173,1310071708518,20.502674725153998
3,2,173,1310822548208,20.514425396384215
3,3,173,1311914788864,20.531519006410257
3,0,174,1313354863943,20.554056239091924
3,1,174,1314801659379,20.576698645629882
3,2,174,1315894829889,20.59380680790828
3,3,174,1316644268032,20.605535544871795
3,0,175,1317389041844,20.61719128486829
3,1,175,1318141673219,20.628969996040542
3,2,175,1318889313735,20.640670600069488
3,3,175,1319637501952,20.652379775641027
3,0,176,1320388363504,20.66413078901242
3,1,176,1321140915688,20.67590826084235
3,2,176,1321889345667,20.687621219998874
3,3,176,1322641707520,20.699395713141026
3,0,177,1323045260978,20.705711340926733
3,1,177,1324492688180,20.728363634627904
3,2,177,1325587892834,20.745503631341396
3,3,177,1326681503744,20.762618685897436
3,0,178,1328114924366,20.78505177606045
3,1,178,1329558643681,20.807646041181517
3,2,178,1330308407573,20.819379876129933
3,3,178,1331056996864,20.83109532852564
3,0,179,1332143705274,20.848102358680137
3,1,179,1333240323371,20.865264475833207
3,2,179,1333992421628,20.8770348436874
3,3,179,1334396037120,20.883351442307692
3,0,180,1335486097759,20.900410934980343
3,1,180,1336240059907,20.912210472803363
3,2,180,1336990056356,20.923947947278144
3,3,180,1337739610624,20.935678501602563
3,0,181,1338829722618,20.952738797983024
3,1,181,1339580565798,20.964489523831883
3,2,181,1339982049852,20.97077276536208
3,3,181,1340733060608,20.98252611378205
3,0,182,1341480236989,20.99421945407965
3,1,182,1343619392246,21.02769731955504
3,2,182,1345056370828,21.050186091934595
3,3,182,1346495380480,21.072706650641027
3,0,183,1347589988243,21.089837305986453
3,1,183,1349035937800,21.112466474484176
3,2,183,1349783082304,21.124159315905448
3,3,183,1350534827008,21.135924150641028
3,0,184,1351967888225,21.15835161610139
3,1,184,1352721507171,21.170145782799356
3,2,184,1353471472913,21.18188277670836
3,3,184,1354223881216,21.193657996794872
3,0,185,1354973073292,21.20538288279998
3,1,185,1355726642263,21.217176267387195
3,2,185,1356476697027,21.228914654494066
3,3,185,1357228319232,21.240677572115384
3,0,186,1358315486749,21.257691787312826
3,1,186,1359412435384,21.27485907739884
3,2,186,1360507603794,21.291998506892277
3,3,186,1361949057024,21.314557307692308
3,0,187,1362692983800,21.326199791541466
3,1,187,1363444399980,21.337959484863283
3,2,187,1364539307192,21.355094826597558
3,3,187,1365289207808,21.366830801282052
3,0,188,1366380356850,21.38390732750526
3,1,188,1367130828502,21.395652238926033
3,2,188,1367881743106,21.407404082563353
3,3,188,1368288485888,21.413769623397435
3,0,189,1369036049074,21.425469017208783
3,1,189,1369790019441,21.437268683659482
3,2,189,1370885348249,21.454410623388046
3,3,189,1371638671872,21.466200168269232
3,0,190,1372384702782,21.47787558189979
3,1,190,1373481465574,21.495039963535408
3,2,190,1375600184919,21.528198006169248
3,3,190,1376698414080,21.545385336538462
3,0,191,1377448804824,21.557128981745795
3,1,191,1378199882029,21.56888337009528
3,2,191,1379294737463,21.58601790150178
3,3,191,1381083307520,21.61400909455128
3,0,192,1381831844764,21.625723732409355
3,1,192,1382583431481,21.637486094642053
3,2,192,1384025790667,21.66005907368978
3,3,192,1384777457152,21.671822684294874
3,0,193,1385867589368,21.68888329715044
3,1,193,1386621074703,21.700675372830904
3,2,193,1387368190216,21.712367760541866
3,3,193,1388120157184,21.72413607371795
3,0,194,1388867939615,21.73583889872233
3,1,194,1389621019620,21.747624630972055
3,2,194,1390368363414,21.759320591289814
3,3,194,1392155176448,21.787284286858974
3,0,195,1393937507253,21.815177835364707
3,1,195,1394690322049,21.826959417082957
3,2,195,1395435063776,21.838614654947918
3,3,195,1396529750528,21.85574654647436
3,0,196,1397962681106,21.878171967429136
3,1,196,1398716541462,21.889969912203277
3,2,196,1399465311588,21.90168819467398
3,3,196,1400212896256,21.913387924679487
3,0,197,1401300695963,21.930412033675758
3,1,197,1402397309269,21.947574075849484
3,2,197,1403492332230,21.964711229060246
3,3,197,1404585984512,21.981826931089746
3,0,198,1404987579034,21.98811190144857
3,1,198,1405736941156,21.99983944868039
3,2,198,1406487302527,22.011582634199094
3,3,198,1407238652928,22.023341298076925
3,0,199,1408331018016,22.04043685546875
3,1,199,1410122618485,22.068475474587466
3,2,199,1411216743944,22.08559858185597
3,3,199,1411967700480,22.09735108173077
3,0,200,1412715010269,22.109046509868914
3,1,200,1413814437871,22.126252595887795
3,2,200,1415257375631,22.1488346296418
3,3,200,1416006732288,22.160562091346154
3,0,201,1416755095603,22.172274007208408
3,1,201,1417504994136,22.18400994929387
3,2,201,1418946847069,22.206575005461865
3,3,201,1419695998976,22.218299262820512
3,0,202,1420784493964,22.23533425299229
3,1,202,1421536722690,22.247106662691557
3,2,202,1422283322234,22.258790975466997
3,3,202,1423034669056,22.270549583333334
3,0,203,1423778679723,22.282193380080002
3,1,203,1424185065838,22.28855333906125
3,2,203,1425977206596,22.31660041372446
3,3,203,1427075280896,22.33378532051282
3,0,204,1427824684280,22.345513513496595
3,1,204,1428921784285,22.362683172529174
3,2,204,1429671146753,22.374410725175906
3,3,204,1430764824576,22.391526826923076
3,0,205,1432197699259,22.413951373118866
3,1,205,1433641540124,22.436547540502303
3,2,205,1434391800779,22.448289149811576
3,3,205,1435139971072,22.459998044871796
3,0,206,1435894411165,22.471805062553212
3,1,206,1436647098628,22.48358465150491
3,2,206,1437744198107,22.500754302305566
3,3,206,1438495152128,22.512506762820514
3,0,207,1439243267596,22.524214799867288
3,1,207,1439997964853,22.536025842175608
3,2,207,1440744839797,22.54771446497208
3,3,207,1441493673984,22.55943375
3,0,208,1441895728079,22.56572591269469
3,1,208,1442992610531,22.582892167014098
3,2,208,1444434466872,22.605457276517427
3,3,208,1445528033792,22.622571642628206
3,0,209,1446618354669,22.639635208035983
3,1,209,1449447968970,22.68391878521259
3,2,209,1450194532739,22.69560253810785
3,3,209,1451633634304,22.71812453525641
3,0,210,1452379321653,22.729794572143554
3,1,210,1453129194477,22.74153011188214
3,2,210,1453876329291,22.753222801654523
3,3,210,1455316996608,22.775769302884616
3,0,211,1456071608345,22.787579006801508
3,1,211,1456820898648,22.7993054300631
3,2,211,1457224156039,22.805616424388397
3,3,211,1457975325184,22.817372251602563
3,0,212,1458724388296,22.829095119315905
3,1,212,1459474311132,22.840831441744292
3,2,212,1460221122569,22.85251907065367
3,3,212,1461318456320,22.869692387820514
3,0,213,1462411387060,22.886796797688802
3,1,213,1463510833018,22.90400317097982
3,2,213,1464604302605,22.921116013825245
3,3,213,1466388704256,22.949041971153846
3,0,214,1467476890423,22.9660721282646
3,1,214,1468228101544,22.97782861240485
3,2,214,1468976270363,22.989537484396912
3,3,214,1469726809600,23.00128345352564
3,0,215,1470472759636,23.01295760147486
3,1,215,1471222217304,23.02468664400541
3,2,215,1471969866895,23.03638739005847
3,3,215,1472374836224,23.04272517628205
3,0,216,1473119863055,23.054384876036032
3,1,216,1473869945007,23.066123688636193
3,2,216,1474616198545,23.077802586403873
3,3,216,1475369323008,23.089589014423076
3,0,217,1476457074067,23.1066123620762
3,1,217,1477901173316,23.129212573179586
3,2,217,1478999379594,23.146399545428938
3,3,217,1479750666752,23.15815721955128
3,0,218,1480480717061,23.169582536135945
3,1,218,1481235261220,23.181391182454426
3,2,218,1482679044686,23.203986451541216
3,3,218,1483431968768,23.215769743589743
3,0,219,1484181838278,23.227505231464093
3,1,219,1484931713187,23.23924080383301
3,2,219,1485679291597,23.250940435900567
3,3,219,1486427620352,23.262651810897438
3,0,220,1486832617344,23.268990030048077
3,1,220,1487583814408,23.280746294195716
3,2,220,1488331767251,23.29245178615472
3,3,220,1489083043840,23.304209294871796
3,0,221,1489832235396,23.31593417273888
3,1,221,1490582176196,23.327670776304586
3,2,221,1491332221016,23.33940900778746
3,3,221,1492429068800,23.356574719551283
3,0,222,1493517646942,23.37361101108649
3,1,222,1494613875553,23.390767032768053
3,2,222,1495705884989,23.407857024191834
3,3,222,1497492151296,23.435812163461538
3,0,223,1498585575142,23.452924290458483
3,1,223,1499684238303,23.470118412945087
3,2,223,1500432421315,23.481827507058167
3,3,223,1501531347456,23.49902574519231
3,0,224,1501933089114,23.505313018235427
3,1,224,1503374729022,23.527874740553635
3,2,224,1503781649415,23.534243061006986
3,3,224,1504531578368,23.545979479166668
3,0,225,1505280377804,23.557698220340043
3,1,225,1506033619906,23.569486489414313
3,2,225,1508165697276,23.60285358567458
3,3,225,1509954554880,23.630849278846153
3,0,226,1511050537226,23.648001446470605
3,1,226,1511801717514,23.65975744807317
3,2,226,1512895328619,23.676872505680965
3,3,226,1514680567808,23.70481157051282
3,0,227,1515432732329,23.716582975401266
3,1,227,1516186969865,23.72838682305752
3,2,227,1516932668119,23.740057030608348
3,3,227,1517685012480,23.751831250000002
3,0,228,1518431200445,23.763509121547603
3,1,228,1519528068096,23.78067514423077
3,2,228,1520617270925,23.797721212142555
3,3,228,1521368472064,23.809477540064105
3,0,229,1521773586239,23.81581759313339
3,1,229,1522528127172,23.827626188964846
3,2,229,1523275153804,23.839317185684596
3,3,229,1524372642304,23.856492924679486
3,0,230,1525803132536,23.878880154121596
3,1,230,1527247893221,23.901490716724886
3,2,230,1527995109889,23.91318468751565
3,3,230,1528747910144,23.924966041666668
3,0,231,1530185892890,23.947470529253057
3,1,231,1530940569665,23.959281251017252
3,2,231,1531689594312,23.971003516751804
3,3,231,1532438744576,23.982727748397437
3,0,232,1533528820379,23.999787478387294
3,1,232,1534627731845,24.0169854868571
3,2,232,1535378713995,24.02873838759202
3,3,232,1536128704000,24.040475761217948
3,0,233,1536882751754,24.052276638778295
3,1,233,1537632511582,24.06401041012495
3,2,233,1538379212324,24.075696306653146
3,3,233,1539128207360,24.087418108974358
3,0,234,1539876727568,24.09913248021835
3,1,234,1540626628868,24.110868465607474
3,2,234,1541721798754,24.12800791820037
3,3,234,1543163358720,24.15056838942308
3,0,235,1543911622744,24.162278751377205
3,1,235,1545011398927,24.1794902927027
3,2,235,1546107704657,24.196647521299706
3,3,235,1546858181632,24.208392516025643
3,0,236,1547947367311,24.22543831553924
3,1,236,1549044693662,24.242611516895785
3,2,236,1549791715053,24.254302431593675
3,3,236,1550542013440,24.266044631410256
3,0,237,1551290745871,24.2777623239527
3,1,237,1552044528988,24.289559059933396
3,2,237,1552793355138,24.301278219181942
3,3,237,1553891408896,24.31846280448718
3,0,238,1554639173250,24.330165346585787
3,1,238,1555389237871,24.341903887955105
3,2,238,1556138668490,24.35363250716772
3,3,238,1557234981888,24.37078985576923
3,0,239,1559355216029,24.40397160502116
3,1,239,1560453739209,24.421163536799504
3,2,239,1561542034816,24.438195406650642
3,3,239,1562638879744,24.45536107371795
3,0,240,1564418925323,24.48321885834523
3,1,240,1565517840684,24.500416927771937
3,2,240,1566267360264,24.512146939227765
3,3,240,1567018637312,24.523904455128207
3,0,241,1568111132130,24.54100204279973
3,1,241,1568863007280,24.552768919020433
3,2,241,1569956878274,24.569888043901493
3,3,241,1570707767296,24.581639487179487
3,0,242,1571110316016,24.58793939077524
3,1,242,1571862116592,24.599705099909855
3,2,242,1572607520473,24.611370700511443
3,3,242,1573356192768,24.623087451923077
3,0,243,1574105064975,24.634807331965522
3,1,243,1575547826212,24.657386603127506
3,2,243,1576643291674,24.674530681496645
3,3,243,1577736589312,24.691640833333334
3,0,244,1578826791949,24.708702548280375
3,1,244,1579926494710,24.72591294054863
3,2,244,1580674948958,24.737626279515975
3,3,244,1582118115840,24.760211899038463
3,0,245,1582872591679,24.77201947614621
3,1,245,1583624043368,24.783779725185298
3,2,245,1584371788585,24.795481967789087
3,3,245,1585467936256,24.812636722756412
3,0,246,1586558403102,24.829702572584885
3,1,246,1587310054575,24.841465948251578
3,2,246,1588056583385,24.853149154037084
3,3,246,1588807126528,24.864895184294873
3,0,247,1589900140691,24.882000899736454
3,1,247,1590996305895,24.89915592909593
3,2,247,1592089188905,24.916259591987806
3,3,247,1592841822720,24.928038341346156
3,0,248,1593596246874,24.939845109581583
3,1,248,1594693052754,24.957010165546123
3,2,248,1595443119173,24.968748735054213
3,3,248,1596885963264,24.991329302884616
3,0,249,1597630296219,25.002978143451397
3,1,249,1598383741603,25.01476959389711
3,2,249,1599476202426,25.031866649545524
3,3,249,1600223848448,25.04356733974359
3,0,250,1600978059009,25.05537076524001
3,1,250,1601727743383,25.06710335572854
3,2,250,1602821041108,25.084213508926783
3,3,250,1603572565504,25.095974895833333
3,0,251,1604321031042,25.107688411489633
3,1,251,1605072423069,25.11944772681603
3,2,251,1605472190137,25.12570409744654
3,3,251,1607945327616,25.164408798076924
3,0,252,1609036046209,25.181478587756036
3,1,252,1609789969066,25.19327751067333
3,2,252,1610882048627,25.210368599556165
3,3,252,1611632512000,25.222113381410256
3,0,253,1612726006867,25.239226619888697
3,1,253,1613821378083,25.256369223304162
3,2,253,1614569742386,25.268081154628657
3,3,253,1615321283072,25.27984279647436
3,0,254,1616754579346,25.30227394058619
3,1,254,1617508698982,25.314075943102715
3,2,254,1618940018978,25.336476158384666
3,3,254,1619690578944,25.34822245192308
3,0,255,1620444944989,25.360028310750327
3,1,255,1621199169706,25.371831957788714
3,2,255,1621946743167,25.383531512404222
3,3,255,1622699484672,25.395311947115385
3,0,256,1623448346719,25.407031668153422
3,1,256,1624543375267,25.424168908800958
3,2,256,1625639437654,25.441322329070264
3,3,256,1626387689984,25.45303250801282
3,0,257,1627482261390,25.470162594369743
3,1,257,1628233922284,25.48192611747546
3,2,257,1628980008811,25.4936024015143
3,3,257,1629729495040,25.50533189102564
3,0,258,1630481402780,25.51709927728115
3,1,258,1631233185701,25.52886471011431
3,2,258,1633006066896,25.556610371844954
3,3,258,1633756192768,25.568349871794872
3,0,259,1634847581505,25.58543014925443
3,1,259,1635946156945,25.60262289890387
3,2,259,1636697299083,25.614378303457407
3,3,259,1637104115200,25.62074499198718
3,0,260,1637852818756,25.632462232634715
3,1,260,1639643472634,25.660486037566358
3,2,260,1640738890706,25.677629374280098
3,3,260,1641488655360,25.689363221153847
3,0,261,1642236550355,25.70106780778934
3,1,261,1643335504458,25.7182664835299
3,2,261,1644430418821,25.73540193717761
3,3,261,1645869575168,25.757924791666667
3,0,262,1646957528797,25.774951309548403
3,1,262,1648055086686,25.792128134483924
3,2,262,1649495167434,25.814665455885667
3,3,262,1650590091776,25.83180106570513
3,0,263,1652021427016,25.85420151955629
3,1,263,1652775139940,25.865997157013723
3,2,263,1653520725753,25.8776656048584
3,3,263,1654269611520,25.889385697115387
3,0,264,1655363117486,25.90649910929362
3,1,264,1655770048767,25.912867600144608
3,2,264,1656521226113,25.924623555704752
3,3,264,1657274190336,25.936407475961538
3,0,265,1658705480728,25.958807227939705
3,1,265,1660150209745,25.981417294937525
3,2,265,1661246680590,25.998577107590897
3,3,265,1662343114240,26.015736338141025
3,0,266,1663089282989,26.027413908957456
3,1,266,1664536638661,26.050065083211265
3,2,266,1666319622170,26.077968846560747
3,3,266,1667412356096,26.095070176282054
3,0,267,1668505176692,26.112172862392327
3,1,267,1669257098459,26.12394046817095
3,2,267,1670003501004,26.13562169790415
3,3,267,1670756593664,26.14740762820513
3,0,268,1671509339772,26.159188134953425
3,1,268,1672261940122,26.170966360583183
3,2,268,1673009311315,26.18266274969639
3,3,268,1673759266304,26.194399575320514
3,0,269,1674845993188,26.21140689459385
3,1,269,1675596394591,26.22315070661496
3,2,269,1676003770592,26.229526157351764
3,3,269,1677101440512,26.246704735576923
3,0,270,1678536753575,26.269167442517404
3,1,270,1679288855470,26.28093786730644
3,2,270,1680386268100,26.298112418932792
3,3,270,1681825011200,26.320628806089744
3,0,271,1682917783868,26.3377307421249
3,1,271,1684018241495,26.3549529480763
3,2,271,1684774435994,26.366787422281902
3,3,271,1685869686784,26.383928141025642
3,0,272,1686614040061,26.39557729963254
3,1,272,1687364118735,26.407316060931866
3,2,272,1688457873999,26.42443337463379
3,3,272,1689207315968,26.43616217147436
3,0,273,1689956609634,26.447888647367037
3,1,273,1690710941131,26.459693965516703
3,2,273,1691458731721,26.471396918209763
3,3,273,1691864087552,26.47774075320513
3,0,274,1692613008376,26.489461394105568
3,1,274,1693710957674,26.506644344607622
3,2,274,1694459412802,26.518357697347007
3,3,274,1695555682816,26.53551436698718
3,0,275,1696303447243,26.54721691022824
3,1,275,1697057096555,26.559011552155326
3,2,275,1697802252143,26.570673266961514
3,3,275,1698551279104,26.582395568910258
3,0,276,1699645852449,26.599525685612605
3,1,276,1700398487101,26.611304448070037
3,2,276,1701143798151,26.622968595862755
3,3,276,1701892421120,26.634684575320513
3,0,277,1702640821548,26.646397072002706
3,1,277,1703740187438,26.663602192226314
3,2,277,1704486188416,26.675277137419872
3,3,277,1705583405056,26.692448621794874
3,0,278,1706332038131,26.704164759411935
3,1,278,1707086992427,26.7159798243909
3,2,278,1707835089845,26.727687578954452
3,3,278,1708585436160,26.739430528846153
3,0,279,1709331073504,26.751099783153045
3,1,279,1710081825468,26.76284908146785
3,2,279,1712217173142,26.796267358116737
3,3,279,1713312370688,26.813407243589744
3,0,280,1714056926681,26.825059574710163
3,1,280,1714807459544,26.836805444085538
3,2,280,1715554473605,26.848496244068635
3,3,280,1716649044480,26.865626322115386
3,0,281,1717736428202,26.882643920929738
3,1,281,1718834226746,26.89982451212565
3,2,281,1719242082896,26.906207477213542
3,3,281,1720336312832,26.923332219551284
3,0,282,1721088396532,26.93510235958784
3,1,282,1721840156913,26.946867439669095
3,2,282,1722589493870,26.95859459306766
3,3,282,1723684165632,26.97572625
3,0,283,1724435207500,26.98748008532402
3,1,283,1725185590747,26.999223613203
3,2,283,1725936249500,27.01097145276192
3,3,283,1726687153664,27.02272313301282
3,0,284,1727782759352,27.03986940592448
3,1,284,1728536533227,27.051665997267502
3,2,284,1729283585666,27.06335739786784
3,3,284,1730036321280,27.075137740384616
3,0,285,1731126084120,27.092192572490987
3,1,285,1732569963103,27.114789336422653
3,2,285,1734009065751,27.137311350520207
3,3,285,1735106854400,27.154491786858976
3,0,286,1735852585984,27.166162516025643
3,1,286,1736948465197,27.18331306961451
3,2,286,1737697926315,27.195042166137696
3,3,286,1738796069888,27.212228157051282
3,0,287,1739201840203,27.218578478737857
3,1,287,1740300839732,27.235777865397136
3,2,287,1741050750146,27.247513993420725
3,3,287,1741798618624,27.2592181650641
3,0,288,1742544359605,27.270889041294197
3,1,288,1743294777790,27.282633115954276
3,2,288,1745777881924,27.321493795134717
3,3,288,1746872455680,27.33862391826923
3,0,289,1747277447305,27.34496205342611
3,1,289,1748375964232,27.362153887344753
3,2,289,1749471930596,27.37930580485026
3,3,289,1750565293056,27.396416971153847
3,0,290,1751661202974,27.413568005277195
3,1,290,1752413061580,27.425334622583634
3,2,290,1753855108541,27.4479027152976
3,3,290,1754948579328,27.46501557692308
3,0,291,1755353160914,27.471347294953176
3,1,291,1756103892227,27.483096270079002
3,2,291,1757201810899,27.50027874128293
3,3,291,1757606153216,27.50660671474359
3,0,292,1758357661379,27.51836784760304
3,1,292,1759108885442,27.53012453428611
3,2,292,1760553669083,27.55273545615172
3,3,292,1761994763264,27.575288637820513
3,0,293,1763770617214,27.603080823286007
3,1,293,1764520074824,27.614809864908857
3,2,293,1765958686092,27.637324188889725
3,3,293,1766706339840,27.649025
3,0,294,1767451817526,27.660691755652795
3,1,294,1768201809752,27.67242916403746
3,2,294,1768947852781,27.684104767330854
3,3,294,1769698427904,27.695851298076924
3,0,295,1770446118442,27.707552684952173
3,1,295,1771196879323,27.719302122818384
3,2,295,1772288407554,27.736384583364636
3,3,295,1773040852992,27.748160384615385
3,0,296,1773789723282,27.759880234656702
3,1,296,1774543243981,27.77167286378518
3,2,296,1775292398702,27.783397165183043
3,3,296,1776043121664,27.795146009615387
3,0,297,1778505017476,27.833674777706833
3,2,297,1781010213832,27.872881201046674
3,3,297,1782103838720,27.889996474358973
3,0,298,1782849210394,27.90166157091972
3,1,298,1783603650504,27.91346858886719
3,2,298,1784348805048,27.925130287334735
3,3,298,1785101380096,27.93690811698718
3,0,299,1785849785867,27.948620697287534
3,1,299,1786603075180,27.960409705215845
3,2,299,1787353451576,27.972153125876403
3,3,299,1788449754112,27.98931030448718
3,0,300,1789198008421,28.00102051440117
3,1,300,1789602805009,28.00735559722118
3,2,300,1790353097422,28.01909770354442
3,3,300,1791103606272,28.030843197115384
3,0,301,1792197508697,28.047962813892855
3,1,301,1793640822413,28.070550731373324
3,2,301,1794388788224,28.08225642628205
3,3,301,1795139345408,28.094002676282052
3,0,302,1795883883803,28.105654731993063
3,1,302,1797674724875,28.133681466518304
3,2,302,1799466444795,28.161721955049956
3,3,302,1800909445120,28.18430496794872
3,0,303,1802343940826,28.206754883219403
3,1,303,1803097246914,28.218544153677133
3,2,303,1803846867142,28.230275740278195
3,3,303,1805288823808,28.252842419871797
3,0,304,1806036503947,28.26454364400228
3,1,304,1806790009333,28.276336033481698
3,2,304,1807194586824,28.28266768742488
3,3,304,1808292420096,28.299848822115386
3,0,305,1809036882816,28.311499693509617
3,1,305,1809789920409,28.32328476200984
3,2,305,1810540985555,28.335038961635494
3,3,305,1811636274688,28.352180280448717
3,0,306,1812380743634,28.3638312492801
3,1,306,1814168919627,28.391816275212214
3,2,306,1815262859080,28.408936471479368
3,3,306,1816014592000,28.420701121794874
3,0,307,1816760238932,28.432370526154347
3,1,307,1817509937946,28.444103345759466
3,2,307,1818258438085,28.4558174029228
3,3,307,1819007472640,28.46753982371795
3,0,308,1819755258182,28.479242697409607
3,1,308,1820159078745,28.485562505399265
3,2,308,1820904534654,28.497228920241138
3,3,308,1821655299584,28.50897842147436
3,0,309,1822401227487,28.520652223041242
3,1,309,1823153156066,28.532419935427935
3,2,309,1824945373128,28.560468204251805
3,3,309,1826041196032,28.577617876602567
3,0,310,1826789039181,28.58932165184608
3,1,310,1827888638989,28.60653043289576
3,2,310,1828635925365,28.618225494619516
3,3,310,1830075776512,28.64075922275641
3,0,311,1830823527273,28.652461552124024
3,1,311,1831575146284,28.664224419759115
3,2,311,1832320540427,28.675889867960613
3,3,311,1833068959232,28.68760265224359
3,0,312,1834156017089,28.704615151257638
3,1,312,1835255795239,28.721826723366764
3,2,312,1836003989695,28.7335359965789
3,3,312,1837097309184,28.750646490384618
3,0,313,1837847932033,28.762393768044497
3,1,313,1838256465092,28.768787326785358
3,2,313,1839003819316,28.780483450333033
3,3,313,1840100176896,28.797641490384617
3,0,314,1841534520618,28.82008902709961
3,1,314,1842635255413,28.83731557074131
3,2,314,1843034243678,28.84355975307367
3,3,314,1844819963904,28.871506346153847
3,0,315,1845564069957,28.88315163569524
3,1,315,1846663603138,28.900359374029698
3,2,315,1847412258614,28.912075862223308
3,3,315,1848162951680,28.923824238782053
3,0,316,1848563956789,28.93009998480381
3,1,316,1849664033383,28.947316227573495
3,2,316,1850412871065,28.959035567298304
3,3,316,1851165658112,28.97081671474359
3,0,317,1851912409216,28.982503399439103
3,1,317,1853355854743,29.005093379767004
3,2,317,1853762199485,29.01145269125914
3,3,317,1854859165184,29.028620248397438
3,0,318,1855603377467,29.040267200442585
3,1,318,1856356272687,29.052050040799656
3,2,318,1858142697623,29.08000766261957
3,3,318,1858892743168,29.091745905448718
3,0,319,1859637428795,29.10340026534643
3,1,319,1860735679965,29.120587940157378
3,2,319,1861827503111,29.13767501613519
3,3,319,1862920542720,29.15478112980769
3,0,320,1864009998766,29.17183116057567
3,1,320,1864763685168,29.183626382962743
3,2,320,1865852573508,29.200667529109076
3,3,320,1866949327360,29.217831770833335
3,0,321,1867696182358,29.22952008147411
3,1,321,1868796618885,29.24674195720966
3,2,321,1869542766807,29.25841920208271
3,3,321,1870291856896,29.27014249198718
3,0,322,1871038820009,29.281832494632038
3,1,322,1871791277831,29.293608489692886
3,2,322,1872537805143,29.30529167203463
3,3,322,1873978989568,29.32784626602564
3,0,323,1875068870596,29.344902947778948
3,1,323,1876170222765,29.362139153348483
3,2,323,1876915759131,29.37380682734563
3,3,323,1877666312192,29.385553012820512
3,0,324,1879099157711,29.407977102598533
3,1,324,1880544980035,29.43060427989471
3,2,324,1881294516500,29.442334555601462
3,3,324,1882045367296,29.454085400641027
3,0,325,1882792419705,29.46577680077186
3,1,325,1883545882850,29.477568529177937
3,2,325,1884294806896,29.489289220502805
3,3,325,1885387858432,29.506395520833333
3,0,326,1886480106029,29.523489239486302
3,1,326,1887233376239,29.5352779484519
3,2,326,1887982497554,29.54700172704452
3,3,326,1888733843968,29.558760328525644
3,0,327,1890510430010,29.58656397126027
3,1,327,1891261622078,29.598320157220304
3,2,327,1892700834203,29.620843884637296
3,3,327,1893448651776,29.632547259615386
3,0,328,1894541088848,29.649643943559695
3,1,328,1895294997658,29.661442646640875
3,2,328,1896395582228,29.67866683925531
3,3,328,1896800690688,29.685006802884615
3,0,329,1897547763249,29.696698518395056
3,1,329,1899340298294,29.724751763665616
3,2,329,1900086385323,29.736428055560772
3,3,329,1901528665088,29.758999791666668
3,0,330,1902276283908,29.770700056152343
3,1,330,1903027235652,29.782452481032152
3,2,330,1903434562748,29.788827166403745
3,3,330,1904531770880,29.805998517628208
3,0,331,1905276962297,29.817660793159682
3,1,331,1906374254120,29.834833454151642
3,2,331,1907463667705,29.851882820403272
3,3,331,1908904195584,29.874427139423076
3,0,332,1909994419156,29.891489182003706
3,1,332,1912825393040,29.935794036708735
3,2,332,1913574206144,29.94751299178686
3,3,332,1915014000128,29.970045825320515
3,0,333,1915763029196,29.98176816024389
3,1,333,1916512457900,29.99349674948668
3,2,333,1917606398502,30.01061696373573
3,3,333,1919047740928,30.03317403044872
3,0,334,1920479159462,30.055575787854316
3,1,334,1921231542404,30.067350611040165
3,2,334,1921980103890,30.07906562828651
3,3,334,1923419351040,30.101589903846154
3,0,335,1924165996895,30.1132749413906
3,1,335,1925610875440,30.135887348507612
3,2,335,1926706979655,30.153041423386796
3,3,335,1927457100800,30.164780849358976
3,0,336,1928545353434,30.18181204668094
3,1,336,1929298529604,30.193599283916768
3,2,336,1930045307217,30.205286383479194
3,3,336,1931139592192,30.222411987179488
3,0,337,1931887767852,30.234120966233473
3,1,337,1932985967713,30.251307838056515
3,2,337,1933735516946,30.263038313582985
3,3,337,1934487035392,30.274799607371797
3,0,338,1935231125890,30.286444653476813
3,1,338,1935639797405,30.292840379059623
3,2,338,1936385506244,30.304510752266125
3,3,338,1937132563968,30.316202235576924
3,0,339,1939935765347,30.36007244946602
3,2,339,1941398456306,30.382963621575772
3,3,339,1942495224832,30.40012809294872
3,0,340,1943240839648,30.411796994691507
3,1,340,1944338997482,30.428983208790317
3,2,340,1945084260231,30.440646600670448
3,3,340,1945831752704,30.452344887820512
3,0,341,1946921836715,30.4694047462659
3,1,341,1947673176453,30.481163243267353
3,2,341,1948766809918,30.498278650810047
3,3,341,1949519012352,30.51005064903846
3,0,342,1950265206010,30.52172860968174
3,1,342,1951018870371,30.533523487126278
3,2,342,1951769022913,30.545263404462766
3,3,342,1952171689984,30.551565160256413
3,0,343,1953259876582,30.56859532411233
3,1,343,1955396528130,30.602034006441556
3,2,343,1956144031902,30.613732470421425
3,3,343,1957930939392,30.64169764423077
3,0,344,1958677974417,30.65338877230131
3,1,344,1959774918557,30.67055599204039
3,2,344,1960524821366,30.682292001045422
3,3,344,1961618956288,30.69941525641026
3,0,345,1962364083766,30.71107653129382
3,1,345,1962767948821,30.717397035585062
3,2,345,1963516096524,30.72910557711088
3,3,345,1964957184000,30.751658653846153
3,0,346,1965701740673,30.7633109956086
3,1,346,1966453762843,30.775080172698193
3,2,346,1967199621531,30.786752891047552
3,3,346,1967949130752,30.798482740384618
3,0,347,1968353327124,30.804808429800183
3,1,347,1969452965282,30.822017811028896
3,2,347,1970549617087,30.839180455713517
3,3,347,1971641971712,30.856275849358976
3,0,348,1972389175061,30.867969611706858
3,1,348,1973143798461,30.879779498150167
3,2,348,1974575436546,30.902184691537713
3,3,348,1975668483072,30.919290913461538
3,0,349,1976413930555,30.930957196436175
3,1,349,1977510734383,30.948122220286834
3,2,349,1978259526814,30.959840851831682
3,3,349,1979011639296,30.971611442307694
3,0,350,1979757125780,30.98327833564954
3,1,350,1980856908028,31.000489971892527
3,2,350,1981602974403,31.01216594055176
3,3,350,1982354034176,31.023920056089743
3,0,351,1983101656793,31.035620379998623
3,1,351,1983850997113,31.04734758602827
3,2,351,1984599932234,31.059068450677334
3,3,351,1985351725056,31.07083403846154
3,0,352,1986098156226,31.082515716177134
3,1,352,1987542696602,31.10512283093575
3,2,352,1988290485486,31.11682575692984
3,3,352,1989040896512,31.128569719551283
3,0,353,1990128184787,31.145585824616262
3,1,353,1990882412385,31.157389516742413
3,2,353,1991633649409,31.16914640626565
3,3,353,1992730507776,31.186312283653848
3,0,354,1993819894400,31.203361227964745
3,1,354,1994574001275,31.21516303077111
3,2,354,1995667709510,31.232279608467298
3,3,354,1996419131392,31.24403939102564
3,0,355,1997162901705,31.25567942622258
3,1,355,1998605462478,31.278255560114935
3,2,355,1999010412106,31.28459303801708
3,3,355,1999763430400,31.29637780448718
3,0,356,2000510706955,31.308072712511894
3,1,356,2001263635501,31.3198560744222
3,2,356,2002012512471,31.331576029005785
3,3,356,2003453991936,31.354135240384615
3,0,357,2004544733203,31.371205384912738
3,1,357,2005641335743,31.388367258598134
3,2,357,2007072547046,31.410765772830278
3,3,357,2007822910464,31.422508990384618
3,0,358,2008569596707,31.43419466000288
3,1,358,2009321766060,31.445966140512322
3,2,358,2010416327933,31.46309607767741
3,3,358,2011166953984,31.47484340544872
3,0,359,2011913065845,31.486520085965672
3,1,359,2012667287927,31.498323691766203
3,2,359,2013413164442,31.509996689108824
3,3,359,2014166520320,31.52178673878205
3,0,360,2014570213616,31.528104555038063
3,1,360,2015320953781,31.539853668698044
3,2,360,2016069459574,31.551567814346704
3,3,360,2016821152256,31.563331834935898
3,0,361,2018595016703,31.591092884599735
3,1,361,2019694341951,31.608297368774416
3,2,361,2020443593016,31.620023177959737
3,3,361,2021536995328,31.637134967948718
3,0,362,2022281570971,31.648787606592425
3,1,362,2023034551797,31.660571786686823
3,2,362,2024129632996,31.67770985132462
3,3,362,2024881989632,31.689484262820514
3,0,363,2025630719192,31.701201910431692
3,1,363,2026385669864,31.713016918694912
3,2,363,2027133124489,31.724714613522263
3,3,363,2028918956032,31.75266294871795
3,0,364,2029671445459,31.764439438398313
3,1,364,2030425702482,31.776243591026894
3,2,364,2031174975690,31.787969746751052
3,3,364,2032269426688,31.80509794871795
3,0,365,2033014347812,31.816755994153144
3,1,365,2033767138068,31.82853719181941
3,2,365,2034172065579,31.83487432358962
3,3,365,2034922916352,31.84662516826923
3,0,366,2036019305971,31.86378370973245
3,1,366,2037119630336,31.881003830128208
3,2,366,2038551666172,31.903415248334838
3,3,366,2039994381824,31.925993806089746
3,0,367,2041084749854,31.94305810944386
3,1,367,2041839354303,31.95486769930326
3,2,367,2042936549580,31.972038849346454
3,3,367,2044030259200,31.98915544871795
3,0,368,2044775339707,32.00081598850348
3,1,368,2045872587025,32.01798795299041
3,2,368,2046621461125,32.02970786265838
3,3,368,2048060777984,32.05223322916667
3,0,369,2048805138368,32.063882498998396
3,1,369,2050251118765,32.086512150143356
3,2,369,2050999348585,32.098221976803515
3,3,369,2051749924864,32.10996852564103
3,0,370,2052497756763,32.12167212482159
3,1,370,2053250412843,32.13345122262808
3,2,370,2054000985558,32.14519771568885
3,3,370,2054748981248,32.15690387820513
3,0,371,2055498162743,32.16862859861716
3,1,371,2056250639277,32.18040488652156
3,2,371,2057680706960,32.20278550305489
3,3,371,2059468149248,32.23075904647436
3,0,372,2060557227621,32.24780316664476
3,1,372,2061311481261,32.259607266329255
3,2,372,2062406756877,32.27674837360089
3,3,372,2063156787712,32.28848638621795
3,0,373,2064244294933,32.3055059177966
3,1,373,2064999024310,32.3173174627842
3,2,373,2065746636807,32.32901762831468
3,3,373,2066839835648,32.34612623397436
3,0,374,2067583996754,32.357772385097405
3,1,374,2068334023497,32.369510333674505
3,2,374,2069083127350,32.38123383898613
3,3,374,2069833344512,32.3929747676282
3,0,375,2070583771438,32.40471897908529
3,1,375,2070987469701,32.41103687307505
3,2,375,2072079737501,32.428130907905775
3,3,375,2072827961856,32.439840649038466
3,0,376,2073915745154,32.45686450123323
3,1,376,2075014105259,32.474053880881286
3,2,376,2076107105270,32.4911593748435
3,3,376,2077203512832,32.508318197115386
3,0,377,2078636512056,32.53074469238281
3,1,377,2079387626523,32.542499663884094
3,2,377,2080135573286,32.554205060690855
3,3,377,2081234304512,32.57140024839744
3,0,378,2082322552275,32.588431369488056
3,1,378,2083421420392,32.60562869954427
3,2,378,2084168012876,32.61731290183043
3,3,378,2084919299584,32.62907056891026
3,0,379,2085666189329,32.64075942334298
3,1,379,2086417507282,32.652517579408304
3,2,379,2087167864522,32.66426070027669
3,3,379,2087919348224,32.67602145032051
3,0,380,2089008882779,32.69307270975749
3,1,380,2089758411392,32.70480286258013
3,2,380,2090847827588,32.72185226969401
3,3,380,2091598623744,32.73360225961539
3,0,381,2092689591539,32.750675949315784
3,1,381,2093439210853,32.76240752161271
3,2,381,2094185624191,32.77408892025679
3,3,381,2095630216704,32.79669685096154
3,0,382,2096376165778,32.80837098385542
3,1,382,2097127105128,32.82012321476863
3,2,382,2098561076050,32.842564917148685
3,3,382,2099311599616,32.85431064102564
3,0,383,2100399554713,32.871337181881636
3,1,383,2101150096751,32.88308319484613
3,2,383,2101899992434,32.89481909232898
3,3,383,2102651881984,32.90658619391026
3,0,384,2103056488472,32.912918301657655
3,1,384,2104156034058,32.93012623413086
3,2,384,2104902760953,32.941812539954554
3,3,384,2105652126208,32.95354013621795
3,0,385,2106404858435,32.96532042572804
3,1,385,2107848932120,32.98792023675381
3,2,385,2108945820471,33.0050865833928
3,3,385,2109350041088,33.01141265224359
3,0,386,2110439332661,33.02846010900253
3,1,386,2111189995983,33.04020802006648
3,2,386,2112284848968,33.05734251314603
3,3,386,2112689464832,33.06367476762821
3,0,387,2113781761379,33.080769252350635
3,1,387,2114536498815,33.09258092346192
3,2,387,2115282143627,33.10425029464331
3,3,387,2116034941440,33.116031610576925
3,0,388,2117124554654,33.1330841010304
3,1,388,2117876911929,33.14485852252667
3,2,388,2118627485083,33.15660502245781
3,3,388,2119380269056,33.168386121794875
3,0,389,2120124384102,33.180031552077075
3,1,389,2120876802985,33.19180693774101
3,2,389,2121284471938,33.19818697318835
3,3,389,2122724991488,33.22073116185898
3,0,390,2123820774398,33.23788020830204
3,1,390,2124919217940,33.25507089374249
3,2,390,2125667700557,33.26678467668582
3,3,390,2126419201024,33.278545689102565
3,0,391,2127511313035,33.2956372858292
3,1,391,2128264716756,33.3074280842473
3,2,391,2129012077941,33.3191243167349
3,3,391,2129762624512,33.330870400641025
3,0,392,2130853883070,33.34794864079402
3,1,392,2131604558450,33.35969674056616
3,2,392,2132692647167,33.3767253725805
3,3,392,2133787844096,33.39386524839744
3,0,393,2134540159315,33.40563901171562
3,1,393,2134945464608,33.41198205578927
3,2,393,2135693877631,33.42369474958371
3,3,393,2136446793216,33.435477908653844
3,0,394,2137191173847,33.447127495351936
3,1,394,2138638315564,33.469775321201425
3,2,394,2139389360919,33.48152921109713
3,3,394,2140482526208,33.49863729166667
3,0,395,2141231044531,33.51035163341033
3,1,395,2141985227499,33.522154627075196
3,2,395,2143075157204,33.5392120706255
3,3,395,2144172340736,33.556383036858975
3,0,396,2145946753889,33.584152673793696
3,1,396,2147045697222,33.60135118098332
3,2,396,2147796784440,33.61310572603666
3,3,396,2148548271104,33.6248665224359
3,0,397,2149639332838,33.641941682285406
3,1,397,2150391939458,33.65372000604091
3,2,397,2150792468876,33.659988307479466
3,3,397,2151541334528,33.6717080849359
3,0,398,2152285411189,33.68335291449131
3,1,398,2153381290948,33.7005034766251
3,2,398,2154130691492,33.71223162516276
3,3,398,2155572208640,33.73479142628205
3,0,399,2156662348979,33.7518521662629
3,1,399,2158107666822,33.77447144841121
3,2,399,2159201888679,33.79159606431227
3,3,399,2159952491520,33.80334302884616
3,0,400,2160701831074,33.81507022288787
3,1,400,2161800347797,33.83226205361391
3,2,400,2162546650033,33.843941713507235
3,3,400,2163986099712,33.86646915865385
3,0,401,2165079139557,33.883575276019755
3,1,401,2166179517459,33.90079623427171
3,2,401,2166926557829,33.912487445991715
3,3,401,2167673949184,33.924184150641025
3,0,402,2168766412153,33.94128123987443
3,1,402,2169519930545,33.95307383289826
3,2,402,2170266143867,33.96475210128393
3,3,402,2170671817728,33.97110091346154
3,0,403,2171417387257,33.982769106460964
3,1,403,2172514749194,33.999942864739836
3,2,403,2173949798927,34.022401450555265
3,3,403,2174699922432,34.03414091346154
3,0,404,2175789876801,34.051198743004434
3,1,404,2176889294961,34.068404681255636
3,2,404,2177635361228,34.08008064822466
3,3,404,2178383106048,34.091782884615384
3,0,405,2179470019798,34.10879312834911
3,1,405,2180219865827,34.12052824874487
3,2,405,2180965136327,34.13219176192846
3,3,405,2182062126080,34.14935969551282
3,0,406,2182807426318,34.16102367409731
3,1,406,2183905866700,34.17821431008363
3,2,406,2184652284273,34.18989577500564
3,3,406,2185400976896,34.201612844551285
3,0,407,2186145618754,34.213266519462394
3,1,407,2186900324382,34.2250776927772
3,2,407,2187648370642,34.236784646715996
3,3,407,2189089942016,34.25934529647436
3,0,408,2191210543441,34.2925327937356
3,1,408,2191961091058,34.30427889401167
3,2,408,2193404572962,34.32686944364108
3,3,408,2194155869696,34.338627267628205
3,0,409,2195588350609,34.36104565130772
3,1,409,2196686552508,34.37823255502554
3,2,409,2197784083419,34.395408957754285
3,3,409,2198881080832,34.41257701121795
3,0,410,2199629185927,34.42428488592686
3,1,410,2200383639749,34.43609211846768
3,2,410,2201129816023,34.447769807050655
3,3,410,2201879502336,34.459502427884615
3,0,411,2202623812940,34.47115091865735
3,1,411,2203377440032,34.48294521284055
3,2,411,2204122745908,34.494609279659954
3,3,411,2205218156544,34.5117525
3,0,412,2206653226561,34.53421140326084
3,1,412,2207750649466,34.55138611569136
3,2,412,2208845027972,34.56851318315555
3,3,412,2209597331456,34.58028676282051
3,0,413,2211031605120,34.602733203125
3,1,413,2212129240028,34.61991123341096
3,2,413,2213218667878,34.63696082291041
3,3,413,2213971147776,34.64873716346154
3,0,414,2215060787312,34.66579006585537
3,1,414,2215815609545,34.6776030640431
3,2,414,2216565105014,34.68933269816081
3,3,414,2217314425856,34.70105959935898
3,0,415,2218065090612,34.712807532865085
3,1,415,2218814907702,34.72454220036433
3,2,415,2219561239000,34.736222315079125
3,3,415,2221694584320,34.76960925480769
3,0,416,2222790138836,34.7867547268755
3,1,416,2223541531899,34.79851405841534
3,2,416,2224633441726,34.81560249095428
3,3,416,2225382945280,34.82733225160256
3,0,417,2226813458117,34.849719834813826
3,1,417,2227911342648,34.866901771709735
3,2,417,2228661742347,34.87864555706318
3,3,417,2229411840512,34.89038462339744
3,0,418,2230155388652,34.90202118157803
3,1,418,2230906626705,34.91377808720515
3,2,418,2231653117787,34.92546070254595
3,3,418,2232750212608,34.94263028044872
3,0,419,2233498250528,34.95433710386619
3,1,419,2234252543301,34.9661418159837
3,2,419,2235002203979,34.97787403562888
3,3,419,2235409280512,34.98424479967949
3,0,420,2236496873178,35.00126566847581
3,1,420,2237938929692,35.02383391069461
3,2,420,2238688765672,35.03556887382312
3,3,420,2239438121472,35.047296322115386
3,0,421,2240187841383,35.05902946875939
3,1,421,2240938821245,35.07078233368703
3,2,421,2242712222741,35.098536138149164
3,3,421,2243460708864,35.11024997596154
3,0,422,2244206407262,35.12192018576598
3,1,422,2245306561469,35.13913764318222
3,2,422,2246055469593,35.15085808532715
3,3,422,2246804225024,35.162576137820515
3,0,423,2247549912181,35.17424617170285
3,1,423,2248300883983,35.185998910491165
3,2,423,2249389574668,35.20303696332883
3,3,423,2249797241856,35.20941697115385
3,0,424,2250544928840,35.221118302408854
3,1,424,2251294983779,35.23285669225449
3,2,424,2252044339441,35.24458413838705
3,3,424,2252795881984,35.25634580929487
3,0,425,2253539937803,35.267990312672154
3,1,425,2255327818109,35.295970711090874
3,2,425,2256075453972,35.30767124230018
3,3,425,2257170655744,35.32481119391026
3,0,426,2258605429262,35.34726545694987
3,1,426,2259701505228,35.36441908973107
3,2,426,2261139252255,35.38691988830566
3,3,426,2261891226112,35.398688309294876
3,0,427,2262635284194,35.410332848088196
3,1,427,2264081097788,35.43295988875952
3,2,427,2264830312846,35.44468513443385
3,3,427,2265926015488,35.46183292467949
3,0,428,2267014183967,35.47886280497233
3,1,428,2267767113489,35.49064618215708
3,2,428,2268513897253,35.5023333779829
3,3,428,2269264684032,35.51408322115385
3,0,429,2270019078111,35.52588951871432
3,1,429,2271810240601,35.55392128344414
3,2,429,2273241551205,35.57632135174091
3,3,429,2274335400448,35.59344013621795
3,0,430,2276799732139,35.63200702591334
3,1,430,2277897273021,35.64918358468863
3,2,430,2278987607167,35.66624735775679
3,3,430,2279738919424,35.67800542467949
3,0,431,2280829807246,35.69507786279923
3,1,431,2281583013261,35.706865567110505
3,2,431,2282332203655,35.71859042679225
3,3,431,2282737155584,35.72492794070513
3,0,432,2283825057876,35.741953655160756
3,1,432,2284576181716,35.753708773349864
3,2,432,2285323507904,35.76540445813301
3,3,432,2286075460096,35.7771725400641
3,0,433,2286820108315,35.78882631452512
3,1,433,2287569436184,35.800553325696114
3,2,433,2289004007510,35.82300442442283
3,3,433,2290097874432,35.840123485576925
3,0,434,2291530642381,35.862546361381334
3,1,434,2292628794322,35.87973248325446
3,2,434,2293378899210,35.89147165480394
3,3,434,2293786882560,35.89785661057692
3,0,435,2295218230349,35.92025726082044
3,1,435,2295969992301,35.93202236548791
3,2,435,2297743577554,35.95977904575446
3,3,435,2298495000576,35.97153884615385
3,0,436,2299239050040,35.98318325007512
3,1,436,2300684158942,36.00579926228841
3,2,436,2301434475877,36.01754175238194
3,3,436,2302528506368,36.034663373397436
3,0,437,2302930931133,36.040961337092476
3,1,437,2303684528698,36.05275516917693
3,2,437,2304430749145,36.064433549069136
3,3,437,2305526499840,36.08158209134616
3,0,438,2306275170274,36.09329881363306
3,1,438,2307717503851,36.115871391898914
3,2,438,2309157553672,36.13840822929187
3,3,438,2310251320832,36.15552572916667
3,0,439,2310996598141,36.167189348911386
3,1,439,2312442628361,36.18981977978829
3,2,439,2312842985379,36.19608538315993
3,3,439,2313594136576,36.20784092948718
3,0,440,2315026766943,36.23026165212778
3,1,440,2315778387335,36.24202454137558
3,2,440,2316875835589,36.25919965051896
3,3,440,2317624114176,36.270910240384616
3,0,441,2318370677391,36.282593984609754
3,1,441,2319470914689,36.299812742403475
3,2,441,2320219592887,36.31152958619729
3,3,441,2320623762432,36.317854855769234
3,0,442,2321371820614,36.329561996287815
3,1,442,2322470849257,36.34676183858236
3,2,442,2323567018174,36.36391692605043
3,3,442,2324665025536,36.381100785256415
3,0,443,2325758335871,36.39821113580166
3,1,443,2326508861466,36.40995689143254
3,2,443,2327259418698,36.421703142183745
3,3,443,2328354615296,36.43884301282051
3,0,444,2329790768227,36.46131886372884
3,1,444,2330887803778,36.47848751405374
3,2,444,2331980857483,36.4955938483292
3,3,444,2332383688704,36.501898173076924
3,0,445,2333131076753,36.513594825987205
3,1,445,2334574180960,36.53617946464343
3,2,445,2335323894389,36.547912509843876
3,3,445,2336072266240,36.559624559294875
3,0,446,2336475770041,36.56593940994654
3,1,446,2337573723327,36.58312242286095
3,2,446,2339016147964,36.60569642621945
3,3,446,2340457205248,36.62824903044872
3,0,447,2341547934877,36.64531899284167
3,1,447,2342991763698,36.66791497173603
3,2,447,2343737670225,36.67958843876765
3,3,447,2344831444992,36.69670605769231
3,0,448,2345922562525,36.713782090798404
3,1,448,2346673084851,36.72552779526931
3,2,448,2347762455927,36.742576496253385
3,3,448,2348513831936,36.75433556089744
3,0,449,2349261690379,36.76603957549266
3,1,449,2350013685318,36.777808326416014
3,2,449,2350758718911,36.78946813199557
3,3,449,2351166216192,36.79584548076923
3,0,450,2351914636652,36.807558290953025
3,1,450,2352668002409,36.819348495233
3,2,450,2353761230400,36.83645755709135
3,3,450,2355545804288,36.8643862099359
3,0,451,2356637467397,36.881470781328254
3,1,451,2357386782700,36.893197595840846
3,2,451,2358136668878,36.90493334457006
3,3,451,2358884611072,36.916638669871794
3,0,452,2360320408972,36.93910896453075
3,1,452,2360726919300,36.945470867450425
3,2,452,2361816134237,36.96251712485289
3,3,452,2362568202240,36.97428701923077
3,0,453,2363316114264,36.985991872370796
3,1,453,2363722066129,36.99234503532214
3,2,453,2365160398429,37.01485499344263
3,3,453,2365910385664,37.02659232371795
3,0,454,2366654438276,37.03823677690555
3,1,454,2367404670352,37.049977938952324
3,2,454,2367806657341,37.05626905143542
3,3,454,2368902331392,37.07341639423077
3,0,455,2369649946445,37.08511659976275
3,1,455,2370401291740,37.09687518373147
3,2,455,2371150655778,37.10860276094877
3,3,455,2372937539072,37.136567556089744
3,0,456,2373685945895,37.14828015285394
3,1,456,2374786622312,37.1655057828776
3,2,456,2375533364177,37.1771923229824
3,3,456,2376282244608,37.18891233173077
3,0,457,2377030668889,37.200625201713365
3,1,457,2377781373360,37.21237375676082
3,2,457,2378529616976,37.22408379932893
3,3,457,2379280896512,37.235841354166666
3,0,458,2380031507986,37.247588453807346
3,1,458,2380781427225,37.25932471994253
3,2,458,2381527625874,37.27100275869516
3,3,458,2381934910976,37.27737678685897
3,0,459,2382683238795,37.28908814720741
3,1,459,2383435353136,37.30085876677684
3,2,459,2384530456852,37.31799718380659
3,3,459,2385624732160,37.33512263621795
3,0,460,2387056940229,37.35753674987793
3,1,460,2388155114441,37.37472322029309
3,2,460,2389597545184,37.397297319210736
3,3,460,2390349521920,37.40906578525641
3,0,461,2391441934337,37.426162083348984
3,1,461,2392194128649,37.43793395446777
3,2,461,2392944013016,37.44966967485477
3,3,461,2394729152000,37.47760717147436
3,0,462,2395821346116,37.49470005314754
3,1,462,2396573693541,37.50647432049091
3,2,462,2398016861888,37.52905996294071
3,3,462,2398769574400,37.54083994391026
3,0,463,2399170307427,37.54711143183782
3,2,463,2401012396301,37.57594019651756
3,3,463,2401763488768,37.58769482371795
3,0,464,2402508737432,37.59935799516727
3,1,464,2403607386603,37.616551898709815
3,2,464,2404701631142,37.63367686958509
3,3,464,2405453604352,37.64544528044872
3,0,465,2406200549905,37.65713500827887
3,1,465,2406953539233,37.66891932142991
3,2,465,2408390901311,37.69141409553723
3,3,465,2409142875136,37.70318251602564
3,0,466,2410229642486,37.7201904685935
3,1,466,2410981283228,37.73195367631961
3,2,466,2411380157570,37.738196075752455
3,3,466,2412819837952,37.760727131410256
3,0,467,2413572152608,37.77250088591747
3,1,467,2414323970610,37.78426686776968
3,2,467,2415069748747,37.79593832549266
3,3,467,2415818457088,37.80765564102564
3,0,468,2416567524078,37.81937856942984
3,1,468,2418012215059,37.841988041162736
3,2,468,2419446968006,37.864441982265376
3,3,468,2420199290880,37.876215865384616
3,0,469,2420947186729,37.88792046538524
3,1,469,2422046738484,37.90512849440355
3,2,469,2422794769101,37.91683520352877
3,3,469,2423543342080,37.92855040064103
3,0,470,2424634629810,37.94562909733699
3,1,470,2425388165308,37.95742195807041
3,2,470,2426137847490,37.96915451425406
3,3,470,2426887465984,37.98088607371795
3,0,471,2427975291612,37.99791058837891
3,1,471,2429074993065,38.01512096017691
3,2,471,2429822964309,38.026826740112305
3,3,471,2430916744192,38.04394443910257
3,0,472,2431319069964,38.050240853553184
3,1,472,2432415867431,38.06740577785394
3,2,472,2433167154756,38.079163454589846
3,3,472,2433915400192,38.09087352564103
3,0,473,2434661908765,38.10255641471667
3,1,473,2435416094871,38.11435945749136
3,2,473,2436166452386,38.12610258266351
3,3,473,2437264216576,38.14328263621795
3,0,474,2438010475851,38.15496162376991
3,1,474,2439109283206,38.172158002898385
3,2,474,2439859706956,38.183902164650945
3,3,474,2440607330816,38.19560250801282
3,0,475,2441354025335,38.20728830715082
3,1,475,2442104623575,38.21903519967886
3,2,475,2442850696328,38.230711268154046
3,3,475,2443945629184,38.24784701121795
3,0,476,2444692128684,38.25952975830078
3,1,476,2445793221304,38.27676190191807
3,2,476,2446541525504,38.28847289262821
3,3,476,2447294095872,38.30025064903846
3,0,477,2448041716676,38.311950944573816
3,1,477,2448793782562,38.323720805820564
3,2,477,2449543515294,38.33545415311373
3,3,477,2450291421696,38.34715891826923
3,0,478,2451036453785,38.358818700311126
3,1,478,2451442665258,38.36517592613807
3,2,478,2452876186255,38.38761058717385
3,3,478,2453973850112,38.40478907051282
3,0,479,2455065465991,38.42187290275378
3,1,479,2455816824437,38.43363169253618
3,2,479,2456909145475,38.45072656054375
3,3,479,2458693338624,38.47864925480769
3,0,480,2459437300677,38.49029229074331
3,1,480,2460191169472,38.502090367588146
3,2,480,2461632652765,38.524649638875324
3,3,480,2462381623808,38.53637106570513
3,0,481,2463471334569,38.55342508277306
3,1,481,2464224876262,38.56521804045848
3,2,481,2464975249361,38.57696140952086
3,3,481,2465724238848,38.588683125
3,0,482,2466471400578,38.60037623600886
3,1,482,2467572086678,38.61760201757187
3,2,482,2469705856027,38.65099559337127
3,3,482,2470804289024,38.66818611378205
3,0,483,2471551152731,38.67987456071903
3,1,483,2472651223978,38.697090719807946
3,2,483,2473399607719,38.708802955337916
3,3,483,2474838197760,38.73131694711539
3,0,484,2475592043839,38.743114668453906
3,1,484,2476344859306,38.75489626067333
3,2,484,2477090952482,38.766572648769284
3,3,484,2477840791040,38.77830765224359
3,0,485,2478586991883,38.78998572533241
3,1,485,2479340172023,38.801773024698896
3,2,485,2480088222610,38.81348004635542
3,3,485,2480838397952,38.82522032051282
3,0,486,2481934654783,38.84237678383852
3,1,486,2482686104990,38.854137009684244
3,2,486,2483092104182,38.86049091330504
3,3,486,2483840886272,38.87220938301282
3,0,487,2484589835928,38.883930475135216
3,1,487,2485686167031,38.90108810082069
3,2,487,2486778588026,38.918184533159305
3,3,487,2487873355264,38.93531768429487
3,0,488,2488961819120,38.9523521872496
3,1,488,2489712854779,38.96410592540252
3,2,488,2490805859473,38.98121149265387
3,3,488,2491898700288,38.99831449519231
3,0,489,2492299941391,39.00459393452962
3,1,489,2493400230352,39.021813500851366
3,2,489,2494149881999,39.033545579161036
3,3,489,2494900623360,39.04529471153846
3,0,490,2495648605244,39.05700065799029
3,1,490,2496400344120,39.06876540151743
3,2,490,2497147193063,39.08045361739721
3,3,490,2497898909184,39.09221800480769
3,0,491,2498647661583,39.10393600985014
3,1,491,2499401338011,39.1157310761437
3,2,491,2500151325496,39.12746841033153
3,3,491,2501594409472,39.1500527323718
3,0,492,2502686809308,39.16714883357122
3,1,492,2503440025042,39.17893668998523
3,2,492,2504531264502,39.19601463125376
3,3,492,2504933778432,39.20231399038462
3,0,493,2506367324533,39.224749044299
3,1,493,2507467110611,39.241960740481645
3,2,493,2508216279426,39.25368526245117
3,3,493,2508965127168,39.265404759615386
3,0,494,2510053250554,39.282433934200974
3,1,494,2510806788447,39.29422683241624
3,2,494,2511900020990,39.31133596551357
3,3,494,2512996442624,39.32849500801282
3,0,495,2514774904205,39.35632800300794
3,1,495,2515871979817,39.37349728028909
3,2,495,2516621947710,39.38523430786133
3,3,495,2517374115840,39.39700576923077
3,0,496,2518118010806,39.408647755252154
3,1,496,2519218022346,39.425862979924126
3,2,496,2519965270843,39.43755744884002
3,3,496,2521060238336,39.45469373397436
3,0,497,2522157988997,39.47187357579941
3,1,497,2523255415534,39.48904834507086
3,2,497,2524349802941,39.506175551836066
3,3,497,2525448518144,39.52337048878205
3,0,498,2526192329057,39.53501115937062
3,1,498,2526941743551,39.54673952622634
3,2,498,2528033094486,39.56381921208308
3,3,498,2528783901696,39.575569375
3,0,499,2529534433669,39.58731523044684
3,1,499,2530633106600,39.604509505834336
3,2,499,2531381659466,39.616224388177336
3,3,499,2532480584192,39.63342260416667
3,0,500,2532883202982,39.639723604360725
3,1,500,2533633545975,39.651466502263
3,2,500,2534383522219,39.66320366052872
3,3,500,2536172447744,39.69120041666667
3,0,501,2537261141736,39.70823852125901
3,1,501,2538014606949,39.72003028202937
3,2,501,2539110488016,39.737180864633416
3,3,501,2539862929920,39.748956610576926
3,0,502,2541297475521,39.77140730670636
3,1,502,2542741201931,39.79400168286446
3,2,502,2543141490425,39.80026621383276
3,3,502,2544238945792,39.81744143429487
3,0,503,2545327928470,39.83448405683469
3,1,503,2546082796701,39.84629777489295
3,2,503,2546833168495,39.858041123532026
3,3,503,2548274492928,39.88059790865385
3,0,504,2548677057726,39.886898063870944
3,1,504,2549424411956,39.89859418751252
3,2,504,2550171423835,39.91028495334723
3,3,504,2550921955840,39.922030809294874
3,0,505,2551666557068,39.933683848344856
3,1,505,2552761807782,39.95082456589919
3,2,505,2553855287250,39.96793756338266
3,3,505,2555295869952,39.990482740384614
3,0,506,2556383788584,40.0075087105619
3,1,506,2557137222894,40.01929998769907
3,2,506,2558576621595,40.041826635037935
3,3,506,2559324489216,40.05353079326923
3,0,507,2560071714474,40.06522489849384
3,1,507,2560824561081,40.077006978055515
3,2,507,2562616254731,40.105047055460616
3,3,507,2564059715584,40.12763727564103
3,0,508,2564462676956,40.13394363725711
3,1,508,2565563308437,40.15116856403058
3,2,508,2566312334480,40.16289085161258
3,3,508,2566717924352,40.16923834935898
3,0,509,2567463614875,40.18090843591935
3,1,509,2568910877756,40.20355815799029
3,2,509,2569658175111,40.21525339153583
3,3,509,2571787610112,40.24857913461538
3,0,510,2572535759234,40.260287698348606
3,1,510,2573280900443,40.271949188122875
3,2,510,2574030635306,40.283682568766274
3,3,510,2575816312832,40.311628493589744
3,0,511,2576904266957,40.3286550192339
3,1,511,2577657073323,40.340436469022315
3,2,511,2578752695636,40.35758300211589
3,3,511,2579505759232,40.3693684775641
3,0,512,2580254156005,40.3810809170454
3,1,512,2581691867587,40.403581160904324
3,2,512,2582442575049,40.41532976276105
3,3,512,2583195664384,40.427115641025644
3,0,513,2583942066531,40.438796864530126
3,1,513,2585039545972,40.4559724617513
3,2,513,2585785222841,40.46764233462603
3,3,513,2586879314944,40.48476491987179
3,0,514,2587624141293,40.496421482074446
3,1,514,2589068079469,40.51901917237893
3,2,514,2590161677635,40.53613402749086
3,3,514,2591258179584,40.55329432692308
3,0,515,2592003644183,40.564960877763795
3,1,515,2592757477946,40.57675840635642
3,2,515,2594201043538,40.599350265706384
3,3,515,2594951899648,40.61110119391026
3,0,516,2595354048820,40.617394844563805
3,1,516,2596797070180,40.63997818666116
3,2,516,2597543397443,40.65165823822804
3,3,516,2598295394816,40.66342702724359
3,0,517,2599040995764,40.67509571195163
3,1,517,2599792260524,40.686853035544374
3,2,517,2601232291767,40.70938958219088
3,3,517,2603019305984,40.737356426282055
3,0,518,2604110807980,40.7544384762495
3,1,518,2605211449304,40.771663557066304
3,2,518,2606300504961,40.78870732173039
3,3,518,2607394505728,40.805828477564106
3,0,519,2608483835096,40.822876525816305
3,1,519,2609235326649,40.83463739872859
3,2,519,2610330413714,40.851775555169525
3,3,519,2611425490432,40.86891354967949
3,0,520,2612172096862,40.8805979702211
3,1,520,2612923256711,40.8923536519525
3,2,520,2613672278166,40.904075867732125
3,3,520,2614423852544,40.91583803685898
3,0,521,2614828549327,40.92217155772674
3,1,521,2615583354296,40.93398428573217
3,2,521,2616330455871,40.94567645531288
3,3,521,2617426927616,40.962836282051285
3,0,522,2618514022219,40.979849356141706
3,1,522,2619265978481,40.99161750176845
3,2,522,2620013739710,41.00331999496069
3,3,522,2621109116416,41.02046268429487
3,0,523,2622204711870,41.03760879704402
3,1,523,2623305548700,41.05483693753756
3,2,523,2624055017918,41.06656616082607
3,3,523,2624462680064,41.07294608974359
3,0,524,2625214247277,41.08470814673791
3,1,524,2625966147525,41.09647541574331
3,2,524,2626712734858,41.108159537416114
3,3,524,2627460227584,41.11985782852564
3,0,525,2628212834610,41.13163615863507
3,1,525,2628967484455,41.143446458943686
3,2,525,2629718600914,41.155201461619846
3,3,525,2630468246528,41.166933445512825
3,0,526,2631222595812,41.17873904202975
3,1,526,2634395444853,41.22839425663875
3,2,526,2635491519916,41.24554787528796
3,3,526,2636241469440,41.25728461538462
3,0,527,2636992974723,41.269045703171955
3,1,527,2638092618093,41.286255165968676
3,2,527,2639527709372,41.30871440198067
3,3,527,2640622064128,41.32584109775641
3,0,528,2641374918339,41.33762329632099
3,1,528,2642471358133,41.35478262302497
3,2,528,2643220585536,41.36650806189904
3,3,528,2643968889344,41.37821904647436
3,0,529,2644716685523,41.389922086635494
3,1,529,2645471004937,41.401727215685725
3,2,529,2645873782523,41.40803070104354
3,3,529,2646621260288,41.41972875801282
3,0,530,2647367481403,41.43140714835925
3,1,530,2648119617788,41.44317811291817
3,2,530,2650247707017,41.476482794612004
3,3,530,2651343337984,41.493629463141026
3,0,531,2652087201228,41.50527095271184
3,1,531,2652840387205,41.517058343427614
3,2,531,2653937858331,41.53423381051871
3,3,531,2655031192064,41.55134452724359
3,0,532,2657152032706,41.584535768260466
3,1,532,2657543532444,41.590662754845255
3,2,532,2658638811455,41.60780391524877
3,3,532,2659731969536,41.62491188301282
3,0,533,2660478827515,41.636600240306365
3,1,533,2661576932542,41.65378562797351
3,2,533,2662322792116,41.6654583601888
3,3,533,2663073459200,41.67720633012821
3,0,534,2663474763711,41.68348676180326
3,1,534,2664225408179,41.695234377801356
3,2,534,2665665434273,41.717770843865814
3,3,534,2666416235520,41.72952091346154
3,0,535,2667504824978,41.7465573820926
3,1,535,2668258924998,41.75835907761794
3,2,535,2669352908821,41.77547996827737
3,3,535,2670103651840,41.78722912660257
3,0,536,2670848469682,41.798885555670324
3,1,536,2671599973948,41.810646627541566
3,2,536,2672690153969,41.8277079885473
3,3,536,2673786123264,41.84485995192308
3,0,537,2674535300391,41.85658460397574
3,1,537,2674940898494,41.86293223053761
3,2,537,2676033230300,41.880027267064804
3,3,537,2676784263680,41.891780969551284
3,0,538,2677534557932,41.90352310465495
3,1,538,2678633238945,41.92071750652607
3,2,538,2679380958138,41.93241934185322
3,3,538,2680132864512,41.94418670673077
3,0,539,2680878142223,41.9558503327668
3,1,539,2681281586581,41.96216425313314
3,2,539,2682714544575,41.984590103149415
3,3,539,2684845989376,42.01794729967949
3,0,540,2685940773627,42.035080717069185
3,1,540,2686693213588,42.04685643260467
3,2,540,2687442497490,42.05858275569035
3,3,540,2688538996224,42.07574300480769
3,0,541,2690313260597,42.10351031332945
3,1,541,2690720628346,42.10988563492213
3,2,541,2692153115140,42.132304110639524
3,3,541,2693595313152,42.154874567307694
3,0,542,2694347281674,42.166642904803936
3,1,542,2695100559307,42.17843172993978
3,2,542,2695501503994,42.184706530354816
3,3,542,2696252205568,42.1964550400641
3,0,543,2696997760114,42.20812299857898
3,1,543,2697749332921,42.21988514311962
3,2,543,2698497020462,42.2315864830917
3,3,543,2699249461760,42.24336221955129
3,0,544,2701373919129,42.27661006249061
3,1,544,2702470422835,42.29377038941995
3,2,544,2703217838707,42.3054674777613
3,3,544,2703969025536,42.31722358173077
3,0,545,2705064429076,42.33436669101813
3,1,545,2706854949016,42.362388399814705
3,2,545,2707950551699,42.37953462569799
3,3,545,2708698464256,42.39123948717949
3,0,546,2709450857782,42.40301447600536
3,1,546,2710549065078,42.42020146418645
3,2,546,2711298613910,42.43193193343725
3,3,546,2712048374272,42.44366571314103
3,0,547,2712797478221,42.45538921995505
3,1,547,2713544573869,42.46708129677797
3,2,547,2714291179712,42.47876570813301
3,3,547,2715732003840,42.50131466346154
3,0,548,2717514725589,42.529214330256536
3,1,548,2718264554787,42.54094918724647
3,2,548,2719354031767,42.55799954563239
3,3,548,2720105395712,42.56975842147436
3,0,549,2720851918590,42.58144153442383
3,1,549,2721951262176,42.59864630558894
3,2,549,2723044252184,42.615751643003804
3,3,549,2724138621440,42.63287856570513
3,0,550,2724890891726,42.64465162582006
3,1,550,2725643135664,42.65642427358774
3,2,550,2726391520243,42.66813652223245
3,3,550,2727832331264,42.6906852724359
3,0,551,2728581319245,42.70240696434608
3,1,551,2729331349355,42.71414496561686
3,2,551,2730080635236,42.72587131967398
3,3,551,2730485296640,42.73220428685897
3,0,552,2731575068173,42.74925925501115
3,1,552,2732327226285,42.76103055959848
3,2,552,2733077061044,42.77276550361829
3,3,552,2733827901440,42.78451618589744
3,0,553,2734579750843,42.79628265917656
3,1,553,2735680680033,42.8135122451078
3,2,553,2736436613018,42.82534262660882
3,3,553,2737532687872,42.84249624198718
3,0,554,2738629320314,42.859658583640076
3,1,554,2739380170577,42.87140942033817
3,2,554,2740126697225,42.883092592288286
3,3,554,2740875920896,42.894817972756414
3,0,555,2741971207820,42.9119592569987
3,1,555,2742721729991,42.923704959043846
3,2,555,2743469291223,42.93540432227502
3,3,555,2744218987520,42.947137099358976
3,0,556,2744965091408,42.95881365509816
3,1,556,2745716896768,42.970579439102565
3,2,556,2746806863065,42.98763745531914
3,3,556,2747900721664,43.00475638621795
3,0,557,2748993807135,43.021863217632585
3,1,557,2750091505450,43.03904224024063
3,2,557,2751876745848,43.06698132399339
3,3,557,2752627680256,43.07873347756411
3,0,558,2754067753722,43.101270685002255
3,1,558,2755168956161,43.118504547291295
3,2,558,2755918031737,43.13022761006673
3,3,558,2756670073344,43.141997091346155
3,0,559,2758107310021,43.1644899029228
3,1,559,2758862324185,43.176305904838365
3,2,559,2760312577034,43.19900242002829
3,3,559,2760719260160,43.20536702724359
3,0,560,2761471107508,43.21713346836188
3,1,560,2762225517233,43.22894001078288
3,2,560,2762975465170,43.24067672604292
3,3,560,2763727283200,43.252442708333334
3,0,561,2765166485023,43.274966274523614
3,1,561,2765919639945,43.28675317922739
3,2,561,2766664821812,43.298415305300985
3,3,561,2767761116672,43.31557236378205
3,0,562,2768510172217,43.32729511307154
3,1,562,2769953363589,43.34988111586351
3,2,562,2771047074002,43.36699772764548
3,3,562,2771800083456,43.37878235576923
3,0,563,2772544943354,43.390439443015076
3,1,563,2773992332701,43.41309114428398
3,2,563,2775090546652,43.43027823661609
3,3,563,2775841616896,43.44203251602564
3,0,564,2776595280312,43.45382737868089
3,1,564,2777349944419,43.46563790219038
3,2,564,2778096526878,43.47732194758489
3,3,564,2778500566528,43.48364518429487
3,0,565,2779593709928,43.500752922300684
3,1,565,2780345238162,43.51251436927209
3,2,565,2781434016255,43.52955379004845
3,3,565,2782184641024,43.54130109775641
3,0,566,2783616507457,43.56370986479931
3,1,566,2784714487195,43.580893291688575
3,2,566,2785802516632,43.59792099596855
3,3,566,2787587998720,43.625863862179486
3,0,567,2788337013196,43.63758596873748
3,1,567,2789435466508,43.654776807078825
3,2,567,2790186829616,43.66653566982172
3,3,567,2791281467392,43.6836667948718
3,0,568,2792033073197,43.69542945583246
3,1,568,2792787428266,43.70723514288487
3,2,568,2794224224324,43.72972105875651
3,3,568,2795320544768,43.746878517628204
3,0,569,2796067440885,43.75856747178298
3,1,569,2796474378337,43.76493605921036
3,2,569,2797572014093,43.78211410276755
3,3,569,2798324872704,43.79389637019231
3,0,570,2799758772589,43.816336960840474
3,1,570,2800513774961,43.828152778210764
3,2,570,2801608398618,43.845283682297925
3,3,570,2802359802368,43.85704318108974
3,0,571,2803111756151,43.868811287920046
3,1,571,2804553898627,43.891380875447595
3,2,571,2805302510223,43.90309667691744
3,3,571,2806744187904,43.92565899038462
3,0,572,2807493769868,43.937389978152545
3,1,572,2808247867227,43.94919163203313
3,2,572,2809692471060,43.97179973989633
3,3,572,2810444443136,43.983568133012824
3,0,573,2811195389671,43.99532047637157
3,1,573,2811601122805,44.001670216174006
3,2,573,2812351836632,44.01341891764323
3,3,573,2813448123392,44.030575849358975
3,0,574,2815571839495,44.0638120914557
3,1,574,2816322776421,44.07556428443322
3,2,574,2817067582973,44.087220536812026
3,3,574,2818161376768,44.10433845352564
3,0,575,2818913922594,44.11611582585262
3,1,575,2820011659809,44.13329545724722
3,2,575,2820760643428,44.145017080891925
3,3,575,2821508654080,44.15672347756411
3,0,576,2822604299406,44.173870370812054
3,1,576,2823013342826,44.18027191672301
3,2,576,2824104129853,44.19734277739696
3,3,576,2824511089152,44.20371170673077
3,0,577,2827323082763,44.24771951940292
3,1,577,2828076869101,44.259516305792395
3,2,577,2828824712036,44.2712200776868
3,3,577,2829919412224,44.288352179487184
3,0,578,2831008499844,44.3053964443735
3,1,578,2831760638100,44.317167438213644
3,2,578,2832165181780,44.323498563013324
3,3,578,2833262129664,44.34066584134616
3,0,579,2834356525715,44.3577931833903
3,1,579,2835449550652,44.37489906744541
3,2,579,2836891294071,44.39746240971492
3,3,579,2837639005696,44.40916412660256
3,0,580,2838385726301,44.42085033398751
3,1,580,2839826238054,44.443394400634766
3,2,580,2841267081732,44.46594366192158
3,3,580,2842014920192,44.477647363782054
3,0,581,2842420023842,44.48398725213467
3,1,581,2843174421243,44.495793601684575
3,2,581,2843923683513,44.50751958622859
3,3,581,2844672095232,44.519232259615386
3,0,582,2845763465788,44.53631225254157
3,1,582,2846516810082,44.54810212092473
3,2,582,2847263705740,44.559791067896136
3,3,582,2848014119936,44.57153508012821
3,0,583,2848762883554,44.58325326074845
3,1,583,2849171759971,44.58965219305576
3,2,583,2850602618473,44.61204518593813
3,3,583,2851350546432,44.62375028846154
3,0,584,2852099494391,44.63547135402582
3,1,584,2853541909095,44.65804520193247
3,2,584,2854634088827,44.67513785849547
3,3,584,2855381852672,44.686840392628206
3,0,585,2856132420286,44.69858680585813
3,1,585,2857225529085,44.7156940023569
3,2,585,2857972228442,44.727379877209785
3,3,585,2858723140608,44.73913168269231
3,0,586,2859816075041,44.756236150356195
3,1,586,2860568190307,44.76800678440192
3,2,586,2861316049724,44.77971081424029
3,3,586,2862065595392,44.79144123397436
3,0,587,2862820007622,44.80324781559871
3,1,587,2863574449083,44.81505485468938
3,2,587,2864321943918,44.826753178804836
3,3,587,2865074008576,44.838523020833335
3,0,588,2866165928141,44.85561160577236
3,1,588,2867608407725,44.87818646905361
3,2,588,2869045364626,44.90067490212465
3,3,588,2869796245504,44.91242621794872
3,0,589,2871575723270,44.9402751162798
3,1,589,2872670405680,44.95740693985377
3,2,589,2873767162287,44.97457122469389
3,3,589,2874518692352,44.98633270032052
3,0,590,2875271815517,44.99811910802597
3,1,590,2876023634628,45.009885107234076
3,2,590,2876769888239,45.02156400614421
3,3,590,2877521030656,45.033319415064106
3,0,591,2878269936905,45.04503982786521
3,1,591,2879370324798,45.06226094247671
3,2,591,2880117150157,45.07394878926595
3,3,591,2880868515840,45.08570769230769
3,0,592,2881617446672,45.09742848983374
3,1,592,2882370745206,45.109217642071066
3,2,592,2883465040315,45.12634340436887
3,3,592,2884560443904,45.14348651442308
3,0,593,2885649936338,45.16053711466471
3,1,593,2887096180457,45.18317089306954
3,2,593,2888535036256,45.20568904397035
3,3,593,2889632036352,45.22285713942308
3,0,594,2890379160358,45.23454966004983
3,1,594,2891129136579,45.24628681795561
3,2,594,2892225838803,45.263450251699595
3,3,594,2892974244864,45.27516283653846
3,0,595,2893721364286,45.28685528542543
3,1,595,2894475864122,45.298663238087194
3,2,595,2895222953219,45.310355212386696
3,3,595,2895972172288,45.32208052083333
3,0,596,2896720961757,45.33379910602276
3,1,596,2897470651996,45.34553178829878
3,2,596,2898216857409,45.357209932908276
3,3,596,2899658890240,45.37977780448718
3,0,597,2900749179290,45.39684087180113
3,1,597,2901504376644,45.408659740647536
3,2,597,2902254237262,45.42039508936173
3,3,597,2903005493760,45.43215228365385
3,0,598,2903758985544,45.44394446026142
3,1,598,2904857619426,45.4611381245305
3,2,598,2905603759667,45.47281524919559
3,3,598,2906697853952,45.48993786858974
3,0,599,2908130113636,45.51235279002655
3,1,599,2909227904737,45.52953326473921
3,2,599,2909978285763,45.54127675785945
3,3,599,2911420470784,45.56384701121795
3,0,600,2912169291029,45.57556607805301
3,1,600,2912921074089,45.58733151306153
3,2,600,2913668387895,45.59902700406588
3,3,600,2914072327168,45.605348669871795
3,0,601,2915166844102,45.622477903739735
3,1,601,2916955791493,45.65047500208146
3,2,601,2917706719039,45.66222704826159
3,3,601,2918454466560,45.67392932692308
3,0,602,2919544348636,45.69098602507763
3,1,602,2920639657245,45.70812764869103
3,2,602,2922417779030,45.735955325865135
3,3,602,2923514760192,45.753123125
3,0,603,2925290100836,45.78090727720603
3,1,603,2926043783366,45.792702438996145
3,2,603,2927486469894,45.815280540959286
3,3,603,2928581504000,45.832417868589744
3,0,604,2929328391450,45.84410668710562
3,1,604,2930771478589,45.866691058646964
3,2,604,2931519652370,45.87840000829452
3,3,604,2931922426368,45.8847034375
3,0,605,2933014029690,45.90178707322341
3,1,605,2934108556945,45.918916468615414
3,2,605,2935205179257,45.936078651733396
3,3,605,2936297304064,45.95317044871795
3,0,606,2937047335482,45.96490847045899
3,1,606,2937797297968,45.97664541341146
3,2,606,2938890700021,45.99375719934708
3,3,606,2939638929920,46.00546702724359
3,0,607,2940389264458,46.01720979282477
3,1,607,2941135154578,46.028883003086186
3,2,607,2941881849129,46.040568802724984
3,3,607,2942628854784,46.052259471153846
3,0,608,2943725434965,46.06942099492
3,1,608,2944472728550,46.08111616946489
3,2,608,2945220639502,46.09282100582808
3,3,608,2945968951296,46.104532115384615
3,0,609,2946717738000,46.116250657301684
3,1,609,2947469806589,46.12802056085049
3,2,609,2948217773382,46.13972627112756
3,3,609,2948970326016,46.15150375
3,0,610,2949721555370,46.16326051948743
3,1,610,2950818564745,46.18042876015688
3,2,610,2951566922562,46.19214058997521
3,3,610,2952662885376,46.209292451923076
3,0,611,2953407838227,46.220950993887094
3,1,611,2954854630783,46.24359335535294
3,2,611,2955945720256,46.26066894931891
3,3,611,2956694724608,46.2723908974359
3,0,612,2957784748857,46.28944982060359
3,1,612,2958885654616,46.30667903983874
3,2,612,2959980820148,46.32381842429137
3,3,612,2960732737536,46.33558596153846
3,0,613,2961820631016,46.35261153808594
3,1,613,2962569234667,46.36432721521622
3,2,613,2963315153556,46.37600087571364
3,3,613,2963718530048,46.382313733974364
3,0,614,2964466778445,46.39402385136531
3,1,614,2965565651211,46.411221254178564
3,2,614,2966657321069,46.42830593119304
3,3,614,2967406025728,46.44002318910257
3,0,615,2968496131594,46.45708338957958
3,1,615,2969596032479,46.47429688249637
3,2,615,2970344695756,46.486013492775946
3,3,615,2971438542848,46.50313224358975
3,0,616,2972873113890,46.52558333787184
3,1,616,2973620336287,46.53727739832169
3,2,616,2974019575644,46.54352551025391
3,3,616,2974771223040,46.555288822115386
3,0,617,2975861123296,46.57234580478766
3,1,617,2976962497784,46.58958235965044
3,2,617,2977711546006,46.60130499433469
3,3,617,2978459288064,46.6130071875
3,0,618,2978866871936,46.61938589142628
3,1,618,2979963618613,46.636550020861506
3,2,618,2980371030360,46.64292603102464
3,3,618,2981122587648,46.65468793269231
3,0,619,2982214515320,46.67177664450621
3,1,619,2982964937074,46.683520775021286
3,2,619,2984055403729,46.7005866218606
3,3,619,2986187635712,46.73395613782051
3,0,620,2987283334718,46.75110387116261
3,1,620,2988037826845,46.76291170317821
3,2,620,2990157468995,46.79608418774727
3,3,620,2991252088832,46.81321503205128
3,0,621,2991997641671,46.824882963851536
3,1,621,2993090476628,46.84198587471204
3,2,621,2994180820027,46.85904979259002
3,3,621,2994928852992,46.87075653846154
3,0,622,2995682582043,46.882552428307164
3,1,622,2996432881860,46.894294650503305
3,2,622,2997183741568,46.90604563501603
3,3,622,2997931821056,46.91775310897436
3,0,623,2998676823517,46.929412427336864
3,1,623,2999429312238,46.9411889059683
3,2,623,3001890497192,46.97970654910357
3,3,623,3002640749568,46.99144802884616
3,0,624,3003386837849,47.00312434033516
3,1,624,3004136360956,47.01485440698868
3,2,624,3004887283958,47.02660638205504
3,3,624,3006329940992,47.049184022435895
3,0,625,3007077399485,47.060881777797604
3,1,625,3007830767811,47.072672022282525
3,2,625,3008925195757,47.0897998634847
3,3,625,3009673483776,47.10151060096154
3,0,626,3010421286835,47.11321374879495
3,1,626,3011167602951,47.124893625910836
3,2,626,3011917124669,47.136623670826445
3,3,626,3012665941504,47.148342684294875
3,0,627,3013411353467,47.16000841138008
3,1,627,3014164616506,47.17179700811924
3,2,627,3015604388783,47.194329501937474
3,3,627,3016699305984,47.211465000000004
3,0,628,3017447853626,47.22317980058719
3,1,628,3018200136731,47.23495306131999
3,2,628,3018951402875,47.24671040657239
3,3,628,3020048306176,47.263876987179486
3,0,629,3020792580669,47.27552491281363
3,1,629,3021893738712,47.292758080303486
3,2,629,3022986333835,47.30985723775228
3,3,629,3023737845760,47.32161842948718
3,0,630,3024484974739,47.33331102794158
3,1,630,3025236122938,47.34506652735001
3,2,630,3025983304903,47.35675995503744
3,3,630,3026731456512,47.36846855769231
3,0,631,3028166102785,47.390920829342576
3,1,631,3028914637233,47.40263542344314
3,2,631,3029662512178,47.41433969629532
3,3,631,3030413536768,47.42609326121795
3,0,632,3031161614515,47.43780070792956
3,1,632,3032257612322,47.45495311751928
3,2,632,3033005231622,47.46665338951698
3,3,632,3034101862400,47.48381570512821
3,0,633,3035191055726,47.50086162431766
3,1,633,3036292037372,47.5180920311874
3,2,633,3037727092290,47.54055069814829
3,3,633,3039166556160,47.56307836538462
3,0,634,3040256745289,47.580139868930914
3,1,634,3041006793777,47.59187815781814
3,2,634,3041407728526,47.598152802703076
3,3,634,3042504568320,47.61531838942308
3,0,635,3043251265775,47.62700423450959
3,1,635,3044347372180,47.64415834366236
3,2,635,3045094868746,47.65585669486804
3,3,635,3045843044352,47.66756567307692
3,0,636,3046589577982,47.67924895429562
3,1,636,3047342059685,47.691025323095076
3,2,636,3048777033825,47.71348272587703
3,3,636,3050564441088,47.74145572115385
3,0,637,3051653983441,47.758507102629835
3,1,637,3052749556329,47.77565286222018
3,2,637,3053846959143,47.792827260225735
3,3,637,3054599993344,47.80461227564103
3,0,638,3055345851178,47.816284980625255
3,1,638,3056095855316,47.828022575433195
3,2,638,3057198657527,47.845281474218126
3,3,638,3058294609408,47.862433165064104
3,0,639,3059381685218,47.87944594504332
3,1,639,3060481277457,47.89665460763785
3,2,639,3061233060616,47.908420044195715
3,3,639,3061983217664,47.920160032051285
3,0,640,3062730759136,47.93185908603766
3,1,640,3064867617615,47.96530100684533
3,2,640,3067699774175,48.00962437047714
3,3,640,3068450207232,48.02136867788462
3,0,641,3069539699554,48.038419276373446
3,1,641,3070288412466,48.05013666344276
3,2,641,3071381443152,48.06724263746995
3,3,641,3072132687872,48.0789996474359
3,0,642,3073222061006,48.09604838062776
3,1,642,3074668349527,48.118682853925655
3,2,642,3075416167764,48.130386239295376
3,3,642,3076510968320,48.14751991185898
3,0,643,3077600711391,48.164574434579706
3,1,643,3078350864609,48.17631436249562
3,2,643,3079098235563,48.18801074786847
3,3,643,3079847895552,48.19974295673077
3,0,644,3081281285972,48.22217557423127
3,1,644,3082725827052,48.24478270000751
3,2,644,3083474695977,48.256502528686525
3,3,644,3084572278272,48.27367973557693
3,0,645,3085316298759,48.28532368600699
3,1,645,3086413580415,48.30249618788499
3,2,645,3087165010056,48.314256091872
3,3,645,3087915519488,48.326001594551286
3,0,646,3088664407042,48.337721714774894
3,1,646,3089414233273,48.349456525331156
3,2,646,3090847410692,48.37188580935747
3,3,646,3091598262784,48.38363667467949
3,0,647,3092688517832,48.400699209860775
3,1,647,3093441897339,48.4124896293288
3,2,647,3094189702096,48.42419280373598
3,3,647,3094939502592,48.43592721153846
3,0,648,3095345163803,48.44227582574307
3,1,648,3096788585454,48.46486543241061
3,2,648,3098222561976,48.48730722243089
3,3,648,3100007839232,48.51524688301282
3,0,649,3100409362406,48.52153073677259
3,1,649,3101162701044,48.53332051663912
3,2,649,3102256757699,48.55044254712227
3,3,649,3103349669888,48.567546666666665
3,0,650,3104095692354,48.57922194814829
3,1,650,3104848895875,48.59100961342836
3,2,650,3105595335556,48.60269142434145
3,3,650,3108072248832,48.64145521634615
3,0,651,3108818859933,48.65313970998911
3,1,651,3109569756867,48.66489127709022
3,2,651,3110315889542,48.67656828334711
3,3,651,3111064909312,48.688290472756414
3,0,652,3111813800281,48.70001064642491
3,1,652,3112910308635,48.71717104609563
3,2,652,3113318036950,48.723552010560645
3,3,652,3114067607040,48.7352828125
3,0,653,3115158884693,48.752361351490514
3,1,653,3116602244545,48.77494999100123
3,2,653,3117695727708,48.7920630463116
3,3,653,3118791716352,48.8092153125
3,0,654,3119538312802,48.82089957685422
3,1,654,3120288791642,48.83264460076748
3,2,654,3121382212506,48.849756681096004
3,3,654,3122480057344,48.866937996794874
3,0,655,3123223996101,48.87858066814716
3,1,655,3124321584429,48.89575796945425
3,2,655,3125071512347,48.90749437141614
3,3,655,3126167063040,48.924639783653845
3,0,656,3126915698463,48.9363559580172
3,1,656,3128014504921,48.9535523231076
3,2,656,3128420392659,48.95990448246883
3,3,656,3129169527808,48.9716284775641
3,0,657,3129916320446,48.98331581226838
3,1,657,3130669478845,48.995102771387344
3,2,657,3132444474300,49.022881521371694
3,3,657,3133538287104,49.03999973557693
3,0,658,3134283136478,49.05165665812174
3,1,658,3135034157206,49.063410162603915
3,2,658,3136124584716,49.080475396822415
3,3,658,3136876247552,49.092238950320514
3,0,659,3137963476531,49.10925412740072
3,1,659,3139063933791,49.12647632760855
3,2,659,3139815022698,49.1382308990948
3,3,659,3140219209216,49.14455643429487
3,0,660,3142345535811,49.17783353069599
3,1,660,3143791292598,49.20045968233549
3,2,660,3144194708206,49.20677315276317
3,3,660,3144942321664,49.218473333333336
3,0,661,3145688203577,49.23014641515488
3,1,661,3146440779404,49.2419242569987
3,2,661,3147195937553,49.253742512285285
3,3,661,3148289817600,49.270861778846154
3,0,662,3149723669990,49.293301626195664
3,1,662,3150821176730,49.310477650647286
3,2,662,3151569851771,49.32219444503393
3,3,662,3152322356736,49.333971177884614
3,0,663,3154095803121,49.361725684861405
3,1,663,3155516706895,49.38396288585174
3,2,663,3156263188890,49.39564535898062
3,3,663,3157012601856,49.40737370192308
3,0,664,3157759716698,49.41906607913286
3,1,664,3158508318810,49.430781732177735
3,2,664,3159258379211,49.44252020750388
3,3,664,3160010135040,49.45428521634616
3,0,665,3160754494737,49.46593447542631
3,1,665,3161509614224,49.477752125651044
3,2,665,3162259675668,49.489490617300184
3,3,665,3163008248320,49.50120580929487
3,0,666,3164097771275,49.518256887191384
3,1,666,3165196898593,49.53545827375363
3,2,666,3166290816766,49.55257813698793
3,3,666,3167387197440,49.56973653846154
3,0,667,3169163005115,49.59752799972143
3,1,667,3170605333681,49.62010049956493
3,2,667,3171358730370,49.63189118793194
3,3,667,3172455662592,49.64905822115385
3,0,668,3173547181508,49.66614053591997
3,1,668,3174992245732,49.68875584892078
3,2,668,3175742707969,49.70050061299642
3,3,668,3176840220672,49.717676730769234
3,0,669,3177587993698,49.72937940858499
3,1,669,3177994038805,49.73573403077737
3,2,669,3179088520371,49.75286271113469
3,3,669,3179837976064,49.764591722756414
3,0,670,3181274450108,49.78707259909606
3,1,670,3182721857379,49.80972458087628
3,2,670,3183818080422,49.826880515418424
3,3,670,3184566968832,49.83860064903846
3,0,671,3185658671034,49.85568583223783
3,1,671,3186755158568,49.87284590607472
3,2,671,3187503858705,49.88456309321477
3,3,671,3188252856320,49.896284935897434
3,0,672,3190026327746,49.92403983476688
3,1,672,3190776861901,49.935785724362105
3,2,672,3191524630234,49.94748832873222
3,3,672,3192274060800,49.95921694711539
3,0,673,3193363421384,49.97626548389924
3,1,673,3193771924691,49.98265857702011
3,2,673,3194516803350,49.99431595787635
3,3,673,3195266541056,50.00604938301282
3,0,674,3196015444498,50.017769751884266
3,1,674,3197804969378,50.045775887951976
3,2,674,3198559099872,50.05757806039664
3,3,674,3200347144704,50.085561033653846
3,0,675,3201092336580,50.09722331636869
3,1,675,3201842345077,50.10896097939516
3,2,675,3202590044367,50.12066250323956
3,3,675,3204376375296,50.14861865384616
3,0,676,3205467425998,50.16569364104442
3,1,676,3206221127042,50.17748909257938
3,2,676,3207316839117,50.19463703045185
3,3,676,3208064894464,50.206344126602566
3,0,677,3208810808516,50.21801771140074
3,1,677,3209906480127,50.235165016009994
3,2,677,3211347557774,50.257717938921026
3,3,677,3212442425856,50.27485266826923
3,0,678,3213191303628,50.28657263540415
3,1,678,3213944372448,50.29835819260818
3,2,678,3214689655630,50.310021904265575
3,3,678,3215439081472,50.32175044871795
3,0,679,3216873351208,50.34419682754908
3,1,679,3217624998737,50.35596014149201
3,2,679,3218721152040,50.37311498460036
3,3,679,3219472640512,50.384875809294876
3,0,680,3220216724509,50.39652075365898
3,1,680,3221316190696,50.413727443534654
3,2,680,3222064411114,50.425437123053136
3,3,680,3222814273536,50.4371725
3,0,681,3223908006530,50.454289465175535
3,1,681,3224661242445,50.466077637423005
3,2,681,3225411457958,50.47781854025816
3,3,681,3226162335744,50.48956980769231
3,0,682,3227251286122,50.50661192473583
3,1,682,3228001370770,50.5183507795285
3,2,682,3228748213608,50.530038899864785
3,3,682,3229498463232,50.541780336538466
3,0,683,3230246116363,50.55348113799266
3,1,683,3230996631710,50.565226733241936
3,2,683,3232784396867,50.5932053295742
3,3,683,3233880454656,50.61035867788462
3,0,684,3234634253590,50.622155661402
3,1,684,3235732849696,50.63934873447516
3,2,684,3236478929291,50.65102491002792
3,3,684,3238263448064,50.678952700320515
3,0,685,3239693950159,50.70134011541905
3,1,685,3240793316708,50.71854524595603
3,2,685,3241540336927,50.73023614231207
3,3,685,3242634771456,50.74736408653846
3,0,686,3243037458134,50.75366614918244
3,1,686,3243787754356,50.76540831511669
3,2,686,3244534245705,50.77709093463604
3,3,686,3245285689856,50.78885106570513
3,0,687,3246032347779,50.80053629211426
3,1,687,3246781927801,50.81226724948981
3,2,687,3247875454726,50.82938098967723
3,3,687,3248972606976,50.846551466346156
3,0,688,3250066022712,50.86366346642127
3,1,688,3250820423772,50.87546987323468
3,2,688,3251568035425,50.887170025556514
3,3,688,3252319655424,50.89893290865385
3,0,689,3253752961939,50.921364213037734
3,1,689,3254507987687,50.933180396243365
3,2,689,3255257372589,50.9449082999831
3,3,689,3256350588416,50.96201717147436
3,0,690,3257100869007,50.97375909278283
3,1,690,3257854853459,50.98555897966434
3,2,690,3258956639481,51.00280197505071
3,3,690,3259706531328,51.0145378125
3,0,691,3260454128507,51.02623773830316
3,1,691,3261207317975,51.03802518365322
3,2,691,3261953867585,51.049708714959564
3,3,691,3262701452288,51.061408445512825
3,0,692,3263791318414,51.07846489404923
3,1,692,3264543112712,51.0902305049329
3,2,692,3265636542617,51.10734272675343
3,3,692,3266733082624,51.12450362179487
3,0,693,3267820433484,51.14152070631761
3,1,693,3268571006135,51.15326719837678
3,2,693,3270012525310,51.1758270312187
3,3,693,3270760002560,51.187525080128204
3,0,694,3271508163755,51.19923383280436
3,1,694,3272604532615,51.216392049388396
3,2,694,3273350229177,51.228062230459365
3,3,694,3274102656000,51.239837740384615
3,0,695,3274847342778,51.25149211829552
3,1,695,3275599216030,51.26325896481245
3,2,695,3276349801707,51.27500566072904
3,3,695,3277099527168,51.28673889423077
3,0,696,3277848105551,51.29845417591584
3,1,696,3278946151939,51.315638645880284
3,2,696,3280738094409,51.343682617328355
3,3,696,3281833699840,51.36082888621795
3,0,697,3282928704005,51.37796574527056
3,1,697,3283673191763,51.38961700851049
3,2,697,3284419445450,51.40129590861003
3,3,697,3285516141568,51.418459246794875
3,0,698,3286261789197,51.43012866206243
3,1,698,3287361034720,51.44733189853766
3,2,698,3288107023368,51.45900665076623
3,3,698,3288855239680,51.47071626602564
3,0,699,3289599177754,51.48235892668895
3,1,699,3290696715809,51.49953544122158
3,2,699,3291447237068,51.51128112899389
3,3,699,3292198829568,51.52304358173077
3,0,700,3292948195872,51.53477119441106
3,1,700,3293693495340,51.546435160945016
3,2,700,3294440825834,51.55813091311724
3,3,700,3295881956864,51.58068467147436
3,0,701,3296971507932,51.597736189340445
3,2,701,3298469414089,51.62117848070976
3,3,701,3299563584000,51.63830228365385
3,0,702,3300313593055,51.650039955413035
3,1,702,3301410808175,51.66721141599998
3,2,702,3302157516800,51.67889743589744
3,3,702,3303251255808,51.69601449519231
3,0,703,3303999071543,51.707717841405625
3,1,703,3304406463875,51.71409354772323
3,2,703,3305498677209,51.73118673015888
3,3,703,3306248637440,51.74292363782052
3,0,704,3306997859041,51.754648985893056
3,1,704,3307747969490,51.76638824447241
3,2,704,3308496331281,51.778100136484
3,3,704,3309246355968,51.78983805288462
3,0,705,3309996320900,51.801575034117086
3,1,705,3310748061167,51.81333979941344
3,2,705,3311841747905,51.830456040680716
3,3,705,3312589678080,51.84216117788462
3,0,706,3313686467801,51.859325980960165
3,1,706,3314094596187,51.86571320655236
3,2,706,3315187947403,51.882824196886894
3,3,706,3316629499904,51.905384551282054
3,0,707,3317382932259,51.9171757978234
3,1,707,3318133471550,51.92892176779723
3,2,707,3318880338627,51.94061026747484
3,3,707,3320319306752,51.96313017628205
3,0,708,3321415929313,51.980292363296904
3,1,708,3322513820746,51.997474408209385
3,2,708,3323267403085,52.00926800200634
3,3,708,3324019191808,52.02103352564103
3,0,709,3324768976338,52.032767683574974
3,1,709,3325520169110,52.04452388055264
3,2,709,3326613525767,52.061634956039036
3,3,709,3327708446720,52.07877051282051
3,0,710,3328454258229,52.090442492816635
3,1,710,3329206412566,52.10221373832507
3,2,710,3330299934294,52.11932739717924
3,3,710,3331742835200,52.141908854166665
3,0,711,3332833134403,52.15897208037548
3,1,711,3333585813548,52.17075153915014
3,2,711,3334334027572,52.18246111860226
3,3,711,3335432799232,52.19965693910257
3,0,712,3336186383682,52.21145056593675
3,1,712,3336938381987,52.223219369538135
3,2,712,3337685729026,52.234915380640274
3,3,712,3338782170112,52.25207472756411
3,0,713,3339529354549,52.263768193938425
3,1,713,3340626308403,52.280935565702
3,2,713,3341372961861,52.2926207222337
3,3,713,3341779495936,52.29898299679488
3,0,714,3343210671518,52.32138095199194
3,1,714,3344307953059,52.33855345207019
3,2,714,3345056118155,52.35026226579715
3,3,714,3346153483776,52.36743608173077
3,0,715,3347583568572,52.38981696608324
3,1,715,3348334916173,52.40157558614095
3,2,715,3349083504770,52.413291027675534
3,3,715,3350176805888,52.43040123397436
3,0,716,3351960118202,52.458310143135265
3,1,716,3352365204229,52.464649755687226
3,2,716,3353461430999,52.481805748557065
3,3,716,3354555621376,52.49892987179487
3,0,717,3355650723859,52.51606826952812
3,1,717,3356401329629,52.52781527990097
3,2,717,3357147242039,52.53948883900178
3,3,717,3357898842624,52.55125141826923
3,0,718,3358649389501,52.56299750696427
3,1,718,3359399798775,52.57474144216685
3,2,718,3360146204764,52.586422725798776
3,3,718,3360896500736,52.598164887820516
3,0,719,3361985657795,52.61521023942996
3,1,719,3362739313214,52.62700497693184
3,2,719,3363833992096,52.64413674529247
3,3,719,3364585069056,52.65589112980769
3,0,720,3366025199203,52.678429224305766
3,1,720,3367467734933,52.70100496627416
3,2,720,3368215823895,52.71271258850098
3,3,720,3368968351232,52.72448967147436
3,0,721,3370060315402,52.74157895448342
3,1,721,3370812183530,52.75334572080955
3,2,721,3371559492543,52.76504113680326
3,3,721,3372311071744,52.77680338141026
3,0,722,3373059952819,52.78852340023725
3,1,722,3374156773954,52.80568869494316
3,2,722,3374559187993,52.811986490775865
3,3,722,3375653157376,52.82910715544872
3,0,723,3376060608079,52.83548377527482
3,1,723,3377160824956,52.85270221347907
3,2,723,3378605651673,52.8753138094858
3,3,723,3380391902720,52.9032687099359
3,0,724,3381137945099,52.914944303056764
3,1,724,3382235720202,52.93212452740009
3,2,724,3383678162544,52.95469880784255
3,3,724,3384429613056,52.96645903846154
3,0,725,3385178938526,52.978186012088095
3,1,725,3385932021947,52.989971797798354
3,2,725,3387718049589,53.01792320195125
3,3,725,3388467360256,53.02964994391026
3,0,726,3389902490125,53.0521097838573
3,1,726,3390656542200,53.06391072904147
3,2,726,3391406482065,53.075647317974386
3,3,726,3392155284480,53.087366105769235
3,0,727,3393246251017,53.10443977578188
3,1,727,3394341895284,53.12158665245643
3,2,727,3395090034113,53.133295055103794
3,3,727,3396874078720,53.16121542467949
3,0,728,3397962142050,53.17824365938627
3,1,728,3398714121056,53.19001216095754
3,2,728,3399807244233,53.207119582472586
3,3,728,3401247369216,53.22965759615385
3,0,729,3401991583756,53.241304583521135
3,1,729,3403433071728,53.26386392803486
3,2,729,3404178629682,53.27553193988507
3,3,729,3404929597440,53.287284615384614
3,0,730,3405677016164,53.29898174835988
3,1,730,3406426796141,53.31071583503919
3,2,730,3407173361239,53.32239960873335
3,3,730,3407922264064,53.334119967948716
3,0,731,3408676813823,53.345928701907425
3,1,731,3410464338239,53.37390353063339
3,2,731,3411559719641,53.391046293460164
3,3,731,3412311503872,53.402811746794875
3,0,732,3413065194224,53.4146070309996
3,1,732,3413814500787,53.426333708730844
3,2,732,3414906708604,53.44342680482522
3,3,732,3415659245568,53.45520403846154
3,0,733,3416756627776,53.47237811398237
3,1,733,3417511095901,53.48418557036571
3,2,733,3418259938337,53.495904984490814
3,3,733,3419012334592,53.507680016025645
3,0,734,3419756690144,53.51932921023638
3,1,734,3420506176614,53.531058703519385
3,2,734,3421253542483,53.542755009311776
3,3,734,3422004878336,53.554513445512825
3,0,735,3423094441169,53.57156514750163
3,1,735,3423847354530,53.58334827176608
3,2,735,3424594069531,53.595034391448195
3,3,735,3424997299712,53.6013449599359
3,0,736,3427118626172,53.63454380402394
3,1,736,3427869088047,53.64628856243427
3,2,736,3428965008010,53.66343975376227
3,3,736,3430062160384,53.6806102323718
3,0,737,3431153147438,53.697684223476315
3,1,737,3432598942842,53.72031097947341
3,2,737,3433693352586,53.73743853581355
3,3,737,3434441389568,53.74914534455128
3,0,738,3435192896709,53.76090646141639
3,1,738,3435944837336,53.77267436235477
3,2,738,3436693137555,53.784385290762096
3,3,738,3437444156416,53.79613876602564
3,0,739,3438535461564,53.813217735314005
3,1,739,3439285128982,53.82495006044046
3,2,739,3440034554451,53.83667859905537
3,3,739,3440786929152,53.84845329326923
3,0,740,3441534888544,53.86015888772035
3,1,740,3442285650740,53.871908346166364
3,2,740,3444420823208,53.90532388083434
3,3,740,3445516624896,53.92247322115385
3,0,741,3446609501181,53.93957677879921
3,1,741,3447707085564,53.95675401836689
3,2,741,3448800630027,53.973868033024715
3,3,741,3449205845504,53.98020967147436
3,0,742,3450295763026,53.997266924360225
3,1,742,3451392201590,54.01442623181465
3,2,742,3452483530832,54.03150557817508
3,3,742,3453233828864,54.0432477724359
3,0,743,3453986111638,54.05502102798853
3,1,743,3454737095107,54.06677394936586
3,2,743,3455484896894,54.07847707729242
3,3,743,3456237984256,54.090262924679486
3,0,744,3456990651970,54.10204220455854
3,1,744,3457741162996,54.113787732183994
3,2,744,3458485789873,54.12544117264186
3,3,744,3459925980672,54.147980216346156
3,0,745,3461013880049,54.16500588518192
3,1,745,3462111098573,54.18217739904159
3,2,745,3463896387522,54.21011724261944
3,3,745,3464990275072,54.22723662660257
3,0,746,3465734279749,54.23888032960549
3,1,746,3466832755686,54.256071522028996
3,2,746,3467579577096,54.26775930701623
3,3,746,3468327303168,54.279461250000004
3,0,747,3469076207161,54.291181627494616
3,1,747,3469826067421,54.3029169706061
3,2,747,3470915595464,54.31996812813001
3,3,747,3472010120704,54.33709749198718
3,0,748,3473790992282,54.3649682035319
3,1,748,3474889017650,54.38215234453251
3,2,748,3475636529330,54.39385093227289
3,3,748,3476039207936,54.40015286858974
3,0,749,3477128932777,54.417207106010245
3,1,749,3478227732337,54.434403363146664
3,2,749,3478973483653,54.446074401119915
3,3,749,3479722426368,54.45779538461539
3,0,750,3480809799172,54.474812812562604
3,1,750,3481561528213,54.4865774021716
3,2,750,3482310276656,54.49829534530249
3,3,750,3483406658560,54.515453766025644
3,0,751,3484158574071,54.52722127389761
3,1,751,3485258355773,54.54443290159568
3,2,751,3486006770076,54.556145615422174
3,3,751,3486756699648,54.56788204326923
3,0,752,3487501747703,54.57954207517967
3,1,752,3488598746745,54.59671015413725
3,2,752,3489346098505,54.60840623912323
3,3,752,3490095277056,54.62013091346154
3,0,753,3490839852019,54.631783541463214
3,1,753,3491592254592,54.643558671875
3,2,753,3492689048831,54.660723545657426
3,3,753,3493784262656,54.677863685897435
3,0,754,3494875202712,54.69493694148137
3,1,754,3495974666638,54.71214359597231
3,2,754,3496725160891,54.72388886109964
3,3,754,3497478016512,54.73567108173077
3,0,755,3498224860813,54.74735922496307
3,1,755,3499670527539,54.769983967144306
3,2,755,3500421310227,54.78173374629094
3,3,755,3501171228672,54.79347
3,0,756,3502947721187,54.82127217903333
3,1,756,3503696979655,54.8329981040759
3,2,756,3504789975916,54.850103539350464
3,3,756,3505192793600,54.85640765224359
3,0,757,3505937005457,54.86805459762182
3,1,757,3507036687105,54.88526465947078
3,2,757,3507438782472,54.89155746807392
3,3,757,3508188648960,54.903292908653846
3,0,758,3508937867566,54.915018209854516
3,1,758,3510382125408,54.937620902944715
3,2,758,3511128297823,54.94929853113419
3,3,758,3512220854784,54.96639709134615
3,0,759,3512967968217,54.97808944650504
3,1,759,3514067403729,54.99529565631573
3,2,759,3515160719372,55.01240608993139
3,3,759,3515912399872,55.024169919871795
3,0,760,3516660096032,55.03587139473157
3,1,760,3518103851674,55.05846622837165
3,2,760,3518507259343,55.06477957455366
3,3,760,3519259224064,55.076547852564104
3,1,761,3521101856421,55.105385122774564
3,2,761,3521849455997,55.117085086090874
3,3,761,3522601777664,55.12885895032051
3,0,762,3523004689848,55.13516454214243
3,1,762,3523754456708,55.146898423540165
3,2,762,3524847611849,55.164006345293096
3,3,762,3525598574080,55.175758934294876
3,0,763,3526686917644,55.19279155467498
3,1,763,3527439463157,55.20456892210349
3,2,763,3527846166489,55.210933845543494
3,3,763,3528940525568,55.22806060897436
3,0,764,3530374564440,55.25050337477464
3,1,764,3531470601126,55.26765639282227
3,2,764,3532218284634,55.27935766967774
3,3,764,3533312587264,55.296483549679486
3,0,765,3534066421404,55.30828108417218
3,1,765,3534469726657,55.31459282753969
3,2,765,3535221880456,55.32636406462841
3,3,765,3535970230784,55.33807577724359
3,0,766,3536718480358,55.34978591305464
3,1,766,3537469400021,55.36153783586551
3,2,766,3538214924439,55.373205322875975
3,3,766,3538967440384,55.3849822275641
3,0,767,3539712686982,55.39664536668044
3,1,767,3541156254800,55.41923726086739
3,2,767,3542250505573,55.43636232930501
3,3,767,3543346744832,55.453518517628204
3,0,768,3544777418038,55.47590861062074
3,1,768,3545875545946,55.49309435637645
3,2,768,3546969556822,55.510215670416414
3,3,768,3547718977536,55.52194413461539
3,0,769,3548806366693,55.53896181848771
3,1,769,3550248109619,55.56152515304174
3,2,769,3550994845217,55.57321159506773
3,3,769,3551745161216,55.58495407051282
3,0,770,3552493472296,55.596665168895235
3,1,770,3553246954052,55.6084571885642
3,2,770,3553652149444,55.614798512682796
3,3,770,3554401888768,55.626531963141026
3,0,771,3555145868131,55.638175269978845
3,1,771,3555899448331,55.64996883030036
3,2,771,3556998176363,55.66716396802071
3,3,771,3558440099328,55.68973012019231
3,0,772,3559530483796,55.706794680801785
3,1,772,3560629718354,55.72399774567433
3,2,772,3561383492301,55.73579433814416
3,3,772,3562479263744,55.752943205128204
3,0,773,3563223647899,55.76459284697704
3,1,773,3563975857572,55.776364958496096
3,2,773,3565068547606,55.79346560130584
3,3,773,3565821337600,55.8052467948718
3,0,774,3566572506244,55.8170026142453
3,1,774,3567327060503,55.828811418629186
3,2,774,3568077253150,55.84055196361053
3,3,774,3569170122752,55.85765541666667
3,0,775,3569915688055,55.86932354352902
3,1,775,3570320381950,55.87565701919947
3,2,775,3571075632220,55.88747671618339
3,3,775,3573208708096,55.920859439102564
3,0,776,3574642475463,55.943297955838716
3,1,776,3575740251577,55.96047819600423
3,2,776,3576832996559,55.97757969875238
3,3,776,3577582287360,55.989306129807694
3,0,777,3578671850601,56.00635783818172
3,1,777,3579425630756,56.01815452780699
3,2,777,3580174196350,56.0298696093437
3,3,777,3580924261888,56.041608165064105
3,0,778,3582359388863,56.06406795971993
3,1,778,3583112003231,56.07584640473195
3,2,778,3583857173447,56.087508348466926
3,3,778,3584605924864,56.09922633814103
3,0,779,3585349915227,56.110869817129284
3,1,779,3586100584564,56.12261782232822
3,2,779,3586847631870,56.134309142596905
3,3,779,3587597446656,56.14604377403846
3,0,780,3590061479357,56.184605984528375
3,1,780,3590814132074,56.19638502970378
3,2,780,3592601055883,56.22435045890612
3,3,780,3593693414400,56.24144591346154
3,0,781,3594441754283,56.25315746261206
3,1,781,3595192301655,56.26490355905386
3,2,781,3596289629140,56.28207677815755
3,3,781,3597040528384,56.29382838141026
3,0,782,3597443014214,56.30012730077499
3,1,782,3598542322875,56.317331525362455
3,2,782,3599635592041,56.3344412316112
3,3,782,3600388270080,56.34622067307693
3,0,783,3601136129173,56.35792469784468
3,1,783,3601885857020,56.3696579686874
3,2,783,3602633791392,56.38136317157452
3,3,783,3603731975168,56.39854979166667
3,0,784,3604480924802,56.41027088344476
3,1,784,3605230056761,56.42199482861641
3,2,784,3605979902801,56.43372994918432
3,3,784,3607075822592,56.45088113782052
3,0,785,3607825195131,56.4626088480788
3,1,785,3608574912402,56.4743419534067
3,2,785,3609321484013,56.48602582902957
3,3,785,3610073981440,56.49780244391026
3,0,786,3610820803083,56.509490232543946
3,1,786,3612267039769,56.532123894622025
3,2,786,3613016710730,56.54385627519657
3,3,786,3613769789440,56.55564198717949
3,0,787,3614514404951,56.56729524975899
3,1,787,3615612161132,56.58447517797226
3,2,787,3616359762444,56.59617516845703
3,3,787,3617108245504,56.607888958333334
3,0,788,3617509465068,56.61416806058444
3,1,788,3619298089691,56.64216010759403
3,2,788,3620048848702,56.653909516194666
3,3,788,3621489525248,56.67645616185898
3,0,789,3622237131583,56.6881562309539
3,1,789,3622988462951,56.69991459696452
3,2,789,3623738321029,56.71164990592761
3,3,789,3624488527872,56.72339067307693
3,0,790,3625238048471,56.735120700480145
3,1,790,3625987975031,56.746857081189276
3,2,790,3626737804948,56.75859194943159
3,3,790,3627487781376,56.770329110576924
3,0,791,3628232838256,56.78198928059896
3,1,791,3628987246477,56.7937957994823
3,2,791,3629737927364,56.80554398543921
3,3,791,3630486813696,56.817264086538465
3,0,792,3631233990156,56.82895742807242
3,1,792,3631985959839,56.84072578373836
3,2,792,3632732761834,56.85241326488006
3,3,792,3633480432128,56.8641143349359
3,0,793,3634228741038,56.87582539935772
3,1,793,3635671327747,56.898401939149515
3,2,793,3636421192764,56.91013735670823
3,3,793,3637173352960,56.92190869391026
3,0,794,3638264413764,56.93898383920523
3,1,794,3639015404114,56.95073686827048
3,2,794,3639763778000,56.962448949569314
3,3,794,3640515237376,56.974209318910255
3,0,795,3641259395040,56.98585541616587
3,1,795,3642355107973,57.00300336746607
3,2,795,3643449843472,57.020136021885016
3,3,795,3644542928384,57.03724284455129
3,0,796,3645293269634,57.04898571517553
3,1,796,3646046235402,57.06076965961163
3,2,796,3646450031440,57.067089083784055
3,3,796,3647200495616,57.07883387820513
3,0,797,3647949466564,57.09055530354818
3,1,797,3648700168935,57.102303825730544
3,2,797,3650144855177,57.1249132232979
3,3,797,3651240080384,57.14205354166667
3,0,798,3651984286300,57.15370039406801
3,1,798,3652737275308,57.16548470221104
3,2,798,3653486135893,57.177204400368716
3,3,798,3654237468672,57.18896278846154
3,0,799,3655327748178,57.20602570641151
3,1,799,3656774046840,57.22866033841647
3,2,799,3657866001573,57.245749473736105
3,3,799,3658615483392,57.25747889423077
3,0,800,3659019025042,57.26379433722081
3,1,800,3660465132291,57.28642597360464
3,2,800,3661212247111,57.298118350470126
3,3,800,3661962979840,57.30986734775641
3,0,801,3662711777492,57.321586061010116
3,1,801,3663463179530,57.333345533009066
3,2,801,3663871290626,57.33973248801207
3,3,801,3664965853696,57.35686244391026
3,0,802,3665712262786,57.36854377607297
3,1,802,3666808151905,57.38569448469113
3,2,802,3668247012183,57.40821270568848
3,3,802,3669343961088,57.425380000000004
3,0,803,3671120405624,57.45318142816006
3,1,803,3671870681245,57.46492327168783
3,2,803,3672619149766,57.4766368340282
3,3,803,3673371881472,57.488417115384614
3,0,804,3674463368300,57.505498927972255
3,1,804,3675214794992,57.51725878580729
3,2,804,3676312736010,57.534441606727015
3,3,804,3676719171072,57.540802331730774
3,0,805,3677468319742,57.55252653843024
3,1,805,3678218672406,57.564269587684045
3,2,805,3678964836226,57.57594708136143
3,3,805,3679716559360,57.58771157852564
3,0,806,3680806173669,57.604764086115914
3,1,806,3681558479687,57.61653770543808
3,2,806,3682653171935,57.63366968297714
3,3,806,3683750687744,57.65084584935897
3,0,807,3684500352036,57.6625781255634
3,1,807,3685942404179,57.68514629937588
3,2,807,3687036745548,57.70227278564453
3,3,807,3688822381056,57.73021805288462
3,0,808,3689568025052,57.74188741129557
3,1,808,3690320969532,57.75367102257362
3,2,808,3691417390509,57.77083005479079
3,3,808,3692167267840,57.782565665064105
3,0,809,3692912537030,57.794229157746145
3,1,809,3693666249106,57.806024781932344
3,2,809,3694417205704,57.81777728277745
3,3,809,3695166411264,57.82950237980769
3,0,810,3695913622359,57.84119626338079
3,1,810,3696665755552,57.85296717798478
3,2,810,3697411409903,57.864636698451896
3,3,810,3698164129792,57.876416794871794
3,0,811,3699251752797,57.893438138474686
3,1,811,3700005969375,57.9052416581374
3,2,811,3701100109647,57.92236499722994
3,3,811,3701851704320,57.93412748397436
3,0,812,3702939107754,57.9511453912823
3,1,812,3704036859016,57.968325242513025
3,2,812,3704782183058,57.97998959363106
3,3,812,3705530579456,57.99170202724359
3,0,813,3706277242782,58.00338733820989
3,1,813,3707029945987,58.01516717352452
3,2,813,3707437550360,58.02154619829227
3,3,813,3708534653952,58.03871591346154
3,0,814,3709283063596,58.0504285543745
3,1,814,3710034724525,58.06219207802797
3,2,814,3710782925514,58.073901453481824
3,3,814,3711533634560,58.085650080128204
3,0,815,3712277580495,58.097292863816484
3,1,815,3713374227676,58.114455436135316
3,2,815,3715162916154,58.142448482478216
3,3,815,3716259462656,58.15960947916667
3,0,816,3717347436660,58.17663631591797
3,1,816,3718098732547,58.18839412664951
3,2,816,3719191927313,58.20550266853528
3,3,816,3720288087040,58.22265761217949
3,0,817,3721034816188,58.23434395326272
3,1,817,3721783989869,58.24606855138534
3,2,817,3722878548302,58.2631984347143
3,3,817,3723286099456,58.269576626602564
3,0,818,3724374476966,58.28660977823893
3,1,818,3725129082041,58.29841937789526
3,2,818,3725873675121,58.31007228942871
3,3,818,3726623783936,58.3218115224359
3,0,819,3727369465927,58.33348147547013
3,1,819,3727777214071,58.33986275025979
3,2,819,3728868816277,58.356946368517754
3,3,819,3729961911808,58.3740533573718
3,0,820,3730708646450,58.38573978443635
3,1,820,3732151184714,58.40831556606195
3,2,820,3732897345141,58.41999300663875
3,3,820,3733990044672,58.43709379807692
3,0,821,3735421069706,58.45948939719176
3,1,821,3736519235072,58.476675729166665
3,2,821,3737960410078,58.49923017574995
3,3,821,3738708225536,58.51093351762821
3,0,822,3739456779817,58.52264842211601
3,1,822,3739860408387,58.52896522540753
3,2,822,3740605639284,58.54062811880259
3,3,822,3741354861568,58.552353477564104
3,0,823,3742102654834,58.56405647213667
3,1,823,3742854814260,58.57582779728816
3,2,823,3743601632911,58.587515539096934
3,3,823,3744352430592,58.59926555288462
3,0,824,3746128429081,58.62706000039125
3,1,824,3746881879760,58.63885153370393
3,2,824,3747977660151,58.656000540724534
3,3,824,3748725765632,58.66770842147436
3,0,825,3749474021380,58.679418653908755
3,1,825,3750574002528,58.69663340294471
3,2,825,3752013055454,58.71915463889098
3,3,825,3753110451712,58.736328934294875
3,0,826,3753855501554,58.747988994171926
3,1,826,3754260665795,58.75432983077612
3,2,826,3755354563981,58.77144938121307
3,3,826,3756102263808,58.78315091346154
3,0,827,3756851711627,58.79487980185485
3,1,827,3757605600790,58.80667819745969
3,2,827,3758352174013,58.81836209831042
3,3,827,3759104086528,58.830129559294875
3,0,828,3759852687902,58.84184520079002
3,1,828,3760604574763,58.85361226028834
3,2,828,3761698217812,58.87072781782101
3,3,828,3763137598464,58.89325418269231
3,0,829,3764226535192,58.91029608611278
3,1,829,3765323258149,58.92745984432905
3,2,829,3766068006320,58.93911518304287
3,3,829,3767855272960,58.9670859775641
3,0,830,3768600193043,58.97874400670761
3,1,830,3769354594259,58.99055041596242
3,2,830,3770451186200,59.00771212377304
3,3,830,3771203866112,59.01949159455128
3,0,831,3771606494634,59.02579274705153
3,1,831,3772359531514,59.03757780439328
3,2,831,3773108883135,59.049305187284034
3,3,831,3773856936960,59.06101225961539
3,0,832,3774601338685,59.07266217643542
3,1,832,3775353753072,59.08443749173678
3,2,832,3776103634638,59.09617316828801
3,3,832,3776855050240,59.107932852564105
3,0,833,3777606855893,59.119698641153974
3,1,833,3778704962650,59.136884055895685
3,2,833,3779451352734,59.14856509061374
3,3,833,3780894710784,59.17115370192308
3,0,834,3782328198166,59.19358783688276
3,1,834,3783428357488,59.21080537434896
3,2,834,3784175842945,59.222503551698345
3,3,834,3784927804416,59.23427177884616
3,0,835,3785677204480,59.2459999198718
3,1,835,3786427500410,59.25774208123623
3,2,835,3787175462050,59.26944771086864
3,3,835,3788270730752,59.2865887099359
3,0,836,3789016317930,59.29825717914288
3,1,836,3789767605682,59.31001486256135
3,2,836,3790516272724,59.32173153176333
3,3,836,3791267484672,59.333488028846155
3,0,837,3792012088712,59.34514111190405
3,1,837,3792767015365,59.35695574426896
3,2,837,3793168694498,59.363242038793324
3,3,837,3794954483200,59.39118970352564
3,0,838,3796041452582,59.4082008179024
3,1,838,3797138945673,59.42537662874662
3,2,838,3798232090755,59.442484393075794
3,3,838,3798980886528,59.45420307692308
3,0,839,3799727762531,59.465891716292944
3,1,839,3801170573109,59.48847175964356
3,2,839,3801914836918,59.500119518072665
3,3,839,3803007206400,59.51721514423077
3,0,840,3804437992891,59.5396070101381
3,1,840,3805883450406,59.56222847815881
3,2,840,3806627727760,59.57387644856771
3,3,840,3807378101760,59.585619831730774
3,0,841,3808124703745,59.59730418270796
3,1,841,3808877127181,59.60907963962653
3,2,841,3809280759886,59.61539650763096
3,3,841,3810030505472,59.62713005608975
3,0,842,3811120359836,59.64418632055038
3,1,842,3812908579515,59.67217203017015
3,2,842,3813655999620,59.683869184758116
3,3,842,3814407663104,59.695632748397436
3,0,843,3815498138244,59.71269872802735
3,1,843,3816594219802,59.72985244832357
3,2,843,3817343042530,59.74157155401768
3,3,843,3818095103488,59.75334133814103
3,0,844,3818842706036,59.76504134796925
3,1,844,3819940825450,59.78222696079352
3,2,844,3820695936407,59.794044477523414
3,3,844,3821449008128,59.80583008012821
3,0,845,3822197360710,59.817541828018584
3,1,845,3822951518132,59.82934442188752
3,2,845,3823697174966,59.84101398121369
3,3,845,3824446753792,59.852744919871796
3,0,846,3825192204255,59.86441124948355
3,1,846,3825599806830,59.870790246112534
3,2,846,3826693368786,59.88790453453651
3,3,846,3827444391424,59.899658068910256
3,0,847,3828193506140,59.911381744228265
3,1,847,3828946185140,59.923161200733674
3,2,847,3830041292179,59.94029966976851
3,3,847,3830792138240,59.95205044070513
3,0,848,3831538686796,59.963733955516325
3,1,848,3832984355444,59.986358727776945
3,2,848,3833735131858,59.99810840873523
3,3,848,3834831841280,60.015271955128206
3,0,849,3835580766171,60.02699265967736
3,1,849,3836330578616,60.038727254482176
3,2,849,3837425105928,60.05585665076623
3,3,849,3838519690240,60.07298693910256
3,0,850,3839268177935,60.0847008015168
3,1,850,3840022985021,60.09651356265337
3,2,850,3840768327610,60.108178204032704
3,3,850,3841863586304,60.12531904647436
3,0,851,3842269542813,60.131672282104496
3,1,851,3843024220499,60.14348301812588
3,2,851,3843769925062,60.155153324412815
3,3,851,3844867195904,60.17232565705128
3,0,852,3845615050621,60.18402961333446
3,1,852,3846712164284,60.201199486115286
3,2,852,3847458232617,60.21287548541729
3,3,852,3848209686016,60.224635761217954
3,0,853,3849298677696,60.241678524639426
3,1,853,3850397906472,60.25888149902344
3,2,853,3851493003254,60.27601980753581
3,3,853,3852242779648,60.28775383814103
3,0,854,3852987245044,60.29940475141476
3,1,854,3853737049161,60.311139215886044
3,2,854,3854482653185,60.3228079487336
3,3,854,3855579700736,60.339976786858976
3,0,855,3855983037325,60.34628902063614
3,1,855,3856735828042,60.35807022551708
3,2,855,3857484992577,60.369794680504434
3,3,855,3858237506048,60.38157154647436
3,0,856,3858985354515,60.39327540494479
3,1,856,3860774023951,60.42126815327963
3,2,856,3861520806140,60.432955324456636
3,3,856,3862614347776,60.450069294871795
3,0,857,3863703890507,60.4671206822635
3,1,857,3864800744853,60.48428649672288
3,2,857,3865551445452,60.49603499117338
3,3,857,3866991592960,60.5185733573718
3,0,858,3868083895096,60.5356679295623
3,1,858,3868833415735,60.54739795759152
3,2,858,3869928916527,60.56454258887658
3,3,858,3871366987776,60.587048461538465
3,0,859,3872115252677,60.59875883721767
3,1,859,3872867036902,60.610524290458486
3,2,859,3873617318245,60.62226622353578
3,3,859,3875058858496,60.64482638621795
3,0,860,3875804080130,60.656489134646684
3,1,860,3876553734459,60.66822125492976
3,2,860,3877299967670,60.679899834579075
3,3,860,3878049707008,60.691633285256415
3,0,861,3879139181043,60.70868359755296
3,1,861,3880239245733,60.725899654024566
3,2,861,3880988251640,60.73762162647736
3,3,861,3882082556928,60.75474754807693
3,0,862,3883171670660,60.77179222161709
3,1,862,3884617550993,60.794420306756436
3,2,862,3886057377660,60.81695365178035
3,3,862,3887495506944,60.83946043269231
3,0,863,3888586362491,60.85653236570701
3,1,863,3889686702555,60.87375273179274
3,2,863,3890094199370,60.88013007327349
3,3,863,3890844551168,60.89187310897436
3,0,864,3891592633857,60.903580633028476
3,1,864,3892345528774,60.915363468643584
3,2,864,3893090632289,60.927024368505236
3,3,864,3893842596864,60.93879264423077
3,0,865,3894587328414,60.950447722825274
3,1,865,3895339145644,60.962213692595654
3,2,865,3896437093428,60.979396619403545
3,3,865,3897185405952,60.99110774038462
3,0,866,3898274977748,61.00815958264473
3,1,866,3899717638297,61.03073727803548
3,2,866,3901509488538,61.058779806096005
3,3,866,3902260129792,61.070527371794874
3,0,867,3904039083039,61.09836806138259
3,1,867,3904792812034,61.11016395035181
3,2,867,3905887608829,61.12729756405562
3,3,867,3906984982528,61.144471506410255
3,0,868,3907732296788,61.15616700451973
3,1,868,3908483851397,61.167928864260944
3,2,868,3909234830268,61.179681713679386
3,3,868,3909982678528,61.191385568910256
3,0,869,3910728315362,61.20305481523563
3,1,869,3911477316717,61.21477671644944
3,2,869,3912224447967,61.226469350445086
3,3,869,3912974897152,61.23821391025641
3,0,870,3914066839515,61.25530285198505
3,1,870,3915167152354,61.27252279199845
3,2,870,3916956472774,61.30052572825897
3,3,870,3918399156736,61.3231037900641
3,0,871,3919144787809,61.33477294622959
3,1,871,3919896205334,61.346532660600715
3,2,871,3920644135177,61.358237792608804
3,3,871,3921395165696,61.36999145032051
3,0,872,3922141117186,61.381665621024894
3,1,872,3923241194068,61.398881868301785
3,2,872,3923644567355,61.40519467640412
3,3,872,3924737439232,61.422298165064106
3,0,873,3925138780293,61.42857916874812
3,1,873,3925888753158,61.440316274132364
3,2,873,3926639621992,61.452067401467346
3,3,873,3927389522944,61.46380338141026
3,0,874,3929166032681,61.49160582996858
3,1,874,3930612543777,61.51424378657415
3,2,874,3932054271121,61.53680687726926
3,3,874,3933841305088,61.56477403044872
3,0,875,3934931858271,61.5818412314547
3,1,875,3935681509485,61.593573302987906
3,2,875,3936432275148,61.60532281569261
3,3,875,3937181199872,61.617043517628204
3,0,876,3937928928512,61.62874550080129
3,1,876,3938680599664,61.640509184445115
3,2,876,3939768904329,61.65754119605431
3,3,876,3940172486656,61.66385727564103
3,0,877,3940920272539,61.67556015466935
3,1,877,3941674511974,61.687364032045025
3,2,877,3942423880508,61.6990916796249
3,3,877,3943174441984,61.71083799679487
3,0,878,3943578614223,61.71716330852802
3,1,878,3944333152324,61.72897186003856
3,2,878,3945426005329,61.746075053350985
3,3,878,3946520642560,61.76320616987179
3,0,879,3947266568205,61.77487993610089
3,1,879,3949056391003,61.802890734597234
3,2,879,3950837465698,61.83076462493114
3,3,879,3951586481152,61.842486746794876
3,0,880,3952332812200,61.85416685759716
3,1,880,3953082224100,61.86589518385667
3,2,880,3954171167272,61.882937188126
3,3,880,3954922272768,61.894692019230774
3,0,881,3956354238553,61.91710234113644
3,1,881,3957453767340,61.93431001070463
3,2,881,3958199899413,61.94598700754019
3,3,881,3958602753024,61.95229168269231
3,0,882,3959351454192,61.96400888596755
3,1,882,3960446790803,61.981150947813376
3,2,882,3961537102546,61.998214370273686
3,3,882,3962289283584,62.009986033653846
3,0,883,3963033171009,62.02162790165828
3,1,883,3963786096321,62.03341121295636
3,2,883,3964874214021,62.05044029855581
3,3,883,3965625613312,62.062199727564106
3,0,884,3967058563802,62.08462546014248
3,1,884,3967811554114,62.09640978869316
3,2,884,3968558424520,62.10809834046975
3,3,884,3969306483200,62.119805488782056
3,0,885,3970054494331,62.1315118929506
3,1,885,3970804379437,62.14324762490297
3,2,885,3971553943559,62.154978333442884
3,3,885,3972301745152,62.166681458333336
3,0,886,3973050037265,62.178392259881434
3,1,886,3973803234606,62.190179828444265
3,2,886,3974549485095,62.20185867849497
3,3,886,3975297287168,62.21356181089744
3,0,887,3976388969989,62.23064669078338
3,1,887,3977142608736,62.242441167367794
3,2,887,3978585102106,62.26501624640049
3,3,887,3979334852608,62.27674987179488
3,0,888,3980082096197,62.28844426390037
3,1,888,3980832569808,62.30018920597957
3,2,888,3982274021976,62.32274799015926
3,3,888,3983022213120,62.334457211538464
3,0,889,3983770758798,62.34617198138898
3,1,889,3984523435095,62.35795139559232
3,2,889,3985621421571,62.37513492793157
3,3,889,3986718754816,62.39230823717949
3,0,890,3988152244100,62.41474240190555
3,1,890,3988556050168,62.42106198304788
3,2,890,3989657517310,62.43829998794947
3,3,890,3990060844032,62.444612067307695
3,0,891,3991148431119,62.46163284879245
3,1,891,3992593152948,62.484242803297775
3,2,891,3994037262668,62.50684317827274
3,3,891,3995131128320,62.52396221955129
3,0,892,3995876527184,62.53562774163662
3,1,892,3996630312562,62.547424513002056
3,2,892,3997379764492,62.55915346573268
3,3,892,3998131877888,62.570924070512824
3,0,893,3998878517219,62.58260900595641
3,1,893,3999629408382,62.59436048274114
3,2,893,4000379952976,62.606106535707134
3,3,893,4001127965696,62.61781296474359
3,0,894,4001874119042,62.62949029450245
3,1,894,4002969215665,62.64662860052647
3,2,894,4003716773620,62.65832791247246
3,3,894,4004464097280,62.67002355769231
3,0,895,4005212844409,62.68174148025904
3,1,895,4005617025119,62.68806692456368
3,2,895,4006709907787,62.70517058210324
3,3,895,4008495674368,62.73311790064103
3,0,896,4009243670564,62.74482407107622
3,1,896,4011033587695,62.7728363458878
3,2,896,4011780820153,62.78453056379269
3,3,896,4012877521920,62.80169399038462
3,0,897,4013968230752,62.81876362730369
3,1,897,4015756564229,62.84675111786672
3,2,897,4016504281804,62.8584529278721
3,3,897,4017255729152,62.87021310897436
3,0,898,4018347652177,62.88730174806253
3,1,898,4019101607236,62.89910117494241
3,2,898,4019851312771,62.91083409660144
3,3,898,4020603121152,62.92259992788462
3,0,899,4021695635011,62.939697813548555
3,1,899,4022446960530,62.951456088022084
3,2,899,4023192720981,62.96312726895846
3,3,899,4024290733056,62.98031120192308
3,0,900,4026069204787,63.008144355766106
3,1,900,4026819612243,63.0198882625169
3,2,900,4028262498771,63.04246949448806
3,3,900,4029010126336,63.05416989583333
3,0,901,4030784605827,63.08194057096041
3,1,901,4031536797000,63.09371239295373
3,2,901,4032282956475,63.105389818631686
3,3,901,4033723280384,63.12793094551282
3,0,902,4034128402553,63.13427112368853
3,1,902,4034882327948,63.14607008632562
3,2,902,4035628512371,63.15774790244078
3,3,902,4036381127168,63.16952635416667
3,0,903,4037128848387,63.1812282212008
3,1,903,4038227522002,63.19842250729292
3,2,903,4038628389547,63.20469610043257
3,3,903,4039378262016,63.21643163461539
3,0,904,4041839141210,63.254944492594404
3,1,904,4042939916466,63.272171669452376
3,2,904,4045053732976,63.305252982522035
3,3,904,4045805958144,63.317025336538464
3,0,905,4046549794995,63.32866641305777
3,1,905,4047301534020,63.34043115891677
3,2,905,4048395853388,63.35755730086889
3,3,905,4049489601536,63.37467450320513
3,0,906,4050235764980,63.3863519909981
3,1,906,4050985770928,63.398089614132616
3,2,906,4051732203553,63.409771314619015
3,3,906,4052827812352,63.42691763621795
3,0,907,4053230167692,63.433214513408956
3,1,907,4053983965608,63.445011480994594
3,2,907,4054732915777,63.45673258114546
3,3,907,4055481361920,63.46844579326923
3,0,908,4056236086813,63.480257268082056
3,1,908,4056987763129,63.492021032542695
3,2,908,4058080441886,63.50912149886694
3,3,908,4059176344064,63.526272411858976
3,0,909,4060951155579,63.55404828317496
3,1,909,4061704465589,63.56583761501215
3,2,909,4063141578115,63.58832848362067
3,3,909,4064233920000,63.605423677884616
3,0,910,4064980928003,63.61711438305977
3,1,910,4065384894731,63.623436478537535
3,2,910,4066474105159,63.64048266537397
3,3,910,4067225176576,63.65223696314103
3,0,911,4067970470840,63.663900848232174
3,1,911,4068725067055,63.675710309229146
3,2,911,4069472367980,63.687405598645334
3,3,911,4069876320768,63.69372747596154
3,0,912,4070965639492,63.710775357634716
3,1,912,4071718400291,63.72255609429775
3,2,912,4072463702946,63.734220110708385
3,3,912,4073558397440,63.75135212339744
3,0,913,4073961921741,63.75766729487493
3,1,913,4075748978617,63.78563480658116
3,2,913,4076842988552,63.80275610589443
3,3,913,4077937232384,63.81988106570513
3,0,914,4079027918984,63.83695035469251
3,1,914,4079434661915,63.84331589785845
3,2,914,4080528910693,63.860440935074244
3,3,914,4081279500288,63.8721876923077
3,0,915,4082025051660,63.88385560114934
3,1,915,4082779428956,63.89566163605519
3,2,915,4083528950676,63.9073916810021
3,3,915,4084276742656,63.91909465544872
3,0,916,4085020859840,63.93074011919071
3,1,916,4085773715525,63.942522340823444
3,2,916,4086523908575,63.95426289211176
3,3,916,4087274357248,63.96600744391026
3,0,917,4088021274432,63.977696727764425
3,1,917,4088773145157,63.9894635347337
3,2,917,4089519493619,64.00114391806578
3,3,917,4090961578496,64.02371260416668
3,0,918,4092395812398,64.04615842219427
3,1,918,4093495537498,64.06336916406876
3,2,918,4094588190592,64.08046922876603
3,3,918,4095339111424,64.09222116987179
3,0,919,4096426734297,64.10924251140888
3,1,919,4097522401753,64.12638975099222
3,2,919,4098273287383,64.13814114118527
3,3,919,4099021250048,64.14984678685897
3,0,920,4099770940093,64.16157946609889
3,1,920,4100522647526,64.17334371754181
3,2,920,4101268404959,64.18501485124636
3,3,920,4102018324480,64.19675112179488
3,0,921,4102767008838,64.20846806199295
3,1,921,4103517362133,64.22021112112192
3,2,921,4104263593236,64.23188966778095
3,3,921,4105015456256,64.24365635416667
3,0,922,4105761447910,64.25533115343926
3,1,922,4106166525306,64.26167063091572
3,2,922,4107259399512,64.27877415602464
3,3,922,4108352455168,64.29588052083334
3,0,923,4109442797608,64.31294442370293
3,1,923,4110539337794,64.33010532154573
3,2,923,4111286463513,64.34179786898099
3,3,923,4112380320768,64.35891677884615
3,0,924,4113467963099,64.37593842490172
3,1,924,4114566257851,64.39312678177271
3,2,924,4115661862036,64.41027303116236
3,3,924,4116414347264,64.4220494551282
3,0,925,4117160958731,64.43373395449908
3,1,925,4117910935806,64.44547112576998
3,2,925,4118658703042,64.45717371297201
3,3,925,4119407386112,64.46889063301282
3,0,926,4120842664782,64.49135280170148
3,1,926,4121250272538,64.49773187941331
3,2,926,4121996655749,64.50941280656863
3,3,926,4122744770048,64.52112082532051
3,0,927,4123489653907,64.53277828755697
3,1,927,4124936474490,64.55542108764648
3,2,927,4125681331646,64.56707813197993
3,3,927,4127123059712,64.58964123397436
3,0,928,4128554718271,64.61204674778082
3,1,928,4129996744864,64.63461452173478
3,2,928,4130746603853,64.64634984495505
3,3,928,4132187182592,64.6688949599359
3,0,929,4133619320277,64.69130797208346
3,1,929,4135060842940,64.71386785951272
3,2,929,4135807667915,64.72555570029235
3,3,929,4136905261056,64.74273307692307
3,0,930,4137306763799,64.74901661093688
3,1,930,4138406116342,64.7662215222794
3,2,930,4139154162846,64.7779284800368
3,3,930,4140247912448,64.7950457051282
3,0,931,4140993889376,64.8067202739383
3,1,931,4141399038942,64.81306088087815
3,2,931,4142145233597,64.82473885712453
3,3,931,4143585300992,64.84727596955129
3,0,932,4145362497371,64.87508916408441
3,1,932,4146462442757,64.89230335344364
3,2,932,4147556878294,64.90943131344527
3,3,932,4149345630208,64.9374253525641
3,0,933,4150091499157,64.94909823149852
3,1,933,4150845375971,64.96089643384103
3,2,933,4151934216769,64.97793683595316
3,3,933,4153372687872,65.00044896634616
3,0,934,4154460950916,65.01748032658504
3,1,934,4155210287742,65.02920747793344
3,2,934,4155960563994,65.04094933133639
3,3,934,4156710090240,65.05267944711538
3,0,935,4157457151257,65.06437098196177
3,1,935,4158208257654,65.07612582716722
3,2,935,4158954765144,65.08780869929387
3,3,935,4160053005312,65.10499620192307
3,0,936,4160802542858,65.11672649454752
3,1,936,4161898815205,65.13388320069924
3,2,936,4162995405345,65.15104488032415
3,3,936,4164782742016,65.17901677083333
3,0,937,4166217313515,65.2014678722675
3,1,937,4166968409638,65.21322255668444
3,2,937,4167714944005,65.22490584943722
3,3,937,4169499428864,65.25283310897436
3,0,938,4170243500941,65.26447786678999
3,1,938,4171339420877,65.28162905769544
3,2,938,4172086491772,65.29332074713291
3,3,938,4172837231104,65.30506984775641
3,0,939,4174270233124,65.32749638678135
3,1,939,4175023930134,65.33929177518405
3,2,939,4175769251794,65.35095608902368
3,3,939,4176521041920,65.36272163461538
3,0,940,4177267185075,65.37439880488469
3,1,940,4178016882930,65.38613160635141
3,2,940,4179110518654,65.40324704924755
3,3,940,4180550087680,65.42577636217949
3,0,941,4181642292377,65.44286940944573
3,1,941,4182393994158,65.45463357243464
3,2,941,4183140970572,65.46632378324068
3,3,941,4183892861952,65.47809091346154
3,0,942,4184981361798,65.49512597966121
3,1,942,4186079281149,65.51230846149151
3,2,942,4186829722003,65.52405289092235
3,3,942,4188270801920,65.54660584935898
3,0,943,4189017704210,65.55829490012145
3,1,943,4190115776166,65.57547977022611
3,2,943,4190518884554,65.5817884326485
3,3,943,4191269427712,65.59353446314103
3,0,944,4192019270301,65.60526952970065
3,1,944,4192772580974,65.61705887191381
3,2,944,4193519308013,65.62874517999111
3,3,944,4194268863488,65.64047575320512
3,0,945,4195703307982,65.66292486700596
3,1,945,4196802366710,65.68012518013197
3,2,945,4197896141147,65.6972427938921
3,3,945,4198648038400,65.70901001602564
3,0,946,4199393398533,65.72067493196928
3,1,946,4200147295000,65.73247344188201
3,2,946,4200897176959,65.7442091245837
3,3,946,4201990732288,65.76132330929488
3,0,947,4202737696476,65.77301332876353
3,1,947,4203838024573,65.79023350756523
3,2,947,4204582700725,65.80188771917881
3,3,947,4205334453760,65.81365268429488
3,0,948,4206426252561,65.83073937927246
3,1,948,4207175295883,65.84246193727151
3,2,948,4207924384901,65.85418521041478
3,3,948,4208672589312,65.86589463942308
3,0,949,4209417212596,65.87754802365035
3,1,949,4210168207193,65.88930111918131
3,2,949,4210917742738,65.90103138049004
3,3,949,4212010761728,65.91813717147436
3,0,950,4213100453094,65.93519088500977
3,1,950,4213851875746,65.94695067961864
3,2,950,4214599923136,65.95865765124199
3,3,950,4215348481536,65.97037262019231
3,0,951,4216438902479,65.98743775163699
3,1,951,4217189708711,65.99918789924817
3,2,951,4218286417174,66.01635143063277
3,3,951,4219381467648,66.03348901442308
3,0,952,4220126597371,66.04515032444098
3,1,952,4220878740987,66.05692140216534
3,2,952,4221972650579,66.07404113110665
3,3,952,4222724649984,66.08580995192308
3,0,953,4223472559322,66.09751476302709
3,1,953,4224569323614,66.11467916813777
3,2,953,4225315843067,66.12636222748586
3,3,953,4226066882560,66.13811602564103
3,0,954,4226812052675,66.14977796779534
3,1,954,4227562619448,66.16152436786358
3,2,954,4229351672535,66.18952312035194
3,3,954,4230104001536,66.20129709935898
3,0,955,4230848822083,66.21295357076009
3,1,955,4231946596110,66.23013377826398
3,2,955,4232693606533,66.24182452131222
3,3,955,4233445134336,66.25358596153846
3,0,956,4234536092541,66.27065950115498
3,1,956,4234940392166,66.27698680648413
3,2,956,4236033506875,66.29409409547463
3,3,956,4236781631488,66.30580227564103
3,0,957,4237527121162,66.3174692189065
3,1,957,4237934057157,66.32383778353177
3,2,957,4239374114794,66.34637474324545
3,3,957,4240123911680,66.35810909455128
3,0,958,4240872580314,66.36982578866812
3,1,958,4241624213278,66.38158887466822
3,2,958,4242372781587,66.39330399869479
3,3,958,4243121342464,66.40501900641026
3,0,959,4244212783301,66.4221000992369
3,1,959,4244963202342,66.43384418729342
3,2,959,4246405293761,66.45641297577687
3,3,959,4247154784256,66.46814253205129
3,0,960,4247901818110,66.47983364179562
3,1,960,4248653222784,66.49159315504808
3,2,960,4250094259216,66.51414543294271
3,3,960,4250846973440,66.52592544070512
3,0,961,4251595565850,66.53764094191331
3,1,961,4252349633020,66.54944212333484
3,2,961,4253446688739,66.56661108928974
3,3,961,4254199172608,66.57838749198719
3,0,962,4254945282303,66.59006413860615
3,1,962,4256040714336,66.6072076938101
3,2,962,4256788484977,66.61891033430051
3,3,962,4257540549632,66.63068017628206
3,0,963,4258285584100,66.64233999555539
3,1,963,4259034820660,66.65406557773689
3,2,963,4260130021133,66.67120550901755
3,3,963,4262604320256,66.70992838942308
3,0,964,4263692231869,66.72695424975274
3,1,964,4264792124858,66.74416761909681
3,2,964,4265888172961,66.76132081582094
3,3,964,4267673490432,66.78926110576923
3,0,965,4268422717418,66.80098653811724
3,1,965,4269176666749,66.8127858753537
3,2,965,4269924233848,66.82448533040365
3,3,965,4271021287424,66.84165426282051
3,0,966,4271769985472,66.85337141726762
3,1,966,4273214489373,66.87597796119103
3,2,966,4274307776715,66.89308795189491
3,3,966,4275059027456,66.90484505608974
3,0,967,4275803837508,66.9165013632437
3,1,967,4276209045749,66.92284288844965
3,2,967,4277303457498,66.93997047616813
3,3,967,4278399713280,66.95712692307693
3,0,968,4279144095270,66.96877653104342
3,1,968,4279895227701,66.98053178368203
3,2,968,4280987655707,66.99762832574307
3,3,968,4282770923520,67.02553653846154
3,0,969,4284549527060,67.0533717551207
3,1,969,4285644844184,67.07051351199419
3,2,969,4286741207194,67.0876716370255
3,3,969,4287492685312,67.09943229967949
3,0,970,4288582034576,67.11648065930488
3,1,970,4289681388330,67.13368558959961
3,2,970,4290429996514,67.14540133767153
3,3,970,4291179911680,67.1571375400641
3,0,971,4291927895146,67.16884351127429
3,1,971,4292680279829,67.18061836170686
3,2,971,4293772616067,67.19771346759502
3,3,971,4294523235328,67.20946068910257
3,0,972,4295273015375,67.22119477687738
3,1,972,4296024816935,67.23296050141164
3,2,972,4296775285134,67.24470535879281
3,3,972,4299597602304,67.28887473557693
3,0,973,4300689846816,67.30596840594953
3,1,973,4301443971226,67.31777048317934
3,2,973,4302535450140,67.33485217191256
3,3,973,4303630160896,67.35198443910257
3,0,974,4304721618605,67.3690657959767
3,1,974,4306166922616,67.39168486165364
3,2,974,4306917115007,67.40342540262859
3,3,974,4308013470720,67.42058341346154
3,0,975,4308759419695,67.43225754480606
3,1,975,4309512050589,67.44403624845064
3,2,975,4310605297606,67.46114560806666
3,3,975,4311357244928,67.47291361378205
3,0,976,4312105179926,67.4846188264661
3,1,976,4312856950718,67.49638406947992
3,2,976,4313605245387,67.50809491102953
3,3,976,4314353219584,67.5198007371795
3,0,977,4316476478440,67.55302982334236
3,1,977,4317575832205,67.57023475380922
3,2,977,4318324898241,67.58195766728328
3,3,977,4319075314688,67.59370171474359
3,0,978,4320508787844,67.6161356270658
3,1,978,4321608514304,67.63334639022436
3,2,978,4322354829940,67.64502625982823
3,3,978,4323448428544,67.66214112179487
3,0,979,4324885022028,67.68462386737531
3,1,979,4325636007782,67.69637682451297
3,2,979,4326731678933,67.7135241219232
3,3,979,4327479536640,67.725228125
3,0,980,4328225786159,67.73690695987017
3,1,980,4328976533358,67.74865618361254
3,2,980,4329723605766,67.76034789672852
3,3,980,4330476071424,67.77212401442308
3,0,981,4331222563515,67.78380664555476
3,1,981,4332667178426,67.80641492678912
3,2,981,4334107572547,67.82895715249086
3,3,981,4334859078656,67.84071825320513
3,0,982,4336294771249,67.86318689980531
3,1,982,4337391179945,67.88034573982435
3,2,982,4338139929084,67.89206369384766
3,3,982,4338890618880,67.90381201923077
3,0,983,4339292432310,67.91010041550857
3,1,983,4340736474309,67.93269973064716
3,2,983,4341483635114,67.94439282717974
3,3,983,4342233633280,67.95613032852565
3,0,984,4342982068204,67.96784336507162
3,1,984,4343736379565,67.97964836809207
3,2,984,4344832946514,67.99680968477689
3,3,984,4345581401088,68.00852302884616
3,0,985,4345984075112,68.01482489345453
3,1,985,4347081767106,68.03200381713867
3,2,985,4348524872851,68.05458847986466
3,3,985,4349274203648,68.06631553685898
3,0,986,4350365267003,68.0833907220772
3,1,986,4351118850895,68.09518434017866
3,2,986,4351868091435,68.10690998464732
3,3,986,4352617244160,68.11863425480769
3,0,987,4354048611957,68.14103521817721
3,1,987,4355146495921,68.15821714619955
3,2,987,4355894955249,68.1699305646691
3,3,987,4356989006848,68.18705251602564
3,0,988,4357737886873,68.1987725184201
3,1,988,4358487778728,68.21050835599459
3,2,988,4359579661341,68.22759636263334
3,3,988,4360677496832,68.24477753205129
3,0,989,4361426495172,68.25649938608024
3,1,989,4362180291589,68.26829633020645
3,2,989,4362928974291,68.28001324448806
3,3,989,4363680325120,68.2917719150641
3,0,990,4364771145377,68.30884329578889
3,1,990,4366217962633,68.33148604381073
3,2,990,4366965810824,68.34318989796174
3,3,990,4367717551104,68.35495466346154
3,0,991,4368807721251,68.37201586993878
3,1,991,4369903414971,68.38916352055476
3,2,991,4370995054918,68.40624772946089
3,3,991,4372089622528,68.42337775641026
3,0,992,4372834181025,68.43503012671837
3,1,992,4373237598372,68.44134362436148
3,2,992,4374679601278,68.46391102761294
3,3,992,4375431090176,68.47567185897437
3,0,993,4376523179983,68.49276310820751
3,1,993,4377274820899,68.50452631865673
3,2,993,4378023051289,68.5162361542374
3,3,993,4378427705856,68.52256901442308
3,0,994,4379175403766,68.53427051667042
3,1,994,4380273150211,68.5514502925149
3,2,994,4381366330316,68.56855860495543
3,3,994,4382459913216,68.58567322115385
3,0,995,4383893250083,68.60810500054775
3,1,995,4384990834099,68.62528223437187
3,2,995,4385738475014,68.63698284464519
3,3,995,4386487269888,68.64870151442308
3,0,996,4387918871725,68.67110614052797
3,1,996,4388670079433,68.68286257125463
3,2,996,4389764353729,68.69998800782815
3,3,996,4390514059776,68.7117209375
3,0,997,4391601867495,68.7287451718844
3,1,997,4392355586034,68.7405408972168
3,2,997,4393106658398,68.75229520980444
3,3,997,4393856433152,68.76402921474359
3,0,998,4394604002394,68.77572870333158
3,1,998,4395355132356,68.78748391733023
3,2,998,4396449297929,68.80460765238445
3,3,998,4398234034688,68.83253885416667
3,0,999,4399667197914,68.85496791607197
3,1,999,4400419169972,68.86673630890675
3,2,999,4401515187531,68.88388902761606
3,3,999,4402266688512,68.89565004807693
3,0,1000,4403354801154,68.91267905451848
3,1,1000,4405143265147,68.94066858766213
3,2,1000,4406917958225,68.96844260543432
3,3,1000,4407667971072,68.98018033653847
3,0,1001,4408414665607,68.99186613592686
3,1,1001,4409510659036,69.00901847700071
3,2,1001,4410602322807,69.02610305875338
3,3,1001,4411354243072,69.03787064102565
3,0,1002,4412446631415,69.05496656235916
3,1,1002,4412850025941,69.06127970285269
3,2,1002,4413596701073,69.07296519858336
3,3,1002,4414345525248,69.08468432692308
3,0,1003,4415094470431,69.09640534904284
3,1,1003,4415848931752,69.1082126989433
3,2,1003,4417638774839,69.13622381496332
3,3,1003,4418388581888,69.14795832532052
3,0,1004,4419481024473,69.1650550955435
3,1,1004,4420233168470,69.17682617923052
3,2,1004,4421674314981,69.19938017986591
3,3,1004,4422770944512,69.21654247596155
3,0,1005,4423518511180,69.22824192426633
3,1,1005,4424271376075,69.24002429003593
3,2,1005,4425368452617,69.25719358187162
3,3,1005,4426463788544,69.27433563301283
3,0,1006,4426868075023,69.28066273260654
3,1,1006,4427622042873,69.29246235966609
3,2,1006,4428370879497,69.30418168283316
3,3,1006,4429121814016,69.31593383814102
3,0,1007,4429869541253,69.3276357993571
3,1,1007,4430621685444,69.33940688608023
3,2,1007,4431369729574,69.35111380668445
3,3,1007,4432119253504,69.36284388621795
3,0,1008,4432865682176,69.37452552483974
3,1,1008,4433962069166,69.39168402515901
3,2,1008,4435059036495,69.40885160780687
3,3,1008,4435807808512,69.4205699198718
3,0,1009,4436554295065,69.43225246433356
3,1,1009,4437308707507,69.44405904927572
3,2,1009,4438406018769,69.46123201448881
3,3,1009,4439155516416,69.47296168269231
3,0,1010,4440247975728,69.49005871469352
3,1,1010,4441000097003,69.50182944278032
3,2,1010,4441747599493,69.51352788669683
3,3,1010,4442498048000,69.52527243589743
3,0,1011,4443244458665,69.53695379270896
3,1,1011,4444340414179,69.55410554041154
3,2,1011,4445435571090,69.57124478994517
3,3,1011,4446186172416,69.58299173076924
3,0,1012,4446933211842,69.5946829277156
3,1,1012,4447339113642,69.60103530714768
3,2,1012,4448782858032,69.6236299646935
3,3,1012,4449880028672,69.64080072916667
3,0,1013,4450627354324,69.6524964055614
3,1,1013,4451380769066,69.66428737645859
3,2,1013,4452126384311,69.67595628491524
3,3,1013,4453221841408,69.69310023237179
3,0,1014,4453966761123,69.70475825575609
3,1,1014,4455066476359,69.7219688432586
3,2,1014,4455815196105,69.73368633728028
3,3,1014,4456563654144,69.74539973557692
3,0,1015,4457312222322,69.75711485755333
3,1,1015,4458065365781,69.7689015828607
3,2,1015,4459502509333,69.79139293702737
3,3,1015,4460250011648,69.80309137820512
3,0,1016,4461338879716,69.82013220709385
3,1,1016,4462091931454,69.8319174969639
3,2,1016,4462837979269,69.84359317515838
3,3,1016,4463241713664,69.84991163461538
3,0,1017,4463986220556,69.86156319730318
3,1,1017,4466468981191,69.90041850071051
3,2,1017,4467215250635,69.91209764740773
3,3,1017,4468310012416,69.92923071314102
3,0,1018,4469055754093,69.94090160026354
3,1,1018,4470154644456,69.95809927847056
3,2,1018,4470903955920,69.96982603290265
3,3,1018,4471996453888,69.9869236698718
3,0,1019,4472745574279,69.99864743400379
3,1,1019,4473499487715,70.01044620948205
3,2,1019,4474937789056,70.03295568309295
3,3,1019,4476032909824,70.05009436698718
3,0,1020,4477120088644,70.06710875907703
3,1,1020,4477871429699,70.07886727668958
3,2,1020,4478968218427,70.09603206422463
3,3,1020,4479372295168,70.10235588141026
3,0,1021,4480120671656,70.11406800343049
3,1,1021,4480870301201,70.12579973584297
3,2,1021,4482657289294,70.1537661710925
3,3,1021,4483408147968,70.16551713942307
3,0,1022,4484152297486,70.17716310919346
3,1,1022,4485247690881,70.19430605971117
3,2,1022,4485997780938,70.2060449991549
3,3,1022,4487782771200,70.23398016826923
3,0,1023,4489214833549,70.25639200140537
3,1,1023,4489965745442,70.26814380261544
3,2,1023,4490711789457,70.27981942133977
3,3,1023,4491806568960,70.29695276442308
3,0,1024,4492210812151,70.30327918655787
3,1,1024,4492964490994,70.31507429064628
3,2,1024,4493712284559,70.32677728989822
3,3,1024,4494461881856,70.33850851762821
3,0,1025,4495551427774,70.35555995489659
3,1,1025,4496304906454,70.36735192642604
3,2,1025,4497054808903,70.37908792979705
3,3,1025,4497802722304,70.39079280448718
3,0,1026,4499921047426,70.42394467751528
3,1,1026,4500671450405,70.43568851420085
3,2,1026,4501767968503,70.45284906636556
3,3,1026,4502863891968,70.4700003125
3,0,1027,4503610220445,70.48168038306603
3,1,1027,4504361708360,70.49344119904347
3,2,1027,4505455474192,70.51055867813501
3,3,1027,4506204756992,70.52228498397436
3,0,1028,4506950204252,70.53395126345903
3,1,1028,4507699958065,70.5456849406707
3,2,1028,4508796486563,70.56284565559584
3,3,1028,4509546604032,70.57458502403847
3,0,1029,4510639335276,70.59168631178636
3,1,1029,4511390076760,70.60343544608874
3,2,1029,4512485040847,70.62057167791905
3,3,1029,4513232895488,70.63227563301282
3,0,1030,4513979187012,70.64395512526292
3,1,1030,4514382462217,70.65026639837804
