node_id,message_transmitter_id,message_id,timestamp_bit,timestamp_seconds,clock_offset(not_used)
1,1,0,195326309888,3.056864575320513,0.0
1,1,1,196716645376,3.0786233814102566,0.0
1,1,2,199452428800,3.1214385016025643,0.0
1,1,3,200843130880,3.143203044871795,0.0
1,3,3,201544121758,3.154173580197065,nan
1,1,4,202276272640,3.1656317708333335,0.0
1,3,4,203681243128,3.187619615259415,nan
1,1,5,204414776832,3.1990994471153846,0.0
1,3,5,205146663613,3.210553504560422,nan
1,1,6,205880538624,3.2220386778846155,0.0
1,3,6,207288656127,3.2440757732215295,nan
1,1,7,208018863104,3.2555035416666667,0.0
1,3,7,208748278237,3.2669189177214792,nan
1,1,8,209479284736,3.278359198717949,0.0
1,3,8,210207642296,3.289758023712941,nan
1,1,9,210939938816,3.3012184935897437,0.0
1,3,9,212348896007,3.323268730077499,nan
1,1,10,213078747648,3.3346909375,0.0
1,3,10,213808092646,3.346105215939253,nan
1,1,11,214539308032,3.357548766025641,0.0
1,3,11,215272863914,3.3690289449681994,nan
1,1,12,216005663232,3.3804972836538463,0.0
1,3,12,216737951615,3.391957626186273,nan
1,1,13,218144422912,3.4139689583333332,0.0
1,3,13,218874544082,3.425395383895483,nan
1,1,14,219604800512,3.4368239262820515,0.0
1,3,14,220333716659,3.4482314931859728,nan
1,1,15,221065457664,3.4596832692307693,0.0
1,3,15,222475629820,3.4817525199694512,nan
1,1,16,223204472320,3.493158934294872,0.0
1,3,16,223935026662,3.504592139016176,nan
1,1,17,224664880640,3.5160143830128208,0.0
1,3,17,225394499268,3.5274329437725362,nan
1,1,18,226125161472,3.538867836538462,0.0
1,3,18,226854170023,3.550276849568685,nan
1,1,19,227586099712,3.561731578525641,0.0
1,3,19,228319344759,3.573206892887996,nan
1,1,20,229052212224,3.584676298076923,0.0
1,3,20,230456176342,3.6066483927721857,nan
1,1,21,231184978432,3.618054174679487,0.0
1,3,21,231914825167,3.629476305322892,nan
1,1,22,232645133824,3.6409056650641025,0.0
1,3,22,234050688057,3.6629026451228217,nan
1,1,23,234783033856,3.674363886217949,0.0
1,3,23,235515746554,3.6858308692971256,nan
1,1,24,236248606208,3.69730015224359,0.0
1,3,24,236980636121,3.7087564497101613,nan
1,1,25,237714172416,3.720236322115385,0.0
1,3,25,238445257904,3.731677839292869,nan
1,1,26,239174654976,3.7430929326923077,0.0
1,3,26,239904376218,3.7545130993652345,nan
1,1,27,241307205632,3.776467435897436,0.0
1,3,27,242040352253,3.7879412098889476,nan
1,1,28,242773437952,3.799414030448718,0.0
1,3,28,243505567952,3.8108718942808495,nan
1,1,29,244239595008,3.822359447115385,0.0
1,3,29,244970501552,3.8337981638120993,nan
1,1,30,245700291072,3.8452193990384615,0.0
1,3,30,246429255841,3.856627726878631,nan
1,1,31,247160859136,3.8680773477564103,0.0
1,3,31,247893477763,3.879542858620668,nan
1,1,32,249299578368,3.901548389423077,0.0
1,1,33,250690212864,3.923311875,0.0
1,3,32,251420086810,3.934734431496645,nan
1,1,34,252150458368,3.9461647756410256,0.0
1,3,33,252879001861,3.957566510494917,nan
1,1,35,254283335680,3.979544391025641,0.0
1,3,34,255015273842,3.990999252585387,nan
1,1,36,255749763584,4.002494046474359,0.0
1,3,35,256479633996,4.013916547663762,nan
1,1,37,257210311168,4.025351674679487,0.0
1,3,36,257938600264,4.036749428210136,nan
1,1,38,258671396352,4.048217716346154,0.0
1,3,37,259403327516,4.059672468386919,nan
1,1,39,260132592128,4.071085488782051,0.0
1,3,38,260863172362,4.082519098714193,nan
1,1,40,262265990656,4.104473261217949,0.0
1,3,39,262994767756,4.115878652030749,nan
1,1,41,264399563776,4.137863766025641,0.0
1,3,40,265131954170,4.149325705034305,nan
1,1,42,265865862144,4.16081139423077,0.0
1,3,41,266597233360,4.172257383062901,nan
1,1,43,267326791168,4.183674991987179,0.0
1,3,42,268056856516,4.195100543932792,nan
1,1,44,268787409920,4.206533733974359,0.0
1,3,43,269516401342,4.217942478935046,nan
1,1,45,270920558592,4.2399175961538464,0.0
1,3,44,271653744410,4.251391983579978,nan
1,1,46,272387444736,4.262874423076923,0.0
1,3,45,273791303053,4.284844861982297,nan
1,1,47,274521359872,4.296270280448718,0.0
1,3,46,275251146863,4.307691476096129,nan
1,1,48,275982485504,4.319136955128205,0.0
1,3,47,276711111025,4.330539973723583,nan
1,1,49,277444015616,4.342009959935898,0.0
1,3,48,278848632802,4.363992275171524,nan
1,1,50,279578023424,4.375407267628205,0.0
1,3,49,280308606664,4.386840924604367,nan
1,1,51,281039281152,4.398276009615385,0.0
1,3,50,282440584525,4.420206463544797,nan
1,1,52,283173310464,4.431673653846154,0.0
1,3,51,283905963065,4.443139696404873,nan
1,1,53,284639844864,4.454624975961538,0.0
1,3,52,286043279005,4.476588776495518,nan
1,1,54,286773085696,4.488010280448718,0.0
1,3,53,287503374745,4.499439333323943,nan
1,1,55,288234742272,4.510885264423077,0.0
1,3,54,288963266194,4.5222866929900345,nan
1,1,56,289696526336,4.533762243589743,0.0
1,3,55,290428546411,4.5452183870912215,nan
1,1,57,291830655488,4.567161450320513,0.0
1,3,56,293232217987,4.589095959582207,nan
1,1,58,293964490240,4.600556049679487,0.0
1,3,57,294697302131,4.612024585133088,nan
1,1,59,295431041536,4.623507636217949,0.0
1,3,58,296162231625,4.634950790405274,nan
1,1,60,296892256256,4.6463757051282055,0.0
1,3,59,297621718084,4.657791811961639,nan
1,1,61,299026132992,4.679770961538462,0.0
1,3,60,299757845184,4.691222286658654,nan
1,1,62,300487011840,4.702633774038461,0.0
1,3,61,301216576460,4.714051489570814,nan
1,1,63,301948130816,4.725500344551282,0.0
1,3,62,302680777379,4.736966292615059,nan
1,1,64,304087877120,4.758987459935898,0.0
1,3,63,304816655143,4.770392865193685,nan
1,1,65,305549398528,4.781860328525641,0.0
1,3,64,306281319941,4.793314927962865,nan
1,1,66,307010967552,4.804733942307692,0.0
1,3,65,307740413705,4.816149803826748,nan
1,1,67,308472463360,4.8276064102564105,0.0
1,3,66,309205353448,4.839076169496194,nan
1,1,68,309939278336,4.850562123397436,0.0
1,3,67,310669923030,4.86199674213116,nan
1,1,69,312072890368,4.883953237179488,0.0
1,3,68,312801455468,4.8953553101837946,nan
1,1,70,313534217216,4.906823060897436,0.0
1,3,69,314266442323,4.918282413157928,nan
1,1,71,315001183744,4.929781145833333,0.0
1,3,70,315731547962,4.941211375106421,nan
1,1,72,316462660608,4.952653317307693,0.0
1,3,71,317191397937,4.964058085702749,nan
1,1,73,318596535296,4.9860485416666664,0.0
1,3,72,319328110267,4.997497719272712,nan
1,1,74,320057900032,5.008918958333333,0.0
1,3,73,320787130804,5.02033144913111,nan
1,1,75,321519618560,5.031794911858975,0.0
1,3,74,322251990683,5.043256564925756,nan
1,1,76,322986759168,5.054755721153846,0.0
1,3,75,323716833672,5.066181416391226,nan
1,1,77,324448251392,5.077628133012821,0.0
1,3,76,325181663872,5.089106067708333,nan
1,1,78,326587138048,5.111101794871795,0.0
1,3,77,327318711023,5.12255094124036,nan
1,1,79,328048245760,5.133968189102564,0.0
1,3,78,328778398185,5.145395103806716,nan
1,1,80,329509790208,5.156841418269231,0.0
1,3,79,330243378398,5.168322102833283,nan
1,1,81,330976783360,5.179799919871795,0.0
1,3,80,331707923909,5.191242298756135,nan
1,1,82,333110765568,5.2131968269230775,0.0
1,3,81,333839425641,5.224600386258639,nan
1,1,83,334571801600,5.236062099358975,0.0
1,3,82,335304053579,5.247521872167343,nan
1,1,84,336711264768,5.2695447836538465,0.0
1,3,83,337440277463,5.280953861537836,nan
1,1,85,338172084736,5.292406674679487,0.0
1,3,84,338905156796,5.303879281788362,nan
1,1,86,339638513664,5.3153563461538464,0.0
1,3,85,340370174907,5.326806873920147,nan
1,1,87,341099395584,5.338219206730769,0.0
1,3,86,341829493930,5.349645275096404,nan
1,1,88,343233418752,5.371616754807692,0.0
1,3,87,343965602106,5.3830754536320615,nan
1,1,89,344694879744,5.394488677884616,0.0
1,3,88,345424384069,5.405905449797801,nan
1,1,90,346156019200,5.417355568910256,0.0
1,3,89,346888995138,5.42882667170598,nan
1,1,91,347622624256,5.440307996794872,0.0
1,3,90,348354244645,5.451757885194437,nan
1,1,92,349083602432,5.463172363782052,0.0
1,3,91,349814026030,5.474603522354517,nan
1,1,93,351217407488,5.496566498397436,0.0
1,3,92,351951236027,5.508050944432968,nan
1,1,94,352684074496,5.519519895833334,0.0
1,3,93,353416062626,5.530975539394281,nan
1,1,95,354150571008,5.542470625,0.0
1,3,94,354886189439,5.553983082917043,nan
1,1,96,356289564672,5.575945961538462,0.0
1,3,95,357021750794,5.587404703682141,nan
1,1,97,357756281856,5.598900144230769,0.0
1,3,96,358485862119,5.610318104576698,nan
1,1,98,359217309184,5.621765280448718,0.0
1,3,97,359950257646,5.633235953243941,nan
1,1,99,360683918336,5.6447177724358975,0.0
1,3,98,361414627033,5.656153392819136,nan
1,1,100,362817998336,5.678116209935897,0.0
1,3,99,363550304620,5.689576832619692,nan
1,1,101,364284679680,5.701069831730769,0.0
1,3,100,365691661790,5.723089158121745,nan
1,1,102,366424746496,5.734561963141026,0.0
1,3,101,367155936465,5.7460051154503455,nan
1,1,103,367887048704,5.7574470512820515,0.0
1,3,102,368620411849,5.768924213882838,nan
1,1,104,369354875904,5.780418605769231,0.0
1,3,103,370085728939,5.791856485047952,nan
1,1,105,370817368576,5.8033066746794875,0.0
1,3,104,372223348013,5.8253103091978415,nan
1,1,106,372958324736,5.836812724358975,0.0
1,3,105,373688895530,5.8482461865547375,nan
1,1,107,374421023744,5.859704022435897,0.0
1,3,106,375154254111,5.8711791070556645,nan
1,1,108,375888707584,5.882673333333334,0.0
1,3,107,376619564567,5.894111274398413,nan
1,1,109,377351140352,5.90556046474359,0.0
1,3,108,378084924151,5.9170442105963295,nan
1,1,110,379491905024,5.939063517628205,0.0
1,3,109,380221234579,5.950477554383889,nan
1,1,111,380953757696,5.9619415705128205,0.0
1,3,110,381685590652,5.973394785594452,nan
1,1,112,383088351744,5.995348052884616,0.0
1,3,111,383821878540,6.006827776630108,nan
1,1,113,384555821056,6.0183140064102565,0.0
1,3,112,385286768126,6.029753357340495,nan
1,1,114,386017929216,6.041196057692308,0.0
1,3,113,386746332433,6.052595597221179,nan
1,1,115,387479849984,6.064075176282051,0.0
1,3,114,388211168270,6.075520336757562,nan
1,1,116,388941520384,6.086950376602564,0.0
1,3,115,389670688534,6.098361887363532,nan
1,1,117,390403267584,6.109826778846154,0.0
1,3,116,391808035226,6.131811448724209,nan
1,1,118,392542861312,6.143311506410257,0.0
1,3,117,393273613453,6.154747806693836,nan
1,1,119,394004496384,6.166186153846154,0.0
1,3,118,395405487906,6.188111727294922,nan
1,1,120,396139354624,6.199596770833334,0.0
1,3,119,396870949418,6.211046258670122,nan
1,1,121,397601033216,6.222472099358974,0.0
1,3,120,398330966841,6.23389558983436,nan
1,1,122,399062591488,6.245345544871795,0.0
1,3,121,399796370478,6.256829215463492,nan
1,1,123,400529372160,6.268300721153846,0.0
1,3,122,401261806361,6.279763345743815,nan
1,1,124,402669415424,6.301792483974359,0.0
1,3,123,403399111600,6.313212258363381,nan
1,1,125,404131196928,6.324669423076923,0.0
1,3,124,404864376476,6.336143712377304,nan
1,1,126,406270922240,6.358156209935897,0.0
1,3,125,407001461036,6.369589171361679,nan
1,1,127,407732214272,6.3810254887820514,0.0
1,3,126,408461025853,6.392431419223883,nan
1,1,128,409193875456,6.403900544871795,0.0
1,3,127,409925793576,6.415355092773438,nan
1,1,129,410654867968,6.4267651362179485,0.0
1,3,128,411385199677,6.438194856723883,nan
1,1,130,412787865600,6.460146634615385,0.0
1,3,129,413517238496,6.4715613496594555,nan
1,1,131,414248912896,6.483012083333334,0.0
1,3,130,414982471144,6.494492299303887,nan
1,1,132,415715309568,6.50596125,0.0
1,3,131,416446973143,6.517411814262195,nan
1,1,133,417176950272,6.528835985576923,0.0
1,3,132,417906298871,6.54025032037197,nan
1,1,134,419311386112,6.562239991987179,0.0
1,3,133,420044175484,6.573708175017528,nan
1,1,135,420778246144,6.58519641025641,0.0
1,3,134,421510350704,6.596653875951523,nan
1,1,136,422239869440,6.608070873397436,0.0
1,3,135,422970633857,6.6195073658009065,nan
1,1,137,423700934144,6.630936594551282,0.0
1,3,136,424431302003,6.642366880806165,nan
1,1,138,425162014720,6.653802564102564,0.0
1,3,137,425891687553,6.665221973172701,nan
1,1,139,426623055872,6.676667916666667,0.0
1,3,138,428023903533,6.6985912386850215,nan
1,1,140,428757140992,6.710066434294872,0.0
1,3,139,429488864810,6.72151794136243,nan
1,1,141,430218786304,6.73294124198718,0.0
1,3,140,430949078833,6.744370349324544,nan
1,1,142,431680233472,6.755812948717949,0.0
1,3,141,433081049060,6.777735768792568,nan
1,1,143,433815182336,6.789224983974359,0.0
1,3,142,434546327253,6.800667431218074,nan
1,1,144,435277137920,6.8121046474358975,0.0
1,3,143,436006253038,6.823515328243941,nan
1,1,145,437411094016,6.8455011458333335,0.0
1,3,144,438142796906,6.856952325376853,nan
1,1,146,438871930368,6.868363293269231,0.0
1,3,145,439602406292,6.879795270745693,nan
1,1,147,440332573184,6.891222411858974,0.0
1,3,146,441062175386,6.902640715551132,nan
1,1,148,441793853440,6.914091506410257,0.0
1,3,147,442527556500,6.925573988694412,nan
1,1,149,443260689408,6.937047548076923,0.0
1,3,148,444664535591,6.9590177970847105,nan
1,1,150,445394682368,6.970444623397436,0.0
1,3,149,446124569381,6.981867384393154,nan
1,1,151,446855956480,6.993313621794872,0.0
1,3,150,447584741444,7.004719135679587,nan
1,1,152,448317059584,7.016179943910257,0.0
1,3,151,449049724730,7.027646182798728,nan
1,1,153,449783742464,7.03913358974359,0.0
1,3,152,450514178101,7.0505649367268886,nan
1,1,154,451917316608,7.072524110576923,0.0
1,3,153,452650292440,7.083995211713742,nan
1,1,155,453384130048,7.095479799679487,0.0
1,3,154,454115577294,7.106926978384164,nan
1,1,156,454845146624,7.118344767628205,0.0
1,3,155,455574749420,7.1297630806164864,nan
1,1,157,456306723328,7.141218501602564,0.0
1,3,156,457039478756,7.152686153407953,nan
1,1,158,457773500928,7.164173629807692,0.0
1,3,157,458504230110,7.175609570782002,nan
1,1,159,459234949632,7.187045360576923,0.0
1,3,158,460635484045,7.208963780251528,nan
1,1,160,461368820224,7.220440520833334,0.0
1,3,159,462100127381,7.231885507139548,nan
1,1,161,462830152704,7.243310432692308,0.0
1,3,160,464236315941,7.265316943688026,nan
1,1,162,464969846272,7.27679672275641,0.0
1,3,161,465700744752,7.288235313251202,nan
1,1,163,466431490048,7.299671506410257,0.0
1,3,162,467160092985,7.31107417156513,nan
1,1,164,467892518912,7.322536666666667,0.0
1,3,163,468624699455,7.333995321498773,nan
1,1,165,469359108608,7.345488854166667,0.0
1,3,164,470089229117,7.35691526938414,nan
1,1,166,470820395520,7.3683580528846155,0.0
1,3,165,471553909312,7.379837573116987,nan
1,1,167,472960349184,7.401848413461539,0.0
1,3,166,473690141918,7.41326969898713,nan
1,1,168,474421869568,7.424721266025641,0.0
1,3,167,475155231204,7.436198405010517,nan
1,1,169,475888839680,7.447679407051282,0.0
1,3,168,476620059362,7.459123024370243,nan
1,1,170,477350323200,7.4705516826923075,0.0
1,3,169,478079409656,7.4819619149389025,nan
1,1,171,478811904512,7.4934254887820515,0.0
1,3,170,479544295155,7.5048874316875755,nan
1,1,172,480278531072,7.516378253205128,0.0
1,3,171,481009915897,7.5278244550186555,nan
1,1,173,482412201472,7.549770280448718,0.0
1,3,172,483142406308,7.561198015387119,nan
1,1,174,483873368576,7.572637604166667,0.0
1,3,173,484602572228,7.584049670535356,nan
1,1,175,485334586880,7.595505729166667,0.0
1,3,174,486067576502,7.606977046117538,nan
1,1,176,486801309696,7.61846,0.0
1,3,175,487532685246,7.629906056659405,nan
1,1,177,488935754240,7.651864142628205,0.0
1,3,176,489664264832,7.663265362580129,nan
1,1,178,490397300736,7.674737403846154,0.0
1,3,177,491129394016,7.686194693008814,nan
1,1,179,491858966016,7.697612524038462,0.0
1,3,178,492589397133,7.709043800283579,nan
1,1,180,493320214016,7.720481113782052,0.0
1,3,179,494049588126,7.731895847825271,nan
1,1,181,494781279744,7.743346850961538,0.0
1,3,180,495515061404,7.754830563338842,nan
1,1,182,496920113152,7.77681967948718,0.0
1,3,181,497652080433,7.788274996760442,nan
1,1,183,498381309440,7.799687459935898,0.0
1,3,182,499111488087,7.8111147850154,nan
1,1,184,499842439168,7.822554198717949,0.0
1,3,183,500571270526,7.833960438670624,nan
1,1,185,501303335936,7.845417291666667,0.0
1,3,184,502712843780,7.8674761458959335,nan
1,1,186,503442951680,7.878902363782052,0.0
1,3,185,504172009751,7.8903121518022585,nan
1,1,187,504904254976,7.901771818910257,0.0
1,3,186,505636386846,7.913229712007963,nan
1,1,188,506370861056,7.924724262820513,0.0
1,3,187,507101018919,7.936151262629583,nan
1,1,189,507831902720,7.947589623397436,0.0
1,3,188,508560651831,7.958994576181265,nan
1,1,190,509965876736,7.98098640224359,0.0
1,3,189,510697517796,7.992436614145133,nan
1,1,191,511427375104,8.00385891025641,0.0
1,3,190,512157415936,8.01528407852564,nan
1,1,192,512888821248,8.026730600961539,0.0
1,3,191,513617498391,8.038134427443284,nan
1,1,193,514350614016,8.049607716346154,0.0
1,3,192,515083115544,8.06107139460637,nan
1,1,194,515817560576,8.072565488782052,0.0
1,3,193,517220725946,8.094525083039112,nan
1,1,195,517951996416,8.105969495192308,0.0
1,3,194,518680864724,8.117376313413963,nan
1,1,196,519413285376,8.128838725961538,0.0
1,3,195,520146794698,8.140318176238232,nan
1,1,197,520880140288,8.151795064102565,0.0
1,3,196,521612682184,8.163259374123598,nan
1,1,198,522347209216,8.174754751602565,0.0
1,3,197,523750446195,8.196715466543344,nan
1,1,199,524481800192,8.208161185897437,0.0
1,3,198,525210861455,8.219571023872572,nan
1,1,200,525943461888,8.23103625,0.0
1,3,199,526676845183,8.242513727949094,nan
1,1,201,527410364928,8.253993341346154,0.0
1,3,200,528142162322,8.26544599988106,nan
1,1,202,528871762944,8.276864278846155,0.0
1,3,201,529601885359,8.288290723892603,nan
1,1,203,530333229056,8.299736282051283,0.0
1,3,202,531738952513,8.32173591047238,nan
1,1,204,532472518144,8.333216241987179,0.0
1,3,203,533204252237,8.344667909858899,nan
1,1,205,533933755392,8.356084663461539,0.0
1,3,204,535336114949,8.378031646712866,nan
1,1,206,536068436992,8.38949251602564,0.0
1,1,207,536116624896,8.390246658653846,0.0
1,3,205,536854309132,8.401791446501903,nan
1,1,208,537585681408,8.413237451923077,0.0
1,3,206,538319113230,8.424715689321665,nan
1,1,209,539052548608,8.436193982371796,0.0
1,3,207,539783469335,8.447632921033028,nan
1,1,210,540514019328,8.459066057692308,0.0
1,3,208,541242380862,8.47046494488056,nan
1,1,211,542648155648,8.492465376602564,0.0
1,3,209,543377912551,8.50388610137157,nan
1,1,212,544109654528,8.515337892628205,0.0
1,3,210,544842178546,8.526801922857823,nan
1,1,213,545576466432,8.538293557692308,0.0
1,3,211,546983769708,8.56031791034405,nan
1,1,214,547716114432,8.571779134615385,0.0
1,3,212,548448148340,8.583235494603866,nan
1,1,215,549177689088,8.594652836538462,0.0
1,3,213,549907014811,8.606066813323192,nan
1,1,216,550639634432,8.61753233974359,0.0
1,3,214,551371543970,8.628986753336589,nan
1,1,217,552101737984,8.640414318910256,0.0
1,3,215,553507849794,8.662420025071365,nan
1,1,218,554241415680,8.673900360576923,0.0
1,3,216,554972509517,8.685342008416592,nan
1,1,219,555702458880,8.696765745192309,0.0
1,3,217,556431506558,8.70817537056165,nan
1,1,220,557164051456,8.719639727564102,0.0
1,3,218,557896287099,8.731099244713416,nan
1,1,221,558630887424,8.74259576923077,0.0
1,3,219,560037706769,8.764612548342974,nan
1,1,222,560770321408,8.776077996794871,0.0
1,3,220,561502371085,8.787534603568835,nan
1,1,223,562231758848,8.798949551282051,0.0
1,3,221,562961844785,8.81037542544634,nan
1,1,224,563693354496,8.821823581730769,0.0
1,3,222,564426024256,8.833289892828526,nan
1,1,225,565160440320,8.844783533653846,0.0
1,3,223,565890974794,8.856216427440154,nan
1,1,226,567294547968,8.878182403846154,0.0
1,3,224,568028095720,8.889662455553886,nan
1,1,227,568761432576,8.90113920673077,0.0
1,3,225,569493968877,8.91260342918983,nan
1,1,228,570228673024,8.924101578525642,0.0
1,3,226,570959526127,8.935539458868565,nan
1,1,229,571690294784,8.946976017628206,0.0
1,3,227,573091779491,8.968909309441983,nan
1,1,230,573825182208,8.980387091346154,0.0
1,3,228,574557309104,8.99184490660056,nan
1,1,231,575286978048,9.003264254807693,0.0
1,3,229,576017055176,9.014689991110778,nan
1,1,232,576748827136,9.026142251602565,0.0
1,3,230,577482878146,9.037630179318159,nan
1,1,233,578215687680,9.049098677884615,0.0
1,3,231,578948131294,9.060561449788413,nan
1,1,234,579682448384,9.072053541666667,0.0
1,3,232,581085345410,9.094008936329377,nan
1,1,235,581816609280,9.105453245192308,0.0
1,3,233,582545239957,9.116856344479292,nan
1,1,236,583278005248,9.128324150641026,0.0
1,3,234,584010555040,9.139788584234775,nan
1,1,237,585417709056,9.16181060096154,0.0
1,3,235,586147568462,9.1732329299066,nan
1,1,238,586879253504,9.184683830128206,0.0
1,3,236,587612521549,9.196159504410181,nan
1,1,239,588345961472,9.207637868589744,0.0
1,3,237,589078130520,9.21909634352464,nan
1,1,240,589812511232,9.230589431089744,0.0
1,3,238,590543279705,9.242025986969777,nan
1,1,241,591273340928,9.253451474358975,0.0
1,3,239,592674592036,9.275381110339042,nan
1,1,242,593406404096,9.286833998397436,0.0
1,3,240,594139417133,9.298305681793996,nan
1,1,243,594873225728,9.309789815705129,0.0
1,3,241,595604477751,9.321233939162035,nan
1,1,244,596334500352,9.332658822115384,0.0
1,3,242,597736365565,9.354598068863307,nan
1,1,245,598468043264,9.366048854166667,0.0
1,3,243,599201699571,9.377530604764498,nan
1,1,246,599934493696,9.388998862179488,0.0
1,3,244,600666824188,9.400459863719451,nan
1,1,247,601400962048,9.411949150641027,0.0
1,3,245,602131948288,9.423389114583333,nan
1,1,248,602862293504,9.43481904647436,0.0
1,3,246,603591610412,9.446232885303987,nan
1,1,249,604996370944,9.468217443910257,0.0
1,3,247,605728684756,9.479678184407552,nan
1,1,250,606462879744,9.491168365384615,0.0
1,3,248,607193809884,9.502607451359676,nan
1,1,251,607924119552,9.514036826923077,0.0
1,3,249,608653602051,9.525453257258489,nan
1,1,252,609385717760,9.536910897435897,0.0
1,3,250,610119454715,9.548393910178161,nan
1,1,253,610852703232,9.559869278846154,0.0
1,3,251,611584815872,9.57132687099359,nan
1,1,254,612987101696,9.593272700320513,0.0
1,3,252,613716185038,9.604682883832883,nan
1,1,255,614448720896,9.616147099358974,0.0
1,3,253,615181518541,9.627615411862104,nan
1,1,256,615915478016,9.639101907051282,0.0
1,3,254,616646549473,9.650543204643053,nan
1,1,257,617376741376,9.661970737179487,0.0
1,3,255,618105778947,9.673380204373874,nan
1,1,258,618838347264,9.684844927884615,0.0
1,3,256,619569762833,9.696291610842975,nan
1,1,259,620299822592,9.707717075320513,0.0
1,3,257,621705813705,9.729720892568736,nan
1,1,260,622439439872,9.74120217147436,0.0
1,3,258,623170299349,9.752640151570638,nan
1,1,261,623901008384,9.76407577724359,0.0
1,3,259,624629904114,9.775483024620643,nan
1,1,262,625362185216,9.786943253205129,0.0
1,3,260,626095117316,9.798413669934396,nan
1,1,263,627501220864,9.820419246794872,0.0
1,3,261,628232084642,9.831857294201974,nan
1,1,264,628962914816,9.843294815705129,0.0
1,3,262,629691904976,9.854703540915464,nan
1,1,265,630424899072,9.866174927884616,0.0
1,3,263,631156993748,9.877632238894732,nan
1,1,266,631886368768,9.889046987179487,0.0
1,3,264,632616617981,9.900475416619717,nan
1,1,267,634020510720,9.92244639423077,0.0
1,3,265,634753533081,9.933918223548302,nan
1,1,268,635487726592,9.945408381410257,0.0
1,3,266,636218529195,9.956845471426156,nan
1,1,269,636949107200,9.96827904647436,0.0
1,3,267,637677958351,9.979685596188277,nan
1,1,270,638410591232,9.991151330128206,0.0
1,3,268,639142912992,10.00261219501202,nan
1,1,271,639877322752,10.014105737179488,0.0
1,3,269,641280129656,10.036059721429288,nan
1,1,272,642011947520,10.047512700320514,0.0
1,3,270,642745775488,10.058997137419873,nan
1,1,273,643479046144,10.070472852564103,0.0
1,3,271,644211212934,10.081931292161208,nan
1,1,274,645613376512,10.103875208333333,0.0
1,3,272,646343368520,10.115299612505009,nan
1,1,275,647075102720,10.126751282051282,0.0
1,3,273,647809052237,10.13823762139736,nan
1,1,276,648542587904,10.14971748397436,0.0
1,3,274,649274682715,10.161174797097232,nan
1,1,277,650004167680,10.172591266025641,0.0
1,3,275,650734898817,10.184027237595778,nan
1,1,278,652138306048,10.20599061698718,0.0
1,3,276,652866846018,10.21739229670598,nan
1,1,279,653599841792,10.228863709935897,0.0
1,3,277,654331920964,10.240320778307792,nan
1,1,280,655061060608,10.251731842948718,0.0
1,3,278,655791262054,10.263159524833483,nan
1,1,281,656522529280,10.27460388621795,0.0
1,3,279,657927958556,10.296598910694613,nan
1,1,282,658657532928,10.308016778846154,0.0
1,3,280,659387918652,10.319447344689003,nan
1,1,283,660119237632,10.330892516025642,0.0
1,3,281,660847943267,10.342296788408328,nan
1,1,284,662253651456,10.364296177884615,0.0
1,1,285,663645243904,10.386074655448718,0.0
1,3,282,664377705841,10.397537714108198,nan
1,1,286,665784995840,10.41956185897436,0.0
1,3,283,666515513873,10.430994495458359,nan
1,1,287,667246317568,10.442431602564103,0.0
1,3,284,667975612731,10.453845101083608,nan
1,1,288,668708280832,10.46531138621795,0.0
1,3,285,669440726094,10.476774183913012,nan
1,1,289,670175690752,10.488276410256411,0.0
1,3,286,670905977160,10.49970542179988,nan
1,1,290,671637862912,10.511159463141025,0.0
1,3,287,672371014748,10.522633318747497,nan
1,1,291,673778754560,10.544664503205128,0.0
1,3,288,674508864263,10.556090749308268,nan
1,1,292,675240653312,10.56754327724359,0.0
1,3,289,675974514692,10.579028237242088,nan
1,1,293,676707592704,10.5905009375,0.0
1,3,290,677439779098,10.60195968390049,nan
1,1,294,678169020416,10.61337233974359,0.0
1,3,291,678899575867,10.62480556182079,nan
1,1,295,679630901760,10.636250841346154,0.0
1,3,292,680359628647,10.647655446323492,nan
1,1,296,681093371392,10.659138549679488,0.0
1,3,293,682496764435,10.68110170702812,nan
1,1,297,683228434432,10.692552371794871,0.0
1,3,294,683961108258,10.70401874652569,nan
1,1,298,684695345152,10.715509583333334,0.0
1,3,295,685425939005,10.72694340640337,nan
1,1,299,686829761024,10.74891327724359,0.0
1,3,296,687562647783,10.76038298438439,nan
1,1,300,688296536064,10.771868365384616,0.0
1,3,297,689027186160,10.783303068659857,nan
1,1,301,689758253568,10.794744302884615,0.0
1,3,298,690492054776,10.806228321188902,nan
1,1,302,691224888320,10.817697195512821,0.0
1,3,299,691957030918,10.829155256504157,nan
1,1,303,693359103488,10.851097748397436,0.0
1,3,300,694088706776,10.862516069085537,nan
1,1,304,694820836864,10.873973934294872,0.0
1,3,301,695554246126,10.885451818628557,nan
1,1,305,696287383040,10.896925440705129,0.0
1,3,302,697019533037,10.908383617491111,nan
1,1,306,697749284864,10.919804262820513,0.0
1,3,303,698478792726,10.931221090087892,nan
1,1,307,699210959872,10.94267953525641,0.0
1,3,304,699944156463,10.954154091280424,nan
1,1,308,701351067136,10.976172299679488,0.0
1,3,305,702081424356,10.987602419433594,nan
1,1,309,702812326912,10.99904107371795,0.0
1,3,306,703541324027,11.010449907774314,nan
1,1,310,704273792000,11.021913060897436,0.0
1,3,307,705679219118,11.043908051601312,nan
1,1,311,706413099520,11.055393309294873,0.0
1,3,308,707144400571,11.066838200041943,nan
1,1,312,707874157056,11.078258918269231,0.0
1,3,309,708603948529,11.089680184060121,nan
1,1,313,709335579648,11.101130240384615,0.0
1,3,310,710069455093,11.112615420500926,nan
1,1,314,710802534400,11.124088141025641,0.0
1,3,311,711535080968,11.135552524163662,nan
1,1,315,712269366784,11.147044126602564,0.0
1,3,312,713672203973,11.168998584813828,nan
1,1,316,714402901504,11.180434030448719,0.0
1,3,313,715131546596,11.19183735533103,nan
1,1,317,715864022016,11.203300625,0.0
1,3,314,716596519663,11.214764242522412,nan
1,1,318,717330685952,11.226253974358976,0.0
1,3,315,718061602298,11.237692844457381,nan
1,1,319,718791851008,11.249121266025641,0.0
1,3,316,719521344301,11.260537865287585,nan
1,1,320,720926422016,11.282527387820513,0.0
1,3,317,721658816476,11.29398939046224,nan
1,1,321,722393253888,11.305483365384616,0.0
1,3,318,723123718382,11.31691516398112,nan
1,1,322,724526903808,11.338875072115385,0.0
1,3,319,725259971503,11.350347610911834,nan
1,1,323,725993794048,11.361831963141025,0.0
1,3,320,726724743868,11.373271357108875,nan
1,1,324,727455034368,11.384700432692307,0.0
1,3,321,728184055272,11.396109639047475,nan
1,1,325,728916556800,11.407573317307692,0.0
1,3,322,729649177338,11.419038858079176,nan
1,1,326,731056687616,11.441066450320513,0.0
1,3,323,731786458020,11.45248738638071,nan
1,1,327,732518172672,11.46393875,0.0
1,3,324,733251317439,11.475412494976338,nan
1,1,328,733985196032,11.486897724358975,0.0
1,3,325,734716261326,11.49833892549955,nan
1,1,329,735446284800,11.509763822115385,0.0
1,3,326,736175915763,11.521182575918345,nan
1,1,330,736907631616,11.532633958333333,0.0
1,3,327,737641323006,11.544116257981521,nan
1,1,331,739046584832,11.566108661858975,0.0
1,3,328,739778998966,11.57757097239959,nan
1,1,332,740512972288,11.589057684294872,0.0
1,3,329,741244517820,11.600506401179388,nan
1,1,333,741973895168,11.611921185897437,0.0
1,3,330,742704703201,11.623358360893054,nan
1,1,334,743434802176,11.634784439102564,0.0
1,3,331,744836685767,11.656723973466923,nan
1,1,335,745568393728,11.668175232371794,0.0
1,3,332,746302612164,11.679665780310998,nan
1,1,336,747034411520,11.691118469551283,0.0
1,3,333,747768494554,11.70260689844376,nan
1,1,337,748500806656,11.714067612179488,0.0
1,3,334,749234512610,11.725550139754858,nan
1,1,338,749967373824,11.737019447115385,0.0
1,3,335,750700005363,11.74848516005296,nan
1,1,339,751433707008,11.759967620192308,0.0
1,3,336,752837599398,11.781938592341497,nan
1,1,340,753567511552,11.793361746794872,0.0
1,3,337,754297417157,11.804784798756135,nan
1,1,341,755028926976,11.81623295673077,0.0
1,3,338,755758152958,11.827645372564854,nan
1,1,342,756490391552,11.839104935897437,0.0
1,3,339,757224576498,11.850594959716798,nan
1,1,343,757957135360,11.86205953525641,0.0
1,3,340,758690888961,11.87354280850924,nan
1,1,344,759423728128,11.885011770833334,0.0
1,3,341,760829362623,11.907010006995568,nan
1,1,345,761563138560,11.918493629807692,0.0
1,3,342,762295046856,11.929948023963341,nan
1,1,346,763024597504,11.941365520833333,0.0
1,3,343,763755481600,11.952803886217948,nan
1,1,347,764485834752,11.964233942307693,0.0
1,3,344,765887919823,11.986176629842122,nan
1,1,348,766620397568,11.997639935897435,0.0
1,3,345,767353749460,12.009116922388321,nan
1,1,349,768087581696,12.020601426282052,0.0
1,3,346,768819317984,12.03205312850561,nan
1,1,350,769548792320,12.043469431089743,0.0
1,3,347,770279490051,12.054904879854643,nan
1,1,351,771009954304,12.066336674679487,0.0
1,3,348,772411993821,12.088278649291993,nan
1,1,352,773143821312,12.099731778846154,0.0
1,3,349,773877793264,12.111218469300882,nan
1,1,353,774610620416,12.122687243589745,0.0
1,3,350,775343047413,12.134149755436825,nan
1,1,354,776077370880,12.145641947115385,0.0
1,3,351,776807937029,12.157075336616712,nan
1,1,355,777538530816,12.168509158653846,0.0
1,3,352,778267534650,12.179918097862831,nan
1,1,356,778999618560,12.191375240384616,0.0
1,3,353,779732963912,12.20285212452424,nan
1,1,357,781139196416,12.224859719551283,0.0
1,3,354,781869908750,12.236295396853716,nan
1,1,358,782600225792,12.247724887820514,0.0
1,3,355,783329985078,12.259145649883564,nan
1,1,359,784061359616,12.270591690705128,0.0
1,3,356,784795479365,12.282080694188828,nan
1,1,360,785528321536,12.293549703525642,0.0
1,3,357,786261132887,12.305018230528221,nan
1,1,361,787667481088,12.327027636217949,0.0
1,3,358,788398851841,12.338473617804112,nan
1,1,362,789128839680,12.34989795673077,0.0
1,3,359,789858589251,12.361318566753681,nan
1,1,363,790590470144,12.372772532051282,0.0
1,3,360,791323907909,12.384250862458059,nan
1,1,364,792057282560,12.395728205128206,0.0
1,3,361,792789014106,12.407179833139272,nan
1,1,365,794191603200,12.429130408653846,0.0
1,3,362,794920395562,12.440536038317559,nan
1,1,366,795653007872,12.452001450320513,0.0
1,3,363,796385391176,12.463463278370392,nan
1,1,367,797120428032,12.474966634615384,0.0
1,3,364,797850408270,12.486390854586087,nan
1,1,368,798582520832,12.49784844551282,0.0
1,3,365,799315027560,12.509312205153245,nan
1,1,369,800049630720,12.520808774038462,0.0
1,3,366,800779921288,12.532237850686098,nan
1,1,370,801510746624,12.54367529647436,0.0
1,3,367,802912010315,12.565605129378882,nan
1,1,371,803645116416,12.57707826923077,0.0
1,3,368,804377526105,12.588540510206956,nan
1,1,372,805112114688,12.600036850961539,0.0
1,3,369,805843120762,12.611477125306742,nan
1,1,373,806573188608,12.622902716346154,0.0
1,3,370,807303373708,12.634330142415365,nan
1,1,374,808034478592,12.645771963141026,0.0
1,3,371,808763765434,12.65718533143655,nan
1,1,375,809495367680,12.668634935897437,0.0
1,3,372,810224279019,12.680042427555964,nan
1,1,376,810956400640,12.69150016025641,0.0
1,3,373,812362044055,12.713498536017003,nan
1,1,377,813095208448,12.724972588141027,0.0
1,3,374,813827282347,12.736429573990259,nan
1,1,378,814556622848,12.747843782051282,0.0
1,3,375,815287060680,12.759275163386418,nan
1,1,379,816017987072,12.770714190705128,0.0
1,3,376,816746907118,12.782121818628555,nan
1,1,380,817479582720,12.793588221153847,0.0
1,3,377,818212588286,12.805059787628958,nan
1,1,381,818946343424,12.816543084935898,0.0
1,3,378,819678316046,12.827998485796025,nan
1,1,382,821080239104,12.849938637820513,0.0
1,3,379,821811268311,12.861379274198093,nan
1,1,383,822541536768,12.872808004807693,0.0
1,3,380,823272036863,12.884240360561273,nan
1,1,384,824002953216,12.89567923076923,0.0
1,3,381,824732595487,12.907098161542844,nan
1,1,385,825464455168,12.918551794871796,0.0
1,3,382,826198586930,12.930040986359426,nan
1,1,386,827604509696,12.95204373397436,0.0
1,3,383,828336783060,12.963503841458834,nan
1,1,387,829066442752,12.974923044871796,0.0
1,3,384,829796934148,12.986355264485677,nan
1,1,388,830528178176,12.997799262820513,0.0
1,3,385,831257266458,13.009209523644081,nan
1,1,389,831990253568,13.020680801282051,0.0
1,3,386,832722704426,13.032143686554738,nan
1,1,390,833452440576,13.043564086538462,0.0
1,3,387,834854685930,13.065509282508264,nan
1,1,391,835587332096,13.076975224358975,0.0
1,3,388,836319383552,13.08843185897436,nan
1,1,392,837049142784,13.099852620192308,0.0
1,3,389,837778801947,13.111271815326397,nan
1,1,393,838510731264,13.122726538461539,0.0
1,3,390,839243519011,13.134194696060572,nan
1,1,394,839977595392,13.145683020833333,0.0
1,3,391,840708526390,13.157122120236128,nan
1,1,395,841439159808,13.168556562500001,0.0
1,3,392,842840500205,13.190487595856496,nan
1,1,396,843574372864,13.201972732371795,0.0
1,3,393,844305470198,13.213414434939654,nan
1,1,397,845036533760,13.224855608974359,0.0
1,3,394,845765243945,13.23625995256473,nan
1,1,398,846498413056,13.24773407852564,0.0
1,3,395,847230238512,13.259187176231972,nan
1,1,399,847960225792,13.270611506410257,0.0
1,3,396,848690444356,13.282039456192408,nan
1,1,400,849421961216,13.293487724358975,0.0
1,3,397,850827372796,13.315482471892528,nan
1,1,401,851561968128,13.326978918269232,0.0
1,3,398,852292341258,13.338409287015475,nan
1,1,402,853024047104,13.349860512820513,0.0
1,3,399,853757657349,13.3613415425462,nan
1,1,403,854491421696,13.37282498397436,0.0
1,3,400,855222206982,13.384261802978516,nan
1,1,404,855953528832,13.39570701923077,0.0
1,3,401,856686932249,13.40718481208997,nan
1,1,405,857421294592,13.418677612179488,0.0
1,3,402,858823963595,13.440629438273112,nan
1,1,406,859556526080,13.452094070512821,0.0
1,3,403,860289222853,13.463560804365109,nan
1,1,407,861024383488,13.475066097756411,0.0
1,3,404,861754572744,13.486493588867187,nan
1,1,408,862486604288,13.497949911858974,0.0
1,3,405,863219955923,13.5094268943278,nan
1,1,409,863953999360,13.52091470352564,0.0
1,3,406,865357284728,13.542876175756211,nan
1,1,410,866088653312,13.554322123397437,0.0
1,3,407,866822490753,13.565806708749625,nan
1,1,411,867555827200,13.577283453525641,0.0
1,3,408,868287938418,13.58874102341872,nan
1,1,412,869017505280,13.600158774038462,0.0
1,3,409,869747277983,13.6115797460781,nan
1,1,413,870479532544,13.623039559294872,0.0
1,3,410,871212379569,13.63450864459698,nan
1,1,414,871946940928,13.646004559294871,0.0
1,3,411,872677968556,13.657445170961038,nan
1,1,415,874082486784,13.6794259375,0.0
1,3,412,874816143690,13.690907697472205,nan
1,1,416,875550292992,13.702397163461539,0.0
1,3,413,876281778268,13.71384493733724,nan
1,1,417,877011687424,13.725268044871795,0.0
1,3,414,877742188396,13.73670041435046,nan
1,1,418,878473064960,13.748138661858976,0.0
1,3,415,879202021010,13.759546853246444,nan
1,1,419,880607412224,13.781541282051283,0.0
1,3,416,881339255088,13.79299465219351,nan
1,1,420,882068561408,13.804408325320514,0.0
1,3,417,882798937166,13.815838735195063,nan
1,1,421,883529964544,13.827279342948719,0.0
1,3,418,884258798440,13.838685622621194,nan
1,1,422,885663880192,13.860675208333333,0.0
1,3,419,886396276240,13.872137235827324,nan
1,1,423,887130973184,13.883635272435898,0.0
1,3,420,887861489432,13.895067880984575,nan
1,1,424,888592353792,13.9065059375,0.0
1,3,421,889321870387,13.917922901439178,nan
1,1,425,890053743616,13.929376746794873,0.0
1,3,422,890787467068,13.940859548214643,nan
1,1,426,891520596992,13.952333060897436,0.0
1,3,423,892924632539,13.97430627345941,nan
1,1,427,893654543360,13.985729407051283,0.0
1,3,424,894384213755,13.997148777966622,nan
1,1,428,895115893248,14.008599591346155,0.0
1,3,425,895849271798,14.020076995035808,nan
1,1,429,896582852096,14.031557556089744,0.0
1,3,426,897314019068,14.043000348495093,nan
1,1,430,898044235776,14.054428269230769,0.0
1,3,427,898773484055,14.065841034013797,nan
1,1,431,899505838080,14.077302403846154,0.0
1,3,428,900910489274,14.099285251308343,nan
1,1,432,901640520192,14.110710264423078,0.0
1,3,429,902370168797,14.122129294324044,nan
1,1,433,903102682624,14.133593165064102,0.0
1,3,430,903835053281,14.145054795187926,nan
1,1,434,905237412352,14.167001770833334,0.0
1,3,431,905966251938,14.178408139554538,nan
1,1,435,906698682880,14.189870713141026,0.0
1,3,432,907431394978,14.201337686830179,nan
1,1,436,908166018560,14.212834575320514,0.0
1,3,433,908897067938,14.22427552737505,nan
1,1,437,909628398080,14.235720873397437,0.0
1,3,434,910357136557,14.247125659758739,nan
1,1,438,911763352576,14.269132996794871,0.0
1,3,435,912494894423,14.280581656008989,nan
1,1,439,913225755648,14.29201966346154,0.0
1,3,436,913955107964,14.303434056427784,nan
1,1,440,914688002048,14.31490387820513,0.0
1,3,437,915420292473,14.326364252694937,nan
1,1,441,916150254592,14.337788189102564,0.0
1,3,438,916880209043,14.349212005505684,nan
1,1,442,917612285440,14.360669030448719,0.0
1,3,439,918345528199,14.372144309003781,nan
1,1,443,919079793664,14.383635592948718,0.0
1,3,440,919811165834,14.395081596710988,nan
1,1,444,921215381504,14.417057628205129,0.0
1,3,441,921949037864,14.428539379632412,nan
1,1,445,922682822144,14.44002313301282,0.0
1,3,442,923414814240,14.451478838641828,nan
1,1,446,924144865280,14.462904166666666,0.0
1,3,443,924874816824,14.47432793757512,nan
1,1,447,925606540800,14.485779447115386,0.0
1,3,444,926340248115,14.49726199599046,nan
1,1,448,927073739264,14.508741161858975,0.0
1,3,445,928477480150,14.530709762964493,nan
1,1,449,929207808512,14.542139431089744,0.0
1,3,446,929937211394,14.553554615415916,nan
1,1,450,930669264896,14.565011282051282,0.0
1,3,447,931402457311,14.576485772720728,nan
1,1,451,932136452608,14.587972828525642,0.0
1,3,448,933539737997,14.609934301084861,nan
1,1,452,934270648320,14.621373076923078,0.0
1,3,449,935000018085,14.632787742966872,nan
1,1,453,935732300800,14.644247996794872,0.0
1,3,450,936465354146,14.655720311028897,nan
1,1,454,937199530496,14.667210200320513,0.0
1,3,451,937930878114,14.678655819843,nan
1,1,455,938660997632,14.690082219551282,0.0
1,3,452,939391416771,14.70151330834022,nan
1,1,456,940122282496,14.712951386217949,0.0
1,3,453,941523601001,14.734882076963768,nan
1,1,457,942255870464,14.746342123397437,0.0
1,3,454,942989229423,14.757819220487155,nan
1,1,458,944395252224,14.779823533653847,0.0
1,3,455,945127143441,14.79127766052246,nan
1,1,459,945856366592,14.802690032051283,0.0
1,3,456,946587222298,14.81412795313126,nan
1,1,460,947317696000,14.825559895833333,0.0
1,3,457,948046500414,14.83696571411133,nan
1,1,461,948779780096,14.84844157051282,0.0
1,3,458,949511443771,14.859892136340019,nan
1,1,462,950242126336,14.871327347756411,0.0
1,3,459,951643046387,14.893251802681165,nan
1,1,463,952376621056,14.904732275641026,0.0
1,3,460,953107916006,14.916177070907201,nan
1,1,464,953838072832,14.92760405448718,0.0
1,3,461,954566913539,14.939010440752078,nan
1,1,465,955299714048,14.950478798076924,0.0
1,3,462,956031335697,14.961928706195538,nan
1,1,466,956761479680,14.973355488782051,0.0
1,3,463,957490647589,14.98476699577136,nan
1,1,467,958896356352,15.00676639423077,0.0
1,3,464,959626897093,15.018199386095878,nan
1,1,468,960358306816,15.029645977564103,0.0
1,3,465,961091747783,15.041124358082307,nan
1,1,469,962498083328,15.06313356570513,0.0
1,3,466,963228550759,15.074565410265802,nan
1,1,470,963959818752,15.086009783653846,0.0
1,3,467,964693546853,15.097492657830655,nan
1,1,471,965426930176,15.10897013621795,0.0
1,3,468,966158547553,15.120419977479592,nan
1,1,472,966888763392,15.131847884615386,0.0
1,3,469,967618268017,15.143264661223583,nan
1,1,473,968350552064,15.154724935897436,0.0
1,3,470,969082952320,15.166187029246796,nan
1,1,474,970485202432,15.188132299679488,0.0
1,3,471,971214135096,15.19954012507512,nan
1,1,475,971946680320,15.211004487179487,0.0
1,3,472,972679078970,15.222466555394883,nan
1,1,476,973413421568,15.233959046474359,0.0
1,3,473,974816503509,15.255917335064229,nan
1,1,477,975547781632,15.26736186698718,0.0
1,3,474,976276568047,15.278767403580103,nan
1,1,478,977009592320,15.290239262820513,0.0
1,3,475,977742111968,15.301703224659455,nan
1,1,479,978476551680,15.313197235576924,0.0
1,3,476,979207627240,15.32463859738081,nan
1,1,480,979938034176,15.336069495192309,0.0
1,3,477,980668075256,15.34749466734275,nan
1,1,481,982071945728,15.36946529647436,0.0
1,3,478,982805868432,15.380951216195914,nan
1,1,482,983538646528,15.392419222756411,0.0
1,3,479,984271384718,15.40388660478641,nan
1,1,483,985005336064,15.41537297275641,0.0
1,3,480,985736674180,15.426818443572216,nan
1,1,484,986466784768,15.438244703525642,0.0
1,3,481,987196486827,15.449664569983849,nan
1,1,485,987928782336,15.461125024038463,0.0
1,3,482,989333681976,15.483111759690505,nan
1,1,486,990063599616,15.494535,0.0
1,3,483,990793822818,15.505963022367037,nan
1,1,487,991525627392,15.517415793269231,0.0
1,3,484,992259962714,15.528908170479017,nan
1,1,488,992993166336,15.540382836538463,0.0
1,3,485,994397577199,15.562361922810872,nan
1,1,489,995127859200,15.573790865384616,0.0
1,3,486,995857687817,15.585212712480594,nan
1,1,490,996589283840,15.596662219551282,0.0
1,3,487,997318081581,15.60806793339656,nan
1,1,491,998050745856,15.619534158653847,0.0
1,3,488,998783509289,15.631001935737807,nan
1,1,492,999517378048,15.642487011217948,0.0
1,3,489,1000248563247,15.653930088876578,nan
1,1,493,1001652548096,15.675902508012822,0.0
1,3,490,1002385724101,15.68737674186511,nan
1,1,494,1003120156160,15.69887063301282,0.0
1,3,491,1003851229119,15.710311954110953,nan
1,1,495,1004581602816,15.72174233173077,0.0
1,3,492,1005311043806,15.733158112448669,nan
1,1,496,1006043094528,15.744614735576924,0.0
1,3,493,1006775969767,15.756084262429262,nan
1,1,497,1008183483904,15.778111915064104,0.0
1,3,494,1008912909454,15.789527454145382,nan
1,1,498,1009645539328,15.800993141025641,0.0
1,3,495,1010377643919,15.812450607205905,nan
1,1,499,1011107586560,15.823874238782052,0.0
1,3,496,1011836909226,15.83528816772461,nan
1,1,500,1012569605632,15.846754895833334,0.0
1,3,497,1013974275900,15.868738041804388,nan
1,1,501,1014704593920,15.880167548076923,0.0
1,3,498,1015433929827,15.891581684241663,nan
1,1,502,1016166882816,15.903052427884615,0.0
1,3,499,1016898701148,15.914505414100061,nan
1,1,503,1017629465088,15.925941899038461,0.0
1,3,500,1018357689484,15.937338640011518,nan
1,1,504,1019091170304,15.94881764423077,0.0
1,3,501,1019822156162,15.960257602194762,nan
1,1,505,1021226648576,15.98223796474359,0.0
1,3,502,1021957942841,15.993682749289489,nan
1,1,506,1022689083904,16.00512513621795,0.0
1,3,503,1023422446894,16.01660229639298,nan
1,1,507,1024157042176,16.02809874198718,0.0
1,3,504,1024887298627,16.039527284702398,nan
1,1,508,1025619406848,16.05098480769231,0.0
1,3,505,1026352582976,16.062459043469552,nan
1,1,509,1027087343616,16.073958076923077,0.0
1,3,506,1027817675314,16.08538779725686,nan
1,1,510,1029222623232,16.10737528846154,0.0
1,3,507,1029954226907,16.118824915286332,nan
1,1,511,1030684534272,16.130254254807692,0.0
1,3,508,1031413937155,16.141669439149513,nan
1,1,512,1032146561024,16.15313503205128,0.0
1,3,509,1032879387899,16.164603802005082,nan
1,1,513,1033613942272,16.176099607371796,0.0
1,3,510,1034344098820,16.187526586601063,nan
1,1,514,1035075592192,16.198974487179488,0.0
1,3,511,1036481581711,16.220978279481546,nan
1,3,512,1037872027374,16.242738809814455,nan
1,1,515,1038603561472,16.25418734775641,0.0
1,3,513,1039332305430,16.265592219895584,nan
1,1,516,1040065528320,16.277067187500002,0.0
1,3,514,1040797880077,16.288528521838067,nan
1,1,517,1041527835136,16.29995234775641,0.0
1,3,515,1042930983358,16.321911673646586,nan
1,1,518,1043662870016,16.333365729166665,0.0
1,3,516,1044397398193,16.34486112456493,nan
1,1,519,1045130553344,16.356335032051284,0.0
1,3,517,1045863929779,16.3678124026411,nan
1,1,520,1046598419968,16.37930720352564,0.0
1,3,518,1047330065595,16.390757486900917,nan
1,1,521,1048060277760,16.402185336538462,0.0
1,3,519,1048790683601,16.413616217213168,nan
1,1,522,1049521912320,16.42505997596154,0.0
1,3,520,1050923990647,16.4470025579521,nan
1,1,523,1051656527872,16.458466794871796,0.0
1,3,521,1052389579624,16.469939084159655,nan
1,1,524,1053124153856,16.48143520032051,0.0
1,3,522,1053855378550,16.492878896077475,nan
1,1,525,1054586259456,16.504317211538464,0.0
1,3,523,1055315966337,16.515737153461163,nan
1,1,526,1056721312768,16.53773088141026,0.0
1,3,524,1057454500387,16.549205297022112,nan
1,1,527,1058189302272,16.56070497596154,0.0
1,3,525,1058920235296,16.572144107071313,nan
1,1,528,1059651672576,16.583591129807694,0.0
1,3,526,1060380402762,16.594995786414515,nan
1,1,529,1061787259392,16.617013149038463,0.0
1,3,527,1062518611661,16.628458841349286,nan
1,1,530,1063249634304,16.639899375,0.0
1,3,528,1063979089902,16.651315384333685,nan
1,1,531,1064711960576,16.66278483974359,0.0
1,3,529,1066116846722,16.684771364213994,nan
1,1,532,1066847454208,16.696205400641027,0.0
1,3,530,1067576755618,16.707618996926332,nan
1,1,533,1068309433856,16.71908544070513,0.0
1,3,531,1069041799331,16.730546989730446,nan
1,1,534,1069776499712,16.742045080128207,0.0
1,3,532,1071179445045,16.7640012307974,nan
1,1,535,1071911026688,16.775450512820512,0.0
1,3,533,1072639923286,16.7868577737818,nan
1,1,536,1073372830208,16.79832779647436,0.0
1,3,534,1074105513806,16.80979432413737,nan
1,1,537,1074839596032,16.821282740384614,0.0
1,3,535,1075570891342,16.832727541284807,nan
1,1,538,1076301496320,16.844161538461538,0.0
1,3,536,1077702948098,16.866094314935147,nan
1,1,539,1078436248064,16.87757048878205,0.0
1,3,537,1079168695300,16.88903331737029,nan
1,1,540,1079903243776,16.90052903044872,0.0
1,3,538,1080634798847,16.911977896618964,nan
1,1,541,1081365106176,16.923407235576924,0.0
1,3,539,1082767047114,16.94534766742413,nan
1,1,542,1083499703808,16.956813774038462,0.0
1,3,540,1084232522935,16.968282422735754,nan
1,1,543,1084967132672,16.979779094551283,0.0
1,3,541,1085698568126,16.991226088710686,nan
1,1,544,1086428705280,17.00265276442308,0.0
1,3,542,1087159081679,17.0140831843293,nan
1,1,545,1087889865728,17.02551998397436,0.0
1,3,543,1088619541489,17.036939438867815,nan
1,1,546,1089351098880,17.048388341346154,0.0
1,3,544,1090080157955,17.059798145079,nan
1,1,547,1090812823040,17.07126438301282,0.0
1,3,545,1092218996641,17.093271056205555,nan
1,1,548,1092952485376,17.104750184294872,0.0
1,3,546,1093684973721,17.11621365624061,nan
1,1,549,1094414253568,17.127626915064102,0.0
1,3,547,1095145344957,17.139068524592474,nan
1,1,550,1095876076032,17.15050449519231,0.0
1,3,548,1096605813441,17.16192491487943,nan
1,1,551,1097338030080,17.173384134615386,0.0
1,3,549,1098071116235,17.184856962311574,nan
1,1,552,1098805769728,17.196354318910256,0.0
1,3,550,1099535952085,17.207781702051406,nan
1,1,553,1100267766272,17.219234623397437,0.0
1,3,551,1101673295740,17.241231215882912,nan
1,1,554,1102403029504,17.25265157852564,0.0
1,3,552,1103133792913,17.26408805515387,nan
1,1,555,1103865179136,17.275534278846155,0.0
1,3,553,1104594126751,17.286942338225536,nan
1,1,556,1105326920704,17.29841059294872,0.0
1,3,554,1106059838626,17.309880787791716,nan
1,1,557,1107466689024,17.331898052884615,0.0
1,3,555,1108197465912,17.343334740459735,nan
1,1,558,1108928165888,17.354770224358976,0.0
1,3,556,1109657647704,17.36618664400541,nan
1,1,559,1110389653504,17.377642564102565,0.0
1,3,557,1111795307769,17.399641109666092,nan
1,1,560,1112529831936,17.411136442307694,0.0
1,3,558,1113261118967,17.4225811136412,nan
1,1,561,1113991502336,17.434011642628207,0.0
1,3,559,1114721487131,17.44543593391614,nan
1,1,562,1115453309952,17.456888990384616,0.0
1,3,560,1116859153841,17.47889050357134,nan
1,3,561,1118249180687,17.50064447940142,nan
1,1,563,1118982032896,17.512113645833335,0.0
1,3,562,1119714424605,17.5235756054218,nan
1,1,564,1121121804288,17.545601153846153,0.0
1,3,563,1121852359104,17.557034365985576,nan
1,1,565,1122583257088,17.56847294871795,0.0
1,3,564,1123312653513,17.579888031991814,nan
1,1,566,1124043959808,17.591333004807694,0.0
1,3,565,1125445329795,17.613264501248874,nan
1,1,567,1126177167360,17.62471778846154,0.0
1,3,566,1126911109778,17.636204016707982,nan
1,1,568,1127644112896,17.647675544871795,0.0
1,3,567,1128376883074,17.659143427515275,nan
1,1,569,1129110746112,17.67062841346154,0.0
1,3,568,1129842657413,17.682082854645557,nan
1,1,570,1130572071424,17.693498213141027,0.0
1,3,569,1131975264594,17.7154582424692,nan
1,1,571,1132706005504,17.72689436698718,0.0
1,3,570,1133435308131,17.738307982318585,nan
1,1,572,1134167345664,17.74976439903846,0.0
1,3,571,1134900736865,17.761242000716774,nan
1,1,573,1135633948160,17.772716786858975,0.0
1,3,572,1136366284385,17.78417787812062,nan
1,1,574,1137100836352,17.795673645833332,0.0
1,3,573,1137831816557,17.80711351532765,nan
1,1,575,1138562545664,17.818549455128206,0.0
1,3,574,1139964287011,17.840486763368265,nan
1,1,576,1140696432640,17.85194487179487,0.0
1,3,575,1141429681453,17.863420245095277,nan
1,1,577,1142163051008,17.874897508012822,0.0
1,3,576,1142895203889,17.88635572993352,nan
1,1,578,1143629392896,17.897845817307694,0.0
1,3,577,1145032935114,17.919811309251052,nan
1,1,579,1145763155456,17.931239286858975,0.0
1,3,578,1146493153265,17.94266378181653,nan
1,1,580,1147224136704,17.954103701923078,0.0
1,3,579,1147953149194,17.965512776598807,nan
1,1,581,1148684911616,17.976964887820515,0.0
1,3,580,1149418483719,17.988445320622372,nan
1,1,582,1150824267264,18.010445889423078,0.0
1,3,581,1151556231849,18.02190116450383,nan
1,1,583,1152290667520,18.033395112179488,0.0
1,3,582,1153021594033,18.044834141391853,nan
1,1,584,1153751514112,18.056257419871795,0.0
1,3,583,1154481042640,18.0676745705629,nan
1,1,585,1155212783104,18.079126338141027,0.0
1,3,584,1155946013150,18.09060141773713,nan
1,1,586,1156679650816,18.102082876602566,0.0
1,3,585,1157411130591,18.113530564387396,nan
1,1,587,1158813338624,18.135475176282053,0.0
1,3,586,1159542671273,18.14688926145896,nan
1,1,588,1160274359808,18.158340216346154,0.0
1,3,587,1161008203429,18.16982489841559,nan
1,1,589,1161740935168,18.18129217948718,0.0
1,3,588,1162473697210,18.192759934801934,nan
1,1,590,1163207781376,18.204248381410256,0.0
1,3,589,1163939188396,18.215694930576422,nan
1,1,591,1165342499328,18.237656802884615,0.0
1,3,590,1166071445374,18.249064837709085,nan
1,1,592,1166804200448,18.26053248397436,0.0
1,3,591,1167536800389,18.27199770240197,nan
1,1,593,1168271547904,18.28349653044872,0.0
1,3,592,1169001987976,18.294927946839945,nan
1,1,594,1169733227008,18.30637186698718,0.0
1,3,593,1170461984417,18.317776949635043,nan
1,1,595,1171194546688,18.329241578525643,0.0
1,3,594,1172599811397,18.35123402752216,nan
1,1,596,1173334541312,18.362732580128206,0.0
1,3,595,1174065386581,18.374170337868716,nan
1,1,597,1174795971072,18.385604014423077,0.0
1,3,596,1175525429627,18.39702007003393,nan
1,1,598,1176257209344,18.40847245192308,0.0
1,3,597,1176990674032,18.419951203675883,nan
1,1,599,1177723807232,18.431424767628204,0.0
1,3,598,1178456416128,18.442890126201924,nan
1,1,600,1179190955008,18.454385689102565,0.0
1,3,599,1180594124324,18.476345345114684,nan
1,1,601,1181325219328,18.48778701121795,0.0
1,3,600,1182054335298,18.499197705359826,nan
1,1,602,1182787237888,18.51066766025641,0.0
1,3,601,1183519979600,18.52213509740585,nan
1,1,603,1184254449664,18.533629583333333,0.0
1,3,602,1184985765704,18.545074708658856,nan
1,1,604,1185716118016,18.556504751602564,0.0
1,3,603,1186445955686,18.567926740378358,nan
1,1,605,1187177824768,18.579380520833332,0.0
1,3,604,1188583294228,18.601376174191206,nan
1,1,606,1189317599232,18.61286807692308,0.0
1,3,605,1190049239565,18.624318277447042,nan
1,1,607,1191452201472,18.6462746875,0.0
1,3,606,1192181522130,18.65768858501728,nan
1,1,608,1192914149376,18.66915423076923,0.0
1,3,607,1193647167967,18.680626001086114,nan
1,1,609,1194381481472,18.692118036858975,0.0
1,3,608,1195112602845,18.703560115638147,nan
1,1,610,1195842796544,18.714987676282053,0.0
1,3,609,1196572838920,18.726412868714945,nan
1,1,611,1197304297472,18.737860224358975,0.0
1,3,610,1198033036564,18.749265020345053,nan
1,1,612,1198765527552,18.760728533653847,0.0
1,3,611,1200170487740,18.782716216884516,nan
1,1,613,1200904851968,18.79420904647436,0.0
1,3,612,1201635858619,18.805649329849636,nan
1,1,614,1202366009344,18.817076217948717,0.0
1,3,613,1203095586285,18.828494126305213,nan
1,1,615,1203827234304,18.839944447115386,0.0
1,3,614,1205233227391,18.861948295256788,nan
1,1,616,1205966544384,18.873424735576922,0.0
1,3,615,1206699424132,18.884894332995295,nan
1,1,617,1207433089536,18.89637622596154,0.0
1,3,616,1208165205646,18.907833872414614,nan
1,1,618,1208899589120,18.91932700320513,0.0
1,3,617,1209631516047,18.930781688936673,nan
1,1,619,1210366067200,18.942277443910257,0.0
1,3,618,1211097613965,18.953726180091273,nan
1,1,620,1212499935744,18.975672572115386,0.0
1,3,619,1213230363469,18.987103795275566,nan
1,1,621,1213960999424,18.99853827724359,0.0
1,3,620,1214690421887,19.009953768013197,nan
1,1,622,1215422330368,19.021408165064102,0.0
1,3,621,1216155621764,19.032884204790165,nan
1,1,623,1216888877056,19.04435967948718,0.0
1,3,622,1217620383372,19.055807782639725,nan
1,1,624,1218350336512,19.067231578525643,0.0
1,3,623,1219080199586,19.078653964875052,nan
1,1,625,1220484548096,19.10063207532051,0.0
1,3,624,1221218025538,19.11211102667393,nan
1,1,626,1221952043008,19.12359842948718,0.0
1,3,625,1222683447625,19.1350449410463,nan
1,1,627,1223414098944,19.146479663461538,0.0
1,3,626,1224143902327,19.157901115644407,nan
1,1,628,1224876072960,19.169359615384614,0.0
1,3,627,1226282009873,19.191362584400668,nan
1,1,629,1227016485376,19.20285715544872,0.0
1,3,628,1227747382297,19.2142957215451,nan
1,1,630,1228478583296,19.22573904647436,0.0
1,3,629,1229207518015,19.237146904030826,nan
1,1,631,1229940606976,19.248619775641025,0.0
1,3,630,1231344684001,19.270593637335363,nan
1,1,632,1232075627520,19.282032932692307,0.0
1,3,631,1232804263670,19.293436117631963,nan
1,1,633,1233537677824,19.30491407852564,0.0
1,3,632,1234269357569,19.316364895848984,nan
1,1,634,1235000136192,19.327801610576923,0.0
1,3,633,1235729209131,19.339211631281927,nan
1,1,635,1236462412800,19.350686298076923,0.0
1,3,634,1237194790960,19.362148045622998,nan
1,1,636,1237924379648,19.373566137820514,0.0
1,3,635,1239327077105,19.39551840922038,nan
1,1,637,1240059047936,19.40697378205128,0.0
1,3,636,1240792750586,19.418456257918923,nan
1,1,638,1241526299136,19.429936322115385,0.0
1,3,637,1242258419434,19.44139403411083,nan
1,1,639,1243661120000,19.463346354166667,0.0
1,1,640,1245053578752,19.485138389423078,0.0
1,3,638,1245782945308,19.496553005245893,nan
1,1,641,1246516237824,19.5080290625,0.0
1,3,639,1247248497951,19.519488962824894,nan
1,1,642,1247978897408,19.530919743589745,0.0
1,3,640,1248708814403,19.542342973804963,nan
1,1,643,1249441016832,19.553801971153845,0.0
1,3,641,1250845869301,19.57578796857785,nan
1,1,644,1251576088576,19.58721592948718,0.0
1,3,642,1252305858053,19.59863685103979,nan
1,1,645,1253038722048,19.610106201923077,0.0
1,3,643,1253771427607,19.62157307327662,nan
1,1,646,1254501036544,19.632991482371796,0.0
1,3,644,1255903752672,19.654944045973558,nan
1,1,647,1256636547584,19.666412315705127,0.0
1,3,645,1257369288929,19.677879747111003,nan
1,1,648,1258103801344,19.689374895833335,0.0
1,3,646,1258834968557,19.700817692010343,nan
1,1,649,1259565606912,19.712252211538463,0.0
1,3,647,1260967894185,19.734198063542294,nan
1,1,650,1261699877376,19.74565362980769,0.0
1,3,648,1262433903032,19.75714116073217,nan
1,1,651,1263166856192,19.768611907051284,0.0
1,3,649,1263899989176,19.7800854676232,nan
1,1,652,1264634231808,19.79157639423077,0.0
1,3,650,1265366017467,19.803028869112456,nan
1,1,653,1266095870464,19.81445109775641,0.0
1,3,651,1266826267338,19.825881838097207,nan
1,1,654,1267557659136,19.837328149038463,0.0
1,3,652,1268958543250,19.859252041547727,nan
1,1,655,1269692422656,19.870737283653845,0.0
1,3,653,1270424446622,19.88219348804963,nan
1,1,656,1271154253824,19.893615,0.0
1,3,654,1271885003193,19.905051256901668,nan
1,1,657,1273289185792,19.927026770833333,0.0
1,3,655,1274023124586,19.93851294236403,nan
1,1,658,1274756726272,19.949993838141026,0.0
1,3,656,1275488972137,19.96145351526505,nan
1,1,659,1276218555904,19.972871530448717,0.0
1,3,657,1276949552781,19.984311660860502,nan
1,1,660,1277680512512,19.995751209935896,0.0
1,3,658,1278409968030,20.007167218017578,nan
1,1,661,1279142248960,20.01862744391026,0.0
1,3,659,1280546983004,20.040611587978265,nan
1,1,662,1281276827648,20.052033685897438,0.0
1,3,660,1282006436735,20.063452097340118,nan
1,1,663,1282737815040,20.074898197115385,0.0
1,3,661,1283471710850,20.08638369594476,nan
1,1,664,1284204930048,20.097858605769233,0.0
1,3,662,1284937230733,20.10931914082845,nan
1,1,665,1286339736064,20.13126840544872,0.0
1,3,663,1287069666896,20.14269185221354,nan
1,1,666,1287801225728,20.15414077724359,0.0
1,3,664,1288535167819,20.16562700037247,nan
1,1,667,1289268202496,20.177099022435897,0.0
1,3,665,1290672688634,20.199079286765073,nan
1,1,668,1291402515456,20.210501105769232,0.0
1,3,666,1292132588319,20.221926775324896,nan
1,1,669,1292864124928,20.233375352564103,0.0
1,3,667,1293597759531,20.244856763493466,nan
1,1,670,1294331661312,20.25634235576923,0.0
1,3,668,1295062646063,20.26778229640863,nan
1,1,671,1295793340416,20.279217692307693,0.0
1,3,669,1296522171983,20.290623935531226,nan
1,1,672,1297255080960,20.302093990384616,0.0
1,3,670,1297987300195,20.313553250748072,nan
1,1,673,1298717079040,20.324974318910257,0.0
1,3,671,1300119168045,20.346917068011944,nan
1,1,674,1300851641344,20.35838030448718,0.0
1,3,672,1301584511803,20.36984975653233,nan
1,1,675,1302318872576,20.38134253205128,0.0
1,3,673,1303049813047,20.392781779706908,nan
1,1,676,1303780434432,20.404216033653846,0.0
1,3,674,1304509980510,20.415633459003157,nan
1,1,677,1305241543168,20.42708244391026,0.0
1,3,675,1305975219827,20.438564513017702,nan
1,1,678,1306708572160,20.45004150641026,0.0
1,3,676,1308112865560,20.472018754382013,nan
1,1,679,1308843265536,20.48344954326923,0.0
1,3,677,1309572434491,20.49486106662848,nan
1,1,680,1310305399296,20.50633199519231,0.0
1,3,678,1311038020422,20.517797545166015,nan
1,1,681,1311773175808,20.529302756410257,0.0
1,3,679,1312503066700,20.54072557811248,nan
1,1,682,1313235215360,20.55218373397436,0.0
1,3,680,1313967946085,20.563650999176808,nan
1,1,683,1315375432192,20.585678213141026,0.0
1,3,681,1316105576463,20.59710500023475,nan
1,1,684,1316837475328,20.608559246794872,0.0
1,3,682,1317571155233,20.62004136670235,nan
1,1,685,1318305217024,20.631529463141025,0.0
1,3,683,1319036677671,20.64297685157189,nan
1,1,686,1319767708672,20.654417516025642,0.0
1,3,684,1320496548683,20.665823891398112,nan
1,1,687,1321902223360,20.687822756410256,0.0
1,3,685,1322633982969,20.6992748236084,nan
1,1,688,1323364237312,20.710703333333335,0.0
1,3,686,1324094128928,20.722126166366188,nan
1,1,689,1324825928192,20.733578854166666,0.0
1,3,687,1325559810101,20.74506413544484,nan
1,1,690,1326293344768,20.756543982371795,0.0
1,3,688,1327025163064,20.767996968023837,nan
1,1,691,1327755212800,20.779422275641025,0.0
1,3,689,1328484747363,20.790839520780125,nan
1,1,692,1329217003008,20.80229935096154,0.0
1,3,690,1329949519743,20.813763267211915,nan
1,1,693,1331357726720,20.835801762820513,0.0
1,3,691,1332086407716,20.847205649601865,nan
1,1,694,1332819859456,20.85868419871795,0.0
1,3,692,1333551649597,20.870136743743114,nan
1,1,695,1334281915392,20.88156543269231,0.0
1,3,693,1335011570278,20.892984560891176,nan
1,1,696,1335744208384,20.904450376602565,0.0
1,3,694,1336476591469,20.915912201225087,nan
1,1,697,1337211447296,20.927412724358977,0.0
1,3,695,1337941790837,20.938842630036184,nan
1,1,698,1338673016320,20.950286338141026,0.0
1,3,696,1340078665010,20.97228479645558,nan
1,1,699,1340812984832,20.983776931089743,0.0
1,3,697,1341544021059,20.995217677330604,nan
1,1,700,1342274769920,21.006653926282052,0.0
1,3,698,1343003922283,21.018065189975836,nan
1,1,701,1343736477184,21.029529703525643,0.0
1,3,699,1345141341202,21.05151588169196,nan
1,1,702,1345871215616,21.06293844551282,0.0
1,3,700,1346601180490,21.07436242503631,nan
1,1,703,1347333024768,21.085815817307694,0.0
1,3,701,1348067335748,21.097307813564203,nan
1,1,704,1348800130048,21.108776073717948,0.0
1,3,702,1349533347159,21.120250950880784,nan
1,1,705,1350939462144,21.14225670673077,0.0
1,3,703,1351671243793,21.153709118855794,nan
1,1,706,1352400832512,21.16512721153846,0.0
1,3,704,1353131398446,21.17656059767503,nan
1,1,707,1353862148608,21.18799686698718,0.0
1,3,705,1354591205465,21.199406636008238,nan
1,1,708,1355323695616,21.21087013621795,0.0
1,3,706,1356056133474,21.222332818040115,nan
1,1,709,1356790875136,21.233831554487182,0.0
1,3,707,1357521570434,21.24526696517553,nan
1,1,710,1358925862400,21.267244190705128,0.0
1,3,708,1359659316521,21.27872277708396,nan
1,1,711,1360393545216,21.290213485576924,0.0
1,3,709,1361796598246,21.312171321708483,nan
1,1,712,1362528728576,21.32362919070513,0.0
1,3,710,1363262245604,21.33510876158103,nan
1,1,713,1363996298752,21.34659672275641,0.0
1,3,711,1364727356402,21.35803780426808,nan
1,1,714,1365458135040,21.36947451923077,0.0
1,3,712,1366186979625,21.380880966186524,nan
1,1,715,1366919960064,21.39235213942308,0.0
1,3,713,1367652421692,21.403815193246697,nan
1,1,716,1368387451392,21.4153184375,0.0
1,3,714,1369790250219,21.437272295344428,nan
1,1,717,1370522245120,21.448728044871796,0.0
1,3,715,1371255598089,21.460205048217773,nan
1,1,718,1371989561344,21.471691602564103,0.0
1,3,716,1372721153802,21.4831410538424,nan
1,1,719,1373451298816,21.494567852564103,0.0
1,3,717,1374181026859,21.505988125672953,nan
1,1,720,1374913145856,21.517445817307692,0.0
1,3,718,1376318340851,21.53943717527732,nan
1,1,721,1377053220352,21.550938068910256,0.0
1,3,719,1377783717370,21.562370376508664,nan
1,1,722,1378515626496,21.573824783653848,0.0
1,3,720,1379248988935,21.585301935205706,nan
1,1,723,1379983834624,21.59680229967949,0.0
1,3,721,1380713813542,21.60822649899214,nan
1,1,724,1381446158848,21.619687732371794,0.0
1,3,722,1382851050197,21.641674338269357,nan
1,1,725,1383581548544,21.653106666666666,0.0
1,3,723,1384311009807,21.66452276465783,nan
1,1,726,1385044013568,21.675994302884614,0.0
1,3,724,1385776463636,21.68745717579377,nan
1,1,727,1386506306560,21.698879246794874,0.0
1,3,725,1387236484167,21.710306555598333,nan
1,1,728,1387968258048,21.721758846153847,0.0
1,3,726,1388701795136,21.733238730969553,nan
1,1,729,1389435666432,21.744723846153846,0.0
1,3,727,1390839282677,21.766690496622722,nan
1,1,730,1391570039296,21.77812686698718,0.0
1,3,728,1392298899246,21.7895335544058,nan
1,1,731,1393031732736,21.801002427884615,0.0
1,3,729,1393764209227,21.81246571431478,nan
1,1,732,1394498922496,21.823964006410257,0.0
1,3,730,1395229598029,21.835399107775565,nan
1,1,733,1396633439744,21.857369286858976,0.0
1,3,731,1397366975494,21.868849150734928,nan
1,1,734,1398100232192,21.8803246474359,0.0
1,3,732,1398832752924,21.891788626239485,nan
1,1,735,1399562287616,21.903205873397436,0.0
1,3,733,1400293248073,21.91464543383476,nan
1,1,736,1401024065536,21.926082756410256,0.0
1,3,734,1401753372530,21.937496440085386,nan
1,1,737,1403159063040,21.959495552884615,0.0
1,3,735,1403891163184,21.97095294946915,nan
1,1,738,1404620992000,21.982374799679487,0.0
1,3,736,1405351555412,21.993808146346655,nan
1,1,739,1406082915328,22.005253958333334,0.0
1,3,737,1406811748988,22.0166602343124,nan
1,1,740,1407545031680,22.028136137820514,0.0
1,3,738,1408277464973,22.039598748200245,nan
1,1,741,1409012076544,22.05109544871795,0.0
1,3,739,1410415158859,22.073053743160933,nan
1,1,742,1411146477056,22.084498902243592,0.0
1,3,740,1411875260789,22.095904396863105,nan
1,1,743,1412608173056,22.10737450320513,0.0
1,3,741,1413340665988,22.1188380469376,nan
1,1,744,1414075584512,22.130339551282052,0.0
1,3,742,1415477791045,22.15228413970165,nan
1,1,745,1416209839104,22.163740721153847,0.0
1,3,743,1416942656091,22.17520933636005,nan
1,1,746,1417676641280,22.18669623397436,0.0
1,3,744,1418407278463,22.198130735160632,nan
1,1,747,1419138256896,22.209570576923078,0.0
1,3,745,1419866612395,22.220969369663337,nan
1,1,748,1420599799808,22.232443782051284,0.0
1,3,746,1422008147282,22.25448447644356,nan
1,1,749,1422739686912,22.26593310096154,0.0
1,3,747,1423473071216,22.27741059470152,nan
1,1,750,1424207029760,22.288897075320513,0.0
1,3,748,1424938060166,22.30033773046249,nan
1,1,751,1425668781056,22.311773541666668,0.0
1,3,749,1426397571751,22.323179145241763,nan
1,1,752,1427804208128,22.345193060897437,0.0
1,3,750,1428534099325,22.35661588737292,nan
1,1,753,1429265992704,22.368070048076923,0.0
1,3,751,1429999117958,22.379543487674027,nan
1,1,754,1430733281280,22.391033173076924,0.0
1,3,752,1431464239021,22.40247269100874,nan
1,1,755,1432195587584,22.413918325320513,0.0
1,3,753,1433596142725,22.435837069389148,nan
1,1,756,1434330475520,22.44732940705128,0.0
1,3,754,1435061148057,22.45876446152907,nan
1,1,757,1435792192000,22.47020532852564,0.0
1,3,755,1436520656071,22.48160582042205,nan
1,1,758,1437253991936,22.493082556089742,0.0
1,3,756,1437985812968,22.504535584560298,nan
1,1,759,1438715559424,22.515956145833336,0.0
1,3,757,1439445971212,22.527387119578826,nan
1,1,760,1440177294336,22.53883235576923,0.0
1,3,758,1441578192875,22.560756474030324,nan
1,1,761,1442312046592,22.572241314102566,0.0
1,3,759,1443043974401,22.583696013637446,nan
1,1,762,1443774161408,22.595123469551282,0.0
1,3,760,1444503781943,22.606542060155626,nan
1,1,763,1445235768320,22.61799767628205,0.0
1,3,761,1445969433403,22.629479564224635,nan
1,1,764,1446702422016,22.640950865384617,0.0
1,3,762,1447435138648,22.65241791003105,nan
1,1,765,1448168953856,22.6639021474359,0.0
1,3,763,1448901137773,22.67536085507124,nan
1,1,766,1450302985728,22.69729983173077,0.0
1,3,764,1451034242104,22.7087440233123,nan
1,1,767,1451764474880,22.72017219551282,0.0
1,3,765,1452494961005,22.731604332635342,nan
1,1,768,1453226279424,22.74304949519231,0.0
1,3,766,1453955420817,22.754460587205156,nan
1,1,769,1454688344064,22.765930865384615,0.0
1,3,767,1455420941752,22.777396048552685,nan
1,1,770,1456828132864,22.799418645833335,0.0
1,3,768,1457558653551,22.81085132385254,nan
1,1,771,1458289780736,22.822293493589743,0.0
1,3,769,1459018498468,22.833697955290965,nan
1,1,772,1459751102464,22.845163237179488,0.0
1,3,770,1460483537596,22.856625876339645,nan
1,1,773,1461218049536,22.868121017628205,0.0
1,3,771,1461948508635,22.879552731792742,nan
1,1,774,1462679315456,22.890989887820513,0.0
1,3,772,1463408023287,22.90239419457069,nan
1,1,775,1464813344256,22.924387524038462,0.0
1,3,773,1465544317902,22.935827290884166,nan
1,1,776,1466274457600,22.947254006410258,0.0
1,3,774,1467003664637,22.958666125754334,nan
1,1,777,1467735917568,22.97012591346154,0.0
1,3,775,1468468418064,22.981589575570915,nan
1,1,778,1469202814976,22.99308291666667,0.0
1,3,776,1469933149995,23.004512688974234,nan
1,1,779,1470664150528,23.015952876602565,0.0
1,3,777,1472074649568,23.038027243088944,nan
1,1,780,1472809259008,23.04952391025641,0.0
1,3,778,1473539239667,23.06094813681578,nan
1,1,781,1474270628352,23.072394399038462,0.0
1,3,779,1475004495366,23.083879447209284,nan
1,1,782,1475737598976,23.095352548076924,0.0
1,3,780,1476469847323,23.106812264044347,nan
1,1,783,1477204280832,23.118306177884616,0.0
1,3,781,1477935167019,23.129744575993467,nan
1,1,784,1478665992704,23.14118202724359,0.0
1,3,782,1479394889060,23.15258928441757,nan
1,1,785,1480800495616,23.174587083333336,0.0
1,3,783,1481532793377,23.186047572631836,nan
1,1,786,1482262499840,23.19746750801282,0.0
1,3,784,1482992943436,23.20889897955479,nan
1,1,787,1483724355584,23.22034560897436,0.0
1,3,785,1485131144708,23.242361915126704,nan
1,1,788,1485864685568,23.25384185897436,0.0
1,3,786,1486597114661,23.265304403623922,nan
1,1,789,1487326720000,23.27672275641026,0.0
1,3,787,1488057876042,23.288165377760667,nan
1,1,790,1488788713984,23.299603020833334,0.0
1,3,788,1489518631294,23.311026255978316,nan
1,1,791,1490250927616,23.322486722756413,0.0
1,3,789,1490984894085,23.333973327401967,nan
1,1,792,1491718585856,23.345455633012822,0.0
1,3,790,1492451156383,23.35692039111015,nan
1,1,793,1493858650112,23.378947724358977,0.0
1,3,791,1494589943898,23.390392501408503,nan
1,1,794,1495320712704,23.4018290625,0.0
1,3,792,1496050991495,23.413257954837114,nan
1,1,795,1496782769152,23.42471030448718,0.0
1,3,793,1497511939255,23.436121845812675,nan
1,1,796,1498244256256,23.44758263621795,0.0
1,3,794,1499650426726,23.46958926041041,nan
1,1,797,1500384095232,23.48107120192308,0.0
1,3,795,1501116563582,23.492534360946266,nan
1,1,798,1501851158016,23.50403079326923,0.0
1,3,796,1502582055836,23.515469373434996,nan
1,1,799,1503312859136,23.526906474358974,0.0
1,3,797,1504041642705,23.538311966411886,nan
1,1,800,1504774319104,23.549778381410256,0.0
1,3,798,1506178726289,23.57175741012182,nan
1,1,801,1506908104704,23.58317221153846,0.0
1,3,799,1507638374597,23.59460096462152,nan
1,1,802,1508369532928,23.60604362179487,0.0
1,3,800,1509097981961,23.61744387834598,nan
1,1,803,1509831169536,23.62891829326923,0.0
1,3,801,1510563219221,23.640374900168396,nan
1,1,804,1511965686272,23.66232356570513,0.0
1,3,802,1512694973949,23.673736947068434,nan
1,1,805,1513427630592,23.685203052884617,0.0
1,3,803,1514160413449,23.696671133954954,nan
1,1,806,1514894852096,23.708165128205128,0.0
1,3,804,1515625917477,23.719606330707258,nan
1,1,807,1516356218880,23.731035576923077,0.0
1,3,805,1517086392653,23.742462825724285,nan
1,1,808,1517817349632,23.75390233173077,0.0
1,3,806,1518546861696,23.765319224759615,nan
1,1,809,1519950630912,23.78728826923077,0.0
1,3,807,1520680198496,23.79870603114984,nan
1,1,810,1521412746240,23.81017043269231,0.0
1,3,808,1522146600566,23.821655282295424,nan
1,1,811,1522880238592,23.83313674679487,0.0
1,3,809,1523613225356,23.84460801901793,nan
1,1,812,1524347842560,23.856104807692308,0.0
1,3,810,1525079635098,23.86755739023062,nan
1,1,813,1526482576384,23.889513477564105,0.0
1,3,811,1527213040498,23.900945270213594,nan
1,1,814,1527944422400,23.912391426282053,0.0
1,3,812,1528673384603,23.92379971396422,nan
1,1,815,1529406704128,23.93527619391026,0.0
1,3,813,1530139394993,23.94674283530211,nan
1,1,816,1530874222080,23.958242908653848,0.0
1,3,814,1531604828360,23.969676926206933,nan
1,1,817,1532336474112,23.981127211538464,0.0
1,3,815,1533070481893,23.992614462718475,nan
1,1,818,1533804066816,24.004095096153847,0.0
1,3,816,1535208111778,24.026068456060948,nan
1,1,819,1535939267584,24.03751107371795,0.0
1,3,817,1536668300238,24.04892046396109,nan
1,1,820,1537401206272,24.06039047275641,0.0
1,3,818,1538134289121,24.071863248713566,nan
1,1,821,1538868998144,24.083361474358973,0.0
1,3,819,1539600126972,24.094803669809195,nan
1,1,822,1540330662912,24.10623658653846,0.0
1,3,820,1541732595414,24.12817688636193,nan
1,1,823,1542465292800,24.139643629807694,0.0
1,3,821,1543198283250,24.151114959716796,nan
1,1,824,1543932420096,24.162604230769233,0.0
1,3,822,1544663875333,24.17405153453338,nan
1,1,825,1545393995264,24.18547794070513,0.0
1,3,823,1546124162614,24.196905088986128,nan
1,1,826,1546855753728,24.20835451923077,0.0
1,3,824,1547590070077,24.219846599512344,nan
1,1,827,1548323457024,24.231324134615384,0.0
1,3,825,1549055385186,24.24277883967473,nan
1,1,828,1550458611200,24.26473938301282,0.0
1,3,826,1551187561774,24.276147488700673,nan
1,1,829,1551920790528,24.287622548076925,0.0
1,3,827,1552652746833,24.299077693575345,nan
1,1,830,1553382762496,24.31050246794872,0.0
1,3,828,1554789312257,24.332515028060524,nan
1,1,831,1555523259904,24.344001338141027,0.0
1,3,829,1556254106148,24.355439111140324,nan
1,1,832,1556984929280,24.3668765224359,0.0
1,3,830,1557713246030,24.378274708752755,nan
1,1,833,1558446937600,24.38975701121795,0.0
1,3,831,1559178205812,24.401201388033353,nan
1,1,834,1560581370880,24.423160977564102,0.0
1,3,832,1561314975522,24.434641919602615,nan
1,1,835,1562048688128,24.44612455128205,0.0
1,3,833,1562779605061,24.45756343056703,nan
1,1,836,1563510466048,24.46900143429487,0.0
1,3,834,1564911097119,24.49092136667105,nan
1,1,837,1565645219840,24.502410416666667,0.0
1,3,835,1566377202739,24.513865978362254,nan
1,1,838,1567106856448,24.525285088141025,0.0
1,3,836,1567837362518,24.536717537403597,nan
1,1,839,1568568885760,24.54816590544872,0.0
1,3,837,1569297632384,24.5595708193109,nan
1,1,840,1570031111168,24.571049791666667,0.0
1,3,838,1571435451722,24.593027777600412,nan
1,1,841,1572166994944,24.604476458333334,0.0
1,3,839,1572896001648,24.615885442457934,nan
1,1,842,1573628683776,24.627351947115386,0.0
1,3,840,1574361749883,24.63882446105957,nan
1,1,843,1575095971328,24.650315056089745,0.0
1,3,841,1575827309696,24.66176053084936,nan
1,1,844,1576557679104,24.673190841346155,0.0
1,3,842,1577287174080,24.684607466947117,nan
1,1,845,1578692251648,24.706596987179488,0.0
1,3,843,1579425160819,24.718067045068985,nan
1,1,846,1580159688192,24.729562427884616,0.0
1,3,844,1580891251589,24.741011424357097,nan
1,1,847,1581621593088,24.752441298076924,0.0
1,3,845,1582351508655,24.763864505943886,nan
1,1,848,1583084157440,24.775330488782053,0.0
1,3,846,1583816477108,24.786791320925982,nan
1,1,849,1584546299904,24.798213076923076,0.0
1,3,847,1585275866856,24.809630828951324,nan
1,1,850,1586681204224,24.831624415064102,0.0
1,3,848,1587412618156,24.843071072403347,nan
1,1,851,1588143071744,24.854502700320513,0.0
1,3,849,1588871739608,24.86590638158554,nan
1,1,852,1589604932608,24.877380881410257,0.0
1,3,850,1591008609687,24.899348483933668,nan
1,1,853,1591739902976,24.910793253205128,0.0
1,3,851,1592473670321,24.92227674155211,nan
1,1,854,1593207461376,24.933760600961538,0.0
1,3,852,1593938687417,24.945204317799103,nan
1,1,855,1594669287424,24.956638237179487,0.0
1,1,856,1596115353088,24.97926922275641,0.0
1,3,854,1596847081038,24.990720794489935,nan
1,1,857,1597577090560,25.00214547275641,0.0
1,3,855,1598978801449,25.02408230432755,nan
1,1,858,1599711714304,25.035552419871795,0.0
1,3,856,1600444702783,25.04702371893467,nan
1,1,859,1601179316224,25.05852044871795,0.0
1,3,857,1601910674747,25.069966238904122,nan
1,1,860,1602641477120,25.081403325320515,0.0
1,3,858,1603370818687,25.092817550064478,nan
1,1,861,1604103655424,25.104286474358975,0.0
1,3,859,1604836791164,25.1157600780624,nan
1,1,862,1605571512832,25.127258501602565,0.0
1,3,860,1606302127768,25.138692654622396,nan
1,1,863,1607706804736,25.16067590544872,0.0
1,3,861,1608439469393,25.17214213668432,nan
1,1,864,1609174700032,25.183648525641026,0.0
1,3,862,1609905060459,25.19507869558481,nan
1,1,865,1610636949504,25.20653278846154,0.0
1,3,863,1612042389272,25.228527977138423,nan
1,1,866,1612772687360,25.23995717147436,0.0
1,3,864,1613502749779,25.251382677581006,nan
1,1,867,1614234866176,25.26284032852564,0.0
1,3,865,1614969072473,25.27433068648901,nan
1,1,868,1615702627840,25.285810857371796,0.0
1,3,866,1616435170407,25.297275177894004,nan
1,1,869,1617164811264,25.308694086538463,0.0
1,3,867,1617895737746,25.320133115265676,nan
1,1,870,1618626910720,25.331576001602564,0.0
1,3,868,1620028660314,25.353513438908504,nan
1,1,871,1620761743872,25.364986225961538,0.0
1,3,869,1621494257526,25.37645009399414,nan
1,1,872,1622223949824,25.387869807692308,0.0
1,3,870,1622954154137,25.39929753444574,nan
1,1,873,1623685945344,25.410750096153848,0.0
1,3,871,1624419683761,25.42223313177647,nan
1,1,874,1625153457152,25.43371671474359,0.0
1,3,872,1625884991161,25.445165251292693,nan
1,1,875,1626615590400,25.456599158653848,0.0
1,3,873,1627344943598,25.46801356542343,nan
1,1,876,1628077427712,25.479476971153847,0.0
1,3,874,1628810201331,25.490944907649116,nan
1,1,877,1630217688576,25.512972139423077,0.0
1,3,875,1630946077627,25.52437145725348,nan
1,1,878,1631679500800,25.535849559294874,0.0
1,3,876,1632410263254,25.547286020977314,nan
1,1,879,1633141607936,25.558731594551283,0.0
1,3,877,1633874796530,25.570206025421925,nan
1,1,880,1634609269248,25.581700552884616,0.0
1,3,878,1635339476224,25.593128321314104,nan
1,1,881,1636071293440,25.604581290064104,0.0
1,3,879,1636803922454,25.616046963485328,nan
1,1,882,1637533816320,25.62746983173077,0.0
1,3,880,1638935021281,25.64939874550844,nan
1,1,883,1639669524480,25.66089375,0.0
1,3,881,1640399868937,25.672323670012645,nan
1,1,884,1641131988480,25.683781370192307,0.0
1,3,882,1641864657177,25.695247664654072,nan
1,1,885,1643267559936,25.71720314903846,0.0
1,3,883,1643996000741,25.72860327682104,nan
1,1,886,1644729751040,25.740086498397435,0.0
1,3,884,1645461362939,25.751536253928162,nan
1,1,887,1646192407040,25.762977123397437,0.0
1,3,885,1646921025596,25.774380032990287,nan
1,1,888,1647654179328,25.785853918269233,0.0
1,3,886,1648385810239,25.79730397133852,nan
1,1,889,1649115952128,25.808730721153847,0.0
1,3,887,1649845005437,25.820140434648565,nan
1,1,890,1651250653184,25.84213887820513,0.0
1,3,888,1651981637946,25.85357881901668,nan
1,1,891,1652712957440,25.865023998397437,0.0
1,3,889,1653446334029,25.87650137139736,nan
1,1,892,1654180196352,25.88798634615385,0.0
1,3,890,1654911644002,25.899433531181142,nan
1,1,893,1655642437632,25.91087048076923,0.0
1,3,891,1656371300494,25.92227721376077,nan
1,1,894,1657104602624,25.93375342147436,0.0
1,3,892,1657836414892,25.94520631278796,nan
1,1,895,1659239126528,25.967158806089746,0.0
1,3,893,1659967887496,25.978563944436097,nan
1,1,896,1660700854784,25.990034911858974,0.0
1,3,894,1661432379289,26.0014832996701,nan
1,1,897,1662162346496,26.012907315705128,0.0
1,3,895,1662891757760,26.024322631209937,nan
1,1,898,1663624750592,26.035793998397438,0.0
1,3,896,1664356900319,26.047252170957908,nan
1,1,899,1665086731776,26.0586740625,0.0
1,3,897,1665816529153,26.070095420688727,nan
1,1,900,1667222259712,26.09209516025641,0.0
1,3,898,1667953630162,26.103541137100613,nan
1,1,901,1668684410368,26.114977876602566,0.0
1,3,899,1669414034686,26.126396526411007,nan
1,1,902,1670820265984,26.148404102564104,0.0
1,3,900,1671551971234,26.159855319041718,nan
1,1,903,1672282700288,26.171291258012822,0.0
1,3,901,1673012141272,26.18270703863682,nan
1,1,904,1673745248256,26.194180192307694,0.0
1,3,902,1674477194750,26.205635184263574,nan
1,1,905,1675207503360,26.21706454326923,0.0
1,3,903,1675936831265,26.22847855420235,nan
1,1,906,1676669894144,26.239951017628204,0.0
1,3,904,1677402098228,26.251410040877904,nan
1,1,907,1678132393472,26.26283919070513,0.0
1,3,905,1679534060290,26.284775332563353,nan
1,1,908,1680267773952,26.29625798076923,0.0
1,3,906,1680999532572,26.307710032489485,nan
1,1,909,1681729927168,26.319140737179488,0.0
1,3,907,1682459533123,26.330559099606244,nan
1,1,910,1683192180736,26.342025064102565,0.0
1,3,908,1683925006947,26.35349382366474,nan
1,1,911,1685333676032,26.375539551282053,0.0
1,3,909,1686066766593,26.387012447932317,nan
1,1,912,1686802174976,26.398521618589744,0.0
1,3,910,1687531881507,26.40994155503493,nan
1,1,913,1688265171968,26.421417580128207,0.0
1,3,911,1688996828468,26.432868033666367,nan
1,1,914,1690400459776,26.454834919871796,0.0
1,3,912,1691133692933,26.466310048155172,nan
1,1,915,1691868308480,26.477806810897437,0.0
1,3,913,1692598265612,26.489230669258315,nan
1,1,916,1693330191872,26.500685344551282,0.0
1,3,914,1694063236140,26.512157516714243,nan
1,1,917,1694797849600,26.523654246794873,0.0
1,3,915,1695527827784,26.53507843462039,nan
1,1,918,1696259746816,26.546532996794873,0.0
1,3,916,1696992966742,26.55800791801257,nan
1,1,919,1697727542272,26.56950405448718,0.0
1,3,917,1699135211765,26.591534138449646,nan
1,1,920,1699868551168,26.60301092948718,0.0
1,3,918,1700599981594,26.614457844958185,nan
1,1,921,1701330828288,26.625895625000002,0.0
1,3,919,1702059151171,26.637293907298552,nan
1,1,922,1702792925184,26.6487775,0.0
1,3,920,1703524369505,26.660224632928312,nan
1,1,923,1704254830080,26.67165637019231,0.0
1,3,921,1704984152461,26.683070294674604,nan
1,1,924,1705716995584,26.69453931891026,0.0
1,3,922,1707120574542,26.71650538583609,nan
1,1,925,1707852216832,26.72795561698718,0.0
1,3,923,1708585206641,26.73942693686461,nan
1,1,926,1709319585280,26.750919991987182,0.0
1,3,924,1710050465411,26.762358295319387,nan
1,1,927,1711454414848,26.78433016025641,0.0
1,3,925,1712187115329,26.79579695213905,nan
1,1,928,1712921487872,26.807289911858977,0.0
1,3,926,1713651525737,26.818715033694538,nan
1,1,929,1714383428608,26.830169342948718,0.0
1,3,927,1715116134272,26.841636215945513,nan
1,1,930,1715850982912,26.853136626602566,0.0
1,3,928,1717252848714,26.87507588256836,nan
1,1,931,1717985779712,26.88654628205128,0.0
1,3,929,1718717850454,26.89800321849334,nan
1,1,932,1719447564800,26.90942327724359,0.0
1,3,930,1720177380497,26.92084492214105,nan
1,1,933,1720909398016,26.932301025641028,0.0
1,3,931,1721642643356,26.943776344588844,nan
1,1,934,1723049805824,26.965798493589745,0.0
1,3,932,1723780077660,26.97722727708083,nan
1,1,935,1724511577600,26.988675280448717,0.0
1,3,933,1725244930412,27.00015228133764,nan
1,1,936,1725978677248,27.01163544871795,0.0
1,3,934,1726709973637,27.023080266504532,nan
1,1,937,1727440244736,27.03450903846154,0.0
1,3,935,1728169445843,27.045921065000876,nan
1,1,938,1728901920256,27.057384318910255,0.0
1,3,936,1730311507055,27.079444408788437,nan
1,1,939,1731042584064,27.09088579326923,0.0
1,3,937,1731776301960,27.10236850773738,nan
1,1,940,1732509805568,27.113847868589744,0.0
1,3,938,1733241168030,27.125293720421425,nan
1,1,941,1734644815360,27.147260857371794,0.0
1,3,939,1735377680741,27.15873022994604,nan
1,1,942,1736111986176,27.17022213942308,0.0
1,3,940,1736842027660,27.181647317896136,nan
1,1,943,1737573614080,27.193096674679488,0.0
1,3,941,1738306512800,27.204566569010417,nan
1,1,944,1739040931328,27.216060248397437,0.0
1,3,942,1739771393706,27.227492013878457,nan
1,1,945,1741176255488,27.249478157051282,0.0
1,3,943,1741908522353,27.260938162826147,nan
1,1,946,1742637904384,27.272353020833336,0.0
1,3,944,1743367490232,27.283771068584738,nan
1,1,947,1744099954688,27.295234166666667,0.0
1,3,945,1744832469970,27.306698060177535,nan
1,1,948,1745567058432,27.31819439903846,0.0
1,3,946,1746297150696,27.329620372220553,nan
1,1,949,1747028797952,27.341070681089743,0.0
1,3,947,1747761775115,27.352541803056766,nan
1,1,950,1748495807488,27.364029439102566,0.0
1,3,948,1749903784110,27.386064329646185,nan
1,1,951,1750635198464,27.397510993589744,0.0
1,3,949,1751368447953,27.408986377469578,nan
1,1,952,1752102249984,27.42047040865385,0.0
1,3,950,1753510386821,27.442507806568635,nan
1,1,953,1754242189312,27.453960544871794,0.0
1,3,951,1754975003024,27.465429108824118,nan
1,1,954,1755709312000,27.47692107371795,0.0
1,3,952,1756440044209,27.488357062064928,nan
1,1,955,1757171073024,27.499797692307695,0.0
1,3,953,1757904620492,27.511277739570815,nan
1,1,956,1758637529600,27.52274779647436,0.0
1,3,954,1759369550055,27.53420394592285,nan
1,1,957,1760775867392,27.556212868589743,0.0
1,3,955,1761506129319,27.567641497004583,nan
1,1,958,1762236969984,27.579079182692308,0.0
1,3,956,1762965381860,27.590478857734876,nan
1,1,959,1763698007552,27.60194447916667,0.0
1,3,957,1764430152716,27.613402580316006,nan
1,1,960,1765164284928,27.624891778846155,0.0
1,3,958,1765894701339,27.636322824941782,nan
1,1,961,1766625806848,27.647764655448718,0.0
1,3,959,1767358999620,27.65923915170523,nan
1,1,962,1768092608000,27.67072015224359,0.0
1,3,960,1769500060397,27.692746838644958,nan
1,1,963,1770231598592,27.704195440705128,0.0
1,3,961,1770964251652,27.715661490447218,nan
1,1,964,1771698152960,27.727147075320513,0.0
1,3,962,1772428879139,27.738582969297752,nan
1,1,965,1773158964736,27.750008838141028,0.0
1,3,963,1773887771236,27.761414689065006,nan
1,1,966,1774620070400,27.772875200320513,0.0
1,3,964,1776029480710,27.794932528138773,nan
1,1,967,1776759087104,27.806350897435898,0.0
1,3,965,1777488478268,27.8177658983749,nan
1,1,968,1778220468736,27.82922157852564,0.0
1,3,966,1778953122147,27.840687633760894,nan
1,1,969,1779686748672,27.852168918269232,0.0
1,3,967,1781094817815,27.874205256770207,nan
1,1,970,1781825018368,27.885632924679488,0.0
1,3,968,1782553987405,27.897041319314027,nan
1,1,971,1783285609472,27.90849123397436,0.0
1,3,969,1784018883694,27.919967004926633,nan
1,1,972,1784751895040,27.931438661858977,0.0
1,3,970,1785483870588,27.94289410851112,nan
1,1,973,1786885491712,27.96482953525641,0.0
1,3,971,1787615339619,27.976251684241664,nan
1,1,974,1788346546176,27.987695096153846,0.0
1,3,972,1789080340858,27.99917901232597,nan
1,1,975,1789812919808,28.01064390224359,0.0
1,3,973,1791217258061,28.032621852166592,nan
1,1,976,1791946650624,28.044036875,0.0
1,3,974,1792677001607,28.055466897144807,nan
1,1,977,1793407497728,28.06689919070513,0.0
1,3,975,1794136681132,28.07831094019181,nan
1,1,978,1794868495360,28.08976386217949,0.0
1,3,976,1795601347031,28.101233020191682,nan
1,1,979,1796335081984,28.112716001602564,0.0
1,3,977,1797065587955,28.124148449315783,nan
1,1,980,1798468728832,28.146107660256412,0.0
1,3,978,1799202376638,28.15758927781325,nan
1,1,981,1799935705600,28.16906590544872,0.0
1,3,979,1800667725524,28.18052204658704,nan
1,1,982,1801402156544,28.19201592147436,0.0
1,3,980,1802132696562,28.20344890202449,nan
1,1,983,1802862901248,28.214876634615386,0.0
1,3,981,1804263967447,28.236803376762197,nan
1,1,984,1804996690432,28.248270520833334,0.0
1,3,982,1805728439306,28.259722420028297,nan
1,1,985,1806457801728,28.271136971153847,0.0
1,3,983,1807187636026,28.282558907157703,nan
1,1,986,1807918991360,28.294004647435898,0.0
1,3,984,1809328921076,28.316070103978866,nan
1,1,987,1810058627584,28.327490040064102,0.0
1,3,985,1810787597085,28.33889844196026,nan
1,1,988,1811519444480,28.35035188301282,0.0
1,3,986,1812251583050,28.361809880965797,nan
1,1,989,1812985684992,28.373298605769232,0.0
1,3,987,1813715602791,28.384721848567082,nan
1,1,990,1815118858752,28.406682860576925,0.0
1,3,988,1815851570246,28.41814982481345,nan
1,1,991,1816585064448,28.429629038461538,0.0
1,3,989,1817315769186,28.441064596886267,nan
1,1,992,1818046147072,28.452495040064104,0.0
1,3,990,1818774505111,28.463893872555463,nan
1,1,993,1819507644416,28.475367532051283,0.0
1,3,991,1820239031740,28.48681377297426,nan
1,1,994,1820968770048,28.49823420673077,0.0
1,3,992,1821703396063,28.509731133297652,nan
1,1,995,1823107698688,28.531708525641026,0.0
1,3,993,1823839016368,28.543153676632613,nan
1,1,996,1824569189888,28.55458092147436,0.0
1,3,994,1825297951990,28.56598607756786,nan
1,1,997,1826030763520,28.577454607371795,0.0
1,3,995,1826762523148,28.58890667486729,nan
1,1,998,1827492261376,28.600327107371797,0.0
1,3,996,1828221805382,28.611744500294222,nan
1,1,999,1828953786880,28.623200040064102,0.0
1,3,997,1830363470333,28.645261642581257,nan
1,1,1000,1831093212672,28.65668213942308,0.0
1,3,998,1831822610736,28.668097248347358,nan
1,1,1001,1832554512384,28.67955153846154,0.0
1,3,999,1833287110234,28.691016724164914,nan
1,1,1002,1834021082624,28.70250342147436,0.0
1,3,1000,1834751999857,28.713942305454353,nan
1,1,1003,1835482066944,28.725367884615384,0.0
1,3,1001,1836212350642,28.736796853747247,nan
1,1,1004,1836943150080,28.74823389423077,0.0
1,3,1002,1838344434073,28.770164044862405,nan
1,1,1005,1839076449792,28.781620120192308,0.0
1,3,1003,1839810324149,28.793105283281378,nan
1,1,1006,1840542555136,28.804564727564102,0.0
1,3,1004,1841275945936,28.816042322966748,nan
1,1,1007,1842008763904,28.827510953525643,0.0
1,3,1005,1842741230309,28.8389740821095,nan
1,1,1008,1843474928640,28.850456490384616,0.0
1,3,1006,1844878709185,28.872425712155074,nan
1,1,1009,1845607801344,28.883836033653846,0.0
1,3,1007,1846338298609,28.895268345117813,nan
1,1,1010,1847068929536,28.906702748397436,0.0
1,3,1008,1847797361714,28.918102741167118,nan
1,1,1011,1848530043904,28.929569246794873,0.0
1,3,1009,1849262636367,28.941034348191483,nan
1,1,1012,1850669003776,28.96304405448718,0.0
1,3,1010,1851398717469,28.974464103017954,nan
1,1,1013,1852130112000,28.98591045673077,0.0
1,3,1011,1852863513415,28.99738821825859,nan
1,1,1014,1853596666368,29.008862091346156,0.0
1,3,1012,1854328376926,29.02031339089418,nan
1,1,1015,1855057577984,29.031725416666667,0.0
1,3,1013,1855787366812,29.043146641063203,nan
1,1,1016,1856518627840,29.05459090544872,0.0
1,3,1014,1857252034239,29.066068744976338,nan
1,1,1017,1857985022464,29.077540040064104,0.0
1,3,1015,1859388815242,29.099509453281502,nan
1,1,1018,1860118765568,29.110933205128205,0.0
1,3,1016,1860848018636,29.122346044859274,nan
1,1,1019,1861579998208,29.13380155448718,0.0
1,3,1017,1862312627703,29.145267235436073,nan
1,1,1020,1863046530048,29.156752836538463,0.0
1,3,1018,1863777491722,29.168192416021885,nan
1,1,1021,1864507480576,29.179616770833334,0.0
1,3,1019,1865236673612,29.191028671061197,nan
1,1,1022,1865968817664,29.202486754807694,0.0
1,3,1020,1866701378416,29.213951359925883,nan
1,1,1023,1868107957248,29.235964375000002,0.0
1,3,1021,1868838391868,29.24739570606721,nan
1,1,1024,1869568766464,29.258826097756412,0.0
1,3,1022,1870974314252,29.28082297695062,nan
1,1,1025,1871708150784,29.292307548076923,0.0
1,3,1023,1872438708801,29.303740810312124,nan
1,1,1026,1873169928192,29.315184423076925,0.0
1,3,1024,1873903342938,29.326662393235427,nan
1,1,1027,1874637221376,29.33814762019231,0.0
1,3,1025,1875367804023,29.349581267887995,nan
1,1,1028,1876098796544,29.361021330128207,0.0
1,3,1026,1876832282022,29.372500407245344,nan
1,1,1029,1877565657600,29.38397776442308,0.0
1,3,1027,1878296435910,29.395414474252554,nan
1,1,1030,1879700023296,29.417380673076924,0.0
1,3,1028,1880432859035,29.42884958175268,nan
1,1,1031,1881166800896,29.440335801282053,0.0
1,3,1029,1881897756341,29.451775283281375,nan
1,1,1032,1882628086272,29.46320497596154,0.0
1,3,1030,1883357290496,29.474617051282053,nan
1,1,1033,1884089666560,29.486078766025642,0.0
1,3,1031,1884822584600,29.497548962715346,nan
1,1,1034,1885556885504,29.50904080128205,0.0
1,3,1032,1886964563418,29.531071017033504,nan
1,1,1035,1887696375808,29.54252391025641,0.0
1,3,1033,1888429328638,29.55399465141101,nan
1,1,1036,1889163279872,29.565481017628205,0.0
1,3,1034,1889894303254,29.5769215628443,nan
1,1,1037,1890624486400,29.588348958333334,0.0
1,3,1035,1892025412349,29.610273505562024,nan
1,1,1038,1892758612992,29.621748125,0.0
1,3,1036,1893490526769,29.63320260493352,nan
1,1,1039,1894219735552,29.644614751602564,0.0
1,3,1037,1894949557611,29.656036496065582,nan
1,1,1040,1895680644608,29.667478036858974,0.0
1,3,1038,1896414206093,29.67895830348871,nan
1,1,1041,1897146991104,29.690426418269233,0.0
1,3,1039,1897878617521,29.701876401007237,nan
1,1,1042,1899281309696,29.72382858974359,0.0
1,3,1040,1900014953092,29.735310138283754,nan
1,1,1043,1900748295680,29.746786979166668,0.0
1,3,1041,1902156584259,29.768826751849836,nan
1,1,1044,1902887182336,29.78026064102564,0.0
1,3,1042,1903615968377,29.79166617176545,nan
1,1,1045,1904348369408,29.80312827724359,0.0
1,3,1043,1905080641952,29.814588371895034,nan
1,1,1046,1905814787584,29.82607778044872,0.0
1,3,1044,1906545428681,29.837512342889248,nan
1,1,1047,1907275713536,29.848941330128206,0.0
1,3,1045,1908004421632,29.860345641025642,nan
1,1,1048,1908736885248,29.87180872596154,0.0
1,3,1046,1910146223291,29.893864922798354,nan
1,1,1049,1910876184576,29.905288846153848,0.0
1,3,1047,1911605729282,29.9167062500313,nan
1,1,1050,1912337056256,29.92815154647436,0.0
1,3,1048,1913069905699,29.939620669618265,nan
1,1,1051,1913803419136,29.951100184294873,0.0
1,3,1049,1914534196805,29.962536884092675,nan
1,1,1052,1915264403456,29.9739646474359,0.0
1,3,1050,1916665210170,29.99588732863206,nan
1,1,1053,1917397762560,30.007351802884617,0.0
1,3,1051,1918130017886,30.018811628073667,nan
1,1,1054,1918864011264,30.030298653846156,0.0
1,3,1052,1919594554764,30.041731688889726,nan
1,1,1055,1920324258304,30.053151578525643,0.0
1,3,1053,1921053844166,30.064569626496144,nan
1,1,1056,1921785009664,30.076012395833335,0.0
1,3,1054,1922518586347,30.087492900312377,nan
1,1,1057,1923251665920,30.098965625,0.0
1,3,1055,1923983257343,30.110415060080506,nan
1,1,1058,1925385339392,30.132357700320515,0.0
1,3,1056,1926114246143,30.14376512017666,nan
1,1,1059,1926846417920,30.155223637820512,0.0
1,3,1057,1927578888984,30.166686839317908,nan
1,1,1060,1928312728064,30.178171450320512,0.0
1,3,1058,1929043405880,30.189606587414865,nan
1,1,1061,1929773774336,30.201036883012822,0.0
1,3,1059,1931179701004,30.22303969169421,nan
1,1,1062,1931912571904,30.234509150641028,0.0
1,3,1060,1932644212289,30.245959351978794,nan
1,1,1063,1933373794304,30.25737733974359,0.0
1,3,1061,1934103243134,30.268793243157802,nan
1,1,1064,1934834838528,30.280242740384615,0.0
1,3,1062,1935568428687,30.2917234557636,nan
1,1,1065,1936301117952,30.303190072115385,0.0
1,3,1063,1937033161671,30.31464658564641,nan
1,1,1066,1937767662592,30.32614155448718,0.0
1,3,1064,1939174772342,30.34816287844927,nan
1,1,1067,1939907363840,30.35962796474359,0.0
1,3,1065,1941311583544,30.381604059369995,nan
1,1,1068,1942041613312,30.39302905448718,0.0
1,3,1066,1942771207812,30.404447237642728,nan
1,1,1069,1943503450624,30.41590686698718,0.0
1,3,1067,1944236149669,30.42737363639636,nan
1,1,1070,1944970549248,30.43886701923077,0.0
1,3,1068,1945700778183,30.450295131319486,nan
1,1,1071,1946431389184,30.46172922275641,0.0
1,3,1069,1947160014337,30.473132235592573,nan
1,1,1072,1947892668416,30.484598301282052,0.0
1,3,1070,1949300921537,30.506637519046098,nan
1,1,1073,1950031541760,30.518071754807693,0.0
1,3,1071,1950764678634,30.529545376258262,nan
1,1,1074,1951498289152,30.54102641025641,0.0
1,3,1072,1952228775704,30.5524585540615,nan
1,1,1075,1953632296448,30.5744237099359,0.0
1,3,1073,1954364164082,30.585877467729617,nan
1,1,1076,1955093300736,30.597288485576925,0.0
1,3,1074,1955822423334,30.608699283447265,nan
1,1,1077,1956553889280,30.620146754807692,0.0
1,3,1075,1957286656595,30.631614592645107,nan
1,1,1078,1958020360704,30.643097091346156,0.0
1,3,1076,1958751491438,30.65453931662535,nan
1,1,1079,1959481283072,30.6659605849359,0.0
1,3,1077,1960210891949,30.677378993092074,nan
1,1,1080,1960942062592,30.68882184294872,0.0
1,3,1078,1962352504686,30.710895318227916,nan
1,1,1081,1963086442496,30.722381474358976,0.0
1,3,1079,1963817144465,30.733816989448744,nan
1,1,1082,1964547251200,30.745243189102563,0.0
1,3,1080,1965276245965,30.756651986381335,nan
1,1,1083,1966008211456,30.768107275641025,0.0
1,3,1081,1966740245235,30.779563633610653,nan
1,1,1084,1967469683200,30.79097936698718,0.0
1,3,1082,1968199166510,30.802395810014776,nan
1,1,1085,1969603343360,30.82437123397436,0.0
1,3,1083,1970335501052,30.8358295311874,nan
1,1,1086,1971743050752,30.857857740384617,0.0
1,3,1084,1972472546767,30.86927438224597,nan
1,1,1087,1973204600320,30.88073104967949,0.0
1,3,1085,1973937771773,30.892205212292794,nan
1,1,1088,1974671433728,30.903687051282052,0.0
1,3,1086,1975402909713,30.91513467975323,nan
1,1,1089,1976132411392,30.926551410256412,0.0
1,3,1087,1976862339920,30.937974820963543,nan
1,1,1090,1977593572864,30.949418645833333,0.0
1,3,1088,1979003791887,30.971488630042444,nan
1,1,1091,1979737639424,30.982973373397435,0.0
1,3,1089,1980467793219,30.994400309542144,nan
1,1,1092,1981198707712,31.005839150641027,0.0
1,3,1090,1981932112476,31.01731696458083,nan
1,1,1093,1982665544704,31.028795208333335,0.0
1,3,1091,1983396351871,31.040232369776017,nan
1,1,1094,1984126747136,31.0516630849359,0.0
1,3,1092,1984854918844,31.063059001339646,nan
1,1,1095,1985587572736,31.074525064102566,0.0
1,3,1093,1986319215602,31.08597530426808,nan
1,1,1096,1987720827392,31.107910584935897,0.0
1,3,1094,1988449154273,31.11930892980331,nan
1,1,1097,1989181630976,31.130772219551282,0.0
1,3,1095,1989913720827,31.142229455049957,nan
1,1,1098,1990647912960,31.153719591346153,0.0
1,3,1096,1991378601257,31.165154892468575,nan
1,1,1099,1992109104640,31.17658729967949,0.0
1,3,1097,1992837691486,31.187989713009568,nan
1,1,1100,1993570534912,31.19945874198718,0.0
1,3,1098,1994302393216,31.210912353766027,nan
1,1,1101,1995704824832,31.23286046474359,0.0
1,3,1099,1996433289855,31.24426097153884,nan
1,1,1102,1997166150144,31.25573026442308,0.0
1,3,1100,1997897612696,31.267177682667267,nan
1,1,1103,1998627396608,31.278598830128207,0.0
1,3,1101,1999356299476,31.290006189215244,nan
1,1,1104,2000088712192,31.301468477564104,0.0
1,3,1102,2001497950102,31.323523107315456,nan
1,1,1105,2002227815936,31.334945536858974,0.0
1,3,1103,2002956433611,31.34634843266414,nan
1,1,1106,2003688584704,31.357806626602564,0.0
1,3,1104,2004420634626,31.369263237210788,nan
1,1,1107,2005154862592,31.380753934294873,0.0
1,3,1105,2005885046038,31.392181334478916,nan
1,1,1108,2006615717376,31.40361637019231,0.0
1,3,1106,2007344285271,31.41501848693848,nan
1,1,1109,2008077141504,31.426487716346156,0.0
1,3,1107,2008809025923,31.4379417368258,nan
1,1,1110,2010210825728,31.459879959935897,0.0
1,3,1108,2010940275302,31.47129587499374,nan
1,1,1111,2011671584768,31.4827408974359,0.0
1,3,1109,2012400211865,31.49414394069574,nan
1,1,1112,2013132218880,31.505599879807693,0.0
1,3,1110,2013865198267,31.517071036580404,nan
1,1,1113,2015270557696,31.53906496794872,0.0
1,3,1111,2016001863563,31.550509934066383,nan
1,1,1114,2016731333632,31.561926169871796,0.0
1,3,1112,2017461149901,31.57334782372108,nan
1,1,1115,2018192228864,31.58478923878205,0.0
1,3,1113,2018925773307,31.5962692387038,nan
1,1,1116,2019658694656,31.607739487179487,0.0
1,3,1114,2020395706609,31.61927375377166,nan
1,1,1117,2021797636608,31.641214014423078,0.0
1,3,1115,2022526520804,31.65262108129257,nan
1,1,1118,2023258507264,31.66407669871795,0.0
1,3,1116,2023990695695,31.67553547699757,nan
1,1,1119,2024725606400,31.68703685897436,0.0
1,3,1117,2025454950445,31.698451122499126,nan
1,1,1120,2026187236864,31.709911434294874,0.0
1,3,1118,2026918981966,31.721363274457882,nan
1,1,1121,2027648898048,31.732786490384616,0.0
1,3,1119,2028377912462,31.744195595171025,nan
1,1,1122,2029110155776,31.755655232371797,0.0
1,3,1120,2030514822501,31.777638322894756,nan
1,1,1123,2031249444352,31.789135184294874,0.0
1,3,1121,2031980166785,31.800571019647062,nan
1,1,1124,2032710565376,31.812001786858975,0.0
1,3,1122,2033440039367,31.823418084043848,nan
1,1,1125,2034171816448,31.834870424679487,0.0
1,3,1123,2034904851679,31.846342455413037,nan
1,1,1126,2035638540288,31.857824711538463,0.0
1,3,1124,2036369768958,31.869268469519984,nan
1,1,1127,2037100430336,31.880703349358974,0.0
1,3,1125,2037829724484,31.89211683199369,nan
1,1,1128,2039234339840,31.914099118589746,0.0
1,3,1126,2039966911501,31.92556389443422,nan
1,1,1129,2040701108224,31.937054102564105,0.0
1,3,1127,2041432164149,31.948495157079453,nan
1,1,1130,2042162528256,31.959925384615385,0.0
1,3,1128,2042891784812,31.971338278933796,nan
1,1,1131,2043623918592,31.98279620192308,0.0
1,3,1129,2044356476292,31.994260759277346,nan
1,1,1132,2045090579968,32.00574951121795,0.0
1,3,1130,2045821414064,32.017187094100564,nan
1,1,1133,2047224463872,32.039144879807694,0.0
1,1,1134,2048615888896,32.06092073717949,0.0
1,3,1131,2049348156416,32.07238075320513,nan
1,1,1135,2050749987840,32.094319471153845,0.0
1,3,1132,2051478402809,32.10571919460199,nan
1,1,1136,2052211008000,32.11718449519231,0.0
1,3,1133,2052942728728,32.128635953901245,nan
1,1,1137,2053672585728,32.14005824519231,0.0
1,3,1134,2055073799941,32.16198730376415,nan
1,1,1138,2055807244288,32.17346573717949,0.0
1,3,1135,2056538653240,32.18491231658153,nan
1,1,1139,2057268546560,32.196335176282055,0.0
1,3,1136,2057997717351,32.20774672837477,nan
1,1,1140,2058729706496,32.219202387820516,0.0
1,3,1137,2060139828269,32.24127085006323,nan
1,1,1141,2060869097472,32.25268394230769,0.0
1,3,1138,2061599217003,32.264110342219425,nan
1,1,1142,2062330010112,32.27554728365385,0.0
1,3,1139,2063058230946,32.28694396888146,nan
1,1,1143,2063790898176,32.29841024038462,0.0
1,3,1140,2064522794436,32.309864446176384,nan
1,1,1144,2065251584000,32.32127003205128,0.0
1,3,1141,2066653987505,32.34321770309057,nan
1,1,1145,2067384838656,32.354655552884616,0.0
1,3,1142,2068113468422,32.36605863791441,nan
1,1,1146,2068845594624,32.377516442307694,0.0
1,3,1143,2069578065699,32.38897964397724,nan
1,1,1147,2070312037376,32.400466330128204,0.0
1,3,1144,2071719813593,32.42249808432555,nan
1,1,1148,2072451124224,32.433943125,0.0
1,3,1145,2073184670454,32.445423152888374,nan
1,1,1149,2073917509632,32.45689211538462,0.0
1,3,1146,2074649452069,32.46834704384828,nan
1,1,1150,2075378956288,32.47976381410256,0.0
1,3,1147,2076108659552,32.49118369941907,nan
1,1,1151,2076840369664,32.50263499198718,0.0
1,3,1148,2077573022339,32.514101035704,nan
1,1,1152,2078979180544,32.53610746794872,0.0
1,3,1149,2079709600612,32.54753857127654,nan
1,1,1153,2080439971840,32.55896891025641,0.0
1,3,1150,2081169254561,32.57038221405812,nan
1,1,1154,2081900645888,32.5818285176282,0.0
1,3,1151,2082634332619,32.59331074436286,nan
1,1,1155,2084039561728,32.61530263621795,0.0
1,3,1152,2084771336347,32.626754938323195,nan
1,1,1156,2085500483072,32.63816611378205,0.0
1,3,1153,2086231007703,32.64959885352501,nan
1,1,1157,2086961442816,32.66103019230769,0.0
1,3,1154,2087690914071,32.67244644667405,nan
1,1,1158,2088422660608,32.683898309294875,0.0
1,3,1155,2089156327485,32.69538022531363,nan
1,1,1159,2089889070592,32.70684768429487,0.0
1,3,1156,2090622010200,32.718318218524644,nan
1,1,1160,2092028035072,32.74032256410256,0.0
1,3,1157,2092759861286,32.751775673671624,nan
1,1,1161,2093494287360,32.76326947115385,0.0
1,3,1158,2094225908029,32.774719363935425,nan
1,1,1162,2094955770368,32.78614173878205,0.0
1,3,1159,2095686017140,32.79757013002053,nan
1,1,1163,2096416840192,32.8090075400641,0.0
1,3,1160,2097145903031,32.820417402703704,nan
1,1,1164,2097877975040,32.83187435897436,0.0
1,3,1161,2099283233932,32.8538667169346,nan
1,1,1165,2100016816640,32.86534731570513,0.0
1,3,1162,2100748705213,32.87680140119504,nan
1,1,1166,2101477709312,32.88821034455128,0.0
1,3,1163,2102208370413,32.89964522005521,nan
1,1,1167,2102938589696,32.91107318108975,0.0
1,3,1164,2104340055525,32.93300617746206,nan
1,1,1168,2105073440256,32.94448367788462,0.0
1,3,1165,2105805167358,32.9559352363469,nan
1,1,1169,2106534753792,32.967353293269234,0.0
1,3,1166,2107264482877,32.97877358268542,nan
1,1,1170,2107995906560,32.9902203926282,0.0
1,3,1167,2108729387874,33.001699404578574,nan
1,1,1171,2110135028736,33.02369774038462,0.0
1,3,1168,2110866580022,33.035146547319464,nan
1,1,1172,2111595612160,33.046555929487184,0.0
1,3,1169,2112326454650,33.05799364373623,nan
1,1,1173,2113056135168,33.069413173076924,0.0
1,3,1170,2113786327743,33.08084071613018,nan
1,1,1174,2115189978112,33.102807900641025,0.0
1,3,1171,2115923466123,33.11428701739972,nan
1,1,1175,2116656862208,33.12576469551282,0.0
1,3,1172,2117388259500,33.1372110924354,nan
1,1,1176,2118117637632,33.14862588942308,0.0
1,3,1173,2118847151086,33.16004280420548,nan
1,1,1177,2119578213376,33.17148395833333,0.0
1,3,1174,2120311813912,33.18296483611278,nan
1,1,1178,2121717332992,33.20496126602564,0.0
1,3,1175,2122448041982,33.21639689099434,nan
1,1,1179,2123178638336,33.227830753205126,0.0
1,3,1176,2123907369272,33.23923542154948,nan
1,1,1180,2124639950848,33.2507003525641,0.0
1,3,1177,2125372362840,33.262162629582335,nan
1,1,1181,2126106971648,33.27365928685897,0.0
1,3,1178,2126837017989,33.285084541344276,nan
1,1,1182,2127568145408,33.29652671474359,0.0
1,3,1179,2128301354668,33.30800146903796,nan
1,1,1183,2129707357184,33.33000546474359,0.0
1,3,1180,2130438108539,33.34144175272624,nan
1,1,1184,2131168716288,33.352875793269234,0.0
1,3,1181,2131897841845,33.364286637448046,nan
1,1,1185,2132629698048,33.37574021634615,0.0
1,3,1182,2133363425255,33.387223076531825,nan
1,1,1186,2134095750656,33.39868399839744,0.0
1,3,1183,2135500595898,33.4206698827186,nan
1,1,1187,2136234601472,33.432157099358975,0.0
1,3,1184,2136966020569,33.443603837530674,nan
1,1,1188,2137695560192,33.45502116185897,0.0
1,3,1185,2138425475357,33.46644436343462,nan
1,1,1189,2139156004352,33.47787717147436,0.0
1,3,1186,2140557335053,33.49980805308807,nan
1,1,1190,2141288288256,33.5112475,0.0
1,3,1187,2142017311036,33.52265673571465,nan
1,1,1191,2142748597760,33.53410140224359,0.0
1,3,1188,2144154148881,33.55609833359939,nan
1,1,1192,2144887006720,33.567567588141024,0.0
1,3,1189,2145618969415,33.57902283364321,nan
1,1,1193,2146352923136,33.590509238782055,0.0
1,3,1190,2147083702893,33.60194597125714,nan
1,1,1194,2147813725696,33.6133708573718,0.0
1,3,1191,2149214841173,33.63529837072128,nan
1,1,1195,2149947074048,33.64675784455128,0.0
1,3,1192,2150679799941,33.65822503413274,nan
1,1,1196,2151413690880,33.66971045673077,0.0
1,3,1193,2152145161644,33.68115800349309,nan
1,1,1197,2152874402816,33.692570657051284,0.0
1,3,1194,2153604935909,33.704003529224885,nan
1,1,1198,2154335323136,33.71543411858975,0.0
1,3,1195,2155736849879,33.73736806826861,nan
1,1,1199,2156468461568,33.74881782051282,0.0
1,3,1196,2157201941230,33.760296806609325,nan
1,1,1200,2157934622208,33.77176329326923,0.0
1,3,1197,2158667354139,33.78323057734563,nan
1,1,1201,2159401027072,33.794712588141024,0.0
1,3,1198,2160805508853,33.81669278428298,nan
1,1,1202,2161534609920,33.82810324519231,0.0
1,3,1199,2162265711654,33.83954501662034,nan
1,1,1203,2162995646464,33.85096852564103,0.0
1,3,1200,2163725258594,33.86238698470678,nan
1,1,1204,2164456546304,33.87383166666667,0.0
1,3,1201,2165185277600,33.88523634064504,nan
1,1,1205,2165917701632,33.896698806089745,0.0
1,3,1202,2166650586058,33.908168476719,nan
1,1,1206,2167384367104,33.91965217948718,0.0
1,3,1203,2168788456597,33.94162623630621,nan
1,1,1207,2170190735872,33.96357196314103,0.0
1,3,1204,2170920830861,33.974997978969476,nan
1,1,1208,2171652354560,33.98644635416667,0.0
1,3,1205,2172385854123,33.99792565171462,nan
1,1,1209,2173119416832,34.0094059375,0.0
1,3,1206,2173851098057,34.0208567779854,nan
1,1,1210,2174580350976,34.032269615384614,0.0
1,3,1207,2175311158530,34.043706782883866,nan
1,1,1211,2176041352704,34.05513435096154,0.0
1,3,1208,2176771161668,34.06655589048728,nan
1,1,1212,2178175151616,34.088528389423075,0.0
1,3,1209,2178908397850,34.10000372236203,nan
1,1,1213,2179641441792,34.111475889423076,0.0
1,3,1210,2180373263436,34.122928927471456,nan
1,1,1214,2181774653952,34.14486074519231,0.0
1,3,1211,2182503104825,34.15626103053949,nan
1,1,1215,2183235676672,34.16772580929487,0.0
1,3,1212,2183967187044,34.17917397592398,nan
1,1,1216,2184696715776,34.19059112980769,0.0
1,3,1213,2185426271138,34.20200870045198,nan
1,1,1217,2186157622272,34.213454375,0.0
1,3,1214,2186890714833,34.22492730295035,nan
1,1,1218,2187623696896,34.236398501602565,0.0
1,3,1215,2189027492248,34.25836795510317,nan
1,1,1219,2189756194304,34.26977217147436,0.0
1,3,1216,2190486747865,34.28120536397298,nan
1,1,1220,2191216475136,34.292625625,0.0
1,3,1217,2191946145809,34.30404500026605,nan
1,1,1221,2193349386240,34.32600576923077,0.0
1,3,1218,2194082475235,34.337478641373075,nan
1,1,1222,2194815321600,34.34894771634615,0.0
1,3,1219,2195547740685,34.36041010437012,nan
1,1,1223,2196281230848,34.37188925480769,0.0
1,3,1220,2197012500786,34.38333365863507,nan
1,1,1224,2197741903872,34.394748846153846,0.0
1,3,1221,2199144095268,34.41669319767879,nan
1,1,1225,2199874929664,34.428130785256414,0.0
1,3,1222,2200604187991,34.439543707291044,nan
1,1,1226,2201335269888,34.450985168269234,0.0
1,3,1223,2202063790745,34.462386548868814,nan
1,1,1227,2202795728384,34.47384140224359,0.0
1,3,1224,2203529017273,34.485317402735,nan
1,1,1228,2204261551616,34.49678159455128,0.0
1,3,1225,2204994154718,34.50824686244867,nan
1,1,1229,2206399563264,34.5302415625,0.0
1,3,1226,2207131571120,34.54169751477364,nan
1,1,1230,2207865707520,34.553186778846154,0.0
1,3,1227,2208596922067,34.56463031580216,nan
1,1,1231,2209326300672,34.57604512019231,0.0
1,3,1228,2210056422413,34.58747155469063,nan
1,1,1232,2211459740672,34.60943354166667,0.0
1,3,1229,2212193225442,34.62091260770357,nan
1,1,1233,2212926033920,34.63238108974359,0.0
1,3,1230,2213657964560,34.643835833583736,nan
1,1,1234,2214392265728,34.65532767628205,0.0
1,3,1231,2215122403626,34.66675436363807,nan
1,1,1235,2215853036544,34.678188798076924,0.0
1,3,1232,2216581515890,34.68958952902769,nan
1,1,1236,2217313792000,34.70104967948718,0.0
1,3,1233,2218046453657,34.712515863772666,nan
1,1,1237,2219452573184,34.73452169070513,0.0
1,3,1234,2220183385191,34.74595892789401,nan
1,1,1238,2220913213440,34.75738076923077,0.0
1,3,1235,2221642801072,34.768798844901845,nan
1,1,1239,2222373932032,34.78024107371795,0.0
1,3,1236,2223102420204,34.79164194279598,nan
1,1,1240,2223835367936,34.80311260416667,0.0
1,3,1237,2225238827446,34.82507680172651,nan
1,1,1241,2225968817152,34.836501169871795,0.0
1,3,1238,2226697478903,34.84790475546812,nan
1,1,1242,2227429921280,34.859367508012824,0.0
1,3,1239,2228161493037,34.870816635319635,nan
1,1,1243,2228891244032,34.882237267628206,0.0
1,3,1240,2229620134758,34.89364443669246,nan
1,1,1244,2230352296448,34.90510279647436,0.0
1,3,1241,2231090230912,34.91665150040064,nan
1,1,1245,2232496949248,34.93866669871795,0.0
1,3,1242,2233227106123,34.95009368306478,nan
1,1,1246,2233958169088,34.96153484775641,0.0
1,3,1243,2234691580037,34.97301275849171,nan
1,1,1247,2235424542208,34.984483645833336,0.0
1,3,1244,2236156139426,34.99593317160582,nan
1,1,1248,2236885547520,35.0073484375,0.0
1,3,1245,2237615422691,35.01877101316794,nan
1,1,1249,2238346330624,35.03020975160256,0.0
1,3,1246,2239746445784,35.05212160995092,nan
1,1,1250,2240479761408,35.06359802884616,0.0
1,3,1247,2241211102449,35.07504354543833,nan
1,1,1251,2242613692928,35.096994142628205,0.0
1,3,1248,2243342160874,35.10839469516852,nan
1,1,1252,2244075019776,35.11986396634615,0.0
1,3,1249,2244806874392,35.131317520407656,nan
1,1,1253,2245536338944,35.142733669871795,0.0
1,3,1250,2246265976407,35.154152525400015,nan
1,1,1254,2246997557760,35.165601802884616,0.0
1,3,1251,2247730601345,35.1770739643586,nan
1,1,1255,2248464179712,35.18855449519231,0.0
1,3,1252,2249195268773,35.19999606828738,nan
1,1,1256,2250597619712,35.22194291666667,0.0
1,3,1253,2251326119840,35.233343972856574,nan
1,1,1257,2252058873344,35.24481159455128,0.0
1,3,1254,2252790716107,35.256264963112855,nan
1,1,1258,2253519882752,35.267676450320515,0.0
1,3,1255,2254249583118,35.279096290283206,nan
1,1,1259,2254980641792,35.290537387820514,0.0
1,3,1256,2255714324785,35.30201955605531,nan
1,1,1260,2256447102464,35.31348755608975,0.0
1,3,1257,2257850879506,35.335456723038114,nan
1,1,1261,2258580813312,35.34688021634616,0.0
1,3,1258,2259310454603,35.35829913178273,nan
1,1,1262,2260042268672,35.36975205128205,0.0
1,3,1259,2260775518329,35.38122743779109,nan
1,1,1263,2261509406208,35.3927128125,0.0
1,3,1260,2262240548256,35.40415521484375,nan
1,1,1264,2262970787328,35.415583485576924,0.0
1,3,1261,2264371712153,35.43750801521497,nan
1,1,1265,2265104472576,35.44897574519231,0.0
1,3,1262,2265836686280,35.4604349189954,nan
1,1,1266,2266571305472,35.471931738782054,0.0
1,3,1263,2267301677278,35.483362086807645,nan
1,1,1267,2268032407040,35.494798036858974,0.0
1,3,1264,2268761251879,35.50620448778984,nan
1,1,1268,2270166176768,35.528191618589744,0.0
1,3,1265,2270897791228,35.53964141420022,nan
1,1,1269,2271627650048,35.55106373397436,0.0
1,3,1266,2272357319751,35.56248309405987,nan
1,1,1270,2273088890368,35.573932203525644,0.0
1,3,1267,2273822642544,35.585415454477165,nan
1,1,1271,2274555591680,35.59688613782051,0.0
1,3,1268,2275288248463,35.6083522458277,nan
1,1,1272,2276022686208,35.61984622596154,0.0
1,3,1269,2276753651145,35.63128585651104,nan
1,1,1273,2277484093952,35.64271731570513,0.0
1,3,1270,2278885474991,35.66464898511055,nan
1,1,1274,2279617798656,35.67610987980769,0.0
1,3,1271,2280350917079,35.687583212499376,nan
1,1,1275,2281084811264,35.69906868589744,0.0
1,3,1272,2281816221934,35.71051529218625,nan
1,1,1276,2282545795584,35.72193314903846,0.0
1,3,1273,2283947721200,35.74387334109576,nan
1,1,1277,2284679789568,35.755330240384616,0.0
1,3,1274,2285413539094,35.766813449863534,nan
1,1,1278,2286146507776,35.77828443910256,0.0
1,3,1275,2286878941238,35.789747052127154,nan
1,1,1279,2287613426176,35.801241770833336,0.0
1,3,1276,2289015997209,35.82319206369253,nan
1,1,1280,2289747767808,35.83464430288462,0.0
1,3,1277,2290481094721,35.84612089845315,nan
1,1,1281,2291887730176,35.86813479967949,0.0
1,3,1278,2292618240286,35.87956731216822,nan
1,1,1282,2293349178880,35.89100653044872,0.0
1,3,1279,2294078201955,35.902415770780124,nan
1,1,1283,2294810436096,35.913875264423076,0.0
1,3,1280,2295543445368,35.92534688889724,nan
1,1,1284,2296277139968,35.93682923878205,0.0
1,3,1281,2297008981683,35.948282590942384,nan
1,1,1285,2297738600960,35.95970116185897,0.0
1,3,1282,2299140682149,35.98164378863995,nan
1,1,1286,2299873482752,35.9931121474359,0.0
1,3,1283,2300605933262,36.00457502726237,nan
1,1,1287,2301340901376,36.016077307692306,0.0
1,3,1284,2302070862339,36.02750122600849,nan
1,1,1288,2302802738688,36.038955120192306,0.0
1,3,1285,2303536090913,36.05043211189466,nan
1,1,1289,2304269675520,36.061912740384614,0.0
1,3,1286,2305001607246,36.0733675012207,nan
1,1,1290,2306404142592,36.09531723557692,0.0
1,3,1287,2307133486403,36.10673149543958,nan
1,1,1291,2307866426368,36.11820203525641,0.0
1,3,1288,2308598956644,36.12966616342398,nan
1,1,1292,2310006328832,36.15169159455128,0.0
1,3,1289,2310736383282,36.163116975942756,nan
1,1,1293,2311467858432,36.174564591346154,0.0
1,3,1290,2312201530478,36.18604658825997,nan
1,1,1294,2312935196672,36.19752849358974,0.0
1,3,1291,2313666341775,36.20897094374437,nan
1,1,1295,2314397088256,36.22040715544872,0.0
1,3,1292,2315125795030,36.2318114456568,nan
1,1,1296,2315858863616,36.24328399839744,0.0
1,3,1293,2317263494056,36.26526652105869,nan
1,1,1297,2317993197056,36.27668640224359,0.0
1,3,1294,2318723996408,36.28812344138121,nan
1,1,1298,2319454499328,36.299555841346155,0.0
1,3,1295,2320856282598,36.32149380568284,nan
1,1,1299,2321587898880,36.332943629807694,0.0
1,3,1296,2322322265872,36.34443650265425,nan
1,1,1300,2323054830592,36.35590116987179,0.0
1,3,1297,2323788083260,36.367376603503104,nan
1,1,1301,2324521943552,36.37886154647436,0.0
1,3,1298,2325253793112,36.39031502140926,nan
1,1,1302,2325983651840,36.40173733974359,0.0
1,3,1299,2326713868962,36.41316526695839,nan
1,1,1303,2328117564416,36.43513315705128,0.0
1,3,1300,2328851942259,36.44662619971642,nan
1,1,1304,2329584249344,36.4580868349359,0.0
1,3,1301,2330317613212,36.46956400885166,nan
1,1,1305,2331050882560,36.48103970352564,0.0
1,3,1302,2332455076202,36.5030153902807,nan
1,1,1306,2333184726528,36.514434447115384,0.0
1,3,1303,2333915053751,36.52586409741524,nan
1,1,1307,2334645799424,36.53730029647436,0.0
1,3,1304,2335375191045,36.548715304565434,nan
1,1,1308,2336106908160,36.56016670673077,0.0
1,3,1305,2336840873242,36.571653289669726,nan
1,1,1309,2337573867520,36.58312467948718,0.0
1,3,1306,2338978336756,36.60510467929938,nan
1,1,1310,2339707500032,36.616516113782055,0.0
1,3,1307,2340438158635,36.62795095019219,nan
1,1,1311,2341168504832,36.6393808974359,0.0
1,3,1308,2341898017928,36.650797806615586,nan
1,1,1312,2342629754880,36.66224951923077,0.0
1,3,1309,2343363142050,36.67372705782377,nan
1,1,1313,2344769026048,36.69572919871795,0.0
1,3,1310,2345499912819,36.707167605966426,nan
1,1,1314,2346229953024,36.71859276442308,0.0
1,3,1311,2346959318973,36.73000737074632,nan
1,1,1315,2347691043328,36.74145888621795,0.0
1,3,1312,2348424468209,36.75293701498961,nan
1,1,1316,2349830239232,36.774937387820515,0.0
1,3,1313,2350561725378,36.78638517531175,nan
1,1,1317,2351291454976,36.79780547275641,0.0
1,3,1314,2352021731080,36.80923432304187,nan
1,1,1318,2352752459776,36.82067025641026,0.0
1,3,1315,2353481482840,36.83207949656951,nan
1,1,1319,2354213151744,36.84353014423077,0.0
1,3,1316,2354947015049,36.8550151343556,nan
1,1,1320,2355679321088,36.86647575320513,0.0
1,3,1317,2356412702886,36.877953207726115,nan
1,1,1321,2357145603584,36.88942313301282,0.0
1,3,1318,2358550294406,36.9114066006548,nan
1,1,1322,2359283663360,36.92288385416667,0.0
1,3,1319,2360016362146,36.93435061952249,nan
1,1,1323,2360749774848,36.94582855769231,0.0
1,3,1320,2361481896910,36.957286297294424,nan
1,1,1324,2362215925760,36.96877387820513,0.0
1,3,1321,2362947269883,36.98021944303073,nan
1,1,1325,2363676115456,36.99162590544872,0.0
1,3,1322,2364407666740,37.003074712352266,nan
1,1,1326,2365141708288,37.01456249198718,0.0
1,3,1323,2366545620747,37.03653377821702,nan
1,1,1327,2367279533568,37.048019543269234,0.0
1,3,1324,2368011069502,37.05946810994466,nan
1,1,1328,2368739927552,37.070874767628204,0.0
1,3,1325,2369471270261,37.08232031032465,nan
1,1,1329,2370200529408,37.09373324519231,0.0
1,3,1326,2370931546299,37.105173688823996,nan
1,1,1330,2371660696576,37.1165849198718,0.0
1,3,1327,2372391661570,37.12802455131335,nan
1,1,1331,2373121126400,37.13944070512821,0.0
1,3,1328,2374523412739,37.1613865425149,nan
1,1,1332,2375254618112,37.17282993589744,0.0
1,3,1329,2375983248453,37.184233029926006,nan
1,1,1333,2376715463680,37.1956922275641,0.0
1,3,1330,2377448635231,37.20716639171111,nan
1,1,1334,2378181121024,37.21862982371795,0.0
1,3,1331,2378914277532,37.23010375244141,nan
1,1,1335,2379646963712,37.24157032051282,0.0
1,3,1332,2381052495743,37.263566953109354,nan
1,1,1336,2381785672192,37.275041193910255,0.0
1,3,1333,2382518536346,37.2865105472819,nan
1,1,1337,2383252255744,37.29799328525641,0.0
1,3,1334,2383984060868,37.30944606476613,nan
1,1,1338,2384713383424,37.32085999198718,0.0
1,3,1335,2385444361473,37.33229982774001,nan
1,1,1339,2386174618624,37.34372838141026,0.0
1,3,1336,2386904689743,37.35515402367225,nan
1,1,1340,2387635939840,37.36659811698718,0.0
1,3,1337,2389036388687,37.388515197550454,nan
1,1,1341,2389769581568,37.39998969551282,0.0
1,3,1338,2390501563005,37.41144523432805,nan
1,1,1342,2391235923456,37.42293800480769,0.0
1,3,1339,2391966395823,37.43436992661697,nan
1,1,1343,2392696795648,37.445800713141026,0.0
1,3,1340,2394097554092,37.467722638909756,nan
1,1,1344,2394830650880,37.47919563301282,0.0
1,3,1341,2395562692567,37.490652114742964,nan
1,1,1345,2396291760640,37.50206205929487,0.0
1,3,1342,2397022249756,37.51349424322667,nan
1,1,1346,2397752492544,37.524922572115386,0.0
1,3,1343,2398481469553,37.53633109151205,nan
1,1,1347,2399885834240,37.5583094551282,0.0
1,3,1344,2400618209090,37.56977115087265,nan
1,1,1348,2401351759360,37.58125124198718,0.0
1,3,1345,2402083274872,37.592699489057495,nan
1,1,1349,2402812148224,37.60410638621795,0.0
1,3,1346,2403542913996,37.615542899827226,nan
1,1,1350,2404272660480,37.626963461538466,0.0
1,3,1347,2405002135306,37.638379771791115,nan
1,1,1351,2405733701632,37.64982881410256,0.0
1,3,1348,2406467354175,37.661310505793644,nan
1,1,1352,2407872140800,37.68329547275641,0.0
1,3,1349,2408605019929,37.694765060487406,nan
1,1,1353,2409337851392,37.70623390224359,0.0
1,3,1350,2410070613570,37.71770165968675,nan
1,1,1354,2410803867136,37.7291771073718,0.0
1,3,1351,2412208139051,37.75115401910244,nan
1,1,1355,2412941562368,37.76263212339744,0.0
1,3,1352,2413673473112,37.774086555864386,nan
1,1,1356,2414407238144,37.78557000801282,0.0
1,3,1353,2415138552209,37.79701510242951,nan
1,1,1357,2415867797504,37.80842782051282,0.0
1,3,1354,2416598361811,37.81986118118677,nan
1,1,1358,2417328617472,37.83128971153846,0.0
1,3,1355,2418057965593,37.84270403885279,nan
1,1,1359,2419461169664,37.864664238782055,0.0
1,3,1356,2420189881111,37.87606860212277,nan
1,1,1360,2420921739264,37.88752221153846,0.0
1,3,1357,2421655336002,37.899003029879054,nan
1,1,1361,2422388241920,37.910473036858974,0.0
1,3,1358,2423120986491,37.92194051875188,nan
1,1,1362,2423854894592,37.933426209935895,0.0
1,3,1359,2424586452654,37.94487512291541,nan
1,1,1363,2425315889664,37.95629084134615,0.0
1,3,1360,2426718232999,37.978237570722534,nan
1,1,1364,2427449270272,37.98967833333334,0.0
1,3,1361,2428177834228,38.001080388434,nan
1,1,1365,2428909440512,38.012530056089744,0.0
1,1,1366,2431031604224,38.04574200320513,0.0
1,3,1363,2431762757464,38.057184580704124,nan
1,1,1367,2432491940864,38.06859633012821,0.0
1,3,1364,2433222502560,38.0800296499399,nan
1,1,1368,2433952177664,38.09144909455129,0.0
1,3,1365,2434682194941,38.10287389418382,nan
1,1,1369,2435412441600,38.11430228365385,0.0
1,3,1366,2436141254463,38.12570823415903,nan
1,1,1370,2436873149440,38.13716241987179,0.0
1,3,1367,2438282375705,38.15921686737843,nan
1,1,1371,2439011962880,38.17063493589744,0.0
1,3,1368,2439741412706,38.18205085489909,nan
1,1,1372,2440472829440,38.193497556089746,0.0
1,3,1369,2441206072986,38.20497284696139,nan
1,1,1373,2441939429376,38.216449903846154,0.0
1,3,1370,2442670694347,38.22789422993978,nan
1,1,1374,2443400492544,38.23931560096154,0.0
1,3,1371,2444130259733,38.250736486706856,nan
1,1,1375,2444861509632,38.26218057692308,0.0
1,3,1372,2446262198809,38.284101418660484,nan
1,1,1376,2446994678272,38.29556475160256,0.0
1,3,1373,2447727347528,38.307031054812704,nan
1,1,1377,2448461003776,38.31851280448718,0.0
1,3,1374,2449192584837,38.329962077401966,nan
1,1,1378,2449921639424,38.341371810897435,0.0
1,3,1375,2450652243396,38.35280579233023,nan
1,1,1379,2451382783488,38.36423877403846,0.0
1,3,1376,2452111674131,38.37564594180376,nan
1,1,1380,2452843883008,38.38710504006411,0.0
1,3,1377,2453576387149,38.39856875921787,nan
1,1,1381,2454982999040,38.42058229166667,0.0
1,3,1378,2455712488749,38.431998834838865,nan
1,1,1382,2456443974144,38.44344661057693,0.0
1,3,1379,2457177736817,38.45493002580692,nan
1,1,1383,2457910307328,38.46639478365385,0.0
1,3,1380,2458642461092,38.47785301939353,nan
1,1,1384,2459376646656,38.489343052884614,0.0
1,3,1381,2460112131256,38.500853416341144,nan
1,1,1385,2461516051456,38.52282482371795,0.0
1,3,1382,2462248260530,38.53428392506135,nan
1,1,1386,2462982224896,38.54577049679487,0.0
1,3,1383,2463712785123,38.557203793616665,nan
1,1,1387,2464443329024,38.5686368349359,0.0
1,3,1384,2465171901487,38.58003902317145,nan
1,1,1388,2465904320512,38.59150141025641,0.0
1,3,1385,2466636368738,38.60295799432217,nan
1,1,1389,2467370660352,38.6144496875,0.0
1,3,1386,2468777244213,38.63646278127817,nan
1,1,1390,2469509789184,38.647927139423075,0.0
1,3,1387,2470241190782,38.65937360373473,nan
1,1,1391,2470970378752,38.67078542467949,0.0
1,3,1388,2471699739851,38.68219995510004,nan
1,1,1392,2473103695872,38.70417192307693,0.0
1,3,1389,2473835679666,38.7156274987793,nan
1,1,1393,2474569916416,38.72711833333334,0.0
1,3,1390,2475300176105,38.73854692672338,nan
1,1,1394,2476030759424,38.7499805849359,0.0
1,3,1391,2476759373874,38.76138343026968,nan
1,1,1395,2477491503104,38.77284128205128,0.0
1,3,1392,2478223863145,38.78430274603428,nan
1,1,1396,2479630078464,38.80631007211539,0.0
1,3,1393,2480360051810,38.81773418422601,nan
1,1,1397,2481090883584,38.82917173076923,0.0
1,3,1394,2481824317848,38.84065000638522,nan
1,1,1398,2482557504000,38.852124399038466,0.0
1,3,1395,2483288737471,38.86356823215583,nan
1,1,1399,2484018328576,38.87498636217949,0.0
1,3,1396,2484748144153,38.886408005198945,nan
1,1,1400,2486151608320,38.90837227564103,0.0
1,3,1397,2486883621120,38.91982830528846,nan
1,1,1401,2487617887232,38.93131959935898,0.0
1,3,1398,2488348810312,38.94275857484475,nan
1,1,1402,2489078480384,38.95417794070513,0.0
1,3,1399,2489808370572,38.96560075138972,nan
1,1,1403,2490539227648,38.97703869391026,0.0
1,3,1400,2491268121302,38.98844590879783,nan
1,1,1404,2492672103936,39.01041829326923,0.0
1,3,1401,2493405232061,39.0218917777976,nan
1,1,1405,2494137900032,39.033358060897434,0.0
1,3,1402,2494869709038,39.04481090116061,nan
1,1,1406,2495603716608,39.05629814903846,0.0
1,3,1403,2496334531624,39.06773543331831,nan
1,1,1407,2497064424960,39.07915829326923,0.0
1,3,1404,2497794094969,39.09057765814366,nan
1,1,1408,2499197551104,39.112541802884614,0.0
1,3,1405,2499931570789,39.12402924036271,nan
1,1,1409,2500663588864,39.1354853525641,0.0
1,3,1406,2501397096343,39.14696477399777,nan
1,1,1410,2502129982464,39.158434471153846,0.0
1,3,1407,2502862465222,39.16989785566281,nan
1,1,1411,2503596158464,39.18138018429487,0.0
1,3,1408,2504327863814,39.19283140233749,nan
1,1,1412,2505729814016,39.21477197916667,0.0
1,3,1409,2506459708660,39.22619485958784,nan
1,1,1413,2507191428608,39.237646306089744,0.0
1,3,1410,2507924727358,39.2491224609062,nan
1,1,1414,2508658373120,39.26060404647436,0.0
1,3,1411,2510061686561,39.2825659580485,nan
1,1,1415,2510792338944,39.294000697115386,0.0
1,3,1412,2511521262194,39.30540837518154,nan
1,1,1416,2512253409792,39.316866514423076,0.0
1,3,1413,2512985864610,39.328329461669924,nan
1,1,1417,2513720224768,39.339822227564106,0.0
1,3,1414,2515122518144,39.36176817508013,nan
1,1,1418,2515854759936,39.37322778846154,0.0
1,3,1415,2516586966458,39.384686849866036,nan
1,1,1419,2517316322304,39.39610129807692,0.0
1,3,1416,2518045532426,39.40751346570137,nan
1,1,1420,2519450527232,39.42950169070513,0.0
1,3,1417,2520181479433,39.44094112193572,nan
1,1,1421,2521584000512,39.46289063301282,0.0
1,3,1418,2522313054985,39.474300364724186,nan
1,1,1422,2523044765696,39.485751666666665,0.0
1,3,1419,2523778633780,39.49723673158304,nan
1,1,1423,2524511460352,39.508705496794875,0.0
1,3,1420,2525243872606,39.520167777913414,nan
1,1,1424,2525978217984,39.5316603125,0.0
1,3,1421,2526709366412,39.543102814691004,nan
1,1,1425,2528111691264,39.5650492548077,0.0
1,3,1422,2528841024917,39.57646335569724,nan
1,1,1426,2529572490752,39.58791082532051,0.0
1,3,1423,2530306595507,39.59939959414751,nan
1,1,1427,2531038666752,39.61085653846154,0.0
1,3,1424,2531771928041,39.62233210701184,nan
1,1,1428,2532504949248,39.63380391826923,0.0
1,3,1425,2533237577501,39.64526957978077,nan
1,1,1429,2533971411968,39.656754118589745,0.0
1,3,1426,2534702902350,39.66820197237455,nan
1,1,1430,2536104830464,39.69014220352564,0.0
1,3,1427,2536835402561,39.70157568611341,nan
1,1,1431,2537565587456,39.71300310897436,0.0
1,3,1428,2538295426714,39.72442512260241,nan
1,1,1432,2539026831360,39.735871634615386,0.0
1,3,1429,2539760995278,39.74736132934571,nan
1,1,1433,2540493641728,39.758827275641025,0.0
1,3,1430,2541226351858,39.7702942185309,nan
1,1,1434,2541960139776,39.781778028846155,0.0
1,3,1431,2542691418661,39.79322257269444,nan
1,1,1435,2543421287424,39.80464504807692,0.0
1,3,1432,2544823283500,39.82658634283604,nan
1,1,1436,2545554601472,39.838031498397434,0.0
1,3,1433,2546287994974,39.84950913608649,nan
1,1,1437,2547021096448,39.860982203525644,0.0
1,3,1434,2547752446350,39.87242785879282,nan
1,1,1438,2548481852928,39.88384310096154,0.0
1,3,1435,2549211480797,39.89526180634328,nan
1,1,1439,2549943108096,39.906711802884615,0.0
1,3,1436,2550676572182,39.9181905452161,nan
1,1,1440,2551409579008,39.92966213141026,0.0
1,3,1437,2552813677816,39.951636334009414,nan
1,1,1441,2553543097856,39.963051786858976,0.0
1,3,1438,2554273530447,39.97448308617225,nan
1,1,1442,2555003725312,39.985910665064104,0.0
1,3,1439,2555732995993,39.99732378043933,nan
1,1,1443,2556464078336,40.00876524839744,0.0
1,3,1440,2557192603366,40.02016669430464,nan
1,1,1444,2557924694528,40.031623950320515,0.0
1,3,1441,2558657535514,40.04309294111203,nan
1,1,1445,2559391116288,40.05457350961539,0.0
1,3,1442,2560122092877,40.066013322519154,nan
1,1,1446,2560851574272,40.07742973557693,0.0
1,3,1443,2562258395214,40.09944653968224,nan
1,1,1447,2562990330880,40.11090136217949,0.0
1,3,1444,2563723077500,40.122368876139326,nan
1,1,1448,2564456533504,40.13384749198718,0.0
1,3,1445,2565187512997,40.14528735033867,nan
1,1,1449,2565917236736,40.15670755608974,0.0
1,3,1446,2566646563339,40.16812154664651,nan
1,1,1450,2567378419200,40.17957512019231,0.0
1,3,1447,2568787352275,40.2016249792637,nan
1,1,1451,2569516680192,40.21303899038462,0.0
1,3,1448,2570245937189,40.224451891604694,nan
1,1,1452,2570976991744,40.23589292467949,0.0
1,3,1449,2571710398297,40.247370766617216,nan
1,1,1453,2572442714624,40.25883154647436,0.0
1,3,1450,2573851609656,40.280880810171276,nan
1,1,1454,2574580961792,40.29229520032052,0.0
1,3,1451,2575310446463,40.303711664647814,nan
1,1,1455,2576041439232,40.31515173076923,0.0
1,3,1452,2576774856876,40.326629746281554,nan
1,1,1456,2577507505152,40.33809572115385,0.0
1,3,1453,2578916585874,40.3601478909067,nan
1,1,1457,2579645937664,40.371562275641026,0.0
1,3,1454,2580376152791,40.38299017163399,nan
1,1,1458,2581106404352,40.394418637820515,0.0
1,3,1455,2581835867171,40.40583476016314,nan
1,1,1459,2582566752768,40.417273149038465,0.0
1,3,1456,2583295574906,40.42867924469777,nan
1,1,1460,2584699464192,40.450650168269235,0.0
1,3,1457,2585432547934,40.462122958201874,nan
1,1,1461,2586165394432,40.47359203525641,0.0
1,3,1458,2586897550735,40.485050310731545,nan
1,1,1462,2587631642112,40.49653887019231,0.0
1,3,1459,2588362354878,40.50797455425556,nan
1,1,1463,2589092597760,40.51940288461539,0.0
1,3,1460,2590493939144,40.54133393341847,nan
1,1,1464,2591225566208,40.55278392628205,0.0
1,3,1461,2591959208183,40.56426545258351,nan
1,1,1465,2592691511808,40.57572603365385,0.0
1,3,1462,2593423832129,40.587186876017256,nan
1,1,1466,2594157574144,40.598669967948716,0.0
1,3,1463,2594888972651,40.610116383886094,nan
1,1,1467,2596290829824,40.632055504807695,0.0
1,3,1464,2597021061224,40.64348365547376,nan
1,1,1468,2597751694848,40.65491810096154,0.0
1,3,1465,2598481211324,40.66633506303836,nan
1,1,1469,2599212349440,40.67777740384616,0.0
1,3,1466,2600612938934,40.699696685540616,nan
1,1,1470,2601345556480,40.71116217948718,0.0
1,3,1467,2602078320636,40.72262996788612,nan
1,1,1471,2602811809792,40.734109102564105,0.0
1,3,1468,2603542973221,40.74555183952136,nan
1,1,1472,2604272694784,40.75697201121795,0.0
1,3,1469,2605002163837,40.76838823112292,nan
1,1,1473,2606406127616,40.790360320512825,0.0
1,3,1470,2607138137452,40.80181630377354,nan
1,1,1474,2607867596288,40.81323236378205,0.0
1,3,1471,2608597669050,40.82465803175706,nan
1,1,1475,2609328991744,40.83610326121795,0.0
1,3,1472,2610062372868,40.84758070519081,nan
1,1,1476,2611467798528,40.86957567307692,0.0
1,3,1473,2612199536865,40.88102740736741,nan
1,1,1477,2612929223168,40.89244702724359,0.0
1,3,1474,2613659278385,40.90387242063865,nan
1,1,1478,2614390401024,40.91531451923077,0.0
1,3,1475,2615119110014,40.92671884411934,nan
1,1,1479,2615851679744,40.93818358974359,0.0
1,3,1476,2616584741037,40.949656028348485,nan
1,1,1480,2617317868032,40.96112949519231,0.0
1,3,1477,2618722601882,40.98311363622421,nan
1,1,1481,2619457324032,40.99461206730769,0.0
1,3,1478,2620860891260,41.01657795065856,nan
1,1,1482,2621591279104,41.02800854967949,0.0
1,3,1479,2622320469964,41.03942041585287,nan
1,1,1483,2623052636160,41.05087884615385,0.0
1,3,1480,2623785046796,41.06234110195062,nan
1,1,1484,2624519375360,41.073833373397434,0.0
1,3,1481,2625249213500,41.085255369528745,nan
1,1,1485,2625980777472,41.096704375,0.0
1,3,1482,2626713716092,41.108174893767526,nan
1,1,1486,2628119655424,41.13017790064103,0.0
1,3,1483,2628849951857,41.14160706907615,nan
1,1,1487,2629580727296,41.15304373397436,0.0
1,3,1484,2630309573042,41.16445019909981,nan
1,1,1488,2631714123776,41.186431474358976,0.0
1,3,1485,2632446439082,41.19789223823743,nan
1,1,1489,2633180329984,41.209377660256415,0.0
1,3,1486,2633910905830,41.22081120151618,nan
1,1,1490,2634641275904,41.2322415224359,0.0
1,3,1487,2635369968442,41.24364558985001,nan
1,1,1491,2636101754880,41.255098076923076,0.0
1,3,1488,2636834621559,41.26656746981107,nan
1,1,1492,2638240588800,41.28857091346154,0.0
1,3,1489,2638970441566,41.299993138490336,nan
1,1,1493,2639701126144,41.31142838141026,0.0
1,3,1490,2640429274814,41.32282393726838,nan
1,1,1494,2641162037760,41.334291706730774,0.0
1,3,1491,2641893429225,41.345738012460565,nan
1,1,1495,2642622554112,41.35714884615385,0.0
1,3,1492,2643351618874,41.368558738888474,nan
1,1,1496,2644083021312,41.380005216346156,0.0
1,3,1493,2645492468267,41.402063117660134,nan
1,1,1497,2646221874688,41.413478357371794,0.0
1,3,1494,2646951253896,41.42489317119892,nan
1,1,1498,2647682305024,41.436334150641024,0.0
1,3,1495,2648415698110,41.44781178181966,nan
1,1,1499,2649148436480,41.45927916666667,0.0
1,3,1496,2650557451653,41.481330310575046,nan
1,1,1500,2651286948864,41.49274697115385,0.0
1,3,1497,2652016275675,41.50416096496582,nan
1,1,1501,2652747500032,41.51560465544872,0.0
1,3,1498,2653480613403,41.5270779090764,nan
1,1,1502,2654213751296,41.53855154647436,0.0
1,3,1499,2654945507669,41.55000356302897,nan
1,1,1503,2655674565632,41.56141334935898,0.0
1,3,1500,2656404949663,41.57284388870631,nan
1,1,1504,2657807558656,41.59479477564103,0.0
1,3,1501,2658536754095,41.606206713475935,nan
1,1,1505,2659268859904,41.61766419871795,0.0
1,3,1502,2660001814748,41.62913497139173,nan
1,1,1506,2660735895552,41.64062336538462,0.0
1,3,1503,2661466097688,41.65205105806791,nan
1,1,1507,2662197233664,41.66349336538462,0.0
1,3,1504,2662930575190,41.67497018964718,nan
1,1,1508,2663664137216,41.686450464743594,0.0
1,3,1505,2665072191534,41.708486571232726,nan
1,1,1509,2665803965440,41.71993886217949,0.0
1,3,1506,2666536962403,41.7314102940173,nan
1,1,1510,2667271251968,41.742901955128204,0.0
1,3,1507,2668001015964,41.75432279090295,nan
1,1,1511,2668732684800,41.7657734375,0.0
1,3,1508,2670142311806,41.78783415661934,nan
1,1,1512,2670872704512,41.79926483173077,0.0
1,3,1509,2671601389771,41.810668785228245,nan
1,1,1513,2672334339072,41.82213947115385,0.0
1,3,1510,2673065560586,41.83358311714368,nan
1,1,1514,2673795719168,41.84501012820513,0.0
1,3,1511,2674524946784,41.85642256961138,nan
1,1,1515,2675257340928,41.86788456730769,0.0
1,3,1512,2675990196878,41.87935379228641,nan
1,1,1516,2676724165120,41.89084042467949,0.0
1,3,1513,2678127312265,41.91279973371457,nan
1,1,1517,2678858028032,41.92423546474359,0.0
1,3,1514,2679586981595,41.93564361720941,nan
1,1,1518,2680319280640,41.94710412660257,0.0
1,3,1515,2681051960837,41.95857060103979,nan
1,1,1519,2681785907712,41.97005689903846,0.0
1,3,1516,2682516527421,41.981491126755934,nan
1,1,1520,2683247527936,41.99293131410256,0.0
1,3,1517,2684652988989,42.01492683589055,nan
1,3,1518,2686047932098,42.03675775143355,nan
1,1,1521,2686779656704,42.04820927083333,0.0
1,3,1519,2687512697343,42.0596813862023,nan
1,1,1522,2688918420480,42.08168100961539,0.0
1,3,1520,2689649390822,42.093120724753355,nan
1,1,1523,2690379062272,42.104540112179485,0.0
1,3,1521,2691108933688,42.11596262908153,nan
1,1,1524,2691840200704,42.12740698717949,0.0
1,3,1522,2692573903208,42.13888946076222,nan
1,1,1525,2693306873344,42.15036047275641,0.0
1,3,1523,2694038576300,42.16181165333283,nan
1,1,1526,2694768110080,42.17322888621795,0.0
1,3,1524,2696169870263,42.19516648924216,nan
1,1,1527,2696902194176,42.20662738782051,0.0
1,3,1525,2697635409634,42.21810223911383,nan
1,1,1528,2698368496128,42.22957507211539,0.0
1,3,1526,2699100762150,42.241035064697265,nan
1,1,1529,2699835055104,42.25252677884615,0.0
1,3,1527,2700565712218,42.263961591953375,nan
1,1,1530,2701296455168,42.27539774839744,0.0
1,1,1531,2703487476224,42.309687315705126,0.0
1,3,1529,2704217205918,42.32110761465219,nan
1,1,1532,2704948649472,42.33255473557693,0.0
1,3,1530,2705682417113,42.344038228556315,nan
1,1,1533,2706415281664,42.35550758814103,0.0
1,3,1531,2707148114184,42.3669764464393,nan
1,1,1534,2707881848832,42.378459423076926,0.0
1,3,1532,2708613471292,42.38990934388772,nan
1,1,1535,2709343178752,42.40132929487179,0.0
1,3,1533,2710073321367,42.412756056049055,nan
1,1,1536,2711476874752,42.434721722756414,0.0
1,3,1534,2712210209421,42.446198439706656,nan
1,1,1537,2712943397376,42.45767286057693,0.0
1,3,1535,2713674636727,42.46911678571652,nan
1,1,1538,2714404188160,42.480534294871795,0.0
1,3,1536,2715133712142,42.49195137441782,nan
1,1,1539,2715865532416,42.50340439102564,0.0
1,3,1537,2716598314564,42.5148724610001,nan
1,1,1540,2717332282880,42.52635909455128,0.0
1,3,1538,2718063077264,42.5377960559395,nan
1,1,1541,2719466408448,42.559758245192306,0.0
1,3,1539,2720199628421,42.57123316714556,nan
1,1,1542,2720933216256,42.582713846153844,0.0
1,3,1540,2721664911277,42.5941649025472,nan
1,1,1543,2722394697728,42.60558608974359,0.0
1,3,1541,2723124561162,42.61700848172701,nan
1,1,1544,2723856587776,42.6284647275641,0.0
1,3,1542,2724590214714,42.63994601853591,nan
1,1,1545,2725323543040,42.65142263621795,0.0
1,3,1543,2726055576941,42.66287899609688,nan
1,1,1546,2726784993792,42.674294399038466,0.0
1,3,1544,2728187396732,42.69624206123548,nan
1,1,1547,2728918760448,42.70768793269231,0.0
1,3,1545,2729647313866,42.719089822872846,nan
1,1,1548,2730380000256,42.73055639423077,0.0
1,3,1546,2731112441598,42.742019130577674,nan
1,1,1549,2731846971392,42.75351455128205,0.0
1,3,1547,2733249006578,42.775456458114235,nan
1,1,1550,2733980371968,42.78690235576923,0.0
1,3,1548,2734713706803,42.798379075317385,nan
1,1,1551,2735447078400,42.80985637019231,0.0
1,3,1549,2736178292335,42.82129989757049,nan
1,1,1552,2736908191744,42.8327228525641,0.0
1,3,1550,2737637852086,42.844142066149594,nan
1,1,1553,2738369309696,42.85558940705128,0.0
1,3,1551,2739102994674,42.867071606351416,nan
1,1,1554,2740507936256,42.88905899839744,0.0
1,3,1552,2741239823344,42.900513060647036,nan
1,1,1555,2741969206784,42.91192794070513,0.0
1,3,1553,2742699028801,42.923349684510846,nan
1,1,1556,2743430122496,42.934791330128206,0.0
1,3,1554,2744163775104,42.94627302283654,nan
1,1,1557,2744896455680,42.95773950320513,0.0
1,3,1555,2745629070250,42.96920495057717,nan
1,1,1558,2746363069440,42.98069206730769,0.0
1,3,1556,2747094335716,42.99213641382462,nan
1,1,1559,2747824163840,43.00355825320513,0.0
1,3,1557,2749225905140,43.025495560709636,nan
1,1,1560,2749957583872,43.036946362179485,0.0
1,3,1558,2750690524971,43.04841691974347,nan
1,1,1561,2751424241664,43.059899615384616,0.0
1,3,1559,2752154906214,43.071334544865536,nan
1,1,1562,2752885361664,43.08276620192308,0.0
1,3,1560,2753614086086,43.09417076832307,nan
1,1,1563,2755019162112,43.11616026442308,0.0
1,3,1561,2755751044271,43.12761424953363,nan
1,1,1564,2756480559104,43.13903118589744,0.0
1,3,1562,2757210551298,43.150455592980016,nan
1,1,1565,2757942203904,43.16190598557692,0.0
1,3,1563,2759347706605,43.18390215915778,nan
1,1,1566,2760082017792,43.19539415865385,0.0
1,3,1564,2760813266472,43.206838229792666,nan
1,1,1567,2761543365632,43.21826431089744,0.0
1,3,1565,2762273184620,43.22968600729918,nan
1,1,1568,2763004700672,43.241134262820516,0.0
1,3,1566,2763738570403,43.25261935351249,nan
1,1,1569,2764471549440,43.26409050480769,0.0
1,3,1567,2765203848682,43.2755510172839,nan
1,1,1570,2765938003456,43.28704056891026,0.0
1,3,1568,2766668840728,43.298478201497396,nan
1,1,1571,2768071397888,43.32042827724359,0.0
1,3,1569,2768800854055,43.33184429548215,nan
1,1,1572,2769532328448,43.34329189903846,0.0
1,3,1570,2770265764191,43.35477019780086,nan
1,1,1573,2770999077376,43.36624657852564,0.0
1,3,1571,2771730598553,43.37769491425343,nan
1,1,1574,2772459853312,43.38910778044872,0.0
1,3,1572,2773189147136,43.40052125801282,nan
1,1,1575,2773920751104,43.41197088942308,0.0
1,3,1573,2774653838637,43.42344373868502,nan
1,1,1576,2776059668480,43.44544503205128,0.0
1,3,1574,2776790394908,43.45688092992538,nan
1,1,1577,2777520182784,43.46830213942308,0.0
1,3,1575,2778249630571,43.4797180265143,nan
1,1,1578,2778981023744,43.49116435897436,0.0
1,3,1576,2779714309807,43.50264031523876,nan
1,1,1579,2780447400448,43.51411321314103,0.0
1,3,1577,2781179247582,43.52556665010893,nan
1,1,1580,2782581408256,43.547510520833335,0.0
1,3,1578,2783310448368,43.55892002779447,nan
1,1,1581,2784042440192,43.57037572916667,0.0
1,3,1579,2784775003185,43.5818403693566,nan
1,1,1582,2785509024256,43.593327828525645,0.0
1,3,1580,2786239966049,43.60476709687062,nan
1,1,1583,2786970167808,43.616194783653846,0.0
1,3,1581,2787699282091,43.6276054513941,nan
1,1,1584,2789103608832,43.64958322115385,0.0
1,3,1582,2789836294058,43.66104977429512,nan
1,1,1585,2790570191872,43.672535304487184,0.0
1,3,1583,2791301177051,43.6839752518248,nan
1,1,1586,2792031536128,43.69540540064103,0.0
1,3,1584,2792760381488,43.70681185972556,nan
1,1,1587,2793492975616,43.718276987179486,0.0
1,3,1585,2794224844656,43.72973076697716,nan
1,1,1588,2794953984000,43.74114182692308,0.0
1,3,1586,2795683505843,43.75255887299367,nan
1,1,1589,2796415080960,43.76400805288462,0.0
1,3,1587,2797824369558,43.7860634759052,nan
1,1,1590,2798554150912,43.797484583333336,0.0
1,3,1588,2799283025133,43.80889149409368,nan
1,1,1591,2800015310336,43.82035178685898,0.0
1,3,1589,2800747809319,43.83181542528984,nan
1,1,1592,2801481687040,43.84330064102564,0.0
1,3,1590,2802889428204,43.86533184664213,nan
1,1,1593,2803620804096,43.87677790865385,0.0
1,3,1591,2804353935417,43.88825144319975,nan
1,1,1594,2805087400448,43.89973020032051,0.0
1,3,1592,2805818592100,43.911173378968854,nan
1,1,1595,2806548329472,43.922593798076925,0.0
1,3,1593,2807278644413,43.93402325616299,nan
1,1,1596,2808009367552,43.9454591025641,0.0
1,3,1594,2808738899965,43.95687631405561,nan
1,1,1597,2809470871552,43.96833169871795,0.0
1,3,1595,2810204225326,43.97980871466221,nan
1,1,1598,2811610355712,44.001814711538465,0.0
1,3,1596,2812341143581,44.01325157096667,nan
1,1,1599,2813071684608,44.024684567307695,0.0
1,3,1597,2813800854893,44.0360961114815,nan
1,1,1600,2814533078528,44.04755544070513,0.0
1,3,1598,2815265951910,44.05902493849534,nan
1,1,1601,2816000017920,44.07051310096154,0.0
1,3,1599,2816731023320,44.08195336475862,nan
1,1,1602,2818134700032,44.10392096153846,0.0
1,3,1600,2818868785326,44.11540942580003,nan
1,1,1603,2819601498112,44.126876410256415,0.0
1,3,1601,2820334034409,44.13834063265287,nan
1,1,1604,2821068286464,44.14983170673077,0.0
1,3,1602,2821799790369,44.16127977215107,nan
1,1,1605,2822529606144,44.172701418269234,0.0
1,3,1603,2823260481126,44.184139641019385,nan
1,1,1606,2823990921728,44.19557106570513,0.0
1,3,1604,2824720653746,44.20699140102289,nan
1,1,1607,2826124562432,44.22896262820513,0.0
1,3,1605,2826857032347,44.24042581172063,nan
1,1,1608,2827591694848,44.251923309294874,0.0
1,3,1606,2828321770444,44.2633490216221,nan
1,1,1609,2829053018624,44.2747930849359,0.0
1,3,1607,2829786474759,44.28627170283391,nan
1,1,1610,2830519989248,44.29775123397436,0.0
1,3,1608,2831251105857,44.30919323819674,nan
1,1,1611,2832653817856,44.33114573717949,0.0
1,3,1609,2833382153514,44.3425442194073,nan
1,1,1612,2834115105792,44.35401495192308,0.0
1,3,1610,2834847149163,44.36547146000789,nan
1,1,1613,2835576483328,44.37688556891026,0.0
1,3,1611,2836306636213,44.388312490813426,nan
1,1,1614,2837037170688,44.399745384615386,0.0
1,3,1612,2837766075131,44.411152768351236,nan
1,1,1615,2839170326528,44.43312935897436,0.0
1,3,1613,2839903487988,44.44460336519682,nan
1,1,1616,2840637141504,44.456085072115386,0.0
1,3,1614,2841368908055,44.46753724795611,nan
1,1,1617,2842098068992,44.478948645833334,0.0
1,3,1615,2842828718179,44.49038333488269,nan
1,1,1618,2843558701568,44.501807604166665,0.0
1,3,1616,2844288291745,44.51322571966709,nan
1,1,1619,2845019535872,44.524669719551284,0.0
1,3,1617,2845752918745,44.53614719089606,nan
1,1,1620,2846485865472,44.547617836538464,0.0
1,3,1618,2847889668553,44.569587410998224,nan
1,1,1621,2848619411456,44.58100791666667,0.0
1,3,1619,2849349042435,44.59242667072003,nan
1,1,1622,2850080500224,44.60387401442308,0.0
1,3,1620,2850813908548,44.61535188407702,nan
1,1,1623,2852219678720,44.637352243589746,0.0
1,3,1621,2852951046947,44.648798185643905,nan
1,1,1624,2853680543744,44.66021483974359,0.0
1,3,1622,2854410468462,44.67163819082407,nan
1,1,1625,2855141709312,44.68308213942308,0.0
1,3,1623,2855875009434,44.69455831571139,nan
1,1,1626,2856608116224,44.706031466346154,0.0
1,3,1624,2857339342537,44.717475187440535,nan
1,1,1627,2858069041152,44.728895,0.0
1,3,1625,2859475486635,44.750905928156925,nan
1,1,1628,2860208125440,44.762371754807695,0.0
1,3,1626,2860940378847,44.77383154996432,nan
1,1,1629,2861675291136,44.78533295673077,0.0
1,3,1627,2862405576214,44.796761947459686,nan
1,1,1630,2863136647168,44.80820323717949,0.0
1,3,1628,2863864981336,44.819601696088746,nan
1,1,1631,2864597642752,44.83106787660257,0.0
1,3,1629,2865334876286,44.842605610946265,nan
1,1,1632,2866737119744,44.86455077724359,0.0
1,3,1630,2867465179510,44.875944941750554,nan
1,1,1633,2868198603264,44.887423052884614,0.0
1,3,1631,2868929040043,44.89885441774026,nan
1,1,1634,2869660089344,44.91029536858974,0.0
1,3,1632,2870393024998,44.92176584093925,nan
1,1,1635,2871126820352,44.933249767628205,0.0
1,3,1633,2871862420228,44.94476193515875,nan
1,1,1636,2873266180608,44.966730841346156,0.0
1,3,1634,2873997658604,44.97817850128956,nan
1,1,1637,2874727221760,44.98959619391026,0.0
1,3,1635,2875456323369,45.00100666330191,nan
1,1,1638,2876188461056,45.0124646474359,0.0
1,3,1636,2876920623211,45.02392301449507,nan
1,1,1639,2877655367680,45.035421794871795,0.0
1,3,1637,2879061843255,45.05743319396973,nan
1,1,1640,2879794412032,45.06889792467949,0.0
1,3,1638,2880526059637,45.08034823901054,nan
1,1,1641,2881255381504,45.09176215544872,0.0
1,3,1639,2881985097661,45.103182242541195,nan
1,1,1642,2882716241920,45.11462467948718,0.0
1,3,1640,2883449798373,45.12610486736591,nan
1,1,1643,2884855144448,45.14809858974359,0.0
1,3,1641,2885586128353,45.159538517143055,nan
1,1,1644,2886316187648,45.170963974358976,0.0
1,3,1642,2887045291299,45.18237447570801,nan
1,1,1645,2887777436160,45.19383257211538,0.0
1,3,1643,2889186800646,45.215889182786206,nan
1,1,1646,2889916596736,45.227310520833335,0.0
1,3,1644,2890645784889,45.238722344642056,nan
1,1,1647,2891377958912,45.2501808974359,0.0
1,3,1645,2892110140533,45.26163956913875,nan
1,1,1648,2892844595712,45.27313382211538,0.0
1,3,1646,2893579835279,45.28464035079565,nan
1,1,1649,2894982928896,45.30659882211538,0.0
1,3,1647,2895715495546,45.31806351953751,nan
1,1,1650,2896449424896,45.32954954326923,0.0
1,3,1648,2897179645890,45.34097753108098,nan
1,1,1651,2897910212096,45.35241092147436,0.0
1,3,1649,2898638761221,45.36381274446928,nan
1,1,1652,2899370962944,45.375271730769235,0.0
1,3,1650,2900775750131,45.39725670652732,nan
1,1,1653,2901510118912,45.408749607371796,0.0
1,3,1651,2902240363291,45.42017796115973,nan
1,1,1654,2902971454464,45.43161956730769,0.0
1,3,1652,2903704903758,45.443098078143784,nan
1,1,1655,2904438285312,45.454575528846156,0.0
1,3,1653,2905169722254,45.46602254629282,nan
1,1,1656,2905899636224,45.47744572916667,0.0
1,3,1654,2906629013706,45.48886051598182,nan
1,1,1657,2907361142272,45.500318357371796,0.0
1,3,1655,2908765706175,45.52229983872634,nan
1,1,1658,2909495124480,45.53371526442308,0.0
1,3,1656,2910225308430,45.54514267249474,nan
1,1,1659,2910956470784,45.55658539262821,0.0
1,3,1657,2911690040897,45.56806579428648,nan
1,1,1660,2913096378368,45.59007503205128,0.0
1,3,1658,2913826863400,45.60150715206831,nan
1,1,1661,2914558097408,45.61295099358974,0.0
1,3,1659,2915286376563,45.624348591543345,nan
1,1,1662,2916019611136,45.63582374198718,0.0
1,3,1660,2916751542690,45.64727850013146,nan
1,1,1663,2917480908800,45.65869310897436,0.0
1,3,1661,2918211291885,45.67012363351675,nan
1,1,1664,2919614300672,45.69208077724359,0.0
1,3,1662,2920343485431,45.70349254793607,nan
1,1,1665,2921075237376,45.714944495192306,0.0
1,3,1663,2921808362276,45.7264179292493,nan
1,1,1666,2922542287360,45.73790388621795,0.0
1,3,1664,2923273274958,45.74934387141301,nan
1,1,1667,2924676712960,45.771307732371795,0.0
1,3,1665,2925405146451,45.78270774568998,nan
1,1,1668,2926137946112,45.794176089743594,0.0
1,3,1666,2926870525580,45.80564098776793,nan
1,1,1669,2927604527616,45.81712814903846,0.0
1,3,1667,2928336102323,45.8285773225129,nan
1,1,1670,2929737762304,45.850513357371796,0.0
1,3,1668,2930469034682,45.861957799385266,nan
1,1,1671,2931198578176,45.87337518429487,0.0
1,3,1669,2931929260030,45.884810384584085,nan
1,1,1672,2932660079616,45.89624774038462,0.0
1,3,1670,2933390113589,45.90767280131022,nan
1,1,1673,2934121491456,45.91911889423077,0.0
1,3,1671,2934850890379,45.930534016598436,nan
1,1,1674,2935583176192,45.94199431891026,0.0
1,3,1672,2936316572607,45.95347200218788,nan
1,1,1675,2937050141696,45.96495238782052,0.0
1,3,1673,2938458987139,45.98700087544759,nan
1,1,1676,2939190464000,45.998448517628205,0.0
1,3,1674,2939924109762,46.00993010319637,nan
1,1,1677,2940657888768,46.021413774038464,0.0
1,3,1675,2942066397319,46.043456989292245,nan
1,1,1678,2942797562880,46.05489975961539,0.0
1,3,1676,2943531248051,46.066381961935974,nan
1,1,1679,2944264398336,46.07785579326923,0.0
1,3,1677,2944996210926,46.08930868962214,nan
1,1,1680,2945725882880,46.1007280849359,0.0
1,3,1678,2946455304264,46.11214355881911,nan
1,1,1681,2947187633664,46.12360454326923,0.0
1,3,1679,2947919410037,46.13505687282465,nan
1,1,1682,2949322273280,46.15701173878205,0.0
1,3,1680,2950055643239,46.16848900802221,nan
1,1,1683,2950789893632,46.17998005608975,0.0
1,3,1681,2951520166298,46.19140885257036,nan
1,1,1684,2952251824640,46.2028593349359,0.0
1,3,1682,2952985028816,46.214334009665464,nan
1,1,1685,2953719287808,46.225825192307695,0.0
1,3,1683,2955122400173,46.24778395703438,nan
1,1,1686,2955853455872,46.25922500801282,0.0
1,3,1684,2956581980416,46.270626446314104,nan
1,1,1687,2957315105792,46.282099887820515,0.0
1,3,1685,2958047209531,46.29355734066694,nan
1,1,1688,2959454451200,46.31558072916667,0.0
1,3,1686,2960184293673,46.3270027931096,nan
1,1,1689,2960915833856,46.338451426282056,0.0
1,3,1687,2961648992349,46.34992538607084,nan
1,1,1690,2962382619648,46.36140668269231,0.0
1,3,1688,2963113825166,46.3728500783441,nan
1,1,1691,2964516479488,46.39480167467949,0.0
1,3,1689,2965245744273,46.406214697782076,nan
1,1,1692,2965977783296,46.41767113782051,0.0
1,3,1690,2966711203278,46.429149189922626,nan
1,1,1693,2967444845056,46.440630713141026,0.0
1,3,1691,2968176693505,46.45208417068873,nan
1,1,1694,2969580040192,46.4740466025641,0.0
1,3,1692,2970309001212,46.48545487173227,nan
1,1,1695,2971041731584,46.49692213141026,0.0
1,3,1693,2971774694184,46.50839302546574,nan
1,1,1696,2972509038592,46.5198855448718,0.0
1,3,1694,2973240734303,46.531336612063676,nan
1,1,1697,2973970751488,46.54276141025641,0.0
1,3,1695,2974701193640,46.55419285919972,nan
1,1,1698,2976105170944,46.57616516025641,0.0
1,3,1696,2976838697614,46.58764488203,nan
1,1,1699,2977572407808,46.59912747596154,0.0
1,3,1697,2978303943105,46.61057603266789,nan
1,1,1700,2979033657856,46.62199609775641,0.0
1,3,1698,2979763892509,46.633424299332056,nan
1,1,1701,2980494945792,46.6448653125,0.0
1,1,1702,2981935202304,46.667405384615385,0.0
1,3,1700,2982666635273,46.67885233988444,nan
1,1,1703,2984069062144,46.700800376602565,0.0
1,3,1701,2984797646075,46.712202744312776,nan
1,1,1704,2985530403840,46.72367043269231,0.0
1,3,1702,2986262329904,46.73512510491787,nan
1,1,1705,2986991894528,46.74654282051282,0.0
1,3,1703,2987721870732,46.757966977351266,nan
1,1,1706,2988452872192,46.76940717948718,0.0
1,3,1704,2989853587608,46.791328431865985,nan
1,1,1707,2990586207744,46.80279396634616,0.0
1,3,1705,2991318856660,46.814259951234476,nan
1,1,1708,2992052649472,46.82574383814103,0.0
1,3,1706,2992784254211,46.83719348161746,nan
1,1,1709,2993513906688,46.848612572115385,0.0
1,3,1707,2994243794522,46.86003534595979,nan
1,1,1710,2994975473152,46.87148614583334,0.0
1,3,1708,2996381307721,46.89348751316169,nan
1,1,1711,2997115532800,46.9049781650641,0.0
1,3,1709,2997846389893,46.91641610785069,nan
1,1,1712,2998577079808,46.92785143429487,0.0
1,3,1710,2999305845191,46.93925664173615,nan
1,1,1713,3000038303744,46.950719647435896,0.0
1,3,1711,3000770992391,46.96218625411596,nan
1,1,1714,3001505007104,46.973673613782054,0.0
1,3,1712,3002907646959,46.99562498370831,nan
1,1,1715,3003638839296,47.007068173076924,0.0
1,3,1713,3004372371248,47.018547977514025,nan
1,1,1716,3005105546752,47.03002220352564,0.0
1,3,1714,3005837171814,47.04147216505785,nan
1,1,1717,3006566824960,47.05289126602564,0.0
1,3,1715,3007296945081,47.0643176751709,nan
1,1,1718,3008701360128,47.086296826923075,0.0
1,3,1716,3009434107574,47.09776435380985,nan
1,1,1719,3010168557056,47.109258517628206,0.0
1,3,1717,3010899222000,47.120693453275244,nan
1,1,1720,3011629749760,47.13212624198718,0.0
1,3,1718,3012358570297,47.14353231259077,nan
1,1,1721,3013090998272,47.154994839743594,0.0
1,3,1719,3013823583870,47.166459833702675,nan
1,1,1722,3014557720064,47.17794909455128,0.0
1,3,1720,3015960345964,47.19990024608123,nan
1,1,1723,3016691337216,47.21134028846154,0.0
1,3,1721,3017425070761,47.22282324783716,nan
1,1,1724,3018157911552,47.23429223557692,0.0
1,3,1722,3018889775593,47.24574593714005,nan
1,1,1725,3019618807808,47.25715532051282,0.0
1,3,1723,3020349203245,47.26858603836451,nan
1,1,1726,3021080231424,47.280026658653846,0.0
1,3,1724,3021808843402,47.29142946530073,nan
1,1,1727,3023214311424,47.31342509615385,0.0
1,3,1725,3023946085763,47.32487739387708,nan
1,1,1728,3024675784192,47.33629720352564,0.0
1,3,1726,3025406062801,47.34772609301445,nan
1,1,1729,3026137288192,47.35916979967949,0.0
1,3,1727,3026866750507,47.370585914134494,nan
1,1,1730,3027598563840,47.38203882211538,0.0
1,3,1728,3028333013343,47.39353298626239,nan
1,1,1731,3029738524672,47.415529294871796,0.0
1,3,1729,3030470792795,47.426989320334414,nan
1,1,1732,3031205300736,47.438484399038465,0.0
1,3,1730,3031935871879,47.44991786669609,nan
1,1,1733,3032666496000,47.46135216346154,0.0
1,3,1731,3033395356894,47.472758865653795,nan
1,1,1734,3034127377408,47.484215016025644,0.0
1,3,1732,3035532507095,47.50620535192245,nan
1,1,1735,3036266263552,47.517688669871795,0.0
1,3,1733,3036997918473,47.52913909869854,nan
1,1,1736,3037727428608,47.540555961538466,0.0
1,3,1734,3038457310832,47.55197864758614,nan
1,1,1737,3039188644352,47.56342404647436,0.0
1,3,1735,3040599497536,47.58550395532853,nan
1,1,1738,3041333216256,47.59698668269231,0.0
1,3,1736,3042064518797,47.60843159675794,nan
1,1,1739,3042794101760,47.61984959935898,0.0
1,3,1737,3043524368860,47.631278308731474,nan
1,1,1740,3044255005184,47.64271279647436,0.0
1,3,1738,3045656540907,47.66464688669058,nan
1,1,1741,3046388570624,47.67610318108974,0.0
1,3,1739,3047122228772,47.6875849604993,nan
1,1,1742,3047854822400,47.69905008012821,0.0
1,3,1740,3048588020061,47.71052465289776,nan
1,1,1743,3049321036800,47.72199639423077,0.0
1,3,1741,3050725629015,47.74397831866925,nan
1,1,1744,3051454873600,47.755391025641025,0.0
1,3,1742,3052184903591,47.76681602424817,nan
1,1,1745,3052915515904,47.77825013621795,0.0
1,3,1743,3053644089091,47.78965233578413,nan
1,1,1746,3054376265216,47.80111092147436,0.0
1,3,1744,3055108951622,47.812577493082685,nan
1,1,1747,3055842667520,47.82406017628205,0.0
1,3,1745,3056573916038,47.83550424488557,nan
1,1,1748,3057975713280,47.857442427884614,0.0
1,3,1746,3058705518224,47.868863904497196,nan
1,1,1749,3059436723200,47.88030729166667,0.0
1,3,1747,3060165854190,47.89171822087215,nan
1,1,1750,3060897602048,47.90317010416667,0.0
1,3,1748,3061631264556,47.9146519518104,nan
1,1,1751,3062364335616,47.92612454326923,0.0
1,3,1749,3063769346075,47.948113013243066,nan
1,1,1752,3064503630336,47.95960459134616,0.0
1,3,1750,3065234565976,47.97104376339644,nan
1,1,1753,3065965215744,47.98247846153846,0.0
1,3,1751,3066693980348,47.99388365678836,nan
1,1,1754,3067426621440,48.00534951923077,0.0
1,3,1752,3068159104504,48.01681290852865,nan
1,1,1755,3069565807616,48.03882786858974,0.0
1,3,1753,3070296249059,48.05025930643718,nan
1,1,1756,3071027129856,48.06169762019231,0.0
1,3,1754,3071755872846,48.073102477182246,nan
1,1,1757,3072488496128,48.08456806089744,0.0
1,3,1755,3073220995961,48.09603171263083,nan
1,1,1758,3073955482624,48.10752645833333,0.0
1,3,1756,3074686083245,48.11896038732284,nan
1,1,1759,3075416714240,48.13039479166667,0.0
1,3,1757,3076146337292,48.141813421662164,nan
1,1,1760,3076877813760,48.15326105769231,0.0
1,3,1758,3078284245759,48.1752717748241,nan
1,1,1761,3079689218048,48.1972596474359,0.0
1,3,1759,3080422051845,48.20872852571928,nan
1,1,1762,3081155957248,48.22021417467949,0.0
1,3,1760,3081888024379,48.23167105460925,nan
1,1,1763,3082622608384,48.24316732371795,0.0
1,3,1761,3083353917038,48.25461233345227,nan
1,1,1764,3084083979264,48.266037836538466,0.0
1,3,1762,3084814632891,48.277472595073995,nan
1,1,1765,3085544932352,48.288901810897435,0.0
1,3,1763,3086274720023,48.30032301718688,nan
1,1,1766,3087006190080,48.31177055288462,0.0
1,3,1764,3088407116324,48.33369510473007,nan
1,1,1767,3089139514368,48.34515716346154,0.0
1,3,1765,3089872720228,48.356631864545776,nan
1,1,1768,3090606153216,48.368110120192306,0.0
1,3,1766,3091338258079,48.379567590629385,nan
1,1,1769,3092072871424,48.39106431891026,0.0
1,3,1767,3092803228643,48.402494438648716,nan
1,1,1770,3093533696000,48.413926282051285,0.0
1,3,1768,3094934573820,48.4358500760592,nan
1,1,1771,3095668466176,48.447335520833334,0.0
1,1,1772,3095716677632,48.44809003205128,0.0
1,3,1769,3096452578603,48.459606911730646,nan
1,1,1773,3097185245696,48.47107318108974,0.0
1,3,1770,3097917791860,48.48253755790515,nan
1,1,1774,3098651622400,48.494022035256414,0.0
1,3,1771,3099382720454,48.5054637490923,nan
1,1,1775,3100112518144,48.51688511217949,0.0
1,3,1772,3100842403599,48.528307848792444,nan
1,1,1776,3101573776384,48.53975386217949,0.0
1,3,1773,3102307680325,48.55123948825934,nan
1,1,1777,3103713254912,48.57323678685898,0.0
1,3,1774,3104444277579,48.58467732088529,nan
1,1,1778,3105174496768,48.59610528044872,0.0
1,3,1775,3105903517860,48.607514489746094,nan
1,1,1779,3106636104192,48.618979495192306,0.0
1,3,1776,3107368579556,48.630442763984874,nan
1,1,1780,3108776106496,48.65247061698718,0.0
1,3,1777,3109506542806,48.663901974502956,nan
1,1,1781,3110237747712,48.67534536057693,0.0
1,3,1778,3110966790705,48.68675491262583,nan
1,1,1782,3111699224064,48.69821752403846,0.0
1,3,1779,3112432588130,48.70969470105294,nan
1,1,1783,3113165921280,48.72117139423077,0.0
1,3,1780,3113897950369,48.73262767880171,nan
1,1,1784,3114632312832,48.74412048076923,0.0
1,3,1781,3116035307926,48.76607741020007,nan
1,1,1785,3116765623296,48.777506875,0.0
1,3,1782,3117494989559,48.788921486237356,nan
1,1,1786,3118226342400,48.8003671875,0.0
1,3,1783,3118955120193,48.81177258915828,nan
1,1,1787,3119686986240,48.82322632211539,0.0
1,3,1784,3121092302126,48.845219572034004,nan
1,1,1788,3121824876032,48.85668438301282,0.0
1,3,1785,3122557569159,48.868151059805065,nan
1,1,1789,3123291166720,48.879631891025646,0.0
1,3,1786,3124022525893,48.89107769138434,nan
1,1,1790,3124751939072,48.90249303685898,0.0
1,3,1787,3125481882899,48.91391668699607,nan
1,1,1791,3126212615168,48.92535267628205,0.0
1,3,1788,3127618309133,48.94735184315217,nan
1,1,1792,3128350976512,48.95881811698718,0.0
1,3,1789,3129083759952,48.970286207181495,nan
1,1,1793,3129817390080,48.981767548076924,0.0
1,3,1790,3130548593291,48.993210907624075,nan
1,1,1794,3131278362112,49.004631818910255,0.0
1,3,1791,3132007980516,49.016050376164365,nan
1,1,1795,3133411870720,49.038021314102565,0.0
1,3,1792,3134145049822,49.04949559642303,nan
1,1,1796,3134878223872,49.06096979967949,0.0
1,3,1793,3135610092060,49.07242356614333,nan
1,1,1797,3136339371520,49.08383681891026,0.0
1,3,1794,3137069717372,49.09526676075471,nan
1,1,1798,3138473271296,49.117232435897435,0.0
1,3,1795,3139207158909,49.12871780644343,nan
1,1,1799,3139939906560,49.140185336538465,0.0
1,3,1796,3140672315315,49.151647562897516,nan
1,1,1800,3141406430720,49.163136498397435,0.0
1,3,1797,3142137238760,49.17457367350261,nan
1,1,1801,3142867830272,49.1860074599359,0.0
1,3,1798,3144269079539,49.20793706710424,nan
1,1,1802,3145001643008,49.21940171474359,0.0
1,3,1799,3145733917482,49.23086183959961,nan
1,1,1803,3146463161344,49.24227453525641,0.0
1,3,1800,3147193811607,49.25370924114521,nan
1,1,1804,3147924498432,49.26514451923077,0.0
1,3,1801,3148654072810,49.27656238747621,nan
1,1,1805,3149386089472,49.2880184775641,0.0
1,3,1802,3150119415584,49.29949506059695,nan
1,1,1806,3151525101056,49.321494094551284,0.0
1,3,1803,3152256697373,49.33294360622308,nan
1,1,1807,3152986027008,49.34435764423077,0.0
1,3,1804,3153716129665,49.35578378006373,nan
1,1,1808,3154446814720,49.367219030448716,0.0
1,3,1805,3155176036553,49.378631381350786,nan
1,1,1809,3155907718656,49.39008223557693,0.0
1,3,1806,3156641329155,49.40156326927772,nan
1,1,1810,3157374107648,49.413031282051286,0.0
1,3,1807,3158778389238,49.43500834519607,nan
1,1,1811,3159512671232,49.446499887820515,0.0
1,3,1808,3160243088958,49.45793095449594,nan
1,1,1812,3160973720576,49.46936536858974,0.0
1,3,1809,3161702304155,49.48076773079114,nan
1,1,1813,3162434592256,49.49222806891026,0.0
1,3,1810,3163167182551,49.50369313637758,nan
1,1,1814,3163901298688,49.515182083333336,0.0
1,3,1811,3164632408592,49.5266239826222,nan
1,1,1815,3165362227712,49.53804568108975,0.0
1,3,1812,3166091929447,49.54946554247734,nan
1,1,1816,3167495957504,49.57143863782051,0.0
1,3,1813,3168229011558,49.582910963134765,nan
1,1,1817,3168962207744,49.594385512820516,0.0
1,3,1814,3169694280095,49.605842474443484,nan
1,1,1818,3170428546048,49.617333766025645,0.0
1,3,1815,3171159960280,49.6287804280599,nan
1,1,1819,3171889694720,49.640200801282056,0.0
1,3,1816,3172619934249,49.65162907916729,nan
1,1,1820,3174023310848,49.673591979166666,0.0
1,3,1817,3174757113124,49.6850760141852,nan
1,1,1821,3175489649152,49.696540232371795,0.0
1,3,1818,3176222519394,49.70800968102088,nan
1,1,1822,3176956436992,49.719495520833334,0.0
1,3,1819,3177687979937,49.730944197231196,nan
1,1,1823,3178417411072,49.74235982371795,0.0
1,3,1820,3179147994356,49.753793481382715,nan
1,1,1824,3179878322176,49.76522314102564,0.0
1,3,1821,3181279710736,49.78715492813502,nan
1,1,1825,3182012406272,49.798621642628206,0.0
1,3,1822,3182744986431,49.810086551466725,nan
1,1,1826,3183478765056,49.82157021634615,0.0
1,3,1823,3184210818184,49.833026877128404,nan
1,1,1827,3184940196352,49.84444167467949,0.0
1,3,1824,3185670975447,49.855878396794246,nan
1,1,1828,3186401408512,49.86730970352564,0.0
1,3,1825,3187130494758,49.87871993248573,nan
1,1,1829,3188535177728,49.90070327724359,0.0
1,3,1826,3189266989103,49.91215615458171,nan
1,1,1830,3189996461568,49.923572427884615,0.0
1,3,1827,3190725999504,49.9349897258113,nan
1,1,1831,3191457495040,49.946437660256414,0.0
1,3,1828,3192190399687,49.95790764734513,nan
1,1,1832,3192923611136,49.96938243589744,0.0
1,3,1829,3194326951886,49.991344774858526,nan
1,1,1833,3195056624640,50.00276418269231,0.0
1,3,1830,3195786236190,50.01418263268104,nan
1,1,1834,3196517176832,50.025621883012825,0.0
1,3,1831,3197246079609,50.03702924067571,nan
1,1,1835,3198650203648,50.059003838141024,0.0
1,3,1832,3199383584113,50.07048127180051,nan
1,1,1836,3200116536320,50.08195200320513,0.0
1,3,1833,3200849018032,50.09341537134415,nan
1,1,1837,3201583055360,50.1049030849359,0.0
1,3,1834,3202314313707,50.11634730736366,nan
1,1,1838,3203043296768,50.12775592147436,0.0
1,3,1835,3203774169413,50.13919410765037,nan
1,1,1839,3204504207360,50.15061923076923,0.0
1,3,1836,3205233960102,50.16203989041842,nan
1,1,1840,3206637133824,50.183999615384614,0.0
1,3,1837,3207366170045,50.19540906145145,nan
1,1,1841,3208098136064,50.20686435897436,0.0
1,3,1838,3208831870206,50.21834732769306,nan
1,1,1842,3209564704768,50.229816217948716,0.0
1,3,1839,3210297671749,50.241287180567035,nan
1,1,1843,3211030580224,50.2527572275641,0.0
1,3,1840,3211763046274,50.2642203505922,nan
1,1,1844,3212496484352,50.27569868589744,0.0
1,3,1841,3213900449412,50.29767079533504,nan
1,1,1845,3214634945024,50.309165681089745,0.0
1,3,1842,3215365401011,50.32059734655136,nan
1,1,1846,3216095817728,50.3320283974359,0.0
1,3,1843,3216825147672,50.343442440279446,nan
1,1,1847,3217556644864,50.354890400641025,0.0
1,3,1844,3218290430562,50.36637417621319,nan
1,1,1848,3219023478784,50.37784641025641,0.0
1,3,1845,3220427888470,50.399825478108724,nan
1,1,1849,3221158036480,50.41125232371795,0.0
1,3,1846,3221887887032,50.42267451409756,nan
1,1,1850,3222620145152,50.434134383012825,0.0
1,3,1847,3223353236457,50.445607291306715,nan
1,1,1851,3224087184896,50.45709361378205,0.0
1,3,1848,3224818395962,50.46853709626027,nan
1,1,1852,3225548791808,50.47996782051282,0.0
1,3,1849,3226277755026,50.49137612407978,nan
1,1,1853,3227683575296,50.51337726762821,0.0
1,3,1850,3228413878689,50.524806544987605,nan
1,1,1854,3229145053696,50.536249463141026,0.0
1,3,1851,3229878656732,50.54773038004557,nan
1,1,1855,3230611824640,50.559204487179485,0.0
1,3,1852,3231343492644,50.57065512075571,nan
1,1,1856,3232072936448,50.582070945512825,0.0
1,3,1853,3232803203985,50.59349966172439,nan
1,1,1857,3234206899712,50.61546755608975,0.0
1,3,1854,3234940405388,50.626946949306394,nan
1,1,1858,3235673663488,50.63842246794872,0.0
1,3,1855,3236405656015,50.649878180322894,nan
1,1,1859,3237135052288,50.66129326121795,0.0
1,3,1856,3237865154348,50.672719387707836,nan
1,1,1860,3239268751360,50.69468573717949,0.0
1,3,1857,3240001984565,50.70616086621407,nan
1,1,1861,3240734779392,50.717629134615386,0.0
1,3,1858,3241466100084,50.729074332744894,nan
1,1,1862,3242195542528,50.74049013621795,0.0
1,3,1859,3242925256407,50.75191018765963,nan
1,1,1863,3243656081920,50.76334763621795,0.0
1,3,1860,3244384391234,50.774745706161106,nan
1,1,1864,3245116936704,50.78621007211539,0.0
1,3,1861,3245849293702,50.79767148847531,nan
1,1,1865,3246583033344,50.80915454326923,0.0
1,3,1862,3247986481797,50.83111856778658,nan
1,1,1866,3248715848704,50.84253318910257,0.0
1,3,1863,3249445991907,50.85395995948205,nan
1,1,1867,3250176729088,50.865396025641026,0.0
1,3,1864,3250905563957,50.87680232054099,nan
1,1,1868,3251637946368,50.88826413461538,0.0
1,3,1865,3252370545281,50.899729336954756,nan
1,1,1869,3253104356352,50.911213509615386,0.0
1,3,1866,3253835511244,50.92265611296825,nan
1,1,1870,3254565330944,50.93407782051282,0.0
1,3,1867,3255294929200,50.94549606244992,nan
1,1,1871,3256026125824,50.95693931891026,0.0
1,3,1868,3257436549664,50.97901250851363,nan
1,1,1872,3258170119680,50.99049290865385,0.0
1,3,1869,3258901160812,51.001933731658156,nan
1,1,1873,3259630612480,51.01334967948718,0.0
1,3,1870,3260360625853,51.02477441802196,nan
1,1,1874,3261091493888,51.03621253205128,0.0
1,3,1871,3261819517483,51.047606130480645,nan
1,1,1875,3262552620544,51.05907922275641,0.0
1,3,1872,3263284015475,51.070525582729246,nan
1,1,1876,3264685984768,51.092466458333334,0.0
1,3,1873,3265414701720,51.10387090782753,nan
1,1,1877,3266146489344,51.11532341346154,0.0
1,3,1874,3266879402976,51.12679354116587,nan
1,1,1878,3267612953600,51.13827363782051,0.0
1,3,1875,3269016184560,51.160234258563705,nan
1,1,1879,3269746473472,51.17166330929487,0.0
1,3,1876,3270475460180,51.18307198048127,nan
1,1,1880,3271207095808,51.194522107371796,0.0
1,3,1877,3271940171161,51.20599476601625,nan
1,1,1881,3272673423360,51.217470192307694,0.0
1,3,1878,3273404683490,51.22891444263947,nan
1,1,1882,3274134064640,51.24032928685897,0.0
1,3,1879,3274863497293,51.251744937102494,nan
1,1,1883,3275594896896,51.26319137019231,0.0
1,3,1880,3276328076686,51.27466566328,nan
1,1,1884,3277733796352,51.296665232371794,0.0
1,3,1881,3278465068702,51.308109673947065,nan
1,1,1885,3279195010560,51.31953329326923,0.0
1,3,1882,3279924865529,51.330955552775066,nan
1,1,1886,3280656140288,51.34240003205128,0.0
1,3,1883,3281384692069,51.35380189661271,nan
1,1,1887,3282117388288,51.365268621794876,0.0
1,3,1884,3282850090151,51.37673543530587,nan
1,1,1888,3283583862784,51.38821900641026,0.0
1,3,1885,3284315342829,51.3996666984206,nan
1,1,1889,3285044702208,51.411081201923075,0.0
1,3,1886,3286451657476,51.43310010823568,nan
1,1,1890,3287183681024,51.444556306089744,0.0
1,3,1887,3287916165198,51.456019712759165,nan
1,1,1891,3288650097152,51.46750577724359,0.0
1,3,1888,3289381070750,51.47894554333809,nan
1,1,1892,3290783384576,51.500891810897436,0.0
1,3,1889,3291512492229,51.51230237487793,nan
1,1,1893,3292244429824,51.523757227564104,0.0
1,3,1890,3292977634318,51.535231907270386,nan
1,1,1894,3293711100416,51.54671068108974,0.0
1,3,1891,3294442971991,51.558164500560274,nan
1,1,1895,3295172362752,51.56957949519231,0.0
1,3,1892,3295902398132,51.581004578137524,nan
1,1,1896,3296633662976,51.59244890224359,0.0
1,3,1893,3297362227236,51.603850962101866,nan
1,1,1897,3298094659584,51.61531355769231,0.0
1,3,1894,3299499300153,51.63729623887282,nan
1,1,1898,3300228596224,51.64870975160257,0.0
1,3,1895,3300959384209,51.660146612846184,nan
1,1,1899,3301690055168,51.671581642628205,0.0
1,3,1896,3302419127301,51.68299165071928,nan
1,1,1900,3303151260672,51.69444956730769,0.0
1,3,1897,3303884523333,51.70592515732985,nan
1,1,1901,3304617083392,51.71738975160257,0.0
1,3,1898,3305349661840,51.728854633663865,nan
1,1,1902,3306083609600,51.74034094551282,0.0
1,3,1899,3307486593961,51.76229770697178,nan
1,1,1903,3308217271808,51.77373284455128,0.0
1,3,1900,3308946280727,51.78514186334072,nan
1,1,1904,3309678144000,51.79659555288462,0.0
1,3,1901,3310411001436,51.80806480111929,nan
1,1,1905,3311816972800,51.83006830929487,0.0
1,3,1902,3312547596646,51.84150260175656,nan
1,1,1906,3313277875712,51.85293149839744,0.0
1,3,1903,3314007007955,51.864342447212415,nan
1,1,1907,3314738801152,51.875795040064105,0.0
1,3,1904,3315472473124,51.887277035819814,nan
1,1,1908,3316205250048,51.89874502403846,0.0
1,3,1905,3316937880436,51.910210718962844,nan
1,1,1909,3318344324608,51.93222162660257,0.0
1,3,1906,3319075366535,51.94366246204866,nan
1,1,1910,3319805167104,51.95508387019231,0.0
1,3,1907,3321207241641,51.97702639286922,nan
1,1,1911,3321937920512,51.98846154647436,0.0
1,3,1908,3322666924306,51.99987048505734,nan
1,1,1912,3323398807040,52.01132447916667,0.0
1,3,1909,3324132428905,52.02280569074582,nan
1,1,1913,3324864952320,52.034269711538464,0.0
1,3,1910,3325597999027,52.04574192187187,nan
1,1,1914,3326330908672,52.057211987179485,0.0
1,3,1911,3327063812336,52.06868195888422,nan
1,1,1915,3328469012480,52.0906733974359,0.0
1,3,1912,3329201818622,52.10214184291742,nan
1,1,1916,3329935334400,52.11362139423077,0.0
1,3,1913,3330667730253,52.125083418673,nan
1,1,1917,3331401940480,52.136573838141025,0.0
1,3,1914,3332805289573,52.158536307670396,nan
1,1,1918,3333535635968,52.16996625801282,0.0
1,3,1915,3334265216470,52.18138422209911,nan
1,1,1919,3334996646400,52.19283112980769,0.0
1,3,1916,3335730617621,52.20431780882224,nan
1,1,1920,3336463119872,52.21578149839744,0.0
1,3,1917,3337195831402,52.22724846319737,nan
1,1,1921,3337929619456,52.23873227564103,0.0
1,3,1918,3338660157377,52.250165223373024,nan
1,1,1922,3339390792704,52.26159969551282,0.0
1,3,1919,3340124505371,52.27308232814691,nan
1,1,1923,3341529142272,52.29506495192308,0.0
1,3,1920,3342260861992,52.30651639485677,nan
1,1,1924,3342995286528,52.31801016826923,0.0
1,3,1921,3343726054264,52.32944671261519,nan
1,1,1925,3344456193024,52.34087341346154,0.0
1,3,1922,3345185918693,52.35229364941719,nan
1,1,1926,3345916977152,52.363734743589745,0.0
1,3,1923,3346645872206,52.37514198038737,nan
1,1,1927,3347377420288,52.38659073717949,0.0
1,3,1924,3348783475044,52.40859555044321,nan
1,1,1928,3349516064256,52.42006060096154,0.0
1,3,1925,3350248983724,52.4315308199995,nan
1,1,1929,3350982270464,52.44300678685897,0.0
1,3,1926,3351714374143,52.454464238766406,nan
1,1,1930,3352448737792,52.46595705929487,0.0
1,3,1927,3353179861330,52.477399171956385,nan
1,1,1931,3353909720064,52.488821490384616,0.0
1,3,1928,3355311127691,52.510753575893304,nan
1,1,1932,3356043089920,52.52220881410256,0.0
1,3,1929,3356776303070,52.53368362927559,nan
1,1,1933,3357509366272,52.54515609775641,0.0
1,3,1930,3358241554223,52.556614868524015,nan
1,1,1934,3358975806464,52.56810594551282,0.0
1,3,1931,3360378772031,52.59006241284493,nan
1,1,1935,3361109506048,52.60149842948718,0.0
1,3,1932,3361838560700,52.612908163999904,nan
1,1,1936,3362570635776,52.62436516826923,0.0
1,3,1933,3363303768327,52.63583872206468,nan
1,1,1937,3364037157888,52.64731629807692,0.0
1,3,1934,3364768861273,52.658767485367214,nan
1,1,1938,3365498016256,52.67017879006411,0.0
1,3,1935,3366228924872,52.681617539187705,nan
1,1,1939,3366958709760,52.69303870192308,0.0
1,3,1936,3368361307376,52.71498941080729,nan
1,1,1940,3369092032000,52.72642528044872,0.0
1,3,1937,3369821607515,52.73784316648826,nan
1,1,1941,3370552791040,52.74928621794872,0.0
1,3,1938,3371281882050,52.7606965214656,nan
1,1,1942,3372013926400,52.7721530448718,0.0
1,3,1939,3373419260128,52.794146574018434,nan
1,1,1943,3374153233920,52.80563329326923,0.0
1,3,1940,3374884516929,52.81707790165828,nan
1,1,1944,3375614458368,52.82850151442308,0.0
1,3,1941,3376344493990,52.839926601155604,nan
1,1,1945,3377748372480,52.86189735576923,0.0
1,3,1942,3378481728686,52.87337440977439,nan
1,1,1946,3379215088640,52.8848515224359,0.0
1,3,1943,3379946585615,52.89629947940142,nan
1,1,1947,3380676447232,52.90772184294872,0.0
1,3,1944,3381406655864,52.91914963729467,nan
1,1,1948,3382137461248,52.93058677083334,0.0
1,3,1945,3382866417380,52.94199496350411,nan
1,1,1949,3383598632960,52.95345416666667,0.0
1,3,1946,3384331546176,52.964924287860576,nan
1,1,1950,3385065249792,52.976406778846155,0.0
1,3,1947,3386468529504,52.9983681625601,nan
1,1,1951,3387198338048,53.00978969551282,0.0
1,3,1948,3387928314581,53.02121385750013,nan
1,1,1952,3388659318272,53.03265409455128,0.0
1,3,1949,3390060704250,53.054585841252255,nan
1,1,1953,3390792412160,53.06603709935898,0.0
1,3,1950,3391526208846,53.07752104689378,nan
1,1,1954,3392259001856,53.088989286858975,0.0
1,3,1951,3392991414450,53.10045157329853,nan
1,1,1955,3393725692928,53.11194306089744,0.0
1,3,1952,3394456621562,53.123382123303536,nan
1,1,1956,3395187436544,53.13481940705128,0.0
1,3,1953,3395916738926,53.14623301854843,nan
1,1,1957,3397321460736,53.168216971153846,0.0
1,3,1954,3398054396047,53.179687438135396,nan
1,1,1958,3398788203008,53.19117154647436,0.0
1,3,1955,3399519224805,53.202612066885145,nan
1,1,1959,3400249618944,53.21404276442308,0.0
1,3,1956,3400978390342,53.22544806599935,nan
1,1,1960,3402383631360,53.24744014423077,0.0
1,3,1957,3403116005479,53.25890182853503,nan
1,1,1961,3403850513408,53.270396907051285,0.0
1,3,1958,3404581533632,53.28183740284455,nan
1,1,1962,3405311342080,53.293258934294876,0.0
1,3,1959,3406041272113,53.30468236855531,nan
1,1,1963,3406772390912,53.316124407051284,0.0
1,3,1960,3407500737178,53.327523055294726,nan
1,1,1964,3408233127424,53.33898499198718,0.0
1,3,1961,3409637402560,53.3609619541266,nan
1,1,1965,3410366668800,53.372375,0.0
1,3,1962,3411096891192,53.3838030096905,nan
1,1,1966,3411827470336,53.395236602564104,0.0
1,3,1963,3412556308126,53.406642943177836,nan
1,1,1967,3413288719872,53.418105216346156,0.0
1,3,1964,3414020674033,53.42956032829089,nan
1,1,1968,3414750033408,53.44097483173077,0.0
1,3,1965,3415479775086,53.452395318227914,nan
1,1,1969,3416210605568,53.463832844551284,0.0
1,3,1966,3417621016178,53.48590582710462,nan
1,1,1970,3418354897408,53.49739109775641,0.0
1,3,1967,3419085778380,53.5088294142503,nan
1,1,1971,3419815937024,53.52025642628205,0.0
1,3,1968,3420545049903,53.53166707204966,nan
1,1,1972,3421276646400,53.54311658653846,0.0
1,3,1969,3422009813136,53.55459067533053,nan
1,1,1973,3422742881792,53.566063229166666,0.0
1,3,1970,3423475125235,53.577522868386296,nan
1,1,1974,3424881406976,53.59953123397436,0.0
1,3,1971,3425613101824,53.610982287660256,nan
1,1,1975,3426342324224,53.6223946474359,0.0
1,3,1972,3427073761389,53.633841668372526,nan
1,1,1976,3427803264512,53.64525842147436,0.0
1,3,1973,3428533891562,53.65669276407878,nan
1,1,1977,3429264153088,53.66812138621795,0.0
1,3,1974,3429993907022,53.67954206452199,nan
1,1,1978,3431397959168,53.70151553685898,0.0
1,3,1975,3432131935868,53.713002301620094,nan
1,1,1979,3432864337920,53.724464423076924,0.0
1,3,1976,3433597597117,53.73593995888734,nan
1,1,1980,3434330258944,53.74740614583334,0.0
1,3,1977,3435062884634,53.75887176723383,nan
1,1,1981,3435796888064,53.770358950320514,0.0
1,3,1978,3436527899766,53.78179931274414,nan
1,1,1982,3437930594816,53.80375154647436,0.0
1,3,1979,3438659125691,53.815153083856046,nan
1,1,1983,3439391843328,53.82662014423077,0.0
1,3,1980,3440123579144,53.83807183906751,nan
1,1,1984,3440852736512,53.849483181089745,0.0
1,3,1981,3441582704762,53.86090721344777,nan
1,1,1985,3442314113024,53.872353782051285,0.0
1,3,1982,3443047862234,53.88383698658479,nan
1,1,1986,3444453343744,53.90583282852564,0.0
1,3,1983,3445185110269,53.91728500395946,nan
1,1,1987,3445914448384,53.92869917467949,0.0
1,3,1984,3446644732019,53.940128142825394,nan
1,1,1988,3447375050240,53.951557652243594,0.0
1,3,1985,3448781519255,53.97356894867726,nan
1,1,1989,3449513827840,53.9850296073718,0.0
1,3,1986,3450246336237,53.99649339313214,nan
1,1,1990,3450980116480,54.00797708333334,0.0
1,3,1987,3451711761984,54.01942736478365,nan
1,1,1991,3452440939520,54.0308390224359,0.0
1,3,1988,3453171746240,54.042276176883014,nan
1,1,1992,3453901707776,54.053700104166666,0.0
1,3,1989,3454631823152,54.065126439052484,nan
1,1,1993,3455362901504,54.076567844551285,0.0
1,3,1990,3456091691682,54.087973440035306,nan
1,1,1994,3457496737280,54.1099624599359,0.0
1,3,1991,3458228748225,54.12141846055251,nan
1,1,1995,3458962795520,54.13290633012821,0.0
1,3,1992,3459693919524,54.14434845008263,nan
1,1,1996,3460423313920,54.155763501602564,0.0
1,3,1993,3461153018011,54.167183399861656,nan
1,1,1997,3461883672064,54.1786181650641,0.0
1,3,1994,3463284105688,54.20053500738682,nan
1,1,1998,3464017071104,54.21200594551282,0.0
1,3,1995,3464749698856,54.223471599183696,nan
1,1,1999,3465483795968,54.234960248397435,0.0
1,3,1996,3466215160967,54.24640613993327,nan
1,1,2000,3466945016320,54.25782840544872,0.0
1,3,1997,3467675187719,54.26925561709673,nan
1,1,2001,3468406276608,54.2806971875,0.0
1,3,1998,3469135014257,54.29210196090307,nan
1,1,2002,3469866897920,54.30355596955128,0.0
1,3,1999,3471271827096,54.32554316744291,nan
1,1,2003,3472006085632,54.33703434294872,0.0
1,3,2000,3472737297904,54.34847784430088,nan
1,1,2004,3473467141120,54.35989991987179,0.0
1,3,2001,3474197449058,54.371329268360626,nan
1,1,2005,3474928126976,54.38276440705128,0.0
1,3,2002,3475657747658,54.39418299995618,nan
1,1,2006,3476388330496,54.40561665064103,0.0
1,3,2003,3477117841984,54.41703353465545,nan
1,1,2007,3477848791040,54.42847291666667,0.0
1,3,2004,3479250668921,54.4504123616693,nan
1,1,2008,3479981783040,54.46185432692308,0.0
1,3,2005,3480710936799,54.47326561246432,nan
1,1,2009,3481441822720,54.48470400641026,0.0
1,3,2006,3482171019357,54.49611596299392,nan
1,1,2010,3482902220800,54.5075592948718,0.0
1,3,2007,3483630960588,54.5189641017503,nan
1,1,2011,3484362515968,54.53041297275641,0.0
1,3,2008,3485096537891,54.541900445259294,nan
1,1,2012,3485828611072,54.553357419871794,0.0
1,3,2009,3487234487368,54.57535944022937,nan
1,1,2013,3487967173632,54.586826009615386,0.0
1,3,2010,3488699908002,54.59829333186223,nan
1,1,2014,3489433386496,54.60977229967949,0.0
1,3,2011,3490165086975,54.62122344149076,nan
1,1,2015,3490894435328,54.6326377724359,0.0
1,3,2012,3491624661613,54.64406584305201,nan
1,1,2016,3493028217344,54.66603154647436,0.0
1,3,2013,3493761693588,54.677510479079025,nan
1,1,2017,3494495079936,54.68898800480769,0.0
1,3,2014,3495227162341,54.70044512377617,nan
1,1,2018,3495961631744,54.71193959935898,0.0
1,3,2015,3496692416068,54.723376403307796,nan
1,1,2019,3497422361088,54.734800072115384,0.0
1,3,2016,3498151873464,54.74621697002704,nan
1,1,2020,3499555716096,54.76818716346154,0.0
1,3,2017,3500288969959,54.77966261579465,nan
1,1,2021,3501021782528,54.79113116185898,0.0
1,3,2018,3501754205241,54.80259360666128,nan
1,1,2022,3502487946752,54.81407669070513,0.0
1,3,2019,3503219972507,54.825532923098834,nan
1,1,2023,3503954460672,54.83702769230769,0.0
1,3,2020,3504685530865,54.848468970117814,nan
1,1,2024,3505415317504,54.85989016025641,0.0
1,3,2021,3506145384550,54.87131573877579,nan
1,1,2025,3506876383232,54.8827558974359,0.0
1,3,2022,3507605479386,54.894166281456584,nan
1,1,2026,3509009836032,54.91614451923077,0.0
1,3,2023,3509743312111,54.92762344925318,nan
1,1,2027,3510476067328,54.93909109775641,0.0
1,3,2024,3511208841306,54.95055903987004,nan
1,1,2028,3511942189568,54.96203596955128,0.0
1,3,2025,3512674067906,54.973489894863036,nan
1,1,2029,3513408531456,54.984984278846156,0.0
1,3,2026,3514139049739,54.99641691924266,nan
1,1,2030,3514869246976,55.00784453525641,0.0
1,3,2027,3515598730891,55.01926098775228,nan
1,1,2031,3517002026496,55.04122262019231,0.0
1,3,2028,3517730933198,55.0526300392816,nan
1,1,2032,3518462546944,55.064079823717954,0.0
1,3,2029,3519196413730,55.07556486832056,nan
1,1,2033,3519928837120,55.08702732371795,0.0
1,3,2030,3520661679742,55.09849634011293,nan
1,1,2034,3521395109376,55.10997454326923,0.0
1,3,2031,3522126921697,55.121427435412286,nan
1,1,2035,3522861509632,55.13292376602564,0.0
1,3,2032,3523592449844,55.14436300962791,nan
1,1,2036,3524322076160,55.15578169070513,0.0
1,3,2033,3525051949760,55.16720424178686,nan
1,1,2037,3526455471616,55.18916941506411,0.0
1,3,2034,3527189582308,55.20065827680539,nan
